PROVIDER_ID,std_MORT_30_AMI,std_MORT_30_CABG,std_MORT_30_COPD,std_MORT_30_HF,std_MORT_30_PN,std_MORT_30_STK,std_PSI_4_SURG_COMP,C1,C2,C3,C4,C5,C6,C7,total_cnt,measure_wt,score_before_std,Mean,StdDev,grp_score
010001,1.4059231766,-1.04536983,1.0114961383,0.6509042552,-0.31537481,0.0237662145,-0.732077156,1,1,1,1,1,1,1,7,0.1428571429,0.1427525699,-0.073484,0.730255,0.2961102941
010005,-1.492797935,,0.1503091721,-0.366856715,-1.766289321,-0.083024918,-0.57602094,1,0,1,1,1,1,1,6,0.1666666667,-0.689113443,-0.073484,0.730255,-0.843034003
010006,-3.138018026,-2.730471876,-0.51214234,-0.135547404,-0.626285062,-0.243211617,-1.004318083,1,1,1,1,1,1,1,7,0.1428571429,-1.19857063,-0.073484,0.730255,-1.5406767
010007,,,-2.698232332,-1.014522787,-3.804478754,,,0,0,1,1,1,0,0,3,0.3333333333,-2.505744624,-0.073484,0.730255,-3.330700307
010008,,,,,-0.419011561,,,0,0,0,0,1,0,0,1,1,-0.419011561,-0.073484,0.730255,-0.473160713
010011,-0.1609531,1.0008255125,-0.777122945,-0.968260925,-1.559015819,0.4509307443,-1.333150824,1,1,1,1,1,1,1,7,0.1428571429,-0.478106765,-0.073484,0.730255,-0.554084761
010012,-0.239296914,,0.4815349283,-1.292093961,-1.800834905,,,1,0,1,1,1,0,0,4,0.25,-0.712672713,-0.073484,0.730255,-0.875295698
010016,-0.552672169,0.7600966487,0.3490446258,0.5583805306,-0.108101308,-0.296607183,1.2567821503,1,1,1,1,1,1,1,7,0.1428571429,0.2809890422,-0.073484,0.730255,0.4854091554
010018,,,,,,,,0,0,0,0,0,0,0,0,,,-0.073484,0.730255,
010019,0.309109783,,0.0178188695,-2.448640518,-2.215381908,-0.723771713,,1,0,1,1,1,1,0,5,0.2,-1.012173097,-0.073484,0.730255,-1.285426837
010021,,,-0.313406887,-0.736951613,0.0991721934,,,0,0,1,1,1,0,0,3,0.3333333333,-0.317062102,-0.073484,0.730255,-0.33355272
010022,,,,,,,,0,0,0,0,0,0,0,0,,,-0.073484,0.730255,
010023,-0.787703611,0.2786389211,-0.975858399,0.2345474946,-0.79901298,-1.684891905,-0.648475612,1,1,1,1,1,1,1,7,0.1428571429,-0.626108013,-0.073484,0.730255,-0.756755353
010024,0.8575164798,-0.684276534,0.0178188695,-0.736951613,-0.557193895,-0.243211617,-0.956729511,1,1,1,1,1,1,1,7,0.1428571429,-0.329003974,-0.073484,0.730255,-0.349905733
010029,-1.336110308,0.1582744892,-0.247161735,-2.124807482,-0.626285062,0.130557347,-0.790383874,1,1,1,1,1,1,1,7,0.1428571429,-0.690845232,-0.073484,0.730255,-0.845405488
010033,-1.101078866,0.2786389211,-0.247161735,0.9747372911,0.9628117835,-0.777167279,-1.269699396,1,1,1,1,1,1,1,7,0.1428571429,-0.16841704,-0.073484,0.730255,-0.130000499
010034,,,,,,,,0,0,0,0,0,0,0,0,,,-0.073484,0.730255,
010035,0.3874535968,,0.0178188695,-0.690689751,-1.282651151,-0.723771713,-0.058977542,1,0,1,1,1,1,1,6,0.1666666667,-0.391802948,-0.073484,0.730255,-0.435901665
010036,,,-0.114671433,-0.366856715,-1.66265257,0.2373484794,,0,0,1,1,1,1,0,4,0.25,-0.47670806,-0.073484,0.730255,-0.552169396
010039,-2.82464277,1.1211899444,-0.578387492,-1.199570236,-1.489924652,-0.136420484,-1.919647813,1,1,1,1,1,1,1,7,0.1428571429,-1.003914786,-0.073484,0.730255,-1.274118035
010040,0.4657974106,0.399003353,-0.247161735,-0.043023679,-1.904471656,0.6645130092,-0.647189434,1,1,1,1,1,1,1,7,0.1428571429,-0.187504676,-0.073484,0.730255,-0.156138809
010044,,,,0.2345474946,-0.488102728,,,0,0,0,1,1,0,0,2,0.5,-0.126777617,-0.073484,0.730255,-0.072980124
010045,,,-0.644632643,0.2345474946,0.1682633606,,,0,0,1,1,1,0,0,3,0.3333333333,-0.080607263,-0.073484,0.730255,-0.009755164
010046,0.2307659691,,0.2165543233,-0.043023679,-0.177192475,-0.510189448,-0.05812009,1,0,1,1,1,1,1,6,0.1666666667,-0.056867567,-0.073484,0.730255,0.0227536038
010049,,,-1.108348702,-0.089285541,-1.351742318,-1.417914073,,0,0,1,1,1,1,0,4,0.25,-0.991822659,-0.073484,0.730255,-1.257559265
010051,,,,,,,,0,0,0,0,0,0,0,0,,,-0.073484,0.730255,
010052,,,,,-1.731743737,,,0,0,0,0,1,0,0,1,1,-1.731743737,-0.073484,0.730255,-2.270795608
010055,-2.19789226,-3.934116195,-2.896967786,-1.615926997,-0.695376229,-0.563585014,1.0522799108,1,1,1,1,1,1,1,7,0.1428571429,-1.550226367,-0.073484,0.730255,-2.022228562
010056,-0.552672169,-1.767556421,0.4152897771,0.6509042552,1.2046308687,-0.136420484,1.6983697954,1,1,1,1,1,1,1,7,0.1428571429,0.216077946,-0.073484,0.730255,0.3965209163
010058,,,,,-0.626285062,,,0,0,0,0,1,0,0,1,1,-0.626285062,-0.073484,0.730255,-0.756997802
010059,,,,,-0.039010141,,,0,0,0,0,1,0,0,1,1,-0.039010141,-0.073484,0.730255,0.0472072829
010061,,,-0.180916584,-0.505642302,-0.453557144,-0.243211617,,0,0,1,1,1,1,0,4,0.25,-0.345831912,-0.073484,0.730255,-0.372949647
010062,,,,,-0.626285062,,,0,0,0,0,1,0,0,1,1,-0.626285062,-0.073484,0.730255,-0.756997802
010065,-0.787703611,,-0.578387492,-0.135547404,-1.559015819,,,1,0,1,1,1,0,0,4,0.25,-0.765163581,-0.073484,0.730255,-0.947175872
010069,,,,-0.274332991,-0.349920393,,,0,0,0,1,1,0,0,2,0.5,-0.312126692,-0.073484,0.730255,-0.326794247
010073,,,,,-1.109923233,,,0,0,0,0,1,0,0,1,1,-1.109923233,-0.073484,0.730255,-1.419284342
010078,0.0740783415,,1.8064379534,-0.135547404,-0.626285062,-0.18981605,-2.945160092,1,0,1,1,1,1,1,6,0.1666666667,-0.336048719,-0.073484,0.730255,-0.359552696
010079,,,0.6802703821,0.789689842,-0.557193895,-4.141087951,,0,0,1,1,1,1,0,4,0.25,-0.807080405,-0.073484,0.730255,-1.004576115
010083,0.6224850383,,-0.247161735,0.2345474946,-0.073555725,0.1839529132,0.0833594469,1,0,1,1,1,1,1,6,0.1666666667,0.1339379055,-0.073484,0.730255,0.2840396306
010085,-0.1609531,,1.3427218946,-0.551904164,-0.729921813,-0.723771713,0.145095972,1,0,1,1,1,1,1,6,0.1666666667,-0.113122154,-0.073484,0.730255,-0.054280547
010086,,,-0.048426282,-0.551904164,-1.006286482,,,0,0,1,1,1,0,0,3,0.3333333333,-0.535538976,-0.073484,0.730255,-0.632731532
010087,0.7008288521,,,1.0672610157,-0.384465977,-0.029629352,-1.382454299,1,0,0,1,1,1,1,5,0.2,-0.005691952,-0.073484,0.730255,0.0928326894
010089,-0.239296914,,0.2165543233,-0.783213476,-0.280829226,-1.417914073,,1,0,1,1,1,1,0,5,0.2,-0.500939873,-0.073484,0.730255,-0.585352062
010090,-2.354579887,-0.44354767,-1.704555063,-0.274332991,-0.937195315,-1.097540676,1.0479926521,1,1,1,1,1,1,1,7,0.1428571429,-0.823394136,-0.073484,0.730255,-1.026915882
010091,,,,,,,,0,0,0,0,0,0,0,0,,,-0.073484,0.730255,
010092,-0.944391238,0.6397322168,0.0840640208,-1.569665135,0.2028089442,-1.524705206,-0.469696924,1,1,1,1,1,1,1,7,0.1428571429,-0.511693332,-0.073484,0.730255,-0.600077679
010095,,,,,,,,0,0,0,0,0,0,0,0,,,-0.073484,0.730255,
010097,,,,,0.2719001114,,,0,0,0,0,1,0,0,1,1,0.2719001114,-0.073484,0.730255,0.472962916
010099,,,,-0.228071128,-1.248105567,,,0,0,0,1,1,0,0,2,0.5,-0.738088348,-0.073484,0.730255,-0.910099471
010100,0.309109783,-1.647191989,-0.843368097,-0.043023679,-1.075377649,-0.083024918,-1.342582793,1,1,1,1,1,1,1,7,0.1428571429,-0.67506562,-0.073484,0.730255,-0.823797134
010101,,,,-0.8757372,0.5137191967,,,0,0,0,1,1,0,0,2,0.5,-0.181009002,-0.073484,0.730255,-0.147243734
010102,,,,,,,,0,0,0,0,0,0,0,0,,,-0.073484,0.730255,
010103,-3.84311235,0.5193677849,-0.710877794,0.6509042552,0.3409912786,-0.18981605,2.4323484831,1,1,1,1,1,1,1,7,0.1428571429,-0.114313485,-0.073484,0.730255,-0.055911937
010104,-0.395984542,-3.813751763,-0.247161735,-0.181809266,-0.31537481,-0.510189448,0.6239827677,1,1,1,1,1,1,1,7,0.1428571429,-0.691469828,-0.073484,0.730255,-0.8462608
010108,,,-0.379652038,-0.320594853,0.3755368623,0.9314908403,,0,0,1,1,1,1,0,4,0.25,0.1516952029,-0.073484,0.730255,0.3083561958
010110,,,,,,,,0,0,0,0,0,0,0,0,,,-0.073484,0.730255,
010112,,,,-0.736951613,-0.280829226,,,0,0,0,1,1,0,0,2,0.5,-0.50889042,-0.073484,0.730255,-0.596239416
010113,0.7791726659,-1.887920853,-0.445897189,0.0032381832,-1.213559983,-0.563585014,-0.510425882,1,1,1,1,1,1,1,7,0.1428571429,-0.548425439,-0.073484,0.730255,-0.650378052
010114,,,0.2827994746,-0.644427889,0.9282661999,0.7179085754,0.0190505665,0,0,1,1,1,1,1,5,0.2,0.2607193855,-0.073484,0.730255,0.4576522049
010118,,,0.6140252308,0.7434279797,-1.075377649,-2.058660868,,0,0,1,1,1,1,0,4,0.25,-0.444146327,-0.073484,0.730255,-0.507579868
010120,,,,-1.754712584,-1.973562823,,,0,0,0,1,1,0,0,2,0.5,-1.864137703,-0.073484,0.730255,-2.452093832
010125,,,0.9452509871,-0.968260925,1.2046308687,,,0,0,1,1,1,0,0,3,0.3333333333,0.3938736437,-0.073484,0.730255,0.6399915618
010126,,,,-0.921999063,-1.386287901,,,0,0,0,1,1,0,0,2,0.5,-1.154143482,-0.073484,0.730255,-1.479838859
010128,,,,0.0495000455,-0.039010141,,,0,0,0,1,1,0,0,2,0.5,0.0052449522,-0.073484,0.730255,0.1078095149
010129,,,,-0.829475338,-2.04265399,,,0,0,0,1,1,0,0,2,0.5,-1.436064664,-0.073484,0.730255,-1.865897313
010130,,,0.9452509871,-0.598166027,-1.904471656,0.0771617807,,0,0,1,1,1,1,0,4,0.25,-0.370056229,-0.073484,0.730255,-0.406122048
010131,0.5441412244,,-0.048426282,-0.783213476,-1.040832065,-0.990749544,-0.353083488,1,0,1,1,1,1,1,6,0.1666666667,-0.445360605,-0.073484,0.730255,-0.509242682
010138,,,,,,,,0,0,0,0,0,0,0,0,,,-0.073484,0.730255,
010139,-2.19789226,-2.128649717,1.0777412896,-0.45938044,-0.004464557,-0.777167279,1.084434351,1,1,1,1,1,1,1,7,0.1428571429,-0.486482659,-0.073484,0.730255,-0.565554579
010144,-1.17942268,0.2786389211,0.7465155333,-0.8757372,0.133717777,-1.417914073,-1.436902485,1,1,1,1,1,1,1,7,0.1428571429,-0.53587203,-0.073484,0.730255,-0.63318761
010148,,,0.5477800796,-0.089285541,-1.800834905,,,0,0,1,1,1,0,0,3,0.3333333333,-0.447446789,-0.073484,0.730255,-0.512099469
010149,-0.004265472,,-0.180916584,-0.089285541,-0.764467397,-0.18981605,,1,0,1,1,1,1,0,5,0.2,-0.245750209,-0.073484,0.730255,-0.23589933
01014F,0.7791726659,,1.1439864408,2.0387601237,2.0337248752,,1.5200198339,1,0,1,1,1,0,1,5,0.2,1.5031327879,-0.073484,0.730255,2.1589936709
010150,,,,-0.181809266,,,,0,0,0,1,0,0,0,1,1,-0.181809266,-0.073484,0.730255,-0.148339604
010157,,,,,,,,0,0,0,0,0,0,0,0,,,-0.073484,0.730255,
010158,,,-0.909613248,,-0.177192475,,,0,0,1,0,1,0,0,2,0.5,-0.543402862,-0.073484,0.730255,-0.643500214
010164,,,-1.638309912,-0.181809266,-0.764467397,,,0,0,1,1,1,0,0,3,0.3333333333,-0.861528858,-0.073484,0.730255,-1.079136974
010168,,,,,,,,0,0,0,0,0,0,0,0,,,-0.073484,0.730255,
010169,,,,1.0209991534,-1.800834905,,,0,0,0,1,1,0,0,2,0.5,-0.389917876,-0.073484,0.730255,-0.433320276
010173,,,,,0.2028089442,,,0,0,0,0,1,0,0,1,1,0.2028089442,-0.073484,0.730255,0.3783505531
010174,,,,,-0.073555725,,,0,0,0,0,1,0,0,1,1,-0.073555725,-0.073484,0.730255,-0.000098899
010175,,,,,-0.073555725,,,0,0,0,0,1,0,0,1,1,-0.073555725,-0.073484,0.730255,-0.000098899
01019F,,,1.2102315921,1.2985703271,0.9282661999,,,0,0,1,1,1,0,0,3,0.3333333333,1.145689373,-0.073484,0.730255,1.6695162535
01021F,,,,,,,,0,0,0,0,0,0,0,0,,,-0.073484,0.730255,
011300,,,,,,,,0,0,0,0,0,0,0,0,,,-0.073484,0.730255,
011302,,,,,,,,0,0,0,0,0,0,0,0,,,-0.073484,0.730255,
011304,,,,,,,,0,0,0,0,0,0,0,0,,,-0.073484,0.730255,
011305,,,,0.0495000455,-2.111745157,,,0,0,0,1,1,0,0,2,0.5,-1.031122556,-0.073484,0.730255,-1.311375929
011306,,,,,-0.004464557,,,0,0,0,0,1,0,0,1,1,-0.004464557,-0.073484,0.730255,0.0945134644
020001,1.1708917351,1.1211899444,-2.300761424,-0.089285541,0.0991721934,-0.350002749,-1.724148817,1,1,1,1,1,1,1,7,0.1428571429,-0.296134951,-0.073484,0.730255,-0.304895407
020006,-2.041204632,,-2.830722634,-1.754712584,-0.280829226,0.7713041416,-0.138720553,1,0,1,1,1,1,1,6,0.1666666667,-1.045814248,-0.073484,0.730255,-1.331494502
020008,,,0.3490446258,0.3733330814,1.3082676195,0.130557347,,0,0,1,1,1,1,0,4,0.25,0.5403006684,-0.073484,0.730255,0.8405064375
020012,-0.1609531,,-2.830722634,-1.708450721,-2.284473075,-1.738287471,,1,0,1,1,1,1,0,5,0.2,-1.7445774,-0.073484,0.730255,-2.288369825
020017,-0.709359797,-0.804640966,0.0840640208,0.6046423929,-0.833558564,0.9314908403,-1.998962099,1,1,1,1,1,1,1,7,0.1428571429,-0.389474882,-0.073484,0.730255,-0.432713647
020018,,,,-0.135547404,-0.522648311,,,0,0,0,1,1,0,0,2,0.5,-0.329097858,-0.073484,0.730255,-0.350034295
020024,,,0.0840640208,-1.338355823,0.0300810262,-0.296607183,0.4400593699,0,0,1,1,1,1,1,5,0.2,-0.216151718,-0.073484,0.730255,-0.19536762
020026,0.6224850383,,1.0114961383,-1.754712584,0.8591750327,-1.204331809,-1.476345265,1,0,1,1,1,1,1,6,0.1666666667,-0.323705575,-0.073484,0.730255,-0.342650188
021301,,,,,,,,0,0,0,0,0,0,0,0,,,-0.073484,0.730255,
021302,,,,,,,,0,0,0,0,0,0,0,0,,,-0.073484,0.730255,
021304,,,,,,,,0,0,0,0,0,0,0,0,,,-0.073484,0.730255,
021305,,,,,,,,0,0,0,0,0,0,0,0,,,-0.073484,0.730255,
021306,,,,,,,,0,0,0,0,0,0,0,0,,,-0.073484,0.730255,
021307,,,,,,,,0,0,0,0,0,0,0,0,,,-0.073484,0.730255,
021308,,,0.1503091721,,,,,0,0,1,0,0,0,0,1,1,0.1503091721,-0.073484,0.730255,0.3064581868
021309,,,,,,,,0,0,0,0,0,0,0,0,,,-0.073484,0.730255,
021310,,,,,,,,0,0,0,0,0,0,0,0,,,-0.073484,0.730255,
021311,,,,0.3270712192,0.8937206163,,,0,0,0,1,1,0,0,2,0.5,0.6103959177,-0.073484,0.730255,0.9364937747
021312,,,0.9452509871,,,,,0,0,1,0,0,0,0,1,1,0.9452509871,-0.073484,0.730255,1.3950390652
021313,,,,,0.0646266098,,,0,0,0,0,1,0,0,1,1,0.0646266098,-0.073484,0.730255,0.1891258273
021314,,,-0.51214234,-0.921999063,-1.1790144,,,0,0,1,1,1,0,0,3,0.3333333333,-0.871051934,-0.073484,0.730255,-1.092177725
030002,-0.552672169,0.8804610806,0.2827994746,1.7149270877,0.0991721934,0.8780952741,-0.010531518,1,1,1,1,1,1,1,7,0.1428571429,0.4703216318,-0.073484,0.730255,0.7446782401
030006,-0.787703611,0.7600966487,-1.638309912,-1.153308374,-1.455379069,0.3975351781,1.4136958184,1,1,1,1,1,1,1,7,0.1428571429,-0.351910474,-0.073484,0.730255,-0.381273536
030007,0.3874535968,,0.0178188695,0.1882856323,-0.833558564,0.8780952741,-0.676771519,1,0,1,1,1,1,1,6,0.1666666667,-0.006446118,-0.073484,0.730255,0.0917999458
030010,-1.17942268,0.8804610806,0.4815349283,0.1882856323,-0.660830646,-1.04414511,-0.183308044,1,1,1,1,1,1,1,7,0.1428571429,-0.216774977,-0.073484,0.730255,-0.196221101
030011,0.6224850383,,1.0114961383,-0.274332991,-1.731743737,-1.257727375,0.1519555859,1,0,1,1,1,1,1,6,0.1666666667,-0.246311223,-0.073484,0.730255,-0.236667574
030012,-0.317640728,-3.091565172,-0.909613248,0.0957619077,-0.384465977,-1.578100772,-0.967447658,1,1,1,1,1,1,1,7,0.1428571429,-1.021867378,-0.073484,0.730255,-1.298702033
030013,-1.257766494,0.399003353,-1.373329307,0.0032381832,-0.764467397,-1.150936242,-1.323718855,1,1,1,1,1,1,1,7,0.1428571429,-0.781139537,-0.073484,0.730255,-0.969053095
030014,-1.101078866,,-1.704555063,-0.089285541,-0.073555725,-0.18981605,0.0357708754,1,0,1,1,1,1,1,6,0.1666666667,-0.520420062,-0.073484,0.730255,-0.612027927
030016,0.4657974106,,-0.644632643,-0.551904164,0.2719001114,-0.350002749,,1,0,1,1,1,1,0,5,0.2,-0.161768407,-0.073484,0.730255,-0.120895965
030022,,,,0.5583805306,0.2373545278,,-1.13636565,0,0,0,1,1,0,1,3,0.3333333333,-0.113543531,-0.073484,0.730255,-0.054857574
030023,-1.414454121,-0.082454375,-0.048426282,0.3733330814,-0.280829226,-0.243211617,-0.315355611,1,1,1,1,1,1,1,7,0.1428571429,-0.287342593,-0.073484,0.730255,-0.29285529
030024,0.1524221553,0.399003353,0.2165543233,0.3270712192,0.6173559475,-0.830562845,0.8049050844,1,1,1,1,1,1,1,7,0.1428571429,0.2409641768,-0.073484,0.730255,0.4305997313
030030,,,0.5477800796,-0.274332991,0.4100824459,-1.578100772,-0.119427889,0,0,1,1,1,1,1,5,0.2,-0.202799825,-0.073484,0.730255,-0.177083747
030036,-1.492797935,-0.323183238,-0.247161735,-0.274332991,-0.177192475,0.7179085754,1.4720025365,1,1,1,1,1,1,1,7,0.1428571429,-0.046393895,-0.073484,0.730255,0.0370960861
030037,,,,,,,,0,0,0,0,0,0,0,0,,,-0.073484,0.730255,
030038,-1.022735052,,0.3490446258,0.0032381832,0.2028089442,-0.990749544,-0.363372909,1,0,1,1,1,1,1,6,0.1666666667,-0.303627625,-0.073484,0.730255,-0.315155758
030043,0.3874535968,,1.2102315921,-0.551904164,-0.004464557,-1.04414511,,1,0,1,1,1,1,0,5,0.2,-0.000565729,-0.073484,0.730255,0.0998524596
030055,0.7008288521,,0.4152897771,-0.413118577,1.7919057899,0.4509307443,-1.30871345,1,0,1,1,1,1,1,6,0.1666666667,0.272853856,-0.073484,0.730255,0.4742689589
030061,-0.866047425,0.8804610806,1.0114961383,-0.366856715,-0.142646892,0.2373484794,1.0981535788,1,1,1,1,1,1,1,7,0.1428571429,0.2645583208,-0.073484,0.730255,0.4629091828
030062,1.3275793628,,0.4152897771,-0.366856715,0.6519015311,0.6645130092,1.3403836948,1,0,1,1,1,1,1,6,0.1666666667,0.67213511,-0.073484,0.730255,1.0210384581
030064,0.9358602936,1.1211899444,-0.247161735,0.6509042552,0.6173559475,-1.524705206,-0.134433295,1,1,1,1,1,1,1,7,0.1428571429,0.2027157435,-0.073484,0.730255,0.3782229255
030065,-1.257766494,0.0379100573,0.0840640208,0.2808093569,-0.039010141,-0.456793881,1.2104797564,1,1,1,1,1,1,1,7,0.1428571429,-0.020043904,-0.073484,0.730255,0.0731793516
030069,1.5626108043,0.8804610806,-0.114671433,-1.107046512,0.7900838655,-0.18981605,-0.098849047,1,1,1,1,1,1,1,7,0.1428571429,0.2461103868,-0.073484,0.730255,0.4376468708
030071,,,,0.0495000455,0.7555382819,,,0,0,0,1,1,0,0,2,0.5,0.4025191637,-0.073484,0.730255,0.6518306015
030073,,,,,0.6173559475,,,0,0,0,0,1,0,0,1,1,0.6173559475,-0.073484,0.730255,0.9460247305
030078,,,,,,,,0,0,0,0,0,0,0,0,,,-0.073484,0.730255,
030083,-0.317640728,,-0.644632643,0.0032381832,0.4791736131,-1.47130964,,1,0,1,1,1,1,0,5,0.2,-0.390234243,-0.073484,0.730255,-0.433753504
030084,,,,,0.0300810262,,,0,0,0,0,1,0,0,1,1,0.0300810262,-0.073484,0.730255,0.1418196458
030085,-1.022735052,0.7600966487,-0.777122945,-0.45938044,-1.835380488,-0.029629352,-0.465409665,1,1,1,1,1,1,1,7,0.1428571429,-0.547080185,-0.073484,0.730255,-0.648535882
030087,-0.1609531,0.2786389211,-1.042103551,0.5583805306,0.6864471147,-1.150936242,-0.597028507,1,1,1,1,1,1,1,7,0.1428571429,-0.203936405,-0.073484,0.730255,-0.178640161
030088,,,-1.505819609,-0.043023679,-1.282651151,-0.510189448,-0.229181712,0,0,1,1,1,1,1,5,0.2,-0.71417312,-0.073484,0.730255,-0.877350332
030089,-1.806173191,0.5193677849,0.4815349283,0.5583805306,0.8591750327,0.1839529132,0.9776816096,1,1,1,1,1,1,1,7,0.1428571429,0.253417087,-0.073484,0.730255,0.4476525516
030092,-1.884517004,-1.406463126,-0.710877794,-0.181809266,-0.937195315,0.3441396118,0.6840043893,1,1,1,1,1,1,1,7,0.1428571429,-0.584674072,-0.073484,0.730255,-0.700016363
030093,1.5626108043,,0.8127606846,0.8822135666,-0.557193895,-0.990749544,1.1324516483,1,0,1,1,1,1,1,6,0.1666666667,0.4736822108,-0.073484,0.730255,0.7492801644
030094,-0.474328355,-1.286098694,-0.379652038,0.0032381832,0.4791736131,-0.296607183,1.1037270151,1,1,1,1,1,1,1,7,0.1428571429,-0.12150678,-0.073484,0.730255,-0.065762323
030101,-1.727829377,,-1.240839004,-0.043023679,-1.109923233,-0.083024918,-0.875271596,1,0,1,1,1,1,1,6,0.1666666667,-0.846651968,-0.073484,0.730255,-1.058764793
030103,1.8759860596,1.2415543763,1.6739476509,1.2060466026,1.8264513736,2.6401489594,2.2441378266,1,1,1,1,1,1,1,7,0.1428571429,1.8154675498,-0.073484,0.730255,2.5867000049
030105,-0.317640728,0.5193677849,,0.6509042552,0.133717777,,0.5159438487,1,1,0,1,1,0,1,5,0.2,0.3004585876,-0.073484,0.730255,0.5120704462
030107,,,,,,,,0,0,0,0,0,0,0,0,,,-0.073484,0.730255,
030108,,,,,,,,0,0,0,0,0,0,0,0,,,-0.073484,0.730255,
030110,-0.1609531,,-1.572064761,-0.505642302,-1.1790144,-1.631496338,0.1661035396,1,0,1,1,1,1,1,6,0.1666666667,-0.81384456,-0.073484,0.730255,-1.013838842
030111,0.6224850383,,,1.113522878,1.3428132031,-0.029629352,,1,0,0,1,1,1,0,4,0.25,0.7622979419,-0.073484,0.730255,1.1445060289
030112,,,,,,,,0,0,0,0,0,0,0,0,,,-0.073484,0.730255,
030113,,,,,0.7209926983,,,0,0,0,0,1,0,0,1,1,0.7209926983,-0.073484,0.730255,1.0879432748
030114,-1.336110308,,-0.51214234,-0.598166027,1.1700852851,1.0916775389,,1,0,1,1,1,1,0,5,0.2,-0.03693117,-0.073484,0.730255,0.0500541931
030115,0.0740783415,-0.804640966,1.0777412896,0.6971661174,-1.144468816,-0.136420484,0.6835756635,1,1,1,1,1,1,1,7,0.1428571429,0.0638615922,-0.073484,0.730255,0.1880782241
030117,,,-1.572064761,-1.708450721,-0.868104147,-0.243211617,,0,0,1,1,1,1,0,4,0.25,-1.097957811,-0.073484,0.730255,-1.402899082
030119,-1.257766494,,0.6140252308,1.2523084649,0.2719001114,0.7713041416,0.5266619954,1,0,1,1,1,1,1,6,0.1666666667,0.3630722417,-0.073484,0.730255,0.5978126041
030121,-0.082609286,,-0.180916584,0.465856806,0.2719001114,0.4509307443,-0.434112677,1,0,1,1,1,1,1,6,0.1666666667,0.0818415191,-0.073484,0.730255,0.2126996545
030122,,,1.1439864408,-0.135547404,0.7900838655,0.1839529132,0.5373801421,0,0,1,1,1,1,1,5,0.2,0.5039711916,-0.073484,0.730255,0.7907574206
030123,0.2307659691,,0.8127606846,1.9924982614,0.9282661999,0.9314908403,-0.44525955,1,0,1,1,1,1,1,6,0.1666666667,0.7417537343,-0.073484,0.730255,1.1163731126
03012F,0.7791726659,,1.9389282559,2.1312838483,1.1700852851,,-0.552869743,1,0,1,1,1,0,1,5,0.2,1.0933200625,-0.073484,0.730255,1.5978025394
030130,,,0.1503091721,0.0495000455,-0.729921813,,-0.205601789,0,0,1,1,1,0,1,4,0.25,-0.183928596,-0.073484,0.730255,-0.151241781
030131,,,,,,,,0,0,0,0,0,0,0,0,,,-0.073484,0.730255,
030134,,,,,0.7209926983,,,0,0,0,0,1,0,0,1,1,0.7209926983,-0.073484,0.730255,1.0879432748
030136,,,,,,,,0,0,0,0,0,0,0,0,,,-0.073484,0.730255,
030138,,,,,,,,0,0,0,0,0,0,0,0,,,-0.073484,0.730255,
030139,,,-0.048426282,0.0495000455,1.3082676195,,,0,0,1,1,1,0,0,3,0.3333333333,0.4364471278,-0.073484,0.730255,0.6982910245
03013F,0.2307659691,,0.6140252308,1.5761415008,2.0682704588,,1.6023352007,1,0,1,1,1,0,1,5,0.2,1.2183076721,-0.073484,0.730255,1.7689586155
030146,,,,0.0957619077,1.3082676195,,,0,0,0,1,1,0,0,2,0.5,0.7020147636,-0.073484,0.730255,1.0619551882
030147,,,,0.6046423929,0.4446280295,0.3975351781,,0,0,0,1,1,1,0,3,0.3333333333,0.4822685335,-0.073484,0.730255,0.7610381402
030148,,,0.0178188695,-0.043023679,0.7555382819,,,0,0,1,1,1,0,0,3,0.3333333333,0.2434444908,-0.073484,0.730255,0.4339962344
030152,,,,,,,,0,0,0,0,0,0,0,0,,,-0.073484,0.730255,
030153,,,,,,,,0,0,0,0,0,0,0,0,,,-0.073484,0.730255,
030154,,,,,,,,0,0,0,0,0,0,0,0,,,-0.073484,0.730255,
03033F,,,1.6077024996,1.2985703271,1.5846322883,,,0,0,1,1,1,0,0,3,0.3333333333,1.4969683717,-0.073484,0.730255,2.1505522158
031300,,,,,0.4100824459,,,0,0,0,0,1,0,0,1,1,0.4100824459,-0.073484,0.730255,0.6621876418
031301,,,,,,,,0,0,0,0,0,0,0,0,,,-0.073484,0.730255,
031302,,,,,,,,0,0,0,0,0,0,0,0,,,-0.073484,0.730255,
031304,,,,,,,,0,0,0,0,0,0,0,0,,,-0.073484,0.730255,
031305,,,,,,,,0,0,0,0,0,0,0,0,,,-0.073484,0.730255,
031308,,,,,,,,0,0,0,0,0,0,0,0,,,-0.073484,0.730255,
031309,,,,,0.0300810262,,,0,0,0,0,1,0,0,1,1,0.0300810262,-0.073484,0.730255,0.1418196458
031311,,,,,-0.522648311,,,0,0,0,0,1,0,0,1,1,-0.522648311,-0.073484,0.730255,-0.615079257
031312,,,,,,,,0,0,0,0,0,0,0,0,,,-0.073484,0.730255,
031313,,,,,,,,0,0,0,0,0,0,0,0,,,-0.073484,0.730255,
031314,-0.1609531,,0.0178188695,-0.089285541,-0.937195315,,,1,0,1,1,1,0,0,4,0.25,-0.292403772,-0.073484,0.730255,-0.299785989
031315,,,,,-1.040832065,,,0,0,0,0,1,0,0,1,1,-1.040832065,-0.073484,0.730255,-1.324671979
031317,,,,,-0.108101308,,,0,0,0,0,1,0,0,1,1,-0.108101308,-0.073484,0.730255,-0.04740508
031318,,,0.4815349283,-1.245832099,-0.246283643,0.8246997078,,0,0,1,1,1,1,0,4,0.25,-0.046470276,-0.073484,0.730255,0.0369914905
031319,,,,,,,,0,0,0,0,0,0,0,0,,,-0.073484,0.730255,
031320,,,,,,,,0,0,0,0,0,0,0,0,,,-0.073484,0.730255,
040001,,,-0.710877794,-0.043023679,-1.351742318,,,0,0,1,1,1,0,0,3,0.3333333333,-0.701881264,-0.073484,0.730255,-0.860518057
040002,,,-0.313406887,0.0957619077,0.133717777,,,0,0,1,1,1,0,0,3,0.3333333333,-0.027975734,-0.073484,0.730255,0.0623176272
040004,-0.004265472,-0.563912102,-0.578387492,0.0495000455,-0.280829226,-0.723771713,-0.903996229,1,1,1,1,1,1,1,7,0.1428571429,-0.429380313,-0.073484,0.730255,-0.48735952
040007,-0.082609286,-0.323183238,-0.247161735,-0.320594853,0.0646266098,-1.150936242,-0.266052136,1,1,1,1,1,1,1,7,0.1428571429,-0.332272983,-0.073484,0.730255,-0.354382263
040010,-0.866047425,-1.406463126,-1.572064761,0.9284754289,-0.246283643,1.0382819727,0.6767160496,1,1,1,1,1,1,1,7,0.1428571429,-0.206769357,-0.073484,0.730255,-0.182519562
040011,,,-0.379652038,0.2345474946,0.3755368623,,,0,0,1,1,1,0,0,3,0.3333333333,0.076810773,-0.073484,0.730255,0.2058106296
040014,-1.17942268,,-1.572064761,0.0957619077,-0.246283643,-1.738287471,0.2128346593,1,0,1,1,1,1,1,6,0.1666666667,-0.737910331,-0.073484,0.730255,-0.909855698
040015,,,,-1.107046512,-2.146290741,,,0,0,0,1,1,0,0,2,0.5,-1.626668626,-0.073484,0.730255,-2.126907395
040016,-0.631015983,,0.0178188695,-0.783213476,0.4791736131,-1.257727375,0.6274125746,1,0,1,1,1,1,1,6,0.1666666667,-0.257925296,-0.073484,0.730255,-0.252571704
040017,,,-1.439574458,-0.135547404,-2.146290741,-0.083024918,,0,0,1,1,1,1,0,4,0.25,-0.95110938,-0.073484,0.730255,-1.201807138
040018,,,,,,,,0,0,0,0,0,0,0,0,,,-0.073484,0.730255,
040019,,,,,-0.660830646,,,0,0,0,0,1,0,0,1,1,-0.660830646,-0.073484,0.730255,-0.804303983
040020,-2.432923701,-2.369378581,-1.307084156,-0.829475338,-0.937195315,-2.485825398,1.0968674012,1,1,1,1,1,1,1,7,0.1428571429,-1.323573584,-0.073484,0.730255,-1.711853789
040022,-1.257766494,,-3.360683844,-0.274332991,-0.419011561,-3.126572193,-1.385884106,1,0,1,1,1,1,1,6,0.1666666667,-1.637375198,-0.073484,0.730255,-2.141568807
040026,-1.022735052,0.8804610806,-1.903290517,-1.523403272,0.4446280295,0.9314908403,0.9455271694,1,1,1,1,1,1,1,7,0.1428571429,-0.178188817,-0.073484,0.730255,-0.143381818
040027,0.4657974106,-1.767556421,-2.035780819,-1.338355823,-2.388109826,-2.699407663,-0.333790824,1,1,1,1,1,1,1,7,0.1428571429,-1.442457709,-0.073484,0.730255,-1.874651849
040029,0.309109783,,-0.710877794,-0.228071128,-0.626285062,-0.937353977,-0.330361017,1,0,1,1,1,1,1,6,0.1666666667,-0.420639866,-0.073484,0.730255,-0.475390489
040036,-0.474328355,0.6397322168,-0.247161735,-2.356116793,-1.904471656,-2.165452001,-0.985025419,1,1,1,1,1,1,1,7,0.1428571429,-1.070403392,-0.073484,0.730255,-1.36516649
040039,0.0740783415,,-0.975858399,-0.921999063,0.0646266098,-0.350002749,,1,0,1,1,1,1,0,5,0.2,-0.421831052,-0.073484,0.730255,-0.47702168
040041,0.309109783,,-0.247161735,0.465856806,-0.384465977,-1.097540676,,1,0,1,1,1,1,0,5,0.2,-0.19084036,-0.073484,0.730255,-0.160706642
040050,,,,-0.366856715,-1.766289321,-0.029629352,,0,0,0,1,1,1,0,3,0.3333333333,-0.720925129,-0.073484,0.730255,-0.886596428
040051,,,1.5414573484,0.9747372911,0.0646266098,-0.296607183,,0,0,1,1,1,1,0,4,0.25,0.5710535166,-0.073484,0.730255,0.8826189064
040055,-0.004265472,0.2786389211,0.6802703821,-0.043023679,1.5500867047,0.0771617807,0.8100497948,1,1,1,1,1,1,1,7,0.1428571429,0.4784169189,-0.073484,0.730255,0.7557637995
040062,-1.101078866,-2.008285285,-1.439574458,-1.430879548,-0.453557144,0.8246997078,1.6640717258,1,1,1,1,1,1,1,7,0.1428571429,-0.563514838,-0.073484,0.730255,-0.671041239
040067,,,-0.975858399,-2.541164242,-1.66265257,,,0,0,1,1,1,0,0,3,0.3333333333,-1.726558404,-0.073484,0.730255,-2.263694894
040069,,,0.0840640208,1.0672610157,-0.868104147,,,0,0,1,1,1,0,0,3,0.3333333333,0.094406963,-0.073484,0.730255,0.2299065768
040071,-0.552672169,,-2.168271122,1.0209991534,0.0300810262,-1.845078603,-0.163586654,1,0,1,1,1,1,1,6,0.1666666667,-0.613088061,-0.073484,0.730255,-0.738926035
040072,,,0.0178188695,0.789689842,-1.489924652,,,0,0,1,1,1,0,0,3,0.3333333333,-0.22747198,-0.073484,0.730255,-0.21086941
040076,,,,,-0.349920393,,,0,0,0,0,1,0,0,1,1,-0.349920393,-0.073484,0.730255,-0.37854835
040078,-0.944391238,-0.684276534,-0.975858399,-1.430879548,-1.075377649,-1.150936242,-2.04140596,1,1,1,1,1,1,1,7,0.1428571429,-1.186160796,-0.073484,0.730255,-1.523682868
040084,0.1524221553,,-1.903290517,-0.274332991,0.0991721934,-2.218847567,-0.094561789,1,0,1,1,1,1,1,6,0.1666666667,-0.706573086,-0.073484,0.730255,-0.866942964
040088,-2.041204632,,1.0777412896,0.1882856323,-1.282651151,0.4509307443,,1,0,1,1,1,1,0,5,0.2,-0.321379623,-0.073484,0.730255,-0.339465066
04009F,,,0.0178188695,1.0672610157,0.5482647803,,,0,0,1,1,1,0,0,3,0.3333333333,0.5444482218,-0.073484,0.730255,0.8461860322
04010F,0.6224850383,,1.6077024996,1.8074508123,0.9973573671,,0.0014728059,1,0,1,1,1,0,1,5,0.2,1.0072937046,-0.073484,0.730255,1.4799993915
040114,-0.317640728,0.5193677849,-1.108348702,-0.274332991,0.5828103639,-1.791683037,-1.571093682,1,1,1,1,1,1,1,7,0.1428571429,-0.565845856,-0.073484,0.730255,-0.674233298
040118,-2.276236074,-2.610107444,0.1503091721,-0.043023679,0.8937206163,0.2373484794,-1.015464955,1,1,1,1,1,1,1,7,0.1428571429,-0.666207698,-0.073484,0.730255,-0.811667234
040119,-1.336110308,,0.2165543233,-0.8757372,0.4791736131,-0.937353977,-0.968733836,1,0,1,1,1,1,1,6,0.1666666667,-0.570367897,-0.073484,0.730255,-0.680425711
040132,,,,,,,,0,0,0,0,0,0,0,0,,,-0.073484,0.730255,
040134,-0.1609531,-0.202818807,0.0840640208,-0.551904164,1.4464499539,0.2907440456,-0.251046731,1,1,1,1,1,1,1,7,0.1428571429,0.0935050312,-0.073484,0.730255,0.2286714855
040137,-0.239296914,,,0.465856806,1.1355397015,-0.563585014,-0.042685959,1,0,0,1,1,1,1,5,0.2,0.1511657242,-0.073484,0.730255,0.3076311359
040147,,,,,,,,0,0,0,0,0,0,0,0,,,-0.073484,0.730255,
040153,,,,0.3733330814,1.0664485343,,,0,0,0,1,1,0,0,2,0.5,0.7198908079,-0.073484,0.730255,1.0864343633
040154,0.2307659691,,-0.777122945,0.3270712192,0.1682633606,0.9848864065,,1,0,1,1,1,1,0,5,0.2,0.186772802,-0.073484,0.730255,0.3563909109
040156,,,,0.3270712192,-0.79901298,,,0,0,0,1,1,0,0,2,0.5,-0.235970881,-0.073484,0.730255,-0.222507671
040161,0.2307659691,,0.2165543233,-1.662188859,0.6173559475,,,1,0,1,1,1,0,0,4,0.25,-0.149378155,-0.073484,0.730255,-0.103928948
040164,,,,,,,,0,0,0,0,0,0,0,0,,,-0.073484,0.730255,
041300,,,,0.1882856323,0.0300810262,,,0,0,0,1,1,0,0,2,0.5,0.1091833293,-0.073484,0.730255,0.2501411014
041302,,,,,-0.211738059,,,0,0,0,0,1,0,0,1,1,-0.211738059,-0.073484,0.730255,-0.189323624
041303,,,,,,,,0,0,0,0,0,0,0,0,,,-0.073484,0.730255,
041305,,,,,-0.764467397,,,0,0,0,0,1,0,0,1,1,-0.764467397,-0.073484,0.730255,-0.946222527
041306,,,,,,,,0,0,0,0,0,0,0,0,,,-0.073484,0.730255,
041307,,,0.3490446258,0.0957619077,-1.697198154,,,0,0,1,1,1,0,0,3,0.3333333333,-0.417463873,-0.073484,0.730255,-0.471041334
041308,,,,,,,,0,0,0,0,0,0,0,0,,,-0.073484,0.730255,
041309,,,,,,,,0,0,0,0,0,0,0,0,,,-0.073484,0.730255,
041310,,,,,,,,0,0,0,0,0,0,0,0,,,-0.073484,0.730255,
041311,,,,-1.245832099,-1.939017239,,,0,0,0,1,1,0,0,2,0.5,-1.592424669,-0.073484,0.730255,-2.080014256
041312,,,,-0.181809266,-0.384465977,,,0,0,0,1,1,0,0,2,0.5,-0.283137621,-0.073484,0.730255,-0.287097068
041313,,,,,0.5828103639,,,0,0,0,0,1,0,0,1,1,0.5828103639,-0.073484,0.730255,0.898718549
041317,,,,,,,,0,0,0,0,0,0,0,0,,,-0.073484,0.730255,
041318,,,,0.5583805306,0.9628117835,,,0,0,0,1,1,0,0,2,0.5,0.760596157,-0.073484,0.730255,1.1421756313
041320,,,,,,,,0,0,0,0,0,0,0,0,,,-0.073484,0.730255,
041321,,,,,-0.557193895,,,0,0,0,0,1,0,0,1,1,-0.557193895,-0.073484,0.730255,-0.662385439
041322,,,,-0.505642302,-1.697198154,,,0,0,0,1,1,0,0,2,0.5,-1.101420228,-0.073484,0.730255,-1.40764046
041323,,,0.2827994746,-0.45938044,-1.351742318,,,0,0,1,1,1,0,0,3,0.3333333333,-0.509441094,-0.073484,0.730255,-0.596993501
041324,,,,,-0.142646892,,,0,0,0,0,1,0,0,1,1,-0.142646892,-0.073484,0.730255,-0.094711261
041326,,,,,-1.386287901,,,0,0,0,0,1,0,0,1,1,-1.386287901,-0.073484,0.730255,-1.797733794
041327,,,,,0.0991721934,,,0,0,0,0,1,0,0,1,1,0.0991721934,-0.073484,0.730255,0.2364320087
041328,,,,,-2.42265541,,,0,0,0,0,1,0,0,1,1,-2.42265541,-0.073484,0.730255,-3.216919237
041329,,,,,0.9628117835,,,0,0,0,0,1,0,0,1,1,0.9628117835,-0.073484,0.730255,1.419086545
041330,,,1.0114961383,-1.107046512,-0.695376229,,,0,0,1,1,1,0,0,3,0.3333333333,-0.263642201,-0.073484,0.730255,-0.260400344
041331,,,,,,,,0,0,0,0,0,0,0,0,,,-0.073484,0.730255,
041332,,,,,-0.31537481,,,0,0,0,0,1,0,0,1,1,-0.31537481,-0.073484,0.730255,-0.331242169
050002,-0.866047425,,-1.373329307,0.2808093569,-0.902649731,0.130557347,,1,0,1,1,1,1,0,5,0.2,-0.546131952,-0.073484,0.730255,-0.647237387
050006,0.309109783,0.2786389211,1.4752121971,0.6509042552,-0.073555725,-0.830562845,0.9318079416,1,1,1,1,1,1,1,7,0.1428571429,0.3916506469,-0.073484,0.730255,0.6369474248
050007,0.9358602936,0.6397322168,0.6802703821,1.0209991534,0.4100824459,1.6790287674,0.9129440034,1,1,1,1,1,1,1,7,0.1428571429,0.8969881804,-0.073484,0.730255,1.3289487332
050008,,,,-0.274332991,-0.211738059,0.6645130092,,0,0,0,1,1,1,0,3,0.3333333333,0.0594806532,-0.073484,0.730255,0.1820790348
050009,-0.552672169,0.8804610806,0.0840640208,-0.598166027,-0.868104147,0.2907440456,-0.993599936,1,1,1,1,1,1,1,7,0.1428571429,-0.251039019,-0.073484,0.730255,-0.243141744
050013,1.2492355489,0.2786389211,0.4815349283,-0.228071128,0.2719001114,-0.083024918,0.3333066285,1,1,1,1,1,1,1,7,0.1428571429,0.3290742989,-0.073484,0.730255,0.5512563533
050014,,,1.2102315921,-0.089285541,0.7900838655,-0.083024918,,0,0,1,1,1,1,0,4,0.25,0.4570012496,-0.073484,0.730255,0.7264375172
050017,-0.082609286,0.6397322168,-1.174593853,-0.228071128,-0.937195315,0.2373484794,0.5262332695,1,1,1,1,1,1,1,7,0.1428571429,-0.145593659,-0.073484,0.730255,-0.098746519
050022,0.9358602936,0.7600966487,0.7465155333,1.6224033631,0.8246294491,1.2518642376,2.1270956644,1,1,1,1,1,1,1,7,0.1428571429,1.1812093128,-0.073484,0.730255,1.7181567031
050024,0.2307659691,,-0.048426282,1.437355914,0.0991721934,-0.136420484,,1,0,1,1,1,1,0,5,0.2,0.3164894621,-0.073484,0.730255,0.5340228749
050025,1.9543298734,0.8804610806,1.2764767434,1.76118895,2.2755439604,2.1595888634,3.1989103368,1,1,1,1,1,1,1,7,0.1428571429,1.9294999726,-0.073484,0.730255,2.7428542197
050026,-1.022735052,-1.04536983,-0.445897189,0.8359517043,-0.004464557,1.6256332012,-1.829615381,1,1,1,1,1,1,1,7,0.1428571429,-0.269499586,-0.073484,0.730255,-0.268421356
050028,,,-0.114671433,-0.181809266,1.3773587867,,,0,0,1,1,1,0,0,3,0.3333333333,0.3602926959,-0.073484,0.730255,0.5940063376
050030,-0.239296914,,2.3363991634,1.3448321894,1.4119043703,0.1839529132,0.6994385206,1,0,1,1,1,1,1,6,0.1666666667,0.9562050405,-0.073484,0.730255,1.4100393745
050036,-1.727829377,,-0.644632643,-0.968260925,-0.660830646,-2.325638699,-0.600029588,1,0,1,1,1,1,1,6,0.1666666667,-1.15453698,-0.073484,0.730255,-1.480377709
050038,0.309109783,-0.684276534,0.2165543233,1.7149270877,0.7209926983,1.5188420687,0.3907558949,1,1,1,1,1,1,1,7,0.1428571429,0.5981293317,-0.073484,0.730255,0.9196961038
050039,-0.709359797,-0.082454375,1.8726831046,0.3270712192,0.1682633606,-0.61698058,-0.979880708,1,1,1,1,1,1,1,7,0.1428571429,-0.002951111,-0.073484,0.730255,0.0965859545
050040,,,,1.4836177763,0.306445695,,,0,0,0,1,1,0,0,2,0.5,0.8950317357,-0.073484,0.730255,1.3262696084
050042,,,-1.572064761,-0.181809266,0.0991721934,0.1839529132,,0,0,1,1,1,1,0,4,0.25,-0.36768723,-0.073484,0.730255,-0.402877978
050043,1.6409546181,1.1211899444,0.7465155333,1.0209991534,0.5137191967,1.1450731052,2.1288105678,1,1,1,1,1,1,1,7,0.1428571429,1.1881803027,-0.073484,0.730255,1.7277026675
050045,-0.474328355,,0.0178188695,-1.060784649,-1.904471656,-0.296607183,,1,0,1,1,1,1,0,5,0.2,-0.743674595,-0.073484,0.730255,-0.91774919
050047,1.4842669904,0.8804610806,0.0178188695,1.2523084649,0.2719001114,-0.61698058,-0.843545882,1,1,1,1,1,1,1,7,0.1428571429,0.3494612935,-0.073484,0.730255,0.5791739847
050054,,,-1.505819609,-0.921999063,-0.557193895,,,0,0,1,1,1,0,0,3,0.3333333333,-0.995004189,-0.073484,0.730255,-1.261916002
050055,,,0.2827994746,1.3448321894,1.4464499539,-0.083024918,,0,0,1,1,1,1,0,4,0.25,0.747764175,-0.073484,0.730255,1.124603716
050056,0.2307659691,,-1.373329307,0.14202377,-1.731743737,0.7713041416,-1.239688585,1,0,1,1,1,1,1,6,0.1666666667,-0.533444625,-0.073484,0.730255,-0.62986356
050057,-2.511267515,-0.082454375,0.2827994746,-0.921999063,-0.695376229,-0.670376146,-1.339152986,1,1,1,1,1,1,1,7,0.1428571429,-0.848260977,-0.073484,0.730255,-1.060968145
050058,0.309109783,0.1582744892,1.4752121971,1.5761415008,1.0664485343,1.1984686714,-0.48984704,1,1,1,1,1,1,1,7,0.1428571429,0.7562583051,-0.073484,0.730255,1.1362354448
050060,-0.1609531,0.8804610806,0.2165543233,0.0032381832,-0.833558564,0.4509307443,-1.652980323,1,1,1,1,1,1,1,7,0.1428571429,-0.156615379,-0.073484,0.730255,-0.11383949
050063,1.5626108043,,1.4089670459,1.5298796386,0.8937206163,0.7179085754,1.5431710308,1,0,1,1,1,1,1,6,0.1666666667,1.2760429519,-0.073484,0.730255,1.848020404
050067,,,,-0.181809266,-0.384465977,,,0,0,0,1,1,0,0,2,0.5,-0.283137621,-0.073484,0.730255,-0.287097068
050069,0.4657974106,0.8804610806,-0.51214234,0.9284754289,1.1355397015,0.9314908403,0.6209816866,1,1,1,1,1,1,1,7,0.1428571429,0.635800544,-0.073484,0.730255,0.9712824722
050070,,,,,,,,0,0,0,0,0,0,0,0,,,-0.073484,0.730255,
050071,,,,,,,,0,0,0,0,0,0,0,0,,,-0.073484,0.730255,
050072,,,,,,,,0,0,0,0,0,0,0,0,,,-0.073484,0.730255,
050073,,,,-1.107046512,-0.039010141,,,0,0,0,1,1,0,0,2,0.5,-0.573028326,-0.073484,0.730255,-0.684068861
050075,0.8575164798,,0.0178188695,-0.089285541,0.0991721934,-0.883958411,,1,0,1,1,1,1,0,5,0.2,0.000252718,-0.073484,0.730255,0.1009732275
050076,,,,,,,,0,0,0,0,0,0,0,0,,,-0.073484,0.730255,
050077,-0.474328355,-0.684276534,1.4089670459,1.437355914,0.9282661999,-2.112056434,0.0756423812,1,1,1,1,1,1,1,7,0.1428571429,0.0827957453,-0.073484,0.730255,0.214006357
050078,,,-0.51214234,0.4195949437,0.2719001114,0.3441396118,,0,0,1,1,1,1,0,4,0.25,0.1308730816,-0.073484,0.730255,0.2798427088
050082,1.7976422458,-0.804640966,1.5414573484,1.113522878,-0.177192475,0.0237662145,1.198904158,1,1,1,1,1,1,1,7,0.1428571429,0.6704942005,-0.073484,0.730255,1.0187914224
050084,-1.492797935,0.0379100573,1.2102315921,0.4195949437,-0.453557144,0.4509307443,1.5461721119,1,1,1,1,1,1,1,7,0.1428571429,0.2454977671,-0.073484,0.730255,0.4368079589
050089,,,,0.1882856323,0.4791736131,,,0,0,0,1,1,0,0,2,0.5,0.3337296227,-0.073484,0.730255,0.5576312809
050090,,,,-0.644427889,-0.349920393,-1.738287471,,0,0,0,1,1,1,0,3,0.3333333333,-0.910878584,-0.073484,0.730255,-1.146715716
050091,,,,0.7434279797,1.1009941179,,,0,0,0,1,1,0,0,2,0.5,0.9222110488,-0.073484,0.730255,1.3634885344
050093,-1.336110308,-0.925005398,0.4152897771,0.14202377,-0.349920393,0.2907440456,-1.207105419,1,1,1,1,1,1,1,7,0.1428571429,-0.424297704,-0.073484,0.730255,-0.480399474
050099,1.8759860596,0.8804610806,-0.975858399,0.7434279797,0.4791736131,0.130557347,-0.609890283,1,1,1,1,1,1,1,7,0.1428571429,0.3605510568,-0.073484,0.730255,0.5943601329
050100,0.1524221553,0.6397322168,-0.379652038,0.9284754289,-0.280829226,0.7179085754,-0.408389125,1,1,1,1,1,1,1,7,0.1428571429,0.1956668553,-0.073484,0.730255,0.3685702883
050101,-1.022735052,,0.8127606846,0.0032381832,0.2028089442,0.2373484794,0.9656772853,1,0,1,1,1,1,1,6,0.1666666667,0.1998497541,-0.073484,0.730255,0.3742982844
050102,,,-0.843368097,0.1882856323,-1.040832065,,,0,0,1,1,1,0,0,3,0.3333333333,-0.565304843,-0.073484,0.730255,-0.673492444
050103,-0.004265472,,,1.5298796386,0.4791736131,1.5188420687,0.1806802191,1,0,0,1,1,1,1,5,0.2,0.7408620134,-0.073484,0.730255,1.115152004
050104,0.4657974106,,,1.2985703271,0.4446280295,-0.350002749,-0.945153913,1,0,0,1,1,1,1,5,0.2,0.1827678211,-0.073484,0.730255,0.3509065527
050107,-2.981330398,-1.165734262,-1.903290517,-0.181809266,0.5828103639,-0.883958411,-1.171521172,1,1,1,1,1,1,1,7,0.1428571429,-1.100690523,-0.073484,0.730255,-1.406641214
050108,1.1708917351,1.0008255125,-0.777122945,-0.181809266,0.0646266098,0.130557347,0.4246252386,1,1,1,1,1,1,1,7,0.1428571429,0.2617991759,-0.073484,0.730255,0.459130853
050110,,,-0.247161735,-3.373877764,-0.937195315,-3.179967759,,0,0,1,1,1,1,0,4,0.25,-1.934550643,-0.073484,0.730255,-2.54851621
050112,0.309109783,,1.1439864408,1.76118895,1.8955425408,1.0382819727,0.8301999107,1,0,1,1,1,1,1,6,0.1666666667,1.1630515997,-0.073484,0.730255,1.6932918149
050113,,,,-1.292093961,,,,0,0,0,1,0,0,0,1,1,-1.292093961,-0.073484,0.730255,-1.668746086
050115,-2.432923701,-0.44354767,-1.240839004,0.0495000455,0.5137191967,0.5043263105,-1.07934511,1,1,1,1,1,1,1,7,0.1428571429,-0.589872848,-0.073484,0.730255,-0.707135485
050116,0.7008288521,0.8804610806,0.4152897771,1.6224033631,1.3082676195,0.2907440456,1.578326552,1,1,1,1,1,1,1,7,0.1428571429,0.9709030414,-0.073484,0.730255,1.4301665869
050118,,,0.6140252308,0.6971661174,-0.039010141,-0.029629352,,0,0,1,1,1,1,0,4,0.25,0.3106379639,-0.073484,0.730255,0.5260099248
050121,-1.806173191,,-0.909613248,-0.8757372,-0.937195315,-2.646012097,-0.540007967,1,0,1,1,1,1,1,6,0.1666666667,-1.285789836,-0.073484,0.730255,-1.660113316
050122,-1.414454121,-3.091565172,,-0.736951613,-0.557193895,-0.029629352,-0.528861094,1,1,0,1,1,1,1,6,0.1666666667,-1.059775875,-0.073484,0.730255,-1.350613335
050124,0.7791726659,,0.7465155333,1.437355914,0.8591750327,1.35865537,,1,0,1,1,1,1,0,5,0.2,1.0361749032,-0.073484,0.730255,1.5195488528
050125,-0.1609531,,0.2165543233,1.2060466026,-0.453557144,0.8246997078,0.5909708758,1,0,1,1,1,1,1,6,0.1666666667,0.3706268775,-0.073484,0.730255,0.6081578041
050126,0.6224850383,,-0.247161735,1.9462363991,0.6864471147,-0.403398315,0.8696426906,1,0,1,1,1,1,1,6,0.1666666667,0.5790418653,-0.073484,0.730255,0.8935580261
050127,,,0.2827994746,-1.800974446,-0.039010141,0.7713041416,,0,0,1,1,1,1,0,4,0.25,-0.196470243,-0.073484,0.730255,-0.168416116
050128,0.0740783415,,-1.837045366,1.0209991534,-0.177192475,-0.18981605,-0.651905418,1,0,1,1,1,1,1,6,0.1666666667,-0.293480302,-0.073484,0.730255,-0.301260173
050129,-1.022735052,-0.44354767,-0.909613248,0.7434279797,-0.591739479,0.7179085754,0.5982592155,1,1,1,1,1,1,1,7,0.1428571429,-0.129719954,-0.073484,0.730255,-0.077009315
050131,,,,-0.181809266,0.0300810262,0.8780952741,,0,0,0,1,1,1,0,3,0.3333333333,0.2421223448,-0.073484,0.730255,0.4321857084
050132,-0.631015983,,0.4152897771,1.6686652254,1.3428132031,1.3052598038,,1,0,1,1,1,1,0,5,0.2,0.8202024053,-0.073484,0.730255,1.2237994947
050133,-0.552672169,-3.934116195,0.8127606846,1.2060466026,-0.488102728,-1.097540676,-1.577095844,1,1,1,1,1,1,1,7,0.1428571429,-0.804388618,-0.073484,0.730255,-1.000890023
050135,1.7976422458,,1.9389282559,2.2700694351,3.2428203012,0.3975351781,-0.443973372,1,0,1,1,1,1,1,6,0.1666666667,1.5338370073,-0.073484,0.730255,2.2010395484
050136,0.6224850383,,0.8127606846,0.6046423929,1.0319029507,0.7713041416,,1,0,1,1,1,1,0,5,0.2,0.7686190416,-0.073484,0.730255,1.1531620439
050137,,,,,,,,0,0,0,0,0,0,0,0,,,-0.073484,0.730255,
050138,,,,,,0.2373484794,,0,0,0,0,0,1,0,1,1,0.2373484794,-0.073484,0.730255,0.4256484519
050139,,,,,,,,0,0,0,0,0,0,0,0,,,-0.073484,0.730255,
050140,,,,0.6509042552,-1.1790144,-0.18981605,,0,0,0,1,1,1,0,3,0.3333333333,-0.239308732,-0.073484,0.730255,-0.227078472
050145,0.9358602936,-0.082454375,0.6140252308,1.8537126745,0.3755368623,0.5043263105,0.5408099491,1,1,1,1,1,1,1,7,0.1428571429,0.6774024209,-0.073484,0.730255,1.0282514313
050149,,,-0.114671433,0.8822135666,0.7900838655,0.3975351781,,0,0,1,1,1,1,0,4,0.25,0.4887902943,-0.073484,0.730255,0.7699689374
050150,-0.239296914,,-0.379652038,0.0495000455,0.7555382819,0.1839529132,,1,0,1,1,1,1,0,5,0.2,0.0740084577,-0.073484,0.730255,0.2019731829
050152,,,0.6140252308,-0.690689751,1.0664485343,0.2373484794,,0,0,1,1,1,1,0,4,0.25,0.3067831234,-0.073484,0.730255,0.5207311665
050158,,,,0.6046423929,1.6882690391,,,0,0,0,1,1,0,0,2,0.5,1.146455716,-0.073484,0.730255,1.6705656716
050159,,,0.2165543233,0.2345474946,0.1682633606,0.1839529132,,0,0,1,1,1,1,0,4,0.25,0.2008295229,-0.073484,0.730255,0.3756399645
050167,,,-0.777122945,-0.736951613,0.3755368623,-0.510189448,-0.196598546,0,0,1,1,1,1,1,5,0.2,-0.369065138,-0.073484,0.730255,-0.404764864
050168,0.6224850383,0.6397322168,-1.638309912,-0.089285541,-0.31537481,1.2518642376,1.6456365135,1,1,1,1,1,1,1,7,0.1428571429,0.3023925347,-0.073484,0.730255,0.5147187631
050169,-0.1609531,-0.202818807,1.3427218946,0.7434279797,0.7555382819,-1.631496338,0.7050119569,1,1,1,1,1,1,1,7,0.1428571429,0.221633124,-0.073484,0.730255,0.4041280902
050174,-1.571141749,0.399003353,1.0114961383,0.7434279797,0.5137191967,0.0771617807,-0.463266036,1,1,1,1,1,1,1,7,0.1428571429,0.101485809,-0.073484,0.730255,0.2396002377
050179,-0.082609286,,0.0840640208,0.5121186683,-0.764467397,-0.136420484,0.2046888678,1,0,1,1,1,1,1,6,0.1666666667,-0.030437602,-0.073484,0.730255,0.0589463841
050180,-0.709359797,,1.4752121971,1.5298796386,0.8591750327,-1.791683037,-0.320071596,1,0,1,1,1,1,1,6,0.1666666667,0.1738587398,-0.073484,0.730255,0.3387065962
050191,0.9358602936,,1.1439864408,0.8822135666,0.4100824459,0.3441396118,-0.374091055,1,0,1,1,1,1,1,6,0.1666666667,0.5570318839,-0.073484,0.730255,0.8634179021
050192,,,,,,,,0,0,0,0,0,0,0,0,,,-0.073484,0.730255,
050194,,,0.0840640208,0.3270712192,-0.522648311,0.0237662145,,0,0,1,1,1,1,0,4,0.25,-0.021936714,-0.073484,0.730255,0.0705873663
050195,-0.082609286,-0.082454375,-0.247161735,0.2808093569,-0.868104147,1.2518642376,-1.960376771,1,1,1,1,1,1,1,7,0.1428571429,-0.244004674,-0.073484,0.730255,-0.233509022
050197,0.6224850383,0.1582744892,,1.0209991534,1.1355397015,-0.029629352,2.6544284832,1,1,0,1,1,1,1,6,0.1666666667,0.9270162523,-0.073484,0.730255,1.3700687049
050204,-1.806173191,,-0.114671433,0.14202377,-1.144468816,0.1839529132,1.3455284052,1,0,1,1,1,1,1,6,0.1666666667,-0.232301392,-0.073484,0.730255,-0.217482731
050211,,,0.4815349283,-0.274332991,0.5137191967,1.35865537,,0,0,1,1,1,1,0,4,0.25,0.5198941261,-0.073484,0.730255,0.8125620379
050222,0.1524221553,0.0379100573,1.2102315921,0.4195949437,1.2046308687,1.0916775389,-0.380093218,1,1,1,1,1,1,1,7,0.1428571429,0.5337677055,-0.073484,0.730255,0.8315603003
050224,0.2307659691,0.8804610806,1.3427218946,-0.274332991,0.4791736131,2.1061932971,0.5352365128,1,1,1,1,1,1,1,7,0.1428571429,0.7571741967,-0.073484,0.730255,1.1374896524
050226,1.0142041074,,0.1503091721,1.5298796386,1.6537234555,-0.830562845,0.5609600649,1,0,1,1,1,1,1,6,0.1666666667,0.6797522656,-0.073484,0.730255,1.0314692718
050228,-0.474328355,,1.4752121971,1.437355914,1.5500867047,0.9314908403,-2.653197775,1,0,1,1,1,1,1,6,0.1666666667,0.377769921,-0.073484,0.730255,0.617939376
050230,,,0.2827994746,0.0495000455,0.9282661999,1.0916775389,,0,0,1,1,1,1,0,4,0.25,0.5880608147,-0.073484,0.730255,0.9059084342
050231,0.7008288521,-0.925005398,-1.439574458,0.7434279797,0.5137191967,-0.883958411,-1.337866809,1,1,1,1,1,1,1,7,0.1428571429,-0.375489864,-0.073484,0.730255,-0.413562783
050232,0.7791726659,-0.323183238,0.9452509871,-0.366856715,-0.660830646,-1.257727375,1.293652575,1,1,1,1,1,1,1,7,0.1428571429,0.0584968934,-0.073484,0.730255,0.1807318896
050234,,,,0.0957619077,1.3082676195,0.8246997078,,0,0,0,1,1,1,0,3,0.3333333333,0.742909745,-0.073484,0.730255,1.1179561356
050235,-0.004265472,-0.202818807,1.0114961383,0.8359517043,1.1355397015,1.1984686714,0.3564578254,1,1,1,1,1,1,1,7,0.1428571429,0.618689966,-0.073484,0.730255,0.9478515146
050236,0.7008288521,,-0.180916584,0.9747372911,1.5846322883,0.0771617807,-0.459836229,1,0,1,1,1,1,1,6,0.1666666667,0.4494345665,-0.073484,0.730255,0.7160758198
050238,-0.317640728,,0.8790058358,0.5583805306,0.4791736131,1.0916775389,0.4576371305,1,0,1,1,1,1,1,6,0.1666666667,0.5247056535,-0.073484,0.730255,0.8191508682
050239,1.5626108043,0.8804610806,1.4089670459,1.3910940517,1.5155411211,1.2518642376,-0.32478758,1,1,1,1,1,1,1,7,0.1428571429,1.0979643944,-0.073484,0.730255,1.6041624148
050242,0.3874535968,0.1582744892,0.0840640208,0.3733330814,-0.108101308,0.6111174429,2.0542122666,1,1,1,1,1,1,1,7,0.1428571429,0.5086219414,-0.073484,0.730255,0.7971260845
050243,-0.317640728,0.5193677849,-0.710877794,-0.551904164,-0.453557144,-0.670376146,0.1399512616,1,1,1,1,1,1,1,7,0.1428571429,-0.292148133,-0.073484,0.730255,-0.299435921
050245,,,,0.5583805306,0.133717777,-0.937353977,,0,0,0,1,1,1,0,3,0.3333333333,-0.08175189,-0.073484,0.730255,-0.011322599
050248,,,-0.180916584,0.8822135666,0.2373545278,0.4509307443,-0.069266962,0,0,1,1,1,1,1,5,0.2,0.2640630584,-0.073484,0.730255,0.4622309782
050254,-0.082609286,,-0.048426282,-0.45938044,0.7209926983,-0.350002749,,1,0,1,1,1,1,0,5,0.2,-0.043885212,-0.073484,0.730255,0.0405314374
050257,,,0.6140252308,,-0.108101308,,,0,0,1,0,1,0,0,2,0.5,0.2529619613,-0.073484,0.730255,0.4470293096
05025F,1.2492355489,,-0.313406887,-0.274332991,-0.626285062,,,1,0,1,1,1,0,0,4,0.25,0.0088026524,-0.073484,0.730255,0.1126813737
050261,0.309109783,,-1.903290517,-0.505642302,-3.079021498,-0.937353977,,1,0,1,1,1,1,0,5,0.2,-1.223239702,-0.073484,0.730255,-1.574458142
050262,1.2492355489,1.0008255125,1.4089670459,1.6224033631,1.7919057899,0.7179085754,1.0634267834,1,1,1,1,1,1,1,7,0.1428571429,1.2649532313,-0.073484,0.730255,1.8328343142
050272,,,-1.770800214,-0.45938044,0.5482647803,-3.553736722,-0.382236847,0,0,1,1,1,1,1,5,0.2,-1.123577889,-0.073484,0.730255,-1.437982814
050276,,,0.4815349283,0.789689842,-1.282651151,0.130557347,,0,0,1,1,1,1,0,4,0.25,0.0297827417,-0.073484,0.730255,0.1414111796
050278,0.7791726659,,0.4152897771,0.4195949437,0.8246294491,1.1450731052,-0.799387117,1,0,1,1,1,1,1,6,0.1666666667,0.4640621373,-0.073484,0.730255,0.7361065863
050279,,,,-0.45938044,-0.902649731,,,0,0,0,1,1,0,0,2,0.5,-0.681015085,-0.073484,0.730255,-0.831944239
05027F,1.2492355489,,0.8127606846,2.8252117825,2.1028160424,,1.0244127293,1,0,1,1,1,0,1,5,0.2,1.6028873575,-0.073484,0.730255,2.2955960171
050280,0.2307659691,-1.767556421,-0.313406887,-2.07854562,0.5137191967,-0.350002749,-0.630897851,1,1,1,1,1,1,1,7,0.1428571429,-0.627989195,-0.073484,0.730255,-0.759331414
050281,,,,0.0032381832,1.1700852851,-0.083024918,,0,0,0,1,1,1,0,3,0.3333333333,0.3634328501,-0.073484,0.730255,0.5983064156
050283,0.7791726659,0.5193677849,-1.439574458,0.2345474946,1.0664485343,1.1984686714,0.6205529607,1,1,1,1,1,1,1,7,0.1428571429,0.4255690934,-0.073484,0.730255,0.6833948145
050289,-0.944391238,,0.1503091721,0.0495000455,-0.142646892,-2.432429832,0.6694277098,1,0,1,1,1,1,1,6,0.1666666667,-0.441705172,-0.073484,0.730255,-0.50423699
050290,0.9358602936,-0.925005398,-0.777122945,1.2060466026,1.3082676195,1.35865537,1.3108016098,1,1,1,1,1,1,1,7,0.1428571429,0.6310718789,-0.073484,0.730255,0.9648071123
050291,1.2492355489,,0.4152897771,0.5121186683,0.133717777,0.7713041416,0.32173103,1,0,1,1,1,1,1,6,0.1666666667,0.5672328238,-0.073484,0.730255,0.8773869095
050292,,,0.7465155333,-0.135547404,0.3755368623,-0.510189448,-1.357588199,0,0,1,1,1,1,1,5,0.2,-0.176254531,-0.073484,0.730255,-0.140733036
050295,-0.1609531,,-1.572064761,-0.644427889,-0.868104147,-0.777167279,-0.105279935,1,0,1,1,1,1,1,6,0.1666666667,-0.687999519,-0.073484,0.730255,-0.841508612
050298,,,,0.0957619077,-2.111745157,,,0,0,0,1,1,0,0,2,0.5,-1.007991625,-0.073484,0.730255,-1.279700794
050300,0.309109783,,0.0840640208,0.6509042552,-0.039010141,-0.456793881,0.3474545822,1,0,1,1,1,1,1,6,0.1666666667,0.1492881031,-0.073484,0.730255,0.305059951
050301,,,0.4152897771,0.9284754289,0.8591750327,-0.670376146,0.0349134237,0,0,1,1,1,1,1,5,0.2,0.3134955032,-0.073484,0.730255,0.5299229943
050305,0.2307659691,,1.5414573484,1.4836177763,1.1355397015,0.9314908403,0.4301986749,1,0,1,1,1,1,1,6,0.1666666667,0.9588450517,-0.073484,0.730255,1.4136545646
050308,0.309109783,0.6397322168,-0.909613248,1.113522878,0.9282661999,0.5577218767,0.4602094857,1,1,1,1,1,1,1,7,0.1428571429,0.4427070274,-0.073484,0.730255,0.7068632331
050309,1.0925479213,,-0.578387492,-0.228071128,0.6173559475,0.9314908403,1.0132658567,1,0,1,1,1,1,1,6,0.1666666667,0.4747003243,-0.073484,0.730255,0.7506743531
05030F,0.2307659691,,1.3427218946,1.76118895,1.5846322883,,0.1468108755,1,0,1,1,1,0,1,5,0.2,1.0132239955,-0.073484,0.730255,1.488120239
050313,,,1.1439864408,0.7434279797,1.0319029507,0.130557347,,0,0,1,1,1,1,0,4,0.25,0.7624686796,-0.073484,0.730255,1.1447398344
050315,,,,-0.45938044,-0.004464557,-1.097540676,-0.899280245,0,0,0,1,1,1,1,4,0.25,-0.61516648,-0.073484,0.730255,-0.741772189
05031F,1.6409546181,,1.6739476509,1.9462363991,2.137361626,,1.5796127297,1,0,1,1,1,0,1,5,0.2,1.7956226047,-0.073484,0.730255,2.5595246477
050320,-0.552672169,,1.3427218946,-0.366856715,0.5828103639,-1.364518507,0.1356640029,1,0,1,1,1,1,1,6,0.1666666667,-0.037141855,-0.073484,0.730255,0.0497656845
050324,2.4243927564,0.7600966487,0.6802703821,1.0209991534,1.0319029507,-1.684891905,-0.558014453,1,1,1,1,1,1,1,7,0.1428571429,0.5249650762,-0.073484,0.730255,0.8195061176
050327,0.1524221553,0.6397322168,0.2827994746,-0.505642302,-0.177192475,-0.136420484,-0.175590978,1,1,1,1,1,1,1,7,0.1428571429,0.0114439439,-0.073484,0.730255,0.116298317
050329,0.9358602936,,0.3490446258,0.7434279797,-0.039010141,0.130557347,0.2201229991,1,0,1,1,1,1,1,6,0.1666666667,0.3900005174,-0.073484,0.730255,0.6346877632
050334,0.0740783415,0.7600966487,0.8127606846,0.6971661174,1.2046308687,0.2373484794,-0.968733836,1,1,1,1,1,1,1,7,0.1428571429,0.4024781864,-0.073484,0.730255,0.6517744879
050335,1.4059231766,,-0.313406887,-0.968260925,0.4791736131,-0.029629352,-1.111070824,1,0,1,1,1,1,1,6,0.1666666667,-0.0895452,-0.073484,0.730255,-0.021994635
050336,-0.552672169,,0.8790058358,-0.228071128,0.5482647803,-0.350002749,0.4777872463,1,0,1,1,1,1,1,6,0.1666666667,0.1290519693,-0.073484,0.730255,0.2773489061
050342,,,-0.114671433,0.6971661174,0.8246294491,0.7179085754,,0,0,1,1,1,1,0,4,0.25,0.5312581772,-0.073484,0.730255,0.8281237916
050348,-1.336110308,-0.563912102,0.2827994746,-0.320594853,0.9282661999,-0.083024918,3.4098434644,1,1,1,1,1,1,1,7,0.1428571429,0.3310381369,-0.073484,0.730255,0.5539456024
050350,-0.317640728,,0.2165543233,-0.043023679,1.2391764523,0.5577218767,,1,0,1,1,1,1,0,5,0.2,0.3305576491,-0.073484,0.730255,0.5532876299
050351,0.6224850383,0.8804610806,0.3490446258,1.2985703271,1.2046308687,-0.243211617,-0.235183874,1,1,1,1,1,1,1,7,0.1428571429,0.5538280643,-0.073484,0.730255,0.8590306417
050352,,,,-0.690689751,0.7209926983,,,0,0,0,1,1,0,0,2,0.5,0.0151514736,-0.073484,0.730255,0.1213753501
050353,1.0142041074,,0.2827994746,-0.274332991,0.2373545278,2.1061932971,1.4025489458,1,0,1,1,1,1,1,6,0.1666666667,0.7947945604,-0.073484,0.730255,1.1890063896
050357,,,,1.1597847403,0.9628117835,,,0,0,0,1,1,0,0,2,0.5,1.0612982619,-0.073484,0.730255,1.5539523869
050360,2.0326736873,0.7600966487,1.4089670459,1.2060466026,1.4464499539,0.6645130092,-0.328646113,1,1,1,1,1,1,1,7,0.1428571429,1.027157262,-0.073484,0.730255,1.5072002361
050367,-0.552672169,-2.730471876,0.7465155333,0.465856806,-0.142646892,-0.670376146,0.7123002967,1,1,1,1,1,1,1,7,0.1428571429,-0.310213493,-0.073484,0.730255,-0.324174342
050373,1.0925479213,,0.6802703821,0.465856806,-0.660830646,0.5577218767,0.6539935785,1,0,1,1,1,1,1,6,0.1666666667,0.4649266531,-0.073484,0.730255,0.7372904408
050376,-0.082609286,,-0.777122945,0.5121186683,0.7209926983,0.0771617807,0.3697483274,1,0,1,1,1,1,1,6,0.1666666667,0.1367148738,-0.073484,0.730255,0.2878423676
050378,,,,,,,,0,0,0,0,0,0,0,0,,,-0.073484,0.730255,
050380,0.7008288521,1.0008255125,0.0178188695,-0.181809266,-0.004464557,1.0916775389,0.8143370535,1,1,1,1,1,1,1,7,0.1428571429,0.4913162862,-0.073484,0.730255,0.7734279912
050382,-2.354579887,-0.323183238,0.0178188695,-1.199570236,-1.697198154,0.2907440456,-0.479986345,1,1,1,1,1,1,1,7,0.1428571429,-0.820850707,-0.073484,0.730255,-1.02343295
050390,,,0.3490446258,-1.384617685,0.4791736131,-0.990749544,,0,0,1,1,1,1,0,4,0.25,-0.386787248,-0.073484,0.730255,-0.429033243
050393,0.7008288521,,,-0.551904164,1.0319029507,-0.403398315,,1,0,0,1,1,1,0,4,0.25,0.1943573308,-0.073484,0.730255,0.366777046
050394,0.0740783415,-0.323183238,0.2165543233,0.1882856323,-0.764467397,0.130557347,-0.574734762,1,1,1,1,1,1,1,7,0.1428571429,-0.150415679,-0.073484,0.730255,-0.105349717
050396,0.6224850383,0.1582744892,0.4815349283,0.3733330814,1.4809955375,0.6111174429,1.3386687913,1,1,1,1,1,1,1,7,0.1428571429,0.7237727584,-0.073484,0.730255,1.0917502457
050407,,,,-0.320594853,0.2028089442,1.35865537,,0,0,0,1,1,1,0,3,0.3333333333,0.4136231538,-0.073484,0.730255,0.6670362318
050411,,,,,,,,0,0,0,0,0,0,0,0,,,-0.073484,0.730255,
050414,-0.239296914,,0.6802703821,0.2345474946,0.5482647803,0.5577218767,,1,0,1,1,1,1,0,5,0.2,0.356301524,-0.073484,0.730255,0.5885408892
050417,0.6224850383,,-0.048426282,-2.679949829,1.4119043703,-0.083024918,,1,0,1,1,1,1,0,5,0.2,-0.155402324,-0.073484,0.730255,-0.112178351
050424,,,,1.5298796386,1.5155411211,0.5043263105,0.7002959723,0,0,0,1,1,1,1,4,0.25,1.0625107606,-0.073484,0.730255,1.5556127637
050425,,,,0.3733330814,0.0646266098,-0.243211617,,0,0,0,1,1,1,0,3,0.3333333333,0.0649160249,-0.073484,0.730255,0.1895221477
050426,1.2492355489,,0.6802703821,0.6046423929,0.7555382819,-0.510189448,-1.224683179,1,0,1,1,1,1,1,6,0.1666666667,0.2591356631,-0.073484,0.730255,0.4554834802
050438,0.1524221553,0.8804610806,-0.048426282,0.4195949437,1.5155411211,0.4509307443,0.0344846978,1,1,1,1,1,1,1,7,0.1428571429,0.4864297802,-0.073484,0.730255,0.7667364863
050441,2.8161118256,1.1211899444,1.0777412896,2.0387601237,1.7573602063,0.7713041416,0.6218391383,1,1,1,1,1,1,1,7,0.1428571429,1.4577580957,-0.073484,0.730255,2.0968582775
050444,-1.806173191,,-0.048426282,-0.921999063,-1.040832065,0.7713041416,-0.50228009,1,0,1,1,1,1,1,6,0.1666666667,-0.591401091,-0.073484,0.730255,-0.709228238
050454,1.7192984319,0.6397322168,1.1439864408,1.8999745368,2.137361626,1.2518642376,2.4640741974,1,1,1,1,1,1,1,7,0.1428571429,1.6080416696,-0.073484,0.730255,2.3026542514
050455,-1.727829377,,-0.048426282,-0.135547404,-1.489924652,-3.713923421,-0.396813526,1,0,1,1,1,1,1,6,0.1666666667,-1.252077444,-0.073484,0.730255,-1.613948093
050457,0.7791726659,,0.0178188695,1.2985703271,2.2409983768,-0.136420484,-0.404530592,1,0,1,1,1,1,1,6,0.1666666667,0.6326015272,-0.073484,0.730255,0.9669017887
050464,-1.022735052,-0.684276534,-0.180916584,-1.107046512,-1.697198154,-0.403398315,-0.338506808,1,1,1,1,1,1,1,7,0.1428571429,-0.776296851,-0.073484,0.730255,-0.962421598
050468,,,0.0178188695,0.3733330814,0.8591750327,0.4509307443,,0,0,1,1,1,1,0,4,0.25,0.425314432,-0.073484,0.730255,0.6830460852
050471,0.7008288521,0.5193677849,0.6802703821,1.2060466026,0.2719001114,-1.150936242,-0.519429125,1,1,1,1,1,1,1,7,0.1428571429,0.2440069094,-0.073484,0.730255,0.4347664017
050481,1.4059231766,-0.082454375,0.7465155333,1.3910940517,0.6173559475,1.35865537,2.0747911083,1,1,1,1,1,1,1,7,0.1428571429,1.0731258304,-0.073484,0.730255,1.5701488741
050485,0.0740783415,0.1582744892,0.6140252308,0.6509042552,0.2028089442,1.2518642376,-0.881702484,1,1,1,1,1,1,1,7,0.1428571429,0.2957504306,-0.073484,0.730255,0.5056231697
050488,1.0925479213,,-0.180916584,0.2345474946,-0.211738059,1.0382819727,1.8201279422,1,0,1,1,1,1,1,6,0.1666666667,0.6321417813,-0.073484,0.730255,0.9662722198
050492,-2.041204632,,0.2827994746,-1.199570236,-0.488102728,-0.456793881,-0.808819087,1,0,1,1,1,1,1,6,0.1666666667,-0.785281848,-0.073484,0.730255,-0.974725512
050496,1.8759860596,1.7230121039,0.7465155333,0.8822135666,1.2046308687,-1.631496338,-0.452547889,1,1,1,1,1,1,1,7,0.1428571429,0.6211877006,-0.073484,0.730255,0.9512718733
050498,-0.004265472,,-0.710877794,-0.598166027,1.2046308687,-0.243211617,0.3954718795,1,0,1,1,1,1,1,6,0.1666666667,0.0072636397,-0.073484,0.730255,0.1105738739
050503,1.0142041074,,0.4152897771,1.6224033631,1.7919057899,-0.296607183,0.5047969761,1,0,1,1,1,1,1,6,0.1666666667,0.8419988051,-0.073484,0.730255,1.2536471435
050506,,,0.2165543233,-1.014522787,0.7555382819,-0.830562845,-1.865628354,0,0,1,1,1,1,1,5,0.2,-0.547724276,-0.073484,0.730255,-0.649417891
050510,,,,,,,,0,0,0,0,0,0,0,0,,,-0.073484,0.730255,
050512,,,,,,,,0,0,0,0,0,0,0,0,,,-0.073484,0.730255,
050515,,,,-0.598166027,,,,0,0,0,1,0,0,0,1,1,-0.598166027,-0.073484,0.730255,-0.718492034
050516,-0.474328355,-0.082454375,-1.042103551,0.14202377,-0.31537481,0.2907440456,-0.868840708,1,1,1,1,1,1,1,7,0.1428571429,-0.335761998,-0.073484,0.730255,-0.359160064
050517,,,,-0.228071128,-0.384465977,,,0,0,0,1,1,0,0,2,0.5,-0.306268553,-0.073484,0.730255,-0.318772203
050523,-0.787703611,,0.0178188695,1.113522878,0.5828103639,-1.204331809,-0.007101711,1,0,1,1,1,1,1,6,0.1666666667,-0.047497503,-0.073484,0.730255,0.0355848219
050526,,,,0.8359517043,1.1009941179,,,0,0,0,1,1,0,0,2,0.5,0.9684729111,-0.073484,0.730255,1.4268388045
050528,,,,-0.736951613,-0.453557144,,,0,0,0,1,1,0,0,2,0.5,-0.595254379,-0.073484,0.730255,-0.71450487
050534,-0.866047425,,,-0.736951613,-0.660830646,-0.61698058,,1,0,0,1,1,1,0,4,0.25,-0.720202566,-0.073484,0.730255,-0.885606961
050537,,,-0.843368097,0.2808093569,0.5828103639,0.2373484794,,0,0,1,1,1,1,0,4,0.25,0.0644000259,-0.073484,0.730255,0.1888155467
050541,,,,,,0.130557347,,0,0,0,0,0,1,0,1,1,0.130557347,-0.073484,0.730255,0.2794103467
050543,,,,,,,,0,0,0,0,0,0,0,0,,,-0.073484,0.730255,
050549,1.5626108043,-0.202818807,1.4752121971,2.0387601237,1.1009941179,0.8246997078,0.9721081733,1,1,1,1,1,1,1,7,0.1428571429,1.1102237597,-0.073484,0.730255,1.6209501977
050551,-0.1609531,,-0.048426282,0.9284754289,0.7555382819,1.0382819727,-1.241403488,1,0,1,1,1,1,1,6,0.1666666667,0.2119188022,-0.073484,0.730255,0.39082545
050557,-0.787703611,0.2786389211,1.3427218946,-1.245832099,0.8246294491,0.1839529132,-1.016751133,1,1,1,1,1,1,1,7,0.1428571429,-0.060049095,-0.073484,0.730255,0.0183968688
050561,,,,,,,,0,0,0,0,0,0,0,0,,,-0.073484,0.730255,
050567,-0.944391238,0.6397322168,-0.379652038,-0.320594853,0.3409912786,-0.296607183,0.1931132693,1,1,1,1,1,1,1,7,0.1428571429,-0.109629792,-0.073484,0.730255,-0.049498162
050570,-0.395984542,0.0379100573,0.0840640208,1.2523084649,0.4791736131,-0.029629352,-0.647189434,1,1,1,1,1,1,1,7,0.1428571429,0.1115218327,-0.073484,0.730255,0.2533434114
050573,1.2492355489,0.399003353,-1.505819609,-0.45938044,0.0646266098,1.5188420687,1.4797196022,1,1,1,1,1,1,1,7,0.1428571429,0.392318162,-0.073484,0.730255,0.6378615095
050580,0.3874535968,,,0.6971661174,1.6537234555,,,1,0,0,1,1,0,0,3,0.3333333333,0.9127810566,-0.073484,0.730255,1.3505752507
050581,0.7008288521,,0.4152897771,0.2345474946,0.7209926983,0.3441396118,-1.473772909,1,0,1,1,1,1,1,6,0.1666666667,0.1570042541,-0.073484,0.730255,0.3156263274
050586,0.5441412244,,,1.1597847403,1.1700852851,,,1,0,0,1,1,0,0,3,0.3333333333,0.9580037499,-0.073484,0.730255,1.4125024991
050588,,,,0.8359517043,0.2028089442,,,0,0,0,1,1,0,0,2,0.5,0.5193803243,-0.073484,0.730255,0.8118584457
050589,-0.552672169,,,-0.366856715,-1.006286482,,,1,0,0,1,1,0,0,3,0.3333333333,-0.641938455,-0.073484,0.730255,-0.778433313
050590,-0.239296914,,-1.108348702,1.3448321894,-0.039010141,-0.830562845,,1,0,1,1,1,1,0,5,0.2,-0.174477282,-0.073484,0.730255,-0.1382993
050597,0.4657974106,,-0.644632643,0.6971661174,-0.211738059,0.1839529132,,1,0,1,1,1,1,0,5,0.2,0.0981091479,-0.073484,0.730255,0.2349762908
050599,0.3874535968,0.2786389211,0.7465155333,1.6224033631,1.8609969572,0.6645130092,2.2531410698,1,1,1,1,1,1,1,7,0.1428571429,1.1162374929,-0.073484,0.730255,1.6291853099
050603,0.7791726659,0.0379100573,0.1503091721,0.8359517043,0.133717777,0.0771617807,0.4271975938,1,1,1,1,1,1,1,7,0.1428571429,0.348774393,-0.073484,0.730255,0.5782333539
050604,,,,0.5121186683,,,,0,0,0,1,0,0,0,1,1,0.5121186683,-0.073484,0.730255,0.8019144476
050608,,,,0.0957619077,-0.971740898,,,0,0,0,1,1,0,0,2,0.5,-0.437989495,-0.073484,0.730255,-0.4991488
050609,,,,,,,,0,0,0,0,0,0,0,0,,,-0.073484,0.730255,
050624,-0.631015983,,1.5414573484,0.3270712192,0.4791736131,1.3052598038,0.9866848528,1,0,1,1,1,1,1,6,0.1666666667,0.6681051424,-0.073484,0.730255,1.0155198836
050625,3.1294870809,1.3619188082,2.2701540121,2.1312838483,2.0337248752,2.6401489594,2.2398505679,1,1,1,1,1,1,1,7,0.1428571429,2.2580811646,-0.073484,0.730255,3.1928081608
050633,,,0.2165543233,-0.45938044,-1.109923233,-0.456793881,,0,0,1,1,1,1,0,4,0.25,-0.452385808,-0.073484,0.730255,-0.518862884
050636,,,-0.247161735,0.3733330814,0.0646266098,-0.990749544,,0,0,1,1,1,1,0,4,0.25,-0.199987897,-0.073484,0.730255,-0.173233136
050641,,,,-0.505642302,-0.557193895,,,0,0,0,1,1,0,0,2,0.5,-0.531418098,-0.073484,0.730255,-0.627088467
050663,,,2.1376637096,1.76118895,2.9664556324,,,0,0,1,1,1,0,0,3,0.3333333333,2.2884360974,-0.073484,0.730255,3.2343757306
050668,,,,,-0.177192475,,,0,0,0,0,1,0,0,1,1,-0.177192475,-0.073484,0.730255,-0.142017443
050674,0.6224850383,,,0.4195949437,-0.902649731,-0.403398315,,1,0,0,1,1,1,0,4,0.25,-0.065992016,-0.073484,0.730255,0.0102587255
050677,,,,,,,,0,0,0,0,0,0,0,0,,,-0.073484,0.730255,
050678,-0.317640728,1.0008255125,1.1439864408,-0.181809266,1.6537234555,0.7713041416,0.3890409915,1,1,1,1,1,1,1,7,0.1428571429,0.6370615069,-0.073484,0.730255,0.9730092151
050684,,,,0.4195949437,0.3755368623,,,0,0,0,1,1,0,0,2,0.5,0.397565903,-0.073484,0.730255,0.6450476839
050686,,,,,,,,0,0,0,0,0,0,0,0,,,-0.073484,0.730255,
050689,-0.082609286,,-0.51214234,1.0209991534,0.9282661999,1.4654465025,,1,0,1,1,1,1,0,5,0.2,0.5639920458,-0.073484,0.730255,0.8729490389
050690,,,,,,,,0,0,0,0,0,0,0,0,,,-0.073484,0.730255,
050696,,0.1582744892,,1.2523084649,1.1009941179,0.0771617807,0.7980454705,0,1,0,1,1,1,1,5,0.2,0.6773568646,-0.073484,0.730255,1.0281890473
050697,,,,,,,,0,0,0,0,0,0,0,0,,,-0.073484,0.730255,
050701,0.2307659691,,0.8127606846,0.6971661174,0.5828103639,-0.350002749,-0.040971055,1,0,1,1,1,1,1,6,0.1666666667,0.3220882218,-0.073484,0.730255,0.5416897287
050704,,,0.7465155333,0.8359517043,1.0319029507,,-0.92157399,0,0,1,1,1,0,1,4,0.25,0.4231990496,-0.073484,0.730255,0.6801493136
050708,,,,,,,,0,0,0,0,0,0,0,0,,,-0.073484,0.730255,
050709,1.4842669904,,-1.572064761,1.3448321894,0.7209926983,0.3441396118,-0.148581248,1,0,1,1,1,1,1,6,0.1666666667,0.3622642469,-0.073484,0.730255,0.5967061486
050710,,,,,,,,0,0,0,0,0,0,0,0,,,-0.073484,0.730255,
050714,,,,,,,,0,0,0,0,0,0,0,0,,,-0.073484,0.730255,
050717,,,,,,,,0,0,0,0,0,0,0,0,,,-0.073484,0.730255,
050723,,,,,,,,0,0,0,0,0,0,0,0,,,-0.073484,0.730255,
050724,0.7791726659,0.2786389211,-1.572064761,-0.366856715,-1.835380488,0.9848864065,0.6629968217,1,1,1,1,1,1,1,7,0.1428571429,-0.152658164,-0.073484,0.730255,-0.108420541
050726,,,,,,,,0,0,0,0,0,0,0,0,,,-0.073484,0.730255,
050735,,,,0.465856806,0.8591750327,,,0,0,0,1,1,0,0,2,0.5,0.6625159193,-0.073484,0.730255,1.0078660891
050736,,,,1.0209991534,-0.280829226,,,0,0,0,1,1,0,0,2,0.5,0.3700849636,-0.073484,0.730255,0.6074157157
050737,-0.709359797,-0.323183238,-0.975858399,-0.413118577,-1.386287901,1.1984686714,,1,1,1,1,1,1,0,6,0.1666666667,-0.434889874,-0.073484,0.730255,-0.494904226
050738,-0.004265472,,,-0.45938044,-0.384465977,,,1,0,0,1,1,0,0,3,0.3333333333,-0.282703963,-0.073484,0.730255,-0.286503222
050739,1.4059231766,,1.2764767434,2.7789499202,1.9991792916,1.839215466,-0.733363334,1,0,1,1,1,1,1,6,0.1666666667,1.4277302107,-0.073484,0.730255,2.0557385619
050740,,,1.1439864408,0.8822135666,1.2046308687,1.0916775389,,0,0,1,1,1,1,0,4,0.25,1.0806271038,-0.073484,0.730255,1.5804210004
050744,,,,,0.2028089442,,,0,0,0,0,1,0,0,1,1,0.2028089442,-0.073484,0.730255,0.3783505531
050745,,,,,0.5828103639,,,0,0,0,0,1,0,0,1,1,0.5828103639,-0.073484,0.730255,0.898718549
050746,-0.1609531,,,1.0209991534,-0.349920393,0.6111174429,0.3834675552,1,0,0,1,1,1,1,5,0.2,0.3009421316,-0.073484,0.730255,0.5127326038
050747,,,,,0.0300810262,,,0,0,0,0,1,0,0,1,1,0.0300810262,-0.073484,0.730255,0.1418196458
050748,,,,,,,,0,0,0,0,0,0,0,0,,,-0.073484,0.730255,
050755,1.3275793628,,0.5477800796,1.8999745368,1.6882690391,0.5577218767,,1,0,1,1,1,1,0,5,0.2,1.204264979,-0.073484,0.730255,1.7497287715
050757,0.7008288521,,-0.180916584,0.5583805306,0.2028089442,0.5577218767,,1,0,1,1,1,1,0,5,0.2,0.3677647239,-0.073484,0.730255,0.6042384157
050758,,,,0.5583805306,1.6882690391,,,0,0,0,1,1,0,0,2,0.5,1.1233247849,-0.073484,0.730255,1.6388905366
050760,,,,,0.4100824459,1.1984686714,,0,0,0,0,1,1,0,2,0.5,0.8042755586,-0.073484,0.730255,1.2019895202
050761,1.2492355489,-1.04536983,0.6802703821,0.9747372911,0.4100824459,1.4654465025,1.7000846988,1,1,1,1,1,1,1,7,0.1428571429,0.7763552914,-0.073484,0.730255,1.1637559432
050763,,,2.0051734071,0.465856806,2.7937277144,,,0,0,1,1,1,0,0,3,0.3333333333,1.7549193092,-0.073484,0.730255,2.5037861919
050764,-1.414454121,-0.44354767,0.0178188695,-0.135547404,0.306445695,0.5043263105,-0.476127812,1,1,1,1,1,1,1,7,0.1428571429,-0.234440876,-0.073484,0.730255,-0.220412507
050765,,,,,,,,0,0,0,0,0,0,0,0,,,-0.073484,0.730255,
050766,,,,,,,,0,0,0,0,0,0,0,0,,,-0.073484,0.730255,
050767,,,,,,,,0,0,0,0,0,0,0,0,,,-0.073484,0.730255,
050769,,,,,,,0.1995441574,0,0,0,0,0,0,1,1,1,0.1995441574,-0.073484,0.730255,0.373879805
050770,-0.552672169,0.7600966487,0.6140252308,-0.228071128,-0.591739479,0.7713041416,-0.847833141,1,1,1,1,1,1,1,7,0.1428571429,-0.010698557,-0.073484,0.730255,0.0859767236
050771,,,,0.1882856323,0.133717777,,,0,0,0,1,1,0,0,2,0.5,0.1610017047,-0.073484,0.730255,0.3211003736
050772,-0.1609531,,,,,,,1,0,0,0,0,0,0,1,1,-0.1609531,-0.073484,0.730255,-0.119779496
050775,-0.474328355,-0.082454375,0.7465155333,0.9284754289,-0.419011561,-0.243211617,-0.750941094,1,1,1,1,1,1,1,7,0.1428571429,-0.042136577,-0.073484,0.730255,0.0429259903
050776,,,0.2165543233,0.3733330814,0.7555382819,,,0,0,1,1,1,0,0,3,0.3333333333,0.4484752289,-0.073484,0.730255,0.7147621179
050777,,,,,,,,0,0,0,0,0,0,0,0,,,-0.073484,0.730255,
050778,,,,,,,,0,0,0,0,0,0,0,0,,,-0.073484,0.730255,
050779,,,,0.3270712192,0.8591750327,,,0,0,0,1,1,0,0,2,0.5,0.5931231259,-0.073484,0.730255,0.912840684
050780,,,,0.6509042552,1.2737220359,,,0,0,0,1,1,0,0,2,0.5,0.9623131455,-0.073484,0.730255,1.4184037179
050782,,,,-0.598166027,0.7555382819,,,0,0,0,1,1,0,0,2,0.5,0.0786861277,-0.073484,0.730255,0.2083787109
050783,,,1.2102315921,0.5583805306,-0.729921813,,,0,0,1,1,1,0,0,3,0.3333333333,0.3462301032,-0.073484,0.730255,0.5747492432
050784,,,,-0.551904164,-0.349920393,,,0,0,0,1,1,0,0,2,0.5,-0.450912279,-0.073484,0.730255,-0.516845057
050785,,,,,,,,0,0,0,0,0,0,0,0,,,-0.073484,0.730255,
050855,,,,,,,,0,0,0,0,0,0,0,0,,,-0.073484,0.730255,
05114F,2.6594241979,,1.4752121971,2.6401643334,1.7573602063,,0.377465393,1,0,1,1,1,0,1,5,0.2,1.7819252656,-0.073484,0.730255,2.5407677259
05127F,1.0925479213,,-0.180916584,1.113522878,0.8591750327,,0.698152343,1,0,1,1,1,0,1,5,0.2,0.7164963182,-0.073484,0.730255,1.0817860023
05128F,1.6409546181,,1.4752121971,2.732688058,2.2409983768,,1.0707151232,1,0,1,1,1,0,1,5,0.2,1.8321136746,-0.073484,0.730255,2.6094949477
051300,,,,,0.5828103639,,,0,0,0,0,1,0,0,1,1,0.5828103639,-0.073484,0.730255,0.898718549
051301,,,,-0.598166027,-1.144468816,,,0,0,0,1,1,0,0,2,0.5,-0.871317421,-0.073484,0.730255,-1.092541279
051302,,,,,,,,0,0,0,0,0,0,0,0,,,-0.073484,0.730255,
051303,,,,,,,,0,0,0,0,0,0,0,0,,,-0.073484,0.730255,
051304,,,,-0.228071128,0.5828103639,,,0,0,0,1,1,0,0,2,0.5,0.1773696178,-0.073484,0.730255,0.3435143377
051305,,,,,0.0300810262,,,0,0,0,0,1,0,0,1,1,0.0300810262,-0.073484,0.730255,0.1418196458
051306,,,,,-0.384465977,,,0,0,0,0,1,0,0,1,1,-0.384465977,-0.073484,0.730255,-0.425854532
051307,,,,,,,,0,0,0,0,0,0,0,0,,,-0.073484,0.730255,
051309,,,,,,,,0,0,0,0,0,0,0,0,,,-0.073484,0.730255,
05130F,1.0925479213,,0.1503091721,1.76118895,1.7919057899,,-0.103993758,1,0,1,1,1,0,1,5,0.2,0.9383916151,-0.073484,0.730255,1.3856459486
051310,,,,0.0495000455,1.4809955375,-0.830562845,,0,0,0,1,1,1,0,3,0.3333333333,0.2333109127,-0.073484,0.730255,0.4201194712
051311,,,,,-0.522648311,,,0,0,0,0,1,0,0,1,1,-0.522648311,-0.073484,0.730255,-0.615079257
051312,,,,,,,,0,0,0,0,0,0,0,0,,,-0.073484,0.730255,
051314,,,0.6140252308,,-1.317196734,,,0,0,1,0,1,0,0,2,0.5,-0.351585752,-0.073484,0.730255,-0.380828866
051315,,,,,,,,0,0,0,0,0,0,0,0,,,-0.073484,0.730255,
051316,,,-5.811754441,-0.968260925,-0.177192475,-0.296607183,,0,0,1,1,1,1,0,4,0.25,-1.813453756,-0.073484,0.730255,-2.382688028
051317,,,-2.035780819,-1.569665135,-0.488102728,0.0771617807,,0,0,1,1,1,1,0,4,0.25,-1.004096725,-0.073484,0.730255,-1.274367179
051318,,,,-1.107046512,0.9628117835,,,0,0,0,1,1,0,0,2,0.5,-0.072117364,-0.073484,0.730255,0.0018707698
051319,,,-0.578387492,-0.690689751,0.5482647803,-0.777167279,,0,0,1,1,1,1,0,4,0.25,-0.374494935,-0.073484,0.730255,-0.412200343
051320,,,0.2827994746,-0.45938044,-0.937195315,,,0,0,1,1,1,0,0,3,0.3333333333,-0.37125876,-0.073484,0.730255,-0.407768775
051321,,,,,0.0646266098,,,0,0,0,0,1,0,0,1,1,0.0646266098,-0.073484,0.730255,0.1891258273
051323,,,,,,,,0,0,0,0,0,0,0,0,,,-0.073484,0.730255,
051324,,,,-0.968260925,0.306445695,,,0,0,0,1,1,0,0,2,0.5,-0.330907615,-0.073484,0.730255,-0.352512549
051325,,,-0.975858399,-0.181809266,-3.839024337,-0.296607183,,0,0,1,1,1,1,0,4,0.25,-1.323324796,-0.073484,0.730255,-1.711513103
051326,,,,,,,,0,0,0,0,0,0,0,0,,,-0.073484,0.730255,
051327,,,,,,,,0,0,0,0,0,0,0,0,,,-0.073484,0.730255,
051328,,,,-0.228071128,-0.246283643,,,0,0,0,1,1,0,0,2,0.5,-0.237177385,-0.073484,0.730255,-0.22415984
051329,,,-0.975858399,1.2060466026,1.1355397015,,,0,0,1,1,1,0,0,3,0.3333333333,0.4552426349,-0.073484,0.730255,0.7240292978
051330,,,-0.180916584,,-0.039010141,,,0,0,1,0,1,0,0,2,0.5,-0.109963363,-0.073484,0.730255,-0.049954948
051331,,,,,0.8591750327,,,0,0,0,0,1,0,0,1,1,0.8591750327,-0.073484,0.730255,1.2771680006
051332,,,0.4815349283,0.6971661174,-0.108101308,-0.403398315,,0,0,1,1,1,1,0,4,0.25,0.1668003556,-0.073484,0.730255,0.3290409554
051333,,,,,,,,0,0,0,0,0,0,0,0,,,-0.073484,0.730255,
051334,,,,,,,,0,0,0,0,0,0,0,0,,,-0.073484,0.730255,
051335,,,,,,,,0,0,0,0,0,0,0,0,,,-0.073484,0.730255,
051336,,,,,,,,0,0,0,0,0,0,0,0,,,-0.073484,0.730255,
051337,,,,,,,,0,0,0,0,0,0,0,0,,,-0.073484,0.730255,
060001,-0.1609531,-0.082454375,-0.247161735,-0.366856715,-0.660830646,0.3441396118,-0.245044569,1,1,1,1,1,1,1,7,0.1428571429,-0.202737361,-0.073484,0.730255,-0.17699821
060003,-0.239296914,,0.6802703821,-0.644427889,-0.039010141,0.2907440456,,1,0,1,1,1,1,0,5,0.2,0.0096558968,-0.073484,0.730255,0.1138497933
060004,,,,-0.8757372,-0.729921813,,,0,0,0,1,1,0,0,2,0.5,-0.802829507,-0.073484,0.730255,-0.998755
060006,0.3874535968,,-0.578387492,-0.320594853,-0.108101308,-0.563585014,,1,0,1,1,1,1,0,5,0.2,-0.236643014,-0.073484,0.730255,-0.22342808
060008,,,,-0.968260925,-0.522648311,,,0,0,0,1,1,0,0,2,0.5,-0.745454618,-0.073484,0.730255,-0.920186726
060009,1.3275793628,,-0.909613248,-0.366856715,-0.211738059,0.1839529132,-0.494134299,1,0,1,1,1,1,1,6,0.1666666667,-0.078468341,-0.073484,0.730255,-0.006826158
060010,1.0925479213,,-1.108348702,-0.644427889,1.3773587867,0.6645130092,1.4119809149,1,0,1,1,1,1,1,6,0.1666666667,0.4656040069,-0.073484,0.730255,0.7382179984
060011,,,,0.8359517043,0.7209926983,0.6111174429,0.400187864,0,0,0,1,1,1,1,4,0.25,0.6420624274,-0.073484,0.730255,0.9798573974
060012,,,,-0.181809266,,,,0,0,0,1,0,0,0,1,1,-0.181809266,-0.073484,0.730255,-0.148339604
060013,1.6409546181,,0.2827994746,-0.181809266,1.2046308687,-0.243211617,0.7680346596,1,0,1,1,1,1,1,6,0.1666666667,0.5785664564,-0.073484,0.730255,0.8929070086
060014,,,,0.3733330814,0.4100824459,,-0.697779086,0,0,0,1,1,0,1,3,0.3333333333,0.0285454803,-0.073484,0.730255,0.1397168933
060015,1.6409546181,0.5193677849,-0.51214234,1.3448321894,0.5137191967,-0.029629352,0.8460627678,1,1,1,1,1,1,1,7,0.1428571429,0.6175949807,-0.073484,0.730255,0.9463520588
060020,-0.395984542,-0.44354767,-0.710877794,-0.181809266,-0.453557144,0.8780952741,-0.048688121,1,1,1,1,1,1,1,7,0.1428571429,-0.193767038,-0.073484,0.730255,-0.164714389
060022,1.4059231766,0.7600966487,-1.108348702,0.2345474946,0.8591750327,-1.417914073,0.2797158949,1,1,1,1,1,1,1,7,0.1428571429,0.1447422103,-0.073484,0.730255,0.2988348766
060023,0.3874535968,0.5193677849,-0.379652038,-1.245832099,-1.593561403,0.5043263105,0.3963293312,1,1,1,1,1,1,1,7,0.1428571429,-0.201652645,-0.073484,0.730255,-0.175512816
060024,1.0142041074,0.0379100573,1.3427218946,0.789689842,1.3773587867,1.0382819727,1.1247345827,1,1,1,1,1,1,1,7,0.1428571429,0.9607001776,-0.073484,0.730255,1.416194945
060027,0.6224850383,-1.04536983,0.1503091721,0.6971661174,1.2737220359,-0.510189448,0.2394156632,1,1,1,1,1,1,1,7,0.1428571429,0.2039341071,-0.073484,0.730255,0.3798913334
060028,-0.239296914,0.6397322168,0.6140252308,0.5583805306,1.3082676195,,0.3564578254,1,1,1,1,1,0,1,6,0.1666666667,0.5395944182,-0.073484,0.730255,0.8395393095
060030,-0.004265472,,,-0.505642302,0.4100824459,-2.005265302,,1,0,0,1,1,1,0,4,0.25,-0.526272658,-0.073484,0.730255,-0.62004238
060031,1.7192984319,-0.804640966,-0.114671433,-0.043023679,0.4791736131,-1.257727375,1.0595682506,1,1,1,1,1,1,1,7,0.1428571429,0.1482824061,-0.073484,0.730255,0.3036827652
060032,-0.395984542,,-0.644632643,0.2808093569,1.3082676195,1.1450731052,0.6741436943,1,0,1,1,1,1,1,6,0.1666666667,0.3946127652,-0.073484,0.730255,0.6410037033
060034,1.6409546181,0.5193677849,-0.180916584,0.6509042552,0.5482647803,1.6256332012,2.1836874791,1,1,1,1,1,1,1,7,0.1428571429,0.9982707906,-0.073484,0.730255,1.4676435543
060044,,,,0.3270712192,-0.419011561,,,0,0,0,1,1,0,0,2,0.5,-0.045970171,-0.073484,0.730255,0.0376763271
060049,,,,,0.6864471147,,,0,0,0,0,1,0,0,1,1,0.6864471147,-0.073484,0.730255,1.0406370934
060054,,,-0.975858399,0.6509042552,0.6864471147,,,0,0,1,1,1,0,0,3,0.3333333333,0.1204976569,-0.073484,0.730255,0.2656347645
06005F,1.1708917351,,1.8726831046,1.9462363991,1.9300881244,,0.9969742737,1,0,1,1,1,0,1,5,0.2,1.5833747274,-0.073484,0.730255,2.2688757268
060064,0.9358602936,1.2415543763,0.2165543233,0.2808093569,1.1009941179,-0.136420484,1.1744667835,1,1,1,1,1,1,1,7,0.1428571429,0.6876883953,-0.073484,0.730255,1.0423368837
060065,-0.631015983,,-0.710877794,-0.690689751,-0.419011561,-0.029629352,,1,0,1,1,1,1,0,5,0.2,-0.496244888,-0.073484,0.730255,-0.578922823
060071,,,,-0.181809266,-0.004464557,,,0,0,0,1,1,0,0,2,0.5,-0.093136912,-0.073484,0.730255,-0.02691307
060075,2.1893613149,,,-0.366856715,1.1355397015,-1.364518507,,1,0,0,1,1,1,0,4,0.25,0.3983814485,-0.073484,0.730255,0.6461644792
060076,,,,-0.181809266,0.3409912786,,,0,0,0,1,1,0,0,2,0.5,0.0795910063,-0.073484,0.730255,0.2096178376
06007F,,,0.0840640208,1.2985703271,1.0319029507,,,0,0,1,1,1,0,0,3,0.3333333333,0.8048457662,-0.073484,0.730255,1.2027703535
060096,0.5441412244,,,0.4195949437,-0.177192475,,,1,0,0,1,1,0,0,3,0.3333333333,0.2621812309,-0.073484,0.730255,0.4596540331
060100,-0.082609286,-0.563912102,0.4152897771,0.8822135666,0.5828103639,0.8246997078,1.9414573631,1,1,1,1,1,1,1,7,0.1428571429,0.5714213414,-0.073484,0.730255,0.8831226
060103,,,,-1.430879548,0.5137191967,,,0,0,0,1,1,0,0,2,0.5,-0.458580175,-0.073484,0.730255,-0.527345355
060104,0.7791726659,,-0.843368097,0.14202377,0.5828103639,-0.830562845,,1,0,1,1,1,1,0,5,0.2,-0.033984828,-0.073484,0.730255,0.0540888673
060107,,,,,,,,0,0,0,0,0,0,0,0,,,-0.073484,0.730255,
060112,1.1708917351,,1.4089670459,1.0209991534,1.1009941179,0.5043263105,-0.039256152,1,0,1,1,1,1,1,6,0.1666666667,0.8611537019,-0.073484,0.730255,1.2798775592
060113,-0.787703611,,0.2827994746,0.7434279797,0.6519015311,0.1839529132,0.4267688679,1,0,1,1,1,1,1,6,0.1666666667,0.2501911926,-0.073484,0.730255,0.4432350624
060114,0.9358602936,,-3.029458088,0.3270712192,1.2737220359,0.3975351781,-1.258123797,1,0,1,1,1,1,1,6,0.1666666667,-0.225565526,-0.073484,0.730255,-0.208258742
060116,1.0142041074,,-0.313406887,0.6509042552,-0.211738059,0.7713041416,0.5322354317,1,0,1,1,1,1,1,6,0.1666666667,0.4072504984,-0.073484,0.730255,0.6583096172
060117,,,,,,,,0,0,0,0,0,0,0,0,,,-0.073484,0.730255,
060118,,,,,,,,0,0,0,0,0,0,0,0,,,-0.073484,0.730255,
060119,1.7976422458,-0.082454375,-1.439574458,0.2808093569,0.7900838655,-2.272243133,0.4194805282,1,1,1,1,1,1,1,7,0.1428571429,-0.072322281,-0.073484,0.730255,0.0015901594
060124,,,,,,,,0,0,0,0,0,0,0,0,,,-0.073484,0.730255,
060125,-0.709359797,,0.0178188695,0.7434279797,0.3755368623,0.1839529132,,1,0,1,1,1,1,0,5,0.2,0.1222753656,-0.073484,0.730255,0.268069131
060126,,,,,,,,0,0,0,0,0,0,0,0,,,-0.073484,0.730255,
060128,1.3275793628,,0.6140252308,0.0495000455,1.1355397015,0.5043263105,,1,0,1,1,1,1,0,5,0.2,0.7261941302,-0.073484,0.730255,1.0950660343
060129,,,,,,,,0,0,0,0,0,0,0,0,,,-0.073484,0.730255,
060130,,,,,1.0664485343,,,0,0,0,0,1,0,0,1,1,1.0664485343,-0.073484,0.730255,1.5610050893
060131,-0.239296914,,0.2827994746,-0.043023679,-0.177192475,-0.723771713,,1,0,1,1,1,1,0,5,0.2,-0.180097061,-0.073484,0.730255,-0.145994937
060132,0.309109783,,0.3490446258,1.6686652254,2.1028160424,1.0382819727,-1.081060013,1,0,1,1,1,1,1,6,0.1666666667,0.7311429393,-0.073484,0.730255,1.101842856
060133,,,,,,,,0,0,0,0,0,0,0,0,,,-0.073484,0.730255,
061300,,,,,,,,0,0,0,0,0,0,0,0,,,-0.073484,0.730255,
061301,,,0.0840640208,0.0032381832,-0.004464557,,,0,0,1,1,1,0,0,3,0.3333333333,0.0276125489,-0.073484,0.730255,0.1384393516
061302,,,,,,,,0,0,0,0,0,0,0,0,,,-0.073484,0.730255,
061303,,,,,-0.937195315,,,0,0,0,0,1,0,0,1,1,-0.937195315,-0.073484,0.730255,-1.182753435
061304,,,,,,,,0,0,0,0,0,0,0,0,,,-0.073484,0.730255,
061305,,,,,,,,0,0,0,0,0,0,0,0,,,-0.073484,0.730255,
061306,,,,,,,,0,0,0,0,0,0,0,0,,,-0.073484,0.730255,
061307,,,,,,,,0,0,0,0,0,0,0,0,,,-0.073484,0.730255,
061308,,,,,,,,0,0,0,0,0,0,0,0,,,-0.073484,0.730255,
061309,,,,,,,,0,0,0,0,0,0,0,0,,,-0.073484,0.730255,
061310,,,,,,,,0,0,0,0,0,0,0,0,,,-0.073484,0.730255,
061311,,,,,-0.729921813,,,0,0,0,0,1,0,0,1,1,-0.729921813,-0.073484,0.730255,-0.898916346
061312,,,,,-0.039010141,,,0,0,0,0,1,0,0,1,1,-0.039010141,-0.073484,0.730255,0.0472072829
061313,,,,,,,,0,0,0,0,0,0,0,0,,,-0.073484,0.730255,
061314,,,1.0114961383,,0.3409912786,,,0,0,1,0,1,0,0,2,0.5,0.6762437085,-0.073484,0.730255,1.0266647087
061315,,,,,,,,0,0,0,0,0,0,0,0,,,-0.073484,0.730255,
061316,,,,,,,,0,0,0,0,0,0,0,0,,,-0.073484,0.730255,
061317,,,,,,,,0,0,0,0,0,0,0,0,,,-0.073484,0.730255,
061318,,,,,,,,0,0,0,0,0,0,0,0,,,-0.073484,0.730255,
061319,,,,,,,,0,0,0,0,0,0,0,0,,,-0.073484,0.730255,
061320,,,,,,,,0,0,0,0,0,0,0,0,,,-0.073484,0.730255,
061321,,,,,0.5137191967,,,0,0,0,0,1,0,0,1,1,0.5137191967,-0.073484,0.730255,0.8041061861
061322,,,-0.843368097,,0.6864471147,,,0,0,1,0,1,0,0,2,0.5,-0.078460491,-0.073484,0.730255,-0.006815409
061323,,,,,,,,0,0,0,0,0,0,0,0,,,-0.073484,0.730255,
061324,,,,,,,,0,0,0,0,0,0,0,0,,,-0.073484,0.730255,
061325,,,,,-0.557193895,,,0,0,0,0,1,0,0,1,1,-0.557193895,-0.073484,0.730255,-0.662385439
061326,,,,,0.7209926983,,,0,0,0,0,1,0,0,1,1,0.7209926983,-0.073484,0.730255,1.0879432748
061327,,,,-1.89349817,0.5482647803,,,0,0,0,1,1,0,0,2,0.5,-0.672616695,-0.073484,0.730255,-0.820443615
061328,,,,,,,,0,0,0,0,0,0,0,0,,,-0.073484,0.730255,
061336,,,,,,,,0,0,0,0,0,0,0,0,,,-0.073484,0.730255,
061343,,,,,,,,0,0,0,0,0,0,0,0,,,-0.073484,0.730255,
061344,,,-0.710877794,0.1882856323,-0.31537481,,,0,0,1,1,1,0,0,3,0.3333333333,-0.279322324,-0.073484,0.730255,-0.281872459
070002,1.1708917351,0.6397322168,-0.445897189,0.1882856323,0.0300810262,-2.005265302,-1.41760982,1,1,1,1,1,1,1,7,0.1428571429,-0.262825957,-0.073484,0.730255,-0.259282593
070003,,,-1.042103551,-0.551904164,0.2028089442,-0.670376146,,0,0,1,1,1,1,0,4,0.25,-0.515393729,-0.073484,0.730255,-0.605144946
070004,,,-0.379652038,0.9284754289,0.6864471147,0.1839529132,,0,0,1,1,1,1,0,4,0.25,0.3548058547,-0.073484,0.730255,0.5864927431
070005,0.4657974106,0.8804610806,-0.644632643,0.0957619077,1.9300881244,-0.136420484,-1.043760863,1,1,1,1,1,1,1,7,0.1428571429,0.2210420762,-0.073484,0.730255,0.4033187186
070006,0.9358602936,0.5193677849,0.6140252308,0.3270712192,0.5482647803,0.7179085754,-0.720072832,1,1,1,1,1,1,1,7,0.1428571429,0.4203464361,-0.073484,0.730255,0.6762429893
070007,-0.082609286,,-0.909613248,1.113522878,-0.384465977,-0.029629352,0.632557285,1,0,1,1,1,1,1,6,0.1666666667,0.05662705,-0.073484,0.730255,0.1781713553
070008,,,1.2764767434,-0.8757372,-0.591739479,,,0,0,1,1,1,0,0,3,0.3333333333,-0.063666645,-0.073484,0.730255,0.013443052
070010,1.0142041074,0.1582744892,0.8790058358,0.789689842,1.7228146227,0.7179085754,-1.203675612,1,1,1,1,1,1,1,7,0.1428571429,0.582603123,-0.073484,0.730255,0.8984347566
070011,,,0.8790058358,0.14202377,0.5482647803,1.0382819727,,0,0,1,1,1,1,0,4,0.25,0.6518940897,-0.073484,0.730255,0.9933207218
070012,,,,,,,,0,0,0,0,0,0,0,0,,,-0.073484,0.730255,
070016,-0.709359797,,-0.445897189,-0.690689751,-0.349920393,-0.083024918,-1.179238237,1,0,1,1,1,1,1,6,0.1666666667,-0.576355048,-0.073484,0.730255,-0.688624421
070017,-1.649485563,,-0.777122945,-0.135547404,-0.211738059,0.5043263105,1.0947237718,1,0,1,1,1,1,1,6,0.1666666667,-0.195807315,-0.073484,0.730255,-0.167508313
070018,0.309109783,,1.1439864408,1.1597847403,1.1355397015,0.9314908403,-0.318356692,1,0,1,1,1,1,1,6,0.1666666667,0.7269258022,-0.073484,0.730255,1.0960679745
070020,-1.022735052,,-0.379652038,0.5121186683,0.7555382819,-0.777167279,,1,0,1,1,1,1,0,5,0.2,-0.182379484,-0.073484,0.730255,-0.149120451
070021,,,-0.313406887,0.465856806,0.2719001114,-0.243211617,,0,0,1,1,1,1,0,4,0.25,0.0452846035,-0.073484,0.730255,0.1626391866
070022,1.4059231766,1.8433765358,0.3490446258,1.2060466026,1.5846322883,-0.083024918,1.0917226907,1,1,1,1,1,1,1,7,0.1428571429,1.056817286,-0.073484,0.730255,1.5478162086
070024,0.1524221553,,1.6077024996,0.2808093569,-0.142646892,1.4120509363,0.4422029992,1,0,1,1,1,1,1,6,0.1666666667,0.6254235092,-0.073484,0.730255,0.9570723233
070025,0.8575164798,0.6397322168,1.0114961383,0.6971661174,0.3409912786,0.4509307443,0.8687852389,1,1,1,1,1,1,1,7,0.1428571429,0.6952311734,-0.073484,0.730255,1.052665846
070027,,,0.7465155333,0.2808093569,0.8937206163,0.2907440456,,0,0,1,1,1,1,0,4,0.25,0.552947388,-0.073484,0.730255,0.8578246574
070028,0.3874535968,0.2786389211,-1.505819609,0.1882856323,-0.557193895,-0.350002749,1.0527086367,1,1,1,1,1,1,1,7,0.1428571429,-0.072275638,-0.073484,0.730255,0.0016540319
070029,,,-1.373329307,-0.274332991,-0.31537481,-1.097540676,,0,0,1,1,1,1,0,4,0.25,-0.765144446,-0.073484,0.730255,-0.947149668
070031,-0.1609531,,1.6077024996,-0.228071128,-0.31537481,0.6645130092,,1,0,1,1,1,1,0,5,0.2,0.3135632941,-0.073484,0.730255,0.5300158262
070033,0.0740783415,-1.04536983,0.7465155333,0.7434279797,0.5137191967,-0.136420484,-0.864982175,1,1,1,1,1,1,1,7,0.1428571429,0.0044240803,-0.073484,0.730255,0.1066854256
070034,0.8575164798,,-0.313406887,1.5761415008,0.6519015311,-0.083024918,-0.603459395,1,0,1,1,1,1,1,6,0.1666666667,0.3476113853,-0.073484,0.730255,0.5766407493
070035,0.1524221553,,0.9452509871,-0.736951613,0.5828103639,-0.403398315,0.5403812232,1,0,1,1,1,1,1,6,0.1666666667,0.1800858001,-0.073484,0.730255,0.3472338352
070036,-0.317640728,,0.8790058358,-1.060784649,1.4119043703,-0.777167279,1.2572108762,1,0,1,1,1,1,1,6,0.1666666667,0.2320880711,-0.073484,0.730255,0.4184449311
07003F,0.3874535968,,1.1439864408,1.8999745368,1.3082676195,,-0.148152522,1,0,1,1,1,0,1,5,0.2,0.9183059343,-0.073484,0.730255,1.3581409317
080001,1.0925479213,0.6397322168,1.0114961383,0.8822135666,0.7209926983,0.3975351781,0.3127277868,1,1,1,1,1,1,1,7,0.1428571429,0.7224636437,-0.073484,0.730255,1.0899575645
080003,-0.395984542,,-0.048426282,0.9284754289,0.3755368623,0.6645130092,,1,0,1,1,1,1,0,5,0.2,0.3048228954,-0.073484,0.730255,0.518046861
080004,-0.631015983,0.2786389211,0.9452509871,-0.413118577,-0.695376229,-0.456793881,-0.67248426,1,1,1,1,1,1,1,7,0.1428571429,-0.234985575,-0.073484,0.730255,-0.221158409
080006,1.7976422458,,-1.307084156,-0.413118577,-0.039010141,-0.18981605,,1,0,1,1,1,1,0,5,0.2,-0.030277336,-0.073484,0.730255,0.0591658498
080007,-0.866047425,-0.684276534,-0.909613248,-0.135547404,0.5828103639,0.3441396118,-0.459407503,1,1,1,1,1,1,1,7,0.1428571429,-0.303991734,-0.073484,0.730255,-0.315654363
080009,-0.866047425,,-1.042103551,0.0495000455,0.3409912786,0.0771617807,,1,0,1,1,1,1,0,5,0.2,-0.288099574,-0.073484,0.730255,-0.293891888
08002F,,,0.9452509871,1.7149270877,1.5846322883,,,0,0,1,1,1,0,0,3,0.3333333333,1.4149367877,-0.073484,0.730255,2.0382194487
090001,0.7791726659,-0.202818807,1.4089670459,1.113522878,-0.108101308,0.8780952741,-0.141721634,1,1,1,1,1,1,1,7,0.1428571429,0.5324451593,-0.073484,0.730255,0.8297492262
090003,1.0142041074,,2.1376637096,0.9747372911,1.0664485343,0.7713041416,-0.158441943,1,0,1,1,1,1,1,6,0.1666666667,0.9676526401,-0.073484,0.730255,1.4257155383
090004,0.0740783415,,1.1439864408,1.437355914,1.1355397015,-0.830562845,-0.22832426,1,0,1,1,1,1,1,6,0.1666666667,0.4553455488,-0.073484,0.730255,0.7241702265
090005,-0.474328355,,0.2827994746,-0.089285541,0.4446280295,1.7858198998,1.2181968221,1,0,1,1,1,1,1,6,0.1666666667,0.5279717215,-0.073484,0.730255,0.8236233706
090008,,,-0.180916584,0.8359517043,-0.004464557,,,0,0,1,1,1,0,0,3,0.3333333333,0.2168568542,-0.073484,0.730255,0.3975875411
090011,2.7377680118,1.602647672,1.0777412896,2.085021986,0.7900838655,0.3975351781,0.920661069,1,1,1,1,1,1,1,7,0.1428571429,1.3730655817,-0.073484,0.730255,1.9808816746
09002F,0.6224850383,,2.4688894659,2.9177355071,1.6882690391,,0.357744003,1,0,1,1,1,0,1,5,0.2,1.6110246107,-0.073484,0.730255,2.3067390442
100001,0.2307659691,1.0008255125,1.4752121971,1.113522878,0.6173559475,-0.403398315,0.1845387519,1,1,1,1,1,1,1,7,0.1428571429,0.6026889916,-0.073484,0.730255,0.9259400306
100002,-1.101078866,0.5193677849,-1.638309912,-0.505642302,-0.073555725,0.9314908403,1.0004040806,1,1,1,1,1,1,1,7,0.1428571429,-0.123903443,-0.073484,0.730255,-0.069044276
100006,-0.395984542,1.3619188082,1.6077024996,0.5121186683,0.2028089442,0.0771617807,-0.105279935,1,1,1,1,1,1,1,7,0.1428571429,0.465778032,-0.073484,0.730255,0.7384563057
100007,1.4059231766,1.4822832401,1.4752121971,1.4836177763,1.1700852851,2.5333578269,0.6737149685,1,1,1,1,1,1,1,7,0.1428571429,1.4605992101,-0.073484,0.730255,2.1007488552
100008,-1.022735052,0.7600966487,1.7401928021,0.9747372911,0.9973573671,1.35865537,0.0983648523,1,1,1,1,1,1,1,7,0.1428571429,0.7009527542,-0.073484,0.730255,1.060500889
100012,1.0142041074,1.3619188082,0.5477800796,0.5121186683,1.4119043703,1.4120509363,0.6445616094,1,1,1,1,1,1,1,7,0.1428571429,0.9863626542,-0.073484,0.730255,1.4513367387
100014,1.2492355489,,0.7465155333,-0.320594853,1.1009941179,0.5577218767,0.64241798,1,0,1,1,1,1,1,6,0.1666666667,0.662715034,-0.073484,0.730255,1.0081387536
100017,0.1524221553,-0.684276534,-2.698232332,0.5121186683,-0.729921813,-0.670376146,-0.476127812,1,1,1,1,1,1,1,7,0.1428571429,-0.656341973,-0.073484,0.730255,-0.798157265
100018,0.7008288521,0.6397322168,-0.114671433,0.0495000455,-0.729921813,0.0237662145,-0.203029434,1,1,1,1,1,1,1,7,0.1428571429,0.0523149499,-0.073484,0.730255,0.1722664329
100019,-0.317640728,0.399003353,-0.445897189,-0.413118577,0.3409912786,-0.563585014,1.1414548915,1,1,1,1,1,1,1,7,0.1428571429,0.0201725736,-0.073484,0.730255,0.1282511659
100022,-2.589611329,,-0.048426282,-1.47714141,-0.591739479,-0.883958411,-3.454486424,1,0,1,1,1,1,1,6,0.1666666667,-1.507560556,-0.073484,0.730255,-1.963802668
100023,0.5441412244,0.2786389211,0.4815349283,-0.413118577,-0.833558564,-0.136420484,-0.014390051,1,1,1,1,1,1,1,7,0.1428571429,-0.013310372,-0.073484,0.730255,0.0824001445
100025,0.1524221553,0.399003353,0.8790058358,0.0957619077,0.306445695,-0.243211617,1.1770391387,1,1,1,1,1,1,1,7,0.1428571429,0.3952094956,-0.073484,0.730255,0.6418208565
100026,-0.944391238,-0.202818807,-0.909613248,0.2345474946,-0.177192475,0.5043263105,-1.030041635,1,1,1,1,1,1,1,7,0.1428571429,-0.360740514,-0.073484,0.730255,-0.393365254
100028,-1.17942268,,-1.505819609,-1.89349817,-0.729921813,-1.524705206,1.0209829224,1,0,1,1,1,1,1,6,0.1666666667,-0.968730759,-0.073484,0.730255,-1.225937579
100029,0.5441412244,,-0.710877794,0.9747372911,-0.384465977,-1.524705206,0.4760723429,1,0,1,1,1,1,1,6,0.1666666667,-0.10418302,-0.073484,0.730255,-0.042039437
100030,0.5441412244,,0.8127606846,0.4195949437,0.8246294491,1.6256332012,,1,0,1,1,1,1,0,5,0.2,0.8453519006,-0.073484,0.730255,1.2582388199
100032,-1.257766494,,-0.379652038,-0.921999063,0.3409912786,-1.04414511,1.3047994476,1,0,1,1,1,1,1,6,0.1666666667,-0.32629533,-0.073484,0.730255,-0.346196558
100034,0.3874535968,-0.804640966,0.7465155333,1.0209991534,0.8246294491,0.7713041416,1.3459571311,1,1,1,1,1,1,1,7,0.1428571429,0.6131740056,-0.073484,0.730255,0.9402980448
100035,0.4657974106,-0.44354767,-0.048426282,-0.598166027,-1.317196734,-0.243211617,1.3408124206,1,1,1,1,1,1,1,7,0.1428571429,-0.120562643,-0.073484,0.730255,-0.064469436
100038,-0.474328355,1.3619188082,-0.710877794,1.0209991534,0.6864471147,-0.456793881,1.4612843898,1,1,1,1,1,1,1,7,0.1428571429,0.412664205,-0.073484,0.730255,0.6657230623
100039,0.6224850383,0.1582744892,-0.379652038,0.2345474946,1.5155411211,-1.684891905,1.1114440807,1,1,1,1,1,1,1,7,0.1428571429,0.2253926116,-0.073484,0.730255,0.4092762737
100040,-0.082609286,-1.286098694,0.5477800796,0.6046423929,0.0300810262,1.6790287674,-0.31964287,1,1,1,1,1,1,1,7,0.1428571429,0.1675973452,-0.073484,0.730255,0.3301323405
100043,,,-0.048426282,0.3733330814,-0.142646892,-0.18981605,,0,0,1,1,1,1,0,4,0.25,-0.001889036,-0.073484,0.730255,0.0980403436
100044,-0.631015983,0.399003353,-0.048426282,-0.783213476,0.0300810262,0.8246997078,1.3532454708,1,1,1,1,1,1,1,7,0.1428571429,0.1634819739,-0.073484,0.730255,0.3244968155
100045,0.2307659691,,1.6077024996,-0.505642302,-0.004464557,0.9314908403,0.9373813779,1,0,1,1,1,1,1,6,0.1666666667,0.5328723046,-0.073484,0.730255,0.8303341523
100046,0.2307659691,,1.4089670459,0.4195949437,1.5846322883,1.1450731052,0.7062981345,1,0,1,1,1,1,1,6,0.1666666667,0.9158885811,-0.073484,0.730255,1.3548306461
100047,-0.787703611,,-0.180916584,-1.662188859,-0.522648311,1.0382819727,,1,0,1,1,1,1,0,5,0.2,-0.423035079,-0.073484,0.730255,-0.478670455
100049,-0.474328355,,0.4815349283,0.3733330814,-0.108101308,-0.830562845,0.0726413001,1,0,1,1,1,1,1,6,0.1666666667,-0.080913866,-0.073484,0.730255,-0.010175023
100050,,,0.6140252308,0.1882856323,1.2391764523,,,0,0,1,1,1,0,0,3,0.3333333333,0.6804957718,-0.073484,0.730255,1.0324874176
100051,-1.414454121,,0.5477800796,-0.320594853,0.4446280295,1.35865537,1.6370619961,1,0,1,1,1,1,1,6,0.1666666667,0.3755127502,-0.073484,0.730255,0.6148484416
100052,-1.727829377,0.5193677849,-0.710877794,-1.47714141,-2.215381908,-0.403398315,0.1348065511,1,1,1,1,1,1,1,7,0.1428571429,-0.840064924,-0.073484,0.730255,-1.049744598
100053,0.2307659691,,0.3490446258,1.0672610157,1.2391764523,,,1,0,1,1,1,0,0,4,0.25,0.7215620157,-0.073484,0.730255,1.0887228892
100054,,,0.4152897771,0.8822135666,1.6537234555,,,0,0,1,1,1,0,0,3,0.3333333333,0.9837422664,-0.073484,0.730255,1.4477484206
100055,0.3874535968,,0.8790058358,1.1597847403,1.0319029507,-0.990749544,0.3508843891,1,0,1,1,1,1,1,6,0.1666666667,0.4697136615,-0.073484,0.730255,0.7438456951
100057,0.0740783415,1.1211899444,0.1503091721,1.3448321894,0.2719001114,1.4120509363,1.1671784437,1,1,1,1,1,1,1,7,0.1428571429,0.7916484484,-0.073484,0.730255,1.1846981531
100062,0.4657974106,0.2786389211,-0.644632643,-0.783213476,-0.833558564,0.4509307443,0.1262320338,1,1,1,1,1,1,1,7,0.1428571429,-0.134257939,-0.073484,0.730255,-0.083223561
100063,-1.727829377,,0.8127606846,1.113522878,-0.349920393,-0.029629352,,1,0,1,1,1,1,0,5,0.2,-0.036219112,-0.073484,0.730255,0.0510292745
100067,-0.866047425,,-0.909613248,0.5121186683,0.7555382819,1.1450731052,0.632557285,1,0,1,1,1,1,1,6,0.1666666667,0.2116044446,-0.073484,0.730255,0.3903949737
100068,1.5626108043,0.399003353,1.6739476509,1.0672610157,0.9628117835,0.6645130092,1.807694892,1,1,1,1,1,1,1,7,0.1428571429,1.1625489298,-0.073484,0.730255,1.6926034666
100069,0.3874535968,,-0.445897189,-0.413118577,0.9628117835,,,1,0,1,1,1,0,0,4,0.25,0.1228124034,-0.073484,0.730255,0.2688045422
100071,-1.492797935,,-1.174593853,-1.662188859,-1.800834905,1.1984686714,0.1656748137,1,0,1,1,1,1,1,6,0.1666666667,-0.794378678,-0.073484,0.730255,-0.987182568
100072,1.0925479213,,0.0178188695,1.3910940517,0.2719001114,1.839215466,1.6619280965,1,0,1,1,1,1,1,6,0.1666666667,1.0457507528,-0.073484,0.730255,1.5326618712
100073,0.0740783415,0.6397322168,1.3427218946,0.5583805306,-0.039010141,0.9314908403,1.3408124206,1,1,1,1,1,1,1,7,0.1428571429,0.6926008719,-0.073484,0.730255,1.0490639522
100075,-0.866047425,0.6397322168,0.7465155333,0.4195949437,1.3428132031,0.7179085754,0.632557285,1,1,1,1,1,1,1,7,0.1428571429,0.519010619,-0.073484,0.730255,0.811352177
100077,-0.395984542,-0.563912102,-0.048426282,-1.107046512,-0.971740898,-1.845078603,1.1195898722,1,1,1,1,1,1,1,7,0.1428571429,-0.544657009,-0.073484,0.730255,-0.645217624
100080,0.6224850383,0.6397322168,0.4152897771,0.6971661174,0.3755368623,0.1839529132,2.0807932705,1,1,1,1,1,1,1,7,0.1428571429,0.7164223136,-0.073484,0.730255,1.0816846616
100084,-0.866047425,-1.165734262,-0.379652038,1.2523084649,0.3755368623,1.0382819727,1.6139107992,1,1,1,1,1,1,1,7,0.1428571429,0.2669434821,-0.073484,0.730255,0.4661753854
100086,-1.414454121,,0.3490446258,-0.598166027,-0.108101308,-0.18981605,1.5474582895,1,0,1,1,1,1,1,6,0.1666666667,-0.069005765,-0.073484,0.730255,0.0061317447
100087,1.9543298734,0.8804610806,1.5414573484,0.2345474946,0.9282661999,1.1450731052,2.8117708771,1,1,1,1,1,1,1,7,0.1428571429,1.356557997,-0.073484,0.730255,1.9582764465
100088,1.8759860596,-0.323183238,0.5477800796,0.7434279797,0.8937206163,1.5722376349,0.2698551999,1,1,1,1,1,1,1,7,0.1428571429,0.7971177617,-0.073484,0.730255,1.192187745
100090,-0.866047425,1.0008255125,0.2827994746,-0.413118577,0.1682633606,-0.456793881,0.1480970531,1,1,1,1,1,1,1,7,0.1428571429,-0.019424926,-0.073484,0.730255,0.0740269696
100092,1.5626108043,0.1582744892,0.4152897771,0.8822135666,1.0319029507,1.7324243336,0.7813251616,1,1,1,1,1,1,1,7,0.1428571429,0.9377201547,-0.073484,0.730255,1.3847264613
100093,-0.631015983,-1.286098694,1.5414573484,0.789689842,-0.211738059,-0.083024918,-1.468199473,1,1,1,1,1,1,1,7,0.1428571429,-0.192704277,-0.073484,0.730255,-0.163259061
100099,0.5441412244,,-1.174593853,0.3270712192,0.1682633606,0.5043263105,,1,0,1,1,1,1,0,5,0.2,0.0738416523,-0.073484,0.730255,0.2017447623
10009F,0.7791726659,,1.0114961383,1.76118895,0.9282661999,,0.1789653156,1,0,1,1,1,0,1,5,0.2,0.931817854,-0.073484,0.730255,1.376643943
100105,1.4842669904,0.1582744892,0.7465155333,0.789689842,0.3409912786,0.1839529132,0.4147645436,1,1,1,1,1,1,1,7,0.1428571429,0.5883507986,-0.073484,0.730255,0.9063055337
100107,,,0.4815349283,-0.043023679,0.306445695,,,0,0,1,1,1,0,0,3,0.3333333333,0.2483189814,-0.073484,0.730255,0.4406712856
100109,0.1524221553,,-0.51214234,-0.089285541,0.3409912786,1.4654465025,1.958177672,1,0,1,1,1,1,1,6,0.1666666667,0.5526016211,-0.073484,0.730255,0.8573511695
100110,-0.709359797,0.0379100573,-1.042103551,0.6971661174,0.0646266098,0.2907440456,0.9605325748,1,1,1,1,1,1,1,7,0.1428571429,0.0427880082,-0.073484,0.730255,0.1592203881
100113,0.0740783415,-0.202818807,0.6802703821,0.9747372911,1.7919057899,-0.296607183,2.2582857803,1,1,1,1,1,1,1,7,0.1428571429,0.7542645137,-0.073484,0.730255,1.133505178
100117,-3.059674212,,0.1503091721,-0.413118577,-0.246283643,0.3975351781,0.0996510299,1,0,1,1,1,1,1,6,0.1666666667,-0.511930175,-0.073484,0.730255,-0.60040201
100118,-0.239296914,,0.2827994746,0.6971661174,1.0664485343,1.2518642376,0.4091911073,1,0,1,1,1,1,1,6,0.1666666667,0.5780287596,-0.073484,0.730255,0.8921706949
100121,0.5441412244,,0.0178188695,-1.292093961,-0.004464557,,,1,0,1,1,1,0,0,4,0.25,-0.183649606,-0.073484,0.730255,-0.150859737
100122,1.2492355489,,-0.180916584,0.8822135666,0.4791736131,-0.350002749,-0.473555457,1,0,1,1,1,1,1,6,0.1666666667,0.2676913231,-0.073484,0.730255,0.467199467
100124,-1.101078866,,0.5477800796,-0.228071128,0.7209926983,-0.61698058,,1,0,1,1,1,1,0,5,0.2,-0.135471559,-0.073484,0.730255,-0.084885473
100125,,,0.6802703821,0.789689842,-0.004464557,0.6645130092,,0,0,1,1,1,1,0,4,0.25,0.532502169,-0.073484,0.730255,0.8298272944
100126,0.0740783415,,-0.247161735,1.4836177763,0.6173559475,1.1984686714,-0.642044723,1,0,1,1,1,1,1,6,0.1666666667,0.4140523796,-0.073484,0.730255,0.6676240069
100127,0.7791726659,-0.082454375,-0.313406887,-0.366856715,-0.177192475,0.0237662145,0.1099404507,1,1,1,1,1,1,1,7,0.1428571429,-0.003861589,-0.073484,0.730255,0.0953391603
100128,-1.022735052,0.1582744892,1.2102315921,1.3910940517,1.7919057899,-0.456793881,1.1787540421,1,1,1,1,1,1,1,7,0.1428571429,0.6072472902,-0.073484,0.730255,0.9321820934
100130,,,,,,,,0,0,0,0,0,0,0,0,,,-0.073484,0.730255,
100131,0.7791726659,,0.5477800796,1.2060466026,1.5846322883,0.2373484794,0.9776816096,1,0,1,1,1,1,1,6,0.1666666667,0.8887769542,-0.073484,0.730255,1.3177044086
100132,-0.631015983,,0.2827994746,-0.736951613,-0.419011561,0.7179085754,,1,0,1,1,1,1,0,5,0.2,-0.157254221,-0.073484,0.730255,-0.11471431
100134,,,-0.313406887,,-0.695376229,,,0,0,1,0,1,0,0,2,0.5,-0.504391558,-0.073484,0.730255,-0.590078745
100135,-1.492797935,0.2786389211,0.3490446258,-0.598166027,-1.248105567,0.5043263105,-1.076772755,1,1,1,1,1,1,1,7,0.1428571429,-0.469118918,-0.073484,0.730255,-0.541776944
100137,-0.082609286,,0.0840640208,-0.320594853,-0.626285062,1.2518642376,0.5974017638,1,0,1,1,1,1,1,6,0.1666666667,0.1506401368,-0.073484,0.730255,0.3069114048
100140,-0.239296914,,-0.644632643,-0.181809266,-0.073555725,-0.083024918,,1,0,1,1,1,1,0,5,0.2,-0.244463893,-0.073484,0.730255,-0.234137869
100142,,,-0.578387492,-1.800974446,-2.42265541,-1.684891905,,0,0,1,1,1,1,0,4,0.25,-1.621727313,-0.073484,0.730255,-2.120140838
100150,-0.552672169,,-0.048426282,0.2808093569,1.2046308687,,,1,0,1,1,1,0,0,4,0.25,0.2210854437,-0.073484,0.730255,0.4033781053
100151,1.1708917351,1.1211899444,1.4752121971,1.6224033631,2.137361626,1.6790287674,2.8233464756,1,1,1,1,1,1,1,7,0.1428571429,1.718490587,-0.073484,0.730255,2.4539012699
100154,-1.414454121,0.8804610806,0.8127606846,-0.274332991,1.0319029507,0.8780952741,-0.404101866,1,1,1,1,1,1,1,7,0.1428571429,0.2157615731,-0.073484,0.730255,0.3960876803
100156,0.1524221553,,-0.975858399,-0.135547404,-0.31537481,0.7713041416,0.0786434623,1,0,1,1,1,1,1,6,0.1666666667,-0.070735142,-0.073484,0.730255,0.0037635628
100157,-1.806173191,0.0379100573,0.0840640208,1.437355914,-0.764467397,-1.738287471,-1.61482372,1,1,1,1,1,1,1,7,0.1428571429,-0.623488827,-0.073484,0.730255,-0.75316868
10015F,,,1.4752121971,0.465856806,2.6900909636,,,0,0,1,1,1,0,0,3,0.3333333333,1.5437199889,-0.073484,0.730255,2.2145731486
100161,-0.787703611,0.1582744892,-0.379652038,1.4836177763,0.9628117835,1.4654465025,-1.175379705,1,1,1,1,1,1,1,7,0.1428571429,0.2467735998,-0.073484,0.730255,0.4385550642
100166,-0.239296914,,-0.710877794,-0.043023679,0.306445695,0.6111174429,0.5871123429,1,0,1,1,1,1,1,6,0.1666666667,0.0852461823,-0.073484,0.730255,0.217361947
100167,-0.1609531,,0.5477800796,1.8537126745,1.1355397015,-0.029629352,-0.595313604,1,0,1,1,1,1,1,6,0.1666666667,0.4585227334,-0.073484,0.730255,0.7285210133
100168,-0.317640728,-1.406463126,0.6140252308,0.0495000455,0.0646266098,0.3975351781,1.4467077103,1,1,1,1,1,1,1,7,0.1428571429,0.1211844173,-0.073484,0.730255,0.2665752036
100173,-0.239296914,-1.04536983,-0.644632643,0.9284754289,1.0319029507,-0.296607183,1.51316022,1,1,1,1,1,1,1,7,0.1428571429,0.1782331471,-0.073484,0.730255,0.3446968412
100175,,,0.2165543233,0.0495000455,-1.317196734,,,0,0,1,1,1,0,0,3,0.3333333333,-0.350380789,-0.073484,0.730255,-0.379178808
100176,-0.082609286,0.2786389211,1.0777412896,1.0209991534,0.8937206163,1.8926110323,0.53137798,1,1,1,1,1,1,1,7,0.1428571429,0.8017828152,-0.073484,0.730255,1.1985759963
100177,0.6224850383,,-1.505819609,-1.107046512,0.9282661999,-0.243211617,-1.693280554,1,0,1,1,1,1,1,6,0.1666666667,-0.499767842,-0.073484,0.730255,-0.583747101
100179,-0.004265472,0.7600966487,-2.035780819,0.0032381832,-0.557193895,0.3975351781,2.350890568,1,1,1,1,1,1,1,7,0.1428571429,0.1306457702,-0.073484,0.730255,0.2795314321
100180,,,0.4815349283,0.8359517043,0.8246294491,,,0,0,1,1,1,0,0,3,0.3333333333,0.7140386939,-0.073484,0.730255,1.0784205701
100181,,,,,1.6537234555,,,0,0,0,0,1,0,0,1,1,1.6537234555,-0.073484,0.730255,2.3652101739
100183,,,0.5477800796,1.2523084649,0.8591750327,,,0,0,1,1,1,0,0,3,0.3333333333,0.8864211924,-0.073484,0.730255,1.3144784652
100187,-0.239296914,,0.2827994746,-0.181809266,-0.073555725,-0.18981605,1.2272000653,1,0,1,1,1,1,1,6,0.1666666667,0.1375869309,-0.073484,0.730255,0.2890365489
100189,-0.1609531,,1.8726831046,0.14202377,-0.073555725,1.5722376349,0.4833606826,1,0,1,1,1,1,1,6,0.1666666667,0.6392993946,-0.073484,0.730255,0.9760737435
100191,0.3874535968,,-1.307084156,-0.551904164,0.7555382819,0.4509307443,0.7195886365,1,0,1,1,1,1,1,6,0.1666666667,0.0757538233,-0.073484,0.730255,0.2043632592
100200,-0.239296914,,-0.445897189,0.8359517043,-1.006286482,,,1,0,1,1,1,0,0,4,0.25,-0.21388222,-0.073484,0.730255,-0.192259805
100204,1.0142041074,0.8804610806,-1.638309912,0.6509042552,1.0664485343,0.6111174429,2.1399574404,1,1,1,1,1,1,1,7,0.1428571429,0.6749689927,-0.073484,0.730255,1.0249191328
100206,0.309109783,,0.2165543233,0.9284754289,0.5137191967,0.3975351781,,1,0,1,1,1,1,0,5,0.2,0.473078782,-0.073484,0.730255,0.7484538384
100209,1.7976422458,,-1.108348702,0.7434279797,1.1700852851,0.9848864065,-0.276770283,1,0,1,1,1,1,1,6,0.1666666667,0.5518204887,-0.073484,0.730255,0.8562814991
100211,0.8575164798,,0.7465155333,-0.181809266,0.6864471147,0.7179085754,,1,0,1,1,1,1,0,5,0.2,0.5653156874,-0.073484,0.730255,0.874761613
100212,0.7008288521,-0.082454375,-1.439574458,-0.135547404,-2.319018659,-0.990749544,-1.66669955,1,1,1,1,1,1,1,7,0.1428571429,-0.847602162,-0.073484,0.730255,-1.060065974
100213,-2.041204632,0.1582744892,-0.644632643,0.9284754289,-0.177192475,0.6111174429,0.7195886365,1,1,1,1,1,1,1,7,0.1428571429,-0.063653393,-0.073484,0.730255,0.013461199
100217,-1.17942268,,0.3490446258,0.0032381832,1.5500867047,-0.136420484,-0.446545727,1,0,1,1,1,1,1,6,0.1666666667,0.0233301037,-0.073484,0.730255,0.1325750383
100220,0.8575164798,,0.2165543233,0.6509042552,0.8591750327,0.8246997078,0.9999753548,1,0,1,1,1,1,1,6,0.1666666667,0.7348041923,-0.073484,0.730255,1.1068565185
100223,0.5441412244,1.3619188082,-0.644632643,0.5583805306,-0.177192475,2.0527977309,-0.056833912,1,1,1,1,1,1,1,7,0.1428571429,0.5197970376,-0.073484,0.730255,0.8124290864
100224,,,-0.51214234,0.5583805306,0.4446280295,-0.456793881,,0,0,1,1,1,1,0,4,0.25,0.0085180845,-0.073484,0.730255,0.112291691
100226,-0.239296914,-0.684276534,1.3427218946,0.2345474946,0.2028089442,-0.510189448,1.490009023,1,1,1,1,1,1,1,7,0.1428571429,0.2623320658,-0.073484,0.730255,0.4598605841
100228,-0.317640728,0.1582744892,-0.710877794,-0.135547404,-1.1790144,1.839215466,0.2385582114,1,1,1,1,1,1,1,7,0.1428571429,-0.015290308,-0.073484,0.730255,0.0796888504
100230,,,-0.313406887,0.465856806,0.8591750327,0.1839529132,,0,0,1,1,1,1,0,4,0.25,0.2988944663,-0.073484,0.730255,0.509928563
100231,1.3275793628,-2.249014149,-1.638309912,-0.043023679,-1.213559983,0.0771617807,0.5090842348,1,1,1,1,1,1,1,7,0.1428571429,-0.461440335,-0.073484,0.730255,-0.531262013
100232,-1.492797935,,-0.114671433,0.5121186683,-1.248105567,1.3052598038,-0.363801634,1,0,1,1,1,1,1,6,0.1666666667,-0.23366635,-0.073484,0.730255,-0.219351882
100236,-0.1609531,-1.406463126,0.2827994746,-0.736951613,-0.626285062,1.35865537,2.0602144288,1,1,1,1,1,1,1,7,0.1428571429,0.110145196,-0.073484,0.730255,0.2514582667
100238,-0.866047425,-0.804640966,-1.572064761,1.2523084649,0.9282661999,1.7324243336,0.7530292542,1,1,1,1,1,1,1,7,0.1428571429,0.2033250145,-0.073484,0.730255,0.3790572516
100242,-0.239296914,,0.4152897771,-0.45938044,-0.004464557,0.3441396118,-0.053832831,1,0,1,1,1,1,1,6,0.1666666667,0.0004091078,-0.073484,0.730255,0.1011873852
100243,-1.336110308,-0.44354767,0.0178188695,1.2523084649,1.1700852851,0.6111174429,0.796330567,1,1,1,1,1,1,1,7,0.1428571429,0.2954289502,-0.073484,0.730255,0.5051829395
100244,-2.041204632,,0.8127606846,-0.551904164,0.3409912786,0.8780952741,0.4147645436,1,0,1,1,1,1,1,6,0.1666666667,-0.024416169,-0.073484,0.730255,0.0671920394
100246,0.0740783415,-1.406463126,-0.909613248,0.14202377,0.133717777,-1.150936242,-0.111710824,1,1,1,1,1,1,1,7,0.1428571429,-0.461271936,-0.073484,0.730255,-0.531031409
100248,-0.395984542,-0.684276534,-1.572064761,0.5583805306,0.3755368623,-0.61698058,1.0664278645,1,1,1,1,1,1,1,7,0.1428571429,-0.181280166,-0.073484,0.730255,-0.147615062
100249,-1.257766494,,-0.51214234,-1.153308374,-0.729921813,-0.723771713,-1.737010593,1,0,1,1,1,1,1,6,0.1666666667,-1.018986888,-0.073484,0.730255,-1.294757535
100252,0.7791726659,,-0.247161735,0.3270712192,-0.729921813,0.6111174429,,1,0,1,1,1,1,0,5,0.2,0.1480555559,-0.073484,0.730255,0.3033721202
100253,-0.944391238,-0.44354767,0.6802703821,0.6509042552,1.2046308687,0.8246997078,1.8578558186,1,1,1,1,1,1,1,7,0.1428571429,0.5472031605,-0.073484,0.730255,0.8499586021
100254,0.8575164798,1.0008255125,-1.307084156,-0.505642302,-1.248105567,-0.136420484,1.0895790614,1,1,1,1,1,1,1,7,0.1428571429,-0.035618779,-0.073484,0.730255,0.0518513605
100256,0.2307659691,-0.082454375,-0.114671433,1.113522878,-0.626285062,-0.18981605,2.0336334249,1,1,1,1,1,1,1,7,0.1428571429,0.3378136217,-0.073484,0.730255,0.5632238452
100258,1.4842669904,-0.563912102,1.9389282559,1.6224033631,1.1700852851,0.7713041416,2.9481057035,1,1,1,1,1,1,1,7,0.1428571429,1.3387402339,-0.073484,0.730255,1.9338770806
100259,0.7008288521,,-1.108348702,1.4836177763,0.4791736131,0.1839529132,0.465782922,1,0,1,1,1,1,1,6,0.1666666667,0.3675012291,-0.073484,0.730255,0.6038775901
100260,1.4059231766,,0.0840640208,0.6046423929,-0.384465977,0.6645130092,0.8031901809,1,0,1,1,1,1,1,6,0.1666666667,0.5296444672,-0.073484,0.730255,0.8259140024
100264,-0.317640728,-0.082454375,0.6140252308,0.0032381832,0.9628117835,0.8780952741,1.6876516486,1,1,1,1,1,1,1,7,0.1428571429,0.5351038597,-0.073484,0.730255,0.833390009
100265,-0.395984542,,-0.114671433,-0.089285541,-0.764467397,1.0382819727,0.3191586748,1,0,1,1,1,1,1,6,0.1666666667,-0.001161378,-0.073484,0.730255,0.0990367872
100266,,,-0.180916584,1.7149270877,1.4809955375,-0.563585014,,0,0,1,1,1,1,0,4,0.25,0.6128552568,-0.073484,0.730255,0.9398615551
100267,0.2307659691,,0.4152897771,-0.413118577,-0.833558564,-1.311122941,,1,0,1,1,1,1,0,5,0.2,-0.382348867,-0.073484,0.730255,-0.422955395
100268,,,0.3490446258,0.1882856323,0.7900838655,-0.296607183,,0,0,1,1,1,1,0,4,0.25,0.2577017352,-0.073484,0.730255,0.4535198818
100269,0.5441412244,,-0.710877794,0.6509042552,0.2028089442,1.1450731052,0.79290076,1,0,1,1,1,1,1,6,0.1666666667,0.4374917491,-0.073484,0.730255,0.6997215127
100275,-0.1609531,,-0.51214234,-0.366856715,-0.419011561,0.2373484794,1.3763966678,1,0,1,1,1,1,1,6,0.1666666667,0.0257969052,-0.073484,0.730255,0.1359530375
100276,0.309109783,,1.2102315921,0.9284754289,1.1355397015,-0.403398315,0.4773585205,1,0,1,1,1,1,1,6,0.1666666667,0.6095527851,-0.073484,0.730255,0.9353392021
100277,,,,,,,,0,0,0,0,0,0,0,0,,,-0.073484,0.730255,
100281,1.3275793628,,0.8127606846,0.4195949437,1.4119043703,0.2373484794,0.583682536,1,0,1,1,1,1,1,6,0.1666666667,0.7988117295,-0.073484,0.730255,1.194507438
100284,,,0.4152897771,-0.181809266,1.1009941179,,,0,0,1,1,1,0,0,3,0.3333333333,0.4448248763,-0.073484,0.730255,0.7097633823
100285,,,,0.9747372911,0.2373545278,0.4509307443,,0,0,0,1,1,1,0,3,0.3333333333,0.5543408544,-0.073484,0.730255,0.8597328484
100286,0.8575164798,1.0008255125,0.4152897771,0.2808093569,0.0646266098,-0.990749544,0.3470258563,1,1,1,1,1,1,1,7,0.1428571429,0.282192007,-0.073484,0.730255,0.4870564766
100287,-0.239296914,,0.6140252308,1.113522878,-1.213559983,0.0771617807,0.927091957,1,0,1,1,1,1,1,6,0.1666666667,0.2131574915,-0.073484,0.730255,0.3925216918
100288,,,,-1.47714141,-0.453557144,-0.670376146,1.0788609147,0,0,0,1,1,1,1,4,0.25,-0.380553446,-0.073484,0.730255,-0.420496773
100289,-0.082609286,0.5193677849,1.3427218946,1.3910940517,1.5846322883,1.9994021647,2.010482228,1,1,1,1,1,1,1,7,0.1428571429,1.2521558751,-0.073484,0.730255,1.815309815
100290,-1.414454121,,-1.240839004,-0.644427889,-0.695376229,1.0916775389,1.2550672468,1,0,1,1,1,1,1,6,0.1666666667,-0.27472541,-0.073484,0.730255,-0.275577516
100291,0.7791726659,,-1.770800214,-1.107046512,-0.384465977,0.9314908403,0.2852893312,1,0,1,1,1,1,1,6,0.1666666667,-0.211059978,-0.073484,0.730255,-0.18839507
100292,-0.082609286,,-1.174593853,-2.633687967,0.3755368623,-0.243211617,,1,0,1,1,1,1,0,5,0.2,-0.751713172,-0.073484,0.730255,-0.928757092
100296,,,1.3427218946,0.465856806,1.5155411211,0.3441396118,,0,0,1,1,1,1,0,4,0.25,0.9170648584,-0.073484,0.730255,1.3564414218
100299,0.0740783415,,-0.909613248,-0.644427889,-0.211738059,-1.311122941,1.2066212236,1,0,1,1,1,1,1,6,0.1666666667,-0.299367095,-0.073484,0.730255,-0.309321455
100302,0.6224850383,,-0.644632643,0.14202377,-0.488102728,0.3441396118,,1,0,1,1,1,1,0,5,0.2,-0.00481739,-0.073484,0.730255,0.0940303007
100307,0.9358602936,,0.0840640208,-0.366856715,-0.108101308,0.1839529132,-0.378378314,1,0,1,1,1,1,1,6,0.1666666667,0.0584234817,-0.073484,0.730255,0.1806313607
100313,,,,-0.413118577,0.2373545278,,,0,0,0,1,1,0,0,2,0.5,-0.087882025,-0.073484,0.730255,-0.01971711
100314,,,0.6802703821,0.789689842,1.2391764523,0.4509307443,,0,0,1,1,1,1,0,4,0.25,0.7900168552,-0.073484,0.730255,1.1824638748
100315,-1.17942268,,-0.180916584,-0.413118577,1.1009941179,1.1450731052,-1.962949126,1,0,1,1,1,1,1,6,0.1666666667,-0.248389957,-0.073484,0.730255,-0.23951416
100316,-0.395984542,,0.8790058358,-0.598166027,0.7209926983,1.35865537,,1,0,1,1,1,1,0,5,0.2,0.3929006672,-0.073484,0.730255,0.6386591831
100319,-0.004265472,,-1.240839004,0.789689842,1.2737220359,0.5577218767,1.2726450075,1,0,1,1,1,1,1,6,0.1666666667,0.4414457142,-0.073484,0.730255,0.7051360106
100320,1.2492355489,,-0.247161735,0.14202377,1.4119043703,-0.670376146,,1,0,1,1,1,1,0,5,0.2,0.3771251615,-0.073484,0.730255,0.6170564524
100321,0.0740783415,,-0.048426282,-0.274332991,0.7900838655,0.3441396118,-0.404959318,1,0,1,1,1,1,1,6,0.1666666667,0.0800972048,-0.073484,0.730255,0.2103110178
100329,,,0.9452509871,0.465856806,0.4791736131,1.1984686714,,0,0,1,1,1,1,0,4,0.25,0.7721875194,-0.073484,0.730255,1.1580486615
100330,,,,-0.921999063,0.6173559475,,,0,0,0,1,1,0,0,2,0.5,-0.152321558,-0.073484,0.730255,-0.107959597
100350,,,,-0.135547404,0.133717777,,,0,0,0,1,1,0,0,2,0.5,-0.000914813,-0.073484,0.730255,0.0993744283
100359,0.1524221553,,-0.51214234,1.0209991534,0.4100824459,1.1450731052,-1.092206886,1,0,1,1,1,1,1,6,0.1666666667,0.1873712722,-0.073484,0.730255,0.3572104467
100360,,,,,,,,0,0,0,0,0,0,0,0,,,-0.073484,0.730255,
100361,,,,,0.5828103639,,,0,0,0,0,1,0,0,1,1,0.5828103639,-0.073484,0.730255,0.898718549
100362,,,,,,,,0,0,0,0,0,0,0,0,,,-0.073484,0.730255,
100363,,,,,,,,0,0,0,0,0,0,0,0,,,-0.073484,0.730255,
10057F,0.8575164798,,1.5414573484,1.7149270877,1.5155411211,,0.6681415322,1,0,1,1,1,0,1,5,0.2,1.2595167138,-0.073484,0.730255,1.8253896323
10063F,0.6224850383,,2.5351346172,1.8999745368,1.7919057899,,0.335021532,1,0,1,1,1,0,1,5,0.2,1.4369043028,-0.073484,0.730255,2.0683014201
10064F,0.5441412244,,1.4752121971,2.7789499202,1.6537234555,,0.0915052384,1,0,1,1,1,0,1,5,0.2,1.3087064071,-0.073484,0.730255,1.8927492284
10065F,1.1708917351,,1.9389282559,1.1597847403,1.2046308687,,1.234917131,1,0,1,1,1,0,1,5,0.2,1.3418305462,-0.073484,0.730255,1.9381089059
10099F,1.8759860596,,1.7401928021,1.8999745368,2.1719072096,,-0.424251982,1,0,1,1,1,0,1,5,0.2,1.4527617252,-0.073484,0.730255,2.0900163261
101300,,,,,,,,0,0,0,0,0,0,0,0,,,-0.073484,0.730255,
101303,,,,,,,,0,0,0,0,0,0,0,0,,,-0.073484,0.730255,
101304,,,,,-0.384465977,,,0,0,0,0,1,0,0,1,1,-0.384465977,-0.073484,0.730255,-0.425854532
101307,,,,,-3.113567082,,,0,0,0,0,1,0,0,1,1,-3.113567082,-0.073484,0.730255,-4.163042866
101308,,,-0.048426282,-5.224352255,-0.453557144,,,0,0,1,1,1,0,0,3,0.3333333333,-1.90877856,-0.073484,0.730255,-2.513224323
101309,,,0.4815349283,,1.4464499539,,,0,0,1,0,1,0,0,2,0.5,0.9639924411,-0.073484,0.730255,1.420703319
101311,,,,,,,,0,0,0,0,0,0,0,0,,,-0.073484,0.730255,
101312,,,,,,,,0,0,0,0,0,0,0,0,,,-0.073484,0.730255,
101313,,,,,-0.142646892,,,0,0,0,0,1,0,0,1,1,-0.142646892,-0.073484,0.730255,-0.094711261
110001,-0.1609531,0.5193677849,-2.035780819,0.0032381832,-0.591739479,0.0237662145,-2.106143566,1,1,1,1,1,1,1,7,0.1428571429,-0.621177826,-0.073484,0.730255,-0.750004032
110002,-1.727829377,,-0.975858399,-3.51266335,-4.63357276,-0.937353977,,1,0,1,1,1,1,0,5,0.2,-2.357455573,-0.073484,0.730255,-3.127635601
110003,0.2307659691,,0.6140252308,-0.228071128,-2.215381908,0.3441396118,,1,0,1,1,1,1,0,5,0.2,-0.250904445,-0.073484,0.730255,-0.24295746
110005,-0.317640728,,-1.903290517,0.2808093569,0.8246294491,0.0237662145,-0.75136982,1,0,1,1,1,1,1,6,0.1666666667,-0.307182674,-0.073484,0.730255,-0.320023986
110006,-0.631015983,,-1.108348702,-0.135547404,-1.1790144,-0.296607183,0.3714632308,1,0,1,1,1,1,1,6,0.1666666667,-0.49651174,-0.073484,0.730255,-0.579288246
110007,0.9358602936,1.1211899444,-1.638309912,-1.430879548,-0.729921813,-2.005265302,0.2038314161,1,1,1,1,1,1,1,7,0.1428571429,-0.50621356,-0.073484,0.730255,-0.592573766
110008,-0.1609531,,0.1503091721,0.3270712192,1.4119043703,1.8926110323,0.4010453158,1,0,1,1,1,1,1,6,0.1666666667,0.6703313349,-0.073484,0.730255,1.0185683968
110010,1.3275793628,0.7600966487,0.9452509871,2.1312838483,1.5500867047,1.4654465025,0.5969730379,1,1,1,1,1,1,1,7,0.1428571429,1.2538167274,-0.073484,0.730255,1.8175841601
110011,1.1708917351,,-0.710877794,0.3733330814,-0.142646892,-0.403398315,-0.251046731,1,0,1,1,1,1,1,6,0.1666666667,0.0060425141,-0.073484,0.730255,0.1089016835
110015,0.7008288521,,-1.240839004,-0.413118577,-0.695376229,0.4509307443,,1,0,1,1,1,1,0,5,0.2,-0.239514843,-0.073484,0.730255,-0.227360717
110016,-0.004265472,,-1.572064761,0.3270712192,-0.246283643,-0.296607183,,1,0,1,1,1,1,0,5,0.2,-0.358429968,-0.073484,0.730255,-0.390201228
110018,0.7008288521,,0.1503091721,-0.366856715,-0.073555725,-0.723771713,,1,0,1,1,1,1,0,5,0.2,-0.062609226,-0.073484,0.730255,0.0148910658
110023,0.6224850383,,0.3490446258,-0.135547404,0.6519015311,0.9848864065,0.4220528834,1,0,1,1,1,1,1,6,0.1666666667,0.4824705136,-0.073484,0.730255,0.7613147286
110024,,,-1.572064761,0.0495000455,-1.524470236,-0.136420484,-0.74408148,0,0,1,1,1,1,1,5,0.2,-0.785507383,-0.073484,0.730255,-0.975034356
110025,-1.806173191,,0.2827994746,-0.366856715,0.0991721934,-0.777167279,0.2771435396,1,0,1,1,1,1,1,6,0.1666666667,-0.381846996,-0.073484,0.730255,-0.42226814
110027,,,0.2827994746,-1.754712584,-0.31537481,-0.029629352,,0,0,1,1,1,1,0,4,0.25,-0.454229318,-0.073484,0.730255,-0.521387358
110028,-0.082609286,-1.165734262,-0.114671433,0.14202377,-1.66265257,0.1839529132,-0.540436693,1,1,1,1,1,1,1,7,0.1428571429,-0.462875366,-0.073484,0.730255,-0.533227121
110029,0.5441412244,1.2415543763,-0.180916584,-0.551904164,0.5482647803,0.6645130092,-0.741080399,1,1,1,1,1,1,1,7,0.1428571429,0.2177960346,-0.073484,0.730255,0.3988736401
110030,0.9358602936,,0.4152897771,-0.274332991,0.3755368623,0.0771617807,0.010904775,1,0,1,1,1,1,1,6,0.1666666667,0.2567367497,-0.073484,0.730255,0.4521984457
110031,-0.317640728,,-0.313406887,0.0495000455,-1.559015819,-1.47130964,,1,0,1,1,1,1,0,5,0.2,-0.722374606,-0.073484,0.730255,-0.888581318
110032,,,1.4089670459,0.5121186683,0.133717777,,,0,0,1,1,1,0,0,3,0.3333333333,0.6849344971,-0.073484,0.730255,1.0385657385
110034,-1.727829377,-0.563912102,-0.710877794,-1.569665135,-1.66265257,0.3975351781,-0.239471132,1,1,1,1,1,1,1,7,0.1428571429,-0.868124705,-0.073484,0.730255,-1.088169223
110035,2.1893613149,0.8804610806,0.2165543233,0.8822135666,0.4446280295,-0.18981605,0.7671772079,1,1,1,1,1,1,1,7,0.1428571429,0.7415113532,-0.073484,0.730255,1.1160411997
110036,0.5441412244,-2.489743013,0.0840640208,-0.598166027,-0.280829226,-0.136420484,-0.768518855,1,1,1,1,1,1,1,7,0.1428571429,-0.520781766,-0.073484,0.730255,-0.612523239
110038,0.3874535968,,-0.180916584,-0.551904164,-0.246283643,-1.097540676,-0.630469125,1,0,1,1,1,1,1,6,0.1666666667,-0.386610099,-0.073484,0.730255,-0.428790659
110041,,,-0.048426282,-0.181809266,-0.280829226,,,0,0,1,1,1,0,0,3,0.3333333333,-0.170354925,-0.073484,0.730255,-0.132654208
110042,1.0142041074,,0.4815349283,0.5583805306,1.5500867047,-0.403398315,0.7423111075,1,0,1,1,1,1,1,6,0.1666666667,0.6571865106,-0.073484,0.730255,1.0005680801
110043,-1.022735052,-0.323183238,-1.638309912,-1.939760033,-1.248105567,0.6111174429,0.1446672461,1,1,1,1,1,1,1,7,0.1428571429,-0.773758445,-0.073484,0.730255,-0.958945543
110044,,,-1.770800214,-0.551904164,-2.04265399,,,0,0,1,1,1,0,0,3,0.3333333333,-1.455119456,-0.073484,0.730255,-1.891990647
110045,,,,-1.014522787,0.8246294491,,,0,0,0,1,1,0,0,2,0.5,-0.094946669,-0.073484,0.730255,-0.029391323
110046,0.1524221553,,0.0178188695,-0.690689751,0.2373545278,0.8246997078,,1,0,1,1,1,1,0,5,0.2,0.1083211019,-0.073484,0.730255,0.2489603808
110050,,,0.8790058358,1.2523084649,1.4464499539,,,0,0,1,1,1,0,0,3,0.3333333333,1.1925880849,-0.073484,0.730255,1.7337386154
110051,,,-0.51214234,-0.921999063,0.6864471147,,,0,0,1,1,1,0,0,3,0.3333333333,-0.249231429,-0.073484,0.730255,-0.240666459
110054,0.9358602936,,-0.048426282,-0.736951613,-1.006286482,-0.990749544,-1.517931674,1,0,1,1,1,1,1,6,0.1666666667,-0.56074755,-0.073484,0.730255,-0.667251759
110064,-1.022735052,,-0.710877794,-1.47714141,-1.1790144,-2.699407663,0.6900065515,1,0,1,1,1,1,1,6,0.1666666667,-1.066528295,-0.073484,0.730255,-1.359859993
110069,0.2307659691,,0.8127606846,0.2808093569,-0.729921813,-1.738287471,1.0106935015,1,0,1,1,1,1,1,6,0.1666666667,-0.022196629,-0.073484,0.730255,0.0702314436
110071,,,,,-1.213559983,,,0,0,0,0,1,0,0,1,1,-1.213559983,-0.073484,0.730255,-1.561202886
110073,,,,,-2.215381908,,,0,0,0,0,1,0,0,1,1,-2.215381908,-0.073484,0.730255,-2.933082148
110074,-0.004265472,1.3619188082,0.8790058358,0.789689842,0.0991721934,-0.883958411,0.8301999107,1,1,1,1,1,1,1,7,0.1428571429,0.4388232438,-0.073484,0.730255,0.7015448406
110075,-1.884517004,,0.4152897771,0.6509042552,1.0664485343,-0.61698058,0.9326653933,1,0,1,1,1,1,1,6,0.1666666667,0.0939683959,-0.073484,0.730255,0.2293060098
110076,-1.17942268,,-1.042103551,0.7434279797,0.1682633606,1.7324243336,-1.289420786,1,0,1,1,1,1,1,6,0.1666666667,-0.14447189,-0.073484,0.730255,-0.097210386
110078,-0.866047425,0.399003353,0.4152897771,0.6509042552,0.7900838655,0.3975351781,0.2921489451,1,1,1,1,1,1,1,7,0.1428571429,0.2969882785,-0.073484,0.730255,0.5073182592
110079,0.5441412244,,0.8790058358,0.0957619077,0.4791736131,-1.684891905,0.2951500261,1,0,1,1,1,1,1,6,0.1666666667,0.1013901171,-0.073484,0.730255,0.2394691987
110082,-1.414454121,-0.563912102,0.6802703821,0.9747372911,0.2028089442,0.8780952741,-1.043760863,1,1,1,1,1,1,1,7,0.1428571429,-0.040887885,-0.073484,0.730255,0.0446359297
110083,1.0142041074,0.5193677849,0.0840640208,1.0672610157,1.1700852851,1.1984686714,2.1245233091,1,1,1,1,1,1,1,7,0.1428571429,1.0254248849,-0.073484,0.730255,1.504827946
110086,,,,,-0.591739479,,,0,0,0,0,1,0,0,1,1,-0.591739479,-0.073484,0.730255,-0.70969162
110087,-0.395984542,1.1211899444,0.8790058358,0.9284754289,0.4791736131,-1.791683037,0.7397387523,1,1,1,1,1,1,1,7,0.1428571429,0.2799879994,-0.073484,0.730255,0.4840383432
110089,-0.395984542,,-0.975858399,-2.124807482,-1.904471656,0.1839529132,,1,0,1,1,1,1,0,5,0.2,-1.043433833,-0.073484,0.730255,-1.328234799
110091,0.7008288521,,1.3427218946,0.14202377,1.4464499539,1.6256332012,-0.007530437,1,0,1,1,1,1,1,6,0.1666666667,0.8750212057,-0.073484,0.730255,1.298867502
110092,,,,,-0.937195315,,,0,0,0,0,1,0,0,1,1,-0.937195315,-0.073484,0.730255,-1.182753435
110095,-2.354579887,,-0.843368097,0.9284754289,-1.317196734,0.0237662145,-0.454262793,1,0,1,1,1,1,1,6,0.1666666667,-0.669527645,-0.073484,0.730255,-0.816213517
110100,,,,,,,,0,0,0,0,0,0,0,0,,,-0.073484,0.730255,
110101,,,,,,,,0,0,0,0,0,0,0,0,,,-0.073484,0.730255,
110104,,,-0.379652038,0.4195949437,-0.384465977,1.4654465025,,0,0,1,1,1,1,0,4,0.25,0.2802308578,-0.073484,0.730255,0.4843709097
110105,-1.492797935,,-0.51214234,-0.644427889,-1.040832065,0.0237662145,,1,0,1,1,1,1,0,5,0.2,-0.733286803,-0.073484,0.730255,-0.903524311
110107,-1.17942268,-0.684276534,-1.307084156,1.113522878,0.0300810262,-0.723771713,-1.640118546,1,1,1,1,1,1,1,7,0.1428571429,-0.627295675,-0.073484,0.730255,-0.758381719
110109,,,-0.180916584,0.6046423929,-0.419011561,,,0,0,1,1,1,0,0,3,0.3333333333,0.001571416,-0.073484,0.730255,0.1027790319
110111,,,,,0.5828103639,,,0,0,0,0,1,0,0,1,1,0.5828103639,-0.073484,0.730255,0.898718549
110113,,,,,,,,0,0,0,0,0,0,0,0,,,-0.073484,0.730255,
110121,,,,,,,,0,0,0,0,0,0,0,0,,,-0.073484,0.730255,
110122,-1.884517004,-0.202818807,0.3490446258,-1.430879548,-0.902649731,-2.912989928,-0.374091055,1,1,1,1,1,1,1,7,0.1428571429,-1.051271635,-0.073484,0.730255,-1.338967763
110124,,,0.6140252308,-0.690689751,-1.109923233,,,0,0,1,1,1,0,0,3,0.3333333333,-0.395529251,-0.073484,0.730255,-0.441004406
110125,-0.709359797,,-1.505819609,0.5583805306,-0.211738059,0.4509307443,-0.30506619,1,0,1,1,1,1,1,6,0.1666666667,-0.287112063,-0.073484,0.730255,-0.292539606
110128,0.5441412244,,0.2827994746,-0.8757372,0.6519015311,0.2373484794,,1,0,1,1,1,1,0,5,0.2,0.1680907018,-0.073484,0.730255,0.3308079354
110129,-0.631015983,-0.804640966,-0.048426282,-1.338355823,0.4100824459,-1.204331809,0.5210885591,1,1,1,1,1,1,1,7,0.1428571429,-0.442228551,-0.073484,0.730255,-0.504953696
110132,,,,-0.228071128,-2.180836324,,,0,0,0,1,1,0,0,2,0.5,-1.204453726,-0.073484,0.730255,-1.54873292
110135,,,,-0.505642302,-0.729921813,,,0,0,0,1,1,0,0,2,0.5,-0.617782057,-0.073484,0.730255,-0.74535392
110142,,,,,0.8591750327,,,0,0,0,0,1,0,0,1,1,0.8591750327,-0.073484,0.730255,1.2771680006
110143,-0.474328355,,1.1439864408,0.14202377,-0.591739479,-0.830562845,0.9065131153,1,0,1,1,1,1,1,6,0.1666666667,0.0493154412,-0.073484,0.730255,0.1681589526
110146,,,,0.1882856323,0.7555382819,,,0,0,0,1,1,0,0,2,0.5,0.4719119571,-0.073484,0.730255,0.7468560067
110150,0.7791726659,,-0.313406887,-0.921999063,-1.731743737,,,1,0,1,1,1,0,0,4,0.25,-0.546994255,-0.073484,0.730255,-0.648418212
110153,,,0.0178188695,0.9747372911,0.5828103639,,,0,0,1,1,1,0,0,3,0.3333333333,0.5251221749,-0.073484,0.730255,0.819721246
110161,0.0740783415,,0.0178188695,1.1597847403,0.6864471147,0.7179085754,0.7092992156,1,0,1,1,1,1,1,6,0.1666666667,0.5608894762,-0.073484,0.730255,0.8687004285
110164,-0.474328355,0.399003353,0.0840640208,-1.47714141,-0.764467397,1.4120509363,-0.592312523,1,1,1,1,1,1,1,7,0.1428571429,-0.201875911,-0.073484,0.730255,-0.175818553
110165,,,,0.2345474946,-1.939017239,-0.350002749,,0,0,0,1,1,1,0,3,0.3333333333,-0.684824165,-0.073484,0.730255,-0.837160332
110168,1.7976422458,0.7600966487,-0.313406887,1.5298796386,1.0319029507,0.9848864065,1.5543179034,1,1,1,1,1,1,1,7,0.1428571429,1.0493312724,-0.073484,0.730255,1.5375649788
110177,1.0142041074,,-1.505819609,-0.644427889,-0.039010141,-0.510189448,-0.509139704,1,0,1,1,1,1,1,6,0.1666666667,-0.365730447,-0.073484,0.730255,-0.40019839
110184,-0.1609531,,0.6802703821,0.4195949437,1.2737220359,0.9848864065,,1,0,1,1,1,1,0,5,0.2,0.6395041336,-0.073484,0.730255,0.9763541099
110190,,,,,,,,0,0,0,0,0,0,0,0,,,-0.073484,0.730255,
110191,-0.317640728,,0.6802703821,-0.043023679,-0.073555725,-0.403398315,0.0627806052,1,0,1,1,1,1,1,6,0.1666666667,-0.015761243,-0.073484,0.730255,0.0790439596
110192,-0.395984542,,1.3427218946,-0.690689751,1.1009941179,0.3975351781,0.4263401421,1,0,1,1,1,1,1,6,0.1666666667,0.3634861733,-0.073484,0.730255,0.5983794355
110194,,,,,0.306445695,,,0,0,0,0,1,0,0,1,1,0.306445695,-0.073484,0.730255,0.5202690974
110198,-0.395984542,,0.3490446258,-0.551904164,0.7209926983,-1.364518507,-0.497992831,1,0,1,1,1,1,1,6,0.1666666667,-0.290060453,-0.073484,0.730255,-0.296577085
110200,0.6224850383,,-0.114671433,0.6971661174,-0.695376229,1.0382819727,,1,0,1,1,1,1,0,5,0.2,0.3095770932,-0.073484,0.730255,0.5245571851
110201,,,,0.5583805306,0.9973573671,,,0,0,0,1,1,0,0,2,0.5,0.7778689488,-0.073484,0.730255,1.1658287221
110209,,,,,,,,0,0,0,0,0,0,0,0,,,-0.073484,0.730255,
110215,2.1893613149,,0.2165543233,0.5121186683,0.5482647803,-0.456793881,0.6797171306,1,0,1,1,1,1,1,6,0.1666666667,0.6148703893,-0.073484,0.730255,0.9426210461
110225,,,0.5477800796,0.6046423929,1.0664485343,0.5577218767,,0,0,1,1,1,1,0,4,0.25,0.6941482209,-0.073484,0.730255,1.0511828676
110226,,,,-0.8757372,0.0300810262,,,0,0,0,1,1,0,0,2,0.5,-0.422828087,-0.073484,0.730255,-0.478387005
110229,0.309109783,,-0.51214234,0.0495000455,-0.31537481,-1.204331809,0.4289124973,1,0,1,1,1,1,1,6,0.1666666667,-0.207387772,-0.073484,0.730255,-0.18336641
110230,-0.239296914,,1.0114961383,0.6046423929,1.7228146227,1.6256332012,0.2749999103,1,0,1,1,1,1,1,6,0.1666666667,0.8333815586,-0.073484,0.730255,1.2418468209
110233,,,,,,,,0,0,0,0,0,0,0,0,,,-0.073484,0.730255,
110234,,,,,,,,0,0,0,0,0,0,0,0,,,-0.073484,0.730255,
110236,,,,-0.043023679,-0.073555725,,,0,0,0,1,1,0,0,2,0.5,-0.058289702,-0.073484,0.730255,0.0208061541
110237,,,0.6802703821,0.5121186683,1.7573602063,,,0,0,1,1,1,0,0,3,0.3333333333,0.9832497522,-0.073484,0.730255,1.4470739795
110252,,,0.3490446258,1.0672610157,-0.108101308,0.1839529132,,0,0,1,1,1,1,0,4,0.25,0.3730393116,-0.073484,0.730255,0.6114613536
11029F,0.4657974106,,1.4089670459,2.3625931597,2.9664556324,,-1.233257697,1,0,1,1,1,0,1,5,0.2,1.1941111104,-0.073484,0.730255,1.7358242227
11030F,0.6224850383,,1.6739476509,1.8074508123,1.3773587867,,-0.579022021,1,0,1,1,1,0,1,5,0.2,0.9804440535,-0.073484,0.730255,1.4432318995
11031F,,,1.0777412896,0.3733330814,,,,0,0,1,1,0,0,0,2,0.5,0.7255371855,-0.073484,0.730255,1.0941664245
111302,,,,,,,,0,0,0,0,0,0,0,0,,,-0.073484,0.730255,
111303,,,,,,,,0,0,0,0,0,0,0,0,,,-0.073484,0.730255,
111304,,,,,,,,0,0,0,0,0,0,0,0,,,-0.073484,0.730255,
111305,,,,,-1.524470236,,,0,0,0,0,1,0,0,1,1,-1.524470236,-0.073484,0.730255,-1.986958519
111306,,,,,0.0991721934,,,0,0,0,0,1,0,0,1,1,0.0991721934,-0.073484,0.730255,0.2364320087
111308,,,,,,,,0,0,0,0,0,0,0,0,,,-0.073484,0.730255,
111310,,,-0.247161735,0.789689842,-0.039010141,,,0,0,1,1,1,0,0,3,0.3333333333,0.1678393219,-0.073484,0.730255,0.3304636996
111311,,,,,,,,0,0,0,0,0,0,0,0,,,-0.073484,0.730255,
111312,,,,,,,,0,0,0,0,0,0,0,0,,,-0.073484,0.730255,
111313,,,,,-0.349920393,,,0,0,0,0,1,0,0,1,1,-0.349920393,-0.073484,0.730255,-0.37854835
111314,,,,,,,,0,0,0,0,0,0,0,0,,,-0.073484,0.730255,
111316,,,,,,,,0,0,0,0,0,0,0,0,,,-0.073484,0.730255,
111318,,,,,,,,0,0,0,0,0,0,0,0,,,-0.073484,0.730255,
111319,,,,,,,,0,0,0,0,0,0,0,0,,,-0.073484,0.730255,
111320,,,,,0.4791736131,,,0,0,0,0,1,0,0,1,1,0.4791736131,-0.073484,0.730255,0.7568000047
111323,,,,,,,,0,0,0,0,0,0,0,0,,,-0.073484,0.730255,
111324,,,,,-0.488102728,,,0,0,0,0,1,0,0,1,1,-0.488102728,-0.073484,0.730255,-0.567773076
111325,,,,,,,,0,0,0,0,0,0,0,0,,,-0.073484,0.730255,
111326,,,,,,,,0,0,0,0,0,0,0,0,,,-0.073484,0.730255,
111327,,,,,-1.973562823,,,0,0,0,0,1,0,0,1,1,-1.973562823,-0.073484,0.730255,-2.601938878
111328,,,,,,,,0,0,0,0,0,0,0,0,,,-0.073484,0.730255,
111329,,,-0.445897189,-0.043023679,-1.213559983,-0.510189448,,0,0,1,1,1,1,0,4,0.25,-0.553167575,-0.073484,0.730255,-0.656871859
111330,,,,,,,,0,0,0,0,0,0,0,0,,,-0.073484,0.730255,
111331,,,,,,,,0,0,0,0,0,0,0,0,,,-0.073484,0.730255,
111332,,,,,,,,0,0,0,0,0,0,0,0,,,-0.073484,0.730255,
111333,,,,,-0.488102728,,,0,0,0,0,1,0,0,1,1,-0.488102728,-0.073484,0.730255,-0.567773076
111334,,,,,,,,0,0,0,0,0,0,0,0,,,-0.073484,0.730255,
111335,,,,,-0.142646892,,,0,0,0,0,1,0,0,1,1,-0.142646892,-0.073484,0.730255,-0.094711261
111336,,,,,,,,0,0,0,0,0,0,0,0,,,-0.073484,0.730255,
111337,,,,,-0.177192475,,,0,0,0,0,1,0,0,1,1,-0.177192475,-0.073484,0.730255,-0.142017443
120001,-0.239296914,0.5193677849,1.2102315921,0.8359517043,0.0646266098,1.1450731052,-1.178380786,1,1,1,1,1,1,1,7,0.1428571429,0.3367961567,-0.073484,0.730255,0.5618305445
120002,0.7008288521,,-0.379652038,-0.783213476,-1.317196734,-1.578100772,0.4109060108,1,0,1,1,1,1,1,6,0.1666666667,-0.49107136,-0.073484,0.730255,-0.571838274
120004,,,,-0.783213476,1.2391764523,,,0,0,0,1,1,0,0,2,0.5,0.2279814883,-0.073484,0.730255,0.4128214409
120005,-0.474328355,,0.0840640208,0.6509042552,-1.213559983,0.6111174429,-1.207105419,1,0,1,1,1,1,1,6,0.1666666667,-0.25815134,-0.073484,0.730255,-0.252881245
120006,-0.317640728,,-0.578387492,0.5121186683,0.5828103639,0.3975351781,,1,0,1,1,1,1,0,5,0.2,0.1192871982,-0.073484,0.730255,0.2639771813
120007,0.2307659691,,,0.0495000455,1.7919057899,0.1839529132,0.8044763585,1,0,0,1,1,1,1,5,0.2,0.6121202152,-0.073484,0.730255,0.9388550007
120011,,,,,-0.211738059,,,0,0,0,0,1,0,0,1,1,-0.211738059,-0.073484,0.730255,-0.189323624
120014,,,,-2.356116793,-0.522648311,-0.456793881,,0,0,0,1,1,1,0,3,0.3333333333,-1.111852995,-0.073484,0.730255,-1.421926929
120019,,,-0.710877794,0.6509042552,-1.282651151,-0.296607183,,0,0,1,1,1,1,0,4,0.25,-0.409807968,-0.073484,0.730255,-0.460557458
120022,1.0925479213,-0.684276534,0.2165543233,0.6046423929,-0.833558564,1.1450731052,-0.296920399,1,1,1,1,1,1,1,7,0.1428571429,0.177723178,-0.073484,0.730255,0.3439984974
120026,-0.317640728,,,0.8359517043,-1.006286482,1.839215466,-1.508070979,1,0,0,1,1,1,1,5,0.2,-0.031366204,-0.073484,0.730255,0.0576747711
120028,,,,-1.014522787,0.6173559475,-0.563585014,,0,0,0,1,1,1,0,3,0.3333333333,-0.320250618,-0.073484,0.730255,-0.337919024
121300,,,,,,,,0,0,0,0,0,0,0,0,,,-0.073484,0.730255,
121301,,,,,,,,0,0,0,0,0,0,0,0,,,-0.073484,0.730255,
121302,,,,,,,,0,0,0,0,0,0,0,0,,,-0.073484,0.730255,
121303,,,,,,,,0,0,0,0,0,0,0,0,,,-0.073484,0.730255,
121304,,,,,,,,0,0,0,0,0,0,0,0,,,-0.073484,0.730255,
121305,,,,,,,,0,0,0,0,0,0,0,0,,,-0.073484,0.730255,
121306,,,,,,,,0,0,0,0,0,0,0,0,,,-0.073484,0.730255,
121307,,,,,,,,0,0,0,0,0,0,0,0,,,-0.073484,0.730255,
121308,,,,,,,,0,0,0,0,0,0,0,0,,,-0.073484,0.730255,
130002,1.1708917351,,-0.445897189,-0.413118577,0.5482647803,-1.364518507,0.397186783,1,0,1,1,1,1,1,6,0.1666666667,-0.017865163,-0.073484,0.730255,0.0761628854
130003,-0.239296914,,-1.837045366,-0.690689751,-0.039010141,-1.364518507,-0.741509125,1,0,1,1,1,1,1,6,0.1666666667,-0.818678301,-0.073484,0.730255,-1.020458091
130006,-0.082609286,-0.323183238,-2.234516273,-0.829475338,-0.522648311,-0.456793881,-0.024250746,1,1,1,1,1,1,1,7,0.1428571429,-0.639068154,-0.073484,0.730255,-0.774502767
130007,-1.571141749,0.1582744892,-2.168271122,-1.847236308,0.9628117835,-2.272243133,-0.826396847,1,1,1,1,1,1,1,7,0.1428571429,-1.080600412,-0.073484,0.730255,-1.379130131
130013,0.6224850383,,-0.379652038,-0.089285541,0.8246294491,-0.029629352,0.1961143504,1,0,1,1,1,1,1,6,0.1666666667,0.1907769845,-0.073484,0.730255,0.3618741757
130014,0.0740783415,,,-0.783213476,1.5500867047,0.7179085754,,1,0,0,1,1,1,0,4,0.25,0.3897150365,-0.073484,0.730255,0.6342968302
130018,1.7192984319,-2.850836308,-0.975858399,-0.690689751,0.0991721934,-0.456793881,0.5652473236,1,1,1,1,1,1,1,7,0.1428571429,-0.37006577,-0.073484,0.730255,-0.406135114
130025,,,,,0.8937206163,,,0,0,0,0,1,0,0,1,1,0.8937206163,-0.073484,0.730255,1.3244741821
130028,0.7008288521,0.1582744892,-0.313406887,-1.014522787,-0.453557144,-0.990749544,-0.492419395,1,1,1,1,1,1,1,7,0.1428571429,-0.343650345,-0.073484,0.730255,-0.369962244
13003F,0.6224850383,,1.0114961383,1.0209991534,2.65554538,,,1,0,1,1,1,0,0,4,0.25,1.3276314275,-0.073484,0.730255,1.918664855
130049,-1.884517004,1.0008255125,-2.168271122,-1.569665135,1.3082676195,1.0916775389,0.2522774392,1,1,1,1,1,1,1,7,0.1428571429,-0.281343593,-0.073484,0.730255,-0.284640353
130063,,,,,,,,0,0,0,0,0,0,0,0,,,-0.073484,0.730255,
130065,,,,,,,,0,0,0,0,0,0,0,0,,,-0.073484,0.730255,
130066,,,,,,,,0,0,0,0,0,0,0,0,,,-0.073484,0.730255,
130071,0.0740783415,,0.5477800796,-2.124807482,0.6864471147,0.3975351781,,1,0,1,1,1,1,0,5,0.2,-0.083793354,-0.073484,0.730255,-0.014118147
130073,,,,,,,,0,0,0,0,0,0,0,0,,,-0.073484,0.730255,
130074,,,-0.51214234,-0.135547404,0.5137191967,-0.029629352,,0,0,1,1,1,1,0,4,0.25,-0.040899975,-0.073484,0.730255,0.0446193741
131301,,,,,,,,0,0,0,0,0,0,0,0,,,-0.073484,0.730255,
131302,,,,,0.6864471147,,,0,0,0,0,1,0,0,1,1,0.6864471147,-0.073484,0.730255,1.0406370934
131303,,,,,0.8937206163,,,0,0,0,0,1,0,0,1,1,0.8937206163,-0.073484,0.730255,1.3244741821
131304,,,,,,,,0,0,0,0,0,0,0,0,,,-0.073484,0.730255,
131305,,,,0.0957619077,0.306445695,,,0,0,0,1,1,0,0,2,0.5,0.2011038014,-0.073484,0.730255,0.3760155572
131307,,,,,,,,0,0,0,0,0,0,0,0,,,-0.073484,0.730255,
131308,,,,,,,,0,0,0,0,0,0,0,0,,,-0.073484,0.730255,
131309,,,,,,,,0,0,0,0,0,0,0,0,,,-0.073484,0.730255,
131310,,,,,,,,0,0,0,0,0,0,0,0,,,-0.073484,0.730255,
131311,,,,,0.2373545278,,,0,0,0,0,1,0,0,1,1,0.2373545278,-0.073484,0.730255,0.4256567345
131312,,,,,,,,0,0,0,0,0,0,0,0,,,-0.073484,0.730255,
131313,,,,,,,,0,0,0,0,0,0,0,0,,,-0.073484,0.730255,
131314,,,,,-1.800834905,,,0,0,0,0,1,0,0,1,1,-1.800834905,-0.073484,0.730255,-2.365407971
131315,,,0.4152897771,-1.847236308,0.3755368623,,,0,0,1,1,1,0,0,3,0.3333333333,-0.352136556,-0.073484,0.730255,-0.381583129
131316,,,,,-1.524470236,,,0,0,0,0,1,0,0,1,1,-1.524470236,-0.073484,0.730255,-1.986958519
131317,,,,,,,,0,0,0,0,0,0,0,0,,,-0.073484,0.730255,
131318,,,,,,,,0,0,0,0,0,0,0,0,,,-0.073484,0.730255,
131319,,,,,,,,0,0,0,0,0,0,0,0,,,-0.073484,0.730255,
131320,,,-1.240839004,-1.47714141,-0.557193895,-0.883958411,,0,0,1,1,1,1,0,4,0.25,-1.03978318,-0.073484,0.730255,-1.323235652
131321,,,,,-0.108101308,,,0,0,0,0,1,0,0,1,1,-0.108101308,-0.073484,0.730255,-0.04740508
131322,,,,0.3270712192,-1.420833485,,,0,0,0,1,1,0,0,2,0.5,-0.546881133,-0.073484,0.730255,-0.648263304
131323,,,,-0.228071128,-0.729921813,,,0,0,0,1,1,0,0,2,0.5,-0.478996471,-0.073484,0.730255,-0.55530311
131324,,,,,,,,0,0,0,0,0,0,0,0,,,-0.073484,0.730255,
131325,,,,0.0495000455,-1.489924652,,,0,0,0,1,1,0,0,2,0.5,-0.720212303,-0.073484,0.730255,-0.885620296
131326,,,,-0.366856715,0.3755368623,,,0,0,0,1,1,0,0,2,0.5,0.0043400736,-0.073484,0.730255,0.1065703882
131327,,,,-1.569665135,-1.075377649,-0.029629352,,0,0,0,1,1,1,0,3,0.3333333333,-0.891557378,-0.073484,0.730255,-1.120257559
131328,,,,,-1.1790144,0.2373484794,,0,0,0,0,1,1,0,2,0.5,-0.47083296,-0.073484,0.730255,-0.544124126
140001,,,-1.572064761,-1.986021895,-1.040832065,,,0,0,1,1,1,0,0,3,0.3333333333,-1.532972907,-0.073484,0.730255,-1.998601944
140002,1.1708917351,,0.6140252308,-0.320594853,0.1682633606,-0.136420484,,1,0,1,1,1,1,0,5,0.2,0.2992329979,-0.073484,0.730255,0.5103921429
140007,-1.101078866,-0.684276534,0.5477800796,0.3270712192,0.7900838655,-0.723771713,0.6587095631,1,1,1,1,1,1,1,7,0.1428571429,-0.026497484,-0.073484,0.730255,0.06434192
140008,0.3874535968,,0.4152897771,0.5121186683,0.4100824459,1.35865537,0.4524924201,1,0,1,1,1,1,1,6,0.1666666667,0.589348713,-0.073484,0.730255,0.907672062
140010,2.0326736873,1.0008255125,2.6676249197,1.2523084649,1.4809955375,2.2663799958,0.5892559723,1,1,1,1,1,1,1,7,0.1428571429,1.6128662986,-0.073484,0.730255,2.3092610227
140011,-0.944391238,,-1.770800214,-0.043023679,-1.351742318,1.4120509363,0.6745724202,1,0,1,1,1,1,1,6,0.1666666667,-0.337222349,-0.073484,0.730255,-0.361159847
140012,0.0740783415,,-1.505819609,-1.153308374,-0.108101308,,,1,0,1,1,1,0,0,4,0.25,-0.673287737,-0.073484,0.730255,-0.821362529
140013,0.309109783,,-1.240839004,-0.45938044,0.5828103639,-0.456793881,,1,0,1,1,1,1,0,5,0.2,-0.253018636,-0.073484,0.730255,-0.2458526
140015,0.7008288521,-0.44354767,0.3490446258,0.1882856323,-0.384465977,-0.136420484,0.8177668605,1,1,1,1,1,1,1,7,0.1428571429,0.1559274056,-0.073484,0.730255,0.3141517079
140018,-0.317640728,,0.2165543233,0.2345474946,0.306445695,-0.18981605,-1.021895843,1,0,1,1,1,1,1,6,0.1666666667,-0.128634185,-0.073484,0.730255,-0.07552248
140029,-0.004265472,-0.202818807,-0.114671433,1.1597847403,-0.211738059,0.1839529132,-0.380093218,1,1,1,1,1,1,1,7,0.1428571429,0.061450095,-0.073484,0.730255,0.1847759576
140030,-0.1609531,-0.44354767,0.9452509871,1.2985703271,1.3773587867,0.7179085754,0.7856124203,1,1,1,1,1,1,1,7,0.1428571429,0.6457429038,-0.073484,0.730255,0.9848973841
140032,-1.414454121,,0.9452509871,-0.968260925,0.4100824459,-0.029629352,,1,0,1,1,1,1,0,5,0.2,-0.211402193,-0.073484,0.730255,-0.188863695
140034,,,0.0178188695,-1.292093961,-0.073555725,-0.61698058,,0,0,1,1,1,1,0,4,0.25,-0.491202849,-0.073484,0.730255,-0.572018333
14003F,1.9543298734,,2.6676249197,2.8252117825,1.8609969572,,-0.41824982,1,0,1,1,1,0,1,5,0.2,1.7779827426,-0.073484,0.730255,2.5353688966
140043,-0.944391238,,-2.102025971,-1.292093961,-3.079021498,-2.912989928,,1,0,1,1,1,1,0,5,0.2,-2.066104519,-0.073484,0.730255,-2.728664029
140046,0.7791726659,,-0.578387492,0.5121186683,0.2373545278,1.4120509363,-0.650619241,1,0,1,1,1,1,1,6,0.1666666667,0.2852816776,-0.073484,0.730255,0.4912874233
140048,1.3275793628,,0.0178188695,1.7149270877,0.7900838655,1.4120509363,0.8915077099,1,0,1,1,1,1,1,6,0.1666666667,1.0256613053,-0.073484,0.730255,1.5051516963
140049,,,-0.247161735,0.1882856323,0.2028089442,0.8246997078,-1.021467118,0,0,1,1,1,1,1,5,0.2,-0.010566914,-0.073484,0.730255,0.0861569931
14004F,,,1.0777412896,,0.8937206163,,,0,0,1,0,1,0,0,2,0.5,0.9857309529,-0.073484,0.730255,1.4504716969
140052,0.7008288521,,-2.367006576,-0.135547404,-0.522648311,-0.18981605,,1,0,1,1,1,1,0,5,0.2,-0.502837898,-0.073484,0.730255,-0.587951187
140053,0.5441412244,0.399003353,-1.042103551,0.3733330814,-0.142646892,-1.097540676,-0.703781249,1,1,1,1,1,1,1,7,0.1428571429,-0.23851353,-0.073484,0.730255,-0.225989535
140054,-0.709359797,,0.2827994746,0.2345474946,0.4446280295,0.9848864065,-0.482129974,1,0,1,1,1,1,1,6,0.1666666667,0.1258952723,-0.073484,0.730255,0.2730261747
140059,,,-2.367006576,-0.644427889,-2.04265399,,,0,0,1,1,1,0,0,3,0.3333333333,-1.684696151,-0.073484,0.730255,-2.20636938
140062,-0.082609286,0.399003353,2.0714185584,0.6046423929,0.8246294491,0.6645130092,1.3905446214,1,1,1,1,1,1,1,7,0.1428571429,0.8388774425,-0.073484,0.730255,1.2493727984
140063,0.0740783415,,0.2165543233,1.76118895,2.3446351276,1.1450731052,,1,0,1,1,1,1,0,5,0.2,1.1083059695,-0.073484,0.730255,1.6183240059
140064,-0.787703611,,-0.379652038,-0.413118577,-0.626285062,-0.830562845,,1,0,1,1,1,1,0,5,0.2,-0.607464427,-0.073484,0.730255,-0.731225118
140065,1.4059231766,,1.2764767434,0.6971661174,0.4100824459,1.0916775389,-0.458978777,1,0,1,1,1,1,1,6,0.1666666667,0.7370578741,-0.073484,0.730255,1.1099426752
140067,1.7192984319,1.1211899444,-0.048426282,-1.939760033,-0.79901298,-1.204331809,-1.061338623,1,1,1,1,1,1,1,7,0.1428571429,-0.316054479,-0.073484,0.730255,-0.332172896
140068,,,0.8790058358,0.789689842,0.8591750327,,,0,0,1,1,1,0,0,3,0.3333333333,0.8426235702,-0.073484,0.730255,1.2545026869
140077,,,,,,,,0,0,0,0,0,0,0,0,,,-0.073484,0.730255,
14007F,0.8575164798,,2.1376637096,2.5476406088,1.9991792916,,-0.645045805,1,0,1,1,1,0,1,5,0.2,1.379390857,-0.073484,0.730255,1.9895434077
140080,-0.474328355,,0.8127606846,-0.043023679,-0.280829226,-0.403398315,0.469212729,1,0,1,1,1,1,1,6,0.1666666667,0.0133989729,-0.073484,0.730255,0.1189755032
140082,0.5441412244,,0.2165543233,0.9284754289,0.306445695,0.6111174429,0.357744003,1,0,1,1,1,1,1,6,0.1666666667,0.4940796863,-0.073484,0.730255,0.777212148
140083,,,,,,,,0,0,0,0,0,0,0,0,,,-0.073484,0.730255,
140084,0.6224850383,,-1.505819609,0.8822135666,0.2028089442,-0.403398315,,1,0,1,1,1,1,0,5,0.2,-0.040342075,-0.073484,0.730255,0.0453833532
140088,1.0142041074,1.0008255125,0.9452509871,2.085021986,1.2046308687,1.0382819727,0.0683540414,1,1,1,1,1,1,1,7,0.1428571429,1.0509384966,-0.073484,0.730255,1.5397658864
140089,,,0.8790058358,-1.245832099,-0.419011561,,,0,0,1,1,1,0,0,3,0.3333333333,-0.261945941,-0.073484,0.730255,-0.258077512
14008F,,,0.3490446258,1.437355914,0.7555382819,,,0,0,1,1,1,0,0,3,0.3333333333,0.8473129406,-0.073484,0.730255,1.2609242373
140091,-0.082609286,0.2786389211,0.2827994746,-0.505642302,0.1682633606,-0.563585014,-0.375805959,1,1,1,1,1,1,1,7,0.1428571429,-0.113991544,-0.073484,0.730255,-0.055471076
140093,0.6224850383,,-0.379652038,0.465856806,-1.075377649,0.9314908403,,1,0,1,1,1,1,0,5,0.2,0.1129605995,-0.073484,0.730255,0.2553136362
140095,,,,0.3270712192,,,,0,0,0,1,0,0,0,1,1,0.3270712192,-0.073484,0.730255,0.5485133673
140100,,,,,,,,0,0,0,0,0,0,0,0,,,-0.073484,0.730255,
140101,0.7008288521,,-0.578387492,-0.089285541,-1.282651151,0.7713041416,,1,0,1,1,1,1,0,5,0.2,-0.095638238,-0.073484,0.730255,-0.030338347
140103,,,0.2165543233,-1.060784649,0.0646266098,,,0,0,1,1,1,0,0,3,0.3333333333,-0.259867905,-0.073484,0.730255,-0.255231883
140110,,,0.5477800796,-1.800974446,-0.868104147,-0.937353977,,0,0,1,1,1,1,0,4,0.25,-0.764663123,-0.073484,0.730255,-0.946490552
140113,-0.317640728,-2.249014149,-0.445897189,-0.968260925,0.2373545278,0.9314908403,,1,1,1,1,1,1,0,6,0.1666666667,-0.46866127,-0.073484,0.730255,-0.541150248
140114,0.6224850383,,0.3490446258,0.6509042552,-0.280829226,0.2907440456,0.668570258,1,0,1,1,1,1,1,6,0.1666666667,0.3834864995,-0.073484,0.730255,0.6257675691
140115,,,,,1.3428132031,,,0,0,0,0,1,0,0,1,1,1.3428132031,-0.073484,0.730255,1.9394545409
140116,1.2492355489,0.7600966487,2.2039088609,2.2700694351,1.2391764523,0.5043263105,0.5583877097,1,1,1,1,1,1,1,7,0.1428571429,1.2550287095,-0.073484,0.730255,1.8192438294
140117,0.4657974106,0.1582744892,1.3427218946,0.9747372911,0.4446280295,-0.777167279,1.2726450075,1,1,1,1,1,1,1,7,0.1428571429,0.5545195491,-0.073484,0.730255,0.8599775501
140119,1.5626108043,0.5193677849,2.0714185584,2.8252117825,2.3791807112,1.6256332012,2.164394815,1,1,1,1,1,1,1,7,0.1428571429,1.8782596653,-0.073484,0.730255,2.672686545
140120,-1.101078866,,0.9452509871,-1.245832099,0.2373545278,-1.257727375,,1,0,1,1,1,1,0,5,0.2,-0.484406565,-0.073484,0.730255,-0.562711608
140122,0.3874535968,0.5193677849,0.3490446258,1.6686652254,0.3409912786,-0.403398315,0.2081186747,1,1,1,1,1,1,1,7,0.1428571429,0.4386061244,-0.073484,0.730255,0.7012475207
140124,0.5441412244,,1.2764767434,1.9924982614,1.4464499539,,,1,0,1,1,1,0,0,4,0.25,1.3148915458,-0.073484,0.730255,1.9012190604
140125,,,-0.777122945,-0.783213476,-1.800834905,,,0,0,1,1,1,0,0,3,0.3333333333,-1.120390442,-0.073484,0.730255,-1.433617975
140127,0.309109783,,-0.379652038,-0.921999063,-0.108101308,0.8246997078,0.7470270921,1,0,1,1,1,1,1,6,0.1666666667,0.078514029,-0.073484,0.730255,0.2081430418
140130,-0.474328355,,0.8790058358,2.5476406088,2.2755439604,2.7469400918,0.1772504122,1,0,1,1,1,1,1,6,0.1666666667,1.3586754256,-0.073484,0.730255,1.9611760201
140133,,,0.3490446258,0.6046423929,-0.488102728,-0.243211617,,0,0,1,1,1,1,0,4,0.25,0.0555931686,-0.073484,0.730255,0.1767555742
140135,-0.552672169,,0.1503091721,0.1882856323,-0.626285062,1.7324243336,-0.42553816,1,0,1,1,1,1,1,6,0.1666666667,0.0777539578,-0.073484,0.730255,0.2071022121
140137,,,,-0.505642302,-0.108101308,,,0,0,0,1,1,0,0,2,0.5,-0.306871805,-0.073484,0.730255,-0.319598287
140145,,,,-0.968260925,1.8609969572,-0.350002749,,0,0,0,1,1,1,0,3,0.3333333333,0.1809110944,-0.073484,0.730255,0.3483639803
140147,,,-1.108348702,-0.089285541,0.8246294491,,,0,0,1,1,1,0,0,3,0.3333333333,-0.124334931,-0.073484,0.730255,-0.069635149
140148,-0.239296914,0.0379100573,0.6140252308,-0.181809266,0.306445695,0.6645130092,-0.392097542,1,1,1,1,1,1,1,7,0.1428571429,0.1156700387,-0.073484,0.730255,0.2590238998
140150,0.3874535968,,-0.114671433,1.1597847403,1.3082676195,1.4120509363,-0.841402253,1,0,1,1,1,1,1,6,0.1666666667,0.5519138679,-0.073484,0.730255,0.856409371
140155,-0.395984542,,-0.644632643,-0.320594853,0.0991721934,0.0771617807,0.413478366,1,0,1,1,1,1,1,6,0.1666666667,-0.128566616,-0.073484,0.730255,-0.075429952
140158,,,,0.3733330814,-0.384465977,0.7713041416,,0,0,0,1,1,1,0,3,0.3333333333,0.2533904154,-0.073484,0.730255,0.4476160279
140160,-0.944391238,,-1.108348702,-0.505642302,0.133717777,-0.296607183,,1,0,1,1,1,1,0,5,0.2,-0.54425433,-0.073484,0.730255,-0.6446662
140161,,,0.1503091721,-1.060784649,-0.764467397,-0.883958411,,0,0,1,1,1,1,0,4,0.25,-0.639725321,-0.073484,0.730255,-0.775402682
140162,-0.474328355,-0.563912102,-1.174593853,-0.45938044,-0.833558564,-0.243211617,-1.920505265,1,1,1,1,1,1,1,7,0.1428571429,-0.809927171,-0.073484,0.730255,-1.008474431
140164,-0.709359797,-1.04536983,-1.240839004,-0.551904164,-0.833558564,-0.403398315,-0.765517774,1,1,1,1,1,1,1,7,0.1428571429,-0.792849635,-0.073484,0.730255,-0.985088721
140166,-0.239296914,,1.6077024996,0.14202377,0.6173559475,0.9314908403,-1.248263102,1,0,1,1,1,1,1,6,0.1666666667,0.3018355069,-0.073484,0.730255,0.5139559779
140172,0.0740783415,,-0.114671433,1.7149270877,0.4100824459,-0.456793881,0.8996535014,1,0,1,1,1,1,1,6,0.1666666667,0.421212677,-0.073484,0.730255,0.6774292061
140174,1.0142041074,0.1582744892,-0.644632643,0.14202377,-0.902649731,0.9314908403,-0.431540322,1,1,1,1,1,1,1,7,0.1428571429,0.0381672159,-0.073484,0.730255,0.1528927474
140177,,,,1.0209991534,0.1682633606,,,0,0,0,1,1,0,0,2,0.5,0.594631257,-0.073484,0.730255,0.9149058951
140179,-1.257766494,,2.2701540121,1.0209991534,1.1009941179,2.5333578269,-0.607746654,1,0,1,1,1,1,1,6,0.1666666667,0.8433319938,-0.073484,0.730255,1.2554727911
140180,-0.1609531,,1.0777412896,-0.043023679,1.2046308687,0.2373484794,0.2985798331,1,0,1,1,1,1,1,6,0.1666666667,0.4357206153,-0.073484,0.730255,0.6972961497
140181,,,,,-0.557193895,,,0,0,0,0,1,0,0,1,1,-0.557193895,-0.073484,0.730255,-0.662385439
140182,-1.022735052,,-0.048426282,1.113522878,0.306445695,1.6790287674,0.0674965897,1,0,1,1,1,1,1,6,0.1666666667,0.3492220994,-0.073484,0.730255,0.5788464359
140184,-0.787703611,,0.6140252308,-0.783213476,-0.868104147,,-0.09027453,1,0,1,1,1,0,1,5,0.2,-0.383054107,-0.073484,0.730255,-0.423921138
140185,0.6224850383,0.7600966487,0.8790058358,0.465856806,0.6173559475,-0.243211617,0.5450972078,1,1,1,1,1,1,1,7,0.1428571429,0.5209551239,-0.073484,0.730255,0.8140149517
140186,-0.317640728,0.399003353,1.8726831046,-0.135547404,0.0646266098,1.1450731052,-0.040542329,1,1,1,1,1,1,1,7,0.1428571429,0.4268079588,-0.073484,0.730255,0.6850912975
140187,0.309109783,-0.684276534,-2.102025971,0.6971661174,1.2046308687,0.5577218767,-0.368088893,1,1,1,1,1,1,1,7,0.1428571429,-0.055108965,-0.073484,0.730255,0.0251618059
140189,-1.571141749,,0.5477800796,-0.413118577,0.2028089442,-0.723771713,-1.475059087,1,0,1,1,1,1,1,6,0.1666666667,-0.572083684,-0.073484,0.730255,-0.682775282
140191,-1.336110308,,1.0777412896,1.437355914,-0.349920393,0.6645130092,1.3785402971,1,0,1,1,1,1,1,6,0.1666666667,0.4786866348,-0.073484,0.730255,0.7561331443
140197,,,,,,,,0,0,0,0,0,0,0,0,,,-0.073484,0.730255,
140200,0.9358602936,-0.323183238,1.3427218946,0.9747372911,-0.419011561,0.3975351781,1.2404905673,1,1,1,1,1,1,1,7,0.1428571429,0.5927357751,-0.073484,0.730255,0.9123102518
140202,0.4657974106,0.7600966487,0.4152897771,0.789689842,0.6173559475,1.7858198998,-1.949229898,1,1,1,1,1,1,1,7,0.1428571429,0.4121170897,-0.073484,0.730255,0.6649738512
140206,0.309109783,,,-0.181809266,0.8246294491,,,1,0,0,1,1,0,0,3,0.3333333333,0.3173099887,-0.073484,0.730255,0.5351464911
140208,1.0925479213,0.6397322168,0.8127606846,1.437355914,0.9973573671,1.7324243336,0.1176575164,1,1,1,1,1,1,1,7,0.1428571429,0.9756908505,-0.073484,0.730255,1.4367229378
140209,-1.101078866,0.2786389211,-1.042103551,-0.505642302,-0.729921813,-0.777167279,0.7740368218,1,1,1,1,1,1,1,7,0.1428571429,-0.443319724,-0.073484,0.730255,-0.506447931
140210,,,-0.379652038,0.0957619077,-1.766289321,,,0,0,1,1,1,0,0,3,0.3333333333,-0.68339315,-0.073484,0.730255,-0.835200724
140211,0.309109783,,0.0178188695,1.3910940517,0.4100824459,0.8780952741,0.8597819956,1,0,1,1,1,1,1,6,0.1666666667,0.6443304033,-0.073484,0.730255,0.982963128
140213,0.7008288521,1.602647672,1.4089670459,0.1882856323,-0.039010141,0.0237662145,-1.090491982,1,1,1,1,1,1,1,7,0.1428571429,0.3992847562,-0.073484,0.730255,0.6474014546
140217,0.1524221553,,0.4152897771,0.5583805306,-1.109923233,-0.243211617,,1,0,1,1,1,1,0,5,0.2,-0.045408477,-0.073484,0.730255,0.0384455014
140223,1.8759860596,1.1211899444,1.8064379534,1.4836177763,0.7900838655,1.6790287674,1.5474582895,1,1,1,1,1,1,1,7,0.1428571429,1.471971808,-0.073484,0.730255,2.1163223127
140224,0.309109783,,0.0178188695,1.2060466026,0.8591750327,0.5043263105,,1,0,1,1,1,1,0,5,0.2,0.5792953197,-0.073484,0.730255,0.8939051025
140228,0.2307659691,0.6397322168,0.6140252308,0.465856806,0.0646266098,-3.233363325,1.0642842351,1,1,1,1,1,1,1,7,0.1428571429,-0.022010322,-0.073484,0.730255,0.0704865683
140231,1.3275793628,0.7600966487,0.0178188695,1.113522878,0.2719001114,-0.296607183,0.6111209916,1,1,1,1,1,1,1,7,0.1428571429,0.543633097,-0.073484,0.730255,0.8450698131
140233,-0.552672169,-1.04536983,-1.042103551,-0.551904164,-0.453557144,-0.029629352,-0.317499241,1,1,1,1,1,1,1,7,0.1428571429,-0.570390779,-0.073484,0.730255,-0.680457045
140239,-0.631015983,-1.165734262,-0.909613248,0.2808093569,1.2046308687,-2.005265302,-1.006890438,1,1,1,1,1,1,1,7,0.1428571429,-0.604725572,-0.073484,0.730255,-0.727474574
140242,0.1524221553,1.602647672,1.4089670459,1.3910940517,0.2373545278,0.9848864065,0.9613900266,1,1,1,1,1,1,1,7,0.1428571429,0.9626802694,-0.073484,0.730255,1.4189064516
140251,0.8575164798,,0.0840640208,1.0209991534,0.5137191967,0.0771617807,,1,0,1,1,1,1,0,5,0.2,0.5106921263,-0.073484,0.730255,0.7999609633
140252,-0.004265472,-0.563912102,1.6077024996,0.8822135666,0.1682633606,0.5577218767,1.9110178264,1,1,1,1,1,1,1,7,0.1428571429,0.6512487936,-0.073484,0.730255,0.9924370635
140258,1.4059231766,1.2415543763,1.0777412896,1.0209991534,0.6864471147,-0.296607183,0.4795021498,1,1,1,1,1,1,1,7,0.1428571429,0.8022228682,-0.073484,0.730255,1.1991785981
140275,-0.317640728,,-1.638309912,-1.014522787,-0.557193895,,,1,0,1,1,1,0,0,4,0.25,-0.88191683,-0.073484,0.730255,-1.107055944
140276,0.7008288521,1.1211899444,1.2102315921,1.5761415008,0.8937206163,0.5043263105,0.1969718021,1,1,1,1,1,1,1,7,0.1428571429,0.8862015169,-0.073484,0.730255,1.3141776451
140280,0.2307659691,-0.804640966,-1.903290517,-0.968260925,-1.248105567,-0.61698058,0.4452040803,1,1,1,1,1,1,1,7,0.1428571429,-0.695044072,-0.073484,0.730255,-0.851155314
140281,2.1110175011,-0.082454375,1.2764767434,3.1953066808,2.5864542128,1.7324243336,1.5333103358,1,1,1,1,1,1,1,7,0.1428571429,1.764647919,-0.073484,0.730255,2.5171083979
140286,0.0740783415,,0.6140252308,1.6224033631,1.1355397015,-0.510189448,0.0117622267,1,0,1,1,1,1,1,6,0.1666666667,0.4912699027,-0.073484,0.730255,0.7733644743
140288,1.4842669904,-0.082454375,1.4752121971,1.2523084649,0.5828103639,0.7713041416,0.7217322658,1,1,1,1,1,1,1,7,0.1428571429,0.8864542927,-0.073484,0.730255,1.3145237923
140289,0.5441412244,,-2.830722634,-0.320594853,-0.79901298,0.1839529132,,1,0,1,1,1,1,0,5,0.2,-0.644447266,-0.073484,0.730255,-0.781868839
140290,-0.239296914,,0.8790058358,1.9924982614,1.1009941179,-0.136420484,0.4079049297,1,0,1,1,1,1,1,6,0.1666666667,0.6674476245,-0.073484,0.730255,1.0146194889
140291,0.0740783415,-0.082454375,1.8064379534,1.3448321894,1.1009941179,1.0382819727,-0.094561789,1,1,1,1,1,1,1,7,0.1428571429,0.7410869159,-0.073484,0.730255,1.1154599819
140292,-0.317640728,,-0.048426282,0.2345474946,-0.073555725,-0.563585014,,1,0,1,1,1,1,0,5,0.2,-0.153732051,-0.073484,0.730255,-0.109891104
140294,,,-1.307084156,,0.7209926983,,,0,0,1,0,1,0,0,2,0.5,-0.293045729,-0.073484,0.730255,-0.300665074
140300,,,,,,,,0,0,0,0,0,0,0,0,,,-0.073484,0.730255,
140304,-0.474328355,,-1.307084156,1.0672610157,0.4791736131,0.6645130092,,1,0,1,1,1,1,0,5,0.2,0.0859070254,-0.073484,0.730255,0.2182668953
140308,,,,,,,,0,0,0,0,0,0,0,0,,,-0.073484,0.730255,
14034F,,,1.8726831046,2.2238075728,2.5173630456,,,0,0,1,1,1,0,0,3,0.3333333333,2.2046179077,-0.073484,0.730255,3.1195964137
141300,,,,,-0.937195315,,,0,0,0,0,1,0,0,1,1,-0.937195315,-0.073484,0.730255,-1.182753435
141301,,,,,,,,0,0,0,0,0,0,0,0,,,-0.073484,0.730255,
141302,,,,,,,,0,0,0,0,0,0,0,0,,,-0.073484,0.730255,
141303,,,,,,,,0,0,0,0,0,0,0,0,,,-0.073484,0.730255,
141304,,,,,,,,0,0,0,0,0,0,0,0,,,-0.073484,0.730255,
141305,,,,-2.124807482,-0.522648311,,,0,0,0,1,1,0,0,2,0.5,-1.323727897,-0.073484,0.730255,-1.712065102
141306,,,,,,,,0,0,0,0,0,0,0,0,,,-0.073484,0.730255,
141307,,,,,0.3755368623,,,0,0,0,0,1,0,0,1,1,0.3755368623,-0.073484,0.730255,0.6148814603
141308,,,,,,,,0,0,0,0,0,0,0,0,,,-0.073484,0.730255,
141309,,,,,,,,0,0,0,0,0,0,0,0,,,-0.073484,0.730255,
141310,,,,-2.726211692,0.0300810262,,,0,0,0,1,1,0,0,2,0.5,-1.348065333,-0.073484,0.730255,-1.745392406
141311,,,-1.837045366,-0.921999063,-1.144468816,,,0,0,1,1,1,0,0,3,0.3333333333,-1.301171081,-0.073484,0.730255,-1.681176153
141312,,,,,0.5137191967,,,0,0,0,0,1,0,0,1,1,0.5137191967,-0.073484,0.730255,0.8041061861
141313,,,,,,,,0,0,0,0,0,0,0,0,,,-0.073484,0.730255,
141315,,,0.2165543233,-1.986021895,0.1682633606,,,0,0,1,1,1,0,0,3,0.3333333333,-0.533734737,-0.073484,0.730255,-0.630260835
141316,,,,,0.9282661999,,,0,0,0,0,1,0,0,1,1,0.9282661999,-0.073484,0.730255,1.3717803635
141317,,,0.2165543233,-0.043023679,1.1700852851,,,0,0,1,1,1,0,0,3,0.3333333333,0.4478719764,-0.073484,0.730255,0.7139360334
141318,,,,0.0495000455,0.4446280295,,,0,0,0,1,1,0,0,2,0.5,0.2470640375,-0.073484,0.730255,0.438952785
141319,,,,,-0.557193895,,,0,0,0,0,1,0,0,1,1,-0.557193895,-0.073484,0.730255,-0.662385439
141320,,,-1.505819609,-0.181809266,0.1682633606,,,0,0,1,1,1,0,0,3,0.3333333333,-0.506455172,-0.073484,0.730255,-0.592904625
141321,,,-0.644632643,,0.0300810262,,,0,0,1,0,1,0,0,2,0.5,-0.307275808,-0.073484,0.730255,-0.320151523
141322,,,0.1503091721,0.4195949437,-0.591739479,,,0,0,1,1,1,0,0,3,0.3333333333,-0.007278454,-0.073484,0.730255,0.090660158
141323,,,-0.578387492,,1.2391764523,,,0,0,1,0,1,0,0,2,0.5,0.3303944803,-0.073484,0.730255,0.5530641891
141324,,,-1.108348702,-0.413118577,-3.355386167,,,0,0,1,1,1,0,0,3,0.3333333333,-1.625617815,-0.073484,0.730255,-2.125468431
141325,,,-1.572064761,-0.228071128,0.9973573671,,,0,0,1,1,1,0,0,3,0.3333333333,-0.267592841,-0.073484,0.730255,-0.265810288
141326,,,0.6140252308,-0.968260925,-1.317196734,,,0,0,1,1,1,0,0,3,0.3333333333,-0.557144143,-0.073484,0.730255,-0.662317309
141327,,,-1.505819609,,-3.459022918,,,0,0,1,0,1,0,0,2,0.5,-2.482421263,-0.073484,0.730255,-3.298761662
141328,,,-0.777122945,-0.921999063,-0.764467397,,,0,0,1,1,1,0,0,3,0.3333333333,-0.821196468,-0.073484,0.730255,-1.02390643
141329,,,,,,,,0,0,0,0,0,0,0,0,,,-0.073484,0.730255,
141330,,,,,,,,0,0,0,0,0,0,0,0,,,-0.073484,0.730255,
141331,,,,,0.133717777,,,0,0,0,0,1,0,0,1,1,0.133717777,-0.073484,0.730255,0.2837381902
141332,,,,,0.0991721934,,,0,0,0,0,1,0,0,1,1,0.0991721934,-0.073484,0.730255,0.2364320087
141333,,,,,,,,0,0,0,0,0,0,0,0,,,-0.073484,0.730255,
141334,,,,,0.7209926983,,,0,0,0,0,1,0,0,1,1,0.7209926983,-0.073484,0.730255,1.0879432748
141335,,,,,,,,0,0,0,0,0,0,0,0,,,-0.073484,0.730255,
141336,,,-0.313406887,-0.968260925,0.2028089442,,,0,0,1,1,1,0,0,3,0.3333333333,-0.359619622,-0.073484,0.730255,-0.391830323
141337,,,-0.313406887,,0.1682633606,,,0,0,1,0,1,0,0,2,0.5,-0.072571763,-0.073484,0.730255,0.001248523
141338,,,,,-1.420833485,,,0,0,0,0,1,0,0,1,1,-1.420833485,-0.073484,0.730255,-1.845039975
141339,,,-2.035780819,-0.8757372,-1.835380488,,,0,0,1,1,1,0,0,3,0.3333333333,-1.582299503,-0.073484,0.730255,-2.066149012
141340,,,,,-1.282651151,,,0,0,0,0,1,0,0,1,1,-1.282651151,-0.073484,0.730255,-1.655815249
141341,,,-0.777122945,,-0.073555725,,,0,0,1,0,1,0,0,2,0.5,-0.425339335,-0.073484,0.730255,-0.481825868
141342,,,,,-0.971740898,,,0,0,0,0,1,0,0,1,1,-0.971740898,-0.073484,0.730255,-1.230059616
141343,,,1.0114961383,0.8822135666,-0.695376229,,,0,0,1,1,1,0,0,3,0.3333333333,0.3994444918,-0.073484,0.730255,0.6476201941
141344,,,,,-0.626285062,,,0,0,0,0,1,0,0,1,1,-0.626285062,-0.073484,0.730255,-0.756997802
141345,,,-0.578387492,0.3270712192,-0.211738059,,,0,0,1,1,1,0,0,3,0.3333333333,-0.154351444,-0.073484,0.730255,-0.110739292
141346,,,,-0.644427889,-1.317196734,,,0,0,0,1,1,0,0,2,0.5,-0.980812312,-0.073484,0.730255,-1.242481868
141347,,,,0.0032381832,0.1682633606,,,0,0,0,1,1,0,0,2,0.5,0.0857507719,-0.073484,0.730255,0.2180529242
141348,,,,1.2985703271,1.8609969572,,,0,0,0,1,1,0,0,2,0.5,1.5797836421,-0.073484,0.730255,2.2639581509
141349,,,,0.6509042552,-1.351742318,,,0,0,0,1,1,0,0,2,0.5,-0.350419031,-0.073484,0.730255,-0.379231177
141350,,,-0.379652038,-0.181809266,-0.488102728,,,0,0,1,1,1,0,0,3,0.3333333333,-0.349854677,-0.073484,0.730255,-0.378458359
141351,,,0.0178188695,-0.228071128,0.0646266098,,,0,0,1,1,1,0,0,3,0.3333333333,-0.048541883,-0.073484,0.730255,0.0341546647
141352,,,,,,,,0,0,0,0,0,0,0,0,,,-0.073484,0.730255,
141353,,,,,,,,0,0,0,0,0,0,0,0,,,-0.073484,0.730255,
150001,,,0.4815349283,-0.968260925,-1.524470236,0.3975351781,,0,0,1,1,1,1,0,4,0.25,-0.403415264,-0.073484,0.730255,-0.451803388
150002,-1.022735052,,1.9389282559,-0.736951613,0.1682633606,0.0771617807,-0.906139859,1,0,1,1,1,1,1,6,0.1666666667,-0.080245521,-0.073484,0.730255,-0.009259801
150005,0.309109783,,-0.710877794,0.5583805306,0.9628117835,1.3052598038,,1,0,1,1,1,1,0,5,0.2,0.4849368213,-0.073484,0.730255,0.7646920519
150006,-0.787703611,,0.4815349283,-1.47714141,-1.282651151,-0.61698058,-0.338506808,1,0,1,1,1,1,1,6,0.1666666667,-0.670241439,-0.073484,0.730255,-0.817190975
150007,-1.101078866,,-2.035780819,-1.986021895,0.2373545278,-0.083024918,-0.177305881,1,0,1,1,1,1,1,6,0.1666666667,-0.857642975,-0.073484,0.730255,-1.073815707
150008,,,1.0114961383,0.3733330814,0.3755368623,0.6111174429,1.1706082506,0,0,1,1,1,1,1,5,0.2,0.7084183551,-0.073484,0.730255,1.0707241661
150009,-0.552672169,,0.3490446258,-1.014522787,0.2028089442,0.9848864065,0.593543231,1,0,1,1,1,1,1,6,0.1666666667,0.0938480419,-0.073484,0.730255,0.2291411989
150010,0.1524221553,,-1.174593853,-1.708450721,-1.109923233,-0.18981605,,1,0,1,1,1,1,0,5,0.2,-0.80607234,-0.073484,0.730255,-1.003195686
150011,0.2307659691,,-0.247161735,-0.551904164,0.2373545278,-2.912989928,,1,0,1,1,1,1,0,5,0.2,-0.648787066,-0.073484,0.730255,-0.787811694
150012,-2.119548446,-0.44354767,1.4089670459,-0.783213476,-1.1790144,1.3052598038,-0.780523179,1,1,1,1,1,1,1,7,0.1428571429,-0.370231474,-0.073484,0.730255,-0.406362027
150015,0.5441412244,,0.2827994746,0.2345474946,-1.006286482,0.3441396118,-0.401100785,1,0,1,1,1,1,1,6,0.1666666667,-0.000293244,-0.073484,0.730255,0.1002255962
150017,-1.022735052,-0.082454375,-2.963212937,-0.181809266,-0.971740898,-1.097540676,-0.404101866,1,1,1,1,1,1,1,7,0.1428571429,-0.960513581,-0.073484,0.730255,-1.214685104
150018,-0.631015983,1.3619188082,1.1439864408,0.5583805306,0.8937206163,0.5043263105,0.5219460108,1,1,1,1,1,1,1,7,0.1428571429,0.6218946763,-0.073484,0.730255,0.9522399947
150021,-0.317640728,0.1582744892,-0.578387492,-1.89349817,0.3409912786,-0.243211617,0.1060819179,1,1,1,1,1,1,1,7,0.1428571429,-0.346770046,-0.073484,0.730255,-0.374234313
150022,,,1.0114961383,0.789689842,0.5482647803,0.2907440456,,0,0,1,1,1,1,0,4,0.25,0.6600487016,-0.073484,0.730255,1.0044875197
150023,0.2307659691,0.5193677849,-1.770800214,-0.274332991,0.0646266098,-0.563585014,-0.631326577,1,1,1,1,1,1,1,7,0.1428571429,-0.346469205,-0.073484,0.730255,-0.373822346
150024,0.3874535968,,0.1503091721,1.0672610157,0.8246294491,0.8780952741,-0.807532909,1,0,1,1,1,1,1,6,0.1666666667,0.4167025998,-0.073484,0.730255,0.671253177
150026,-0.552672169,,-0.975858399,-2.726211692,-0.937195315,-0.883958411,,1,0,1,1,1,1,0,5,0.2,-1.215179197,-0.073484,0.730255,-1.563420212
150030,,,0.3490446258,-0.690689751,-0.349920393,-0.830562845,,0,0,1,1,1,1,0,4,0.25,-0.380532091,-0.073484,0.730255,-0.42046753
150034,-2.19789226,0.0379100573,1.0777412896,-1.014522787,-0.557193895,0.0237662145,0.4542073235,1,1,1,1,1,1,1,7,0.1428571429,-0.310854865,-0.073484,0.730255,-0.325052627
150035,0.1524221553,-0.202818807,0.2165543233,0.3733330814,-1.282651151,-0.403398315,0.3744643119,1,1,1,1,1,1,1,7,0.1428571429,-0.1102992,-0.073484,0.730255,-0.050414839
150037,,,-1.174593853,0.0957619077,0.3755368623,-0.18981605,,0,0,1,1,1,1,0,4,0.25,-0.223277783,-0.073484,0.730255,-0.205125942
15003F,1.1708917351,,0.2827994746,2.3625931597,1.9991792916,,-0.216319936,1,0,1,1,1,0,1,5,0.2,1.1198287451,-0.073484,0.730255,1.6341031144
150042,-0.474328355,,-0.777122945,-1.89349817,-0.660830646,0.7713041416,,1,0,1,1,1,1,0,5,0.2,-0.606895195,-0.073484,0.730255,-0.730445621
150044,-0.004265472,0.7600966487,0.0178188695,-0.551904164,-0.280829226,0.2907440456,-1.054050284,1,1,1,1,1,1,1,7,0.1428571429,-0.117484226,-0.073484,0.730255,-0.060253901
150045,,,0.8127606846,0.14202377,-0.211738059,,,0,0,1,1,1,0,0,3,0.3333333333,0.2476821319,-0.073484,0.730255,0.4397991938
150046,1.0142041074,-0.202818807,-0.048426282,0.14202377,0.0991721934,-0.083024918,-0.712355766,1,1,1,1,1,1,1,7,0.1428571429,0.0298248998,-0.073484,0.730255,0.1414689103
150047,,,,,0.4446280295,,,0,0,0,0,1,0,0,1,1,0.4446280295,-0.073484,0.730255,0.7094938232
150048,-1.257766494,1.0008255125,0.4815349283,-0.551904164,0.5137191967,0.4509307443,1.2199117256,1,1,1,1,1,1,1,7,0.1428571429,0.2653216356,-0.073484,0.730255,0.4639544542
15004F,,,-0.180916584,1.3910940517,1.7228146227,,,0,0,1,1,1,0,0,3,0.3333333333,0.9776640301,-0.073484,0.730255,1.439424979
150051,-0.317640728,-1.887920853,0.6802703821,-1.199570236,0.0991721934,0.9314908403,0.4267688679,1,1,1,1,1,1,1,7,0.1428571429,-0.181061362,-0.073484,0.730255,-0.147315435
150056,-0.787703611,0.1582744892,0.2165543233,0.5121186683,0.6173559475,0.3975351781,-0.307638546,1,1,1,1,1,1,1,7,0.1428571429,0.1152137786,-0.073484,0.730255,0.2583991043
150057,,,1.0114961383,-0.043023679,-0.557193895,,,0,0,1,1,1,0,0,3,0.3333333333,0.1370928547,-0.073484,0.730255,0.2883599688
150058,0.2307659691,0.8804610806,0.0840640208,-0.366856715,-0.073555725,-2.165452001,-0.774949743,1,1,1,1,1,1,1,7,0.1428571429,-0.312217588,-0.073484,0.730255,-0.326918718
150059,0.8575164798,,0.2827994746,-1.153308374,-0.108101308,-1.257727375,,1,0,1,1,1,1,0,5,0.2,-0.275764221,-0.073484,0.730255,-0.277000048
150061,,,-0.114671433,-0.644427889,-1.455379069,-0.18981605,,0,0,1,1,1,1,0,4,0.25,-0.60107361,-0.073484,0.730255,-0.722473634
150065,,,0.4815349283,-1.662188859,0.1682633606,1.5722376349,,0,0,1,1,1,1,0,4,0.25,0.1399617662,-0.073484,0.730255,0.2922886112
150069,,,-0.975858399,-1.662188859,-1.144468816,1.0916775389,,0,0,1,1,1,1,0,4,0.25,-0.672709634,-0.073484,0.730255,-0.820570883
150072,,,-0.114671433,-0.274332991,0.2373545278,,,0,0,1,1,1,0,0,3,0.3333333333,-0.050549965,-0.073484,0.730255,0.0314048283
150074,-0.082609286,0.7600966487,-0.578387492,-1.523403272,0.5828103639,-2.59261653,-0.132289665,1,1,1,1,1,1,1,7,0.1428571429,-0.509485605,-0.073484,0.730255,-0.597054453
150075,,,-0.313406887,0.0032381832,-0.522648311,,,0,0,1,1,1,0,0,3,0.3333333333,-0.277605672,-0.073484,0.730255,-0.279521702
150076,0.309109783,,-0.313406887,-0.783213476,-1.489924652,-0.083024918,,1,0,1,1,1,1,0,5,0.2,-0.47209203,-0.073484,0.730255,-0.545848277
150082,-2.19789226,-1.406463126,0.2165543233,-0.274332991,0.4100824459,-2.752803229,0.2278400647,1,1,1,1,1,1,1,7,0.1428571429,-0.825287824,-0.073484,0.730255,-1.029509069
150084,-0.004265472,0.8804610806,-1.572064761,-0.043023679,0.2373545278,-0.777167279,-1.9873865,1,1,1,1,1,1,1,7,0.1428571429,-0.466584583,-0.073484,0.730255,-0.538306466
150086,0.1524221553,,0.6802703821,1.2985703271,1.1355397015,-0.296607183,,1,0,1,1,1,1,0,5,0.2,0.5940390766,-0.073484,0.730255,0.9140949725
150088,,,-1.903290517,-0.274332991,-0.073555725,-0.456793881,,0,0,1,1,1,1,0,4,0.25,-0.676993278,-0.073484,0.730255,-0.826436839
150089,-0.395984542,-1.526827557,2.5351346172,-0.274332991,0.6519015311,0.2373484794,0.7804677098,1,1,1,1,1,1,1,7,0.1428571429,0.2868153211,-0.073484,0.730255,0.4933875707
150090,0.2307659691,,0.6802703821,0.3270712192,-0.211738059,-0.563585014,0.8674990613,1,0,1,1,1,1,1,6,0.1666666667,0.2217139265,-0.073484,0.730255,0.4042387398
150091,,,0.1503091721,0.5583805306,0.8591750327,,,0,0,1,1,1,0,0,3,0.3333333333,0.5226215784,-0.073484,0.730255,0.8162969684
150097,,,1.0777412896,0.0032381832,-0.833558564,0.9314908403,,0,0,1,1,1,1,0,4,0.25,0.2947279373,-0.073484,0.730255,0.5042229834
150100,-0.787703611,-0.323183238,-0.777122945,-0.45938044,-0.937195315,0.7713041416,-0.777093372,1,1,1,1,1,1,1,7,0.1428571429,-0.47005354,-0.073484,0.730255,-0.543056801
150101,,,,-0.366856715,-0.073555725,,,0,0,0,1,1,0,0,2,0.5,-0.22020622,-0.073484,0.730255,-0.200919791
150102,,,0.4152897771,0.4195949437,0.2028089442,,,0,0,1,1,1,0,0,3,0.3333333333,0.3458978883,-0.073484,0.730255,0.5742943134
150104,0.1524221553,,-0.975858399,-0.228071128,0.2719001114,0.2907440456,,1,0,1,1,1,1,0,5,0.2,-0.097772643,-0.073484,0.730255,-0.033261168
150109,-1.884517004,0.399003353,-2.764477483,0.0957619077,-1.075377649,-0.029629352,-1.48406233,1,1,1,1,1,1,1,7,0.1428571429,-0.963328365,-0.073484,0.730255,-1.218539625
150112,-0.631015983,-2.850836308,0.8790058358,-0.45938044,0.9282661999,1.0382819727,1.4089798338,1,1,1,1,1,1,1,7,0.1428571429,0.0447573016,-0.073484,0.730255,0.1619171076
150113,-1.649485563,,0.1503091721,-1.014522787,-1.144468816,-0.510189448,,1,0,1,1,1,1,0,5,0.2,-0.833671488,-0.073484,0.730255,-1.040989527
150115,-0.709359797,,-1.307084156,-2.032283757,-1.109923233,0.3975351781,,1,0,1,1,1,1,0,5,0.2,-0.952223153,-0.073484,0.730255,-1.203332321
150125,-0.709359797,-1.887920853,-0.180916584,0.2808093569,-0.211738059,1.4654465025,0.5416674008,1,1,1,1,1,1,1,7,0.1428571429,-0.100287433,-0.073484,0.730255,-0.036704882
150126,-0.474328355,-1.04536983,-0.843368097,-0.8757372,0.2028089442,-0.403398315,-1.336151905,1,1,1,1,1,1,1,7,0.1428571429,-0.68222068,-0.073484,0.730255,-0.833595161
150128,0.1524221553,,-0.644632643,0.3733330814,-1.455379069,-2.005265302,-1.756731983,1,0,1,1,1,1,1,6,0.1666666667,-0.889375627,-0.073484,0.730255,-1.117269902
150133,0.0740783415,,0.8127606846,0.2345474946,0.4100824459,-2.218847567,,1,0,1,1,1,1,0,5,0.2,-0.13747572,-0.073484,0.730255,-0.08762994
150146,,,0.4152897771,-0.043023679,-0.073555725,,,0,0,1,1,1,0,0,3,0.3333333333,0.0995701245,-0.073484,0.730255,0.2369769292
150149,,,,,,,,0,0,0,0,0,0,0,0,,,-0.073484,0.730255,
150150,,,,-0.551904164,0.8246294491,,,0,0,0,1,1,0,0,2,0.5,0.1363626424,-0.073484,0.730255,0.2873600274
150153,1.0142041074,0.8804610806,,0.6509042552,,,-1.114929357,1,1,0,1,0,0,1,4,0.25,0.3576600216,-0.073484,0.730255,0.5904011945
150157,,,0.1503091721,-0.736951613,-0.211738059,0.6111174429,,0,0,1,1,1,1,0,4,0.25,-0.046815764,-0.073484,0.730255,0.0365183845
150158,0.0740783415,,-0.578387492,0.7434279797,0.5482647803,0.6111174429,0.727734428,1,0,1,1,1,1,1,6,0.1666666667,0.3543725801,-0.073484,0.730255,0.5858994236
150160,,,,,,,,0,0,0,0,0,0,0,0,,,-0.073484,0.730255,
150161,0.7791726659,,-0.777122945,1.6224033631,0.4100824459,1.4654465025,,1,0,1,1,1,1,0,5,0.2,0.6999964064,-0.073484,0.730255,1.0591912814
150162,1.0925479213,-0.082454375,0.3490446258,0.6046423929,0.4446280295,0.8780952741,-0.718357928,1,1,1,1,1,1,1,7,0.1428571429,0.3668779915,-0.073484,0.730255,0.6030241383
150165,-0.787703611,,0.4152897771,0.465856806,-0.280829226,0.0771617807,,1,0,1,1,1,1,0,5,0.2,-0.022044895,-0.073484,0.730255,0.0704392257
150166,,,,,,,,0,0,0,0,0,0,0,0,,,-0.073484,0.730255,
150167,,,,,,,,0,0,0,0,0,0,0,0,,,-0.073484,0.730255,
150168,,,,,,,,0,0,0,0,0,0,0,0,,,-0.073484,0.730255,
150169,,,-0.048426282,0.1882856323,-0.384465977,-1.364518507,1.1020121116,0,0,1,1,1,1,1,5,0.2,-0.101422604,-0.073484,0.730255,-0.038259368
150172,,,,,,,,0,0,0,0,0,0,0,0,,,-0.073484,0.730255,
150173,0.3874535968,0.7600966487,-0.180916584,-0.829475338,0.2719001114,1.0382819727,0.5956868603,1,1,1,1,1,1,1,7,0.1428571429,0.2918610383,-0.073484,0.730255,0.5002970967
150177,,,,,,,,0,0,0,0,0,0,0,0,,,-0.073484,0.730255,
150179,,,,,,,,0,0,0,0,0,0,0,0,,,-0.073484,0.730255,
150181,,,,0.465856806,0.6519015311,,,0,0,0,1,1,0,0,2,0.5,0.5588791685,-0.073484,0.730255,0.8659475447
150183,,,,0.8359517043,-0.142646892,,,0,0,0,1,1,0,0,2,0.5,0.3466524063,-0.073484,0.730255,0.5753275384
150193,,,,,,,,0,0,0,0,0,0,0,0,,,-0.073484,0.730255,
151300,,,,,,,,0,0,0,0,0,0,0,0,,,-0.073484,0.730255,
151301,,,,,,,,0,0,0,0,0,0,0,0,,,-0.073484,0.730255,
151303,,,,,,,,0,0,0,0,0,0,0,0,,,-0.073484,0.730255,
151304,,,,0.9284754289,-0.384465977,,,0,0,0,1,1,0,0,2,0.5,0.2720047259,-0.073484,0.730255,0.4731061734
151305,,,,,0.0991721934,,,0,0,0,0,1,0,0,1,1,0.0991721934,-0.073484,0.730255,0.2364320087
151306,,,,,0.7900838655,,,0,0,0,0,1,0,0,1,1,0.7900838655,-0.073484,0.730255,1.1825556377
151307,,,-0.975858399,-2.124807482,-0.729921813,,,0,0,1,1,1,0,0,3,0.3333333333,-1.276862565,-0.073484,0.730255,-1.64788845
151308,,,,,,,,0,0,0,0,0,0,0,0,,,-0.073484,0.730255,
151309,,,,,,,,0,0,0,0,0,0,0,0,,,-0.073484,0.730255,
151310,,,0.6140252308,-1.245832099,-0.868104147,,,0,0,1,1,1,0,0,3,0.3333333333,-0.499970338,-0.073484,0.730255,-0.584024396
151311,,,,-1.292093961,0.7900838655,,,0,0,0,1,1,0,0,2,0.5,-0.251005048,-0.073484,0.730255,-0.243095224
151312,,,0.7465155333,-0.043023679,1.6882690391,0.8246997078,,0,0,1,1,1,1,0,4,0.25,0.8041151503,-0.073484,0.730255,1.2017698595
151313,,,,,-0.004464557,,,0,0,0,0,1,0,0,1,1,-0.004464557,-0.073484,0.730255,0.0945134644
151314,,,,,,,,0,0,0,0,0,0,0,0,,,-0.073484,0.730255,
151315,,,0.6140252308,-0.644427889,0.4100824459,,,0,0,1,1,1,0,0,3,0.3333333333,0.1265599293,-0.073484,0.730255,0.2739363455
151316,,,,-0.644427889,0.0991721934,,,0,0,0,1,1,0,0,2,0.5,-0.272627848,-0.073484,0.730255,-0.272705148
151317,,,0.7465155333,-0.644427889,-2.215381908,,,0,0,1,1,1,0,0,3,0.3333333333,-0.704431421,-0.073484,0.730255,-0.864010202
151318,,,-0.247161735,-0.320594853,-0.729921813,,,0,0,1,1,1,0,0,3,0.3333333333,-0.432559467,-0.073484,0.730255,-0.491713004
151319,,,,,0.6519015311,,,0,0,0,0,1,0,0,1,1,0.6519015311,-0.073484,0.730255,0.9933309119
151320,,,,0.4195949437,0.9282661999,,,0,0,0,1,1,0,0,2,0.5,0.6739305718,-0.073484,0.730255,1.0234971355
151322,,,0.4815349283,-0.505642302,-0.660830646,,,0,0,1,1,1,0,0,3,0.3333333333,-0.228312673,-0.073484,0.730255,-0.212020642
151323,,,,-0.043023679,-0.764467397,,,0,0,0,1,1,0,0,2,0.5,-0.403745538,-0.073484,0.730255,-0.45225566
151324,,,,-0.644427889,-0.488102728,,,0,0,0,1,1,0,0,2,0.5,-0.566265308,-0.073484,0.730255,-0.67480769
151325,,,,,,,,0,0,0,0,0,0,0,0,,,-0.073484,0.730255,
151326,,,0.1503091721,0.0957619077,-0.453557144,,,0,0,1,1,1,0,0,3,0.3333333333,-0.069162021,-0.073484,0.730255,0.0059177698
151327,,,0.9452509871,,0.133717777,,,0,0,1,0,1,0,0,2,0.5,0.5394843821,-0.073484,0.730255,0.8393886277
151328,,,-0.247161735,0.14202377,-0.280829226,0.8246997078,,0,0,1,1,1,1,0,4,0.25,0.1096831291,-0.073484,0.730255,0.2508255194
151329,,,-2.300761424,-0.043023679,-0.660830646,,,0,0,1,1,1,0,0,3,0.3333333333,-1.001538583,-0.073484,0.730255,-1.270864099
151330,,,,-0.783213476,-0.591739479,-2.272243133,,0,0,0,1,1,1,0,3,0.3333333333,-1.215732029,-0.073484,0.730255,-1.564177252
151331,,,0.2165543233,-0.690689751,1.6882690391,,,0,0,1,1,1,0,0,3,0.3333333333,0.4047112038,-0.073484,0.730255,0.654832347
151332,,,-1.307084156,-1.199570236,-1.075377649,,,0,0,1,1,1,0,0,3,0.3333333333,-1.19401068,-0.073484,0.730255,-1.534432377
151333,,,0.0840640208,0.4195949437,0.2719001114,,,0,0,1,1,1,0,0,3,0.3333333333,0.258519692,-0.073484,0.730255,0.454639979
151334,,,0.8790058358,0.4195949437,-0.280829226,,,0,0,1,1,1,0,0,3,0.3333333333,0.3392571845,-0.073484,0.730255,0.5652006374
160001,,,,-1.153308374,-0.280829226,,,0,0,0,1,1,0,0,2,0.5,-0.7170688,-0.073484,0.730255,-0.881315631
160013,,,0.4152897771,0.9747372911,0.8246294491,,,0,0,1,1,1,0,0,3,0.3333333333,0.7382188391,-0.073484,0.730255,1.1115324824
160016,0.6224850383,,-2.035780819,-2.541164242,-0.419011561,-0.403398315,,1,0,1,1,1,1,0,5,0.2,-0.95537398,-0.073484,0.730255,-1.207647014
160028,0.4657974106,,,-0.736951613,0.4791736131,-0.456793881,,1,0,0,1,1,1,0,4,0.25,-0.062193618,-0.073484,0.730255,0.0154601927
160029,0.0740783415,,-1.240839004,0.7434279797,0.8591750327,0.5043263105,-0.270339395,1,0,1,1,1,1,1,6,0.1666666667,0.1116382108,-0.073484,0.730255,0.2535027778
160030,1.4842669904,,0.3490446258,-1.153308374,-0.211738059,0.2907440456,-0.180735688,1,0,1,1,1,1,1,6,0.1666666667,0.0963789234,-0.073484,0.730255,0.2326069485
160032,,,,-0.968260925,0.0300810262,,,0,0,0,1,1,0,0,2,0.5,-0.469089949,-0.073484,0.730255,-0.541737275
160033,-0.395984542,0.399003353,0.0178188695,-0.228071128,-0.280829226,-1.204331809,-0.582880554,1,1,1,1,1,1,1,7,0.1428571429,-0.325039291,-0.073484,0.730255,-0.344476558
16003F,,,-2.764477483,-0.181809266,1.7919057899,,,0,0,1,1,1,0,0,3,0.3333333333,-0.384793653,-0.073484,0.730255,-0.426303246
160040,,,,,0.5137191967,,,0,0,0,0,1,0,0,1,1,0.5137191967,-0.073484,0.730255,0.8041061861
160045,0.9358602936,-0.202818807,0.0178188695,1.113522878,0.6864471147,-1.311122941,-0.181164414,1,1,1,1,1,1,1,7,0.1428571429,0.1512204277,-0.073484,0.730255,0.3077060461
160047,1.6409546181,,0.1503091721,-1.569665135,-0.280829226,-1.097540676,-0.145151441,1,0,1,1,1,1,1,6,0.1666666667,-0.216987115,-0.073484,0.730255,-0.196511599
16004F,0.7791726659,,0.8127606846,0.4195949437,1.7573602063,,,1,0,1,1,1,0,0,4,0.25,0.9422221252,-0.073484,0.730255,1.3908913891
160057,-1.414454121,,0.8127606846,-0.366856715,0.5137191967,-1.684891905,-0.557157001,1,0,1,1,1,1,1,6,0.1666666667,-0.449479977,-0.073484,0.730255,-0.514883685
160058,-0.004265472,0.8804610806,-0.51214234,0.6509042552,0.3409912786,-0.61698058,-0.130146036,1,1,1,1,1,1,1,7,0.1428571429,0.0869745979,-0.073484,0.730255,0.2197288124
160064,-0.395984542,-1.887920853,-0.51214234,-1.014522787,-0.833558564,-0.18981605,-0.206030515,1,1,1,1,1,1,1,7,0.1428571429,-0.719996522,-0.073484,0.730255,-0.885324807
160067,0.6224850383,,0.0178188695,-0.366856715,-1.006286482,-0.296607183,,1,0,1,1,1,1,0,5,0.2,-0.205889294,-0.073484,0.730255,-0.181314418
160069,-0.552672169,-0.323183238,0.2165543233,0.2345474946,0.5828103639,0.5043263105,-0.626181866,1,1,1,1,1,1,1,7,0.1428571429,0.0051716026,-0.073484,0.730255,0.107709071
160079,-2.902986584,-1.04536983,-0.114671433,0.4195949437,0.6173559475,-2.272243133,-0.04568704,1,1,1,1,1,1,1,7,0.1428571429,-0.76342959,-0.073484,0.730255,-0.944801371
160080,-1.022735052,,-1.770800214,-0.45938044,-2.008108406,,0.770178289,1,0,1,1,1,0,1,5,0.2,-0.898169165,-0.073484,0.730255,-1.129311636
160082,-1.257766494,-0.684276534,0.2827994746,-2.171069344,-0.488102728,0.1839529132,-1.090920708,1,1,1,1,1,1,1,7,0.1428571429,-0.746483346,-0.073484,0.730255,-0.92159545
160083,-1.101078866,-0.323183238,-1.042103551,0.3733330814,-0.039010141,-0.563585014,-1.487492137,1,1,1,1,1,1,1,7,0.1428571429,-0.597588552,-0.073484,0.730255,-0.71770125
160089,-0.082609286,,0.9452509871,-0.181809266,-0.419011561,-0.510189448,,1,0,1,1,1,1,0,5,0.2,-0.049673715,-0.073484,0.730255,0.032604752
160101,,,,,,,,0,0,0,0,0,0,0,0,,,-0.073484,0.730255,
160104,-0.082609286,,-0.644632643,-0.829475338,-0.142646892,-1.364518507,,1,0,1,1,1,1,0,5,0.2,-0.612776533,-0.073484,0.730255,-0.738499434
160110,1.0142041074,0.1582744892,-1.373329307,-1.708450721,-0.79901298,0.7713041416,0.4893628448,1,1,1,1,1,1,1,7,0.1428571429,-0.206806775,-0.073484,0.730255,-0.182570801
160112,,,0.1503091721,0.465856806,0.3755368623,0.130557347,,0,0,1,1,1,1,0,4,0.25,0.2805650468,-0.073484,0.730255,0.4848285429
160117,0.9358602936,,0.1503091721,-0.829475338,-0.522648311,0.3975351781,,1,0,1,1,1,1,0,5,0.2,0.0263161989,-0.073484,0.730255,0.1366641502
160124,,,0.8790058358,-2.217331206,0.306445695,0.3441396118,,0,0,1,1,1,1,0,4,0.25,-0.171935016,-0.073484,0.730255,-0.13481796
160146,-1.257766494,,-2.433251727,-1.939760033,-0.211738059,-2.272243133,-1.282132446,1,0,1,1,1,1,1,6,0.1666666667,-1.566148649,-0.073484,0.730255,-2.044032285
160147,,,-0.247161735,-0.783213476,-0.522648311,-0.350002749,,0,0,1,1,1,1,0,4,0.25,-0.475756568,-0.073484,0.730255,-0.550866438
160153,-3.21636184,-0.44354767,0.6802703821,-0.783213476,-0.211738059,-1.417914073,-2.47827762,1,1,1,1,1,1,1,7,0.1428571429,-1.124397479,-0.073484,0.730255,-1.439105149
161300,,,,,,,,0,0,0,0,0,0,0,0,,,-0.073484,0.730255,
161301,,,,,0.3755368623,,,0,0,0,0,1,0,0,1,1,0.3755368623,-0.073484,0.730255,0.6148814603
161302,,,,,-0.419011561,,,0,0,0,0,1,0,0,1,1,-0.419011561,-0.073484,0.730255,-0.473160713
161303,,,,,0.0300810262,,,0,0,0,0,1,0,0,1,1,0.0300810262,-0.073484,0.730255,0.1418196458
161304,,,,-0.320594853,-0.453557144,,,0,0,0,1,1,0,0,2,0.5,-0.387075999,-0.073484,0.730255,-0.429428654
161305,,,,,,,,0,0,0,0,0,0,0,0,,,-0.073484,0.730255,
161306,,,,-1.245832099,1.6191778719,,,0,0,0,1,1,0,0,2,0.5,0.1866728867,-0.073484,0.730255,0.3562540885
161307,,,,,-0.384465977,,,0,0,0,0,1,0,0,1,1,-0.384465977,-0.073484,0.730255,-0.425854532
161308,,,,,-0.31537481,,,0,0,0,0,1,0,0,1,1,-0.31537481,-0.073484,0.730255,-0.331242169
161309,,,,0.14202377,0.4100824459,,,0,0,0,1,1,0,0,2,0.5,0.2760531079,-0.073484,0.730255,0.4786499644
161310,,,,,,,,0,0,0,0,0,0,0,0,,,-0.073484,0.730255,
161311,,,,,0.3409912786,,,0,0,0,0,1,0,0,1,1,0.3409912786,-0.073484,0.730255,0.5675752789
161312,,,,,,,,0,0,0,0,0,0,0,0,,,-0.073484,0.730255,
161313,,,,,1.2046308687,,,0,0,0,0,1,0,0,1,1,1.2046308687,-0.073484,0.730255,1.7502298151
161314,,,,,,,,0,0,0,0,0,0,0,0,,,-0.073484,0.730255,
161315,,,,,,,,0,0,0,0,0,0,0,0,,,-0.073484,0.730255,
161316,,,,0.0957619077,-0.453557144,,,0,0,0,1,1,0,0,2,0.5,-0.178897618,-0.073484,0.730255,-0.144352439
161317,,,,,-1.075377649,,,0,0,0,0,1,0,0,1,1,-1.075377649,-0.073484,0.730255,-1.371978161
161318,,,,,-0.79901298,,,0,0,0,0,1,0,0,1,1,-0.79901298,-0.073484,0.730255,-0.993528709
161319,,,,,,,,0,0,0,0,0,0,0,0,,,-0.073484,0.730255,
161320,,,,,0.5137191967,,,0,0,0,0,1,0,0,1,1,0.5137191967,-0.073484,0.730255,0.8041061861
161321,,,,,,,,0,0,0,0,0,0,0,0,,,-0.073484,0.730255,
161322,,,,,,,,0,0,0,0,0,0,0,0,,,-0.073484,0.730255,
161323,,,,,-2.940839164,,,0,0,0,0,1,0,0,1,1,-2.940839164,-0.073484,0.730255,-3.926511959
161324,,,,,,,,0,0,0,0,0,0,0,0,,,-0.073484,0.730255,
161325,,,,,-0.79901298,,,0,0,0,0,1,0,0,1,1,-0.79901298,-0.073484,0.730255,-0.993528709
161326,,,,,-1.317196734,,,0,0,0,0,1,0,0,1,1,-1.317196734,-0.073484,0.730255,-1.703121431
161327,,,,,,,,0,0,0,0,0,0,0,0,,,-0.073484,0.730255,
161328,,,,-0.598166027,-0.31537481,,,0,0,0,1,1,0,0,2,0.5,-0.456770418,-0.073484,0.730255,-0.524867102
161329,,,,,-1.386287901,,,0,0,0,0,1,0,0,1,1,-1.386287901,-0.073484,0.730255,-1.797733794
161330,,,,,,,,0,0,0,0,0,0,0,0,,,-0.073484,0.730255,
161331,,,,,,,,0,0,0,0,0,0,0,0,,,-0.073484,0.730255,
161332,,,,,0.2028089442,,,0,0,0,0,1,0,0,1,1,0.2028089442,-0.073484,0.730255,0.3783505531
161333,,,,,,,,0,0,0,0,0,0,0,0,,,-0.073484,0.730255,
161334,,,,,0.0300810262,,,0,0,0,0,1,0,0,1,1,0.0300810262,-0.073484,0.730255,0.1418196458
161335,,,,,0.5137191967,,,0,0,0,0,1,0,0,1,1,0.5137191967,-0.073484,0.730255,0.8041061861
161336,,,,,-0.004464557,,,0,0,0,0,1,0,0,1,1,-0.004464557,-0.073484,0.730255,0.0945134644
161337,,,,,0.1682633606,,,0,0,0,0,1,0,0,1,1,0.1682633606,-0.073484,0.730255,0.3310443716
161338,,,,,-2.04265399,,,0,0,0,0,1,0,0,1,1,-2.04265399,-0.073484,0.730255,-2.696551241
161339,,,,-1.292093961,-0.211738059,,,0,0,0,1,1,0,0,2,0.5,-0.75191601,-0.073484,0.730255,-0.929034855
161340,,,,,-0.349920393,,,0,0,0,0,1,0,0,1,1,-0.349920393,-0.073484,0.730255,-0.37854835
161341,,,,,-0.79901298,,,0,0,0,0,1,0,0,1,1,-0.79901298,-0.073484,0.730255,-0.993528709
161342,,,,,-2.077199574,,,0,0,0,0,1,0,0,1,1,-2.077199574,-0.073484,0.730255,-2.743857423
161343,,,,-1.708450721,0.2719001114,,,0,0,0,1,1,0,0,2,0.5,-0.718275305,-0.073484,0.730255,-0.8829678
161344,,,,-0.921999063,0.306445695,,,0,0,0,1,1,0,0,2,0.5,-0.307776684,-0.073484,0.730255,-0.320837414
161345,,,,,,,,0,0,0,0,0,0,0,0,,,-0.073484,0.730255,
161346,,,,,-0.522648311,,,0,0,0,0,1,0,0,1,1,-0.522648311,-0.073484,0.730255,-0.615079257
161347,,,-3.029458088,-0.089285541,-2.388109826,,,0,0,1,1,1,0,0,3,0.3333333333,-1.835617818,-0.073484,0.730255,-2.413039149
161348,,,,0.6046423929,-0.142646892,,,0,0,0,1,1,0,0,2,0.5,0.2309977505,-0.073484,0.730255,0.4169518632
161349,,,,0.789689842,0.0991721934,,,0,0,0,1,1,0,0,2,0.5,0.4444310177,-0.073484,0.730255,0.7092240384
161350,,,,,-1.248105567,,,0,0,0,0,1,0,0,1,1,-1.248105567,-0.073484,0.730255,-1.608509068
161351,,,,-0.736951613,-0.419011561,,,0,0,0,1,1,0,0,2,0.5,-0.577981587,-0.073484,0.730255,-0.690851779
161352,,,0.1503091721,-0.505642302,-0.557193895,,,0,0,1,1,1,0,0,3,0.3333333333,-0.304175675,-0.073484,0.730255,-0.315906249
161353,,,,-2.448640518,-1.109923233,-2.165452001,,0,0,0,1,1,1,0,3,0.3333333333,-1.90800525,-0.073484,0.730255,-2.512165365
161354,,,,,-0.177192475,,,0,0,0,0,1,0,0,1,1,-0.177192475,-0.073484,0.730255,-0.142017443
161355,,,,,-0.177192475,,,0,0,0,0,1,0,0,1,1,-0.177192475,-0.073484,0.730255,-0.142017443
161356,,,,,-1.351742318,,,0,0,0,0,1,0,0,1,1,-1.351742318,-0.073484,0.730255,-1.750427612
161357,,,,,-1.109923233,,,0,0,0,0,1,0,0,1,1,-1.109923233,-0.073484,0.730255,-1.419284342
161358,,,,,-0.108101308,,,0,0,0,0,1,0,0,1,1,-0.108101308,-0.073484,0.730255,-0.04740508
161359,,,,-1.847236308,-3.873569921,,,0,0,0,1,1,0,0,2,0.5,-2.860403115,-0.073484,0.730255,-3.816364092
161360,,,,-0.45938044,-0.902649731,,,0,0,0,1,1,0,0,2,0.5,-0.681015085,-0.073484,0.730255,-0.831944239
161361,,,,-1.800974446,-0.039010141,,,0,0,0,1,1,0,0,2,0.5,-0.919992293,-0.073484,0.730255,-1.159195887
161362,,,,-2.818735416,-1.109923233,,,0,0,0,1,1,0,0,2,0.5,-1.964329324,-0.073484,0.730255,-2.58929467
161363,,,-0.51214234,-1.430879548,-1.144468816,,,0,0,1,1,1,0,0,3,0.3333333333,-1.029163568,-0.073484,0.730255,-1.308693322
161364,,,,-1.615926997,-0.557193895,,,0,0,0,1,1,0,0,2,0.5,-1.086560446,-0.073484,0.730255,-1.387291708
161365,,,-1.307084156,0.14202377,0.0991721934,0.2907440456,,0,0,1,1,1,1,0,4,0.25,-0.193786037,-0.073484,0.730255,-0.164740406
161366,,,,,0.3409912786,,,0,0,0,0,1,0,0,1,1,0.3409912786,-0.073484,0.730255,0.5675752789
161367,,,-0.114671433,-1.430879548,0.0646266098,-0.083024918,,0,0,1,1,1,1,0,4,0.25,-0.390987322,-0.073484,0.730255,-0.43478476
161368,,,,,-0.419011561,-0.083024918,,0,0,0,0,1,1,0,2,0.5,-0.251018239,-0.073484,0.730255,-0.243113288
161369,,,-0.975858399,-2.263593069,-1.1790144,-2.966385494,,0,0,1,1,1,1,0,4,0.25,-1.84621284,-0.073484,0.730255,-2.427547806
161370,,,,,-1.075377649,,,0,0,0,0,1,0,0,1,1,-1.075377649,-0.073484,0.730255,-1.371978161
161371,,,0.1503091721,-0.968260925,0.3409912786,,,0,0,1,1,1,0,0,3,0.3333333333,-0.158986825,-0.073484,0.730255,-0.11708691
161372,,,-1.307084156,,0.2373545278,,,0,0,1,0,1,0,0,2,0.5,-0.534864814,-0.073484,0.730255,-0.631808345
161373,,,,,-0.280829226,,,0,0,0,0,1,0,0,1,1,-0.280829226,-0.073484,0.730255,-0.283935987
161374,,,-1.903290517,-0.413118577,-0.039010141,,,0,0,1,1,1,0,0,3,0.3333333333,-0.785139745,-0.073484,0.730255,-0.974530918
161375,,,-1.108348702,-1.89349817,-1.835380488,,,0,0,1,1,1,0,0,3,0.3333333333,-1.61240912,-0.073484,0.730255,-2.107380651
161376,,,,0.9747372911,-0.211738059,-2.806198795,,0,0,0,1,1,1,0,3,0.3333333333,-0.681066521,-0.073484,0.730255,-0.832014674
161377,,,,,-0.349920393,,,0,0,0,0,1,0,0,1,1,-0.349920393,-0.073484,0.730255,-0.37854835
161378,,,,,,,,0,0,0,0,0,0,0,0,,,-0.073484,0.730255,
161379,,,-1.439574458,-0.320594853,-0.419011561,-2.966385494,,0,0,1,1,1,1,0,4,0.25,-1.286391591,-0.073484,0.730255,-1.66093735
161380,,,,0.1882856323,1.0319029507,,,0,0,0,1,1,0,0,2,0.5,0.6100942915,-0.073484,0.730255,0.9360807325
161381,,,,,-1.109923233,,,0,0,0,0,1,0,0,1,1,-1.109923233,-0.073484,0.730255,-1.419284342
170006,-0.866047425,,-0.313406887,-1.199570236,-3.044475914,0.130557347,,1,0,1,1,1,1,0,5,0.2,-1.058588623,-0.073484,0.730255,-1.348987531
170009,,,,0.3733330814,0.7555382819,,,0,0,0,1,1,0,0,2,0.5,0.5644356817,-0.073484,0.730255,0.8735565468
170012,-0.631015983,-1.165734262,-2.631987181,-2.309854931,-0.764467397,-1.364518507,-0.797243488,1,1,1,1,1,1,1,7,0.1428571429,-1.380688821,-0.073484,0.730255,-1.790066501
170013,0.5441412244,-3.934116195,0.2165543233,0.9284754289,-0.522648311,0.5577218767,0.96310493,1,1,1,1,1,1,1,7,0.1428571429,-0.178109532,-0.073484,0.730255,-0.143273246
170014,,,0.8127606846,-0.8757372,-0.349920393,,,0,0,1,1,1,0,0,3,0.3333333333,-0.137632303,-0.073484,0.730255,-0.087844362
170016,-0.317640728,0.1582744892,-1.770800214,0.4195949437,-0.557193895,0.4509307443,-1.075057851,1,1,1,1,1,1,1,7,0.1428571429,-0.384556073,-0.073484,0.730255,-0.425977908
170017,,,-1.042103551,-1.338355823,-0.764467397,,,0,0,1,1,1,0,0,3,0.3333333333,-1.048308923,-0.073484,0.730255,-1.334910671
170020,-1.884517004,-0.684276534,0.5477800796,-1.708450721,-1.248105567,0.4509307443,0.6998672465,1,1,1,1,1,1,1,7,0.1428571429,-0.54668168,-0.073484,0.730255,-0.647990175
170023,0.5441412244,,-0.114671433,-1.014522787,-0.108101308,-0.990749544,,1,0,1,1,1,1,0,5,0.2,-0.336780769,-0.073484,0.730255,-0.360555155
170027,,,-0.247161735,-0.366856715,-0.004464557,,,0,0,1,1,1,0,0,3,0.3333333333,-0.206161003,-0.073484,0.730255,-0.181686491
170040,-0.474328355,0.7600966487,2.3363991634,1.4836177763,1.3082676195,-0.563585014,1.0329872467,1,1,1,1,1,1,1,7,0.1428571429,0.8404935836,-0.073484,0.730255,1.2515859167
170049,-0.004265472,-0.082454375,0.4815349283,0.3733330814,-0.349920393,0.7713041416,0.1918270917,1,1,1,1,1,1,1,7,0.1428571429,0.1973370004,-0.073484,0.730255,0.3708573588
17005F,0.1524221553,,0.8790058358,0.3270712192,1.5155411211,,,1,0,1,1,1,0,0,4,0.25,0.7185100829,-0.073484,0.730255,1.0845436201
170068,,,0.8790058358,-1.107046512,-0.31537481,-0.18981605,,0,0,1,1,1,1,0,4,0.25,-0.183307884,-0.073484,0.730255,-0.150391788
170074,,,,-0.921999063,-1.040832065,,,0,0,0,1,1,0,0,2,0.5,-0.981415564,-0.073484,0.730255,-1.243307952
170086,-0.474328355,-0.323183238,0.0840640208,-0.366856715,-0.211738059,-0.723771713,1.2383469379,1,1,1,1,1,1,1,7,0.1428571429,-0.111066732,-0.073484,0.730255,-0.051465884
17008F,0.0740783415,,1.6077024996,1.8537126745,2.5864542128,,,1,0,1,1,1,0,0,4,0.25,1.5304869321,-0.073484,0.730255,2.1964520078
170103,,,-0.247161735,-0.598166027,0.9628117835,-0.029629352,,0,0,1,1,1,1,0,4,0.25,0.0219636674,-0.073484,0.730255,0.1307038618
170104,0.1524221553,0.7600966487,-0.048426282,0.1882856323,-0.073555725,-0.777167279,0.9065131153,1,1,1,1,1,1,1,7,0.1428571429,0.1583097524,-0.073484,0.730255,0.3174140563
170105,,,-0.445897189,-1.199570236,0.0300810262,,,0,0,1,1,1,0,0,3,0.3333333333,-0.538462133,-0.073484,0.730255,-0.636734457
170109,,,,,-0.177192475,,,0,0,0,0,1,0,0,1,1,-0.177192475,-0.073484,0.730255,-0.142017443
170110,,,,,0.8937206163,,,0,0,0,0,1,0,0,1,1,0.8937206163,-0.073484,0.730255,1.3244741821
170120,,,-2.433251727,-1.014522787,-1.939017239,,,0,0,1,1,1,0,0,3,0.3333333333,-1.795597251,-0.073484,0.730255,-2.35823561
170122,1.6409546181,0.8804610806,-0.247161735,-0.644427889,-0.349920393,0.0771617807,-0.046115766,1,1,1,1,1,1,1,7,0.1428571429,0.1872788137,-0.073484,0.730255,0.3570838355
170123,1.7192984319,-1.767556421,-0.379652038,0.789689842,0.7209926983,2.4799622607,1.4750036176,1,1,1,1,1,1,1,7,0.1428571429,0.7196769131,-0.073484,0.730255,1.0861414591
170137,1.2492355489,,-0.843368097,-1.800974446,-0.764467397,-0.883958411,0.6025464742,1,0,1,1,1,1,1,6,0.1666666667,-0.406831055,-0.073484,0.730255,-0.456480919
170142,-1.101078866,,-1.240839004,-0.089285541,-0.142646892,-0.350002749,-0.58116565,1,0,1,1,1,1,1,6,0.1666666667,-0.584169784,-0.073484,0.730255,-0.699325799
170146,-0.866047425,,0.3490446258,-0.181809266,-1.386287901,0.5043263105,0.9249483277,1,0,1,1,1,1,1,6,0.1666666667,-0.109304221,-0.073484,0.730255,-0.04905233
170175,0.309109783,,-0.313406887,-2.032283757,-1.317196734,,,1,0,1,1,1,0,0,4,0.25,-0.838444399,-0.073484,0.730255,-1.047525476
170176,0.4657974106,0.5193677849,0.0840640208,1.6686652254,0.6519015311,1.5722376349,-1.499925187,1,1,1,1,1,1,1,7,0.1428571429,0.4945869172,-0.073484,0.730255,0.7779067421
170182,0.3874535968,,0.8790058358,0.6509042552,0.7555382819,0.8780952741,-0.874414144,1,0,1,1,1,1,1,6,0.1666666667,0.4460971832,-0.073484,0.730255,0.7115056594
170183,,,,,,,,0,0,0,0,0,0,0,0,,,-0.073484,0.730255,
170185,0.5441412244,,0.6140252308,0.2345474946,0.4791736131,1.2518642376,,1,0,1,1,1,1,0,5,0.2,0.6247503601,-0.073484,0.730255,0.9561505234
170186,-0.866047425,0.7600966487,,0.0957619077,,,0.3718919567,1,1,0,1,0,0,1,4,0.25,0.0904257721,-0.073484,0.730255,0.2244547963
170187,,,,,,,,0,0,0,0,0,0,0,0,,,-0.073484,0.730255,
170188,,,,,,,,0,0,0,0,0,0,0,0,,,-0.073484,0.730255,
170190,,,,,,,,0,0,0,0,0,0,0,0,,,-0.073484,0.730255,
170191,,,,0.9284754289,0.5482647803,-0.883958411,,0,0,0,1,1,1,0,3,0.3333333333,0.1975939326,-0.073484,0.730255,0.3712091978
170194,,,,,,,,0,0,0,0,0,0,0,0,,,-0.073484,0.730255,
170196,,,,,,,,0,0,0,0,0,0,0,0,,,-0.073484,0.730255,
170197,-2.902986584,0.1582744892,,-1.107046512,-1.455379069,-1.150936242,,1,1,0,1,1,1,0,5,0.2,-1.291614784,-0.073484,0.730255,-1.668089908
170198,,,,,,,,0,0,0,0,0,0,0,0,,,-0.073484,0.730255,
170199,,,,,,,,0,0,0,0,0,0,0,0,,,-0.073484,0.730255,
170200,0.5441412244,,0.0178188695,0.6971661174,1.1700852851,1.3052598038,0.3058681729,1,0,1,1,1,1,1,6,0.1666666667,0.6733899122,-0.073484,0.730255,1.0227567647
170203,,,,,,,,0,0,0,0,0,0,0,0,,,-0.073484,0.730255,
170204,,,,-0.505642302,-0.522648311,,,0,0,0,1,1,0,0,2,0.5,-0.514145307,-0.073484,0.730255,-0.603435376
171300,,,,,,,,0,0,0,0,0,0,0,0,,,-0.073484,0.730255,
171301,,,,,,,,0,0,0,0,0,0,0,0,,,-0.073484,0.730255,
171303,,,,,,,,0,0,0,0,0,0,0,0,,,-0.073484,0.730255,
171304,,,,,,,,0,0,0,0,0,0,0,0,,,-0.073484,0.730255,
171306,,,,,,,,0,0,0,0,0,0,0,0,,,-0.073484,0.730255,
171307,,,,,,,,0,0,0,0,0,0,0,0,,,-0.073484,0.730255,
171308,,,,,,,,0,0,0,0,0,0,0,0,,,-0.073484,0.730255,
171309,,,,,,,,0,0,0,0,0,0,0,0,,,-0.073484,0.730255,
171310,,,,,-0.073555725,,,0,0,0,0,1,0,0,1,1,-0.073555725,-0.073484,0.730255,-0.000098899
171311,,,,,-0.902649731,,,0,0,0,0,1,0,0,1,1,-0.902649731,-0.073484,0.730255,-1.135447253
171312,,,,,,,,0,0,0,0,0,0,0,0,,,-0.073484,0.730255,
171313,,,,,-0.384465977,,,0,0,0,0,1,0,0,1,1,-0.384465977,-0.073484,0.730255,-0.425854532
171314,,,,,,,,0,0,0,0,0,0,0,0,,,-0.073484,0.730255,
171315,,,,-0.736951613,-1.904471656,,,0,0,0,1,1,0,0,2,0.5,-1.320711634,-0.073484,0.730255,-1.70793468
171316,,,,,,,,0,0,0,0,0,0,0,0,,,-0.073484,0.730255,
171317,,,,,,,,0,0,0,0,0,0,0,0,,,-0.073484,0.730255,
171318,,,,,0.8246294491,,,0,0,0,0,1,0,0,1,1,0.8246294491,-0.073484,0.730255,1.2298618192
171319,,,,,-0.31537481,,,0,0,0,0,1,0,0,1,1,-0.31537481,-0.073484,0.730255,-0.331242169
171321,,,,,,,,0,0,0,0,0,0,0,0,,,-0.073484,0.730255,
171322,,,,,,,,0,0,0,0,0,0,0,0,,,-0.073484,0.730255,
171323,,,,,,,,0,0,0,0,0,0,0,0,,,-0.073484,0.730255,
171324,,,,,,,,0,0,0,0,0,0,0,0,,,-0.073484,0.730255,
171325,,,,,-1.386287901,,,0,0,0,0,1,0,0,1,1,-1.386287901,-0.073484,0.730255,-1.797733794
171326,,,,,-0.31537481,,,0,0,0,0,1,0,0,1,1,-0.31537481,-0.073484,0.730255,-0.331242169
171327,,,0.6802703821,0.5583805306,-1.766289321,,,0,0,1,1,1,0,0,3,0.3333333333,-0.175879469,-0.073484,0.730255,-0.140219433
171328,,,,,,,,0,0,0,0,0,0,0,0,,,-0.073484,0.730255,
171329,,,,,-0.31537481,,,0,0,0,0,1,0,0,1,1,-0.31537481,-0.073484,0.730255,-0.331242169
171330,,,,,0.0646266098,,,0,0,0,0,1,0,0,1,1,0.0646266098,-0.073484,0.730255,0.1891258273
171331,,,,-0.45938044,0.2373545278,,,0,0,0,1,1,0,0,2,0.5,-0.111012956,-0.073484,0.730255,-0.051392245
171332,,,,,,,,0,0,0,0,0,0,0,0,,,-0.073484,0.730255,
171333,,,,-2.217331206,-0.453557144,,,0,0,0,1,1,0,0,2,0.5,-1.335444175,-0.073484,0.730255,-1.728109191
171334,,,,,-0.039010141,,,0,0,0,0,1,0,0,1,1,-0.039010141,-0.073484,0.730255,0.0472072829
171335,,,,,0.3409912786,,,0,0,0,0,1,0,0,1,1,0.3409912786,-0.073484,0.730255,0.5675752789
171336,,,,,-3.528114085,,,0,0,0,0,1,0,0,1,1,-3.528114085,-0.073484,0.730255,-4.730717043
171337,,,,,,,,0,0,0,0,0,0,0,0,,,-0.073484,0.730255,
171338,,,,,0.2373545278,,,0,0,0,0,1,0,0,1,1,0.2373545278,-0.073484,0.730255,0.4256567345
171339,,,,,-2.52629216,,,0,0,0,0,1,0,0,1,1,-2.52629216,-0.073484,0.730255,-3.358837781
171340,,,,,,,,0,0,0,0,0,0,0,0,,,-0.073484,0.730255,
171341,,,0.6140252308,-0.8757372,-1.904471656,,,0,0,1,1,1,0,0,3,0.3333333333,-0.722061208,-0.073484,0.730255,-0.888152157
171343,,,,,,,,0,0,0,0,0,0,0,0,,,-0.073484,0.730255,
171344,,,,,-1.939017239,,,0,0,0,0,1,0,0,1,1,-1.939017239,-0.073484,0.730255,-2.554632697
171345,,,,,0.4100824459,,,0,0,0,0,1,0,0,1,1,0.4100824459,-0.073484,0.730255,0.6621876418
171346,,,,,,,,0,0,0,0,0,0,0,0,,,-0.073484,0.730255,
171347,,,,,-0.729921813,,,0,0,0,0,1,0,0,1,1,-0.729921813,-0.073484,0.730255,-0.898916346
171348,,,,,-0.660830646,,,0,0,0,0,1,0,0,1,1,-0.660830646,-0.073484,0.730255,-0.804303983
171349,,,,,-1.420833485,,,0,0,0,0,1,0,0,1,1,-1.420833485,-0.073484,0.730255,-1.845039975
171350,,,,-0.644427889,-0.419011561,,,0,0,0,1,1,0,0,2,0.5,-0.531719725,-0.073484,0.730255,-0.627501509
171351,,,,,,,,0,0,0,0,0,0,0,0,,,-0.073484,0.730255,
171352,,,,,,,,0,0,0,0,0,0,0,0,,,-0.073484,0.730255,
171353,,,,,-0.488102728,,,0,0,0,0,1,0,0,1,1,-0.488102728,-0.073484,0.730255,-0.567773076
171354,,,,,-1.559015819,,,0,0,0,0,1,0,0,1,1,-1.559015819,-0.073484,0.730255,-2.034264701
171355,,,,,-0.902649731,,,0,0,0,0,1,0,0,1,1,-0.902649731,-0.073484,0.730255,-1.135447253
171356,,,,,,,,0,0,0,0,0,0,0,0,,,-0.073484,0.730255,
171357,,,,,-0.522648311,,,0,0,0,0,1,0,0,1,1,-0.522648311,-0.073484,0.730255,-0.615079257
171358,,,,,,,,0,0,0,0,0,0,0,0,,,-0.073484,0.730255,
171359,,,,,-0.729921813,,,0,0,0,0,1,0,0,1,1,-0.729921813,-0.073484,0.730255,-0.898916346
171360,,,,,,,,0,0,0,0,0,0,0,0,,,-0.073484,0.730255,
171361,,,0.6802703821,,-0.349920393,,,0,0,1,0,1,0,0,2,0.5,0.1651749943,-0.073484,0.730255,0.3268152112
171362,,,-0.114671433,0.2345474946,-0.004464557,,,0,0,1,1,1,0,0,3,0.3333333333,0.0384705014,-0.073484,0.730255,0.1533080618
171363,,,0.4815349283,-0.644427889,0.306445695,,,0,0,1,1,1,0,0,3,0.3333333333,0.0478509115,-0.073484,0.730255,0.1661534486
171364,,,,,-0.31537481,,,0,0,0,0,1,0,0,1,1,-0.31537481,-0.073484,0.730255,-0.331242169
171365,,,,,,,,0,0,0,0,0,0,0,0,,,-0.073484,0.730255,
171367,,,,,-0.522648311,,,0,0,0,0,1,0,0,1,1,-0.522648311,-0.073484,0.730255,-0.615079257
171368,,,,,0.0300810262,,,0,0,0,0,1,0,0,1,1,0.0300810262,-0.073484,0.730255,0.1418196458
171369,,,,,,,,0,0,0,0,0,0,0,0,,,-0.073484,0.730255,
171370,,,0.7465155333,0.2345474946,0.7555382819,,,0,0,1,1,1,0,0,3,0.3333333333,0.5788671033,-0.073484,0.730255,0.8933187097
171371,,,0.4815349283,1.0209991534,-0.108101308,,,0,0,1,1,1,0,0,3,0.3333333333,0.4648109245,-0.073484,0.730255,0.7371319638
171372,,,0.4815349283,-0.043023679,0.5137191967,,,0,0,1,1,1,0,0,3,0.3333333333,0.3174101486,-0.073484,0.730255,0.5352836485
171373,,,,0.0495000455,-0.557193895,,,0,0,0,1,1,0,0,2,0.5,-0.253846925,-0.073484,0.730255,-0.246986846
171374,,,,,-0.108101308,,,0,0,0,0,1,0,0,1,1,-0.108101308,-0.073484,0.730255,-0.04740508
171375,,,,-0.45938044,-2.388109826,,,0,0,0,1,1,0,0,2,0.5,-1.423745133,-0.073484,0.730255,-1.84902714
171376,,,,,-1.489924652,,,0,0,0,0,1,0,0,1,1,-1.489924652,-0.073484,0.730255,-1.939652338
171377,,,,-1.384617685,-1.386287901,,,0,0,0,1,1,0,0,2,0.5,-1.385452793,-0.073484,0.730255,-1.79659021
171378,,,,,-0.868104147,,,0,0,0,0,1,0,0,1,1,-0.868104147,-0.073484,0.730255,-1.088141072
171379,,,-0.048426282,-0.228071128,,,,0,0,1,1,0,0,0,2,0.5,-0.138248705,-0.073484,0.730255,-0.088688453
171380,,,0.9452509871,-0.505642302,-1.66265257,,,0,0,1,1,1,0,0,3,0.3333333333,-0.407681295,-0.073484,0.730255,-0.457645225
171381,,,,-1.292093961,-2.975384747,,,0,0,0,1,1,0,0,2,0.5,-2.133739354,-0.073484,0.730255,-2.821282113
171382,,,,-0.043023679,0.5828103639,,,0,0,0,1,1,0,0,2,0.5,0.2698933424,-0.073484,0.730255,0.4702148778
171383,,,-1.174593853,-1.107046512,-2.42265541,,,0,0,1,1,1,0,0,3,0.3333333333,-1.568098591,-0.073484,0.730255,-2.046702507
171384,-1.17942268,,-2.168271122,-2.726211692,-1.144468816,,,1,0,1,1,1,0,0,4,0.25,-1.804593577,-0.073484,0.730255,-2.370555039
171385,,,,-0.228071128,0.2373545278,,,0,0,0,1,1,0,0,2,0.5,0.0046416998,-0.073484,0.730255,0.1069834304
180001,0.0740783415,,1.2102315921,0.8822135666,0.3755368623,0.6111174429,,1,0,1,1,1,1,0,5,0.2,0.6306355611,-0.073484,0.730255,0.9642096255
180002,,,0.9452509871,0.0957619077,-0.902649731,0.0237662145,,0,0,1,1,1,1,0,4,0.25,0.0405323446,-0.073484,0.730255,0.1561315176
180004,,,0.2165543233,0.7434279797,-1.109923233,,,0,0,1,1,1,0,0,3,0.3333333333,-0.04998031,-0.073484,0.730255,0.0321849054
180005,-0.631015983,,0.2827994746,-0.736951613,-1.731743737,0.6645130092,,1,0,1,1,1,1,0,5,0.2,-0.43047977,-0.073484,0.730255,-0.488865099
180009,-0.239296914,0.2786389211,-1.969535668,0.7434279797,0.2028089442,-0.61698058,-0.658765032,1,1,1,1,1,1,1,7,0.1428571429,-0.322814621,-0.073484,0.730255,-0.34143013
180010,-0.552672169,-2.97120074,-0.51214234,0.465856806,1.1700852851,-0.563585014,1.0042626135,1,1,1,1,1,1,1,7,0.1428571429,-0.279913651,-0.073484,0.730255,-0.282682213
180011,-0.944391238,,-0.114671433,0.465856806,1.6191778719,0.0237662145,0.7478845438,1,0,1,1,1,1,1,6,0.1666666667,0.2996037942,-0.073484,0.730255,0.5108999054
180012,-0.787703611,,0.2827994746,-0.413118577,-0.626285062,-0.777167279,-0.669483179,1,0,1,1,1,1,1,6,0.1666666667,-0.498493039,-0.073484,0.730255,-0.582001405
180013,-2.041204632,-1.165734262,-3.161948391,-0.228071128,-1.248105567,0.7713041416,-0.915143102,1,1,1,1,1,1,1,7,0.1428571429,-1.141271849,-0.073484,0.730255,-1.462212646
180016,,,,,-1.455379069,,,0,0,0,0,1,0,0,1,1,-1.455379069,-0.073484,0.730255,-1.892346156
180017,0.309109783,,-1.505819609,-0.598166027,-0.660830646,0.0237662145,,1,0,1,1,1,1,0,5,0.2,-0.486388057,-0.073484,0.730255,-0.565425032
180018,0.2307659691,,0.2827994746,0.9284754289,-0.142646892,-0.61698058,,1,0,1,1,1,1,0,5,0.2,0.1364826801,-0.073484,0.730255,0.2875244052
180019,1.4059231766,,,-0.413118577,-0.419011561,,,1,0,0,1,1,0,0,3,0.3333333333,0.1912643462,-0.073484,0.730255,0.3625415612
180020,,,-0.445897189,-0.736951613,-1.351742318,,,0,0,1,1,1,0,0,3,0.3333333333,-0.844863707,-0.073484,0.730255,-1.056315976
180024,,,,-0.181809266,-0.31537481,,,0,0,0,1,1,0,0,2,0.5,-0.248592038,-0.073484,0.730255,-0.239790886
180025,,,,0.8359517043,-0.937195315,,,0,0,0,1,1,0,0,2,0.5,-0.050621805,-0.073484,0.730255,0.0313064517
180027,-0.395984542,,0.2165543233,-2.217331206,-1.282651151,-2.218847567,-0.561015534,1,0,1,1,1,1,1,6,0.1666666667,-1.076545946,-0.073484,0.730255,-1.373578008
180029,0.1524221553,,0.4815349283,-0.829475338,0.4791736131,-0.937353977,-1.239259859,1,0,1,1,1,1,1,6,0.1666666667,-0.31549308,-0.073484,0.730255,-0.331404126
180035,1.9543298734,1.1211899444,0.2165543233,0.5583805306,0.3755368623,1.1450731052,1.2473501812,1,1,1,1,1,1,1,7,0.1428571429,0.9454878315,-0.073484,0.730255,1.3953633962
180038,-0.944391238,-1.406463126,-0.578387492,-0.551904164,-1.006286482,-0.830562845,-2.523293837,1,1,1,1,1,1,1,7,0.1428571429,-1.120184169,-0.073484,0.730255,-1.433335508
180040,1.0142041074,1.0008255125,-0.51214234,-0.690689751,-0.073555725,-0.563585014,-1.769165033,1,1,1,1,1,1,1,7,0.1428571429,-0.227729749,-0.073484,0.730255,-0.211222394
180043,,,,-0.228071128,0.7555382819,,,0,0,0,1,1,0,0,2,0.5,0.2637335768,-0.073484,0.730255,0.4617797913
180044,-3.059674212,-0.684276534,-1.903290517,-0.829475338,-0.591739479,-1.738287471,-1.47891762,1,1,1,1,1,1,1,7,0.1428571429,-1.469380167,-0.073484,0.730255,-1.911519042
180045,0.1524221553,,0.6140252308,0.4195949437,-0.211738059,0.130557347,-0.778808276,1,0,1,1,1,1,1,6,0.1666666667,0.0543422237,-0.073484,0.730255,0.1750425499
180046,,,0.1503091721,-1.153308374,-1.040832065,,,0,0,1,1,1,0,0,3,0.3333333333,-0.681277089,-0.073484,0.730255,-0.832303023
180048,-1.257766494,,-0.445897189,-2.124807482,-0.522648311,-1.791683037,-1.269699396,1,0,1,1,1,1,1,6,0.1666666667,-1.235416985,-0.073484,0.730255,-1.591133522
180049,-1.022735052,,-1.439574458,-0.551904164,-1.420833485,-0.350002749,,1,0,1,1,1,1,0,5,0.2,-0.957009982,-0.073484,0.730255,-1.20988733
180050,,,0.5477800796,-1.107046512,-0.937195315,,,0,0,1,1,1,0,0,3,0.3333333333,-0.498820582,-0.073484,0.730255,-0.582449938
180051,,,-0.710877794,-0.8757372,-1.628106987,-0.563585014,,0,0,1,1,1,1,0,4,0.25,-0.944576749,-0.073484,0.730255,-1.192861455
180056,,,-2.565742029,-0.181809266,-0.280829226,-0.029629352,,0,0,1,1,1,1,0,4,0.25,-0.764502468,-0.073484,0.730255,-0.946270554
180064,,,,0.3270712192,0.5137191967,,,0,0,0,1,1,0,0,2,0.5,0.4203952079,-0.073484,0.730255,0.6763097767
180066,,,,0.5121186683,0.4100824459,,,0,0,0,1,1,0,0,2,0.5,0.4611005571,-0.073484,0.730255,0.7320510447
180067,-0.082609286,0.1582744892,1.2102315921,-0.505642302,1.8955425408,-0.029629352,0.9120865516,1,1,1,1,1,1,1,7,0.1428571429,0.5083220334,-0.073484,0.730255,0.7967153952
180069,,,1.2764767434,1.6686652254,-1.731743737,,,0,0,1,1,1,0,0,3,0.3333333333,0.4044660771,-0.073484,0.730255,0.6544966743
18006F,0.6224850383,,1.5414573484,1.3910940517,1.2046308687,,,1,0,1,1,1,0,0,4,0.25,1.1899168268,-0.073484,0.730255,1.7300806364
180070,,,0.4815349283,0.5583805306,-0.073555725,-0.723771713,,0,0,1,1,1,1,0,4,0.25,0.0606470054,-0.073484,0.730255,0.1836762193
180078,,,0.2165543233,-0.968260925,-1.731743737,,,0,0,1,1,1,0,0,3,0.3333333333,-0.82781678,-0.073484,0.730255,-1.032972181
180079,0.1524221553,,,-1.292093961,-2.975384747,,,1,0,0,1,1,0,0,3,0.3333333333,-1.371685518,-0.073484,0.730255,-1.777737518
18007F,0.9358602936,,1.9389282559,0.8822135666,2.0337248752,,,1,0,1,1,1,0,0,4,0.25,1.4476817478,-0.073484,0.730255,2.0830598845
180080,0.3874535968,,-0.180916584,0.465856806,0.6864471147,1.5722376349,-0.962731673,1,0,1,1,1,1,1,6,0.1666666667,0.3280578158,-0.073484,0.730255,0.5498643973
180087,,,-1.174593853,0.3270712192,-0.488102728,,,0,0,1,1,1,0,0,3,0.3333333333,-0.445208454,-0.073484,0.730255,-0.509034329
180088,0.4657974106,-0.323183238,0.2827994746,-0.921999063,-0.660830646,0.1839529132,0.1871111072,1,1,1,1,1,1,1,7,0.1428571429,-0.112336006,-0.073484,0.730255,-0.053204009
180092,0.2307659691,,-1.704555063,0.5121186683,0.0991721934,-0.510189448,,1,0,1,1,1,1,0,5,0.2,-0.274537536,-0.073484,0.730255,-0.275320245
180093,-1.884517004,-0.082454375,0.4152897771,-1.800974446,-1.835380488,-0.296607183,-1.451479164,1,1,1,1,1,1,1,7,0.1428571429,-0.990874698,-0.073484,0.730255,-1.256261142
180101,,,0.2165543233,-0.135547404,0.0991721934,,,0,0,1,1,1,0,0,3,0.3333333333,0.0600597044,-0.073484,0.730255,0.1828719784
180102,0.9358602936,0.7600966487,-1.240839004,-0.366856715,-0.211738059,-0.990749544,0.4190518023,1,1,1,1,1,1,1,7,0.1428571429,-0.099310654,-0.073484,0.730255,-0.035367296
180103,-1.492797935,-0.684276534,1.4752121971,0.0495000455,-0.142646892,0.9314908403,-0.230896615,1,1,1,1,1,1,1,7,0.1428571429,-0.013487842,-0.073484,0.730255,0.0821571198
180104,-0.552672169,0.5193677849,0.2827994746,0.14202377,-0.522648311,0.9314908403,-1.133793295,1,1,1,1,1,1,1,7,0.1428571429,-0.047633129,-0.073484,0.730255,0.0353990975
180105,,,0.5477800796,-0.598166027,-0.349920393,,,0,0,1,1,1,0,0,3,0.3333333333,-0.133435447,-0.073484,0.730255,-0.082097253
180115,,,-1.505819609,-1.338355823,-4.011752255,,,0,0,1,1,1,0,0,3,0.3333333333,-2.285309229,-0.073484,0.730255,-3.028839528
180116,-1.571141749,,1.0114961383,-1.338355823,0.4791736131,-1.204331809,,1,0,1,1,1,1,0,5,0.2,-0.524631926,-0.073484,0.730255,-0.617795588
180124,-1.022735052,,-0.909613248,-1.153308374,-0.211738059,0.2373484794,,1,0,1,1,1,1,0,5,0.2,-0.612009251,-0.073484,0.730255,-0.737448729
180127,0.7008288521,,0.2165543233,0.2345474946,-0.142646892,1.0916775389,,1,0,1,1,1,1,0,5,0.2,0.4201922634,-0.073484,0.730255,0.6760318677
180128,,,-0.51214234,-1.800974446,-0.79901298,,,0,0,1,1,1,0,0,3,0.3333333333,-1.037376589,-0.073484,0.730255,-1.319940104
180130,-0.1609531,0.1582744892,-0.313406887,-0.598166027,-0.971740898,-1.791683037,-1.755445805,1,1,1,1,1,1,1,7,0.1428571429,-0.776160181,-0.073484,0.730255,-0.962234443
180132,-0.474328355,,-1.505819609,-1.014522787,-1.213559983,0.130557347,-1.444190824,1,0,1,1,1,1,1,6,0.1666666667,-0.920310702,-0.073484,0.730255,-1.159631911
180138,,,-1.373329307,-0.089285541,0.1682633606,,,0,0,1,1,1,0,0,3,0.3333333333,-0.431450496,-0.073484,0.730255,-0.490194396
180139,,,-1.505819609,-1.847236308,-0.073555725,,,0,0,1,1,1,0,0,3,0.3333333333,-1.142203881,-0.073484,0.730255,-1.463488956
180141,-1.649485563,,0.1503091721,-0.505642302,-0.246283643,-1.150936242,-2.587602717,1,0,1,1,1,1,1,6,0.1666666667,-0.998273549,-0.073484,0.730255,-1.266393013
180143,-0.004265472,,,0.14202377,1.1009941179,0.8246997078,,1,0,0,1,1,1,0,4,0.25,0.5158630308,-0.073484,0.730255,0.8070419191
180149,,,,,-1.248105567,,,0,0,0,0,1,0,0,1,1,-1.248105567,-0.073484,0.730255,-1.608509068
180154,,,,-1.014522787,-1.144468816,,,0,0,0,1,1,0,0,2,0.5,-1.079495802,-0.073484,0.730255,-1.377617494
181301,,,-1.042103551,-0.181809266,0.6519015311,,,0,0,1,1,1,0,0,3,0.3333333333,-0.190670428,-0.073484,0.730255,-0.160473941
181302,,,,,0.4446280295,,,0,0,0,0,1,0,0,1,1,0.4446280295,-0.073484,0.730255,0.7094938232
181304,,,,,,,,0,0,0,0,0,0,0,0,,,-0.073484,0.730255,
181305,,,,,,,,0,0,0,0,0,0,0,0,,,-0.073484,0.730255,
181306,,,,,0.306445695,,,0,0,0,0,1,0,0,1,1,0.306445695,-0.073484,0.730255,0.5202690974
181307,,,,,0.4446280295,,,0,0,0,0,1,0,0,1,1,0.4446280295,-0.073484,0.730255,0.7094938232
181308,,,,,,,,0,0,0,0,0,0,0,0,,,-0.073484,0.730255,
181309,,,0.9452509871,0.465856806,-0.073555725,,,0,0,1,1,1,0,0,3,0.3333333333,0.4458506895,-0.073484,0.730255,0.7111681148
181310,,,,,,,,0,0,0,0,0,0,0,0,,,-0.073484,0.730255,
181311,,,,,,,,0,0,0,0,0,0,0,0,,,-0.073484,0.730255,
181314,,,,,,,,0,0,0,0,0,0,0,0,,,-0.073484,0.730255,
181315,,,,,0.5482647803,,,0,0,0,0,1,0,0,1,1,0.5482647803,-0.073484,0.730255,0.8514123676
181316,,,,,,,,0,0,0,0,0,0,0,0,,,-0.073484,0.730255,
181317,,,,,-2.008108406,,,0,0,0,0,1,0,0,1,1,-2.008108406,-0.073484,0.730255,-2.64924506
181318,,,,,-0.280829226,,,0,0,0,0,1,0,0,1,1,-0.280829226,-0.073484,0.730255,-0.283935987
181319,,,-0.379652038,-2.217331206,-1.248105567,,,0,0,1,1,1,0,0,3,0.3333333333,-1.281696271,-0.073484,0.730255,-1.654507651
181320,,,-0.180916584,,-1.248105567,,,0,0,1,0,1,0,0,2,0.5,-0.714511076,-0.073484,0.730255,-0.877813123
181321,,,,,-1.040832065,,,0,0,0,0,1,0,0,1,1,-1.040832065,-0.073484,0.730255,-1.324671979
181322,,,,,-2.560837744,,,0,0,0,0,1,0,0,1,1,-2.560837744,-0.073484,0.730255,-3.406143963
181323,,,-1.837045366,,-1.489924652,,,0,0,1,0,1,0,0,2,0.5,-1.663485009,-0.073484,0.730255,-2.177323174
181324,,,,,,,,0,0,0,0,0,0,0,0,,,-0.073484,0.730255,
181325,,,,,,,,0,0,0,0,0,0,0,0,,,-0.073484,0.730255,
181327,,,-0.644632643,,0.1682633606,,,0,0,1,0,1,0,0,2,0.5,-0.238184641,-0.073484,0.730255,-0.22553916
181328,,,-1.638309912,,-1.317196734,,,0,0,1,0,1,0,0,2,0.5,-1.477753323,-0.073484,0.730255,-1.92298511
181329,,,,0.789689842,1.1355397015,,,0,0,0,1,1,0,0,2,0.5,0.9626147718,-0.073484,0.730255,1.4188167602
181330,,,,,-0.211738059,,,0,0,0,0,1,0,0,1,1,-0.211738059,-0.073484,0.730255,-0.189323624
181331,,,,,,,,0,0,0,0,0,0,0,0,,,-0.073484,0.730255,
181332,,,,,-1.835380488,,,0,0,0,0,1,0,0,1,1,-1.835380488,-0.073484,0.730255,-2.412714152
190002,-3.686424723,-0.925005398,0.3490446258,0.4195949437,0.5482647803,-0.510189448,-0.417392368,1,1,1,1,1,1,1,7,0.1428571429,-0.603158227,-0.073484,0.730255,-0.725328275
190004,-2.432923701,-0.925005398,-0.843368097,-2.679949829,-2.802656829,-0.456793881,,1,1,1,1,1,1,0,6,0.1666666667,-1.690116289,-0.073484,0.730255,-2.213791632
190005,-1.101078866,,,-1.199570236,-0.211738059,,-0.346223874,1,0,0,1,1,0,1,4,0.25,-0.714652759,-0.073484,0.730255,-0.878007142
190006,,,,-1.014522787,-1.213559983,,,0,0,0,1,1,0,0,2,0.5,-1.114041385,-0.073484,0.730255,-1.424923676
190007,,,-0.114671433,0.3270712192,-1.489924652,,,0,0,1,1,1,0,0,3,0.3333333333,-0.425841622,-0.073484,0.730255,-0.482513692
190008,-0.082609286,-1.887920853,1.0777412896,-2.07854562,0.0991721934,0.8780952741,0.8430616867,1,1,1,1,1,1,1,7,0.1428571429,-0.164429331,-0.073484,0.730255,-0.124539792
190011,,,,-0.45938044,0.7209926983,0.6645130092,,0,0,0,1,1,1,0,3,0.3333333333,0.3087084226,-0.073484,0.730255,0.5233676411
190013,,,0.0178188695,-0.505642302,-0.764467397,-1.898474169,,0,0,1,1,1,1,0,4,0.25,-0.78769125,-0.073484,0.730255,-0.978024908
190014,,,-1.770800214,-0.8757372,-2.215381908,,,0,0,1,1,1,0,0,3,0.3333333333,-1.620639774,-0.073484,0.730255,-2.11865158
190015,-1.492797935,-0.925005398,0.7465155333,-0.690689751,-0.626285062,-0.670376146,-0.181164414,1,1,1,1,1,1,1,7,0.1428571429,-0.548543311,-0.073484,0.730255,-0.650539464
190017,-0.239296914,,-0.048426282,-1.338355823,-1.420833485,-0.937353977,-0.200457078,1,0,1,1,1,1,1,6,0.1666666667,-0.697453927,-0.073484,0.730255,-0.854455331
190019,-0.631015983,-1.526827557,-0.445897189,0.2808093569,-0.349920393,-0.18981605,-0.970448739,1,1,1,1,1,1,1,7,0.1428571429,-0.547588079,-0.073484,0.730255,-0.649231385
190020,-0.1609531,,0.0840640208,-1.199570236,-0.937195315,0.8780952741,,1,0,1,1,1,1,0,5,0.2,-0.267111871,-0.073484,0.730255,-0.265151656
190025,,,,,0.133717777,,,0,0,0,0,1,0,0,1,1,0.133717777,-0.073484,0.730255,0.2837381902
190026,-0.474328355,-0.202818807,0.0840640208,1.9924982614,-0.660830646,0.8246997078,0.6955799878,1,1,1,1,1,1,1,7,0.1428571429,0.3226948814,-0.073484,0.730255,0.5425204789
190027,-0.1609531,-0.202818807,-1.572064761,0.1882856323,-0.557193895,0.8780952741,1.4021202199,1,1,1,1,1,1,1,7,0.1428571429,-0.003504205,-0.073484,0.730255,0.0958285557
190034,,,,-1.199570236,-0.349920393,,,0,0,0,1,1,0,0,2,0.5,-0.774745315,-0.073484,0.730255,-0.960296948
190036,-0.552672169,-0.202818807,-0.909613248,0.3270712192,1.1355397015,-0.083024918,-0.126716229,1,1,1,1,1,1,1,7,0.1428571429,-0.058890636,-0.073484,0.730255,0.0199832446
190039,-1.17942268,,0.4815349283,-0.181809266,0.3409912786,-0.136420484,-1.069484415,1,0,1,1,1,1,1,6,0.1666666667,-0.29076844,-0.073484,0.730255,-0.297546591
190040,-1.17942268,-1.286098694,0.2827994746,0.2808093569,-0.039010141,0.6645130092,0.1142277094,1,1,1,1,1,1,1,7,0.1428571429,-0.166025995,-0.073484,0.730255,-0.126726239
190041,0.309109783,0.5193677849,1.0777412896,0.0957619077,0.2028089442,0.3975351781,-0.671198083,1,1,1,1,1,1,1,7,0.1428571429,0.2758752578,-0.073484,0.730255,0.4784064192
190044,,,-0.313406887,-1.47714141,-1.455379069,,,0,0,1,1,1,0,0,3,0.3333333333,-1.081975788,-0.073484,0.730255,-1.381013549
190045,-0.239296914,-0.082454375,-1.108348702,-0.783213476,0.0646266098,1.5722376349,-1.108927195,1,1,1,1,1,1,1,7,0.1428571429,-0.240768059,-0.073484,0.730255,-0.229076853
190046,-0.317640728,-1.04536983,-0.180916584,0.2345474946,1.3082676195,0.2373484794,,1,1,1,1,1,1,0,6,0.1666666667,0.039372742,-0.073484,0.730255,0.1545435759
190050,,,-0.180916584,-0.829475338,-0.868104147,,,0,0,1,1,1,0,0,3,0.3333333333,-0.626165357,-0.073484,0.730255,-0.756833879
190053,,,-0.114671433,-1.708450721,-0.79901298,-0.883958411,,0,0,1,1,1,1,0,4,0.25,-0.876523386,-0.073484,0.730255,-1.099670246
190054,-1.727829377,,-1.770800214,-1.292093961,0.6519015311,0.130557347,-0.850405496,1,0,1,1,1,1,1,6,0.1666666667,-0.809778362,-0.073484,0.730255,-1.008270654
190060,0.1524221553,-1.04536983,-2.168271122,0.14202377,1.3773587867,1.0382819727,0.3410236941,1,1,1,1,1,1,1,7,0.1428571429,-0.023218653,-0.073484,0.730255,0.0688318991
190064,-0.082609286,0.8804610806,-2.499496878,-0.228071128,-1.1790144,-1.097540676,-0.644188353,1,1,1,1,1,1,1,7,0.1428571429,-0.692922806,-0.073484,0.730255,-0.848250485
190065,0.2307659691,0.8804610806,0.5477800796,-0.644427889,-0.349920393,0.0237662145,-0.31964287,1,1,1,1,1,1,1,7,0.1428571429,0.0526831702,-0.073484,0.730255,0.172770668
190079,,,,,,,,0,0,0,0,0,0,0,0,,,-0.073484,0.730255,
190086,0.2307659691,,-3.161948391,-1.338355823,1.1355397015,-0.083024918,,1,0,1,1,1,1,0,5,0.2,-0.643404692,-0.073484,0.730255,-0.780441155
190088,,,,0.5583805306,0.306445695,,,0,0,0,1,1,0,0,2,0.5,0.4324131128,-0.073484,0.730255,0.6927669076
190090,,,,,-2.975384747,,,0,0,0,0,1,0,0,1,1,-2.975384747,-0.073484,0.730255,-3.97381814
190098,-0.239296914,,0.4815349283,-1.245832099,0.5482647803,-0.243211617,0.1969718021,1,0,1,1,1,1,1,6,0.1666666667,-0.083594853,-0.073484,0.730255,-0.013846324
190099,,,,-1.245832099,-3.113567082,,,0,0,0,1,1,0,0,2,0.5,-2.17969959,-0.073484,0.730255,-2.884219341
190102,0.309109783,-1.165734262,-0.247161735,-0.921999063,-1.420833485,-1.845078603,-1.655123952,1,1,1,1,1,1,1,7,0.1428571429,-0.992403045,-0.073484,0.730255,-1.258354037
190106,,,,-0.413118577,0.7209926983,,,0,0,0,1,1,0,0,2,0.5,0.1539370604,-0.073484,0.730255,0.3114261604
190111,-0.004265472,-0.202818807,-0.51214234,0.1882856323,-0.522648311,0.5043263105,-1.174522253,1,1,1,1,1,1,1,7,0.1428571429,-0.246255034,-0.073484,0.730255,-0.23659063
190114,,,,-0.551904164,-0.591739479,,,0,0,0,1,1,0,0,2,0.5,-0.571821821,-0.073484,0.730255,-0.682416692
190116,,,,-1.800974446,-0.591739479,,,0,0,0,1,1,0,0,2,0.5,-1.196356962,-0.073484,0.730255,-1.537645338
190118,,,,0.14202377,,,,0,0,0,1,0,0,0,1,1,0.14202377,-0.073484,0.730255,0.295112287
190125,-0.082609286,0.1582744892,-1.704555063,0.0032381832,-1.213559983,-1.311122941,-0.843117156,1,1,1,1,1,1,1,7,0.1428571429,-0.713350251,-0.073484,0.730255,-0.876223508
190128,,,,,,,,0,0,0,0,0,0,0,0,,,-0.073484,0.730255,
190133,,,,,,,,0,0,0,0,0,0,0,0,,,-0.073484,0.730255,
190140,,,,,-0.488102728,,,0,0,0,0,1,0,0,1,1,-0.488102728,-0.073484,0.730255,-0.567773076
190144,,,,-0.644427889,-0.349920393,0.3975351781,,0,0,0,1,1,1,0,3,0.3333333333,-0.198937701,-0.073484,0.730255,-0.171795015
190145,,,,-0.690689751,-0.626285062,,,0,0,0,1,1,0,0,2,0.5,-0.658487407,-0.073484,0.730255,-0.801095188
190151,,,,,-0.211738059,,,0,0,0,0,1,0,0,1,1,-0.211738059,-0.073484,0.730255,-0.189323624
190160,-0.317640728,-1.165734262,0.0840640208,0.9284754289,-0.833558564,0.5577218767,-0.152439781,1,1,1,1,1,1,1,7,0.1428571429,-0.128444573,-0.073484,0.730255,-0.075262828
190164,-0.082609286,,0.8790058358,0.789689842,-1.006286482,,,1,0,1,1,1,0,0,4,0.25,0.1449499774,-0.073484,0.730255,0.2991193896
190167,,,0.2827994746,-0.505642302,-0.177192475,-1.364518507,,0,0,1,1,1,1,0,4,0.25,-0.441138453,-0.073484,0.730255,-0.503460932
190176,-1.17942268,-0.684276534,0.8790058358,0.5121186683,-0.073555725,0.0237662145,-0.892849357,1,1,1,1,1,1,1,7,0.1428571429,-0.202173368,-0.073484,0.730255,-0.176225886
190183,,,,0.0495000455,-0.384465977,,,0,0,0,1,1,0,0,2,0.5,-0.167482966,-0.073484,0.730255,-0.128721392
190184,,,0.4152897771,0.0957619077,-0.384465977,,,0,0,1,1,1,0,0,3,0.3333333333,0.0421952359,-0.073484,0.730255,0.158408655
190190,,,,,,,,0,0,0,0,0,0,0,0,,,-0.073484,0.730255,
190201,,,,,,,,0,0,0,0,0,0,0,0,,,-0.073484,0.730255,
190202,0.3874535968,,-1.307084156,0.9747372911,-0.419011561,-1.364518507,-0.52414511,1,0,1,1,1,1,1,6,0.1666666667,-0.375428074,-0.073484,0.730255,-0.413478169
190208,,,0.0840640208,,,,,0,0,1,0,0,0,0,1,1,0.0840640208,-0.073484,0.730255,0.2157431136
190218,,,,,-3.217203832,,,0,0,0,0,1,0,0,1,1,-3.217203832,-0.073484,0.730255,-4.30496141
190241,,,,,,,,0,0,0,0,0,0,0,0,,,-0.073484,0.730255,
190245,,,,,,,,0,0,0,0,0,0,0,0,,,-0.073484,0.730255,
190251,,,,,,,,0,0,0,0,0,0,0,0,,,-0.073484,0.730255,
190255,,,,,,,,0,0,0,0,0,0,0,0,,,-0.073484,0.730255,
190256,,,,,,,,0,0,0,0,0,0,0,0,,,-0.073484,0.730255,
190259,,,,,,,,0,0,0,0,0,0,0,0,,,-0.073484,0.730255,
190266,,,,,,,,0,0,0,0,0,0,0,0,,,-0.073484,0.730255,
190267,,,,,,,,0,0,0,0,0,0,0,0,,,-0.073484,0.730255,
190270,,,,,,,,0,0,0,0,0,0,0,0,,,-0.073484,0.730255,
190274,0.309109783,,,-0.320594853,0.3755368623,0.0237662145,,1,0,0,1,1,1,0,4,0.25,0.0969545017,-0.073484,0.730255,0.2333951364
190278,,,,,,,,0,0,0,0,0,0,0,0,,,-0.073484,0.730255,
190298,,,,,,,,0,0,0,0,0,0,0,0,,,-0.073484,0.730255,
190303,,,,,,,,0,0,0,0,0,0,0,0,,,-0.073484,0.730255,
190308,,,,-0.366856715,0.0646266098,,,0,0,0,1,1,0,0,2,0.5,-0.151115053,-0.073484,0.730255,-0.106307428
190312,,,,0.7434279797,-0.557193895,,,0,0,0,1,1,0,0,2,0.5,0.0931170424,-0.073484,0.730255,0.2281401796
190313,,,,,,,,0,0,0,0,0,0,0,0,,,-0.073484,0.730255,
190316,,,,,0.2373545278,,,0,0,0,0,1,0,0,1,1,0.2373545278,-0.073484,0.730255,0.4256567345
190317,,,,,,,,0,0,0,0,0,0,0,0,,,-0.073484,0.730255,
190318,,,0.8790058358,-0.921999063,-0.384465977,,,0,0,1,1,1,0,0,3,0.3333333333,-0.142486401,-0.073484,0.730255,-0.094491488
19043F,,,,-0.505642302,,,,0,0,0,1,0,0,0,1,1,-0.505642302,-0.073484,0.730255,-0.591791494
19047F,-0.082609286,,0.4815349283,2.3163312974,1.6191778719,,,1,0,1,1,1,0,0,4,0.25,1.0836087029,-0.073484,0.730255,1.5845039555
19048F,-0.709359797,,1.6739476509,1.3910940517,0.306445695,,,1,0,1,1,1,0,0,4,0.25,0.6655319002,-0.073484,0.730255,1.011996126
191300,,,,,,,,0,0,0,0,0,0,0,0,,,-0.073484,0.730255,
191301,,,,,-2.008108406,,,0,0,0,0,1,0,0,1,1,-2.008108406,-0.073484,0.730255,-2.64924506
191302,,,,,0.7209926983,,,0,0,0,0,1,0,0,1,1,0.7209926983,-0.073484,0.730255,1.0879432748
191304,,,,-0.598166027,-0.073555725,,,0,0,0,1,1,0,0,2,0.5,-0.335860876,-0.073484,0.730255,-0.359295466
191305,,,,,,,,0,0,0,0,0,0,0,0,,,-0.073484,0.730255,
191306,,,,,,,,0,0,0,0,0,0,0,0,,,-0.073484,0.730255,
191307,,,,,,,,0,0,0,0,0,0,0,0,,,-0.073484,0.730255,
191309,,,,,,,,0,0,0,0,0,0,0,0,,,-0.073484,0.730255,
191310,,,,,-1.317196734,,,0,0,0,0,1,0,0,1,1,-1.317196734,-0.073484,0.730255,-1.703121431
191311,,,,,,,,0,0,0,0,0,0,0,0,,,-0.073484,0.730255,
191312,,,-0.114671433,-0.921999063,0.9282661999,,,0,0,1,1,1,0,0,3,0.3333333333,-0.036134765,-0.073484,0.730255,0.0511447775
191313,,,,,-2.111745157,,,0,0,0,0,1,0,0,1,1,-2.111745157,-0.073484,0.730255,-2.791163604
191315,,,,0.6971661174,-2.215381908,,,0,0,0,1,1,0,0,2,0.5,-0.759107895,-0.073484,0.730255,-0.93888331
191316,,,,,,,,0,0,0,0,0,0,0,0,,,-0.073484,0.730255,
191317,,,,,-0.280829226,,,0,0,0,0,1,0,0,1,1,-0.280829226,-0.073484,0.730255,-0.283935987
191318,,,0.2165543233,-0.505642302,-0.660830646,,,0,0,1,1,1,0,0,3,0.3333333333,-0.316639541,-0.073484,0.730255,-0.332974072
191320,,,,,,,,0,0,0,0,0,0,0,0,,,-0.073484,0.730255,
191321,,,,,,,,0,0,0,0,0,0,0,0,,,-0.073484,0.730255,
191322,,,,,-0.902649731,,,0,0,0,0,1,0,0,1,1,-0.902649731,-0.073484,0.730255,-1.135447253
191323,,,,,-0.211738059,,,0,0,0,0,1,0,0,1,1,-0.211738059,-0.073484,0.730255,-0.189323624
191324,,,,,1.0319029507,,,0,0,0,0,1,0,0,1,1,1.0319029507,-0.073484,0.730255,1.5136989079
191325,,,,,,,,0,0,0,0,0,0,0,0,,,-0.073484,0.730255,
191326,,,,,,,,0,0,0,0,0,0,0,0,,,-0.073484,0.730255,
200001,-0.1609531,,0.7465155333,-0.921999063,-0.039010141,0.0237662145,,1,0,1,1,1,1,0,5,0.2,-0.070336111,-0.073484,0.730255,0.0043099897
200008,0.3874535968,,-0.445897189,-0.8757372,0.5137191967,-1.364518507,,1,0,1,1,1,1,0,5,0.2,-0.356996021,-0.073484,0.730255,-0.388237603
200009,-0.317640728,0.0379100573,-1.240839004,-0.783213476,0.5828103639,-0.083024918,0.4885053931,1,1,1,1,1,1,1,7,0.1428571429,-0.187927473,-0.073484,0.730255,-0.156717781
200018,-1.17942268,,-0.313406887,-0.690689751,-0.004464557,,,1,0,1,1,1,0,0,4,0.25,-0.546995969,-0.073484,0.730255,-0.648420558
200019,-0.787703611,,-0.180916584,0.0957619077,0.3409912786,-0.403398315,0.4602094857,1,0,1,1,1,1,1,6,0.1666666667,-0.079175973,-0.073484,0.730255,-0.007795179
200020,0.4657974106,,-0.578387492,-0.783213476,-0.211738059,-1.097540676,,1,0,1,1,1,1,0,5,0.2,-0.441016458,-0.073484,0.730255,-0.503293876
200021,-3.451393281,,-0.975858399,0.4195949437,-1.282651151,-0.083024918,,1,0,1,1,1,1,0,5,0.2,-1.074666561,-0.073484,0.730255,-1.371004408
200024,0.3874535968,-0.082454375,0.0840640208,-0.043023679,-0.280829226,-1.364518507,-1.294994222,1,1,1,1,1,1,1,7,0.1428571429,-0.370614627,-0.073484,0.730255,-0.40688671
200031,,,-1.373329307,-2.356116793,-0.729921813,-2.966385494,,0,0,1,1,1,1,0,4,0.25,-1.856438352,-0.073484,0.730255,-2.441550461
200033,-0.317640728,0.2786389211,-2.433251727,0.6509042552,1.3082676195,-0.937353977,-0.328217387,1,1,1,1,1,1,1,7,0.1428571429,-0.254093289,-0.073484,0.730255,-0.247324213
200034,,,,-0.45938044,-0.868104147,,,0,0,0,1,1,0,0,2,0.5,-0.663742294,-0.073484,0.730255,-0.808291148
200039,-0.552672169,,0.1503091721,-0.736951613,0.8937206163,-0.563585014,,1,0,1,1,1,1,0,5,0.2,-0.161835802,-0.073484,0.730255,-0.120988254
20003F,-0.944391238,,0.5477800796,-0.043023679,1.6882690391,,,1,0,1,1,1,0,0,4,0.25,0.3121585503,-0.073484,0.730255,0.528092192
200041,,,,-0.551904164,1.2046308687,,,0,0,0,1,1,0,0,2,0.5,0.3263633522,-0.073484,0.730255,0.5475440254
200050,,,0.1503091721,0.3270712192,-0.660830646,-0.990749544,,0,0,1,1,1,1,0,4,0.25,-0.29354995,-0.073484,0.730255,-0.301355547
200052,-0.631015983,,,-0.135547404,-0.349920393,-1.951869736,,1,0,0,1,1,1,0,4,0.25,-0.767088379,-0.073484,0.730255,-0.94981166
200063,,,-0.247161735,-0.366856715,0.1682633606,0.1839529132,,0,0,1,1,1,1,0,4,0.25,-0.065450544,-0.073484,0.730255,0.0110002086
201300,,,,1.0672610157,0.306445695,,,0,0,0,1,1,0,0,2,0.5,0.6868533554,-0.073484,0.730255,1.041193393
201301,,,,,,,,0,0,0,0,0,0,0,0,,,-0.073484,0.730255,
201302,,,0.1503091721,0.0032381832,0.2719001114,-1.204331809,,0,0,1,1,1,1,0,4,0.25,-0.194721085,-0.073484,0.730255,-0.166020847
201303,,,,,-0.142646892,,,0,0,0,0,1,0,0,1,1,-0.142646892,-0.073484,0.730255,-0.094711261
201304,,,,,0.0991721934,-0.777167279,,0,0,0,0,1,1,0,2,0.5,-0.338997543,-0.073484,0.730255,-0.363590769
201305,,,,,-0.211738059,,,0,0,0,0,1,0,0,1,1,-0.211738059,-0.073484,0.730255,-0.189323624
201306,,,,,0.0991721934,,,0,0,0,0,1,0,0,1,1,0.0991721934,-0.073484,0.730255,0.2364320087
201307,-1.101078866,,,-0.366856715,-0.902649731,,,1,0,0,1,1,0,0,3,0.3333333333,-0.790195104,-0.073484,0.730255,-0.981453647
201308,,,-1.439574458,-3.09630659,-0.108101308,,,0,0,1,1,1,0,0,3,0.3333333333,-1.547994119,-0.073484,0.730255,-2.019171756
201309,,,0.2165543233,0.0032381832,-0.073555725,,,0,0,1,1,1,0,0,3,0.3333333333,0.048745594,-0.073484,0.730255,0.1673786127
201310,,,,-1.060784649,-1.006286482,,,0,0,0,1,1,0,0,2,0.5,-1.033535566,-0.073484,0.730255,-1.314680266
201311,,,-0.644632643,,0.0991721934,,,0,0,1,0,1,0,0,2,0.5,-0.272730225,-0.073484,0.730255,-0.272845341
201312,,,,-2.032283757,0.2373545278,-0.243211617,,0,0,0,1,1,1,0,3,0.3333333333,-0.679380282,-0.073484,0.730255,-0.829705565
201313,-0.082609286,,,,-1.800834905,,,1,0,0,0,1,0,0,2,0.5,-0.941722095,-0.073484,0.730255,-1.188952338
201314,-0.317640728,,-0.180916584,-1.523403272,-0.660830646,-1.364518507,,1,0,1,1,1,1,0,5,0.2,-0.809461947,-0.073484,0.730255,-1.007837361
201315,,,-0.313406887,-0.783213476,0.6519015311,,,0,0,1,1,1,0,0,3,0.3333333333,-0.14823961,-0.073484,0.730255,-0.102369843
210001,0.9358602936,,-1.042103551,0.14202377,-0.764467397,0.1839529132,-0.767232677,1,0,1,1,1,1,1,6,0.1666666667,-0.218661108,-0.073484,0.730255,-0.198803939
210002,-0.082609286,0.8804610806,0.5477800796,-0.181809266,0.5828103639,-0.937353977,0.0649242345,1,1,1,1,1,1,1,7,0.1428571429,0.1248861756,-0.073484,0.730255,0.2716443334
210003,2.2677051288,0.6397322168,-0.114671433,0.8822135666,0.3409912786,0.7179085754,-0.923288894,1,1,1,1,1,1,1,7,0.1428571429,0.5443700628,-0.073484,0.730255,0.8460790025
210004,0.3874535968,,-0.843368097,-0.829475338,-0.004464557,1.4120509363,-0.596599781,1,0,1,1,1,1,1,6,0.1666666667,-0.079067207,-0.073484,0.730255,-0.007646236
210005,-0.1609531,,-0.313406887,-0.45938044,0.4791736131,-0.350002749,0.4649254703,1,0,1,1,1,1,1,6,0.1666666667,-0.056607349,-0.073484,0.730255,0.0231099421
210008,,,-0.180916584,0.7434279797,0.2028089442,0.5577218767,-1.004318083,0,0,1,1,1,1,1,5,0.2,0.0637448267,-0.073484,0.730255,0.1879183273
210009,1.0925479213,0.0379100573,1.6077024996,1.9462363991,1.8609969572,1.7858198998,0.717873733,1,1,1,1,1,1,1,7,0.1428571429,1.292726781,-0.073484,0.730255,1.8708669785
210011,0.309109783,,-1.108348702,1.3448321894,-0.522648311,-0.510189448,0.7736080959,1,0,1,1,1,1,1,6,0.1666666667,0.0477272679,-0.073484,0.730255,0.165984133
210012,-0.1609531,0.399003353,0.2827994746,-0.274332991,-0.419011561,0.0237662145,0.0379145047,1,1,1,1,1,1,1,7,0.1428571429,-0.015830586,-0.073484,0.730255,0.0789490022
210015,0.7008288521,,1.6077024996,1.5298796386,0.3409912786,-0.61698058,0.2501338099,1,0,1,1,1,1,1,6,0.1666666667,0.6354259165,-0.073484,0.730255,0.9707694632
210016,-1.884517004,0.399003353,1.8726831046,-0.089285541,-0.039010141,0.8246997078,-0.728647349,1,1,1,1,1,1,1,7,0.1428571429,0.0507037328,-0.073484,0.730255,0.1700600574
210017,,,-0.379652038,-2.957521003,-2.180836324,0.0237662145,,0,0,1,1,1,1,0,4,0.25,-1.373560788,-0.073484,0.730255,-1.780305483
210018,1.3275793628,,-0.578387492,0.3733330814,0.4100824459,-0.777167279,0.3491694856,1,0,1,1,1,1,1,6,0.1666666667,0.1841016009,-0.073484,0.730255,0.3527330099
210019,-0.1609531,-1.526827557,-1.638309912,0.2808093569,-0.626285062,-0.18981605,-1.401746963,1,1,1,1,1,1,1,7,0.1428571429,-0.751875613,-0.073484,0.730255,-0.928979536
210022,0.8575164798,-0.323183238,-0.710877794,0.3733330814,-0.142646892,-0.136420484,0.4885053931,1,1,1,1,1,1,1,7,0.1428571429,0.0580323637,-0.073484,0.730255,0.1800957698
210023,1.3275793628,-1.767556421,-0.578387492,0.789689842,-0.108101308,0.7179085754,-1.354587118,1,1,1,1,1,1,1,7,0.1428571429,-0.139064937,-0.073484,0.730255,-0.089806189
210024,1.1708917351,1.0008255125,1.5414573484,1.9924982614,0.0991721934,-0.61698058,0.2098335782,1,1,1,1,1,1,1,7,0.1428571429,0.7710997213,-0.073484,0.730255,1.1565590478
210027,0.7791726659,1.1211899444,1.2102315921,0.0495000455,-0.108101308,-0.18981605,-0.884703565,1,1,1,1,1,1,1,7,0.1428571429,0.2824961891,-0.073484,0.730255,0.4874730189
210028,-0.395984542,,-0.114671433,0.1882856323,-0.246283643,0.0771617807,0.5189449298,1,0,1,1,1,1,1,6,0.1666666667,0.0045754543,-0.073484,0.730255,0.1068927149
210029,-0.004265472,,1.6739476509,1.6224033631,1.1009941179,0.1839529132,-0.794671133,1,0,1,1,1,1,1,6,0.1666666667,0.6303935733,-0.073484,0.730255,0.9638782512
210030,,,0.8127606846,0.4195949437,-0.868104147,,,0,0,1,1,1,0,0,3,0.3333333333,0.1214171603,-0.073484,0.730255,0.2668939182
210032,-0.1609531,,-0.578387492,0.789689842,-0.349920393,0.9848864065,,1,0,1,1,1,1,0,5,0.2,0.1370630527,-0.073484,0.730255,0.2883191583
210033,-0.1609531,,-0.710877794,-1.615926997,-0.591739479,-0.61698058,0.2565646979,1,0,1,1,1,1,1,6,0.1666666667,-0.573318875,-0.073484,0.730255,-0.684466734
210034,-0.004265472,,0.8790058358,0.2808093569,0.1682633606,-1.311122941,,1,0,1,1,1,1,0,5,0.2,0.002538028,-0.073484,0.730255,0.1041026952
210035,0.7791726659,,-0.843368097,0.789689842,0.5828103639,0.5577218767,-0.008387889,1,0,1,1,1,1,1,6,0.1666666667,0.3096064605,-0.073484,0.730255,0.5245974001
210037,0.9358602936,,-0.51214234,-1.060784649,-0.488102728,-1.47130964,-0.582451828,1,0,1,1,1,1,1,6,0.1666666667,-0.529821815,-0.073484,0.730255,-0.624902541
210038,,,1.3427218946,0.465856806,1.7228146227,-0.670376146,,0,0,1,1,1,1,0,4,0.25,0.7152542943,-0.073484,0.730255,1.0800851942
210039,1.1708917351,,1.6739476509,0.9284754289,0.5482647803,1.1450731052,0.0734987519,1,0,1,1,1,1,1,6,0.1666666667,0.9233585754,-0.073484,0.730255,1.3650599393
210040,-0.474328355,,-0.51214234,-0.829475338,-1.006286482,-0.61698058,0.1493832307,1,0,1,1,1,1,1,6,0.1666666667,-0.548304978,-0.073484,0.730255,-0.650213094
210043,-0.474328355,,0.7465155333,0.465856806,0.7209926983,-1.684891905,0.5699633082,1,0,1,1,1,1,1,6,0.1666666667,0.0573513476,-0.073484,0.730255,0.1791631971
210044,-0.239296914,,-0.578387492,0.789689842,0.2719001114,0.5043263105,1.6567833861,1,0,1,1,1,1,1,6,0.1666666667,0.4008358741,-0.073484,0.730255,0.6495255311
210048,0.4657974106,,-0.180916584,1.2060466026,-0.108101308,-0.296607183,-0.198742175,1,0,1,1,1,1,1,6,0.1666666667,0.1479127938,-0.073484,0.730255,0.303176624
210049,1.3275793628,,-1.638309912,-0.968260925,-0.833558564,-1.097540676,-0.530147272,1,0,1,1,1,1,1,6,0.1666666667,-0.623372998,-0.073484,0.730255,-0.753010066
210051,0.309109783,,1.3427218946,0.8822135666,-0.868104147,1.35865537,-0.776664646,1,0,1,1,1,1,1,6,0.1666666667,0.3746553034,-0.073484,0.730255,0.6136742674
210056,0.0740783415,,1.9389282559,1.8537126745,0.8591750327,-0.350002749,0.2175506439,1,0,1,1,1,1,1,6,0.1666666667,0.7655736999,-0.073484,0.730255,1.1489918006
210057,0.5441412244,,-1.307084156,-0.736951613,-0.488102728,-0.083024918,-0.379235766,1,0,1,1,1,1,1,6,0.1666666667,-0.408376326,-0.073484,0.730255,-0.458596989
210058,,,,,,,,0,0,0,0,0,0,0,0,,,-0.073484,0.730255,
210060,,,0.5477800796,0.6046423929,-0.349920393,-0.243211617,,0,0,1,1,1,1,0,4,0.25,0.1398226156,-0.073484,0.730255,0.2920980606
210061,-0.395984542,,1.1439864408,-0.089285541,0.7900838655,-2.218847567,,1,0,1,1,1,1,0,5,0.2,-0.154009469,-0.073484,0.730255,-0.110270996
210062,0.7791726659,,1.8726831046,1.1597847403,1.0319029507,-0.830562845,-0.119427889,1,0,1,1,1,1,1,6,0.1666666667,0.6489254546,-0.073484,0.730255,0.9892555193
210063,0.6224850383,1.2415543763,1.2102315921,0.5583805306,1.3082676195,1.3052598038,1.7198060888,1,1,1,1,1,1,1,7,0.1428571429,1.1379978642,-0.073484,0.730255,1.6589836217
210064,,,,,,,,0,0,0,0,0,0,0,0,,,-0.073484,0.730255,
210065,,,1.1439864408,0.0495000455,-0.902649731,-0.883958411,,0,0,1,1,1,1,0,4,0.25,-0.148280414,-0.073484,0.730255,-0.102425719
21020F,0.3874535968,,2.3363991634,2.1775457105,1.6537234555,,,1,0,1,1,1,0,0,4,0.25,1.6387804816,-0.073484,0.730255,2.3447474993
220001,-0.082609286,,0.1503091721,0.8822135666,1.2046308687,1.1984686714,,1,0,1,1,1,1,0,5,0.2,0.6706025985,-0.073484,0.730255,1.0189398609
220002,1.0925479213,1.0008255125,1.3427218946,0.789689842,1.5846322883,1.4120509363,0.0276250839,1,1,1,1,1,1,1,7,0.1428571429,1.0357276398,-0.073484,0.730255,1.5189363773
220008,-0.317640728,,1.0114961383,-0.366856715,0.2719001114,-0.777167279,-0.185451673,1,0,1,1,1,1,1,6,0.1666666667,-0.060620024,-0.073484,0.730255,0.0176150472
220010,-0.317640728,,-0.445897189,0.3270712192,-0.591739479,-0.403398315,0.619695509,1,0,1,1,1,1,1,6,0.1666666667,-0.135318164,-0.073484,0.730255,-0.084675416
220011,,,-0.180916584,1.2060466026,-0.246283643,1.0382819727,,0,0,1,1,1,1,0,4,0.25,0.4542820871,-0.073484,0.730255,0.7227139387
220012,0.8575164798,-0.44354767,0.4152897771,-0.551904164,-0.349920393,1.0916775389,-2.140441636,1,1,1,1,1,1,1,7,0.1428571429,-0.16019001,-0.073484,0.730255,-0.118734532
220015,-0.004265472,,-0.048426282,-0.366856715,0.4791736131,0.1839529132,,1,0,1,1,1,1,0,5,0.2,0.0487156114,-0.073484,0.730255,0.1673375551
220016,,,0.9452509871,0.1882856323,0.9628117835,1.5188420687,,0,0,1,1,1,1,0,4,0.25,0.9037976179,-0.073484,0.730255,1.3382734703
220017,,,0.4152897771,0.7434279797,0.5137191967,0.6111174429,,0,0,1,1,1,1,0,4,0.25,0.5708885991,-0.073484,0.730255,0.882393071
220019,-0.082609286,,0.3490446258,0.0957619077,-0.004464557,0.6645130092,,1,0,1,1,1,1,0,5,0.2,0.2044491398,-0.073484,0.730255,0.3805966112
22001F,,,,,,,,0,0,0,0,0,0,0,0,,,-0.073484,0.730255,
220020,0.9358602936,,1.2764767434,-0.505642302,0.7209926983,0.0237662145,-0.621037156,1,0,1,1,1,1,1,6,0.1666666667,0.3050694153,-0.073484,0.730255,0.5183844415
220024,-0.787703611,,1.6077024996,0.5583805306,-0.108101308,1.1450731052,,1,0,1,1,1,1,0,5,0.2,0.4830702433,-0.073484,0.730255,0.7621359891
220029,-0.866047425,,0.3490446258,1.2985703271,-0.246283643,0.130557347,,1,0,1,1,1,1,0,5,0.2,0.1331682466,-0.073484,0.730255,0.2829856717
220030,,,1.8726831046,1.4836177763,-0.004464557,1.1984686714,,0,0,1,1,1,1,0,4,0.25,1.1375762487,-0.073484,0.730255,1.6584062681
220031,0.7008288521,0.5193677849,0.8790058358,1.8537126745,1.2046308687,-0.403398315,0.8949375169,1,1,1,1,1,1,1,7,0.1428571429,0.807012174,-0.073484,0.730255,1.2057369984
220033,1.0925479213,,1.2102315921,0.8822135666,1.0319029507,-1.04414511,0.8614968991,1,0,1,1,1,1,1,6,0.1666666667,0.6723746366,-0.073484,0.730255,1.0213664622
220035,0.7008288521,,2.1376637096,1.5761415008,2.1719072096,0.9314908403,0.7980454705,1,0,1,1,1,1,1,6,0.1666666667,1.3860129305,-0.073484,0.730255,1.9986115714
220036,0.1524221553,0.2786389211,0.1503091721,-0.598166027,0.6173559475,-0.456793881,-1.860054917,1,1,1,1,1,1,1,7,0.1428571429,-0.24518409,-0.073484,0.730255,-0.235124096
220046,-0.552672169,,0.5477800796,0.2345474946,0.2028089442,-0.61698058,-0.816964878,1,0,1,1,1,1,1,6,0.1666666667,-0.166913518,-0.073484,0.730255,-0.1279416
220049,-1.101078866,,0.5477800796,0.6046423929,1.4464499539,-0.350002749,,1,0,1,1,1,1,0,5,0.2,0.2295581623,-0.073484,0.730255,0.4149805135
220052,-1.17942268,,0.1503091721,0.7434279797,0.8246294491,1.5188420687,-0.833256461,1,0,1,1,1,1,1,6,0.1666666667,0.2040882548,-0.073484,0.730255,0.3801024209
220060,0.7791726659,,0.8127606846,1.113522878,0.5828103639,1.4654465025,0.1163713388,1,0,1,1,1,1,1,6,0.1666666667,0.8116807389,-0.073484,0.730255,1.2121300582
220062,,,,,,,,0,0,0,0,0,0,0,0,,,-0.073484,0.730255,
220063,1.4059231766,,-0.180916584,0.3733330814,-0.211738059,-1.578100772,0.3594589065,1,0,1,1,1,1,1,6,0.1666666667,0.0279932915,-0.073484,0.730255,0.1389607346
220065,,,0.6802703821,1.0672610157,0.6519015311,-1.150936242,,0,0,1,1,1,1,0,4,0.25,0.3121241716,-0.073484,0.730255,0.5280451144
220066,0.7791726659,,-0.644632643,-0.274332991,-1.973562823,0.2907440456,-1.463483488,1,0,1,1,1,1,1,6,0.1666666667,-0.547682539,-0.073484,0.730255,-0.649360737
220070,0.1524221553,,1.2764767434,0.5583805306,0.7555382819,-0.083024918,0.8053338102,1,0,1,1,1,1,1,6,0.1666666667,0.5775211006,-0.073484,0.730255,0.8914755147
220071,1.5626108043,1.8433765358,1.2102315921,2.1312838483,1.7919057899,0.8246997078,-0.072696769,1,1,1,1,1,1,1,7,0.1428571429,1.3273445012,-0.073484,0.730255,1.9182719427
220073,0.2307659691,,0.6140252308,0.0032381832,1.4809955375,0.4509307443,,1,0,1,1,1,1,0,5,0.2,0.555991133,-0.073484,0.730255,0.8619927141
220074,-0.004265472,0.6397322168,0.6802703821,0.9747372911,0.0300810262,0.8246997078,0.0001866283,1,1,1,1,1,1,1,7,0.1428571429,0.4493488257,-0.073484,0.730255,0.7159584077
220075,,,,,,,,0,0,0,0,0,0,0,0,,,-0.073484,0.730255,
220077,0.7008288521,-0.323183238,0.2165543233,-0.135547404,-0.453557144,-1.097540676,-0.199170901,1,1,1,1,1,1,1,7,0.1428571429,-0.184516598,-0.073484,0.730255,-0.152046982
220080,-1.17942268,,0.0178188695,0.8359517043,0.6173559475,0.1839529132,0.7135864743,1,0,1,1,1,1,1,6,0.1666666667,0.1982072048,-0.073484,0.730255,0.3720490031
220083,,,0.1503091721,1.6224033631,1.6882690391,1.35865537,,0,0,1,1,1,1,0,4,0.25,1.2049092361,-0.073484,0.730255,1.750611007
220084,-0.239296914,,1.4089670459,0.4195949437,1.7228146227,-1.364518507,0.7264482504,1,0,1,1,1,1,1,6,0.1666666667,0.4456682403,-0.073484,0.730255,0.7109182716
220086,1.0142041074,0.6397322168,1.4089670459,2.408855022,2.4137262948,1.1984686714,0.8953662427,1,1,1,1,1,1,1,7,0.1428571429,1.4256170859,-0.073484,0.730255,2.0528448818
220088,,,,,,,0.5622462425,0,0,0,0,0,0,1,1,1,0.5622462425,-0.073484,0.730255,0.8705583632
220090,0.0740783415,,1.8064379534,0.7434279797,0.7900838655,-0.350002749,0.1943994469,1,0,1,1,1,1,1,6,0.1666666667,0.5430708063,-0.073484,0.730255,0.844299821
220095,,,1.0777412896,-0.228071128,-0.280829226,0.130557347,-0.76380287,0,0,1,1,1,1,1,5,0.2,-0.012880918,-0.073484,0.730255,0.0829882324
220098,,,1.0777412896,0.7434279797,0.9628117835,0.130557347,,0,0,1,1,1,1,0,4,0.25,0.7286345999,-0.073484,0.730255,1.0984079753
22009F,,,,,,,,0,0,0,0,0,0,0,0,,,-0.073484,0.730255,
220100,2.0326736873,,2.4026443147,1.2060466026,0.2373545278,0.6645130092,-1.581383102,1,0,1,1,1,1,1,6,0.1666666667,0.8269748398,-0.073484,0.730255,1.2330735606
220101,-0.1609531,,1.5414573484,1.8999745368,1.1355397015,0.2907440456,0.5609600649,1,0,1,1,1,1,1,6,0.1666666667,0.8779537662,-0.073484,0.730255,1.3028833044
220105,0.1524221553,,1.8726831046,1.1597847403,1.3773587867,0.3441396118,0.2737137327,1,0,1,1,1,1,1,6,0.1666666667,0.8633503552,-0.073484,0.730255,1.282885622
220108,,,0.9452509871,1.2523084649,2.0337248752,1.2518642376,,0,0,1,1,1,1,0,4,0.25,1.3707871412,-0.073484,0.730255,1.9777616138
22010F,0.7791726659,,1.2764767434,3.1953066808,2.1028160424,,,1,0,1,1,1,0,0,4,0.25,1.8384430331,-0.073484,0.730255,2.6181622721
220110,2.3460489426,1.7230121039,1.8064379534,1.76118895,1.9991792916,0.0771617807,0.0233378252,1,1,1,1,1,1,1,7,0.1428571429,1.3909095496,-0.073484,0.730255,2.005316925
220111,-0.474328355,,1.5414573484,0.2808093569,1.1009941179,1.9460065985,0.3084405281,1,0,1,1,1,1,1,6,0.1666666667,0.7838965991,-0.073484,0.730255,1.1740828919
220116,0.8575164798,1.0008255125,1.2102315921,0.5121186683,1.5500867047,0.6645130092,0.4156219953,1,1,1,1,1,1,1,7,0.1428571429,0.8872734231,-0.073484,0.730255,1.3156454967
220119,0.4657974106,,2.4026443147,2.1775457105,2.2409983768,2.3731711282,,1,0,1,1,1,1,0,5,0.2,1.9320313882,-0.073484,0.730255,2.7463207006
220126,,,,,,,,0,0,0,0,0,0,0,0,,,-0.073484,0.730255,
220135,0.309109783,,1.4752121971,0.5583805306,1.3082676195,1.1984686714,0.2659966671,1,0,1,1,1,1,1,6,0.1666666667,0.8525725781,-0.073484,0.730255,1.2681267027
220163,1.7192984319,0.1582744892,1.9389282559,0.7434279797,1.0664485343,1.2518642376,-0.793384955,1,1,1,1,1,1,1,7,0.1428571429,0.8692652819,-0.073484,0.730255,1.29098543
220171,0.7791726659,0.7600966487,1.2102315921,1.3910940517,1.2046308687,0.130557347,0.4790734239,1,1,1,1,1,1,1,7,0.1428571429,0.8506937997,-0.073484,0.730255,1.265553933
220175,0.5441412244,,1.0777412896,0.0957619077,1.4119043703,-0.083024918,-0.661337388,1,0,1,1,1,1,1,6,0.1666666667,0.3975310811,-0.073484,0.730255,0.6449999993
220176,1.3275793628,0.2786389211,1.1439864408,0.9747372911,0.6519015311,0.6111174429,0.9511006057,1,1,1,1,1,1,1,7,0.1428571429,0.8484373708,-0.073484,0.730255,1.2624640145
220177,,,,0.1882856323,1.2737220359,,,0,0,0,1,1,0,0,2,0.5,0.7310038341,-0.073484,0.730255,1.1016523675
221300,,,0.2165543233,0.6971661174,0.6864471147,,,0,0,1,1,1,0,0,3,0.3333333333,0.5333891851,-0.073484,0.730255,0.8310419605
221302,,,-0.048426282,0.14202377,-0.108101308,,,0,0,1,1,1,0,0,3,0.3333333333,-0.004834607,-0.073484,0.730255,0.0940067247
221303,,,0.8790058358,0.4195949437,1.0319029507,,,0,0,1,1,1,0,0,3,0.3333333333,0.7768345768,-0.073484,0.730255,1.1644122691
230002,-0.631015983,,1.3427218946,-0.45938044,-0.453557144,0.0237662145,-1.794459859,1,0,1,1,1,1,1,6,0.1666666667,-0.32865422,-0.073484,0.730255,-0.349426784
230003,,,,-0.043023679,0.7900838655,,,0,0,0,1,1,0,0,2,0.5,0.3735300932,-0.073484,0.730255,0.6121334222
230005,-0.631015983,,-0.379652038,0.0032381832,0.0991721934,-0.883958411,,1,0,1,1,1,1,0,5,0.2,-0.358443211,-0.073484,0.730255,-0.390219363
230013,,,,,,,,0,0,0,0,0,0,0,0,,,-0.073484,0.730255,
230015,,,0.6140252308,-0.690689751,-0.833558564,,,0,0,1,1,1,0,0,3,0.3333333333,-0.303407695,-0.073484,0.730255,-0.314854589
230017,-0.552672169,0.1582744892,0.2165543233,-0.968260925,-0.384465977,-0.296607183,0.0970786747,1,1,1,1,1,1,1,7,0.1428571429,-0.247156967,-0.073484,0.730255,-0.237825722
230019,0.0740783415,0.6397322168,1.8064379534,0.5583805306,1.1009941179,-0.563585014,1.2747886368,1,1,1,1,1,1,1,7,0.1428571429,0.6986895404,-0.073484,0.730255,1.0574016796
230020,0.6224850383,0.399003353,1.5414573484,1.0672610157,1.0664485343,-0.563585014,0.3860399104,1,1,1,1,1,1,1,7,0.1428571429,0.6455871694,-0.073484,0.730255,0.9846841239
230021,-0.004265472,0.2786389211,0.0178188695,0.5121186683,0.6519015311,0.9848864065,-0.264765959,1,1,1,1,1,1,1,7,0.1428571429,0.3109047093,-0.073484,0.730255,0.5263752018
230022,,,-0.975858399,0.465856806,-0.626285062,-1.311122941,,0,0,1,1,1,1,0,4,0.25,-0.611852399,-0.073484,0.730255,-0.737233939
230024,-0.866047425,,0.2827994746,0.4195949437,-0.039010141,-0.296607183,-0.381379395,1,0,1,1,1,1,1,6,0.1666666667,-0.146774954,-0.073484,0.730255,-0.100364165
230029,-0.1609531,0.2786389211,0.2165543233,0.9284754289,-0.142646892,0.130557347,-1.282561172,1,1,1,1,1,1,1,7,0.1428571429,-0.004562163,-0.073484,0.730255,0.0943798043
230030,,,1.2764767434,-0.135547404,-0.937195315,-0.296607183,,0,0,1,1,1,1,0,4,0.25,-0.023218289,-0.073484,0.730255,0.0688323972
230031,0.6224850383,,0.4815349283,1.2985703271,-0.557193895,-0.18981605,,1,0,1,1,1,1,0,5,0.2,0.3311160697,-0.073484,0.730255,0.5540523223
230035,,,-0.710877794,0.14202377,1.6191778719,0.7179085754,,0,0,1,1,1,1,0,4,0.25,0.4420581058,-0.073484,0.730255,0.70597461
230036,,,0.7465155333,-0.181809266,1.1355397015,0.130557347,,0,0,1,1,1,1,0,4,0.25,0.457700829,-0.073484,0.730255,0.7273955102
230037,,,-0.313406887,-0.505642302,-0.349920393,-1.311122941,,0,0,1,1,1,1,0,4,0.25,-0.620023131,-0.073484,0.730255,-0.748422811
230038,1.1708917351,0.8804610806,-0.247161735,0.0032381832,1.5155411211,0.8246997078,2.3873322668,1,1,1,1,1,1,1,7,0.1428571429,0.9335717656,-0.073484,0.730255,1.3790457222
230041,-0.082609286,0.399003353,-0.313406887,0.465856806,0.0646266098,-1.204331809,-0.413105109,1,1,1,1,1,1,1,7,0.1428571429,-0.154852332,-0.073484,0.730255,-0.1114252
230046,1.7976422458,0.6397322168,0.9452509871,1.5761415008,1.4809955375,-0.830562845,-0.872270515,1,1,1,1,1,1,1,7,0.1428571429,0.6767041611,-0.073484,0.730255,1.0272952453
230047,0.4657974106,1.1211899444,0.1503091721,0.2345474946,0.7555382819,-1.311122941,-1.033042716,1,1,1,1,1,1,1,7,0.1428571429,0.0547452352,-0.073484,0.730255,0.1755944276
230053,-1.649485563,0.6397322168,0.4815349283,-0.274332991,0.3409912786,0.4509307443,-1.029184183,1,1,1,1,1,1,1,7,0.1428571429,-0.148544796,-0.073484,0.730255,-0.102787758
230054,-1.101078866,-0.44354767,0.0178188695,-0.921999063,-0.729921813,0.9314908403,-1.452336616,1,1,1,1,1,1,1,7,0.1428571429,-0.528510617,-0.073484,0.730255,-0.623107007
230055,,,-0.710877794,0.3733330814,0.2719001114,-1.845078603,,0,0,1,1,1,1,0,4,0.25,-0.477680801,-0.073484,0.730255,-0.553501453
230058,,,-0.909613248,0.0032381832,0.7900838655,,,0,0,1,1,1,0,0,3,0.3333333333,-0.038763733,-0.073484,0.730255,0.04754471
230059,0.3874535968,,0.4815349283,0.2808093569,-0.039010141,-0.510189448,0.2591370532,1,0,1,1,1,1,1,6,0.1666666667,0.1432892244,-0.073484,0.730255,0.2968451804
23005F,,,0.4152897771,0.0495000455,1.5500867047,,,0,0,1,1,1,0,0,3,0.3333333333,0.6716255091,-0.073484,0.730255,1.0203406187
230066,-1.17942268,0.1582744892,0.4152897771,-0.783213476,-0.211738059,-0.243211617,-1.688135844,1,1,1,1,1,1,1,7,0.1428571429,-0.504593916,-0.073484,0.730255,-0.59035585
230069,,,1.2102315921,1.2523084649,0.9282661999,0.7713041416,,0,0,1,1,1,1,0,4,0.25,1.0405275996,-0.073484,0.730255,1.5255093671
230070,-1.257766494,-0.44354767,0.7465155333,-0.320594853,-1.282651151,-0.18981605,-0.843974608,1,1,1,1,1,1,1,7,0.1428571429,-0.513119327,-0.073484,0.730255,-0.602030416
230071,,,,,,,,0,0,0,0,0,0,0,0,,,-0.073484,0.730255,
230072,1.1708917351,,-1.439574458,-0.829475338,-0.108101308,0.8246997078,,1,0,1,1,1,1,0,5,0.2,-0.076311932,-0.073484,0.730255,-0.003873206
230075,,,0.0840640208,-1.153308374,0.0300810262,1.0382819727,,0,0,1,1,1,1,0,4,0.25,-0.000220339,-0.073484,0.730255,0.1003254312
230077,-1.257766494,0.5193677849,0.2827994746,-0.551904164,0.5828103639,-0.350002749,0.8726437717,1,1,1,1,1,1,1,7,0.1428571429,0.0139925697,-0.073484,0.730255,0.1197883653
230078,,,,,,,,0,0,0,0,0,0,0,0,,,-0.073484,0.730255,
230080,,,-1.505819609,-1.060784649,-0.833558564,,,0,0,1,1,1,0,0,3,0.3333333333,-1.133387607,-0.073484,0.730255,-1.45141609
230081,,,0.0178188695,-1.153308374,0.0300810262,1.1450731052,,0,0,1,1,1,1,0,4,0.25,0.0099161567,-0.073484,0.730255,0.1142061892
230085,,,,0.0957619077,-0.349920393,,,0,0,0,1,1,0,0,2,0.5,-0.127079243,-0.073484,0.730255,-0.073393167
230089,0.6224850383,,1.0114961383,2.085021986,1.1700852851,1.839215466,0.4276263197,1,0,1,1,1,1,1,6,0.1666666667,1.1926550389,-0.073484,0.730255,1.7338303012
230092,-0.866047425,-0.44354767,0.3490446258,-0.598166027,-0.453557144,-0.456793881,-0.614606268,1,1,1,1,1,1,1,7,0.1428571429,-0.440524827,-0.073484,0.730255,-0.502620643
230093,,,0.8127606846,-0.181809266,0.133717777,-0.563585014,,0,0,1,1,1,1,0,4,0.25,0.0502710454,-0.073484,0.730255,0.1694675421
230095,,,1.0777412896,-0.089285541,-0.453557144,1.2518642376,,0,0,1,1,1,1,0,4,0.25,0.4466907104,-0.073484,0.730255,0.7123184262
230097,0.1524221553,1.1211899444,-1.240839004,-0.45938044,1.6191778719,0.8246997078,-1.836046269,1,1,1,1,1,1,1,7,0.1428571429,0.0258891381,-0.073484,0.730255,0.1360793399
230099,-1.101078866,,-0.710877794,-0.968260925,-0.79901298,-0.136420484,,1,0,1,1,1,1,0,5,0.2,-0.74313021,-0.073484,0.730255,-0.917003718
230100,,,-0.51214234,-1.430879548,0.2719001114,,,0,0,1,1,1,0,0,3,0.3333333333,-0.557040592,-0.073484,0.730255,-0.662175508
230104,-1.649485563,-0.44354767,1.1439864408,2.085021986,0.9973573671,0.7179085754,1.6516386756,1,1,1,1,1,1,1,7,0.1428571429,0.6432685445,-0.073484,0.730255,0.9815090353
230105,0.0740783415,1.2415543763,0.7465155333,-0.45938044,0.306445695,0.2373484794,-0.157155766,1,1,1,1,1,1,1,7,0.1428571429,0.2842008886,-0.073484,0.730255,0.4898074077
230108,,,,-0.8757372,0.3409912786,,,0,0,0,1,1,0,0,2,0.5,-0.267372961,-0.073484,0.730255,-0.265509188
230110,,,1.1439864408,0.0032381832,1.0319029507,1.0382819727,,0,0,1,1,1,1,0,4,0.25,0.8043523869,-0.073484,0.730255,1.2020947276
230117,-0.317640728,1.0008255125,-1.770800214,-2.124807482,-1.248105567,-0.937353977,0.0211941959,1,1,1,1,1,1,1,7,0.1428571429,-0.768098323,-0.073484,0.730255,-0.951194661
23011F,1.6409546181,,-1.042103551,1.7149270877,0.9628117835,,-1.078487658,1,0,1,1,1,0,1,5,0.2,0.4396204561,-0.073484,0.730255,0.7026365307
230121,,,0.5477800796,-1.523403272,-0.591739479,0.2907440456,,0,0,1,1,1,1,0,4,0.25,-0.319154656,-0.073484,0.730255,-0.336418231
23012F,,,,,,,,0,0,0,0,0,0,0,0,,,-0.073484,0.730255,
230130,0.7008288521,0.6397322168,0.1503091721,1.9924982614,1.1009941179,0.9848864065,0.17124825,1,1,1,1,1,1,1,7,0.1428571429,0.8200710395,-0.073484,0.730255,1.2236196045
230132,-0.395984542,,-0.777122945,-0.598166027,1.4809955375,-0.083024918,-0.748368739,1,0,1,1,1,1,1,6,0.1666666667,-0.186945272,-0.073484,0.730255,-0.15537277
230133,,,-0.843368097,-1.245832099,-0.31537481,-0.029629352,,0,0,1,1,1,1,0,4,0.25,-0.608551089,-0.073484,0.730255,-0.732713177
230141,-0.1609531,-0.804640966,0.2827994746,0.6046423929,-0.764467397,-1.578100772,-0.826825573,1,1,1,1,1,1,1,7,0.1428571429,-0.463935134,-0.073484,0.730255,-0.534678352
230142,1.0142041074,,0.0178188695,-0.043023679,-0.453557144,0.130557347,,1,0,1,1,1,1,0,5,0.2,0.1331999001,-0.073484,0.730255,0.2830290177
230144,,,,,,,,0,0,0,0,0,0,0,0,,,-0.073484,0.730255,
230146,-0.317640728,,1.3427218946,1.0672610157,-0.591739479,-0.61698058,-0.382236847,1,0,1,1,1,1,1,6,0.1666666667,0.0835642128,-0.073484,0.730255,0.2150586844
230151,0.4657974106,,1.4752121971,-0.043023679,0.7555382819,-0.296607183,0.3633174393,1,0,1,1,1,1,1,6,0.1666666667,0.4533724112,-0.073484,0.730255,0.7214682427
230156,1.0925479213,0.8804610806,0.6140252308,1.2060466026,0.8937206163,0.9314908403,-1.24226094,1,1,1,1,1,1,1,7,0.1428571429,0.625147336,-0.073484,0.730255,0.9566941359
230165,-0.239296914,-1.647191989,-0.710877794,0.3733330814,-0.142646892,-0.61698058,-0.034111441,1,1,1,1,1,1,1,7,0.1428571429,-0.431110361,-0.073484,0.730255,-0.489728621
230167,-0.082609286,0.7600966487,-1.373329307,-1.47714141,-2.560837744,0.1839529132,-0.097134144,1,1,1,1,1,1,1,7,0.1428571429,-0.663857476,-0.073484,0.730255,-0.808448876
230174,,,,,,,,0,0,0,0,0,0,0,0,,,-0.073484,0.730255,
230176,-0.239296914,,1.6739476509,0.14202377,1.3082676195,-1.150936242,1.4231277875,1,0,1,1,1,1,1,6,0.1666666667,0.5261889453,-0.073484,0.730255,0.8211820647
230180,,,,-1.754712584,-1.040832065,,,0,0,0,1,1,0,0,2,0.5,-1.397772325,-0.073484,0.730255,-1.813460383
230193,-1.336110308,,-1.240839004,-0.644427889,-0.729921813,0.130557347,,1,0,1,1,1,1,0,5,0.2,-0.764148333,-0.073484,0.730255,-0.945785607
230195,0.309109783,,1.0114961383,0.1882856323,0.5482647803,0.5577218767,-1.359303102,1,0,1,1,1,1,1,6,0.1666666667,0.209262518,-0.073484,0.730255,0.387187976
230197,-1.257766494,-1.04536983,1.6077024996,0.1882856323,0.4791736131,0.9314908403,-0.455977696,1,1,1,1,1,1,1,7,0.1428571429,0.0639340808,-0.073484,0.730255,0.1881774888
230207,,,-0.51214234,1.1597847403,0.3755368623,-0.510189448,,0,0,1,1,1,1,0,4,0.25,0.1282474536,-0.073484,0.730255,0.2762472149
230208,,,-0.51214234,-0.181809266,-0.142646892,,,0,0,1,1,1,0,0,3,0.3333333333,-0.278866166,-0.073484,0.730255,-0.281247803
230216,-1.492797935,0.1582744892,0.2165543233,-1.986021895,-1.144468816,-0.243211617,-0.122857696,1,1,1,1,1,1,1,7,0.1428571429,-0.65921845,-0.073484,0.730255,-0.802096267
230217,,,0.0840640208,-0.644427889,-0.660830646,0.1839529132,,0,0,1,1,1,1,0,4,0.25,-0.2593104,-0.073484,0.730255,-0.254468444
230222,-1.336110308,-0.202818807,1.0777412896,0.2808093569,-0.729921813,0.3441396118,-1.487063411,1,1,1,1,1,1,1,7,0.1428571429,-0.293317726,-0.073484,0.730255,-0.301037543
230227,0.5441412244,0.7600966487,0.2827994746,0.5583805306,-1.386287901,-0.563585014,0.2064037713,1,1,1,1,1,1,1,7,0.1428571429,0.0574212477,-0.073484,0.730255,0.1792589172
230230,-1.571141749,0.1582744892,-0.909613248,-0.274332991,-0.79901298,-0.18981605,-0.27505538,1,1,1,1,1,1,1,7,0.1428571429,-0.551528273,-0.073484,0.730255,-0.654627024
230236,0.2307659691,,0.0178188695,-0.135547404,-0.419011561,0.4509307443,-0.539150515,1,0,1,1,1,1,1,6,0.1666666667,-0.065698983,-0.073484,0.730255,0.0106600008
230239,,,-0.909613248,0.0495000455,-0.660830646,-3.393550024,,0,0,1,1,1,1,0,4,0.25,-1.228623468,-0.073484,0.730255,-1.581830586
230241,,,0.2827994746,-0.135547404,-0.246283643,,,0,0,1,1,1,0,0,3,0.3333333333,-0.033010524,-0.073484,0.730255,0.0554230646
230244,-0.866047425,,-0.975858399,1.8999745368,0.5828103639,0.3975351781,0.3560290995,1,0,1,1,1,1,1,6,0.1666666667,0.2324072258,-0.073484,0.730255,0.4188819765
230254,-0.552672169,0.0379100573,1.1439864408,1.0672610157,-1.075377649,-0.18981605,-0.098420322,1,1,1,1,1,1,1,7,0.1428571429,0.0475530462,-0.073484,0.730255,0.1657455565
230259,,,0.0840640208,0.789689842,0.5137191967,1.35865537,,0,0,1,1,1,1,0,4,0.25,0.6865321074,-0.073484,0.730255,1.0407534811
230264,,,,,,,,0,0,0,0,0,0,0,0,,,-0.073484,0.730255,
230269,0.9358602936,-0.323183238,-0.114671433,1.3910940517,0.5137191967,1.2518642376,1.83384717,1,1,1,1,1,1,1,7,0.1428571429,0.784075754,-0.073484,0.730255,1.1743282239
230270,0.2307659691,,0.4815349283,-0.690689751,0.0991721934,0.1839529132,,1,0,1,1,1,1,0,5,0.2,0.0609472506,-0.073484,0.730255,0.1840873703
230273,-1.101078866,,-0.247161735,-0.45938044,-0.729921813,-1.417914073,-0.863695998,1,0,1,1,1,1,1,6,0.1666666667,-0.803192154,-0.073484,0.730255,-0.999251604
230275,,,,,,,,0,0,0,0,0,0,0,0,,,-0.073484,0.730255,
230277,-0.082609286,,0.4152897771,1.2523084649,1.8609969572,-0.990749544,0.3928995243,1,0,1,1,1,1,1,6,0.1666666667,0.4746893156,-0.073484,0.730255,0.7506592779
230279,,,,,,,,0,0,0,0,0,0,0,0,,,-0.073484,0.730255,
230297,,,,,0.6519015311,,,0,0,0,0,1,0,0,1,1,0.6519015311,-0.073484,0.730255,0.9933309119
230301,,,,,,,,0,0,0,0,0,0,0,0,,,-0.073484,0.730255,
230302,1.5626108043,,-0.247161735,0.1882856323,0.2719001114,0.5577218767,-0.167445186,1,0,1,1,1,1,1,6,0.1666666667,0.3609852505,-0.073484,0.730255,0.5949547109
230303,,,,0.2345474946,0.0991721934,-0.723771713,,0,0,0,1,1,1,0,3,0.3333333333,-0.130017342,-0.073484,0.730255,-0.077416553
23037F,-0.552672169,,0.0178188695,2.408855022,2.137361626,,0.4623531151,1,0,1,1,1,0,1,5,0.2,0.8947432927,-0.073484,0.730255,1.3258746191
231300,,,,,,,,0,0,0,0,0,0,0,0,,,-0.073484,0.730255,
231301,,,0.6140252308,,1.3082676195,,,0,0,1,0,1,0,0,2,0.5,0.9611464252,-0.073484,0.730255,1.4168060293
231303,,,,,,,,0,0,0,0,0,0,0,0,,,-0.073484,0.730255,
231304,,,,,-0.488102728,,,0,0,0,0,1,0,0,1,1,-0.488102728,-0.073484,0.730255,-0.567773076
231305,,,,0.2808093569,0.5482647803,,,0,0,0,1,1,0,0,2,0.5,0.4145370686,-0.073484,0.730255,0.6682877324
231306,,,,,,,,0,0,0,0,0,0,0,0,,,-0.073484,0.730255,
231307,,,-0.909613248,,,,,0,0,1,0,0,0,0,1,1,-0.909613248,-0.073484,0.730255,-1.144982984
231308,,,,,,,,0,0,0,0,0,0,0,0,,,-0.073484,0.730255,
231310,,,,,-0.004464557,,,0,0,0,0,1,0,0,1,1,-0.004464557,-0.073484,0.730255,0.0945134644
231311,,,,,,,,0,0,0,0,0,0,0,0,,,-0.073484,0.730255,
231312,,,,,,,,0,0,0,0,0,0,0,0,,,-0.073484,0.730255,
231313,,,,,,,,0,0,0,0,0,0,0,0,,,-0.073484,0.730255,
231314,,,,,,,,0,0,0,0,0,0,0,0,,,-0.073484,0.730255,
231315,,,,-1.338355823,0.306445695,,,0,0,0,1,1,0,0,2,0.5,-0.515955064,-0.073484,0.730255,-0.605913629
231316,,,,,-0.971740898,,,0,0,0,0,1,0,0,1,1,-0.971740898,-0.073484,0.730255,-1.230059616
231318,,,,-0.783213476,-0.971740898,,,0,0,0,1,1,0,0,2,0.5,-0.877477187,-0.073484,0.730255,-1.100976365
231319,,,,-1.199570236,-0.557193895,,,0,0,0,1,1,0,0,2,0.5,-0.878382066,-0.073484,0.730255,-1.102215492
231320,,,,,0.5137191967,,,0,0,0,0,1,0,0,1,1,0.5137191967,-0.073484,0.730255,0.8041061861
231321,,,-0.51214234,,0.0646266098,,,0,0,1,0,1,0,0,2,0.5,-0.223757865,-0.073484,0.730255,-0.205783359
231322,,,,,-1.006286482,,,0,0,0,0,1,0,0,1,1,-1.006286482,-0.073484,0.730255,-1.277365798
231323,,,,,,,,0,0,0,0,0,0,0,0,,,-0.073484,0.730255,
231324,,,,,,,,0,0,0,0,0,0,0,0,,,-0.073484,0.730255,
231325,,,,-1.384617685,-1.075377649,,,0,0,0,1,1,0,0,2,0.5,-1.229997667,-0.073484,0.730255,-1.583712393
231326,,,0.0840640208,-0.043023679,-0.142646892,,,0,0,1,1,1,0,0,3,0.3333333333,-0.03386885,-0.073484,0.730255,0.0542476863
231327,,,,0.789689842,1.4119043703,,,0,0,0,1,1,0,0,2,0.5,1.1007971062,-0.073484,0.730255,1.608041486
231328,,,,,-0.522648311,,,0,0,0,0,1,0,0,1,1,-0.522648311,-0.073484,0.730255,-0.615079257
231329,,,,,,,,0,0,0,0,0,0,0,0,,,-0.073484,0.730255,
231330,,,,,,,,0,0,0,0,0,0,0,0,,,-0.073484,0.730255,
231331,,,-0.048426282,-0.366856715,0.306445695,,,0,0,1,1,1,0,0,3,0.3333333333,-0.036279101,-0.073484,0.730255,0.0509471269
231332,,,0.4152897771,-0.45938044,-0.039010141,,,0,0,1,1,1,0,0,3,0.3333333333,-0.027700268,-0.073484,0.730255,0.0626948461
231333,,,,-0.690689751,-0.004464557,,,0,0,0,1,1,0,0,2,0.5,-0.347577154,-0.073484,0.730255,-0.375339555
231337,,,-0.114671433,-1.060784649,0.306445695,,,0,0,1,1,1,0,0,3,0.3333333333,-0.289670129,-0.073484,0.730255,-0.296042581
231338,,,0.6802703821,-0.366856715,-1.144468816,,,0,0,1,1,1,0,0,3,0.3333333333,-0.277018383,-0.073484,0.730255,-0.278717478
231339,,,0.9452509871,1.0209991534,-1.455379069,,,0,0,1,1,1,0,0,3,0.3333333333,0.1702903573,-0.073484,0.730255,0.3338201091
231340,,,,,,,,0,0,0,0,0,0,0,0,,,-0.073484,0.730255,
240001,1.0142041074,-1.406463126,-0.843368097,0.789689842,0.4791736131,-0.403398315,-1.902927504,1,1,1,1,1,1,1,7,0.1428571429,-0.324727068,-0.073484,0.730255,-0.344049005
240002,1.4842669904,0.2786389211,0.5477800796,0.8822135666,0.9282661999,0.5043263105,-0.590168893,1,1,1,1,1,1,1,7,0.1428571429,0.5764747393,-0.073484,0.730255,0.8900426438
240004,0.2307659691,,-0.048426282,1.113522878,1.1355397015,0.1839529132,-0.977308353,1,0,1,1,1,1,1,6,0.1666666667,0.2730078045,-0.073484,0.730255,0.4744797735
240006,,,,0.2345474946,1.6882690391,,,0,0,0,1,1,0,0,2,0.5,0.9614082669,-0.073484,0.730255,1.4171645913
240010,3.1294870809,1.8433765358,1.8064379534,1.8074508123,2.2755439604,2.1595888634,1.7884022279,1,1,1,1,1,1,1,7,0.1428571429,2.1157553477,-0.073484,0.730255,2.997909415
240014,,,,-0.968260925,0.6173559475,,,0,0,0,1,1,0,0,2,0.5,-0.175452489,-0.073484,0.730255,-0.139634732
240018,,,,0.465856806,1.3082676195,,,0,0,0,1,1,0,0,2,0.5,0.8870622128,-0.073484,0.730255,1.3153562685
240019,,,,,,,,0,0,0,0,0,0,0,0,,,-0.073484,0.730255,
240020,,,,-0.043023679,-0.31537481,,,0,0,0,1,1,0,0,2,0.5,-0.179199244,-0.073484,0.730255,-0.144765481
240022,,,0.2827994746,-0.274332991,-0.868104147,,,0,0,1,1,1,0,0,3,0.3333333333,-0.286545888,-0.073484,0.730255,-0.291764294
24002F,,,,,,,,0,0,0,0,0,0,0,0,,,-0.073484,0.730255,
240030,,,0.8127606846,-0.320594853,0.4791736131,-0.243211617,,0,0,1,1,1,1,0,4,0.25,0.1820319571,-0.073484,0.730255,0.3498988721
240036,-0.474328355,0.6397322168,0.2165543233,1.1597847403,0.7555382819,1.35865537,-0.531433449,1,1,1,1,1,1,1,7,0.1428571429,0.4463575897,-0.073484,0.730255,0.7118622559
240038,-0.1609531,0.1582744892,-0.777122945,0.1882856323,-0.108101308,0.1839529132,0.3290193698,1,1,1,1,1,1,1,7,0.1428571429,-0.026663564,-0.073484,0.730255,0.0641144919
24003F,1.8759860596,,0.4152897771,2.0387601237,2.0682704588,,0.3693196015,1,0,1,1,1,0,1,5,0.2,1.3535252041,-0.073484,0.730255,1.9541233874
240040,,,,-0.45938044,-0.142646892,,,0,0,0,1,1,0,0,2,0.5,-0.301013666,-0.073484,0.730255,-0.311576243
240043,,,1.2102315921,1.3448321894,2.65554538,0.0237662145,,0,0,1,1,1,1,0,4,0.25,1.308593844,-0.073484,0.730255,1.8925950862
240044,,,0.0840640208,-2.864997278,-0.902649731,,,0,0,1,1,1,0,0,3,0.3333333333,-1.227860996,-0.073484,0.730255,-1.580786469
240047,-0.239296914,-0.925005398,-0.909613248,-0.181809266,-0.488102728,-0.937353977,0.8280562813,1,1,1,1,1,1,1,7,0.1428571429,-0.407589321,-0.073484,0.730255,-0.457519277
240050,,,-0.180916584,-0.366856715,0.0991721934,-0.937353977,,0,0,1,1,1,1,0,4,0.25,-0.346488771,-0.073484,0.730255,-0.37384914
240052,,,,0.7434279797,0.7900838655,-0.18981605,,0,0,0,1,1,1,0,3,0.3333333333,0.4478985983,-0.073484,0.730255,0.713972489
240053,-0.866047425,-0.44354767,-0.445897189,0.2808093569,0.5828103639,-0.510189448,-1.817611056,1,1,1,1,1,1,1,7,0.1428571429,-0.459953295,-0.073484,0.730255,-0.529225684
240056,0.9358602936,,0.2165543233,1.9462363991,1.2046308687,-0.18981605,,1,0,1,1,1,1,0,5,0.2,0.8226931669,-0.073484,0.730255,1.2272103046
240057,1.9543298734,0.5193677849,0.4152897771,0.7434279797,1.0664485343,1.4120509363,0.2634243118,1,1,1,1,1,1,1,7,0.1428571429,0.9106198854,-0.073484,0.730255,1.3476157766
240064,,,,0.465856806,-0.902649731,0.3975351781,,0,0,0,1,1,1,0,3,0.3333333333,-0.013085916,-0.073484,0.730255,0.0827075113
240066,,,-1.638309912,0.465856806,0.2719001114,0.6645130092,,0,0,1,1,1,1,0,4,0.25,-0.059009996,-0.073484,0.730255,0.0198197941
240069,,,,-1.523403272,1.4119043703,,,0,0,0,1,1,0,0,2,0.5,-0.055749451,-0.073484,0.730255,0.0242847339
240071,,,,0.465856806,,,,0,0,0,1,0,0,0,1,1,0.465856806,-0.073484,0.730255,0.7385641776
240075,0.3874535968,,0.6140252308,-0.921999063,0.2028089442,-0.61698058,,1,0,1,1,1,1,0,5,0.2,-0.066938374,-0.073484,0.730255,0.0089627976
240076,,,,1.7149270877,0.5828103639,,,0,0,0,1,1,0,0,2,0.5,1.1488687258,-0.073484,0.730255,1.6738700094
240078,0.309109783,0.2786389211,1.2102315921,1.4836177763,0.8937206163,-0.243211617,1.0835768992,1,1,1,1,1,1,1,7,0.1428571429,0.7165262816,-0.073484,0.730255,1.0818270338
240080,0.0740783415,-0.323183238,0.6802703821,1.3448321894,2.4137262948,-0.563585014,-0.617607349,1,1,1,1,1,1,1,7,0.1428571429,0.4297902295,-0.073484,0.730255,0.6891751722
240084,,,,0.5583805306,-0.211738059,,,0,0,0,1,1,0,0,2,0.5,0.1733212358,-0.073484,0.730255,0.3379705467
240088,,,,0.465856806,0.7209926983,-0.083024918,,0,0,0,1,1,1,0,3,0.3333333333,0.3679415288,-0.073484,0.730255,0.6044805296
240093,1.5626108043,,1.7401928021,2.0387601237,2.3791807112,1.3052598038,0.9682496405,1,0,1,1,1,1,1,6,0.1666666667,1.6657089809,-0.073484,0.730255,2.3816229648
240100,-0.239296914,,1.0777412896,1.1597847403,0.4791736131,0.1839529132,-0.159299395,1,0,1,1,1,1,1,6,0.1666666667,0.4170093745,-0.073484,0.730255,0.6716732695
240101,,,0.1503091721,1.0209991534,-0.349920393,,,0,0,1,1,1,0,0,3,0.3333333333,0.2737959774,-0.073484,0.730255,0.4755590851
240104,,,0.6140252308,0.6046423929,-0.108101308,-0.18981605,,0,0,1,1,1,1,0,4,0.25,0.2301875663,-0.073484,0.730255,0.4158424096
240106,0.9358602936,0.1582744892,1.0114961383,0.14202377,-0.004464557,0.7713041416,1.3305229998,1,1,1,1,1,1,1,7,0.1428571429,0.6207167536,-0.073484,0.730255,0.9506269658
240115,1.4059231766,0.8804610806,1.2764767434,0.14202377,0.4100824459,0.0237662145,0.4679265514,1,1,1,1,1,1,1,7,0.1428571429,0.6580942832,-0.073484,0.730255,1.0018111697
240141,,,,-0.043023679,,,,0,0,0,1,0,0,0,1,1,-0.043023679,-0.073484,0.730255,0.0417112066
240166,,,1.0114961383,0.14202377,1.1009941179,,,0,0,1,1,1,0,0,3,0.3333333333,0.7515046754,-0.073484,0.730255,1.1297258987
240187,,,,0.3733330814,0.9282661999,,,0,0,0,1,1,0,0,2,0.5,0.6507996407,-0.073484,0.730255,0.9918220005
240206,,,,,,,,0,0,0,0,0,0,0,0,,,-0.073484,0.730255,
240207,0.6224850383,,0.2165543233,0.8359517043,1.3082676195,0.130557347,-0.104422484,1,0,1,1,1,1,1,6,0.1666666667,0.5015655914,-0.073484,0.730255,0.7874632294
240210,1.3275793628,0.8804610806,0.6802703821,0.9284754289,1.2737220359,0.3441396118,0.3723206826,1,1,1,1,1,1,1,7,0.1428571429,0.8295669407,-0.073484,0.730255,1.2366231428
240213,,,0.8790058358,1.3910940517,0.7555382819,,,0,0,1,1,1,0,0,3,0.3333333333,1.0085460565,-0.073484,0.730255,1.4817143425
240214,,,,1.2523084649,1.7228146227,,,0,0,0,1,1,0,0,2,0.5,1.4875615438,-0.073484,0.730255,2.1376706529
241301,,,,,,,,0,0,0,0,0,0,0,0,,,-0.073484,0.730255,
241302,,,,,,,,0,0,0,0,0,0,0,0,,,-0.073484,0.730255,
241303,,,,,,,,0,0,0,0,0,0,0,0,,,-0.073484,0.730255,
241304,,,,,,,,0,0,0,0,0,0,0,0,,,-0.073484,0.730255,
241305,,,,,,,,0,0,0,0,0,0,0,0,,,-0.073484,0.730255,
241306,,,,,-0.764467397,,,0,0,0,0,1,0,0,1,1,-0.764467397,-0.073484,0.730255,-0.946222527
241308,,,,,,,,0,0,0,0,0,0,0,0,,,-0.073484,0.730255,
241309,,,,,,,,0,0,0,0,0,0,0,0,,,-0.073484,0.730255,
241311,,,,,,,,0,0,0,0,0,0,0,0,,,-0.073484,0.730255,
241312,,,,,,,,0,0,0,0,0,0,0,0,,,-0.073484,0.730255,
241313,,,,,,,,0,0,0,0,0,0,0,0,,,-0.073484,0.730255,
241314,,,,,,,,0,0,0,0,0,0,0,0,,,-0.073484,0.730255,
241315,,,,,,,,0,0,0,0,0,0,0,0,,,-0.073484,0.730255,
241316,,,,,,,,0,0,0,0,0,0,0,0,,,-0.073484,0.730255,
241317,,,,,,,,0,0,0,0,0,0,0,0,,,-0.073484,0.730255,
241318,,,,,,,,0,0,0,0,0,0,0,0,,,-0.073484,0.730255,
241319,,,,,,,,0,0,0,0,0,0,0,0,,,-0.073484,0.730255,
241320,,,,,-0.280829226,,,0,0,0,0,1,0,0,1,1,-0.280829226,-0.073484,0.730255,-0.283935987
241321,,,,,,,,0,0,0,0,0,0,0,0,,,-0.073484,0.730255,
241322,,,,,,,,0,0,0,0,0,0,0,0,,,-0.073484,0.730255,
241323,,,,,,,,0,0,0,0,0,0,0,0,,,-0.073484,0.730255,
241325,,,,,0.0300810262,,,0,0,0,0,1,0,0,1,1,0.0300810262,-0.073484,0.730255,0.1418196458
241326,,,,,,,,0,0,0,0,0,0,0,0,,,-0.073484,0.730255,
241327,,,,,-0.349920393,,,0,0,0,0,1,0,0,1,1,-0.349920393,-0.073484,0.730255,-0.37854835
241328,,,,,,,,0,0,0,0,0,0,0,0,,,-0.073484,0.730255,
241329,,,,,-1.248105567,,,0,0,0,0,1,0,0,1,1,-1.248105567,-0.073484,0.730255,-1.608509068
241330,,,,,0.5828103639,,,0,0,0,0,1,0,0,1,1,0.5828103639,-0.073484,0.730255,0.898718549
241332,,,,,,,,0,0,0,0,0,0,0,0,,,-0.073484,0.730255,
241333,,,,,,,,0,0,0,0,0,0,0,0,,,-0.073484,0.730255,
241334,,,,,,,,0,0,0,0,0,0,0,0,,,-0.073484,0.730255,
241335,,,,,,,,0,0,0,0,0,0,0,0,,,-0.073484,0.730255,
241336,,,,,,,,0,0,0,0,0,0,0,0,,,-0.073484,0.730255,
241337,,,,,,,,0,0,0,0,0,0,0,0,,,-0.073484,0.730255,
241338,,,,,,,,0,0,0,0,0,0,0,0,,,-0.073484,0.730255,
241339,,,,,,,,0,0,0,0,0,0,0,0,,,-0.073484,0.730255,
241340,,,,,,,,0,0,0,0,0,0,0,0,,,-0.073484,0.730255,
241341,,,,,,,,0,0,0,0,0,0,0,0,,,-0.073484,0.730255,
241342,,,,,-1.1790144,,,0,0,0,0,1,0,0,1,1,-1.1790144,-0.073484,0.730255,-1.513896705
241343,,,,,,,,0,0,0,0,0,0,0,0,,,-0.073484,0.730255,
241344,,,,,-1.040832065,,,0,0,0,0,1,0,0,1,1,-1.040832065,-0.073484,0.730255,-1.324671979
241345,,,,,0.7209926983,,,0,0,0,0,1,0,0,1,1,0.7209926983,-0.073484,0.730255,1.0879432748
241346,,,,,,,,0,0,0,0,0,0,0,0,,,-0.073484,0.730255,
241347,,,,,-0.488102728,,,0,0,0,0,1,0,0,1,1,-0.488102728,-0.073484,0.730255,-0.567773076
241348,,,,,,,,0,0,0,0,0,0,0,0,,,-0.073484,0.730255,
241349,,,,,-0.591739479,,,0,0,0,0,1,0,0,1,1,-0.591739479,-0.073484,0.730255,-0.70969162
241350,,,,,,,,0,0,0,0,0,0,0,0,,,-0.073484,0.730255,
241351,,,,,0.6519015311,,,0,0,0,0,1,0,0,1,1,0.6519015311,-0.073484,0.730255,0.9933309119
241353,,,,,0.0991721934,,,0,0,0,0,1,0,0,1,1,0.0991721934,-0.073484,0.730255,0.2364320087
241354,,,,-1.153308374,-0.039010141,,,0,0,0,1,1,0,0,2,0.5,-0.596159257,-0.073484,0.730255,-0.715743996
241355,,,,,,,,0,0,0,0,0,0,0,0,,,-0.073484,0.730255,
241356,,,,,,,,0,0,0,0,0,0,0,0,,,-0.073484,0.730255,
241357,,,,,,,,0,0,0,0,0,0,0,0,,,-0.073484,0.730255,
241358,,,,,,,,0,0,0,0,0,0,0,0,,,-0.073484,0.730255,
241359,,,,,0.9628117835,,,0,0,0,0,1,0,0,1,1,0.9628117835,-0.073484,0.730255,1.419086545
241360,,,,,,,,0,0,0,0,0,0,0,0,,,-0.073484,0.730255,
241361,,,,0.14202377,-0.591739479,,,0,0,0,1,1,0,0,2,0.5,-0.224857854,-0.073484,0.730255,-0.207289667
241362,,,,,,,,0,0,0,0,0,0,0,0,,,-0.073484,0.730255,
241363,,,,,-0.557193895,,,0,0,0,0,1,0,0,1,1,-0.557193895,-0.073484,0.730255,-0.662385439
241364,,,,,0.4446280295,,,0,0,0,0,1,0,0,1,1,0.4446280295,-0.073484,0.730255,0.7094938232
241365,,,,,,,,0,0,0,0,0,0,0,0,,,-0.073484,0.730255,
241366,,,,,0.8937206163,,,0,0,0,0,1,0,0,1,1,0.8937206163,-0.073484,0.730255,1.3244741821
241367,,,,-1.060784649,0.0300810262,,,0,0,0,1,1,0,0,2,0.5,-0.515351812,-0.073484,0.730255,-0.605087545
241368,,,,,,,,0,0,0,0,0,0,0,0,,,-0.073484,0.730255,
241369,,,,-1.060784649,-0.31537481,,,0,0,0,1,1,0,0,2,0.5,-0.68807973,-0.073484,0.730255,-0.841618452
241370,,,,0.5583805306,,,,0,0,0,1,0,0,0,1,1,0.5583805306,-0.073484,0.730255,0.8652647177
241371,,,,,-0.833558564,,,0,0,0,0,1,0,0,1,1,-0.833558564,-0.073484,0.730255,-1.04083489
241372,,,,,,,,0,0,0,0,0,0,0,0,,,-0.073484,0.730255,
241373,,,,-1.060784649,0.3755368623,,,0,0,0,1,1,0,0,2,0.5,-0.342623894,-0.073484,0.730255,-0.368556637
241374,,,,,,,,0,0,0,0,0,0,0,0,,,-0.073484,0.730255,
241375,,,,,,,,0,0,0,0,0,0,0,0,,,-0.073484,0.730255,
241376,,,,-0.598166027,-1.006286482,,,0,0,0,1,1,0,0,2,0.5,-0.802226254,-0.073484,0.730255,-0.997928916
241377,,,,-0.505642302,-0.419011561,,,0,0,0,1,1,0,0,2,0.5,-0.462326931,-0.073484,0.730255,-0.532476104
241378,,,,-0.181809266,0.5137191967,,,0,0,0,1,1,0,0,2,0.5,0.1659549653,-0.073484,0.730255,0.3278832913
241379,,,,,,,,0,0,0,0,0,0,0,0,,,-0.073484,0.730255,
241380,,,,-2.402378656,0.4100824459,,,0,0,0,1,1,0,0,2,0.5,-0.996148105,-0.073484,0.730255,-1.263482463
241381,,,,,-1.593561403,,,0,0,0,0,1,0,0,1,1,-1.593561403,-0.073484,0.730255,-2.081570882
250001,-0.552672169,0.399003353,-0.909613248,0.465856806,0.6864471147,1.2518642376,-2.801965651,1,1,1,1,1,1,1,7,0.1428571429,-0.208725651,-0.073484,0.730255,-0.18519848
250002,,,-2.234516273,-0.8757372,-0.729921813,,,0,0,1,1,1,0,0,3,0.3333333333,-1.280058429,-0.073484,0.730255,-1.652264816
250004,-2.119548446,-0.925005398,-3.294438693,-1.060784649,-0.211738059,-0.350002749,0.374035586,1,1,1,1,1,1,1,7,0.1428571429,-1.083926058,-0.073484,0.730255,-1.383684218
250006,,,0.4815349283,-0.551904164,-0.004464557,0.3975351781,,0,0,1,1,1,1,0,4,0.25,0.0806753462,-0.073484,0.730255,0.2111027156
250007,,,-0.51214234,-2.957521003,-0.073555725,-0.18981605,,0,0,1,1,1,1,0,4,0.25,-0.93325878,-0.073484,0.730255,-1.177362805
250009,-1.022735052,-0.684276534,-0.710877794,-1.662188859,-0.453557144,0.130557347,-0.437542484,1,1,1,1,1,1,1,7,0.1428571429,-0.691517217,-0.073484,0.730255,-0.846325694
250017,,,,,,,,0,0,0,0,0,0,0,0,,,-0.073484,0.730255,
250018,,,,,,,,0,0,0,0,0,0,0,0,,,-0.073484,0.730255,
250019,-2.19789226,-0.202818807,-0.313406887,-0.968260925,-0.626285062,-1.417914073,-1.064339704,1,1,1,1,1,1,1,7,0.1428571429,-0.970131103,-0.073484,0.730255,-1.227855187
250020,,,-1.837045366,-1.338355823,-0.211738059,-0.083024918,,0,0,1,1,1,1,0,4,0.25,-0.867541041,-0.073484,0.730255,-1.087369963
250025,,,0.2165543233,-1.292093961,-2.319018659,,,0,0,1,1,1,0,0,3,0.3333333333,-1.131519432,-0.073484,0.730255,-1.448857839
250027,,,,-0.320594853,-0.764467397,,,0,0,0,1,1,0,0,2,0.5,-0.542531125,-0.073484,0.730255,-0.642306471
250031,-0.631015983,0.6397322168,0.2827994746,-0.089285541,-1.420833485,-1.150936242,-0.677628971,1,1,1,1,1,1,1,7,0.1428571429,-0.43530979,-0.073484,0.730255,-0.495479253
250034,-0.631015983,-0.563912102,-0.114671433,0.0957619077,0.0991721934,-0.296607183,2.203408869,1,1,1,1,1,1,1,7,0.1428571429,0.1131623242,-0.073484,0.730255,0.2555898748
250036,,,,-1.292093961,-4.14993459,,,0,0,0,1,1,0,0,2,0.5,-2.721014275,-0.073484,0.730255,-3.625487198
250038,,,,0.6509042552,0.0646266098,,,0,0,0,1,1,0,0,2,0.5,0.3577654325,-0.073484,0.730255,0.5905455426
250040,-1.336110308,-1.286098694,-0.843368097,-1.47714141,-0.522648311,0.5577218767,-0.802816924,1,1,1,1,1,1,1,7,0.1428571429,-0.815780267,-0.073484,0.730255,-1.016489569
250042,,,,-0.089285541,-0.280829226,,,0,0,0,1,1,0,0,2,0.5,-0.185057384,-0.073484,0.730255,-0.152787525
250043,,,-0.51214234,0.2808093569,-1.1790144,,,0,0,1,1,1,0,0,3,0.3333333333,-0.470115794,-0.073484,0.730255,-0.543142051
250044,,,-0.777122945,0.4195949437,-0.246283643,,,0,0,1,1,1,0,0,3,0.3333333333,-0.201270548,-0.073484,0.730255,-0.174989579
250048,-2.432923701,-0.082454375,-4.420606264,-0.690689751,-1.731743737,0.5577218767,-0.268195766,1,1,1,1,1,1,1,7,0.1428571429,-1.29555596,-0.073484,0.730255,-1.673486893
250049,,,,,,,,0,0,0,0,0,0,0,0,,,-0.073484,0.730255,
250050,,,,-0.8757372,-1.869926072,-0.670376146,,0,0,0,1,1,1,0,3,0.3333333333,-1.138679806,-0.073484,0.730255,-1.458663144
250057,,,-1.837045366,-1.986021895,-2.111745157,,,0,0,1,1,1,0,0,3,0.3333333333,-1.978270806,-0.073484,0.730255,-2.608385917
250058,-0.866047425,,-1.638309912,-2.171069344,-1.248105567,-0.61698058,,1,0,1,1,1,1,0,5,0.2,-1.308102566,-0.073484,0.730255,-1.690668018
250061,,,0.5477800796,-0.366856715,0.6173559475,,,0,0,1,1,1,0,0,3,0.3333333333,0.266093104,-0.073484,0.730255,0.4650108909
250067,,,,-0.274332991,-0.349920393,,,0,0,0,1,1,0,0,2,0.5,-0.312126692,-0.073484,0.730255,-0.326794247
250069,-2.354579887,,-1.837045366,-1.662188859,-1.697198154,,-0.557585727,1,0,1,1,1,0,1,5,0.2,-1.621719599,-0.073484,0.730255,-2.120130275
250072,-0.004265472,,,-0.089285541,-1.351742318,-0.243211617,-2.086850902,1,0,0,1,1,1,1,5,0.2,-0.75507117,-0.073484,0.730255,-0.933355482
250077,,,0.0840640208,-0.366856715,-1.040832065,-1.097540676,,0,0,1,1,1,1,0,4,0.25,-0.605291359,-0.073484,0.730255,-0.728249353
250078,-0.944391238,-1.887920853,-0.445897189,-1.153308374,-1.109923233,-1.311122941,-0.317927967,1,1,1,1,1,1,1,7,0.1428571429,-1.024355971,-0.073484,0.730255,-1.302109873
250081,,,,,,,,0,0,0,0,0,0,0,0,,,-0.073484,0.730255,
250082,-3.373049467,,-1.837045366,-1.384617685,-3.942661088,-0.563585014,,1,0,1,1,1,1,0,5,0.2,-2.220191724,-0.073484,0.730255,-2.939668635
250084,,,-0.909613248,-0.45938044,-1.351742318,0.6111174429,,0,0,1,1,1,1,0,4,0.25,-0.527404641,-0.073484,0.730255,-0.6215925
250085,,,,-0.320594853,-0.488102728,,,0,0,0,1,1,0,0,2,0.5,-0.40434879,-0.073484,0.730255,-0.453081745
250093,,,-1.108348702,-1.292093961,-1.213559983,-0.029629352,,0,0,1,1,1,1,0,4,0.25,-0.910907999,-0.073484,0.730255,-1.146755997
250094,-1.022735052,-1.165734262,0.0178188695,-3.790234524,-1.075377649,0.7179085754,-0.395527349,1,1,1,1,1,1,1,7,0.1428571429,-0.959125913,-0.073484,0.730255,-1.212784853
250095,,,,-1.107046512,-0.246283643,,,0,0,0,1,1,0,0,2,0.5,-0.676665077,-0.073484,0.730255,-0.825987406
250096,,,-2.499496878,-0.8757372,-0.729921813,,,0,0,1,1,1,0,0,3,0.3333333333,-1.368385297,-0.073484,0.730255,-1.773218247
250097,-3.529737095,,-2.035780819,-1.292093961,-0.108101308,-0.243211617,-0.221464646,1,0,1,1,1,1,1,6,0.1666666667,-1.238398241,-0.073484,0.730255,-1.595216007
250099,-1.336110308,,0.4815349283,-0.505642302,-1.524470236,-2.272243133,,1,0,1,1,1,1,0,5,0.2,-1.03138621,-0.073484,0.730255,-1.311736973
250100,-1.257766494,-0.804640966,-1.240839004,-1.800974446,-1.593561403,-0.243211617,0.1318054701,1,1,1,1,1,1,1,7,0.1428571429,-0.972741209,-0.073484,0.730255,-1.231429425
250102,-1.884517004,-0.684276534,0.3490446258,0.0032381832,0.4791736131,0.9848864065,1.0424192158,1,1,1,1,1,1,1,7,0.1428571429,0.0414240723,-0.073484,0.730255,0.1573526355
250104,-1.022735052,-5.017396082,0.5477800796,-0.45938044,-1.939017239,-0.456793881,-1.788028971,1,1,1,1,1,1,1,7,0.1428571429,-1.447938798,-0.073484,0.730255,-1.882157566
250117,,,-1.174593853,0.3270712192,-1.939017239,,,0,0,1,1,1,0,0,3,0.3333333333,-0.928846624,-0.073484,0.730255,-1.171320869
250123,-1.806173191,,-2.102025971,0.14202377,-0.695376229,,,1,0,1,1,1,0,0,4,0.25,-1.115387905,-0.073484,0.730255,-1.426767579
250124,,,-0.909613248,0.8359517043,-0.902649731,,,0,0,1,1,1,0,0,3,0.3333333333,-0.325437092,-0.073484,0.730255,-0.3450213
250127,,,,,,,,0,0,0,0,0,0,0,0,,,-0.073484,0.730255,
250134,,,,,-1.075377649,,,0,0,0,0,1,0,0,1,1,-1.075377649,-0.073484,0.730255,-1.371978161
250136,,,,,,,,0,0,0,0,0,0,0,0,,,-0.073484,0.730255,
250138,-0.866047425,,,-0.968260925,-0.039010141,,,1,0,0,1,1,0,0,3,0.3333333333,-0.624439497,-0.073484,0.730255,-0.754470513
250141,-0.239296914,0.2786389211,-0.644632643,0.2345474946,-0.31537481,0.8246997078,0.4349146594,1,1,1,1,1,1,1,7,0.1428571429,0.0819280595,-0.073484,0.730255,0.2128181616
250151,,,,,,,,0,0,0,0,0,0,0,0,,,-0.073484,0.730255,
250162,,,,-0.968260925,0.7900838655,,,0,0,0,1,1,0,0,2,0.5,-0.08908853,-0.073484,0.730255,-0.021369279
250167,1.2492355489,,0.4152897771,-0.644427889,-1.040832065,-1.898474169,,1,0,1,1,1,1,0,5,0.2,-0.38384176,-0.073484,0.730255,-0.424999738
250168,,,-1.505819609,0.9284754289,-2.42265541,-0.296607183,,0,0,1,1,1,1,0,4,0.25,-0.824151693,-0.073484,0.730255,-1.027953269
250172,,,,,,,,0,0,0,0,0,0,0,0,,,-0.073484,0.730255,
25042F,,,0.2827994746,-0.690689751,0.6173559475,,,0,0,1,1,1,0,0,3,0.3333333333,0.0698218903,-0.073484,0.730255,0.1962401631
25043F,1.3275793628,,0.2827994746,1.3910940517,1.4464499539,,,1,0,1,1,1,0,0,4,0.25,1.1119807107,-0.073484,0.730255,1.623356139
251300,,,,,,,,0,0,0,0,0,0,0,0,,,-0.073484,0.730255,
251302,,,,,0.6519015311,,,0,0,0,0,1,0,0,1,1,0.6519015311,-0.073484,0.730255,0.9933309119
251304,,,,,,,,0,0,0,0,0,0,0,0,,,-0.073484,0.730255,
251305,,,,,-0.142646892,,,0,0,0,0,1,0,0,1,1,-0.142646892,-0.073484,0.730255,-0.094711261
251308,,,,,0.3755368623,,,0,0,0,0,1,0,0,1,1,0.3755368623,-0.073484,0.730255,0.6148814603
251309,,,,,-0.177192475,,,0,0,0,0,1,0,0,1,1,-0.177192475,-0.073484,0.730255,-0.142017443
251312,,,0.5477800796,,-1.040832065,,,0,0,1,0,1,0,0,2,0.5,-0.246525993,-0.073484,0.730255,-0.236961677
251313,,,,,-2.146290741,,,0,0,0,0,1,0,0,1,1,-2.146290741,-0.073484,0.730255,-2.838469785
251315,,,0.2165543233,-1.708450721,-0.626285062,,,0,0,1,1,1,0,0,3,0.3333333333,-0.706060487,-0.073484,0.730255,-0.866241019
251316,,,,,,,,0,0,0,0,0,0,0,0,,,-0.073484,0.730255,
251317,,,,,-1.006286482,,,0,0,0,0,1,0,0,1,1,-1.006286482,-0.073484,0.730255,-1.277365798
251318,,,,-0.228071128,-1.455379069,,,0,0,0,1,1,0,0,2,0.5,-0.841725098,-0.073484,0.730255,-1.052018015
251319,,,,,-1.006286482,,,0,0,0,0,1,0,0,1,1,-1.006286482,-0.073484,0.730255,-1.277365798
251320,,,0.6140252308,0.789689842,0.2719001114,,,0,0,1,1,1,0,0,3,0.3333333333,0.5585383948,-0.073484,0.730255,0.8654808945
251322,,,,,,,,0,0,0,0,0,0,0,0,,,-0.073484,0.730255,
251323,,,,,,,,0,0,0,0,0,0,0,0,,,-0.073484,0.730255,
251324,,,,,,,,0,0,0,0,0,0,0,0,,,-0.073484,0.730255,
251325,,,,,-1.075377649,,,0,0,0,0,1,0,0,1,1,-1.075377649,-0.073484,0.730255,-1.371978161
251326,,,,,,,,0,0,0,0,0,0,0,0,,,-0.073484,0.730255,
251327,,,,,-0.626285062,,,0,0,0,0,1,0,0,1,1,-0.626285062,-0.073484,0.730255,-0.756997802
251330,,,,,,,,0,0,0,0,0,0,0,0,,,-0.073484,0.730255,
251331,,,,,-0.177192475,,,0,0,0,0,1,0,0,1,1,-0.177192475,-0.073484,0.730255,-0.142017443
251333,,,,,,,,0,0,0,0,0,0,0,0,,,-0.073484,0.730255,
251334,,,,,-1.386287901,,,0,0,0,0,1,0,0,1,1,-1.386287901,-0.073484,0.730255,-1.797733794
251335,,,,,,,,0,0,0,0,0,0,0,0,,,-0.073484,0.730255,
251336,,,,,-1.213559983,,,0,0,0,0,1,0,0,1,1,-1.213559983,-0.073484,0.730255,-1.561202886
251337,,,-0.777122945,0.2345474946,-1.697198154,,,0,0,1,1,1,0,0,3,0.3333333333,-0.746591202,-0.073484,0.730255,-0.921743146
251338,,,,,,,,0,0,0,0,0,0,0,0,,,-0.073484,0.730255,
260001,-0.552672169,-0.44354767,-1.837045366,-1.615926997,-1.973562823,-1.097540676,-1.829186655,1,1,1,1,1,1,1,7,0.1428571429,-1.335640336,-0.073484,0.730255,-1.728377811
260005,0.4657974106,,0.3490446258,0.9284754289,-0.695376229,0.5043263105,-1.489635766,1,0,1,1,1,1,1,6,0.1666666667,0.01043863,-0.073484,0.730255,0.1149216559
260006,0.6224850383,-1.526827557,1.4752121971,0.8822135666,1.1700852851,-1.204331809,0.4010453158,1,1,1,1,1,1,1,7,0.1428571429,0.2599831481,-0.073484,0.730255,0.4566440129
260009,-0.866047425,,0.7465155333,-0.089285541,-0.522648311,-1.04414511,,1,0,1,1,1,1,0,5,0.2,-0.355122171,-0.073484,0.730255,-0.385671583
260011,-0.709359797,,0.4152897771,-0.366856715,-0.79901298,0.3441396118,0.6368445437,1,0,1,1,1,1,1,6,0.1666666667,-0.079825927,-0.073484,0.730255,-0.008685215
260017,-1.101078866,,-1.638309912,-2.032283757,-0.937195315,0.8246997078,0.1626737326,1,0,1,1,1,1,1,6,0.1666666667,-0.786915735,-0.073484,0.730255,-0.976962931
260020,-0.474328355,-0.44354767,0.2165543233,0.465856806,2.0337248752,1.0916775389,-0.276770283,1,1,1,1,1,1,1,7,0.1428571429,0.3733096049,-0.073484,0.730255,0.611831489
260022,-0.239296914,,-1.837045366,0.6509042552,-0.177192475,,,1,0,1,1,1,0,0,4,0.25,-0.400657625,-0.073484,0.730255,-0.448027121
260023,0.4657974106,,0.2165543233,0.0495000455,-0.108101308,-0.883958411,-0.315784337,1,0,1,1,1,1,1,6,0.1666666667,-0.095998713,-0.073484,0.730255,-0.030831975
260024,,,0.0178188695,-1.199570236,-2.837202413,,,0,0,1,1,1,0,0,3,0.3333333333,-1.33965126,-0.073484,0.730255,-1.733870306
260025,-0.631015983,,0.5477800796,-0.366856715,-0.695376229,-1.097540676,-0.642902175,1,0,1,1,1,1,1,6,0.1666666667,-0.480985283,-0.073484,0.730255,-0.558026559
260027,0.6224850383,-0.202818807,-0.644632643,0.8359517043,0.6864471147,0.0771617807,0.7778953546,1,1,1,1,1,1,1,7,0.1428571429,0.3074985062,-0.073484,0.730255,0.5217108005
260032,0.4657974106,1.2415543763,0.2165543233,1.8074508123,0.2028089442,1.35865537,0.5845399877,1,1,1,1,1,1,1,7,0.1428571429,0.8396230321,-0.073484,0.730255,1.250393797
260034,,,,-0.690689751,-0.384465977,,,0,0,0,1,1,0,0,2,0.5,-0.537577864,-0.073484,0.730255,-0.635523553
260040,-0.709359797,0.8804610806,0.8790058358,-2.309854931,0.3409912786,-0.777167279,-0.970448739,1,1,1,1,1,1,1,7,0.1428571429,-0.380910364,-0.073484,0.730255,-0.420985531
260048,,,,0.5121186683,-0.384465977,,-0.222322098,0,0,0,1,1,0,1,3,0.3333333333,-0.031556469,-0.073484,0.730255,0.0574142249
26004F,1.5626108043,,1.0777412896,1.8999745368,2.2409983768,,-0.349653681,1,0,1,1,1,0,1,5,0.2,1.2863342653,-0.073484,0.730255,1.8621131676
260050,,,,0.0032381832,-0.177192475,,,0,0,0,1,1,0,0,2,0.5,-0.086977146,-0.073484,0.730255,-0.018477983
260052,0.4657974106,,0.7465155333,-1.014522787,-0.419011561,0.2907440456,0.17124825,1,0,1,1,1,1,1,6,0.1666666667,0.040128482,-0.073484,0.730255,0.1555784745
260057,,,-1.108348702,-1.338355823,-2.595383328,,,0,0,1,1,1,0,0,3,0.3333333333,-1.680695951,-0.073484,0.730255,-2.200891568
260059,,,,0.14202377,1.1009941179,,,0,0,0,1,1,0,0,2,0.5,0.621508944,-0.073484,0.730255,0.9517117789
260061,,,0.6802703821,,-0.349920393,,,0,0,1,0,1,0,0,2,0.5,0.1651749943,-0.073484,0.730255,0.3268152112
260062,1.0925479213,,-0.445897189,0.0495000455,0.6173559475,0.5043263105,-0.624895689,1,0,1,1,1,1,1,6,0.1666666667,0.1988228911,-0.073484,0.730255,0.3728921143
260065,0.3874535968,0.5193677849,-0.710877794,0.9284754289,-0.211738059,-0.136420484,-0.800673295,1,1,1,1,1,1,1,7,0.1428571429,-0.003487546,-0.073484,0.730255,0.0958513685
260068,1.4842669904,0.399003353,0.0840640208,-0.274332991,0.4791736131,-0.563585014,1.5650360501,1,1,1,1,1,1,1,7,0.1428571429,0.4533751461,-0.073484,0.730255,0.7214719879
260070,,,-1.770800214,,-0.522648311,,,0,0,1,0,1,0,0,2,0.5,-1.146724263,-0.073484,0.730255,-1.469679097
260074,,,-0.180916584,-0.505642302,-2.008108406,,,0,0,1,1,1,0,0,3,0.3333333333,-0.898222431,-0.073484,0.730255,-1.129384578
260077,0.7008288521,0.5193677849,0.8127606846,-0.043023679,-0.073555725,0.8780952741,-0.084272368,1,1,1,1,1,1,1,7,0.1428571429,0.3871715463,-0.073484,0.730255,0.6308138145
260078,-2.19789226,,0.2827994746,-0.320594853,-1.386287901,0.0771617807,-0.128002407,1,0,1,1,1,1,1,6,0.1666666667,-0.612136028,-0.073484,0.730255,-0.737622335
26007F,,,1.4752121971,0.3733330814,1.0319029507,,,0,0,1,1,1,0,0,3,0.3333333333,0.9601494098,-0.073484,0.730255,1.415440732
260081,0.309109783,,-0.247161735,-0.089285541,0.1682633606,0.4509307443,-1.108498469,1,0,1,1,1,1,1,6,0.1666666667,-0.086106976,-0.073484,0.730255,-0.017286386
260085,0.7008288521,-0.323183238,0.0178188695,1.2060466026,-0.177192475,-0.083024918,-1.38759901,1,1,1,1,1,1,1,7,0.1428571429,-0.006615045,-0.073484,0.730255,0.0915686199
260091,-1.022735052,,0.0840640208,1.1597847403,1.4119043703,0.2907440456,1.3090867063,1,0,1,1,1,1,1,6,0.1666666667,0.5388081385,-0.073484,0.730255,0.8384625904
260094,-1.101078866,,0.9452509871,-0.089285541,-0.419011561,-1.04414511,0.0816445434,1,0,1,1,1,1,1,6,0.1666666667,-0.271104258,-0.073484,0.730255,-0.270618768
260095,0.3874535968,-1.286098694,-0.843368097,0.5121186683,0.0646266098,1.0382819727,0.8010465516,1,1,1,1,1,1,1,7,0.1428571429,0.0962943727,-0.073484,0.730255,0.2324911661
260096,-0.1609531,-0.563912102,0.0840640208,0.1882856323,0.0646266098,0.1839529132,0.7011534241,1,1,1,1,1,1,1,7,0.1428571429,0.0710310569,-0.073484,0.730255,0.1978959768
260097,,,0.3490446258,-0.783213476,0.133717777,,,0,0,1,1,1,0,0,3,0.3333333333,-0.100150358,-0.073484,0.730255,-0.036517173
26009F,-0.004265472,,2.1376637096,1.8074508123,1.964633708,,-0.212032677,1,0,1,1,1,0,1,5,0.2,1.1386900161,-0.073484,0.730255,1.6599314437
260102,,,,,,,,0,0,0,0,0,0,0,0,,,-0.073484,0.730255,
260104,1.0142041074,0.8804610806,-0.313406887,0.0032381832,0.0646266098,2.3731711282,-1.571951133,1,1,1,1,1,1,1,7,0.1428571429,0.3500490127,-0.073484,0.730255,0.5799787982
260105,-0.787703611,-0.925005398,-0.710877794,-0.135547404,-0.626285062,-0.243211617,-0.493276847,1,1,1,1,1,1,1,7,0.1428571429,-0.560272533,-0.073484,0.730255,-0.666601278
260108,1.4842669904,0.2786389211,0.6802703821,0.8822135666,1.0319029507,1.5188420687,0.7101566673,1,1,1,1,1,1,1,7,0.1428571429,0.9408987924,-0.073484,0.730255,1.389079238
260110,-1.257766494,-2.008285285,-1.505819609,-1.523403272,-2.90629358,-0.937353977,-1.622540786,1,1,1,1,1,1,1,7,0.1428571429,-1.680209,-0.073484,0.730255,-2.200224746
260113,,,-1.108348702,-1.199570236,-0.764467397,-0.937353977,,0,0,1,1,1,1,0,4,0.25,-1.002435078,-0.073484,0.730255,-1.272091746
260119,-1.257766494,,-0.644632643,-1.754712584,-1.213559983,-1.417914073,-0.747082561,1,0,1,1,1,1,1,6,0.1666666667,-1.17261139,-0.073484,0.730255,-1.505128523
260137,-0.709359797,-0.323183238,-1.307084156,-2.309854931,-0.488102728,-0.456793881,-1.492208122,1,1,1,1,1,1,1,7,0.1428571429,-1.01236955,-0.073484,0.730255,-1.285695857
260138,1.4059231766,0.7600966487,1.3427218946,1.1597847403,0.2028089442,1.0916775389,-0.684488585,1,1,1,1,1,1,1,7,0.1428571429,0.7540749084,-0.073484,0.730255,1.1332455355
260141,1.4059231766,-0.082454375,0.9452509871,-0.8757372,0.1682633606,-1.150936242,0.8567809145,1,1,1,1,1,1,1,7,0.1428571429,0.181012946,-0.073484,0.730255,0.3485034542
260142,,,0.2827994746,-0.135547404,-1.593561403,,,0,0,1,1,1,0,0,3,0.3333333333,-0.482103111,-0.073484,0.730255,-0.559557294
260160,,,-0.313406887,-0.274332991,-0.280829226,,,0,0,1,1,1,0,0,3,0.3333333333,-0.289523034,-0.073484,0.730255,-0.295841152
260162,,,,0.4195949437,0.0991721934,,,0,0,0,1,1,0,0,2,0.5,0.2593835686,-0.073484,0.730255,0.4558229581
260163,,,0.4152897771,0.1882856323,0.9628117835,-0.937353977,,0,0,1,1,1,1,0,4,0.25,0.1572583039,-0.073484,0.730255,0.3159742191
260175,,,0.0178188695,0.14202377,0.2028089442,,,0,0,1,1,1,0,0,3,0.3333333333,0.1208838613,-0.073484,0.730255,0.2661636268
260176,,,,0.7434279797,0.2719001114,,,0,0,0,1,1,0,0,2,0.5,0.5076640456,-0.073484,0.730255,0.795814357
260177,-0.631015983,-0.684276534,0.2827994746,-0.968260925,-1.075377649,0.6645130092,-1.986957775,1,1,1,1,1,1,1,7,0.1428571429,-0.628368055,-0.073484,0.730255,-0.759850219
260179,0.1524221553,1.1211899444,1.4752121971,1.0672610157,0.6519015311,0.9314908403,0.8220541191,1,1,1,1,1,1,1,7,0.1428571429,0.8887902576,-0.073484,0.730255,1.317722626
260180,1.0142041074,0.7600966487,0.6140252308,0.789689842,0.5828103639,1.5188420687,0.9532442351,1,1,1,1,1,1,1,7,0.1428571429,0.8904160709,-0.073484,0.730255,1.3199489894
260183,-1.17942268,-1.165734262,-2.565742029,-1.615926997,-1.109923233,-1.524705206,-1.456195149,1,1,1,1,1,1,1,7,0.1428571429,-1.516807079,-0.073484,0.730255,-1.976464713
260186,-0.239296914,0.0379100573,-2.433251727,-3.235092177,-0.764467397,0.7179085754,,1,1,1,1,1,1,0,6,0.1666666667,-0.986048264,-0.073484,0.730255,-1.249651898
260190,-0.317640728,,0.0840640208,0.2808093569,-0.177192475,1.0916775389,-0.015247503,1,0,1,1,1,1,1,6,0.1666666667,0.1577450351,-0.073484,0.730255,0.3166407413
260191,1.0142041074,,-1.240839004,0.3733330814,0.7209926983,-0.136420484,0.7598888681,1,0,1,1,1,1,1,6,0.1666666667,0.2485265445,-0.073484,0.730255,0.4409555192
260193,0.0740783415,,1.0777412896,0.1882856323,1.964633708,0.3441396118,,1,0,1,1,1,1,0,5,0.2,0.7297757166,-0.073484,0.730255,1.0999706027
260195,-1.806173191,,-1.704555063,-2.263593069,-0.79901298,,,1,0,1,1,1,0,0,4,0.25,-1.643333576,-0.073484,0.730255,-2.149728116
260200,-0.395984542,,0.0840640208,0.1882856323,-0.246283643,0.1839529132,-0.473126731,1,0,1,1,1,1,1,6,0.1666666667,-0.109848725,-0.073484,0.730255,-0.049797965
260210,,,,,,,,0,0,0,0,0,0,0,0,,,-0.073484,0.730255,
260214,,,0.2165543233,-1.430879548,0.5828103639,0.8246997078,,0,0,1,1,1,1,0,4,0.25,0.0482962118,-0.073484,0.730255,0.1667632359
260216,1.3275793628,,1.0114961383,1.6686652254,0.3755368623,1.0916775389,0.187539833,1,0,1,1,1,1,1,6,0.1666666667,0.9437491601,-0.073484,0.730255,1.3929824869
260219,-0.474328355,,0.4152897771,-0.45938044,0.8246294491,0.5577218767,,1,0,1,1,1,1,0,5,0.2,0.1727864616,-0.073484,0.730255,0.3372382352
26023F,-1.727829377,,-0.180916584,-0.413118577,-0.349920393,,-0.093275611,1,0,1,1,1,0,1,5,0.2,-0.553012109,-0.073484,0.730255,-0.656658966
261301,,,,,,,,0,0,0,0,0,0,0,0,,,-0.073484,0.730255,
261302,,,,,-2.940839164,,,0,0,0,0,1,0,0,1,1,-2.940839164,-0.073484,0.730255,-3.926511959
261303,,,0.0178188695,-1.199570236,-0.937195315,,,0,0,1,1,1,0,0,3,0.3333333333,-0.70631556,-0.073484,0.730255,-0.866590313
261305,,,,,-0.764467397,,,0,0,0,0,1,0,0,1,1,-0.764467397,-0.073484,0.730255,-0.946222527
261306,,,,,,,,0,0,0,0,0,0,0,0,,,-0.073484,0.730255,
261307,,,,,-0.349920393,,,0,0,0,0,1,0,0,1,1,-0.349920393,-0.073484,0.730255,-0.37854835
261308,,,0.1503091721,,-0.902649731,,,0,0,1,0,1,0,0,2,0.5,-0.376170279,-0.073484,0.730255,-0.414494533
261309,,,,0.2345474946,-1.282651151,,,0,0,0,1,1,0,0,2,0.5,-0.524051828,-0.073484,0.730255,-0.617001211
261310,,,0.4152897771,,-1.628106987,,,0,0,1,0,1,0,0,2,0.5,-0.606408605,-0.073484,0.730255,-0.729779292
261311,,,0.6802703821,-0.783213476,-2.04265399,,,0,0,1,1,1,0,0,3,0.3333333333,-0.715199028,-0.073484,0.730255,-0.878755194
261312,,,0.0840640208,,-0.626285062,,,0,0,1,0,1,0,0,2,0.5,-0.271110521,-0.073484,0.730255,-0.270627344
261313,,,,,-1.800834905,,,0,0,0,0,1,0,0,1,1,-1.800834905,-0.073484,0.730255,-2.365407971
261314,,,,,0.0646266098,,,0,0,0,0,1,0,0,1,1,0.0646266098,-0.073484,0.730255,0.1891258273
261316,,,,,-3.217203832,,,0,0,0,0,1,0,0,1,1,-3.217203832,-0.073484,0.730255,-4.30496141
261317,,,,,-0.211738059,,,0,0,0,0,1,0,0,1,1,-0.211738059,-0.073484,0.730255,-0.189323624
261318,,,-1.174593853,0.14202377,0.8591750327,,,0,0,1,1,1,0,0,3,0.3333333333,-0.05779835,-0.073484,0.730255,0.0214790035
261319,,,,,-0.073555725,,,0,0,0,0,1,0,0,1,1,-0.073555725,-0.073484,0.730255,-0.000098899
261320,,,,,0.5137191967,,,0,0,0,0,1,0,0,1,1,0.5137191967,-0.073484,0.730255,0.8041061861
261321,,,-1.108348702,-0.366856715,0.9973573671,,,0,0,1,1,1,0,0,3,0.3333333333,-0.159282683,-0.073484,0.730255,-0.117492054
261322,,,,,,,,0,0,0,0,0,0,0,0,,,-0.073484,0.730255,
261323,,,,,-2.04265399,,,0,0,0,0,1,0,0,1,1,-2.04265399,-0.073484,0.730255,-2.696551241
261324,,,0.8790058358,,0.2028089442,,,0,0,1,0,1,0,0,2,0.5,0.54090739,-0.073484,0.730255,0.8413372726
261325,,,,-0.968260925,0.7209926983,,,0,0,0,1,1,0,0,2,0.5,-0.123634113,-0.073484,0.730255,-0.06867546
261327,,,,,,,,0,0,0,0,0,0,0,0,,,-0.073484,0.730255,
261328,,,,,-0.142646892,,,0,0,0,0,1,0,0,1,1,-0.142646892,-0.073484,0.730255,-0.094711261
261329,,,,-1.292093961,0.133717777,,,0,0,0,1,1,0,0,2,0.5,-0.579188092,-0.073484,0.730255,-0.692503948
261330,,,,-2.633687967,-0.039010141,,,0,0,0,1,1,0,0,2,0.5,-1.336349054,-0.073484,0.730255,-1.729348318
261331,,,,-0.968260925,-0.557193895,,,0,0,0,1,1,0,0,2,0.5,-0.76272741,-0.073484,0.730255,-0.943839817
261332,,,,,0.8937206163,,,0,0,0,0,1,0,0,1,1,0.8937206163,-0.073484,0.730255,1.3244741821
261333,,,,,0.7209926983,,,0,0,0,0,1,0,0,1,1,0.7209926983,-0.073484,0.730255,1.0879432748
261335,,,,,,,,0,0,0,0,0,0,0,0,,,-0.073484,0.730255,
261336,,,,,0.4100824459,,,0,0,0,0,1,0,0,1,1,0.4100824459,-0.073484,0.730255,0.6621876418
261337,,,-0.445897189,-1.014522787,-0.108101308,,,0,0,1,1,1,0,0,3,0.3333333333,-0.522840428,-0.073484,0.730255,-0.615342339
261338,,,,0.0495000455,-0.833558564,,,0,0,0,1,1,0,0,2,0.5,-0.392029259,-0.073484,0.730255,-0.436211572
270003,-0.004265472,,-0.048426282,-2.587426105,1.1009941179,-2.646012097,,1,0,1,1,1,1,0,5,0.2,-0.837027167,-0.073484,0.730255,-1.045584742
270004,-0.395984542,0.399003353,-0.975858399,-0.45938044,-0.039010141,-0.18981605,-1.937225574,1,1,1,1,1,1,1,7,0.1428571429,-0.514038828,-0.073484,0.730255,-0.603289565
270012,-0.474328355,-1.526827557,-2.698232332,-2.263593069,-2.111745157,-0.563585014,-0.783952986,1,1,1,1,1,1,1,7,0.1428571429,-1.488894924,-0.073484,0.730255,-1.938242245
270014,1.4059231766,0.8804610806,0.6140252308,0.5583805306,0.3409912786,0.9848864065,0.3071543505,1,1,1,1,1,1,1,7,0.1428571429,0.7274031506,-0.073484,0.730255,1.0967216479
270017,0.1524221553,,,-0.366856715,-0.660830646,0.0771617807,-0.412676384,1,0,0,1,1,1,1,5,0.2,-0.242155962,-0.073484,0.730255,-0.230977424
270023,-0.1609531,,0.4815349283,0.0032381832,0.3755368623,0.6645130092,-0.577307117,1,0,1,1,1,1,1,6,0.1666666667,0.1310937943,-0.073484,0.730255,0.2801449493
27003F,,,0.2165543233,1.1597847403,0.8937206163,,,0,0,1,1,1,0,0,3,0.3333333333,0.75668656,-0.073484,0.730255,1.1368218903
270049,-0.082609286,0.6397322168,-0.247161735,0.14202377,0.4446280295,1.4120509363,-0.250189279,1,1,1,1,1,1,1,7,0.1428571429,0.2940678074,-0.073484,0.730255,0.5033190118
270051,0.7791726659,1.0008255125,0.2827994746,-1.754712584,-0.108101308,0.3975351781,0.1682471689,1,1,1,1,1,1,1,7,0.1428571429,0.1093951583,-0.073484,0.730255,0.2504311768
270057,0.6224850383,,0.2165543233,-0.320594853,1.5500867047,-0.723771713,0.6951512619,1,0,1,1,1,1,1,6,0.1666666667,0.3399851271,-0.073484,0.730255,0.5661974708
270074,,,,,,,,0,0,0,0,0,0,0,0,,,-0.073484,0.730255,
270086,-0.709359797,-2.610107444,0.2827994746,-0.644427889,-1.040832065,,,1,1,1,1,1,0,0,5,0.2,-0.944385544,-0.073484,0.730255,-1.192599623
271300,,,,,,,,0,0,0,0,0,0,0,0,,,-0.073484,0.730255,
271301,,,,,,,,0,0,0,0,0,0,0,0,,,-0.073484,0.730255,
271302,,,,,,,,0,0,0,0,0,0,0,0,,,-0.073484,0.730255,
271303,,,,,,,,0,0,0,0,0,0,0,0,,,-0.073484,0.730255,
271305,,,,,,,,0,0,0,0,0,0,0,0,,,-0.073484,0.730255,
271306,,,,,,,,0,0,0,0,0,0,0,0,,,-0.073484,0.730255,
271307,,,,,,,,0,0,0,0,0,0,0,0,,,-0.073484,0.730255,
271308,,,,,,,,0,0,0,0,0,0,0,0,,,-0.073484,0.730255,
271309,,,,,,,,0,0,0,0,0,0,0,0,,,-0.073484,0.730255,
271310,,,,,,,,0,0,0,0,0,0,0,0,,,-0.073484,0.730255,
271311,,,,,,,,0,0,0,0,0,0,0,0,,,-0.073484,0.730255,
271312,,,,,,,,0,0,0,0,0,0,0,0,,,-0.073484,0.730255,
271313,,,,,,,,0,0,0,0,0,0,0,0,,,-0.073484,0.730255,
271314,,,,,,,,0,0,0,0,0,0,0,0,,,-0.073484,0.730255,
271316,,,,,-0.142646892,,,0,0,0,0,1,0,0,1,1,-0.142646892,-0.073484,0.730255,-0.094711261
271317,,,-0.180916584,-1.430879548,0.3409912786,-1.578100772,,0,0,1,1,1,1,0,4,0.25,-0.712226406,-0.073484,0.730255,-0.874684533
271318,,,,-0.829475338,-1.144468816,,,0,0,0,1,1,0,0,2,0.5,-0.986972077,-0.073484,0.730255,-1.250916954
271319,,,,,,,,0,0,0,0,0,0,0,0,,,-0.073484,0.730255,
271320,,,-1.505819609,,-0.246283643,,,0,0,1,0,1,0,0,2,0.5,-0.876051626,-0.073484,0.730255,-1.099024224
271321,,,,,,,,0,0,0,0,0,0,0,0,,,-0.073484,0.730255,
271322,,,,,,,,0,0,0,0,0,0,0,0,,,-0.073484,0.730255,
271323,,,,,,,,0,0,0,0,0,0,0,0,,,-0.073484,0.730255,
271324,,,,,,,,0,0,0,0,0,0,0,0,,,-0.073484,0.730255,
271325,,,,,-0.660830646,,,0,0,0,0,1,0,0,1,1,-0.660830646,-0.073484,0.730255,-0.804303983
271326,,,,,,,,0,0,0,0,0,0,0,0,,,-0.073484,0.730255,
271327,,,,,,,,0,0,0,0,0,0,0,0,,,-0.073484,0.730255,
271328,,,,,,,,0,0,0,0,0,0,0,0,,,-0.073484,0.730255,
271329,,,,,,,,0,0,0,0,0,0,0,0,,,-0.073484,0.730255,
271330,,,,,,,,0,0,0,0,0,0,0,0,,,-0.073484,0.730255,
271331,,,,,,,,0,0,0,0,0,0,0,0,,,-0.073484,0.730255,
271332,,,,-2.217331206,-1.075377649,,,0,0,0,1,1,0,0,2,0.5,-1.646354428,-0.073484,0.730255,-2.153864824
271333,,,,,,,,0,0,0,0,0,0,0,0,,,-0.073484,0.730255,
271334,,,,,,,,0,0,0,0,0,0,0,0,,,-0.073484,0.730255,
271335,,,-0.114671433,-0.829475338,0.133717777,,,0,0,1,1,1,0,0,3,0.3333333333,-0.270142998,-0.073484,0.730255,-0.269302434
271336,,,0.2165543233,-1.060784649,-0.177192475,,,0,0,1,1,1,0,0,3,0.3333333333,-0.340474267,-0.073484,0.730255,-0.365612973
271337,,,,,,,,0,0,0,0,0,0,0,0,,,-0.073484,0.730255,
271338,,,,,,,,0,0,0,0,0,0,0,0,,,-0.073484,0.730255,
271340,,,-0.644632643,-1.014522787,-0.142646892,,,0,0,1,1,1,0,0,3,0.3333333333,-0.600600774,-0.073484,0.730255,-0.721826139
271341,,,,,,,,0,0,0,0,0,0,0,0,,,-0.073484,0.730255,
271342,,,,,,,,0,0,0,0,0,0,0,0,,,-0.073484,0.730255,
271343,,,,0.7434279797,,,,0,0,0,1,0,0,0,1,1,0.7434279797,-0.073484,0.730255,1.1186657981
271344,,,-0.710877794,0.5121186683,0.0300810262,,,0,0,1,1,1,0,0,3,0.3333333333,-0.056226033,-0.073484,0.730255,0.0236321096
271345,,,,,1.3082676195,,,0,0,0,0,1,0,0,1,1,1.3082676195,-0.073484,0.730255,1.8921483595
271346,,,,,,,,0,0,0,0,0,0,0,0,,,-0.073484,0.730255,
271347,,,,-0.968260925,0.9628117835,,,0,0,0,1,1,0,0,2,0.5,-0.002724571,-0.073484,0.730255,0.096896175
271348,,,,,,,,0,0,0,0,0,0,0,0,,,-0.073484,0.730255,
271389,,,,,,,,0,0,0,0,0,0,0,0,,,-0.073484,0.730255,
280003,-1.101078866,-0.563912102,-1.174593853,-0.366856715,-0.660830646,-1.04414511,0.2621381342,1,1,1,1,1,1,1,7,0.1428571429,-0.664182737,-0.073484,0.730255,-0.808894284
280009,0.8575164798,-1.406463126,-0.114671433,0.0495000455,1.3082676195,0.0237662145,0.606405007,1,1,1,1,1,1,1,7,0.1428571429,0.1891886868,-0.073484,0.730255,0.3596991858
280013,0.5441412244,0.8804610806,0.0178188695,0.5121186683,1.0319029507,1.0382819727,-1.884492292,1,1,1,1,1,1,1,7,0.1428571429,0.3057474964,-0.073484,0.730255,0.5193129951
280020,-0.866047425,,0.6140252308,-1.384617685,0.306445695,0.7713041416,1.5740392934,1,0,1,1,1,1,1,6,0.1666666667,0.1691915418,-0.073484,0.730255,0.3323154084
280023,-0.082609286,,-0.048426282,-0.598166027,0.0991721934,0.3975351781,1.0852918027,1,0,1,1,1,1,1,6,0.1666666667,0.14213293,-0.073484,0.730255,0.2952617689
280032,,,-1.439574458,-2.124807482,-0.591739479,-1.097540676,,0,0,1,1,1,1,0,4,0.25,-1.313415524,-0.073484,0.730255,-1.6979435
280040,0.2307659691,-0.202818807,-0.048426282,-0.505642302,0.7209926983,0.2907440456,0.1901121882,1,1,1,1,1,1,1,7,0.1428571429,0.0965325016,-0.073484,0.730255,0.232817256
280060,0.309109783,-1.406463126,0.8790058358,0.9747372911,-1.213559983,-0.510189448,-0.356084569,1,1,1,1,1,1,1,7,0.1428571429,-0.189063459,-0.073484,0.730255,-0.158273383
280061,0.7008288521,,-0.578387492,-0.181809266,-0.349920393,0.130557347,0.6479914163,1,0,1,1,1,1,1,6,0.1666666667,0.0615434107,-0.073484,0.730255,0.1849037427
280065,-0.082609286,,-2.963212937,-1.708450721,-0.349920393,-2.218847567,-0.552012291,1,0,1,1,1,1,1,6,0.1666666667,-1.312508866,-0.073484,0.730255,-1.696701937
28006F,0.7791726659,,1.2102315921,1.9924982614,1.2046308687,,0.6445616094,1,0,1,1,1,0,1,5,0.2,1.1662189995,-0.073484,0.730255,1.6976292027
280077,-0.239296914,,-0.048426282,-1.199570236,-0.660830646,,,1,0,1,1,1,0,0,4,0.25,-0.537031019,-0.073484,0.730255,-0.634774713
280081,0.1524221553,,-0.578387492,-1.754712584,0.133717777,0.2907440456,,1,0,1,1,1,1,0,5,0.2,-0.351243219,-0.073484,0.730255,-0.380359807
280105,,,,-0.320594853,0.2028089442,,,0,0,0,1,1,0,0,2,0.5,-0.058892954,-0.073484,0.730255,0.0199800696
280111,0.2307659691,,0.4152897771,-0.736951613,-1.593561403,-2.379034265,,1,0,1,1,1,1,0,5,0.2,-0.812698307,-0.073484,0.730255,-1.012269181
280125,-0.395984542,0.1582744892,-0.114671433,-0.228071128,-0.280829226,-1.150936242,-0.273340476,1,1,1,1,1,1,1,7,0.1428571429,-0.326508365,-0.073484,0.730255,-0.346488286
280127,,,,,,,,0,0,0,0,0,0,0,0,,,-0.073484,0.730255,
280128,-0.1609531,-1.165734262,,-0.8757372,,,,1,1,0,1,0,0,0,3,0.3333333333,-0.734141521,-0.073484,0.730255,-0.904694748
280129,,,,,,,,0,0,0,0,0,0,0,0,,,-0.073484,0.730255,
280130,1.4842669904,,,-0.736951613,0.306445695,0.7713041416,0.3298768215,1,0,0,1,1,1,1,5,0.2,0.4309884071,-0.073484,0.730255,0.6908159378
280131,,,,,,,,0,0,0,0,0,0,0,0,,,-0.073484,0.730255,
280132,-0.082609286,,0.4815349283,1.5298796386,1.7919057899,1.5188420687,-0.413962561,1,0,1,1,1,1,1,6,0.1666666667,0.8042650964,-0.073484,0.730255,1.2019751933
280133,,,,,,,,0,0,0,0,0,0,0,0,,,-0.073484,0.730255,
280134,-0.004265472,0.0379100573,0.5477800796,0.5121186683,0.5137191967,0.5577218767,-0.018248584,1,1,1,1,1,1,1,7,0.1428571429,0.306676546,-0.073484,0.730255,0.5205852211
280139,,,0.0178188695,-0.783213476,0.3409912786,,,0,0,1,1,1,0,0,3,0.3333333333,-0.141467776,-0.073484,0.730255,-0.093096598
281300,,,,,,,,0,0,0,0,0,0,0,0,,,-0.073484,0.730255,
281301,,,,,-0.695376229,,,0,0,0,0,1,0,0,1,1,-0.695376229,-0.073484,0.730255,-0.851610165
281302,,,,,,,,0,0,0,0,0,0,0,0,,,-0.073484,0.730255,
281303,,,,,,,,0,0,0,0,0,0,0,0,,,-0.073484,0.730255,
281304,,,,-1.107046512,-1.524470236,,,0,0,0,1,1,0,0,2,0.5,-1.315758374,-0.073484,0.730255,-1.701151762
281305,,,,,-0.039010141,,,0,0,0,0,1,0,0,1,1,-0.039010141,-0.073484,0.730255,0.0472072829
281306,,,,,,,,0,0,0,0,0,0,0,0,,,-0.073484,0.730255,
281307,,,,,-1.075377649,,,0,0,0,0,1,0,0,1,1,-1.075377649,-0.073484,0.730255,-1.371978161
281308,,,,,,,,0,0,0,0,0,0,0,0,,,-0.073484,0.730255,
281309,,,,,-1.109923233,,,0,0,0,0,1,0,0,1,1,-1.109923233,-0.073484,0.730255,-1.419284342
281310,,,,,,,,0,0,0,0,0,0,0,0,,,-0.073484,0.730255,
281311,,,,,,,,0,0,0,0,0,0,0,0,,,-0.073484,0.730255,
281312,,,,,,,,0,0,0,0,0,0,0,0,,,-0.073484,0.730255,
281313,,,,,-1.66265257,,,0,0,0,0,1,0,0,1,1,-1.66265257,-0.073484,0.730255,-2.176183245
281314,,,,,,,,0,0,0,0,0,0,0,0,,,-0.073484,0.730255,
281315,,,,-1.014522787,-0.833558564,,,0,0,0,1,1,0,0,2,0.5,-0.924040675,-0.073484,0.730255,-1.164739678
281316,,,,,,,,0,0,0,0,0,0,0,0,,,-0.073484,0.730255,
281318,,,,,,,,0,0,0,0,0,0,0,0,,,-0.073484,0.730255,
281319,,,,,-1.66265257,,,0,0,0,0,1,0,0,1,1,-1.66265257,-0.073484,0.730255,-2.176183245
281320,,,,,-1.1790144,,,0,0,0,0,1,0,0,1,1,-1.1790144,-0.073484,0.730255,-1.513896705
281322,,,,-0.921999063,-0.453557144,-2.752803229,,0,0,0,1,1,1,0,3,0.3333333333,-1.376119812,-0.073484,0.730255,-1.783809771
281323,,,,,,,,0,0,0,0,0,0,0,0,,,-0.073484,0.730255,
281324,,,,,-1.628106987,,,0,0,0,0,1,0,0,1,1,-1.628106987,-0.073484,0.730255,-2.128877064
281325,,,,,,,,0,0,0,0,0,0,0,0,,,-0.073484,0.730255,
281326,,,,,-0.384465977,,,0,0,0,0,1,0,0,1,1,-0.384465977,-0.073484,0.730255,-0.425854532
281327,,,,,0.4446280295,,,0,0,0,0,1,0,0,1,1,0.4446280295,-0.073484,0.730255,0.7094938232
281328,,,,,1.0319029507,,,0,0,0,0,1,0,0,1,1,1.0319029507,-0.073484,0.730255,1.5136989079
281329,,,,0.14202377,-0.211738059,,,0,0,0,1,1,0,0,2,0.5,-0.034857144,-0.073484,0.730255,0.0528943313
281331,,,,,,,,0,0,0,0,0,0,0,0,,,-0.073484,0.730255,
281332,,,,,-0.764467397,,,0,0,0,0,1,0,0,1,1,-0.764467397,-0.073484,0.730255,-0.946222527
281333,,,,,,,,0,0,0,0,0,0,0,0,,,-0.073484,0.730255,
281334,,,0.6802703821,-0.783213476,-0.280829226,,,0,0,1,1,1,0,0,3,0.3333333333,-0.127924107,-0.073484,0.730255,-0.07455011
281335,,,,,-0.108101308,,,0,0,0,0,1,0,0,1,1,-0.108101308,-0.073484,0.730255,-0.04740508
281336,,,0.2165543233,0.5583805306,0.4446280295,,,0,0,1,1,1,0,0,3,0.3333333333,0.4065209611,-0.073484,0.730255,0.6573106003
281338,,,,,,,,0,0,0,0,0,0,0,0,,,-0.073484,0.730255,
281339,,,,-0.598166027,-0.971740898,,,0,0,0,1,1,0,0,2,0.5,-0.784953462,-0.073484,0.730255,-0.974275825
281340,,,,,-0.039010141,,,0,0,0,0,1,0,0,1,1,-0.039010141,-0.073484,0.730255,0.0472072829
281341,,,,,,,,0,0,0,0,0,0,0,0,,,-0.073484,0.730255,
281342,,,,,-0.177192475,,,0,0,0,0,1,0,0,1,1,-0.177192475,-0.073484,0.730255,-0.142017443
281343,,,,,,,,0,0,0,0,0,0,0,0,,,-0.073484,0.730255,
281344,,,,,-0.142646892,,,0,0,0,0,1,0,0,1,1,-0.142646892,-0.073484,0.730255,-0.094711261
281345,,,,-1.847236308,-2.733565662,,,0,0,0,1,1,0,0,2,0.5,-2.290400985,-0.073484,0.730255,-3.035812098
281346,,,,,,,,0,0,0,0,0,0,0,0,,,-0.073484,0.730255,
281347,,,,,1.1355397015,,,0,0,0,0,1,0,0,1,1,1.1355397015,-0.073484,0.730255,1.6556174522
281348,,,,,-0.108101308,,,0,0,0,0,1,0,0,1,1,-0.108101308,-0.073484,0.730255,-0.04740508
281349,,,,,-0.419011561,,,0,0,0,0,1,0,0,1,1,-0.419011561,-0.073484,0.730255,-0.473160713
281350,,,0.3490446258,,-0.79901298,,,0,0,1,0,1,0,0,2,0.5,-0.224984177,-0.073484,0.730255,-0.207462651
281351,,,,,0.6864471147,,,0,0,0,0,1,0,0,1,1,0.6864471147,-0.073484,0.730255,1.0406370934
281352,,,0.7465155333,-1.060784649,0.4446280295,,,0,0,1,1,1,0,0,3,0.3333333333,0.0434529711,-0.073484,0.730255,0.1601309779
281353,,,,,-0.729921813,,,0,0,0,0,1,0,0,1,1,-0.729921813,-0.073484,0.730255,-0.898916346
281354,,,,,,,,0,0,0,0,0,0,0,0,,,-0.073484,0.730255,
281355,,,,,-1.420833485,,,0,0,0,0,1,0,0,1,1,-1.420833485,-0.073484,0.730255,-1.845039975
281356,,,,0.2345474946,-0.31537481,,,0,0,0,1,1,0,0,2,0.5,-0.040413658,-0.073484,0.730255,0.0452853292
281357,,,,,-0.902649731,,,0,0,0,0,1,0,0,1,1,-0.902649731,-0.073484,0.730255,-1.135447253
281358,,,,,0.2028089442,,,0,0,0,0,1,0,0,1,1,0.2028089442,-0.073484,0.730255,0.3783505531
281359,,,,,,,,0,0,0,0,0,0,0,0,,,-0.073484,0.730255,
281360,,,,-0.043023679,-0.211738059,,,0,0,0,1,1,0,0,2,0.5,-0.127380869,-0.073484,0.730255,-0.073806209
281361,,,,,-0.177192475,,,0,0,0,0,1,0,0,1,1,-0.177192475,-0.073484,0.730255,-0.142017443
281362,,,,-1.384617685,-0.660830646,,,0,0,0,1,1,0,0,2,0.5,-1.022724166,-0.073484,0.730255,-1.299875304
281363,,,0.1503091721,-1.754712584,-2.180836324,,,0,0,1,1,1,0,0,3,0.3333333333,-1.261746579,-0.073484,0.730255,-1.627188856
281364,,,-1.903290517,-2.124807482,-1.317196734,,,0,0,1,1,1,0,0,3,0.3333333333,-1.781764911,-0.073484,0.730255,-2.33929382
281365,,,,-0.320594853,-0.384465977,,,0,0,0,1,1,0,0,2,0.5,-0.352530415,-0.073484,0.730255,-0.382122473
290001,0.309109783,1.2415543763,-0.180916584,-0.089285541,-0.280829226,-1.417914073,-2.373239782,1,1,1,1,1,1,1,7,0.1428571429,-0.398788721,-0.073484,0.730255,-0.445467873
290003,-0.395984542,0.0379100573,-0.180916584,1.437355914,-0.177192475,-0.510189448,2.1455308767,1,1,1,1,1,1,1,7,0.1428571429,0.3366448285,-0.073484,0.730255,0.561623318
290005,-0.317640728,,0.3490446258,1.9462363991,0.6519015311,,,1,0,1,1,1,0,0,4,0.25,0.6573854571,-0.073484,0.730255,1.0008405143
290007,-0.082609286,-0.082454375,0.8790058358,1.113522878,0.5137191967,0.3975351781,-0.114711905,1,1,1,1,1,1,1,7,0.1428571429,0.3748582176,-0.073484,0.730255,0.6139521349
290008,-1.414454121,,0.2827994746,-1.199570236,-0.073555725,0.4509307443,,1,0,1,1,1,1,0,5,0.2,-0.390769973,-0.073484,0.730255,-0.434487125
290009,0.7791726659,-0.082454375,-0.048426282,-0.043023679,0.8591750327,-0.350002749,-1.370021249,1,1,1,1,1,1,1,7,0.1428571429,-0.036511519,-0.073484,0.730255,0.0506288564
290012,,,,,,,,0,0,0,0,0,0,0,0,,,-0.073484,0.730255,
290019,-2.511267515,0.2786389211,0.9452509871,-0.690689751,0.306445695,0.0771617807,-1.010320245,1,1,1,1,1,1,1,7,0.1428571429,-0.372111447,-0.073484,0.730255,-0.408936431
290021,0.309109783,-1.286098694,0.4152897771,0.5583805306,0.2028089442,-1.524705206,1.3446709534,1,1,1,1,1,1,1,7,0.1428571429,0.0027794413,-0.073484,0.730255,0.1044332827
29002F,0.7791726659,,1.0114961383,1.6686652254,1.2391764523,,,1,0,1,1,1,0,0,4,0.25,1.1746276205,-0.073484,0.730255,1.7091438367
290032,-1.414454121,,-0.379652038,-0.135547404,-1.040832065,-0.937353977,0.770178289,1,0,1,1,1,1,1,6,0.1666666667,-0.522943553,-0.073484,0.730255,-0.615483556
290039,2.1893613149,0.6397322168,0.0178188695,1.9924982614,0.8937206163,-0.083024918,0.6900065515,1,1,1,1,1,1,1,7,0.1428571429,0.9057304161,-0.073484,0.730255,1.3409202139
290041,-0.317640728,-1.887920853,0.6802703821,0.6046423929,0.7900838655,0.3975351781,1.676504776,1,1,1,1,1,1,1,7,0.1428571429,0.2776392877,-0.073484,0.730255,0.4808220541
290045,-0.474328355,-1.887920853,-1.042103551,-0.089285541,0.5137191967,0.3975351781,0.6514212233,1,1,1,1,1,1,1,7,0.1428571429,-0.275851815,-0.073484,0.730255,-0.277119998
290046,-1.022735052,1.1211899444,0.9452509871,-0.736951613,-0.695376229,-3.927505686,0.6029752001,1,1,1,1,1,1,1,7,0.1428571429,-0.53045035,-0.073484,0.730255,-0.625763247
290047,0.4657974106,,0.0840640208,1.8074508123,1.2391764523,0.2373484794,2.0160556643,1,0,1,1,1,1,1,6,0.1666666667,0.9749821399,-0.073484,0.730255,1.4357524406
290049,,,-0.578387492,-0.043023679,0.7900838655,0.7713041416,-0.173447349,0,0,1,1,1,1,1,5,0.2,0.1533058975,-0.073484,0.730255,0.3105618558
29004F,0.7008288521,,1.5414573484,2.0387601237,1.6191778719,,,1,0,1,1,1,0,0,4,0.25,1.475056049,-0.073484,0.730255,2.1205458241
290053,-0.552672169,-2.249014149,0.0178188695,0.5583805306,-0.971740898,1.0916775389,-0.436256306,1,1,1,1,1,1,1,7,0.1428571429,-0.363115226,-0.073484,0.730255,-0.396617148
290054,-0.317640728,,-2.035780819,-0.921999063,0.0300810262,-1.097540676,-0.567875148,1,0,1,1,1,1,1,6,0.1666666667,-0.818459235,-0.073484,0.730255,-1.020158105
290057,-0.787703611,,0.5477800796,0.0495000455,0.2028089442,0.5577218767,0.2222666284,1,0,1,1,1,1,1,6,0.1666666667,0.1320623273,-0.073484,0.730255,0.2814712432
290058,,,,,0.7900838655,,,0,0,0,0,1,0,0,1,1,0.7900838655,-0.073484,0.730255,1.1825556377
290061,,,,,0.2373545278,,,0,0,0,0,1,0,0,1,1,0.2373545278,-0.073484,0.730255,0.4256567345
291300,,,,,,,,0,0,0,0,0,0,0,0,,,-0.073484,0.730255,
291301,,,,,,,,0,0,0,0,0,0,0,0,,,-0.073484,0.730255,
291302,,,0.8127606846,,,,,0,0,1,0,0,0,0,1,1,0.8127606846,-0.073484,0.730255,1.2136089188
291303,,,,,,,,0,0,0,0,0,0,0,0,,,-0.073484,0.730255,
291304,,,,,,,,0,0,0,0,0,0,0,0,,,-0.073484,0.730255,
291306,,,0.4815349283,0.2345474946,1.1009941179,0.0771617807,,0,0,1,1,1,1,0,4,0.25,0.4735595804,-0.073484,0.730255,0.7491122362
291307,,,-1.704555063,-0.089285541,-2.008108406,,,0,0,1,1,1,0,0,3,0.3333333333,-1.267316337,-0.073484,0.730255,-1.634815995
291308,,,-0.644632643,0.5583805306,-1.593561403,,,0,0,1,1,1,0,0,3,0.3333333333,-0.559937838,-0.073484,0.730255,-0.666142952
291309,,,,,,,,0,0,0,0,0,0,0,0,,,-0.073484,0.730255,
291311,,,0.4152897771,0.7434279797,0.0300810262,,,0,0,1,1,1,0,0,3,0.3333333333,0.396266261,-0.073484,0.730255,0.6432679745
291312,,,,,,,,0,0,0,0,0,0,0,0,,,-0.073484,0.730255,
291313,,,-1.505819609,-0.274332991,-1.973562823,,,0,0,1,1,1,0,0,3,0.3333333333,-1.251238474,-0.073484,0.730255,-1.612799222
291314,,,,,,,,0,0,0,0,0,0,0,0,,,-0.073484,0.730255,
300001,0.0740783415,-0.925005398,-1.042103551,-1.245832099,0.5137191967,-1.150936242,-0.046973217,1,1,1,1,1,1,1,7,0.1428571429,-0.546150424,-0.073484,0.730255,-0.647262683
300003,1.0142041074,0.8804610806,0.4152897771,0.6971661174,0.0646266098,-0.723771713,-0.260049974,1,1,1,1,1,1,1,7,0.1428571429,0.2982751437,-0.073484,0.730255,0.5090804722
300005,0.7791726659,,1.7401928021,-0.228071128,-0.142646892,0.2373484794,,1,0,1,1,1,1,0,5,0.2,0.4771991855,-0.073484,0.730255,0.7540962545
300011,-0.709359797,,-0.51214234,-0.921999063,-1.006286482,0.1839529132,,1,0,1,1,1,1,0,5,0.2,-0.593166954,-0.073484,0.730255,-0.711646382
300012,-1.571141749,,-0.777122945,-1.384617685,-0.211738059,-1.684891905,0.1198011457,1,0,1,1,1,1,1,6,0.1666666667,-0.9182852,-0.073484,0.730255,-1.156858219
300014,,,-0.180916584,-1.060784649,-0.660830646,-0.18981605,,0,0,1,1,1,1,0,4,0.25,-0.523086982,-0.073484,0.730255,-0.615679967
300017,1.4842669904,,-0.247161735,0.5121186683,1.7573602063,-0.670376146,,1,0,1,1,1,1,0,5,0.2,0.5672415967,-0.073484,0.730255,0.8773989229
300018,0.7008288521,,-0.180916584,1.113522878,0.2373545278,1.0382819727,0.2968649296,1,0,1,1,1,1,1,6,0.1666666667,0.5343227627,-0.073484,0.730255,0.8323203869
300019,1.1708917351,,0.3490446258,0.3733330814,0.7209926983,-1.898474169,,1,0,1,1,1,1,0,5,0.2,0.1431575942,-0.073484,0.730255,0.2966649281
300020,-0.631015983,,-0.313406887,0.8359517043,0.4791736131,-0.723771713,0.5408099491,1,0,1,1,1,1,1,6,0.1666666667,0.031290114,-0.073484,0.730255,0.1434753517
300023,-0.004265472,,0.7465155333,0.2345474946,1.1355397015,1.5188420687,,1,0,1,1,1,1,0,5,0.2,0.7262358652,-0.073484,0.730255,1.0951231855
300029,0.309109783,0.6397322168,-0.51214234,-0.043023679,0.2719001114,-0.883958411,0.4739287135,1,1,1,1,1,1,1,7,0.1428571429,0.0365066277,-0.073484,0.730255,0.1506187639
300034,-0.004265472,0.8804610806,0.7465155333,1.8999745368,1.4119043703,1.4120509363,-0.164872831,1,1,1,1,1,1,1,7,0.1428571429,0.8831097362,-0.073484,0.730255,1.309943809
301300,,,,,,,,0,0,0,0,0,0,0,0,,,-0.073484,0.730255,
301301,,,,-1.523403272,-1.040832065,,,0,0,0,1,1,0,0,2,0.5,-1.282117669,-0.073484,0.730255,-1.655084708
301302,,,0.0840640208,,0.0300810262,-0.350002749,,0,0,1,0,1,1,0,3,0.3333333333,-0.078619234,-0.073484,0.730255,-0.007032789
301303,,,,,-2.111745157,,,0,0,0,0,1,0,0,1,1,-2.111745157,-0.073484,0.730255,-2.791163604
301304,,,,-0.644427889,-0.522648311,,,0,0,0,1,1,0,0,2,0.5,-0.5835381,-0.073484,0.730255,-0.698460781
301305,,,,1.8999745368,1.5155411211,,,0,0,0,1,1,0,0,2,0.5,1.707757829,-0.073484,0.730255,2.4392039991
301306,,,,,0.8591750327,,,0,0,0,0,1,0,0,1,1,0.8591750327,-0.073484,0.730255,1.2771680006
301307,,,-0.379652038,0.5583805306,0.4100824459,-0.243211617,,0,0,1,1,1,1,0,4,0.25,0.0863998305,-0.073484,0.730255,0.2189417348
301308,,,-1.042103551,0.5583805306,-2.146290741,,,0,0,1,1,1,0,0,3,0.3333333333,-0.876671254,-0.073484,0.730255,-1.099872733
301309,,,-0.445897189,-0.366856715,-0.31537481,0.0771617807,,0,0,1,1,1,1,0,4,0.25,-0.262741733,-0.073484,0.730255,-0.259167258
301310,,,-0.644632643,0.14202377,-0.937195315,,,0,0,1,1,1,0,0,3,0.3333333333,-0.479934729,-0.073484,0.730255,-0.556587946
301311,,,0.5477800796,0.2345474946,-0.729921813,-0.18981605,,0,0,1,1,1,1,0,4,0.25,-0.034352572,-0.073484,0.730255,0.0535852846
301312,,,-0.247161735,-1.569665135,-0.039010141,-0.243211617,,0,0,1,1,1,1,0,4,0.25,-0.524762157,-0.073484,0.730255,-0.617973924
310001,1.9543298734,1.3619188082,2.0051734071,1.4836177763,2.1719072096,1.5188420687,0.4186230764,1,1,1,1,1,1,1,7,0.1428571429,1.5592017457,-0.073484,0.730255,2.235773624
310002,0.309109783,-0.082454375,0.7465155333,-0.043023679,-0.177192475,0.3975351781,0.2248389836,1,1,1,1,1,1,1,7,0.1428571429,0.1964755641,-0.073484,0.730255,0.3696777215
310003,-1.17942268,,0.5477800796,1.6224033631,-0.522648311,0.9848864065,,1,0,1,1,1,1,0,5,0.2,0.2905997716,-0.073484,0.730255,0.4985699379
310005,0.5441412244,,0.6140252308,0.14202377,2.2409983768,1.35865537,0.0353421495,1,0,1,1,1,1,1,6,0.1666666667,0.8225310203,-0.073484,0.730255,1.2269882636
310006,0.4657974106,,-0.777122945,0.0495000455,0.5137191967,-0.883958411,,1,0,1,1,1,1,0,5,0.2,-0.126412941,-0.073484,0.730255,-0.072480743
310008,-1.571141749,,1.2102315921,0.8822135666,0.6173559475,0.2373484794,0.5155151228,1,0,1,1,1,1,1,6,0.1666666667,0.3152538266,-0.073484,0.730255,0.5323308148
310009,-2.041204632,,-0.843368097,0.3733330814,-0.246283643,0.3441396118,-1.713859396,1,0,1,1,1,1,1,6,0.1666666667,-0.687873846,-0.073484,0.730255,-0.841336518
310010,0.0740783415,,0.5477800796,0.5121186683,1.1355397015,1.6790287674,-0.603459395,1,0,1,1,1,1,1,6,0.1666666667,0.5575143605,-0.073484,0.730255,0.864078598
310011,0.4657974106,,0.4152897771,-0.274332991,0.7209926983,-0.990749544,,1,0,1,1,1,1,0,5,0.2,0.0673994703,-0.073484,0.730255,0.1929229391
310012,-0.552672169,0.1582744892,-0.644632643,-0.505642302,0.0646266098,1.0916775389,-1.275272832,1,1,1,1,1,1,1,7,0.1428571429,-0.237663044,-0.073484,0.730255,-0.224824893
310014,-0.317640728,1.1211899444,-0.313406887,0.3270712192,0.6173559475,-0.510189448,-1.773452292,1,1,1,1,1,1,1,7,0.1428571429,-0.121296035,-0.073484,0.730255,-0.065473732
310015,-0.1609531,0.7600966487,0.8790058358,1.3910940517,1.3773587867,1.9994021647,0.9030833084,1,1,1,1,1,1,1,7,0.1428571429,1.0212982423,-0.073484,0.730255,1.4991769862
310016,1.1708917351,,0.2827994746,0.7434279797,0.8591750327,0.7179085754,,1,0,1,1,1,1,0,5,0.2,0.7548405595,-0.073484,0.730255,1.1342940062
310017,0.9358602936,,0.1503091721,1.2060466026,-0.79901298,0.7179085754,1.2173393704,1,0,1,1,1,1,1,6,0.1666666667,0.5714085056,-0.073484,0.730255,0.8831050228
310019,-0.944391238,-1.04536983,1.0777412896,0.6509042552,0.7555382819,0.5577218767,-0.296062947,1,1,1,1,1,1,1,7,0.1428571429,0.1080116697,-0.073484,0.730255,0.2485366492
31001F,0.7791726659,,1.6077024996,2.1312838483,0.9973573671,,,1,0,1,1,1,0,0,4,0.25,1.3788790952,-0.073484,0.730255,1.988842609
310022,-1.727829377,,-0.048426282,0.3733330814,-0.004464557,0.3441396118,-0.278913912,1,0,1,1,1,1,1,6,0.1666666667,-0.223693572,-0.073484,0.730255,-0.205695317
310024,0.1524221553,,-0.843368097,0.14202377,-1.489924652,0.5577218767,-0.389096461,1,0,1,1,1,1,1,6,0.1666666667,-0.311703568,-0.073484,0.730255,-0.326214828
310025,-0.474328355,,1.2764767434,0.8359517043,0.306445695,-1.524705206,0.9185174397,1,0,1,1,1,1,1,6,0.1666666667,0.2230596702,-0.073484,0.730255,0.4060815802
310027,-0.866047425,,0.6802703821,-2.726211692,-1.144468816,0.1839529132,,1,0,1,1,1,1,0,5,0.2,-0.774500927,-0.073484,0.730255,-0.959962288
310028,1.6409546181,,1.4089670459,0.0032381832,0.5137191967,1.0382819727,1.355817826,1,0,1,1,1,1,1,6,0.1666666667,0.9934964738,-0.073484,0.730255,1.4611056795
310029,-0.631015983,0.5193677849,0.0178188695,0.14202377,-0.280829226,-0.883958411,-1.524791288,1,1,1,1,1,1,1,7,0.1428571429,-0.377340641,-0.073484,0.730255,-0.416097207
310031,-0.004265472,1.0008255125,0.6802703821,1.1597847403,0.2028089442,,-0.251904183,1,1,1,1,1,0,1,6,0.1666666667,0.464586654,-0.073484,0.730255,0.7368248513
310032,0.2307659691,,0.2165543233,0.0495000455,0.0646266098,-0.136420484,-0.735935689,1,0,1,1,1,1,1,6,0.1666666667,-0.051818204,-0.073484,0.730255,0.0296681216
310034,0.6224850383,,-1.439574458,0.4195949437,0.6864471147,-0.083024918,1.1581752004,1,0,1,1,1,1,1,6,0.1666666667,0.2273504869,-0.073484,0.730255,0.4119573574
310038,1.0142041074,1.1211899444,1.6077024996,-0.320594853,-0.142646892,-0.670376146,-0.248474376,1,1,1,1,1,1,1,7,0.1428571429,0.3372863264,-0.073484,0.730255,0.5625017753
310039,1.4059231766,,1.6077024996,0.0032381832,0.6519015311,0.8246997078,-0.494134299,1,0,1,1,1,1,1,6,0.1666666667,0.6665551333,-0.073484,0.730255,1.0133973254
310040,-0.631015983,,0.2827994746,0.4195949437,-0.557193895,,,1,0,1,1,1,0,0,4,0.25,-0.121453865,-0.073484,0.730255,-0.065689862
310041,-1.962860818,,-0.578387492,-0.505642302,-0.764467397,-0.403398315,-1.651265419,1,0,1,1,1,1,1,6,0.1666666667,-0.97767029,-0.073484,0.730255,-1.238179233
310044,0.7791726659,,0.6140252308,-1.430879548,-0.384465977,0.5043263105,0.0456315704,1,0,1,1,1,1,1,6,0.1666666667,0.0213017088,-0.073484,0.730255,0.129797386
310045,0.8575164798,0.8804610806,0.4815349283,0.1882856323,0.4446280295,-1.364518507,-0.337220631,1,1,1,1,1,1,1,7,0.1428571429,0.1643838589,-0.073484,0.730255,0.3257318427
310047,0.1524221553,,-0.777122945,0.465856806,0.2719001114,0.8246997078,0.4443466286,1,0,1,1,1,1,1,6,0.1666666667,0.2303504106,-0.073484,0.730255,0.416065406
310048,-0.004265472,,0.1503091721,0.4195949437,-1.317196734,-0.296607183,-0.208174144,1,0,1,1,1,1,1,6,0.1666666667,-0.209389903,-0.073484,0.730255,-0.186108096
310050,0.309109783,,0.7465155333,0.5583805306,-0.626285062,-0.777167279,0.4430604509,1,0,1,1,1,1,1,6,0.1666666667,0.1089356595,-0.073484,0.730255,0.2498019463
310051,1.1708917351,,0.2827994746,0.6971661174,0.4446280295,0.8246997078,1.4784334246,1,0,1,1,1,1,1,6,0.1666666667,0.8164364148,-0.073484,0.730255,1.2186424063
310052,-1.257766494,,0.6802703821,0.0032381832,0.6519015311,0.3975351781,0.1056531921,1,0,1,1,1,1,1,6,0.1666666667,0.0968053288,-0.073484,0.730255,0.2331908613
310054,-0.239296914,,-0.644632643,0.6509042552,1.2046308687,0.6111174429,-0.488132137,1,0,1,1,1,1,1,6,0.1666666667,0.1824318122,-0.073484,0.730255,0.3504464275
310057,0.1524221553,,0.0178188695,-0.089285541,0.6864471147,1.4654465025,-0.597028507,1,0,1,1,1,1,1,6,0.1666666667,0.2726367656,-0.073484,0.730255,0.4739716786
310058,,,,,-0.419011561,,,0,0,0,0,1,0,0,1,1,-0.419011561,-0.073484,0.730255,-0.473160713
310060,,,0.4815349283,1.6224033631,0.4446280295,0.7713041416,,0,0,1,1,1,1,0,4,0.25,0.8299676156,-0.073484,0.730255,1.2371718209
310061,0.0740783415,,0.3490446258,-0.228071128,-0.108101308,0.6111174429,,1,0,1,1,1,1,0,5,0.2,0.1396135948,-0.073484,0.730255,0.2918118307
310064,1.4059231766,0.8804610806,0.4815349283,0.2808093569,0.0300810262,0.2907440456,1.535882691,1,1,1,1,1,1,1,7,0.1428571429,0.700776615,-0.073484,0.730255,1.0602596869
310069,-0.1609531,,-0.114671433,0.2808093569,0.6519015311,-1.364518507,-0.856407658,1,0,1,1,1,1,1,6,0.1666666667,-0.260639968,-0.073484,0.730255,-0.256289134
310070,1.1708917351,,0.6802703821,1.113522878,0.9282661999,-1.257727375,-0.278485187,1,0,1,1,1,1,1,6,0.1666666667,0.3927897723,-0.073484,0.730255,0.6385073253
310073,1.2492355489,1.602647672,0.5477800796,1.113522878,1.0664485343,0.0771617807,1.784543695,1,1,1,1,1,1,1,7,0.1428571429,1.0630485984,-0.073484,0.730255,1.5563492703
310074,-1.336110308,0.7600966487,-1.439574458,1.6224033631,-0.902649731,-0.18981605,-1.463483488,1,1,1,1,1,1,1,7,0.1428571429,-0.421304861,-0.073484,0.730255,-0.476301122
310075,-0.552672169,,0.6802703821,-0.736951613,-0.902649731,-1.524705206,-0.561872986,1,0,1,1,1,1,1,6,0.1666666667,-0.599763554,-0.073484,0.730255,-0.720679663
310076,-1.17942268,0.399003353,1.2102315921,0.1882856323,-0.522648311,-0.510189448,-0.750083642,1,1,1,1,1,1,1,7,0.1428571429,-0.166403358,-0.073484,0.730255,-0.127242994
310083,,,-0.51214234,0.8822135666,0.0646266098,,,0,0,1,1,1,0,0,3,0.3333333333,0.1448992786,-0.073484,0.730255,0.2990499635
310084,-0.944391238,,-0.975858399,-0.043023679,0.3409912786,-0.18981605,,1,0,1,1,1,1,0,5,0.2,-0.362419618,-0.073484,0.730255,-0.395664592
310086,0.9358602936,,1.3427218946,-0.043023679,0.0300810262,-0.403398315,0.1545279411,1,0,1,1,1,1,1,6,0.1666666667,0.3361281935,-0.073484,0.730255,0.5609158462
310092,,,0.4152897771,1.1597847403,-0.142646892,-1.150936242,-0.990170129,0,0,1,1,1,1,1,5,0.2,-0.141735749,-0.073484,0.730255,-0.093463557
310096,,,-0.51214234,1.9462363991,0.9282661999,,,0,0,1,1,1,0,0,3,0.3333333333,0.7874534195,-0.073484,0.730255,1.1789535462
310108,-0.552672169,,1.5414573484,-0.135547404,-0.246283643,1.6790287674,1.3999765905,1,0,1,1,1,1,1,6,0.1666666667,0.6143265818,-0.073484,0.730255,0.9418763645
310110,0.7008288521,,1.4089670459,0.0957619077,-0.971740898,-0.61698058,-0.252761634,1,0,1,1,1,1,1,6,0.1666666667,0.0606791155,-0.073484,0.730255,0.1837201903
310111,0.5441412244,,0.8790058358,-0.043023679,0.7900838655,2.4265666945,-0.21589121,1,0,1,1,1,1,1,6,0.1666666667,0.7301471219,-0.073484,0.730255,1.1004791992
310112,-0.552672169,,0.6140252308,0.0957619077,-0.004464557,0.0237662145,1.0175531154,1,0,1,1,1,1,1,6,0.1666666667,0.198994957,-0.073484,0.730255,0.3731277386
310113,-0.552672169,,1.6077024996,0.1882856323,0.2719001114,0.3975351781,0.2998660107,1,0,1,1,1,1,1,6,0.1666666667,0.3687695438,-0.073484,0.730255,0.6056144004
310115,-0.1609531,,0.9452509871,0.3733330814,0.7555382819,-0.136420484,0.4632105668,1,0,1,1,1,1,1,6,0.1666666667,0.3733265555,-0.073484,0.730255,0.6118547009
310118,,,0.0840640208,-0.690689751,-2.284473075,,,0,0,1,1,1,0,0,3,0.3333333333,-0.963699602,-0.073484,0.730255,-1.219047991
310119,0.4657974106,,,0.3270712192,0.2028089442,-3.393550024,0.0156207596,1,0,0,1,1,1,1,5,0.2,-0.476450338,-0.073484,0.730255,-0.551816476
310130,-1.727829377,,0.6140252308,1.5298796386,0.5828103639,0.9314908403,,1,0,1,1,1,1,0,5,0.2,0.3860753394,-0.073484,0.730255,0.6293126859
320001,0.1524221553,,1.5414573484,0.0032381832,-0.142646892,-0.136420484,-0.438828662,1,0,1,1,1,1,1,6,0.1666666667,0.1632036082,-0.073484,0.730255,0.3241156259
320002,1.1708917351,,-0.048426282,0.5121186683,0.7209926983,-0.18981605,1.280790799,1,0,1,1,1,1,1,6,0.1666666667,0.5744252614,-0.073484,0.730255,0.887236121
320004,-0.552672169,,-0.313406887,-1.338355823,-0.626285062,-1.204331809,0.0439166669,1,0,1,1,1,1,1,6,0.1666666667,-0.66518918,-0.073484,0.730255,-0.810272492
320005,-0.944391238,,-2.168271122,-0.320594853,-0.349920393,-0.990749544,0.0657816862,1,0,1,1,1,1,1,6,0.1666666667,-0.784690911,-0.073484,0.730255,-0.973916291
320006,0.0740783415,,-2.234516273,-0.829475338,-1.006286482,-0.61698058,,1,0,1,1,1,1,0,5,0.2,-0.922636066,-0.073484,0.730255,-1.162816228
320009,0.7008288521,-0.323183238,-0.379652038,0.465856806,0.306445695,0.3441396118,1.3288080963,1,1,1,1,1,1,1,7,0.1428571429,0.3490348264,-0.073484,0.730255,0.5785899873
320011,,,,,0.6519015311,,,0,0,0,0,1,0,0,1,1,0.6519015311,-0.073484,0.730255,0.9933309119
320017,,,,0.3270712192,0.306445695,,,0,0,0,1,1,0,0,2,0.5,0.3167584571,-0.073484,0.730255,0.5343912324
320018,-1.414454121,0.5193677849,-0.644632643,-1.847236308,-2.180836324,-1.524705206,-0.954585882,1,1,1,1,1,1,1,7,0.1428571429,-1.149583243,-0.073484,0.730255,-1.473594139
320021,0.7008288521,0.6397322168,0.6802703821,1.0209991534,0.0991721934,-1.204331809,0.4833606826,1,1,1,1,1,1,1,7,0.1428571429,0.3457188103,-0.073484,0.730255,0.5740490867
320022,,,-0.247161735,-0.320594853,-1.420833485,-1.257727375,,0,0,1,1,1,1,0,4,0.25,-0.811579362,-0.073484,0.730255,-1.010736915
320030,,,,,0.4791736131,,,0,0,0,0,1,0,0,1,1,0.4791736131,-0.073484,0.730255,0.7568000047
320033,,,,,-0.729921813,,,0,0,0,0,1,0,0,1,1,-0.729921813,-0.073484,0.730255,-0.898916346
320059,,,,-0.690689751,-0.31537481,,,0,0,0,1,1,0,0,2,0.5,-0.50303228,-0.073484,0.730255,-0.588217372
32005F,0.6224850383,,1.0114961383,1.8999745368,1.2737220359,,-0.446545727,1,0,1,1,1,0,1,5,0.2,0.8722264044,-0.073484,0.730255,1.2950403448
320060,,,,,,,,0,0,0,0,0,0,0,0,,,-0.073484,0.730255,
320061,,,,0.4195949437,1.1355397015,,,0,0,0,1,1,0,0,2,0.5,0.7775673226,-0.073484,0.730255,1.1654156798
320062,,,,,,,,0,0,0,0,0,0,0,0,,,-0.073484,0.730255,
320063,1.4059231766,,-0.975858399,0.465856806,-1.524470236,,,1,0,1,1,1,0,0,4,0.25,-0.157137163,-0.073484,0.730255,-0.114554012
320065,,,-2.102025971,-1.800974446,-1.317196734,,,0,0,1,1,1,0,0,3,0.3333333333,-1.740065717,-0.073484,0.730255,-2.282191596
320074,,,,-0.274332991,0.5828103639,,,0,0,0,1,1,0,0,2,0.5,0.1542386867,-0.073484,0.730255,0.3118392026
320084,,,,,-0.626285062,,,0,0,0,0,1,0,0,1,1,-0.626285062,-0.073484,0.730255,-0.756997802
320085,-1.492797935,-1.04536983,-1.903290517,0.6509042552,-0.349920393,-1.364518507,-0.125858777,1,1,1,1,1,1,1,7,0.1428571429,-0.804407386,-0.073484,0.730255,-1.000915724
320086,,,,-1.245832099,-0.073555725,,,0,0,0,1,1,0,0,2,0.5,-0.659693912,-0.073484,0.730255,-0.802747357
320090,,,,-0.8757372,1.0664485343,,,0,0,0,1,1,0,0,2,0.5,0.095355667,-0.073484,0.730255,0.2312057172
320091,0.4657974106,,,0.2345474946,-0.177192475,,,1,0,0,1,1,0,0,3,0.3333333333,0.1743841433,-0.073484,0.730255,0.3394260756
321300,,,,,0.4791736131,,,0,0,0,0,1,0,0,1,1,0.4791736131,-0.073484,0.730255,0.7568000047
321301,,,,,-0.453557144,,,0,0,0,0,1,0,0,1,1,-0.453557144,-0.073484,0.730255,-0.520466894
321302,,,,,,,,0,0,0,0,0,0,0,0,,,-0.073484,0.730255,
321304,,,,,,,,0,0,0,0,0,0,0,0,,,-0.073484,0.730255,
321305,,,,,0.2373545278,,,0,0,0,0,1,0,0,1,1,0.2373545278,-0.073484,0.730255,0.4256567345
321306,,,-0.313406887,0.0495000455,-1.006286482,,,0,0,1,1,1,0,0,3,0.3333333333,-0.423397774,-0.073484,0.730255,-0.479167125
321307,,,,,-1.1790144,,,0,0,0,0,1,0,0,1,1,-1.1790144,-0.073484,0.730255,-1.513896705
321308,,,,,-1.593561403,,,0,0,0,0,1,0,0,1,1,-1.593561403,-0.073484,0.730255,-2.081570882
321309,,,,-2.07854562,0.0991721934,,,0,0,0,1,1,0,0,2,0.5,-0.989686713,-0.073484,0.730255,-1.254634334
321310,,,,-0.135547404,0.0646266098,-2.432429832,,0,0,0,1,1,1,0,3,0.3333333333,-0.834450209,-0.073484,0.730255,-1.042055895
321311,,,,-1.430879548,-1.040832065,,,0,0,0,1,1,0,0,2,0.5,-1.235855807,-0.073484,0.730255,-1.591734437
321312,,,,,,,,0,0,0,0,0,0,0,0,,,-0.073484,0.730255,
321313,,,,,,,,0,0,0,0,0,0,0,0,,,-0.073484,0.730255,
330005,1.2492355489,1.0008255125,1.2764767434,1.4836177763,1.3773587867,-0.083024918,-2.825545574,1,1,1,1,1,1,1,7,0.1428571429,0.4969919822,-0.073484,0.730255,0.7812002005
330006,,,,0.3733330814,0.133717777,,,0,0,0,1,1,0,0,2,0.5,0.2535254292,-0.073484,0.730255,0.4478009138
330008,,,-0.975858399,-1.014522787,-0.488102728,,,0,0,1,1,1,0,0,3,0.3333333333,-0.826161305,-0.073484,0.730255,-1.0307052
330009,1.1708917351,,0.4152897771,1.1597847403,1.4809955375,0.0237662145,,1,0,1,1,1,1,0,5,0.2,0.8501456009,-0.073484,0.730255,1.2648032381
330011,0.7008288521,,0.3490446258,-1.569665135,0.306445695,-0.403398315,0.1116553542,1,0,1,1,1,1,1,6,0.1666666667,-0.084181487,-0.073484,0.730255,-0.014649651
330013,0.0740783415,-0.44354767,-0.048426282,0.2808093569,0.133717777,-1.791683037,-1.192957465,1,1,1,1,1,1,1,7,0.1428571429,-0.426858426,-0.073484,0.730255,-0.483906087
330014,-0.317640728,,0.5477800796,0.3270712192,-0.039010141,0.6645130092,-0.18159314,1,0,1,1,1,1,1,6,0.1666666667,0.1668533832,-0.073484,0.730255,0.3291135706
330019,-0.1609531,,1.2102315921,0.6509042552,-0.557193895,-1.364518507,-1.739582948,1,0,1,1,1,1,1,6,0.1666666667,-0.326852101,-0.073484,0.730255,-0.346958991
330023,1.0142041074,1.0008255125,0.5477800796,1.5761415008,0.7555382819,0.8246997078,0.6501350457,1,1,1,1,1,1,1,7,0.1428571429,0.9099034622,-0.073484,0.730255,1.346634718
330024,0.4657974106,1.1211899444,0.7465155333,1.6224033631,1.1355397015,1.7324243336,-0.500993913,1,1,1,1,1,1,1,7,0.1428571429,0.9032680534,-0.073484,0.730255,1.337548293
330027,-0.004265472,,-2.433251727,0.4195949437,-1.455379069,0.4509307443,-1.849765496,1,0,1,1,1,1,1,6,0.1666666667,-0.812022679,-0.073484,0.730255,-1.011343987
330028,1.1708917351,,-0.909613248,1.2523084649,0.4446280295,0.5577218767,-0.660479936,1,0,1,1,1,1,1,6,0.1666666667,0.3092428204,-0.073484,0.730255,0.5240994371
330030,,,0.4815349283,0.14202377,1.3082676195,-0.083024918,,0,0,1,1,1,1,0,4,0.25,0.46220035,-0.073484,0.730255,0.7335570839
330033,,,,0.0032381832,-1.628106987,,,0,0,0,1,1,0,0,2,0.5,-0.812434402,-0.073484,0.730255,-1.011907794
330043,0.1524221553,1.4822832401,0.9452509871,0.0957619077,0.3409912786,1.2518642376,0.668570258,1,1,1,1,1,1,1,7,0.1428571429,0.7053062949,-0.073484,0.730255,1.0664625596
330044,,,-0.975858399,-0.135547404,-1.731743737,0.8246997078,-1.263697234,0,0,1,1,1,1,1,5,0.2,-0.656429413,-0.073484,0.730255,-0.798277004
330045,0.2307659691,,1.4089670459,1.6224033631,1.4464499539,2.2129844296,-0.225323179,1,0,1,1,1,1,1,6,0.1666666667,1.1160412638,-0.073484,0.730255,1.6289165968
330046,1.0925479213,0.2786389211,0.6802703821,2.085021986,2.1719072096,1.9994021647,0.8417755091,1,1,1,1,1,1,1,7,0.1428571429,1.3070805848,-0.073484,0.730255,1.8905228527
330047,-1.17942268,,-0.51214234,-0.598166027,0.9628117835,0.3975351781,,1,0,1,1,1,1,0,5,0.2,-0.185876817,-0.073484,0.730255,-0.153909644
330049,-0.866047425,,1.2764767434,1.0672610157,0.7209926983,0.3975351781,,1,0,1,1,1,1,0,5,0.2,0.5192436422,-0.073484,0.730255,0.8116712753
330055,-0.239296914,,1.9389282559,0.9284754289,0.6173559475,1.3052598038,-0.043972136,1,0,1,1,1,1,1,6,0.1666666667,0.7511250643,-0.073484,0.730255,1.1292060652
330056,1.2492355489,,0.0840640208,0.8822135666,-1.075377649,0.3441396118,,1,0,1,1,1,1,0,5,0.2,0.2968550198,-0.073484,0.730255,0.5071357769
330057,1.3275793628,0.399003353,-1.108348702,0.8822135666,0.8937206163,0.7179085754,0.5107991383,1,1,1,1,1,1,1,7,0.1428571429,0.5175537015,-0.073484,0.730255,0.809357097
330058,,,-0.247161735,0.1882856323,-1.075377649,0.6645130092,,0,0,1,1,1,1,0,4,0.25,-0.117435186,-0.073484,0.730255,-0.060186746
330059,1.8759860596,-0.925005398,1.6077024996,2.1775457105,1.1700852851,0.2907440456,-0.745796384,1,1,1,1,1,1,1,7,0.1428571429,0.7787516884,-0.073484,0.730255,1.1670375318
330065,-0.395984542,,-0.843368097,-0.783213476,-0.937195315,,,1,0,1,1,1,0,0,4,0.25,-0.739940357,-0.073484,0.730255,-0.912635584
330073,,,-0.644632643,-0.551904164,0.8246294491,,,0,0,1,1,1,0,0,3,0.3333333333,-0.123969119,-0.073484,0.730255,-0.069134212
330074,-0.631015983,,0.1503091721,0.0032381832,1.1009941179,0.1839529132,,1,0,1,1,1,1,0,5,0.2,0.1614956807,-0.073484,0.730255,0.3217768166
330078,,,0.0178188695,-0.320594853,1.4464499539,-0.937353977,,0,0,1,1,1,1,0,4,0.25,0.0515799983,-0.073484,0.730255,0.1712600017
330079,,,0.5477800796,-1.708450721,0.1682633606,-3.126572193,,0,0,1,1,1,1,0,4,0.25,-1.029744868,-0.073484,0.730255,-1.309489345
330080,,,0.3490446258,0.9284754289,-0.626285062,-0.18981605,,0,0,1,1,1,1,0,4,0.25,0.1153547355,-0.073484,0.730255,0.2585921286
330085,,,-0.379652038,-1.292093961,0.8937206163,-0.18981605,,0,0,1,1,1,1,0,4,0.25,-0.241960358,-0.073484,0.730255,-0.230709568
330086,,,,,,,,0,0,0,0,0,0,0,0,,,-0.073484,0.730255,
330090,-0.866047425,,-1.240839004,-1.47714141,-0.868104147,0.7713041416,-1.96980874,1,0,1,1,1,1,1,6,0.1666666667,-0.941772764,-0.073484,0.730255,-1.189021722
330094,,,-0.777122945,-0.413118577,0.2373545278,-0.296607183,,0,0,1,1,1,1,0,4,0.25,-0.312373544,-0.073484,0.730255,-0.327132283
330096,,,0.0840640208,1.2060466026,0.6173559475,,,0,0,1,1,1,0,0,3,0.3333333333,0.6358221903,-0.073484,0.730255,0.9713121143
33009F,0.7008288521,,0.5477800796,0.0495000455,1.6882690391,,,1,0,1,1,1,0,0,4,0.25,0.7465945041,-0.073484,0.730255,1.1230019869
330100,,,,,,,,0,0,0,0,0,0,0,0,,,-0.073484,0.730255,
330101,2.4243927564,1.3619188082,2.2701540121,1.8537126745,1.6191778719,1.6790287674,0.1618162809,1,1,1,1,1,1,1,7,0.1428571429,1.6243144531,-0.073484,0.730255,2.3249379463
330102,-1.492797935,,-1.042103551,-1.662188859,-1.144468816,0.8246997078,-0.772377388,1,0,1,1,1,1,1,6,0.1666666667,-0.881539473,-0.073484,0.730255,-1.106539197
330103,0.7008288521,,0.5477800796,-1.060784649,-1.351742318,-0.350002749,-2.02897291,1,0,1,1,1,1,1,6,0.1666666667,-0.590482282,-0.073484,0.730255,-0.707970035
330104,0.7791726659,,-0.379652038,1.3910940517,0.5482647803,0.8780952741,-0.500136461,1,0,1,1,1,1,1,6,0.1666666667,0.4528063789,-0.073484,0.730255,0.7206931269
330106,1.6409546181,2.0841053996,1.2102315921,1.5761415008,1.7228146227,0.9314908403,-0.651476693,1,1,1,1,1,1,1,7,0.1428571429,1.2163231259,-0.073484,0.730255,1.766241009
330107,1.0925479213,,0.5477800796,-0.320594853,0.3755368623,-0.510189448,-0.184165495,1,0,1,1,1,1,1,6,0.1666666667,0.1668191779,-0.073484,0.730255,0.3290667304
330111,-0.631015983,,,-0.598166027,0.2373545278,,,1,0,0,1,1,0,0,3,0.3333333333,-0.330609161,-0.073484,0.730255,-0.35210385
330115,,,-0.445897189,-1.199570236,-3.009930331,,,0,0,1,1,1,0,0,3,0.3333333333,-1.551799252,-0.073484,0.730255,-2.024382446
330119,0.6224850383,1.602647672,0.4815349283,1.6686652254,0.9282661999,1.6256332012,0.8867917254,1,1,1,1,1,1,1,7,0.1428571429,1.1165748558,-0.073484,0.730255,1.6296472893
33011F,,,,,1.0664485343,,,0,0,0,0,1,0,0,1,1,1.0664485343,-0.073484,0.730255,1.5610050893
330125,1.0925479213,0.8804610806,0.6140252308,0.14202377,0.7209926983,0.3441396118,-1.19767345,1,1,1,1,1,1,1,7,0.1428571429,0.3709309804,-0.073484,0.730255,0.6085742379
330126,1.8759860596,,0.8790058358,1.3448321894,0.7555382819,1.35865537,0.7161588295,1,0,1,1,1,1,1,6,0.1666666667,1.1550294277,-0.073484,0.730255,1.6823063782
330127,-1.022735052,,0.8127606846,1.2523084649,0.306445695,-0.029629352,0.0550635395,1,0,1,1,1,1,1,6,0.1666666667,0.2290356633,-0.073484,0.730255,0.4142650117
330128,0.309109783,,0.4152897771,0.5121186683,-0.419011561,-0.456793881,,1,0,1,1,1,1,0,5,0.2,0.0721425572,-0.073484,0.730255,0.199418048
33012F,0.0740783415,,1.6077024996,1.2985703271,1.4809955375,,-0.40581677,1,0,1,1,1,0,1,5,0.2,0.8111059872,-0.073484,0.730255,1.2113430022
330135,0.3874535968,,0.2827994746,-0.181809266,0.3409912786,,,1,0,1,1,1,0,0,4,0.25,0.207358771,-0.073484,0.730255,0.3845810146
330136,0.0740783415,-0.202818807,-0.578387492,0.0032381832,-0.453557144,0.7179085754,-1.851909126,1,1,1,1,1,1,1,7,0.1428571429,-0.327349638,-0.073484,0.730255,-0.347640311
330140,-0.239296914,1.7230121039,-0.975858399,0.2808093569,0.1682633606,0.1839529132,-1.585241635,1,1,1,1,1,1,1,7,0.1428571429,-0.063479888,-0.073484,0.730255,0.0136987948
330141,0.5441412244,,0.4815349283,0.3733330814,-0.073555725,0.9314908403,-0.907426036,1,0,1,1,1,1,1,6,0.1666666667,0.2249197189,-0.073484,0.730255,0.4086287018
330144,,,,,,,,0,0,0,0,0,0,0,0,,,-0.073484,0.730255,
330151,,,-0.975858399,-0.181809266,1.0319029507,,,0,0,1,1,1,0,0,3,0.3333333333,-0.041921572,-0.073484,0.730255,0.0432204155
330153,-1.649485563,-0.082454375,0.4815349283,1.0672610157,1.0664485343,-1.04414511,-2.006679164,1,1,1,1,1,1,1,7,0.1428571429,-0.309645676,-0.073484,0.730255,-0.323396783
330157,,,-0.975858399,-0.320594853,-0.004464557,-0.777167279,,0,0,1,1,1,1,0,4,0.25,-0.519521272,-0.073484,0.730255,-0.610797139
330158,0.3874535968,-0.082454375,-0.114671433,0.0495000455,-0.039010141,0.2907440456,-0.546010129,1,1,1,1,1,1,1,7,0.1428571429,-0.007778341,-0.073484,0.730255,0.0899756205
33015F,,,0.4152897771,0.5121186683,1.2391764523,,,0,0,1,1,1,0,0,3,0.3333333333,0.7221949659,-0.073484,0.730255,1.0895896413
330160,1.1708917351,1.2415543763,-0.578387492,0.4195949437,0.4791736131,1.1450731052,-1.012035148,1,1,1,1,1,1,1,7,0.1428571429,0.4094093047,-0.073484,0.730255,0.6612658529
330162,1.0142041074,,0.9452509871,0.9284754289,0.7900838655,1.35865537,1.0505650073,1,0,1,1,1,1,1,6,0.1666666667,1.0145391277,-0.073484,0.730255,1.4899211605
330164,,,-0.048426282,0.0957619077,0.8246294491,0.7179085754,0.0936488677,0,0,1,1,1,1,1,5,0.2,0.3367045036,-0.073484,0.730255,0.5617050363
330166,,,,,0.6519015311,,,0,0,0,0,1,0,0,1,1,0.6519015311,-0.073484,0.730255,0.9933309119
330169,0.4657974106,,0.8790058358,1.9924982614,1.1009941179,2.2663799958,1.189043463,1,0,1,1,1,1,1,6,0.1666666667,1.3156198474,-0.073484,0.730255,1.9022163853
33016F,0.7008288521,,1.6077024996,1.4836177763,0.7555382819,,,1,0,1,1,1,0,0,4,0.25,1.1369218525,-0.073484,0.730255,1.6575101481
330175,,,0.4152897771,0.1882856323,1.8955425408,,,0,0,1,1,1,0,0,3,0.3333333333,0.8330393167,-0.073484,0.730255,1.2413781603
33017F,0.3874535968,,1.6739476509,2.1312838483,1.2391764523,,-0.361229279,1,0,1,1,1,0,1,5,0.2,1.0141264538,-0.073484,0.730255,1.4893560512
330180,-0.004265472,,-1.837045366,-0.089285541,0.8591750327,0.3441396118,-0.19402619,1,0,1,1,1,1,1,6,0.1666666667,-0.153551321,-0.073484,0.730255,-0.109643616
330181,0.2307659691,,0.7465155333,1.2523084649,0.2373545278,1.2518642376,,1,0,1,1,1,1,0,5,0.2,0.7437617465,-0.073484,0.730255,1.1191228531
330182,1.7976422458,0.6397322168,1.9389282559,1.2060466026,1.2046308687,2.7469400918,-0.074840399,1,1,1,1,1,1,1,7,0.1428571429,1.3512971261,-0.073484,0.730255,1.9510722922
330184,-0.004265472,,1.0114961383,-0.45938044,-1.109923233,0.9314908403,,1,0,1,1,1,1,0,5,0.2,0.0738835668,-0.073484,0.730255,0.2018021592
330185,0.5441412244,,1.5414573484,1.4836177763,1.8264513736,1.1984686714,-0.177734607,1,0,1,1,1,1,1,6,0.1666666667,1.0694002978,-0.073484,0.730255,1.565047188
330188,,,-0.180916584,-0.644427889,-0.384465977,0.7179085754,,0,0,1,1,1,1,0,4,0.25,-0.122975469,-0.073484,0.730255,-0.067773522
330191,-2.981330398,,-2.168271122,-0.736951613,-0.833558564,0.3441396118,-0.587596538,1,0,1,1,1,1,1,6,0.1666666667,-1.160594771,-0.073484,0.730255,-1.488673153
330193,,,0.7465155333,-0.181809266,0.2028089442,-0.029629352,-0.035826345,0,0,1,1,1,1,1,5,0.2,0.140411903,-0.073484,0.730255,0.2929050215
330194,1.8759860596,0.6397322168,-0.445897189,2.0387601237,0.9628117835,1.3052598038,-1.554373373,1,1,1,1,1,1,1,7,0.1428571429,0.6888970608,-0.073484,0.730255,1.0439920112
330195,0.7791726659,,0.6802703821,1.3910940517,0.6173559475,2.1061932971,-0.608604106,1,0,1,1,1,1,1,6,0.1666666667,0.8275803731,-0.073484,0.730255,1.2339027683
330196,0.309109783,,-0.114671433,0.9284754289,-0.453557144,1.2518642376,0.4173368988,1,0,1,1,1,1,1,6,0.1666666667,0.3897596285,-0.073484,0.730255,0.6343578938
330197,1.0925479213,,0.9452509871,0.3270712192,-0.488102728,0.5577218767,,1,0,1,1,1,1,0,5,0.2,0.4868978553,-0.073484,0.730255,0.7673774611
330198,1.0142041074,,0.3490446258,0.8822135666,0.6519015311,-0.029629352,0.177679138,1,0,1,1,1,1,1,6,0.1666666667,0.5075689362,-0.073484,0.730255,0.7956841157
330199,,,,0.465856806,0.6519015311,,,0,0,0,1,1,0,0,2,0.5,0.5588791685,-0.073484,0.730255,0.8659475447
33019F,,,0.1503091721,1.3448321894,-0.004464557,,,0,0,1,1,1,0,0,3,0.3333333333,0.496892268,-0.073484,0.730255,0.7810636534
330202,,,0.0840640208,0.7434279797,-1.248105567,1.3052598038,-0.380093218,0,0,1,1,1,1,1,5,0.2,0.100910604,-0.073484,0.730255,0.2388125609
330203,1.0925479213,,-0.777122945,0.0032381832,-0.695376229,1.1984686714,-2.326508663,1,0,1,1,1,1,1,6,0.1666666667,-0.250792177,-0.073484,0.730255,-0.242803722
330204,0.6224850383,,,0.6509042552,0.5828103639,0.5577218767,-0.618464801,1,0,0,1,1,1,1,5,0.2,0.3590913467,-0.073484,0.730255,0.5923612287
330205,0.309109783,,0.3490446258,-0.736951613,-0.349920393,,,1,0,1,1,1,0,0,4,0.25,-0.1071794,-0.073484,0.730255,-0.046142633
330208,0.6224850383,,0.4815349283,1.1597847403,0.9282661999,-0.18981605,,1,0,1,1,1,1,0,5,0.2,0.6004509713,-0.073484,0.730255,0.9228753207
33020F,0.8575164798,,0.6802703821,1.8999745368,1.1009941179,,,1,0,1,1,1,0,0,4,0.25,1.1346888791,-0.073484,0.730255,1.6544523494
330211,,,0.4815349283,-0.181809266,-0.522648311,,,0,0,1,1,1,0,0,3,0.3333333333,-0.07430755,-0.073484,0.730255,-0.001128436
330214,3.8345814054,1.8433765358,2.6676249197,2.5476406088,2.65554538,3.0673134891,3.73824748,1,1,1,1,1,1,1,7,0.1428571429,2.9077614027,-0.073484,0.730255,4.0824701096
330215,,,-0.445897189,-0.968260925,-0.591739479,,,0,0,1,1,1,0,0,3,0.3333333333,-0.668632531,-0.073484,0.730255,-0.814987762
330218,,,0.2165543233,0.0957619077,-1.800834905,,,0,0,1,1,1,0,0,3,0.3333333333,-0.496172891,-0.073484,0.730255,-0.578824231
330219,,,1.0777412896,1.5298796386,-0.349920393,,-2.285350979,0,0,1,1,1,0,1,4,0.25,-0.006912611,-0.073484,0.730255,0.0911611379
330221,1.0142041074,,1.1439864408,0.4195949437,-0.764467397,0.3975351781,,1,0,1,1,1,1,0,5,0.2,0.4421706547,-0.073484,0.730255,0.7061287327
330222,0.309109783,,0.8127606846,-1.708450721,0.7209926983,-0.029629352,-0.986740322,1,0,1,1,1,1,1,6,0.1666666667,-0.146992872,-0.073484,0.730255,-0.100662578
330224,1.0925479213,,-0.114671433,-0.644427889,-0.142646892,0.7179085754,,1,0,1,1,1,1,0,5,0.2,0.1817420566,-0.073484,0.730255,0.3495018869
330226,0.309109783,,0.8790058358,-0.043023679,0.7555382819,0.1839529132,-0.875700322,1,0,1,1,1,1,1,6,0.1666666667,0.2014804688,-0.073484,0.730255,0.3765313596
330229,,,0.2827994746,-2.541164242,-0.349920393,,,0,0,1,1,1,0,0,3,0.3333333333,-0.869428387,-0.073484,0.730255,-1.089954465
330231,-0.082609286,,-0.445897189,1.437355914,0.7900838655,,,1,0,1,1,1,0,0,4,0.25,0.424733326,-0.073484,0.730255,0.6822503277
330233,-0.317640728,,-0.843368097,0.14202377,-0.729921813,-0.830562845,-2.115575535,1,0,1,1,1,1,1,6,0.1666666667,-0.782507541,-0.073484,0.730255,-0.970926419
330234,0.0740783415,1.2415543763,-1.439574458,-0.551904164,0.0991721934,-0.670376146,-1.451050438,1,1,1,1,1,1,1,7,0.1428571429,-0.385442899,-0.073484,0.730255,-0.427192314
330235,-0.1609531,,0.3490446258,0.0032381832,0.9973573671,0.5043263105,,1,0,1,1,1,1,0,5,0.2,0.3386026773,-0.073484,0.730255,0.5643043656
330238,,,-1.572064761,0.5121186683,-0.108101308,,,0,0,1,1,1,0,0,3,0.3333333333,-0.389349133,-0.073484,0.730255,-0.43254145
330239,0.7008288521,,-0.644632643,0.1882856323,0.3409912786,-1.47130964,,1,0,1,1,1,1,0,5,0.2,-0.177167304,-0.073484,0.730255,-0.141982973
330240,,,0.6802703821,0.9747372911,0.6173559475,,,0,0,1,1,1,0,0,3,0.3333333333,0.7574545402,-0.073484,0.730255,1.1378735505
330241,-0.004265472,0.0379100573,0.0840640208,-0.551904164,1.2046308687,-0.990749544,-0.469268198,1,1,1,1,1,1,1,7,0.1428571429,-0.098511776,-0.073484,0.730255,-0.034273325
330245,-0.631015983,0.2786389211,0.0178188695,0.0495000455,-0.453557144,,-1.203246886,1,1,1,1,1,0,1,6,0.1666666667,-0.323643696,-0.073484,0.730255,-0.342565452
330246,,,0.2165543233,-0.043023679,0.6864471147,-0.350002749,,0,0,1,1,1,1,0,4,0.25,0.1274937525,-0.073484,0.730255,0.2752151084
33024F,-1.336110308,,0.1503091721,0.3270712192,1.3082676195,,0.3658897945,1,0,1,1,1,0,1,5,0.2,0.1630854995,-0.073484,0.730255,0.3239538897
330250,0.2307659691,,-0.909613248,-0.228071128,1.2737220359,1.5188420687,-2.081277466,1,0,1,1,1,1,1,6,0.1666666667,-0.032605295,-0.073484,0.730255,0.0559779792
330259,0.4657974106,,-0.909613248,-0.320594853,-1.248105567,1.0382819727,,1,0,1,1,1,1,0,5,0.2,-0.194846857,-0.073484,0.730255,-0.166193077
330261,0.7008288521,,0.4152897771,0.7434279797,-0.177192475,0.1839529132,0.2651392153,1,0,1,1,1,1,1,6,0.1666666667,0.3552410437,-0.073484,0.730255,0.587088684
330264,0.7008288521,,0.8790058358,0.465856806,-0.142646892,-0.18981605,-0.663909743,1,0,1,1,1,1,1,6,0.1666666667,0.1748864682,-0.073484,0.730255,0.3401139514
330265,,,,-0.598166027,0.4446280295,,,0,0,0,1,1,0,0,2,0.5,-0.076768999,-0.073484,0.730255,-0.004499106
330267,0.6224850383,,0.0840640208,0.2345474946,0.9973573671,0.6111174429,,1,0,1,1,1,1,0,5,0.2,0.5099142727,-0.073484,0.730255,0.7988957829
330270,,,,,,,0.1721057017,0,0,0,0,0,0,1,1,1,0.1721057017,-0.073484,0.730255,0.3363060134
330273,,,-0.379652038,1.0209991534,1.2046308687,0.3441396118,,0,0,1,1,1,1,0,4,0.25,0.547529399,-0.073484,0.730255,0.850405348
330276,,,-1.969535668,-0.505642302,-0.971740898,,,0,0,1,1,1,0,0,3,0.3333333333,-1.148972956,-0.073484,0.730255,-1.472758422
330277,,,0.1503091721,0.1882856323,-0.108101308,-0.029629352,,0,0,1,1,1,1,0,4,0.25,0.0502160361,-0.073484,0.730255,0.1693922132
330279,-0.631015983,0.399003353,-0.247161735,-0.736951613,-0.246283643,-0.563585014,-1.984814145,1,1,1,1,1,1,1,7,0.1428571429,-0.572972683,-0.073484,0.730255,-0.683992664
330285,0.0740783415,0.2786389211,-0.313406887,-0.598166027,1.2046308687,0.2907440456,-1.109784647,1,1,1,1,1,1,1,7,0.1428571429,-0.024752198,-0.073484,0.730255,0.0667318875
330286,-1.257766494,0.1582744892,0.2165543233,-0.829475338,-0.937195315,0.7179085754,-0.913856924,1,1,1,1,1,1,1,7,0.1428571429,-0.406508098,-0.073484,0.730255,-0.456038666
330304,0.6224850383,,-0.114671433,1.3448321894,1.8264513736,1.5722376349,1.30351327,1,0,1,1,1,1,1,6,0.1666666667,1.0924746789,-0.073484,0.730255,1.5966448843
330307,0.5441412244,,-1.373329307,-0.413118577,-1.1790144,-0.563585014,-0.150724878,1,0,1,1,1,1,1,6,0.1666666667,-0.522605159,-0.073484,0.730255,-0.615020164
330331,0.7791726659,,0.8790058358,0.9747372911,0.7209926983,1.1450731052,0.2364145821,1,0,1,1,1,1,1,6,0.1666666667,0.7892326964,-0.073484,0.730255,1.1813900601
330332,-1.336110308,,0.7465155333,1.1597847403,-0.937195315,-0.777167279,,1,0,1,1,1,1,0,5,0.2,-0.228834525,-0.073484,0.730255,-0.212735258
330350,0.1524221553,,,0.465856806,-0.764467397,0.9314908403,,1,0,0,1,1,1,0,4,0.25,0.1963256012,-0.073484,0.730255,0.3694723647
330386,0.2307659691,,0.6802703821,0.4195949437,-0.039010141,0.0771617807,,1,0,1,1,1,1,0,5,0.2,0.2737565869,-0.073484,0.730255,0.4755051445
330393,0.0740783415,0.6397322168,2.0051734071,0.6509042552,1.1700852851,1.3052598038,-1.275701558,1,1,1,1,1,1,1,7,0.1428571429,0.6527902502,-0.073484,0.730255,0.99454791
330394,-1.022735052,-1.647191989,-1.505819609,-2.402378656,-0.004464557,-1.150936242,-2.717077929,1,1,1,1,1,1,1,7,0.1428571429,-1.492943434,-0.073484,0.730255,-1.94378621
330395,0.0740783415,,-1.373329307,0.6046423929,-3.735387586,-2.218847567,,1,0,1,1,1,1,0,5,0.2,-1.329768745,-0.073484,0.730255,-1.720337346
330396,,,,0.9284754289,-0.31537481,,,0,0,0,1,1,0,0,2,0.5,0.3065503095,-0.073484,0.730255,0.5204123549
330399,,,,0.8359517043,-0.591739479,-0.18981605,,0,0,0,1,1,1,0,3,0.3333333333,0.0181320584,-0.073484,0.730255,0.1254569164
330401,0.9358602936,,-0.114671433,0.465856806,0.4100824459,2.2663799958,-0.130146036,1,0,1,1,1,1,1,6,0.1666666667,0.6388936787,-0.073484,0.730255,0.9755181625
330405,,,,,,,,0,0,0,0,0,0,0,0,,,-0.073484,0.730255,
330406,,,,,,,,0,0,0,0,0,0,0,0,,,-0.073484,0.730255,
331301,,,,,,,,0,0,0,0,0,0,0,0,,,-0.073484,0.730255,
331302,,,,,-0.591739479,,,0,0,0,0,1,0,0,1,1,-0.591739479,-0.073484,0.730255,-0.70969162
331303,,,,,,,,0,0,0,0,0,0,0,0,,,-0.073484,0.730255,
331304,,,,,,,,0,0,0,0,0,0,0,0,,,-0.073484,0.730255,
331305,,,,,,,,0,0,0,0,0,0,0,0,,,-0.073484,0.730255,
331307,,,,,,,,0,0,0,0,0,0,0,0,,,-0.073484,0.730255,
331309,,,,,,,,0,0,0,0,0,0,0,0,,,-0.073484,0.730255,
331310,,,,,0.0646266098,,,0,0,0,0,1,0,0,1,1,0.0646266098,-0.073484,0.730255,0.1891258273
331311,,,,0.0032381832,-1.731743737,,,0,0,0,1,1,0,0,2,0.5,-0.864252777,-0.073484,0.730255,-1.082867066
331312,,,,,,,,0,0,0,0,0,0,0,0,,,-0.073484,0.730255,
331313,,,,,-0.591739479,,,0,0,0,0,1,0,0,1,1,-0.591739479,-0.073484,0.730255,-0.70969162
331314,,,,,-1.351742318,,,0,0,0,0,1,0,0,1,1,-1.351742318,-0.073484,0.730255,-1.750427612
331315,,,,,0.5482647803,,,0,0,0,0,1,0,0,1,1,0.5482647803,-0.073484,0.730255,0.8514123676
331316,,,-0.114671433,-1.199570236,-0.384465977,,,0,0,1,1,1,0,0,3,0.3333333333,-0.566235882,-0.073484,0.730255,-0.674767394
331317,,,,,,,,0,0,0,0,0,0,0,0,,,-0.073484,0.730255,
331319,,,,,,,,0,0,0,0,0,0,0,0,,,-0.073484,0.730255,
331320,,,-0.180916584,-0.644427889,-0.246283643,,,0,0,1,1,1,0,0,3,0.3333333333,-0.357209372,-0.073484,0.730255,-0.388529763
331321,,,0.4815349283,-1.292093961,1.2391764523,,,0,0,1,1,1,0,0,3,0.3333333333,0.1428724733,-0.073484,0.730255,0.2962744879
340001,-0.552672169,1.1211899444,1.3427218946,1.437355914,-0.488102728,0.6111174429,-1.320717774,1,1,1,1,1,1,1,7,0.1428571429,0.3072703607,-0.073484,0.730255,0.5213983816
340002,2.1893613149,0.5193677849,-0.379652038,0.0495000455,0.8937206163,-0.403398315,-0.154154685,1,1,1,1,1,1,1,7,0.1428571429,0.3878206748,-0.073484,0.730255,0.631702721
340003,,,-1.307084156,0.5583805306,-0.453557144,-0.830562845,,0,0,1,1,1,1,0,4,0.25,-0.508205904,-0.073484,0.730255,-0.59530205
340004,-0.709359797,,-0.379652038,-0.829475338,-0.004464557,-1.524705206,-0.30720982,1,0,1,1,1,1,1,6,0.1666666667,-0.625811126,-0.073484,0.730255,-0.756348801
340008,-0.395984542,,-1.505819609,0.14202377,-0.419011561,-0.029629352,,1,0,1,1,1,1,0,5,0.2,-0.441684259,-0.073484,0.730255,-0.504208351
340010,1.0142041074,,-0.777122945,0.2808093569,0.2719001114,0.3441396118,-0.60603175,1,0,1,1,1,1,1,6,0.1666666667,0.0879830819,-0.073484,0.730255,0.2211098146
340013,0.6224850383,,-1.108348702,-2.309854931,0.6173559475,-0.350002749,,1,0,1,1,1,1,0,5,0.2,-0.505673079,-0.073484,0.730255,-0.59183364
340014,-0.239296914,-1.887920853,0.0178188695,-0.829475338,1.1355397015,0.2907440456,0.9082280188,1,1,1,1,1,1,1,7,0.1428571429,-0.086337496,-0.073484,0.730255,-0.017602056
340015,-1.727829377,,-0.777122945,-0.274332991,-1.628106987,-2.005265302,-0.583309279,1,0,1,1,1,1,1,6,0.1666666667,-1.16599448,-0.073484,0.730255,-1.496067431
340016,,,0.3490446258,0.465856806,0.8591750327,0.130557347,,0,0,1,1,1,1,0,4,0.25,0.4511584529,-0.073484,0.730255,0.7184364828
340017,0.9358602936,,-0.445897189,-0.829475338,1.4464499539,1.3052598038,0.275857362,1,0,1,1,1,1,1,6,0.1666666667,0.4480091477,-0.073484,0.730255,0.7141238736
340020,0.1524221553,,-0.247161735,0.0032381832,-0.79901298,-2.432429832,,1,0,1,1,1,1,0,5,0.2,-0.664588842,-0.073484,0.730255,-0.809450398
340021,-0.944391238,,0.0840640208,0.6046423929,-0.660830646,-1.684891905,,1,0,1,1,1,1,0,5,0.2,-0.520281475,-0.073484,0.730255,-0.611838149
340023,,,1.0114961383,-0.089285541,1.2737220359,0.0771617807,,0,0,1,1,1,1,0,4,0.25,0.5682736034,-0.073484,0.730255,0.8788121368
340024,,,0.6140252308,-0.274332991,-0.79901298,-0.136420484,,0,0,1,1,1,1,0,4,0.25,-0.148935306,-0.073484,0.730255,-0.103322517
340027,0.3874535968,,0.2165543233,0.5121186683,0.1682633606,-0.136420484,,1,0,1,1,1,1,0,5,0.2,0.229593893,-0.073484,0.730255,0.4150294426
340028,-2.432923701,-1.406463126,0.8127606846,0.2345474946,-1.800834905,-0.403398315,-1.124790052,1,1,1,1,1,1,1,7,0.1428571429,-0.874443131,-0.073484,0.730255,-1.096821577
340030,2.3460489426,0.6397322168,1.0114961383,0.3733330814,1.3773587867,0.5577218767,-1.602819396,1,1,1,1,1,1,1,7,0.1428571429,0.6718388067,-0.073484,0.730255,1.0206327051
340032,0.5441412244,0.5193677849,1.6077024996,0.0957619077,0.9628117835,0.2907440456,-0.391668816,1,1,1,1,1,1,1,7,0.1428571429,0.5184086328,-0.073484,0.730255,0.8105278266
340039,-1.414454121,,-0.644632643,-0.320594853,-0.419011561,0.2373484794,-0.644617079,1,0,1,1,1,1,1,6,0.1666666667,-0.534326963,-0.073484,0.730255,-0.63107182
340040,-1.336110308,0.8804610806,-0.578387492,-0.644427889,-0.660830646,-0.61698058,0.34145242,1,1,1,1,1,1,1,7,0.1428571429,-0.373546202,-0.073484,0.730255,-0.410901162
340041,-0.866047425,,-2.168271122,-1.939760033,-1.351742318,-1.417914073,,1,0,1,1,1,1,0,5,0.2,-1.548746994,-0.073484,0.730255,-2.020202732
340042,-2.276236074,,-2.234516273,-0.690689751,-1.66265257,-0.830562845,,1,0,1,1,1,1,0,5,0.2,-1.538931503,-0.073484,0.730255,-2.006761552
340047,-2.119548446,-0.202818807,0.7465155333,0.6509042552,1.1700852851,-0.18981605,0.0284825356,1,1,1,1,1,1,1,7,0.1428571429,0.0119720438,-0.073484,0.730255,0.1170214887
340049,,,,,,,,0,0,0,0,0,0,0,0,,,-0.073484,0.730255,
340050,-1.414454121,,-1.770800214,-0.320594853,-0.833558564,-0.510189448,-1.214822484,1,0,1,1,1,1,1,6,0.1666666667,-1.010736614,-0.073484,0.730255,-1.283459739
340051,0.3874535968,,-1.307084156,0.1882856323,0.4446280295,0.3975351781,0.082930721,1,0,1,1,1,1,1,6,0.1666666667,0.0322915003,-0.073484,0.730255,0.1448466345
340053,0.6224850383,-0.804640966,0.2165543233,-0.181809266,0.5482647803,-0.243211617,2.1253807609,1,1,1,1,1,1,1,7,0.1428571429,0.3261461506,-0.073484,0.730255,0.5472465929
340060,,,0.4152897771,0.3270712192,-0.902649731,0.3975351781,,0,0,1,1,1,1,0,4,0.25,0.0593116108,-0.073484,0.730255,0.1818475508
340061,1.2492355489,-0.082454375,1.5414573484,0.1882856323,1.9300881244,0.5043263105,0.5502419182,1,1,1,1,1,1,1,7,0.1428571429,0.840168644,-0.073484,0.730255,1.2511409495
340064,,,0.1503091721,0.9747372911,0.5482647803,0.2907440456,,0,0,1,1,1,1,0,4,0.25,0.4910138223,-0.073484,0.730255,0.7730138018
340068,,,-0.114671433,-1.060784649,-2.42265541,0.1839529132,,0,0,1,1,1,1,0,4,0.25,-0.853539645,-0.073484,0.730255,-1.06819667
340069,-0.866047425,1.4822832401,-1.572064761,-0.598166027,0.5482647803,0.3975351781,-1.780740632,1,1,1,1,1,1,1,7,0.1428571429,-0.341276521,-0.073484,0.730255,-0.366711566
340070,-0.552672169,,-2.367006576,-0.644427889,-0.971740898,-0.990749544,-1.035186345,1,0,1,1,1,1,1,6,0.1666666667,-1.09363057,-0.073484,0.730255,-1.396973425
340071,0.1524221553,,0.1503091721,-0.228071128,-0.246283643,0.130557347,,1,0,1,1,1,1,0,5,0.2,-0.008213219,-0.073484,0.730255,0.0893801054
340073,0.1524221553,,1.6077024996,0.789689842,1.2046308687,1.35865537,0.0872179797,1,0,1,1,1,1,1,6,0.1666666667,0.8667197859,-0.073484,0.730255,1.2874996676
340075,-0.239296914,,0.2827994746,-0.968260925,-0.764467397,-2.218847567,-0.732077156,1,0,1,1,1,1,1,6,0.1666666667,-0.773358414,-0.073484,0.730255,-0.958397747
340084,,,,,,,,0,0,0,0,0,0,0,0,,,-0.073484,0.730255,
340085,,,-0.445897189,-0.135547404,-0.039010141,-2.966385494,,0,0,1,1,1,1,0,4,0.25,-0.896710057,-0.073484,0.730255,-1.127313557
340087,,,0.8127606846,0.4195949437,0.133717777,0.2373484794,,0,0,1,1,1,1,0,4,0.25,0.4008554712,-0.073484,0.730255,0.6495523671
340090,0.5441412244,,-0.048426282,-0.089285541,-0.004464557,0.0237662145,-0.579450747,1,0,1,1,1,1,1,6,0.1666666667,-0.025619948,-0.073484,0.730255,0.0655436036
340091,1.4842669904,-0.082454375,0.0840640208,-0.274332991,-0.004464557,-0.029629352,-1.219109743,1,1,1,1,1,1,1,7,0.1428571429,-0.005951429,-0.073484,0.730255,0.092477365
340096,,,0.3490446258,-0.135547404,-0.349920393,-0.883958411,,0,0,1,1,1,1,0,4,0.25,-0.255095396,-0.073484,0.730255,-0.248696482
340097,,,-0.048426282,-1.245832099,0.0646266098,-0.777167279,,0,0,1,1,1,1,0,4,0.25,-0.501699762,-0.073484,0.730255,-0.586392642
340098,-1.336110308,1.0008255125,0.4815349283,0.1882856323,-0.246283643,1.7858198998,-0.419535997,1,1,1,1,1,1,1,7,0.1428571429,0.2077908608,-0.073484,0.730255,0.3851727116
340099,,,0.8790058358,-0.690689751,-0.729921813,-1.684891905,,0,0,1,1,1,1,0,4,0.25,-0.556624408,-0.073484,0.730255,-0.661605592
340107,,,-0.644632643,-1.800974446,-1.248105567,-1.150936242,,0,0,1,1,1,1,0,4,0.25,-1.211162225,-0.073484,0.730255,-1.557919433
340109,-0.552672169,,-1.307084156,0.1882856323,-0.660830646,0.1839529132,0.8614968991,1,0,1,1,1,1,1,6,0.1666666667,-0.214475254,-0.073484,0.730255,-0.193071897
340113,1.4059231766,0.7600966487,0.8790058358,0.6046423929,0.3755368623,0.0771617807,-0.723073913,1,1,1,1,1,1,1,7,0.1428571429,0.482756112,-0.073484,0.730255,0.7617058227
340114,1.5626108043,1.1211899444,0.1503091721,1.6224033631,1.2737220359,1.6790287674,0.4289124973,1,1,1,1,1,1,1,7,0.1428571429,1.1197395121,-0.073484,0.730255,1.6339809201
340115,-0.474328355,0.2786389211,0.5477800796,0.789689842,-0.488102728,-1.47130964,-0.404959318,1,1,1,1,1,1,1,7,0.1428571429,-0.174655885,-0.073484,0.730255,-0.138543876
340116,-0.474328355,0.6397322168,-1.770800214,-2.587426105,0.133717777,-0.777167279,-0.185880399,1,1,1,1,1,1,1,7,0.1428571429,-0.717450337,-0.073484,0.730255,-0.881838102
340119,-0.082609286,,0.6140252308,-0.598166027,-1.213559983,-0.510189448,,1,0,1,1,1,1,0,5,0.2,-0.358099903,-0.073484,0.730255,-0.389749242
340120,,,-0.379652038,0.465856806,-0.591739479,0.0771617807,,0,0,1,1,1,1,0,4,0.25,-0.107093232,-0.073484,0.730255,-0.046024637
340123,,,-0.710877794,-0.228071128,0.5482647803,0.130557347,,0,0,1,1,1,1,0,4,0.25,-0.065031699,-0.073484,0.730255,0.0115737689
340126,-0.395984542,,0.3490446258,0.0495000455,-1.869926072,-1.951869736,,1,0,1,1,1,1,0,5,0.2,-0.763847136,-0.073484,0.730255,-0.945373152
340127,,,,-0.829475338,-3.148112665,-0.883958411,,0,0,0,1,1,1,0,3,0.3333333333,-1.620515471,-0.073484,0.730255,-2.118481362
340129,-0.631015983,,0.6802703821,0.2808093569,-1.524470236,-1.951869736,0.573821841,1,0,1,1,1,1,1,6,0.1666666667,-0.428742396,-0.073484,0.730255,-0.486485966
34012F,1.0142041074,,1.2102315921,1.5761415008,1.1700852851,,-0.831541558,1,0,1,1,1,0,1,5,0.2,0.8278241856,-0.073484,0.730255,1.2342366413
340130,0.3874535968,,1.3427218946,0.9747372911,0.4100824459,0.3441396118,0.0572071689,1,0,1,1,1,1,1,6,0.1666666667,0.5860570015,-0.073484,0.730255,0.9031644438
340131,-0.004265472,0.7600966487,-0.909613248,0.465856806,0.8937206163,-0.136420484,-1.528221095,1,1,1,1,1,1,1,7,0.1428571429,-0.065549461,-0.073484,0.730255,0.0108647533
340132,-0.004265472,,0.0178188695,0.7434279797,-2.180836324,-0.563585014,,1,0,1,1,1,1,0,5,0.2,-0.397487992,-0.073484,0.730255,-0.443686675
34013F,,,1.3427218946,1.5761415008,0.8591750327,,,0,0,1,1,1,0,0,3,0.3333333333,1.2593461427,-0.073484,0.730255,1.8251560549
340141,-0.474328355,-3.211929604,-1.903290517,-1.245832099,-0.522648311,0.2373484794,-1.605391751,1,1,1,1,1,1,1,7,0.1428571429,-1.246581737,-0.073484,0.730255,-1.606422359
340142,-0.709359797,,-0.445897189,-1.430879548,-2.180836324,-0.296607183,,1,0,1,1,1,1,0,5,0.2,-1.012716008,-0.073484,0.730255,-1.28617029
340143,-2.432923701,,-1.042103551,-0.366856715,-2.319018659,-0.296607183,-1.044189589,1,0,1,1,1,1,1,6,0.1666666667,-1.250283233,-0.073484,0.730255,-1.611491129
340145,-0.239296914,,-1.439574458,0.4195949437,-0.31537481,-0.18981605,,1,0,1,1,1,1,0,5,0.2,-0.352893458,-0.073484,0.730255,-0.382619618
340147,-0.631015983,,0.3490446258,0.6971661174,0.7555382819,0.1839529132,-0.519000399,1,0,1,1,1,1,1,6,0.1666666667,0.139280926,-0.073484,0.730255,0.2913562793
340148,,,,,,,,0,0,0,0,0,0,0,0,,,-0.073484,0.730255,
340151,,,1.4089670459,0.3733330814,-1.386287901,-2.539220964,,0,0,1,1,1,1,0,4,0.25,-0.535802185,-0.073484,0.730255,-0.633091965
340155,0.9358602936,0.2786389211,0.3490446258,-0.135547404,0.7900838655,1.7324243336,1.938456282,1,1,1,1,1,1,1,7,0.1428571429,0.8412801311,-0.073484,0.730255,1.2526630025
340156,,,,,,,,0,0,0,0,0,0,0,0,,,-0.073484,0.730255,
340158,0.3874535968,,0.1503091721,-0.181809266,-2.284473075,0.3975351781,0.6629968217,1,0,1,1,1,1,1,6,0.1666666667,-0.144664595,-0.073484,0.730255,-0.097474273
340159,,,,-1.89349817,-0.626285062,,,0,0,0,1,1,0,0,2,0.5,-1.259891616,-0.073484,0.730255,-1.624648699
340166,,,0.8127606846,0.465856806,0.0991721934,0.2907440456,,0,0,1,1,1,1,0,4,0.25,0.4171334324,-0.073484,0.730255,0.6718431524
340168,,,,,,,,0,0,0,0,0,0,0,0,,,-0.073484,0.730255,
340171,1.4842669904,,0.6140252308,0.6971661174,0.7900838655,0.0771617807,0.6750011461,1,0,1,1,1,1,1,6,0.1666666667,0.7229508552,-0.073484,0.730255,1.0906247442
340173,-0.239296914,,-0.379652038,0.3733330814,1.0319029507,0.4509307443,0.2098335782,1,0,1,1,1,1,1,6,0.1666666667,0.2411752338,-0.073484,0.730255,0.4308887495
34017F,0.2307659691,,0.0178188695,1.0209991534,1.2046308687,,,1,0,1,1,1,0,0,4,0.25,0.6185537152,-0.073484,0.730255,0.9476649349
340183,0.8575164798,,0.4815349283,0.6509042552,0.3755368623,-0.723771713,-0.127573681,1,0,1,1,1,1,1,6,0.1666666667,0.2523578554,-0.073484,0.730255,0.4462020564
340184,0.7791726659,,0.7465155333,-1.245832099,-1.144468816,-0.296607183,,1,0,1,1,1,1,0,5,0.2,-0.23224398,-0.073484,0.730255,-0.217404111
340187,,,,1.6686652254,1.6191778719,,,0,0,0,1,1,0,0,2,0.5,1.6439215487,-0.073484,0.730255,2.3517875961
340188,,,0.8127606846,0.6046423929,0.4446280295,,,0,0,1,1,1,0,0,3,0.3333333333,0.6206770356,-0.073484,0.730255,0.9505725766
340190,,,-0.247161735,0.8822135666,1.7228146227,-0.937353977,,0,0,1,1,1,1,0,4,0.25,0.3551281191,-0.073484,0.730255,0.5869340469
340195,,,,,,,,0,0,0,0,0,0,0,0,,,-0.073484,0.730255,
34036F,1.3275793628,,-0.180916584,1.5298796386,2.5173630456,,0.822482845,1,0,1,1,1,0,1,5,0.2,1.2032776615,-0.073484,0.730255,1.7483767544
341303,,,,,,,,0,0,0,0,0,0,0,0,,,-0.073484,0.730255,
341304,,,,-0.921999063,-0.557193895,0.1839529132,,0,0,0,1,1,1,0,3,0.3333333333,-0.431746681,-0.073484,0.730255,-0.490599988
341305,,,,,,,,0,0,0,0,0,0,0,0,,,-0.073484,0.730255,
341307,,,,,,,,0,0,0,0,0,0,0,0,,,-0.073484,0.730255,
341311,,,,,0.2719001114,,,0,0,0,0,1,0,0,1,1,0.2719001114,-0.073484,0.730255,0.472962916
341314,,,,,-0.695376229,,,0,0,0,0,1,0,0,1,1,-0.695376229,-0.073484,0.730255,-0.851610165
341315,,,,,-1.766289321,,,0,0,0,0,1,0,0,1,1,-1.766289321,-0.073484,0.730255,-2.31810179
341316,,,,,-0.31537481,,,0,0,0,0,1,0,0,1,1,-0.31537481,-0.073484,0.730255,-0.331242169
341317,,,,,,,,0,0,0,0,0,0,0,0,,,-0.073484,0.730255,
341318,,,-1.903290517,-1.199570236,0.0300810262,0.0771617807,,0,0,1,1,1,1,0,4,0.25,-0.748904487,-0.073484,0.730255,-0.924910922
341319,,,0.4815349283,-1.615926997,-1.248105567,,,0,0,1,1,1,0,0,3,0.3333333333,-0.794165879,-0.073484,0.730255,-0.986891164
341320,,,,,-1.766289321,,,0,0,0,0,1,0,0,1,1,-1.766289321,-0.073484,0.730255,-2.31810179
341322,,,,0.465856806,0.306445695,,,0,0,0,1,1,0,0,2,0.5,0.3861512505,-0.073484,0.730255,0.6294166375
341323,,,,,0.5828103639,,,0,0,0,0,1,0,0,1,1,0.5828103639,-0.073484,0.730255,0.898718549
341324,,,0.9452509871,-1.107046512,0.9973573671,,,0,0,1,1,1,0,0,3,0.3333333333,0.2785206142,-0.073484,0.730255,0.4820289288
341325,,,0.7465155333,-0.274332991,-0.419011561,-0.456793881,,0,0,1,1,1,1,0,4,0.25,-0.100905725,-0.073484,0.730255,-0.037551561
341326,,,-0.578387492,0.3270712192,-0.660830646,0.8780952741,,0,0,1,1,1,1,0,4,0.25,-0.008512911,-0.073484,0.730255,0.0889697122
341327,,,,0.14202377,-1.075377649,,,0,0,0,1,1,0,0,2,0.5,-0.46667694,-0.073484,0.730255,-0.538432937
341328,,,0.0178188695,-0.089285541,-0.764467397,-0.350002749,,0,0,1,1,1,1,0,4,0.25,-0.296484204,-0.073484,0.730255,-0.305373669
341329,,,,0.0957619077,0.4791736131,-0.350002749,,0,0,0,1,1,1,0,3,0.3333333333,0.0749775906,-0.073484,0.730255,0.2033002983
350002,0.7008288521,-2.489743013,-0.975858399,0.3270712192,0.306445695,-0.403398315,-0.651047967,1,1,1,1,1,1,1,7,0.1428571429,-0.455100275,-0.073484,0.730255,-0.522580034
350006,-1.022735052,-0.563912102,-0.114671433,-0.320594853,-0.626285062,0.0237662145,-0.409246577,1,1,1,1,1,1,1,7,0.1428571429,-0.433382695,-0.073484,0.730255,-0.492840319
350011,0.9358602936,0.2786389211,0.0840640208,0.6046423929,1.5500867047,0.3975351781,-0.393383719,1,1,1,1,1,1,1,7,0.1428571429,0.4939205417,-0.073484,0.730255,0.7769942179
350015,0.7791726659,0.6397322168,0.7465155333,0.5583805306,1.1355397015,0.130557347,1.1971892545,1,1,1,1,1,1,1,7,0.1428571429,0.7410124642,-0.073484,0.730255,1.115358029
350019,0.8575164798,-0.082454375,0.4815349283,-0.413118577,1.0664485343,1.6790287674,0.2698551999,1,1,1,1,1,1,1,7,0.1428571429,0.5512587082,-0.073484,0.730255,0.8555122057
35002F,,,0.0178188695,1.7149270877,2.1028160424,,,0,0,1,1,1,0,0,3,0.3333333333,1.2785206665,-0.073484,0.730255,1.8514133477
350063,,,1.0777412896,,,,,0,0,1,0,0,0,0,1,1,1.0777412896,-0.073484,0.730255,1.5764692117
350070,-0.1609531,0.2786389211,-1.240839004,-0.505642302,0.8246294491,0.2373484794,-1.966807659,1,1,1,1,1,1,1,7,0.1428571429,-0.361946459,-0.073484,0.730255,-0.395016657
351300,,,,,,,,0,0,0,0,0,0,0,0,,,-0.073484,0.730255,
351301,,,,,,,,0,0,0,0,0,0,0,0,,,-0.073484,0.730255,
351302,,,,,,,,0,0,0,0,0,0,0,0,,,-0.073484,0.730255,
351303,,,,,-0.695376229,,,0,0,0,0,1,0,0,1,1,-0.695376229,-0.073484,0.730255,-0.851610165
351304,,,,,,,,0,0,0,0,0,0,0,0,,,-0.073484,0.730255,
351305,,,,,,,,0,0,0,0,0,0,0,0,,,-0.073484,0.730255,
351306,,,,,,,,0,0,0,0,0,0,0,0,,,-0.073484,0.730255,
351307,,,,,-0.971740898,,,0,0,0,0,1,0,0,1,1,-0.971740898,-0.073484,0.730255,-1.230059616
351308,,,,,,,,0,0,0,0,0,0,0,0,,,-0.073484,0.730255,
351309,,,,-0.366856715,,,,0,0,0,1,0,0,0,1,1,-0.366856715,-0.073484,0.730255,-0.401740684
351310,,,,,-0.073555725,,,0,0,0,0,1,0,0,1,1,-0.073555725,-0.073484,0.730255,-0.000098899
351311,,,,,,,,0,0,0,0,0,0,0,0,,,-0.073484,0.730255,
351312,,,,,,,,0,0,0,0,0,0,0,0,,,-0.073484,0.730255,
351313,,,,,,,,0,0,0,0,0,0,0,0,,,-0.073484,0.730255,
351314,,,,,-1.075377649,,,0,0,0,0,1,0,0,1,1,-1.075377649,-0.073484,0.730255,-1.371978161
351315,,,,,-1.109923233,,,0,0,0,0,1,0,0,1,1,-1.109923233,-0.073484,0.730255,-1.419284342
351316,,,,,0.0991721934,,,0,0,0,0,1,0,0,1,1,0.0991721934,-0.073484,0.730255,0.2364320087
351318,,,,,-1.386287901,,,0,0,0,0,1,0,0,1,1,-1.386287901,-0.073484,0.730255,-1.797733794
351319,,,,,,,,0,0,0,0,0,0,0,0,,,-0.073484,0.730255,
351320,,,,,-0.384465977,,,0,0,0,0,1,0,0,1,1,-0.384465977,-0.073484,0.730255,-0.425854532
351321,,,,,0.3755368623,,,0,0,0,0,1,0,0,1,1,0.3755368623,-0.073484,0.730255,0.6148814603
351322,,,,,,,,0,0,0,0,0,0,0,0,,,-0.073484,0.730255,
351323,,,,,-0.79901298,,,0,0,0,0,1,0,0,1,1,-0.79901298,-0.073484,0.730255,-0.993528709
351324,,,,-0.274332991,-0.522648311,,,0,0,0,1,1,0,0,2,0.5,-0.398490651,-0.073484,0.730255,-0.445059701
351325,,,,,,,,0,0,0,0,0,0,0,0,,,-0.073484,0.730255,
351326,,,,,-0.660830646,,,0,0,0,0,1,0,0,1,1,-0.660830646,-0.073484,0.730255,-0.804303983
351327,,,,-1.338355823,-0.626285062,,,0,0,0,1,1,0,0,2,0.5,-0.982320443,-0.073484,0.730255,-1.244547079
351328,,,,,,,,0,0,0,0,0,0,0,0,,,-0.073484,0.730255,
351329,,,,,,,,0,0,0,0,0,0,0,0,,,-0.073484,0.730255,
351330,,,-0.180916584,-0.644427889,-1.973562823,,,0,0,1,1,1,0,0,3,0.3333333333,-0.932969099,-0.073484,0.730255,-1.176966121
351331,,,,,-0.073555725,,,0,0,0,0,1,0,0,1,1,-0.073555725,-0.073484,0.730255,-0.000098899
351332,,,,,-0.79901298,,,0,0,0,0,1,0,0,1,1,-0.79901298,-0.073484,0.730255,-0.993528709
351333,,,,-0.089285541,-1.489924652,,,0,0,0,1,1,0,0,2,0.5,-0.789605097,-0.073484,0.730255,-0.980645701
351334,,,,-0.413118577,-0.108101308,,,0,0,0,1,1,0,0,2,0.5,-0.260609943,-0.073484,0.730255,-0.256248017
351335,,,-0.777122945,-0.228071128,-0.177192475,,,0,0,1,1,1,0,0,3,0.3333333333,-0.39412885,-0.073484,0.730255,-0.439086718
351336,,,,-0.413118577,-0.177192475,,,0,0,0,1,1,0,0,2,0.5,-0.295155526,-0.073484,0.730255,-0.303554198
351364,,,,,,,,0,0,0,0,0,0,0,0,,,-0.073484,0.730255,
360001,-0.866047425,-1.406463126,-3.758154752,0.5121186683,0.2719001114,0.2907440456,-0.119427889,1,1,1,1,1,1,1,7,0.1428571429,-0.725047195,-0.073484,0.730255,-0.892241121
360002,,,-0.247161735,-0.366856715,0.0646266098,-0.350002749,,0,0,1,1,1,1,0,4,0.25,-0.224848647,-0.073484,0.730255,-0.207277059
360003,0.9358602936,0.6397322168,-1.969535668,0.789689842,0.7900838655,1.3052598038,-0.629182947,1,1,1,1,1,1,1,7,0.1428571429,0.2659867723,-0.073484,0.730255,0.4648652819
360006,1.7192984319,1.4822832401,-1.505819609,0.2345474946,0.0991721934,0.3975351781,-0.0632648,1,1,1,1,1,1,1,7,0.1428571429,0.3376788755,-0.073484,0.730255,0.5630393259
360008,-3.059674212,0.1582744892,-0.51214234,-0.783213476,-0.453557144,-2.379034265,-0.3715187,1,1,1,1,1,1,1,7,0.1428571429,-1.057266521,-0.073484,0.730255,-1.347177066
360009,-0.004265472,0.5193677849,-0.710877794,0.789689842,-0.142646892,1.0916775389,0.8885066288,1,1,1,1,1,1,1,7,0.1428571429,0.3473502338,-0.073484,0.730255,0.5762831325
360010,,,-0.909613248,-1.292093961,-0.660830646,0.7179085754,,0,0,1,1,1,1,0,4,0.25,-0.53615732,-0.073484,0.730255,-0.633578282
360011,1.1708917351,,1.3427218946,-1.199570236,0.2719001114,1.5722376349,-1.324147581,1,0,1,1,1,1,1,6,0.1666666667,0.3056722598,-0.073484,0.730255,0.5192099673
360012,-0.395984542,-0.804640966,0.1503091721,-0.644427889,-0.937195315,0.2373484794,-0.724788816,1,1,1,1,1,1,1,7,0.1428571429,-0.445625697,-0.073484,0.730255,-0.509605694
360013,0.2307659691,,-0.180916584,-1.060784649,-1.075377649,,,1,0,1,1,1,0,0,4,0.25,-0.521578228,-0.073484,0.730255,-0.613613902
360014,,,1.0777412896,1.3910940517,1.2737220359,-0.083024918,,0,0,1,1,1,1,0,4,0.25,0.9148831148,-0.073484,0.730255,1.3534537763
360016,0.5441412244,-1.04536983,-0.247161735,1.2523084649,1.5500867047,-0.456793881,0.6805745824,1,1,1,1,1,1,1,7,0.1428571429,0.3253979328,-0.073484,0.730255,0.5462219952
360017,-0.1609531,0.2786389211,1.1439864408,1.0209991534,0.7555382819,-0.18981605,-0.262193604,1,1,1,1,1,1,1,7,0.1428571429,0.369457149,-0.073484,0.730255,0.6065559962
36001F,0.3874535968,,1.6077024996,2.2700694351,1.2391764523,,-0.964446577,1,0,1,1,1,0,1,5,0.2,0.9079910814,-0.073484,0.730255,1.3440159336
360020,0.309109783,-0.082454375,-0.51214234,-0.135547404,0.4446280295,0.2373484794,1.4578545829,1,1,1,1,1,1,1,7,0.1428571429,0.2455423937,-0.073484,0.730255,0.4368690699
360025,-1.336110308,,0.8790058358,-0.320594853,-0.764467397,-0.61698058,,1,0,1,1,1,1,0,5,0.2,-0.43182946,-0.073484,0.730255,-0.490713344
360026,,,,0.6046423929,0.8591750327,,,0,0,0,1,1,0,0,2,0.5,0.7319087128,-0.073484,0.730255,1.1028914942
360027,0.8575164798,0.5193677849,1.1439864408,0.8822135666,1.1355397015,0.9314908403,0.3821813776,1,1,1,1,1,1,1,7,0.1428571429,0.8360423131,-0.073484,0.730255,1.2454904165
360029,,,0.1503091721,-1.754712584,0.3755368623,,,0,0,1,1,1,0,0,3,0.3333333333,-0.409622183,-0.073484,0.730255,-0.460303046
360032,-0.082609286,,0.9452509871,-0.690689751,0.306445695,,,1,0,1,1,1,0,0,4,0.25,0.1195994112,-0.073484,0.730255,0.264404721
360035,-0.866047425,0.2786389211,0.6140252308,0.0957619077,-0.453557144,0.9314908403,0.5733931151,1,1,1,1,1,1,1,7,0.1428571429,0.1676722066,-0.073484,0.730255,0.3302348546
360036,-0.631015983,,-1.108348702,-0.135547404,0.7209926983,0.3441396118,,1,0,1,1,1,1,0,5,0.2,-0.161955956,-0.073484,0.730255,-0.121152791
360039,1.2492355489,-0.082454375,0.2827994746,0.6971661174,0.7209926983,0.6111174429,-0.801102021,1,1,1,1,1,1,1,7,0.1428571429,0.3825364124,-0.073484,0.730255,0.6244665347
36003F,1.0925479213,,1.0777412896,2.2238075728,2.5519086292,,,1,0,1,1,1,0,0,4,0.25,1.7365013532,-0.073484,0.730255,2.4785649313
360040,-0.082609286,,0.3490446258,-0.968260925,-0.384465977,,,1,0,1,1,1,0,0,4,0.25,-0.271572891,-0.073484,0.730255,-0.271260506
360041,-1.257766494,0.399003353,0.1503091721,-0.736951613,0.5828103639,0.5577218767,-0.179449511,1,1,1,1,1,1,1,7,0.1428571429,-0.069188979,-0.073484,0.730255,0.0058808547
360044,,,-0.51214234,-0.228071128,-2.457200993,,,0,0,1,1,1,0,0,3,0.3333333333,-1.065804821,-0.073484,0.730255,-1.358869279
360046,,,0.1503091721,0.3270712192,-0.177192475,,,0,0,1,1,1,0,0,3,0.3333333333,0.1000626386,-0.073484,0.730255,0.2376513704
360048,-0.239296914,-1.286098694,0.8790058358,-0.089285541,-0.384465977,0.9314908403,0.5292343506,1,1,1,1,1,1,1,7,0.1428571429,0.048654843,-0.073484,0.730255,0.1672543398
360051,0.0740783415,0.5193677849,0.4152897771,1.0209991534,0.8591750327,0.8246997078,-0.527574916,1,1,1,1,1,1,1,7,0.1428571429,0.4551478401,-0.073484,0.730255,0.7238994873
360054,0.4657974106,,0.7465155333,0.6046423929,0.2028089442,-0.777167279,,1,0,1,1,1,1,0,5,0.2,0.2485194005,-0.073484,0.730255,0.4409457363
360055,0.309109783,,-0.114671433,-0.551904164,-0.004464557,-0.723771713,-1.099495226,1,0,1,1,1,1,1,6,0.1666666667,-0.364199552,-0.073484,0.730255,-0.398102006
360056,-0.474328355,-0.082454375,0.3490446258,-0.551904164,0.0991721934,1.6790287674,0.3234459335,1,1,1,1,1,1,1,7,0.1428571429,0.1917149466,-0.073484,0.730255,0.3631586063
360058,0.309109783,,0.7465155333,0.7434279797,0.2719001114,-0.777167279,,1,0,1,1,1,1,0,5,0.2,0.2587572257,-0.073484,0.730255,0.454965254
360059,-0.082609286,-0.082454375,0.3490446258,1.5761415008,1.3773587867,-0.510189448,-1.648693064,1,1,1,1,1,1,1,7,0.1428571429,0.1397998201,-0.073484,0.730255,0.2920668448
360064,1.0142041074,-0.804640966,-0.247161735,0.9284754289,-0.591739479,0.3441396118,0.3062968987,1,1,1,1,1,1,1,7,0.1428571429,0.1356534095,-0.073484,0.730255,0.286388815
360065,-0.317640728,,-0.909613248,-0.366856715,0.1682633606,-0.18981605,,1,0,1,1,1,1,0,5,0.2,-0.323132676,-0.073484,0.730255,-0.341865669
360066,-0.1609531,-0.323183238,0.9452509871,0.789689842,-0.211738059,-1.04414511,-0.356084569,1,1,1,1,1,1,1,7,0.1428571429,-0.05159475,-0.073484,0.730255,0.0299741169
360068,0.309109783,0.6397322168,-0.644632643,0.4195949437,0.6173559475,1.1984686714,1.1208760498,1,1,1,1,1,1,1,7,0.1428571429,0.5229292813,-0.073484,0.730255,0.8167183319
360070,0.1524221553,-0.684276534,0.8790058358,-0.135547404,-0.349920393,0.6645130092,0.2964362038,1,1,1,1,1,1,1,7,0.1428571429,0.1175189818,-0.073484,0.730255,0.2615558136
360071,,,,,0.0991721934,,,0,0,0,0,1,0,0,1,1,0.0991721934,-0.073484,0.730255,0.2364320087
360072,-2.511267515,-0.082454375,-1.042103551,-0.551904164,-0.039010141,-0.403398315,0.5652473236,1,1,1,1,1,1,1,7,0.1428571429,-0.580698677,-0.073484,0.730255,-0.694572519
360075,0.1524221553,,0.2165543233,-0.921999063,0.9973573671,0.3975351781,,1,0,1,1,1,1,0,5,0.2,0.1683739922,-0.073484,0.730255,0.3311958688
360076,2.1110175011,-0.563912102,-1.042103551,-0.043023679,-0.419011561,0.6111174429,0.606405007,1,1,1,1,1,1,1,7,0.1428571429,0.1800698655,-0.073484,0.730255,0.3472120146
360077,2.2677051288,0.8804610806,2.5351346172,1.0672610157,1.8609969572,1.2518642376,1.316803772,1,1,1,1,1,1,1,7,0.1428571429,1.5971752584,-0.073484,0.730255,2.287773958
360078,-1.257766494,,0.4152897771,0.5121186683,-0.349920393,1.0382819727,,1,0,1,1,1,1,0,5,0.2,0.0716007062,-0.073484,0.730255,0.1986760457
360079,0.4657974106,0.5193677849,0.0840640208,0.1882856323,0.4100824459,-0.296607183,0.7980454705,1,1,1,1,1,1,1,7,0.1428571429,0.309862226,-0.073484,0.730255,0.5249476415
36007F,0.4657974106,,0.7465155333,0.9747372911,1.4809955375,,,1,0,1,1,1,0,0,4,0.25,0.9170114432,-0.073484,0.730255,1.3563682758
360080,,,0.1503091721,0.0957619077,-1.144468816,,,0,0,1,1,1,0,0,3,0.3333333333,-0.299465912,-0.073484,0.730255,-0.309456773
360082,,,0.6802703821,0.6046423929,0.7209926983,0.3441396118,,0,0,1,1,1,1,0,4,0.25,0.5875112713,-0.073484,0.730255,0.905155898
360084,1.6409546181,0.7600966487,0.2827994746,0.3733330814,-0.868104147,-1.097540676,-0.538293063,1,1,1,1,1,1,1,7,0.1428571429,0.0790351337,-0.073484,0.730255,0.2088566344
360085,-1.571141749,-0.804640966,1.4089670459,1.2523084649,1.4119043703,1.1984686714,0.4353433853,1,1,1,1,1,1,1,7,0.1428571429,0.4758870318,-0.073484,0.730255,0.7522994118
360086,1.2492355489,-0.563912102,0.9452509871,1.0672610157,0.7900838655,0.7713041416,2.6852967458,1,1,1,1,1,1,1,7,0.1428571429,0.9920743146,-0.073484,0.730255,1.4591581971
360087,,,,0.14202377,0.8937206163,,,0,0,0,1,1,0,0,2,0.5,0.5178721932,-0.073484,0.730255,0.8097932345
360089,,,-0.048426282,0.2345474946,0.0646266098,,,0,0,1,1,1,0,0,3,0.3333333333,0.0835826076,-0.073484,0.730255,0.2150838739
36008F,,,0.0840640208,,,,,0,0,1,0,0,0,0,1,1,0.0840640208,-0.073484,0.730255,0.2157431136
360091,,,0.9452509871,1.2060466026,1.5846322883,0.9848864065,0.47221381,0,0,1,1,1,1,1,5,0.2,1.0386060189,-0.073484,0.730255,1.5228779845
360092,,,0.1503091721,-0.598166027,0.4791736131,,,0,0,1,1,1,0,0,3,0.3333333333,0.0104389195,-0.073484,0.730255,0.1149220524
360095,-0.944391238,0.7600966487,-0.180916584,-2.07854562,-0.177192475,-2.539220964,-0.580308198,1,1,1,1,1,1,1,7,0.1428571429,-0.820068347,-0.073484,0.730255,-1.022361599
360096,-0.631015983,,-0.51214234,1.437355914,1.7919057899,0.3975351781,,1,0,1,1,1,1,0,5,0.2,0.4967277117,-0.073484,0.730255,0.7808383126
360098,-1.101078866,0.6397322168,0.6140252308,0.0032381832,-0.764467397,0.3975351781,-0.880416307,1,1,1,1,1,1,1,7,0.1428571429,-0.155918823,-0.073484,0.730255,-0.112885636
360107,,,-0.644632643,-0.089285541,-0.073555725,,,0,0,1,1,1,0,0,3,0.3333333333,-0.26915797,-0.073484,0.730255,-0.267953551
360109,,,,1.5761415008,0.4446280295,,,0,0,0,1,1,0,0,2,0.5,1.0103847651,-0.073484,0.730255,1.4842322414
360112,0.8575164798,-0.323183238,-0.048426282,0.1882856323,0.4100824459,1.0382819727,-1.257266345,1,1,1,1,1,1,1,7,0.1428571429,0.1236129522,-0.073484,0.730255,0.2699008012
360118,0.8575164798,-0.44354767,0.4815349283,0.4195949437,0.0991721934,1.0916775389,-0.584595457,1,1,1,1,1,1,1,7,0.1428571429,0.2744789938,-0.073484,0.730255,0.4764943972
360121,1.2492355489,,,0.1882856323,-1.904471656,,,1,0,0,1,1,0,0,3,0.3333333333,-0.155650158,-0.073484,0.730255,-0.112517731
360123,0.309109783,,1.0777412896,-0.043023679,0.5828103639,-0.083024918,0.6445616094,1,0,1,1,1,1,1,6,0.1666666667,0.4146957415,-0.073484,0.730255,0.6685050166
360125,0.0740783415,,0.7465155333,0.465856806,0.8937206163,1.0382819727,,1,0,1,1,1,1,0,5,0.2,0.643690654,-0.073484,0.730255,0.9820870653
360131,,,-0.247161735,0.3733330814,-0.246283643,,,0,0,1,1,1,0,0,3,0.3333333333,-0.040037432,-0.073484,0.730255,0.0458005264
360132,-0.317640728,,-0.114671433,0.0032381832,-0.246283643,-0.723771713,0.469212729,1,0,1,1,1,1,1,6,0.1666666667,-0.154986101,-0.073484,0.730255,-0.111608381
360133,1.2492355489,0.1582744892,1.0114961383,0.789689842,1.0319029507,-0.243211617,-0.317927967,1,1,1,1,1,1,1,7,0.1428571429,0.5256370552,-0.073484,0.730255,0.820426315
360134,-0.317640728,,0.4815349283,1.9462363991,0.2373545278,-0.510189448,0.8301999107,1,0,1,1,1,1,1,6,0.1666666667,0.4445825984,-0.073484,0.730255,0.7094316107
360137,0.2307659691,1.2415543763,0.3490446258,0.7434279797,-0.280829226,-0.403398315,-0.288774607,1,1,1,1,1,1,1,7,0.1428571429,0.227398686,-0.073484,0.730255,0.4120233606
360143,,,0.4815349283,1.4836177763,0.9282661999,1.6790287674,,0,0,1,1,1,1,0,4,0.25,1.143111918,-0.073484,0.730255,1.6659867269
360144,,,1.2102315921,1.7149270877,1.9300881244,0.6645130092,,0,0,1,1,1,1,0,4,0.25,1.3799399533,-0.073484,0.730255,1.9902953315
360145,1.7976422458,0.6397322168,0.8790058358,-0.551904164,-0.039010141,-0.18981605,0.1866823813,1,1,1,1,1,1,1,7,0.1428571429,0.3889046177,-0.073484,0.730255,0.6331870554
360147,-1.022735052,-0.082454375,0.5477800796,0.2808093569,0.133717777,-1.631496338,0.1622450068,1,1,1,1,1,1,1,7,0.1428571429,-0.230304792,-0.073484,0.730255,-0.214748618
360148,,,,-1.800974446,-1.386287901,,,0,0,0,1,1,0,0,2,0.5,-1.593631174,-0.073484,0.730255,-2.081666425
360150,,,0.2827994746,0.9284754289,0.3755368623,0.2373484794,,0,0,1,1,1,1,0,4,0.25,0.4560400613,-0.073484,0.730255,0.725121281
360152,0.1524221553,,-0.578387492,0.6046423929,0.2719001114,0.2373484794,0.2840031536,1,0,1,1,1,1,1,6,0.1666666667,0.1619881335,-0.073484,0.730255,0.3224511738
360155,0.3874535968,0.399003353,0.1503091721,0.5121186683,1.0664485343,-0.723771713,1.7163762819,1,1,1,1,1,1,1,7,0.1428571429,0.5011339848,-0.073484,0.730255,0.786872194
360156,,,-0.51214234,0.0957619077,-0.384465977,0.2373484794,,0,0,1,1,1,1,0,4,0.25,-0.140874483,-0.073484,0.730255,-0.092284152
360159,-0.004265472,0.399003353,0.6140252308,0.14202377,0.2373545278,1.0916775389,0.2805733466,1,1,1,1,1,1,1,7,0.1428571429,0.3943417564,-0.073484,0.730255,0.640632588
360161,-0.004265472,,1.4752121971,-0.551904164,0.3409912786,-0.456793881,,1,0,1,1,1,1,0,5,0.2,0.1606479915,-0.073484,0.730255,0.3206160044
360163,0.9358602936,0.2786389211,1.2102315921,0.6971661174,1.3082676195,1.6790287674,0.0443453928,1,1,1,1,1,1,1,7,0.1428571429,0.8790769577,-0.073484,0.730255,1.3044213852
360170,,,-0.909613248,-2.032283757,0.1682633606,,,0,0,1,1,1,0,0,3,0.3333333333,-0.924544548,-0.073484,0.730255,-1.165429673
360172,-0.787703611,,-0.578387492,0.1882856323,-0.31537481,-0.136420484,0.0602082499,1,0,1,1,1,1,1,6,0.1666666667,-0.261565419,-0.073484,0.730255,-0.257556431
360174,0.1524221553,,-0.313406887,-0.968260925,0.4791736131,1.5188420687,,1,0,1,1,1,1,0,5,0.2,0.1737540051,-0.073484,0.730255,0.3385631742
360175,0.2307659691,,-0.975858399,1.0209991534,-0.79901298,-0.883958411,,1,0,1,1,1,1,0,5,0.2,-0.281412934,-0.073484,0.730255,-0.284735307
360179,-0.082609286,0.5193677849,-0.445897189,0.14202377,-0.626285062,-1.47130964,-0.293490592,1,1,1,1,1,1,1,7,0.1428571429,-0.322600031,-0.073484,0.730255,-0.341136273
360180,2.1893613149,1.9637409677,0.3490446258,2.2238075728,1.8264513736,1.0382819727,0.8825044667,1,1,1,1,1,1,1,7,0.1428571429,1.4961703277,-0.073484,0.730255,2.1494593869
360185,,,0.7465155333,-0.043023679,-0.31537481,-0.510189448,,0,0,1,1,1,1,0,4,0.25,-0.030518101,-0.073484,0.730255,0.0588361498
360189,,,,-0.228071128,-0.039010141,,,0,0,0,1,1,0,0,2,0.5,-0.133540635,-0.073484,0.730255,-0.082241295
360197,-0.1609531,,0.6140252308,0.9747372911,-0.419011561,,,1,0,1,1,1,0,0,4,0.25,0.2521994653,-0.073484,0.730255,0.4459851596
360203,,,0.1503091721,-0.598166027,-0.419011561,,,0,0,1,1,1,0,0,3,0.3333333333,-0.288956138,-0.073484,0.730255,-0.295064854
360210,,,-0.048426282,0.2345474946,0.8937206163,,,0,0,1,1,1,0,0,3,0.3333333333,0.3599472764,-0.073484,0.730255,0.5935333255
360211,-0.787703611,-0.202818807,-0.114671433,-0.089285541,-0.349920393,-1.417914073,0.2908627675,1,1,1,1,1,1,1,7,0.1428571429,-0.38163587,-0.073484,0.730255,-0.421979028
360218,-0.004265472,,-0.247161735,-0.274332991,-0.004464557,0.2907440456,,1,0,1,1,1,1,0,5,0.2,-0.047896142,-0.073484,0.730255,0.0350389322
360230,2.0326736873,1.0008255125,0.5477800796,1.7149270877,1.8955425408,1.4120509363,0.8443478643,1,1,1,1,1,1,1,7,0.1428571429,1.3497353869,-0.073484,0.730255,1.948933671
360234,-0.474328355,,-0.247161735,0.6046423929,1.4809955375,-0.243211617,0.7723219183,1,0,1,1,1,1,1,6,0.1666666667,0.3155430236,-0.073484,0.730255,0.5327268367
360236,,,1.4752121971,0.6971661174,0.8937206163,,,0,0,1,1,1,0,0,3,0.3333333333,1.0220329769,-0.073484,0.730255,1.5001831203
360239,,,-1.240839004,0.0957619077,0.2719001114,0.5577218767,,0,0,1,1,1,1,0,4,0.25,-0.078863777,-0.073484,0.730255,-0.007367663
360245,,,,,,,,0,0,0,0,0,0,0,0,,,-0.073484,0.730255,
360259,0.8575164798,,-0.048426282,1.0209991534,0.5137191967,,,1,0,1,1,1,0,0,4,0.25,0.585952137,-0.073484,0.730255,0.903020844
360263,,,,,,,,0,0,0,0,0,0,0,0,,,-0.073484,0.730255,
360266,,,,,,,,0,0,0,0,0,0,0,0,,,-0.073484,0.730255,
360270,,,0.9452509871,-0.551904164,0.6864471147,,,0,0,1,1,1,0,0,3,0.3333333333,0.3599313125,-0.073484,0.730255,0.5935114648
360276,0.309109783,,0.4815349283,1.6224033631,-0.246283643,-0.403398315,0.7787528064,1,0,1,1,1,1,1,6,0.1666666667,0.4236864872,-0.073484,0.730255,0.680816803
360348,-0.317640728,,1.2102315921,-1.245832099,0.5828103639,0.9314908403,,1,0,1,1,1,1,0,5,0.2,0.232211994,-0.073484,0.730255,0.4186146292
360351,,,,,,,,0,0,0,0,0,0,0,0,,,-0.073484,0.730255,
360352,,,,,,,,0,0,0,0,0,0,0,0,,,-0.073484,0.730255,
360354,-0.004265472,,0.7465155333,0.9284754289,0.0991721934,1.0916775389,-0.052117928,1,0,1,1,1,1,1,6,0.1666666667,0.4682428824,-0.073484,0.730255,0.7418316332
360355,,,,,,,,0,0,0,0,0,0,0,0,,,-0.073484,0.730255,
360358,,,,,,,,0,0,0,0,0,0,0,0,,,-0.073484,0.730255,
360359,0.1524221553,0.399003353,-0.114671433,1.2523084649,0.6864471147,1.1450731052,-0.434970129,1,1,1,1,1,1,1,7,0.1428571429,0.4408018045,-0.073484,0.730255,0.7042542506
360360,1.8759860596,,0.6140252308,0.14202377,0.306445695,-0.563585014,,1,0,1,1,1,1,0,5,0.2,0.4749791483,-0.073484,0.730255,0.7510561703
360361,,,,,,,,0,0,0,0,0,0,0,0,,,-0.073484,0.730255,
360364,0.309109783,,0.7465155333,1.3910940517,2.0337248752,1.1984686714,0.6771447754,1,0,1,1,1,1,1,6,0.1666666667,1.0593429483,-0.073484,0.730255,1.5512748111
360365,-0.395984542,,,0.465856806,0.8246294491,,,1,0,0,1,1,0,0,3,0.3333333333,0.2981672379,-0.073484,0.730255,0.5089327077
360367,,,,,,,,0,0,0,0,0,0,0,0,,,-0.073484,0.730255,
360368,,,0.6140252308,0.0495000455,0.4446280295,0.7179085754,,0,0,1,1,1,1,0,4,0.25,0.4565154703,-0.073484,0.730255,0.7257722986
361300,,,,,0.3409912786,,,0,0,0,0,1,0,0,1,1,0.3409912786,-0.073484,0.730255,0.5675752789
361301,,,,,0.2028089442,,,0,0,0,0,1,0,0,1,1,0.2028089442,-0.073484,0.730255,0.3783505531
361302,,,,,,,,0,0,0,0,0,0,0,0,,,-0.073484,0.730255,
361303,,,,,,,,0,0,0,0,0,0,0,0,,,-0.073484,0.730255,
361304,,,,,,,,0,0,0,0,0,0,0,0,,,-0.073484,0.730255,
361306,,,0.2827994746,0.4195949437,0.6173559475,,,0,0,1,1,1,0,0,3,0.3333333333,0.4399167886,-0.073484,0.730255,0.7030423237
361307,,,0.8790058358,0.0495000455,-0.729921813,,,0,0,1,1,1,0,0,3,0.3333333333,0.0661946894,-0.073484,0.730255,0.1912731309
361308,,,,-0.089285541,0.1682633606,,,0,0,0,1,1,0,0,2,0.5,0.0394889096,-0.073484,0.730255,0.1547026541
361309,,,-0.777122945,-2.07854562,-0.79901298,,,0,0,1,1,1,0,0,3,0.3333333333,-1.218227182,-0.073484,0.730255,-1.567594075
361310,,,,,-0.591739479,,,0,0,0,0,1,0,0,1,1,-0.591739479,-0.073484,0.730255,-0.70969162
361311,,,,,,,,0,0,0,0,0,0,0,0,,,-0.073484,0.730255,
361312,,,0.6140252308,0.14202377,0.8246294491,,,0,0,1,1,1,0,0,3,0.3333333333,0.5268928166,-0.073484,0.730255,0.8221459351
361313,,,,,,,,0,0,0,0,0,0,0,0,,,-0.073484,0.730255,
361314,,,,0.0032381832,-0.039010141,,,0,0,0,1,1,0,0,2,0.5,-0.017885979,-0.073484,0.730255,0.0761343798
361315,,,,0.0032381832,0.4446280295,,,0,0,0,1,1,0,0,2,0.5,0.2239331063,-0.073484,0.730255,0.40727765
361316,,,,,-0.729921813,,,0,0,0,0,1,0,0,1,1,-0.729921813,-0.073484,0.730255,-0.898916346
361318,,,-0.445897189,0.5583805306,-0.108101308,,,0,0,1,1,1,0,0,3,0.3333333333,0.0014606777,-0.073484,0.730255,0.1026273886
361319,,,,,,,,0,0,0,0,0,0,0,0,,,-0.073484,0.730255,
361320,,,0.2827994746,0.0495000455,-0.108101308,,,0,0,1,1,1,0,0,3,0.3333333333,0.0747327373,-0.073484,0.730255,0.202965
361321,,,,,,,,0,0,0,0,0,0,0,0,,,-0.073484,0.730255,
361322,,,,,,,,0,0,0,0,0,0,0,0,,,-0.073484,0.730255,
361323,,,,,-1.420833485,,,0,0,0,0,1,0,0,1,1,-1.420833485,-0.073484,0.730255,-1.845039975
361324,,,,0.4195949437,0.0991721934,,,0,0,0,1,1,0,0,2,0.5,0.2593835686,-0.073484,0.730255,0.4558229581
361325,0.2307659691,,,-1.199570236,-0.004464557,,,1,0,0,1,1,0,0,3,0.3333333333,-0.324422941,-0.073484,0.730255,-0.343632539
361326,,,0.2827994746,-0.413118577,0.0646266098,,,0,0,1,1,1,0,0,3,0.3333333333,-0.021897498,-0.073484,0.730255,0.0706410688
361327,,,,,,,,0,0,0,0,0,0,0,0,,,-0.073484,0.730255,
361328,,,-0.51214234,-0.644427889,-0.833558564,,,0,0,1,1,1,0,0,3,0.3333333333,-0.663376264,-0.073484,0.730255,-0.807789913
361329,,,0.8127606846,-0.135547404,-0.039010141,,,0,0,1,1,1,0,0,3,0.3333333333,0.21273438,-0.073484,0.730255,0.3919422894
361330,,,,,0.0300810262,,,0,0,0,0,1,0,0,1,1,0.0300810262,-0.073484,0.730255,0.1418196458
361331,,,0.2165543233,-0.413118577,0.0300810262,,,0,0,1,1,1,0,0,3,0.3333333333,-0.055494409,-0.073484,0.730255,0.0246339839
361332,,,0.1503091721,-0.043023679,1.2046308687,,,0,0,1,1,1,0,0,3,0.3333333333,0.4373054539,-0.073484,0.730255,0.6994664029
361333,,,-1.042103551,-1.199570236,-0.004464557,,,0,0,1,1,1,0,0,3,0.3333333333,-0.748712781,-0.073484,0.730255,-0.924648404
361334,,,,,0.0646266098,,,0,0,0,0,1,0,0,1,1,0.0646266098,-0.073484,0.730255,0.1891258273
370001,-0.317640728,-0.684276534,-0.247161735,0.3270712192,-0.280829226,-1.578100772,0.1408087133,1,1,1,1,1,1,1,7,0.1428571429,-0.377161295,-0.073484,0.730255,-0.415851614
370002,,,-0.114671433,-0.366856715,-0.868104147,-0.18981605,,0,0,1,1,1,1,0,4,0.25,-0.384862086,-0.073484,0.730255,-0.426396958
370004,,,,-3.882758249,-2.699020078,,,0,0,0,1,1,0,0,2,0.5,-3.290889164,-0.073484,0.730255,-4.405864949
370006,,,-0.114671433,0.0957619077,-0.660830646,0.5577218767,,0,0,1,1,1,1,0,4,0.25,-0.030504574,-0.073484,0.730255,0.0588546738
370008,-0.082609286,-2.249014149,-2.102025971,-0.274332991,-0.142646892,-0.990749544,-2.715791752,1,1,1,1,1,1,1,7,0.1428571429,-1.22245294,-0.073484,0.730255,-1.573380762
370013,,,0.4152897771,-0.8757372,-0.004464557,1.1984686714,0.4842181344,0,0,1,1,1,1,1,5,0.2,0.243554965,-0.073484,0.730255,0.4341475162
370014,-0.787703611,,-0.710877794,-0.366856715,0.3409912786,0.8780952741,0.8156232311,1,0,1,1,1,1,1,6,0.1666666667,0.028211944,-0.073484,0.730255,0.1392601538
370015,,,,0.2345474946,1.5155411211,,,0,0,0,1,1,0,0,2,0.5,0.8750443079,-0.073484,0.730255,1.2988991376
370016,0.9358602936,,-1.903290517,-1.014522787,-0.764467397,-0.456793881,,1,0,1,1,1,1,0,5,0.2,-0.640642858,-0.073484,0.730255,-0.776659142
370018,-1.022735052,,-2.300761424,-1.800974446,0.0991721934,-0.777167279,-1.294565496,1,0,1,1,1,1,1,6,0.1666666667,-1.182838584,-0.073484,0.730255,-1.519133483
370019,,,,-1.430879548,0.6864471147,,,0,0,0,1,1,0,0,2,0.5,-0.372216216,-0.073484,0.730255,-0.409079901
370020,,,0.2827994746,0.9284754289,1.4464499539,0.5043263105,,0,0,1,1,1,1,0,4,0.25,0.790512792,-0.073484,0.730255,1.1831430029
370022,,,-0.114671433,-0.505642302,-0.31537481,0.4509307443,,0,0,1,1,1,1,0,4,0.25,-0.12118945,-0.073484,0.730255,-0.065327777
370023,,,0.3490446258,0.3270712192,-0.868104147,0.2907440456,-0.466695843,0,0,1,1,1,1,1,5,0.2,-0.07358802,-0.073484,0.730255,-0.000143123
370025,0.9358602936,,2.2039088609,0.789689842,1.2737220359,1.2518642376,1.0205541965,1,0,1,1,1,1,1,6,0.1666666667,1.2459332444,-0.073484,0.730255,1.8067886419
370026,-0.395984542,,-1.572064761,-0.413118577,-1.869926072,-2.272243133,0.5853974395,1,0,1,1,1,1,1,6,0.1666666667,-0.989656607,-0.073484,0.730255,-1.254593108
370028,-0.866047425,-0.563912102,-1.307084156,-0.320594853,0.0646266098,-1.204331809,-0.246330746,1,1,1,1,1,1,1,7,0.1428571429,-0.63481064,-0.073484,0.730255,-0.768672595
370034,0.309109783,,-1.439574458,0.14202377,-1.593561403,-0.403398315,,1,0,1,1,1,1,0,5,0.2,-0.597080125,-0.073484,0.730255,-0.717005017
370037,-0.239296914,0.399003353,-0.247161735,-0.135547404,-0.280829226,1.2518642376,-0.284487349,1,1,1,1,1,1,1,7,0.1428571429,0.0662207089,-0.073484,0.730255,0.1913087617
370039,-0.631015983,,0.8127606846,-0.320594853,-0.31537481,,,1,0,1,1,1,0,0,4,0.25,-0.11355624,-0.073484,0.730255,-0.054874979
370047,0.3874535968,,0.4815349283,1.2060466026,0.7900838655,0.7713041416,0.285718057,1,0,1,1,1,1,1,6,0.1666666667,0.6536901986,-0.073484,0.730255,0.9957802853
370049,-0.866047425,,-1.439574458,-0.736951613,0.6173559475,-1.578100772,0.3367364354,1,0,1,1,1,1,1,6,0.1666666667,-0.611096981,-0.073484,0.730255,-0.736199481
370054,,,-0.445897189,-0.135547404,-0.108101308,,,0,0,1,1,1,0,0,3,0.3333333333,-0.229848634,-0.073484,0.730255,-0.214123962
370056,-0.709359797,-2.249014149,0.2165543233,0.7434279797,-0.039010141,0.5577218767,-0.603888121,1,1,1,1,1,1,1,7,0.1428571429,-0.297652575,-0.073484,0.730255,-0.306973618
370057,,,,,-0.660830646,,,0,0,0,0,1,0,0,1,1,-0.660830646,-0.073484,0.730255,-0.804303983
370078,-1.101078866,-0.925005398,0.1503091721,-1.153308374,-1.213559983,0.2373484794,-0.900566422,1,1,1,1,1,1,1,7,0.1428571429,-0.700837342,-0.073484,0.730255,-0.859088526
370083,,,,0.3733330814,-1.109923233,,,0,0,0,1,1,0,0,2,0.5,-0.368295076,-0.073484,0.730255,-0.403710352
370089,-1.649485563,,0.6802703821,-0.968260925,-0.142646892,0.1839529132,0.1995441574,1,0,1,1,1,1,1,6,0.1666666667,-0.282770988,-0.073484,0.730255,-0.286595005
370091,-0.239296914,0.0379100573,1.2764767434,0.6046423929,0.6864471147,0.6111174429,-0.90914094,1,1,1,1,1,1,1,7,0.1428571429,0.2954508425,-0.073484,0.730255,0.5052129184
370093,-1.884517004,,-1.240839004,0.6046423929,-0.695376229,-1.204331809,-1.229399164,1,0,1,1,1,1,1,6,0.1666666667,-0.941636803,-0.073484,0.730255,-1.188835539
370094,-0.552672169,,-0.247161735,0.465856806,0.133717777,0.7713041416,-0.202600708,1,0,1,1,1,1,1,6,0.1666666667,0.061407352,-0.073484,0.730255,0.1847174261
370097,,,0.8790058358,0.2808093569,0.5828103639,1.0382819727,,0,0,1,1,1,1,0,4,0.25,0.6952268823,-0.073484,0.730255,1.0526599698
370099,,,,,0.0991721934,,,0,0,0,0,1,0,0,1,1,0.0991721934,-0.073484,0.730255,0.2364320087
370100,,,0.0178188695,-1.245832099,0.8937206163,,,0,0,1,1,1,0,0,3,0.3333333333,-0.111430871,-0.073484,0.730255,-0.051964531
370106,-0.1609531,-0.082454375,-1.439574458,-1.430879548,0.8937206163,1.9994021647,-0.088559627,1,1,1,1,1,1,1,7,0.1428571429,-0.044185475,-0.073484,0.730255,0.0401202613
370112,,,,0.5121186683,0.0646266098,,,0,0,0,1,1,0,0,2,0.5,0.2883726391,-0.073484,0.730255,0.4955201375
370113,-0.944391238,,0.2165543233,-0.228071128,0.4100824459,-1.311122941,,1,0,1,1,1,1,0,5,0.2,-0.371389708,-0.073484,0.730255,-0.407948093
370114,-0.709359797,-3.5730229,0.3490446258,-0.413118577,-0.522648311,-0.296607183,0.1292331148,1,1,1,1,1,1,1,7,0.1428571429,-0.719497004,-0.073484,0.730255,-0.884640776
37012F,,,1.2102315921,-1.153308374,1.9991792916,,,0,0,1,1,1,0,0,3,0.3333333333,0.6853675032,-0.073484,0.730255,1.0391586904
370149,-1.727829377,,-2.896967786,-1.430879548,-2.42265541,-0.670376146,,1,0,1,1,1,1,0,5,0.2,-1.829741653,-0.073484,0.730255,-2.40499242
37014F,0.7008288521,,0.1503091721,1.2523084649,1.2046308687,,0.141666165,1,0,1,1,1,0,1,5,0.2,0.6899487046,-0.073484,0.730255,1.0454321157
370153,,,-0.445897189,,,,,0,0,1,0,0,0,0,1,1,-0.445897189,-0.073484,0.730255,-0.509977472
370158,,,,-0.320594853,0.0991721934,,,0,0,0,1,1,0,0,2,0.5,-0.11071133,-0.073484,0.730255,-0.050979203
370166,,,,0.2808093569,0.0991721934,,,0,0,0,1,1,0,0,2,0.5,0.1899907752,-0.073484,0.730255,0.360797553
370170,,,,,,,,0,0,0,0,0,0,0,0,,,-0.073484,0.730255,
370171,,,-1.240839004,-1.384617685,0.9282661999,-0.18981605,,0,0,1,1,1,1,0,4,0.25,-0.471751635,-0.073484,0.730255,-0.545382145
370172,,,,0.5121186683,,,,0,0,0,1,0,0,0,1,1,0.5121186683,-0.073484,0.730255,0.8019144476
370173,,,,,,,,0,0,0,0,0,0,0,0,,,-0.073484,0.730255,
370178,,,1.0114961383,0.6509042552,0.4791736131,,,0,0,1,1,1,0,0,3,0.3333333333,0.7138580022,-0.073484,0.730255,1.0781731337
370180,,,-0.379652038,0.14202377,-0.488102728,,,0,0,1,1,1,0,0,3,0.3333333333,-0.241910332,-0.073484,0.730255,-0.230641063
370183,,,,,-0.039010141,,,0,0,0,0,1,0,0,1,1,-0.039010141,-0.073484,0.730255,0.0472072829
370192,,,,,,,,0,0,0,0,0,0,0,0,,,-0.073484,0.730255,
370199,,,,,,,,0,0,0,0,0,0,0,0,,,-0.073484,0.730255,
370201,,,,,,,,0,0,0,0,0,0,0,0,,,-0.073484,0.730255,
370202,-0.944391238,,-0.710877794,1.1597847403,0.8246294491,0.4509307443,0.7989029222,1,0,1,1,1,1,1,6,0.1666666667,0.2631631372,-0.073484,0.730255,0.4609986402
370203,,,,,,,,0,0,0,0,0,0,0,0,,,-0.073484,0.730255,
370206,,,,,,,,0,0,0,0,0,0,0,0,,,-0.073484,0.730255,
370210,,,,,,,-0.335934453,0,0,0,0,0,0,1,1,1,-0.335934453,-0.073484,0.730255,-0.359396222
370211,,,0.6140252308,-0.921999063,-0.833558564,0.2907440456,0.1069393697,0,0,1,1,1,1,1,5,0.2,-0.148769796,-0.073484,0.730255,-0.103095871
370212,,,,,,,,0,0,0,0,0,0,0,0,,,-0.073484,0.730255,
370214,,,,,,,,0,0,0,0,0,0,0,0,,,-0.073484,0.730255,
370215,-2.19789226,0.8804610806,-0.578387492,-1.338355823,0.0646266098,,-0.209889048,1,1,1,1,1,0,1,6,0.1666666667,-0.563239489,-0.073484,0.730255,-0.67066418
370216,,,,,,,,0,0,0,0,0,0,0,0,,,-0.073484,0.730255,
370218,-0.317640728,,0.4815349283,1.8537126745,1.2046308687,1.0382819727,,1,0,1,1,1,1,0,5,0.2,0.8521039433,-0.073484,0.730255,1.2674849615
370220,,,,,,,,0,0,0,0,0,0,0,0,,,-0.073484,0.730255,
370222,,,,,,,0.1892547365,0,0,0,0,0,0,1,1,1,0.1892547365,-0.073484,0.730255,0.3597896332
370225,,,,,,,,0,0,0,0,0,0,0,0,,,-0.073484,0.730255,
370227,,,,-0.274332991,1.4809955375,,,0,0,0,1,1,0,0,2,0.5,0.6033312735,-0.073484,0.730255,0.9268195615
370228,,,,,0.7900838655,,,0,0,0,0,1,0,0,1,1,0.7900838655,-0.073484,0.730255,1.1825556377
370234,1.1708917351,-0.323183238,-0.048426282,0.5583805306,0.6864471147,,-0.515999318,1,1,1,1,1,0,1,6,0.1666666667,0.2546850904,-0.073484,0.730255,0.4493889356
370235,,,,1.0672610157,1.1009941179,,,0,0,0,1,1,0,0,2,0.5,1.0841275668,-0.073484,0.730255,1.5852144797
370236,-0.944391238,,-0.313406887,-1.292093961,-0.177192475,-0.403398315,,1,0,1,1,1,1,0,5,0.2,-0.626096575,-0.073484,0.730255,-0.756739691
370237,,,0.4815349283,0.0032381832,0.133717777,,,0,0,1,1,1,0,0,3,0.3333333333,0.2061636295,-0.073484,0.730255,0.3829444066
370240,,,,,1.1009941179,,,0,0,0,0,1,0,0,1,1,1.1009941179,-0.073484,0.730255,1.6083112708
370243,,,,,,,,0,0,0,0,0,0,0,0,,,-0.073484,0.730255,
370244,,,,,,,,0,0,0,0,0,0,0,0,,,-0.073484,0.730255,
371300,,,0.9452509871,-0.598166027,-1.006286482,,,0,0,1,1,1,0,0,3,0.3333333333,-0.21973384,-0.073484,0.730255,-0.200272922
371301,,,,,,,,0,0,0,0,0,0,0,0,,,-0.073484,0.730255,
371302,,,,,,,,0,0,0,0,0,0,0,0,,,-0.073484,0.730255,
371303,,,,,0.0646266098,,,0,0,0,0,1,0,0,1,1,0.0646266098,-0.073484,0.730255,0.1891258273
371304,,,,,,,,0,0,0,0,0,0,0,0,,,-0.073484,0.730255,
371305,,,,,,,,0,0,0,0,0,0,0,0,,,-0.073484,0.730255,
371306,,,,,,,,0,0,0,0,0,0,0,0,,,-0.073484,0.730255,
371307,,,,,,,,0,0,0,0,0,0,0,0,,,-0.073484,0.730255,
371309,,,,,,,,0,0,0,0,0,0,0,0,,,-0.073484,0.730255,
371310,,,,,,,,0,0,0,0,0,0,0,0,,,-0.073484,0.730255,
371311,,,,,,,,0,0,0,0,0,0,0,0,,,-0.073484,0.730255,
371312,,,,,0.6519015311,,,0,0,0,0,1,0,0,1,1,0.6519015311,-0.073484,0.730255,0.9933309119
371313,,,,,1.3428132031,,,0,0,0,0,1,0,0,1,1,1.3428132031,-0.073484,0.730255,1.9394545409
371314,,,,,,,,0,0,0,0,0,0,0,0,,,-0.073484,0.730255,
371316,,,,,,,,0,0,0,0,0,0,0,0,,,-0.073484,0.730255,
371317,,,,,,,,0,0,0,0,0,0,0,0,,,-0.073484,0.730255,
371318,,,,,,,,0,0,0,0,0,0,0,0,,,-0.073484,0.730255,
371319,,,,0.3733330814,0.4791736131,,,0,0,0,1,1,0,0,2,0.5,0.4262533473,-0.073484,0.730255,0.684331821
371320,,,,,,,,0,0,0,0,0,0,0,0,,,-0.073484,0.730255,
371321,,,,,1.3428132031,,,0,0,0,0,1,0,0,1,1,1.3428132031,-0.073484,0.730255,1.9394545409
371322,,,,,,,,0,0,0,0,0,0,0,0,,,-0.073484,0.730255,
371323,,,,,-1.800834905,,,0,0,0,0,1,0,0,1,1,-1.800834905,-0.073484,0.730255,-2.365407971
371325,,,,,,,,0,0,0,0,0,0,0,0,,,-0.073484,0.730255,
371326,,,,,-2.319018659,,,0,0,0,0,1,0,0,1,1,-2.319018659,-0.073484,0.730255,-3.075000693
371327,,,,,,,,0,0,0,0,0,0,0,0,,,-0.073484,0.730255,
371328,,,0.1503091721,,-0.833558564,,,0,0,1,0,1,0,0,2,0.5,-0.341624696,-0.073484,0.730255,-0.367188352
371329,,,,,-0.729921813,,,0,0,0,0,1,0,0,1,1,-0.729921813,-0.073484,0.730255,-0.898916346
371330,,,,,0.2719001114,,,0,0,0,0,1,0,0,1,1,0.2719001114,-0.073484,0.730255,0.472962916
371331,,,,,,,,0,0,0,0,0,0,0,0,,,-0.073484,0.730255,
371332,,,,,-0.108101308,,,0,0,0,0,1,0,0,1,1,-0.108101308,-0.073484,0.730255,-0.04740508
371333,,,,,0.4446280295,,,0,0,0,0,1,0,0,1,1,0.4446280295,-0.073484,0.730255,0.7094938232
371334,,,,,-0.902649731,,,0,0,0,0,1,0,0,1,1,-0.902649731,-0.073484,0.730255,-1.135447253
371335,,,,,-0.591739479,,,0,0,0,0,1,0,0,1,1,-0.591739479,-0.073484,0.730255,-0.70969162
371336,,,,,0.133717777,,,0,0,0,0,1,0,0,1,1,0.133717777,-0.073484,0.730255,0.2837381902
371337,,,,-0.921999063,0.3755368623,,,0,0,0,1,1,0,0,2,0.5,-0.2732311,-0.073484,0.730255,-0.273531232
371338,,,,,0.4100824459,,,0,0,0,0,1,0,0,1,1,0.4100824459,-0.073484,0.730255,0.6621876418
371340,,,,,-1.109923233,,,0,0,0,0,1,0,0,1,1,-1.109923233,-0.073484,0.730255,-1.419284342
371341,,,,,-0.937195315,,,0,0,0,0,1,0,0,1,1,-0.937195315,-0.073484,0.730255,-1.182753435
371342,,,-0.578387492,-0.921999063,0.133717777,,,0,0,1,1,1,0,0,3,0.3333333333,-0.455556259,-0.073484,0.730255,-0.523204451
380001,,,0.0840640208,0.6971661174,-0.31537481,-2.005265302,,0,0,1,1,1,1,0,4,0.25,-0.384852493,-0.073484,0.730255,-0.426383821
380002,0.5441412244,,-0.445897189,0.14202377,1.3428132031,1.2518642376,,1,0,1,1,1,1,0,5,0.2,0.5669890492,-0.073484,0.730255,0.8770530884
380004,1.0142041074,1.1211899444,1.0114961383,0.5121186683,0.6519015311,0.3441396118,-1.660268662,1,1,1,1,1,1,1,7,0.1428571429,0.4278259056,-0.073484,0.730255,0.6864852578
380005,,,,,0.5482647803,,,0,0,0,0,1,0,0,1,1,0.5482647803,-0.073484,0.730255,0.8514123676
380007,-0.317640728,0.7600966487,0.3490446258,0.3733330814,-0.142646892,-0.670376146,-3.396608432,1,1,1,1,1,1,1,7,0.1428571429,-0.43497112,-0.073484,0.730255,-0.495015484
380009,-0.787703611,-0.202818807,-0.644632643,0.0957619077,-0.453557144,-0.61698058,0.7710357407,1,1,1,1,1,1,1,7,0.1428571429,-0.262699305,-0.073484,0.730255,-0.259109157
380014,-3.138018026,-0.684276534,0.2827994746,-0.783213476,1.2737220359,-0.403398315,0.0250527287,1,1,1,1,1,1,1,7,0.1428571429,-0.489618873,-0.073484,0.730255,-0.569849262
380017,-0.004265472,,0.8127606846,0.3733330814,0.1682633606,0.6645130092,-0.611176461,1,0,1,1,1,1,1,6,0.1666666667,0.2339047004,-0.073484,0.730255,0.4209325949
380018,1.4059231766,1.1211899444,1.4752121971,0.14202377,1.9300881244,0.3975351781,0.7028683276,1,1,1,1,1,1,1,7,0.1428571429,1.0249772454,-0.073484,0.730255,1.5042149555
380020,0.309109783,0.7600966487,-0.578387492,-1.014522787,-1.282651151,0.5577218767,0.138665084,1,1,1,1,1,1,1,7,0.1428571429,-0.158566862,-0.073484,0.730255,-0.11651182
380021,-0.395984542,,-1.240839004,-1.384617685,-0.557193895,0.7713041416,,1,0,1,1,1,1,0,5,0.2,-0.561466197,-0.073484,0.730255,-0.668235862
380022,,,-0.777122945,-0.644427889,0.6519015311,0.1839529132,,0,0,1,1,1,1,0,4,0.25,-0.146424098,-0.073484,0.730255,-0.099883708
380025,-0.709359797,,-0.777122945,-0.783213476,0.1682633606,1.35865537,,1,0,1,1,1,1,0,5,0.2,-0.148555497,-0.073484,0.730255,-0.102802414
380027,-0.866047425,,-0.843368097,-1.014522787,0.133717777,-3.500341156,0.4962224587,1,0,1,1,1,1,1,6,0.1666666667,-0.932389871,-0.073484,0.730255,-1.176172936
380029,,,,,,,,0,0,0,0,0,0,0,0,,,-0.073484,0.730255,
380033,,,,0.14202377,0.4446280295,,,0,0,0,1,1,0,0,2,0.5,0.2933258997,-0.073484,0.730255,0.5023030551
380037,0.309109783,,-1.174593853,1.113522878,-0.280829226,-1.738287471,,1,0,1,1,1,1,0,5,0.2,-0.354215578,-0.073484,0.730255,-0.384430108
380038,0.0740783415,,,0.6509042552,0.306445695,0.9848864065,,1,0,0,1,1,1,0,4,0.25,0.5040786745,-0.073484,0.730255,0.790904606
38003F,0.7791726659,,1.7401928021,2.085021986,2.2409983768,,-0.463694762,1,0,1,1,1,0,1,5,0.2,1.2763382138,-0.073484,0.730255,1.848424731
380047,-0.1609531,0.6397322168,0.4815349283,-2.032283757,0.5137191967,-2.165452001,-0.71921538,1,1,1,1,1,1,1,7,0.1428571429,-0.491845414,-0.073484,0.730255,-0.572898251
38004F,,,,,,,,0,0,0,0,0,0,0,0,,,-0.073484,0.730255,
380050,-1.022735052,,-0.247161735,-0.45938044,0.0991721934,-3.233363325,-0.958444415,1,0,1,1,1,1,1,6,0.1666666667,-0.970318796,-0.073484,0.730255,-1.228112211
380051,-1.17942268,-1.406463126,0.2827994746,-1.338355823,-0.349920393,0.2907440456,-0.383094299,1,1,1,1,1,1,1,7,0.1428571429,-0.583387543,-0.073484,0.730255,-0.69825461
380052,,,0.8790058358,-0.135547404,0.8937206163,,,0,0,1,1,1,0,0,3,0.3333333333,0.5457263495,-0.073484,0.730255,0.8479362802
380056,,,,,-1.213559983,,,0,0,0,0,1,0,0,1,1,-1.213559983,-0.073484,0.730255,-1.561202886
380060,0.1524221553,-1.165734262,-1.770800214,-0.45938044,0.5137191967,0.5577218767,-0.951584801,1,1,1,1,1,1,1,7,0.1428571429,-0.446233784,-0.073484,0.730255,-0.5104384
380061,0.0740783415,,0.2827994746,0.14202377,0.4446280295,-1.257727375,0.2467040029,1,0,1,1,1,1,1,6,0.1666666667,-0.011248959,-0.073484,0.730255,0.0852230105
380071,0.3874535968,,-0.048426282,-1.060784649,-0.453557144,-1.364518507,,1,0,1,1,1,1,0,5,0.2,-0.507966597,-0.073484,0.730255,-0.594974348
380075,0.2307659691,,0.0840640208,0.0957619077,0.7555382819,-0.937353977,0.374035586,1,0,1,1,1,1,1,6,0.1666666667,0.1004686314,-0.073484,0.730255,0.2382073305
380082,0.1524221553,,,-0.043023679,0.2719001114,0.1839529132,,1,0,0,1,1,1,0,4,0.25,0.1413128752,-0.073484,0.730255,0.2941387987
380089,-0.866047425,,-1.505819609,-0.8757372,-0.004464557,-1.204331809,-1.631115303,1,0,1,1,1,1,1,6,0.1666666667,-1.014585984,-0.073484,0.730255,-1.288731006
380090,0.0740783415,,-0.578387492,-1.153308374,-0.591739479,-1.311122941,-0.06540843,1,0,1,1,1,1,1,6,0.1666666667,-0.604314729,-0.073484,0.730255,-0.726911971
380091,0.3874535968,,,0.0957619077,0.8591750327,-0.083024918,,1,0,0,1,1,1,0,4,0.25,0.3148414048,-0.073484,0.730255,0.531766051
380102,-0.709359797,1.1211899444,0.5477800796,-0.320594853,0.7555382819,0.1839529132,0.0083324198,1,1,1,1,1,1,1,7,0.1428571429,0.2266912842,-0.073484,0.730255,0.4110546555
380103,,,,-0.505642302,0.1682633606,,,0,0,0,1,1,0,0,2,0.5,-0.168689471,-0.073484,0.730255,-0.130373561
381301,,,,,,,,0,0,0,0,0,0,0,0,,,-0.073484,0.730255,
381302,,,,-1.47714141,0.306445695,0.2373484794,,0,0,0,1,1,1,0,3,0.3333333333,-0.311115745,-0.073484,0.730255,-0.325409872
381303,,,,-1.153308374,-0.349920393,,,0,0,0,1,1,0,0,2,0.5,-0.751614384,-0.073484,0.730255,-0.928621813
381304,,,,,-0.349920393,,,0,0,0,0,1,0,0,1,1,-0.349920393,-0.073484,0.730255,-0.37854835
381305,,,,,-0.488102728,,,0,0,0,0,1,0,0,1,1,-0.488102728,-0.073484,0.730255,-0.567773076
381306,,,,-0.089285541,-1.075377649,,,0,0,0,1,1,0,0,2,0.5,-0.582331595,-0.073484,0.730255,-0.696808612
381307,,,,,-1.040832065,,,0,0,0,0,1,0,0,1,1,-1.040832065,-0.073484,0.730255,-1.324671979
381308,,,,,,,,0,0,0,0,0,0,0,0,,,-0.073484,0.730255,
381309,,,,,-0.557193895,,,0,0,0,0,1,0,0,1,1,-0.557193895,-0.073484,0.730255,-0.662385439
381310,,,,,,,,0,0,0,0,0,0,0,0,,,-0.073484,0.730255,
381311,,,,,,,,0,0,0,0,0,0,0,0,,,-0.073484,0.730255,
381312,,,,,-0.902649731,,,0,0,0,0,1,0,0,1,1,-0.902649731,-0.073484,0.730255,-1.135447253
381313,,,,0.0957619077,-0.453557144,,,0,0,0,1,1,0,0,2,0.5,-0.178897618,-0.073484,0.730255,-0.144352439
381314,,,,-0.598166027,-0.695376229,-1.311122941,,0,0,0,1,1,1,0,3,0.3333333333,-0.868221732,-0.073484,0.730255,-1.088302091
381315,,,,-3.882758249,-2.871747996,-1.364518507,,0,0,0,1,1,1,0,3,0.3333333333,-2.706341584,-0.073484,0.730255,-3.605394644
381316,,,,-0.320594853,1.0664485343,,,0,0,0,1,1,0,0,2,0.5,0.3729268407,-0.073484,0.730255,0.6113073377
381317,,,,-1.754712584,0.4791736131,-0.403398315,,0,0,0,1,1,1,0,3,0.3333333333,-0.559645762,-0.073484,0.730255,-0.665742987
381318,0.9358602936,,,-0.829475338,0.3409912786,-0.083024918,,1,0,0,1,1,1,0,4,0.25,0.0910878291,-0.073484,0.730255,0.2253614068
381319,,,-0.048426282,-2.587426105,-0.280829226,-0.296607183,,0,0,1,1,1,1,0,4,0.25,-0.803322199,-0.073484,0.730255,-0.999429685
381320,,,,,,,,0,0,0,0,0,0,0,0,,,-0.073484,0.730255,
381321,,,-2.565742029,-1.199570236,-0.073555725,-1.578100772,,0,0,1,1,1,1,0,4,0.25,-1.354242191,-0.073484,0.730255,-1.753850899
381322,,,0.3490446258,-1.708450721,-1.282651151,-1.097540676,,0,0,1,1,1,1,0,4,0.25,-0.934899481,-0.073484,0.730255,-1.179609556
381323,,,0.6802703821,-0.921999063,-1.835380488,,,0,0,1,1,1,0,0,3,0.3333333333,-0.692369723,-0.073484,0.730255,-0.847493102
381324,,,,-0.598166027,,,,0,0,0,1,0,0,0,1,1,-0.598166027,-0.073484,0.730255,-0.718492034
381325,,,-2.433251727,-2.263593069,-0.971740898,-1.04414511,,0,0,1,1,1,1,0,4,0.25,-1.678182701,-0.073484,0.730255,-2.197449963
390001,-0.787703611,0.7600966487,0.1503091721,-0.783213476,0.3409912786,0.5043263105,0.4704989066,1,1,1,1,1,1,1,7,0.1428571429,0.0936150329,-0.073484,0.730255,0.22882212
390002,,,0.4152897771,0.2808093569,0.2028089442,0.5577218767,,0,0,1,1,1,1,0,4,0.25,0.3641574887,-0.073484,0.730255,0.5992987243
390003,,,,-0.089285541,1.3773587867,-0.083024918,,0,0,0,1,1,1,0,3,0.3333333333,0.4016827758,-0.073484,0.730255,0.6506852651
390004,-0.1609531,-1.526827557,0.0178188695,0.4195949437,1.2737220359,-0.937353977,0.3191586748,1,1,1,1,1,1,1,7,0.1428571429,-0.084977159,-0.073484,0.730255,-0.015739232
390006,0.4657974106,0.7600966487,0.4152897771,0.6971661174,1.4464499539,0.8246997078,-1.504641172,1,1,1,1,1,1,1,7,0.1428571429,0.4435512062,-0.073484,0.730255,0.7080192384
390009,-0.239296914,-0.082454375,-0.909613248,0.5121186683,0.3755368623,-0.456793881,-0.463266036,1,1,1,1,1,1,1,7,0.1428571429,-0.180538418,-0.073484,0.730255,-0.146599324
390012,-0.474328355,,1.2102315921,0.8359517043,-0.211738059,0.2907440456,,1,0,1,1,1,1,0,5,0.2,0.3301721855,-0.073484,0.730255,0.5527597821
390013,1.4059231766,,0.8127606846,0.2808093569,-0.211738059,0.8246997078,,1,0,1,1,1,1,0,5,0.2,0.6224909734,-0.073484,0.730255,0.9530565546
390016,0.7008288521,,0.0840640208,0.2345474946,-0.695376229,-0.403398315,,1,0,1,1,1,1,0,5,0.2,-0.015866835,-0.073484,0.730255,0.0788993633
39001F,,,0.3490446258,-0.8757372,0.0300810262,,,0,0,1,1,1,0,0,3,0.3333333333,-0.165537183,-0.073484,0.730255,-0.126056868
390025,,,,,,,,0,0,0,0,0,0,0,0,,,-0.073484,0.730255,
390026,0.5441412244,,1.4089670459,1.0209991534,-0.039010141,0.4509307443,-0.229181712,1,0,1,1,1,1,1,6,0.1666666667,0.5261410526,-0.073484,0.730255,0.8211164812
390027,0.309109783,0.6397322168,1.4752121971,0.8359517043,0.5137191967,1.5722376349,-1.19552982,1,1,1,1,1,1,1,7,0.1428571429,0.5929189875,-0.073484,0.730255,0.91256114
390028,-0.944391238,,0.9452509871,0.5121186683,1.2046308687,-0.61698058,-1.06476843,1,0,1,1,1,1,1,6,0.1666666667,0.0059767125,-0.073484,0.730255,0.108811576
390030,0.3874535968,,-0.843368097,-0.274332991,0.3409912786,-0.510189448,,1,0,1,1,1,1,0,5,0.2,-0.179889132,-0.073484,0.730255,-0.145710202
390032,,,,0.3733330814,0.6519015311,0.2373484794,,0,0,0,1,1,1,0,3,0.3333333333,0.4208610306,-0.073484,0.730255,0.6769476671
390035,,,0.3490446258,0.6046423929,1.5846322883,-0.723771713,,0,0,1,1,1,1,0,4,0.25,0.4536368986,-0.073484,0.730255,0.7218304276
390036,0.9358602936,-0.804640966,-1.307084156,0.789689842,-0.902649731,0.130557347,0.567390953,1,1,1,1,1,1,1,7,0.1428571429,-0.084410917,-0.073484,0.730255,-0.014963829
390037,,,0.8790058358,-1.060784649,-0.108101308,0.6645130092,,0,0,1,1,1,1,0,4,0.25,0.0936582219,-0.073484,0.730255,0.2288812624
390039,0.309109783,,,-0.690689751,-0.868104147,-0.990749544,,1,0,0,1,1,1,0,4,0.25,-0.560108415,-0.073484,0.730255,-0.666376537
390041,-1.727829377,,-0.777122945,0.5121186683,-0.453557144,0.2373484794,,1,0,1,1,1,1,0,5,0.2,-0.441808464,-0.073484,0.730255,-0.504378435
390042,-0.004265472,0.6397322168,0.5477800796,-1.800974446,-0.384465977,-0.083024918,,1,1,1,1,1,1,0,6,0.1666666667,-0.180869753,-0.073484,0.730255,-0.147053049
390044,0.0740783415,0.7600966487,0.7465155333,1.2060466026,0.7555382819,1.1984686714,0.4803596016,1,1,1,1,1,1,1,7,0.1428571429,0.7458719544,-0.073484,0.730255,1.1220125387
390045,-1.414454121,-0.684276534,-0.843368097,0.0495000455,-0.488102728,0.6645130092,-1.135936925,1,1,1,1,1,1,1,7,0.1428571429,-0.550303621,-0.073484,0.730255,-0.652950006
390046,0.8575164798,0.5193677849,0.2827994746,0.3270712192,0.5482647803,-0.456793881,1.0175531154,1,1,1,1,1,1,1,7,0.1428571429,0.4422541389,-0.073484,0.730255,0.7062430547
390048,-0.866047425,,0.8127606846,0.9284754289,0.306445695,0.8246997078,,1,0,1,1,1,1,0,5,0.2,0.4012668184,-0.073484,0.730255,0.6501156595
390049,1.3275793628,-0.202818807,0.4152897771,0.5121186683,0.0300810262,0.0771617807,3.9890521134,1,1,1,1,1,1,1,7,0.1428571429,0.8783519889,-0.073484,0.730255,1.3034286242
39004F,,,,,,,,0,0,0,0,0,0,0,0,,,-0.073484,0.730255,
390050,-0.317640728,-0.44354767,0.7465155333,-0.366856715,0.133717777,0.2373484794,-0.036255071,1,1,1,1,1,1,1,7,0.1428571429,-0.006674056,-0.073484,0.730255,0.0914878112
390056,-0.239296914,,0.3490446258,0.0032381832,-0.349920393,,,1,0,1,1,1,0,0,4,0.25,-0.059233625,-0.073484,0.730255,0.0195135611
390057,1.0142041074,,0.2165543233,0.5121186683,0.7209926983,-0.830562845,1.2104797564,1,0,1,1,1,1,1,6,0.1666666667,0.4739644515,-0.073484,0.730255,0.7496666603
390058,-1.257766494,,-0.180916584,-0.274332991,0.8246294491,0.130557347,,1,0,1,1,1,1,0,5,0.2,-0.151565854,-0.073484,0.730255,-0.106924749
39005F,,,,,,,,0,0,0,0,0,0,0,0,,,-0.073484,0.730255,
390062,-0.552672169,,,0.0957619077,0.306445695,,,1,0,0,1,1,0,0,3,0.3333333333,-0.050154855,-0.073484,0.730255,0.0319458853
390063,-1.492797935,0.7600966487,-1.042103551,-0.690689751,0.2373545278,0.2373484794,-1.344297697,1,1,1,1,1,1,1,7,0.1428571429,-0.476441325,-0.073484,0.730255,-0.551804134
390065,1.2492355489,,-1.307084156,0.3733330814,0.0300810262,0.130557347,,1,0,1,1,1,1,0,5,0.2,0.0952245696,-0.073484,0.730255,0.2310261945
390066,1.0925479213,0.7600966487,1.7401928021,0.789689842,0.2373545278,0.130557347,0.7830400651,1,1,1,1,1,1,1,7,0.1428571429,0.790497022,-0.073484,0.730255,1.1831214078
390067,-0.944391238,0.6397322168,0.2165543233,0.1882856323,0.3409912786,2.319775562,-0.800673295,1,1,1,1,1,1,1,7,0.1428571429,0.2800392114,-0.073484,0.730255,0.484108472
390068,0.2307659691,,,0.3733330814,-0.039010141,0.2907440456,,1,0,0,1,1,1,0,4,0.25,0.2139582388,-0.073484,0.730255,0.3936182225
39006F,,,0.8790058358,1.113522878,1.8264513736,,,0,0,1,1,1,0,0,3,0.3333333333,1.2729933625,-0.073484,0.730255,1.843844344
390070,-0.395984542,,,0.2345474946,1.1009941179,,,1,0,0,1,1,0,0,3,0.3333333333,0.3131856903,-0.073484,0.730255,0.5294987414
390073,-0.631015983,0.5193677849,-0.777122945,0.9747372911,0.3755368623,-0.243211617,-1.421039627,1,1,1,1,1,1,1,7,0.1428571429,-0.171821176,-0.073484,0.730255,-0.13466207
390079,-0.552672169,-1.165734262,0.3490446258,-1.014522787,-0.246283643,-0.777167279,-1.424469434,1,1,1,1,1,1,1,7,0.1428571429,-0.69025785,-0.073484,0.730255,-0.844601136
390086,-1.884517004,-1.406463126,0.1503091721,-1.060784649,-0.039010141,-3.179967759,-2.030687813,1,1,1,1,1,1,1,7,0.1428571429,-1.350160189,-0.073484,0.730255,-1.748261069
390090,0.4657974106,,,-0.505642302,0.4791736131,,0.0880754314,1,0,0,1,1,0,1,4,0.25,0.1318510383,-0.073484,0.730255,0.2811819074
390091,,,-0.843368097,0.8822135666,0.7900838655,0.9848864065,,0,0,1,1,1,1,0,4,0.25,0.4534539355,-0.073484,0.730255,0.7215798807
390093,,,-2.102025971,-1.569665135,-1.593561403,,,0,0,1,1,1,0,0,3,0.3333333333,-1.755084169,-0.073484,0.730255,-2.30275763
390096,-0.082609286,0.0379100573,0.3490446258,0.3270712192,0.0646266098,0.6111174429,0.3663185204,1,1,1,1,1,1,1,7,0.1428571429,0.2390684556,-0.073484,0.730255,0.4280037604
390097,-0.239296914,,-1.042103551,-0.968260925,-0.108101308,0.130557347,,1,0,1,1,1,1,0,5,0.2,-0.44544107,-0.073484,0.730255,-0.50935287
39009F,1.3275793628,,2.2039088609,2.5476406088,1.7919057899,,-0.612033913,1,0,1,1,1,0,1,5,0.2,1.451800142,-0.073484,0.730255,2.088699549
390100,1.4842669904,1.602647672,0.8790058358,1.437355914,2.137361626,1.839215466,-0.242900939,1,1,1,1,1,1,1,7,0.1428571429,1.3052789378,-0.073484,0.730255,1.8880557055
390101,-1.17942268,,-0.843368097,0.8359517043,0.8937206163,-0.083024918,-0.38609538,1,0,1,1,1,1,1,6,0.1666666667,-0.127039792,-0.073484,0.730255,-0.073339144
390102,,,0.7465155333,0.6046423929,0.4100824459,0.0771617807,-0.286630978,0,0,1,1,1,1,1,5,0.2,0.3103542349,-0.073484,0.730255,0.5256213908
390104,,,,-1.060784649,-0.902649731,,,0,0,0,1,1,0,0,2,0.5,-0.98171719,-0.073484,0.730255,-1.243720994
390107,0.309109783,0.399003353,0.0178188695,0.2808093569,0.3409912786,0.8246997078,-2.329509744,1,1,1,1,1,1,1,7,0.1428571429,-0.022439628,-0.073484,0.730255,0.0698986842
390110,-0.709359797,0.8804610806,0.4152897771,-1.153308374,-0.280829226,0.7179085754,0.6316998333,1,1,1,1,1,1,1,7,0.1428571429,0.0716945528,-0.073484,0.730255,0.1988045577
390111,-0.1609531,1.0008255125,1.2764767434,2.1775457105,2.3791807112,1.0916775389,-0.11728426,1,1,1,1,1,1,1,7,0.1428571429,1.0924955509,-0.073484,0.730255,1.5966734662
390112,,,,-2.263593069,0.2028089442,,,0,0,0,1,1,0,0,2,0.5,-1.030392062,-0.073484,0.730255,-1.310375602
390113,-1.962860818,,-1.373329307,-0.598166027,0.9282661999,-1.257727375,,1,0,1,1,1,1,0,5,0.2,-0.852763465,-0.073484,0.730255,-1.067133782
390114,,,,0.6971661174,,,-0.771519936,0,0,0,1,0,0,1,2,0.5,-0.037176909,-0.073484,0.730255,0.0497176818
390115,-1.336110308,0.1582744892,1.0777412896,0.6509042552,0.3409912786,0.4509307443,0.4091911073,1,1,1,1,1,1,1,7,0.1428571429,0.2502746938,-0.073484,0.730255,0.4433494076
390116,,,,0.5583805306,0.7209926983,,,0,0,0,1,1,0,0,2,0.5,0.6396866144,-0.073484,0.730255,0.9766039963
390117,,,,1.5761415008,-0.660830646,,,0,0,0,1,1,0,0,2,0.5,0.4576554275,-0.073484,0.730255,0.7273333382
390123,1.3275793628,,0.3490446258,0.6971661174,-0.764467397,-0.403398315,-0.000242098,1,0,1,1,1,1,1,6,0.1666666667,0.2009470494,-0.073484,0.730255,0.3758009035
390125,0.309109783,,-0.909613248,-0.921999063,-1.386287901,-1.47130964,,1,0,1,1,1,1,0,5,0.2,-0.876020014,-0.073484,0.730255,-1.098980935
390127,-0.709359797,,1.1439864408,1.0209991534,-0.108101308,1.0382819727,-2.222328277,1,0,1,1,1,1,1,6,0.1666666667,0.0272463642,-0.073484,0.730255,0.1379379041
39012F,1.2492355489,,0.8127606846,0.3733330814,1.0319029507,,-0.843974608,1,0,1,1,1,0,1,5,0.2,0.5246515316,-0.073484,0.730255,0.8190767544
390133,-0.631015983,0.6397322168,1.1439864408,0.5583805306,1.5500867047,0.2907440456,0.698152343,1,1,1,1,1,1,1,7,0.1428571429,0.6071523284,-0.073484,0.730255,0.9320520542
390137,-0.395984542,-0.44354767,-3.161948391,-0.829475338,-1.006286482,-1.738287471,-1.28684843,1,1,1,1,1,1,1,7,0.1428571429,-1.266054046,-0.073484,0.730255,-1.633087434
390138,-0.317640728,,0.0178188695,-0.043023679,0.133717777,0.3441396118,,1,0,1,1,1,1,0,5,0.2,0.0270023703,-0.073484,0.730255,0.1376037826
390139,0.2307659691,,0.9452509871,0.4195949437,0.5828103639,-0.083024918,0.9047982119,1,0,1,1,1,1,1,6,0.1666666667,0.500032593,-0.073484,0.730255,0.7853639652
39013F,-1.492797935,,0.0178188695,1.4836177763,0.5828103639,,,1,0,1,1,1,0,0,4,0.25,0.1478622686,-0.073484,0.730255,0.3031074356
390142,-0.317640728,,0.4152897771,0.8822135666,-0.349920393,-0.777167279,-0.120285341,1,0,1,1,1,1,1,6,0.1666666667,-0.044585066,-0.073484,0.730255,0.0395730676
390145,1.1708917351,1.2415543763,1.0777412896,0.14202377,0.4446280295,0.8246997078,0.878217208,1,1,1,1,1,1,1,7,0.1428571429,0.8256794452,-0.073484,0.730255,1.2312996674
390146,,,-0.180916584,-1.569665135,1.1009941179,-0.18981605,,0,0,1,1,1,1,0,4,0.25,-0.209850913,-0.073484,0.730255,-0.186739396
390147,0.9358602936,,0.5477800796,-1.338355823,-0.073555725,-0.029629352,,1,0,1,1,1,1,0,5,0.2,0.0084198948,-0.073484,0.730255,0.1121572315
390150,,,,,,,,0,0,0,0,0,0,0,0,,,-0.073484,0.730255,
390151,0.0740783415,,0.8790058358,-0.45938044,-1.075377649,-0.937353977,-0.714070669,1,0,1,1,1,1,1,6,0.1666666667,-0.372183093,-0.073484,0.730255,-0.409034543
390153,0.3874535968,,1.2102315921,1.2985703271,1.1355397015,1.6256332012,1.1778965904,1,0,1,1,1,1,1,6,0.1666666667,1.1392208348,-0.073484,0.730255,1.6606583386
390156,-0.709359797,,1.2764767434,1.2060466026,0.3409912786,1.4654465025,0.0203367441,1,0,1,1,1,1,1,6,0.1666666667,0.599989679,-0.073484,0.730255,0.9222436343
390157,,,,,,,,0,0,0,0,0,0,0,0,,,-0.073484,0.730255,
390160,,,,0.3270712192,-0.280829226,,,0,0,0,1,1,0,0,2,0.5,0.0231209965,-0.073484,0.730255,0.13228869
390162,,,-0.114671433,0.9747372911,-0.349920393,,,0,0,1,1,1,0,0,3,0.3333333333,0.1700484883,-0.073484,0.730255,0.3334888975
390163,,,-1.240839004,-0.644427889,-0.488102728,,,0,0,1,1,1,0,0,3,0.3333333333,-0.791123207,-0.073484,0.730255,-0.982724577
390164,0.5441412244,0.6397322168,0.0840640208,0.6046423929,1.0664485343,-0.029629352,-1.056193913,1,1,1,1,1,1,1,7,0.1428571429,0.2647435892,-0.073484,0.730255,0.4631628865
390168,-1.571141749,-2.249014149,-0.644632643,-1.569665135,-1.248105567,-0.136420484,-2.047836848,1,1,1,1,1,1,1,7,0.1428571429,-1.352402368,-0.073484,0.730255,-1.751331474
390173,0.4657974106,,-0.578387492,-0.968260925,-0.557193895,-1.257727375,,1,0,1,1,1,1,0,5,0.2,-0.579154455,-0.073484,0.730255,-0.692457886
390174,1.1708917351,0.399003353,0.8790058358,1.9462363991,1.3082676195,1.7324243336,0.1270894855,1,1,1,1,1,1,1,7,0.1428571429,1.080416966,-0.073484,0.730255,1.580133241
390178,,,,0.8822135666,1.1700852851,-0.723771713,,0,0,0,1,1,1,0,3,0.3333333333,0.4428423797,-0.073484,0.730255,0.7070485824
390179,0.5441412244,-0.804640966,0.8127606846,0.3733330814,1.8609969572,1.9460065985,0.1892547365,1,1,1,1,1,1,1,7,0.1428571429,0.7031217595,-0.073484,0.730255,1.063471091
390180,-2.276236074,,0.9452509871,-0.413118577,0.133717777,-1.204331809,0.5459546595,1,0,1,1,1,1,1,6,0.1666666667,-0.378127173,-0.073484,0.730255,-0.417174272
390183,,,-0.180916584,1.8074508123,0.6864471147,0.9848864065,,0,0,1,1,1,1,0,4,0.25,0.8244669373,-0.073484,0.730255,1.2296392781
390184,,,,,,,,0,0,0,0,0,0,0,0,,,-0.073484,0.730255,
390185,1.0142041074,,0.0178188695,0.2345474946,-0.453557144,0.6111174429,-0.765517774,1,0,1,1,1,1,1,6,0.1666666667,0.1097688328,-0.073484,0.730255,0.2509428808
390195,0.8575164798,1.2415543763,1.3427218946,1.3448321894,0.7209926983,0.6111174429,-0.701637619,1,1,1,1,1,1,1,7,0.1428571429,0.773871066,-0.073484,0.730255,1.1603540839
390198,,,,-0.921999063,-0.695376229,,,0,0,0,1,1,0,0,2,0.5,-0.808687646,-0.073484,0.730255,-1.006777045
390199,,,,0.3270712192,-1.282651151,,,0,0,0,1,1,0,0,2,0.5,-0.477789966,-0.073484,0.730255,-0.553650941
390201,0.6224850383,-0.563912102,1.2102315921,0.6046423929,0.6173559475,0.6111174429,-1.504212446,1,1,1,1,1,1,1,7,0.1428571429,0.2282439808,-0.073484,0.730255,0.413180894
390203,1.5626108043,-0.44354767,-0.114671433,-0.043023679,0.0991721934,0.5043263105,0.2968649296,1,1,1,1,1,1,1,7,0.1428571429,0.2659616365,-0.073484,0.730255,0.4648308613
390204,-0.866047425,,-0.180916584,-0.274332991,-0.073555725,-1.097540676,,1,0,1,1,1,1,0,5,0.2,-0.49847868,-0.073484,0.730255,-0.581981742
390211,-0.395984542,,-1.307084156,0.8359517043,0.306445695,-0.723771713,,1,0,1,1,1,1,0,5,0.2,-0.256888602,-0.073484,0.730255,-0.251152071
390217,,,,0.3270712192,-0.039010141,,,0,0,0,1,1,0,0,2,0.5,0.1440305391,-0.073484,0.730255,0.2978603251
390219,0.7008288521,,1.0114961383,0.5121186683,-0.522648311,-0.136420484,,1,0,1,1,1,1,0,5,0.2,0.3130749726,-0.073484,0.730255,0.5293471264
390222,0.0740783415,,1.0114961383,0.5583805306,0.5137191967,-0.723771713,-0.284487349,1,0,1,1,1,1,1,6,0.1666666667,0.191569191,-0.073484,0.730255,0.3629590109
390223,0.4657974106,1.2415543763,2.0051734071,1.8999745368,1.9300881244,1.2518642376,0.9948306443,1,1,1,1,1,1,1,7,0.1428571429,1.3984689625,-0.073484,0.730255,2.0156686666
390225,1.0142041074,,-0.644632643,0.3270712192,-1.351742318,1.4120509363,,1,0,1,1,1,1,0,5,0.2,0.1513902604,-0.073484,0.730255,0.3079386123
390226,0.6224850383,,2.0051734071,1.9924982614,1.8609969572,1.0916775389,-0.313211982,1,0,1,1,1,1,1,6,0.1666666667,1.2099365368,-0.073484,0.730255,1.757495314
390228,0.5441412244,0.0379100573,0.5477800796,-1.060784649,0.306445695,-0.136420484,-0.022107117,1,1,1,1,1,1,1,7,0.1428571429,0.0309949723,-0.073484,0.730255,0.1430711892
390231,-1.414454121,0.2786389211,2.2701540121,1.2985703271,0.6519015311,0.5043263105,-1.931223412,1,1,1,1,1,1,1,7,0.1428571429,0.2368447956,-0.073484,0.730255,0.4249587151
390233,0.309109783,,-1.307084156,-0.505642302,0.8246294491,0.1839529132,-1.129506037,1,0,1,1,1,1,1,6,0.1666666667,-0.270756725,-0.073484,0.730255,-0.270142861
390237,-0.866047425,-0.44354767,0.4152897771,-0.320594853,-0.833558564,0.0771617807,-0.836686268,1,1,1,1,1,1,1,7,0.1428571429,-0.40114046,-0.073484,0.730255,-0.448688308
390256,-0.709359797,0.0379100573,1.0114961383,0.789689842,1.5155411211,1.4120509363,1.1586039263,1,1,1,1,1,1,1,7,0.1428571429,0.7451331749,-0.073484,0.730255,1.1210008657
390258,1.0925479213,0.2786389211,0.0178188695,0.4195949437,-0.31537481,-0.777167279,-0.103993758,1,1,1,1,1,1,1,7,0.1428571429,0.0874378299,-0.073484,0.730255,0.220363155
390265,-0.552672169,-0.323183238,0.8127606846,0.8822135666,-0.902649731,0.2373484794,-1.278273913,1,1,1,1,1,1,1,7,0.1428571429,-0.160636617,-0.073484,0.730255,-0.11934611
390266,,,,-0.551904164,0.6864471147,,,0,0,0,1,1,0,0,2,0.5,0.0672714752,-0.073484,0.730255,0.1927476645
390267,-0.082609286,0.7600966487,0.6140252308,1.2060466026,0.7900838655,-0.61698058,-0.427253063,1,1,1,1,1,1,1,7,0.1428571429,0.3204870597,-0.073484,0.730255,0.5394971224
390268,-0.474328355,,0.8790058358,0.0495000455,1.1355397015,-0.670376146,-0.749226191,1,0,1,1,1,1,1,6,0.1666666667,0.0283524817,-0.073484,0.730255,0.139452604
390270,1.3275793628,-0.684276534,0.2827994746,0.5583805306,1.9991792916,0.6645130092,1.6846505676,1,1,1,1,1,1,1,7,0.1428571429,0.8332608146,-0.073484,0.730255,1.241681476
390272,,,,,,,,0,0,0,0,0,0,0,0,,,-0.073484,0.730255,
390278,,,,,,,,0,0,0,0,0,0,0,0,,,-0.073484,0.730255,
390304,,,,1.1597847403,0.7209926983,,,0,0,0,1,1,0,0,2,0.5,0.9403887193,-0.073484,0.730255,1.3883807518
390307,,,,,,,,0,0,0,0,0,0,0,0,,,-0.073484,0.730255,
390316,,,,,,,,0,0,0,0,0,0,0,0,,,-0.073484,0.730255,
390322,,,,,,,,0,0,0,0,0,0,0,0,,,-0.073484,0.730255,
390323,,,,,,,,0,0,0,0,0,0,0,0,,,-0.073484,0.730255,
390324,,,,,,,,0,0,0,0,0,0,0,0,,,-0.073484,0.730255,
390325,,,,,,,,0,0,0,0,0,0,0,0,,,-0.073484,0.730255,
390326,0.309109783,,1.2102315921,1.8537126745,0.8246294491,0.9314908403,1.6589270154,1,0,1,1,1,1,1,6,0.1666666667,1.1313502257,-0.073484,0.730255,1.6498804497
390327,,,,,,,,0,0,0,0,0,0,0,0,,,-0.073484,0.730255,
390328,1.0142041074,,0.8127606846,2.2238075728,0.4791736131,0.9848864065,,1,0,1,1,1,1,0,5,0.2,1.1029664769,-0.073484,0.730255,1.6110121883
390329,0.1524221553,0.399003353,1.4089670459,-1.060784649,1.1009941179,0.6645130092,0.0966499488,1,1,1,1,1,1,1,7,0.1428571429,0.3945378544,-0.073484,0.730255,0.6409011215
390330,0.9358602936,,0.4815349283,1.5761415008,0.9282661999,2.2129844296,,1,0,1,1,1,1,0,5,0.2,1.2269574704,-0.073484,0.730255,1.7808035141
390331,,,,,,,,0,0,0,0,0,0,0,0,,,-0.073484,0.730255,
390332,,,0.6140252308,0.6971661174,-0.004464557,0.2373484794,,0,0,1,1,1,1,0,4,0.25,0.3860188176,-0.073484,0.730255,0.6292352859
390333,,,,,,,,0,0,0,0,0,0,0,0,,,-0.073484,0.730255,
390334,,,,0.9284754289,1.7919057899,,,0,0,0,1,1,0,0,2,0.5,1.3601906094,-0.073484,0.730255,1.9632508891
390335,,,0.7465155333,0.5583805306,0.6864471147,0.0771617807,,0,0,1,1,1,1,0,4,0.25,0.5171262398,-0.073484,0.730255,0.8087717377
390336,,,,-0.089285541,0.9282661999,,,0,0,0,1,1,0,0,2,0.5,0.4194903292,-0.073484,0.730255,0.67507065
390337,,,,,,,,0,0,0,0,0,0,0,0,,,-0.073484,0.730255,
390338,,,,,0.5828103639,,,0,0,0,0,1,0,0,1,1,0.5828103639,-0.073484,0.730255,0.898718549
390339,,,,0.1882856323,,,,0,0,0,1,0,0,0,1,1,0.1882856323,-0.073484,0.730255,0.3584625571
391300,,,0.5477800796,0.6046423929,1.2046308687,0.4509307443,,0,0,1,1,1,1,0,4,0.25,0.7019960214,-0.073484,0.730255,1.0619295228
391301,,,,-1.569665135,-1.144468816,,,0,0,0,1,1,0,0,2,0.5,-1.357066975,-0.073484,0.730255,-1.757719115
391302,,,,,,,,0,0,0,0,0,0,0,0,,,-0.073484,0.730255,
391303,,,-0.247161735,-0.320594853,-1.766289321,,,0,0,1,1,1,0,0,3,0.3333333333,-0.778015303,-0.073484,0.730255,-0.964774819
391304,,,,,,,,0,0,0,0,0,0,0,0,,,-0.073484,0.730255,
391305,,,0.7465155333,-0.45938044,1.0319029507,,,0,0,1,1,1,0,0,3,0.3333333333,0.4396793481,-0.073484,0.730255,0.7027171765
391306,,,0.0840640208,-1.800974446,-0.764467397,,,0,0,1,1,1,0,0,3,0.3333333333,-0.827125941,-0.073484,0.730255,-1.032026157
391307,,,,,,,,0,0,0,0,0,0,0,0,,,-0.073484,0.730255,
391308,,,,-3.327615901,-0.488102728,,,0,0,0,1,1,0,0,2,0.5,-1.907859315,-0.073484,0.730255,-2.511965523
391309,,,,-1.338355823,,,,0,0,0,1,0,0,0,1,1,-1.338355823,-0.073484,0.730255,-1.732096356
391312,,,,,0.4100824459,,,0,0,0,0,1,0,0,1,1,0.4100824459,-0.073484,0.730255,0.6621876418
391313,,,-0.445897189,-0.644427889,-1.593561403,,,0,0,1,1,1,0,0,3,0.3333333333,-0.894628827,-0.073484,0.730255,-1.124463553
391314,,,,-1.847236308,-1.109923233,,,0,0,0,1,1,0,0,2,0.5,-1.47857977,-0.073484,0.730255,-1.924116834
391315,,,0.8790058358,-1.800974446,-0.833558564,0.5577218767,,0,0,1,1,1,1,0,4,0.25,-0.299451324,-0.073484,0.730255,-0.309436797
391316,,,-0.313406887,-0.228071128,0.9282661999,-0.403398315,,0,0,1,1,1,1,0,4,0.25,-0.004152533,-0.073484,0.730255,0.0949407463
391317,,,,,,,,0,0,0,0,0,0,0,0,,,-0.073484,0.730255,
400001,,,,-2.124807482,-3.562659668,,,0,0,0,1,1,0,0,2,0.5,-2.843733575,-0.073484,0.730255,-3.793537086
400003,,,,,,,,0,0,0,0,0,0,0,0,,,-0.073484,0.730255,
400004,,,,,-1.697198154,,,0,0,0,0,1,0,0,1,1,-1.697198154,-0.073484,0.730255,-2.223489427
400005,,,,,,,,0,0,0,0,0,0,0,0,,,-0.073484,0.730255,
400006,,,,,-2.319018659,,,0,0,0,0,1,0,0,1,1,-2.319018659,-0.073484,0.730255,-3.075000693
400007,,,,,,,,0,0,0,0,0,0,0,0,,,-0.073484,0.730255,
400011,,,,,,,,0,0,0,0,0,0,0,0,,,-0.073484,0.730255,
400012,,,,,,,,0,0,0,0,0,0,0,0,,,-0.073484,0.730255,
400013,,,,,,,,0,0,0,0,0,0,0,0,,,-0.073484,0.730255,
400014,,,,,,,,0,0,0,0,0,0,0,0,,,-0.073484,0.730255,
400015,,,,,,,,0,0,0,0,0,0,0,0,,,-0.073484,0.730255,
400016,-1.022735052,,-0.180916584,0.465856806,-1.420833485,0.8780952741,,1,0,1,1,1,1,0,5,0.2,-0.256106608,-0.073484,0.730255,-0.250081221
400018,,,,,,,,0,0,0,0,0,0,0,0,,,-0.073484,0.730255,
400019,-0.944391238,,,0.9747372911,-3.459022918,-1.364518507,,1,0,0,1,1,1,0,4,0.25,-1.198298843,-0.073484,0.730255,-1.540304519
400021,-0.239296914,,,,-1.040832065,,,1,0,0,0,1,0,0,2,0.5,-0.64006449,-0.073484,0.730255,-0.775867134
400022,,,,,,,,0,0,0,0,0,0,0,0,,,-0.073484,0.730255,
400032,,,,,,,,0,0,0,0,0,0,0,0,,,-0.073484,0.730255,
40003F,0.9358602936,,1.3427218946,1.8074508123,0.8937206163,,0.181108945,1,0,1,1,1,0,1,5,0.2,1.0321725124,-0.073484,0.730255,1.5140680414
400044,0.0740783415,,,,-0.626285062,,,1,0,0,0,1,0,0,2,0.5,-0.27610336,-0.073484,0.730255,-0.277464461
400048,,,,,,,,0,0,0,0,0,0,0,0,,,-0.073484,0.730255,
400061,,,,,,,,0,0,0,0,0,0,0,0,,,-0.073484,0.730255,
400079,,,,,,,,0,0,0,0,0,0,0,0,,,-0.073484,0.730255,
400087,,,,,,,,0,0,0,0,0,0,0,0,,,-0.073484,0.730255,
400098,,,,,,,,0,0,0,0,0,0,0,0,,,-0.073484,0.730255,
400102,,,,,-0.591739479,,,0,0,0,0,1,0,0,1,1,-0.591739479,-0.073484,0.730255,-0.70969162
400103,,,,-0.274332991,-0.142646892,,,0,0,0,1,1,0,0,2,0.5,-0.208489941,-0.073484,0.730255,-0.184875703
400104,,,,,,0.2373484794,,0,0,0,0,0,1,0,1,1,0.2373484794,-0.073484,0.730255,0.4256484519
400105,,,,,,,,0,0,0,0,0,0,0,0,,,-0.073484,0.730255,
400106,,,,,,,,0,0,0,0,0,0,0,0,,,-0.073484,0.730255,
400109,0.6224850383,,,0.9747372911,-1.489924652,-1.578100772,,1,0,0,1,1,1,0,4,0.25,-0.367700774,-0.073484,0.730255,-0.402896525
400110,,,,,,,,0,0,0,0,0,0,0,0,,,-0.073484,0.730255,
400111,,,,,,,,0,0,0,0,0,0,0,0,,,-0.073484,0.730255,
400112,,,,,,,,0,0,0,0,0,0,0,0,,,-0.073484,0.730255,
400113,,,,,,,,0,0,0,0,0,0,0,0,,,-0.073484,0.730255,
400114,,,,,,,,0,0,0,0,0,0,0,0,,,-0.073484,0.730255,
400115,,,,,,,,0,0,0,0,0,0,0,0,,,-0.073484,0.730255,
400117,,,,,,,,0,0,0,0,0,0,0,0,,,-0.073484,0.730255,
400118,,,,,,,,0,0,0,0,0,0,0,0,,,-0.073484,0.730255,
400120,,,,,-1.075377649,0.130557347,,0,0,0,0,1,1,0,2,0.5,-0.472410151,-0.073484,0.730255,-0.546283907
400123,,,,,,,,0,0,0,0,0,0,0,0,,,-0.073484,0.730255,
400124,0.309109783,,,-0.413118577,,,,1,0,0,1,0,0,0,2,0.5,-0.052004397,-0.073484,0.730255,0.0294131518
400126,,,,,,,,0,0,0,0,0,0,0,0,,,-0.073484,0.730255,
400127,,,,,,,,0,0,0,0,0,0,0,0,,,-0.073484,0.730255,
400128,,,,,,,,0,0,0,0,0,0,0,0,,,-0.073484,0.730255,
400132,,,,,,,,0,0,0,0,0,0,0,0,,,-0.073484,0.730255,
400137,,,,,,,,0,0,0,0,0,0,0,0,,,-0.073484,0.730255,
410004,,,-1.373329307,0.0032381832,0.2028089442,,,0,0,1,1,1,0,0,3,0.3333333333,-0.38909406,-0.073484,0.730255,-0.432192156
410005,-0.317640728,,-1.770800214,1.0209991534,-0.039010141,0.6645130092,,1,0,1,1,1,1,0,5,0.2,-0.088387784,-0.073484,0.730255,-0.020409689
410006,,,0.2165543233,0.3270712192,-0.177192475,-0.029629352,,0,0,1,1,1,1,0,4,0.25,0.0842009288,-0.073484,0.730255,0.2159305933
410007,-0.552672169,1.1211899444,-0.843368097,-0.690689751,-0.246283643,-0.296607183,0.8752161269,1,1,1,1,1,1,1,7,0.1428571429,-0.090459253,-0.073484,0.730255,-0.023246326
410008,0.4657974106,,0.3490446258,-0.644427889,-0.004464557,-0.61698058,,1,0,1,1,1,1,0,5,0.2,-0.090206198,-0.073484,0.730255,-0.022899796
410009,-1.414454121,,1.1439864408,0.2345474946,-0.384465977,1.7324243336,-1.936796848,1,0,1,1,1,1,1,6,0.1666666667,-0.104126446,-0.073484,0.730255,-0.041961966
410010,,,,,,,,0,0,0,0,0,0,0,0,,,-0.073484,0.730255,
410011,0.2307659691,,-0.975858399,0.9747372911,-0.142646892,1.0382819727,,1,0,1,1,1,1,0,5,0.2,0.2250559884,-0.073484,0.730255,0.4088153071
410012,1.5626108043,,0.0178188695,-0.043023679,1.2391764523,1.4654465025,0.8735012234,1,0,1,1,1,1,1,6,0.1666666667,0.8525883622,-0.073484,0.730255,1.2681483171
410013,-0.082609286,,0.3490446258,-0.135547404,-0.971740898,,,1,0,1,1,1,0,0,4,0.25,-0.210213241,-0.073484,0.730255,-0.187235562
41005F,-0.004265472,,0.0178188695,1.3910940517,-0.522648311,,,1,0,1,1,1,0,0,4,0.25,0.2204997844,-0.073484,0.730255,0.4025761126
420002,-2.511267515,0.5193677849,0.6140252308,0.1882856323,-0.177192475,-2.539220964,-0.701208893,1,1,1,1,1,1,1,7,0.1428571429,-0.658173029,-0.073484,0.730255,-0.800664684
420004,0.5441412244,1.1211899444,0.4815349283,0.465856806,0.7555382819,-0.243211617,0.0876467056,1,1,1,1,1,1,1,7,0.1428571429,0.4589566106,-0.073484,0.730255,0.7291151579
420005,,,-0.843368097,-0.968260925,0.7900838655,0.6645130092,,0,0,1,1,1,1,0,4,0.25,-0.089258037,-0.073484,0.730255,-0.021601399
420007,-1.336110308,-0.804640966,-0.710877794,-1.338355823,-0.937195315,-1.097540676,-2.149444879,1,1,1,1,1,1,1,7,0.1428571429,-1.196309394,-0.073484,0.730255,-1.5375802
420009,0.2307659691,,0.0840640208,0.5121186683,-0.31537481,-0.670376146,,1,0,1,1,1,1,0,5,0.2,-0.03176046,-0.073484,0.730255,0.0571348832
420010,-0.709359797,,-0.048426282,-0.598166027,-0.868104147,0.5043263105,,1,0,1,1,1,1,0,5,0.2,-0.343945988,-0.073484,0.730255,-0.370367093
420011,,,,,-0.142646892,,,0,0,0,0,1,0,0,1,1,-0.142646892,-0.073484,0.730255,-0.094711261
420015,,,-0.909613248,-0.644427889,-0.108101308,0.9848864065,,0,0,1,1,1,1,0,4,0.25,-0.16931401,-0.073484,0.730255,-0.131228795
420018,-1.101078866,-0.804640966,-0.313406887,0.465856806,0.3409912786,0.0771617807,0.9746805285,1,1,1,1,1,1,1,7,0.1428571429,-0.051490904,-0.073484,0.730255,0.030116322
420019,,,,,-0.384465977,,,0,0,0,0,1,0,0,1,1,-0.384465977,-0.073484,0.730255,-0.425854532
420020,-0.239296914,,0.2827994746,-1.615926997,0.2373545278,0.4509307443,,1,0,1,1,1,1,0,5,0.2,-0.176827833,-0.073484,0.730255,-0.141518107
420023,-0.474328355,0.0379100573,-1.307084156,-1.014522787,-0.384465977,-0.403398315,-0.320500322,1,1,1,1,1,1,1,7,0.1428571429,-0.552341408,-0.073484,0.730255,-0.655740519
420026,-0.631015983,1.0008255125,-1.505819609,-1.060784649,-0.488102728,0.8780952741,-0.669054453,1,1,1,1,1,1,1,7,0.1428571429,-0.353693805,-0.073484,0.730255,-0.383715601
420027,0.1524221553,0.7600966487,-0.114671433,-1.060784649,-0.280829226,-0.456793881,-0.120285341,1,1,1,1,1,1,1,7,0.1428571429,-0.160120818,-0.073484,0.730255,-0.118639783
420030,,,-0.975858399,0.3270712192,0.0991721934,-0.510189448,,0,0,1,1,1,1,0,4,0.25,-0.264951109,-0.073484,0.730255,-0.262192741
420033,,,-0.843368097,-0.135547404,-1.109923233,0.130557347,,0,0,1,1,1,1,0,4,0.25,-0.489570347,-0.073484,0.730255,-0.56978281
420036,0.0740783415,,-3.161948391,-1.708450721,0.133717777,-0.136420484,,1,0,1,1,1,1,0,5,0.2,-0.959804696,-0.073484,0.730255,-1.213714367
420037,,,0.4152897771,-0.551904164,1.0664485343,,,0,0,1,1,1,0,0,3,0.3333333333,0.3099447157,-0.073484,0.730255,0.5250606016
420038,,,-2.367006576,0.1882856323,-0.937195315,0.9314908403,,0,0,1,1,1,1,0,4,0.25,-0.546106354,-0.073484,0.730255,-0.647202334
420043,,,-0.313406887,-0.089285541,-1.109923233,,,0,0,1,1,1,0,0,3,0.3333333333,-0.50420522,-0.073484,0.730255,-0.589823577
420048,,,-0.114671433,-1.523403272,-1.386287901,-0.296607183,,0,0,1,1,1,1,0,4,0.25,-0.830242447,-0.073484,0.730255,-1.036293852
420049,-0.395984542,,-1.969535668,-2.911259141,-0.937195315,-0.937353977,-1.279560091,1,0,1,1,1,1,1,6,0.1666666667,-1.405148122,-0.073484,0.730255,-1.823560685
420051,-0.709359797,0.6397322168,-2.035780819,-0.598166027,-0.349920393,0.4509307443,0.0516337326,1,1,1,1,1,1,1,7,0.1428571429,-0.36441862,-0.073484,0.730255,-0.398401995
420053,,,,-1.800974446,-2.52629216,,,0,0,0,1,1,0,0,2,0.5,-2.163633303,-0.073484,0.730255,-2.862218419
420055,,,-0.313406887,-0.690689751,-0.695376229,-0.083024918,,0,0,1,1,1,1,0,4,0.25,-0.445624446,-0.073484,0.730255,-0.509603982
420065,,,-0.247161735,-1.523403272,0.6173559475,1.0916775389,0.2402731149,0,0,1,1,1,1,1,5,0.2,0.0357483187,-0.073484,0.730255,0.1495803475
420067,-1.492797935,,-0.843368097,0.5121186683,0.2719001114,-0.243211617,0.2111197558,1,0,1,1,1,1,1,6,0.1666666667,-0.264039852,-0.073484,0.730255,-0.260944881
420070,-0.787703611,,-2.499496878,-0.228071128,-1.869926072,-0.029629352,,1,0,1,1,1,1,0,5,0.2,-1.082965408,-0.073484,0.730255,-1.382368719
420071,-0.395984542,0.2786389211,-0.379652038,-1.199570236,-1.282651151,-0.830562845,-0.571733681,1,1,1,1,1,1,1,7,0.1428571429,-0.625930796,-0.073484,0.730255,-0.756512675
420072,,,,-0.598166027,-0.004464557,,,0,0,0,1,1,0,0,2,0.5,-0.301315292,-0.073484,0.730255,-0.311989285
420073,0.9358602936,-0.082454375,0.3490446258,0.0032381832,-1.351742318,0.0771617807,-1.418038546,1,1,1,1,1,1,1,7,0.1428571429,-0.212418622,-0.073484,0.730255,-0.190255577
420078,0.0740783415,-1.04536983,1.1439864408,-0.089285541,-0.073555725,-0.296607183,2.0932263207,1,1,1,1,1,1,1,7,0.1428571429,0.2580675463,-0.073484,0.730255,0.4540208179
420079,1.9543298734,0.6397322168,-1.108348702,0.2345474946,0.0300810262,0.5043263105,1.3511018415,1,1,1,1,1,1,1,7,0.1428571429,0.5151100088,-0.073484,0.730255,0.8060107424
420080,-0.787703611,0.0379100573,0.0178188695,0.9747372911,-0.039010141,-0.18981605,0.449491339,1,1,1,1,1,1,1,7,0.1428571429,0.066203965,-0.073484,0.730255,0.1912858327
420082,-1.571141749,-0.684276534,-0.247161735,-0.8757372,-1.040832065,-2.966385494,-0.576449666,1,1,1,1,1,1,1,7,0.1428571429,-1.137426349,-0.073484,0.730255,-1.456946679
420085,-0.317640728,0.0379100573,-1.307084156,0.2345474946,-0.349920393,0.1839529132,2.0846518033,1,1,1,1,1,1,1,7,0.1428571429,0.0809167131,-0.073484,0.730255,0.2114332397
420086,,,1.0114961383,-0.366856715,-0.695376229,1.0382819727,-0.126287503,0,0,1,1,1,1,1,5,0.2,0.1722515327,-0.073484,0.730255,0.336505712
420087,0.5441412244,-0.323183238,0.0840640208,-0.551904164,-0.349920393,0.2907440456,0.704583231,1,1,1,1,1,1,1,7,0.1428571429,0.0569321037,-0.073484,0.730255,0.178589091
420089,,,0.8127606846,-0.413118577,1.4464499539,-0.563585014,,0,0,1,1,1,1,0,4,0.25,0.3206267618,-0.073484,0.730255,0.5396884283
420091,-0.474328355,-0.804640966,-1.638309912,0.9284754289,-0.177192475,0.5577218767,1.5200198339,1,1,1,1,1,1,1,7,0.1428571429,-0.012607796,-0.073484,0.730255,0.0833622414
420098,-0.317640728,,0.8127606846,0.0032381832,-0.488102728,0.3441396118,0.4760723429,1,0,1,1,1,1,1,6,0.1666666667,0.1384112278,-0.073484,0.730255,0.2901653282
420101,,,-0.909613248,-0.135547404,-0.695376229,-1.04414511,,0,0,1,1,1,1,0,4,0.25,-0.696170498,-0.073484,0.730255,-0.852697823
420102,,,,,,,,0,0,0,0,0,0,0,0,,,-0.073484,0.730255,
420103,,,0.3490446258,-1.060784649,0.8246294491,1.2518642376,,0,0,1,1,1,1,0,4,0.25,0.3411884158,-0.073484,0.730255,0.5678452354
420104,,,0.4152897771,0.2345474946,1.4809955375,1.3052598038,,0,0,1,1,1,1,0,4,0.25,0.8590231533,-0.073484,0.730255,1.2769600193
420105,-1.17942268,,1.0777412896,-0.598166027,-0.384465977,0.130557347,0.5742505669,1,0,1,1,1,1,1,6,0.1666666667,-0.063250913,-0.073484,0.730255,0.0140123487
420106,,,-0.180916584,0.789689842,0.1682633606,,,0,0,1,1,1,0,0,3,0.3333333333,0.2590122061,-0.073484,0.730255,0.4553144202
420107,,,0.8127606846,-1.153308374,0.4100824459,,,0,0,1,1,1,0,0,3,0.3333333333,0.0231782522,-0.073484,0.730255,0.1323670951
420108,,,,,-0.108101308,,,0,0,0,0,1,0,0,1,1,-0.108101308,-0.073484,0.730255,-0.04740508
420109,,,0.2165543233,-1.107046512,-1.455379069,0.3441396118,,0,0,1,1,1,1,0,4,0.25,-0.500432911,-0.073484,0.730255,-0.584657836
420110,,,0.2827994746,0.1882856323,0.7555382819,0.7179085754,,0,0,1,1,1,1,0,4,0.25,0.486132991,-0.073484,0.730255,0.7663300679
42011F,,,0.6140252308,0.6509042552,1.1009941179,,,0,0,1,1,1,0,0,3,0.3333333333,0.7886412013,-0.073484,0.730255,1.180580076
42029F,0.6224850383,,0.6802703821,1.2523084649,2.4137262948,,0.3911846208,1,0,1,1,1,0,1,5,0.2,1.0719949602,-0.073484,0.730255,1.5686002781
421300,,,,,,,,0,0,0,0,0,0,0,0,,,-0.073484,0.730255,
421301,,,,,-0.349920393,,,0,0,0,0,1,0,0,1,1,-0.349920393,-0.073484,0.730255,-0.37854835
421304,,,,,,,,0,0,0,0,0,0,0,0,,,-0.073484,0.730255,
430005,1.0142041074,,-0.578387492,-0.8757372,1.0319029507,-0.777167279,,1,0,1,1,1,1,0,5,0.2,-0.037036983,-0.073484,0.730255,0.0499092952
430008,,,,-0.736951613,-0.211738059,-0.083024918,,0,0,0,1,1,1,0,3,0.3333333333,-0.343904863,-0.073484,0.730255,-0.370310778
430012,,,,-0.783213476,-0.004464557,1.1450731052,,0,0,0,1,1,1,0,3,0.3333333333,0.1191316907,-0.073484,0.730255,0.2637642319
430014,-0.1609531,,0.3490446258,0.2345474946,0.8937206163,-0.029629352,-0.329932291,1,0,1,1,1,1,1,6,0.1666666667,0.1594663323,-0.073484,0.730255,0.3189978588
430015,,,-0.313406887,-1.199570236,-0.384465977,0.5577218767,,0,0,1,1,1,1,0,4,0.25,-0.334930306,-0.073484,0.730255,-0.358021159
430016,0.5441412244,,-0.975858399,0.9284754289,0.306445695,0.9314908403,-0.961874222,1,0,1,1,1,1,1,6,0.1666666667,0.1288034279,-0.073484,0.730255,0.2770085575
430027,1.3275793628,0.7600966487,-1.837045366,-0.181809266,0.2719001114,1.0382819727,-0.204744337,1,1,1,1,1,1,1,7,0.1428571429,0.1677513039,-0.073484,0.730255,0.3303431691
43002F,,,1.4752121971,0.8359517043,-0.073555725,,,0,0,1,1,1,0,0,3,0.3333333333,0.7458693923,-0.073484,0.730255,1.1220090302
430048,,,,-0.505642302,-0.79901298,,,0,0,0,1,1,0,0,2,0.5,-0.652327641,-0.073484,0.730255,-0.792660102
43005F,,,-0.048426282,0.789689842,0.4446280295,,,0,0,1,1,1,0,0,3,0.3333333333,0.3952971966,-0.073484,0.730255,0.6419409529
430077,0.0740783415,0.7600966487,-0.777122945,0.6971661174,0.0646266098,0.7179085754,0.5159438487,1,1,1,1,1,1,1,7,0.1428571429,0.2932424566,-0.073484,0.730255,0.5021887893
430084,,,,,,,,0,0,0,0,0,0,0,0,,,-0.073484,0.730255,
430089,,,,,,,,0,0,0,0,0,0,0,0,,,-0.073484,0.730255,
430090,,,,,,,,0,0,0,0,0,0,0,0,,,-0.073484,0.730255,
430091,,,,,,,,0,0,0,0,0,0,0,0,,,-0.073484,0.730255,
430093,,,,,,,,0,0,0,0,0,0,0,0,,,-0.073484,0.730255,
430095,0.3874535968,0.1582744892,,0.5583805306,,,-0.191453835,1,1,0,1,0,0,1,4,0.25,0.2281636953,-0.073484,0.730255,0.4130709524
430097,,,0.5477800796,0.2808093569,0.4791736131,,,0,0,1,1,1,0,0,3,0.3333333333,0.4359210165,-0.073484,0.730255,0.697570576
430098,,,0.9452509871,,,,,0,0,1,0,0,0,0,1,1,0.9452509871,-0.073484,0.730255,1.3950390652
431300,,,,-0.598166027,0.0300810262,,,0,0,0,1,1,0,0,2,0.5,-0.2840425,-0.073484,0.730255,-0.288336194
431301,,,,,0.7900838655,,,0,0,0,0,1,0,0,1,1,0.7900838655,-0.073484,0.730255,1.1825556377
431302,,,,,-0.108101308,,,0,0,0,0,1,0,0,1,1,-0.108101308,-0.073484,0.730255,-0.04740508
431305,,,,,,,,0,0,0,0,0,0,0,0,,,-0.073484,0.730255,
431306,,,,,-0.453557144,,,0,0,0,0,1,0,0,1,1,-0.453557144,-0.073484,0.730255,-0.520466894
431307,,,,,,,,0,0,0,0,0,0,0,0,,,-0.073484,0.730255,
431308,,,,,,,,0,0,0,0,0,0,0,0,,,-0.073484,0.730255,
431309,,,,,,,,0,0,0,0,0,0,0,0,,,-0.073484,0.730255,
431310,,,,,,,,0,0,0,0,0,0,0,0,,,-0.073484,0.730255,
431311,,,,,,,,0,0,0,0,0,0,0,0,,,-0.073484,0.730255,
431312,,,,,,,,0,0,0,0,0,0,0,0,,,-0.073484,0.730255,
431313,,,,,,,,0,0,0,0,0,0,0,0,,,-0.073484,0.730255,
431314,,,,,,,,0,0,0,0,0,0,0,0,,,-0.073484,0.730255,
431315,,,,,,,,0,0,0,0,0,0,0,0,,,-0.073484,0.730255,
431316,,,-0.975858399,-1.014522787,,,,0,0,1,1,0,0,0,2,0.5,-0.995190593,-0.073484,0.730255,-1.262171261
431317,,,,,,,,0,0,0,0,0,0,0,0,,,-0.073484,0.730255,
431318,,,,,,,,0,0,0,0,0,0,0,0,,,-0.073484,0.730255,
431319,,,,,-0.31537481,,,0,0,0,0,1,0,0,1,1,-0.31537481,-0.073484,0.730255,-0.331242169
431320,,,,,,,,0,0,0,0,0,0,0,0,,,-0.073484,0.730255,
431321,,,,,-0.729921813,,,0,0,0,0,1,0,0,1,1,-0.729921813,-0.073484,0.730255,-0.898916346
431322,,,,,-0.004464557,,,0,0,0,0,1,0,0,1,1,-0.004464557,-0.073484,0.730255,0.0945134644
431323,,,,,1.2391764523,,,0,0,0,0,1,0,0,1,1,1.2391764523,-0.073484,0.730255,1.7975359966
431324,,,,,,,,0,0,0,0,0,0,0,0,,,-0.073484,0.730255,
431325,,,,,-0.729921813,,,0,0,0,0,1,0,0,1,1,-0.729921813,-0.073484,0.730255,-0.898916346
431326,,,,,,,,0,0,0,0,0,0,0,0,,,-0.073484,0.730255,
431327,,,,,,,,0,0,0,0,0,0,0,0,,,-0.073484,0.730255,
431328,,,,,,,,0,0,0,0,0,0,0,0,,,-0.073484,0.730255,
431329,,,,,-1.766289321,,,0,0,0,0,1,0,0,1,1,-1.766289321,-0.073484,0.730255,-2.31810179
431330,,,,,-0.557193895,,,0,0,0,0,1,0,0,1,1,-0.557193895,-0.073484,0.730255,-0.662385439
431331,,,,,,,,0,0,0,0,0,0,0,0,,,-0.073484,0.730255,
431332,,,,,,,,0,0,0,0,0,0,0,0,,,-0.073484,0.730255,
431333,,,,,,,,0,0,0,0,0,0,0,0,,,-0.073484,0.730255,
431334,,,,,-0.833558564,,,0,0,0,0,1,0,0,1,1,-0.833558564,-0.073484,0.730255,-1.04083489
431335,,,-0.379652038,,-0.764467397,,,0,0,1,0,1,0,0,2,0.5,-0.572059717,-0.073484,0.730255,-0.682742463
431336,,,,,,,,0,0,0,0,0,0,0,0,,,-0.073484,0.730255,
431337,,,,0.9284754289,-0.349920393,,,0,0,0,1,1,0,0,2,0.5,0.2892775177,-0.073484,0.730255,0.4967592641
431338,,,,0.6046423929,1.0664485343,,,0,0,0,1,1,0,0,2,0.5,0.8355454636,-0.073484,0.730255,1.2448100386
431339,,,,-1.708450721,0.0991721934,,,0,0,0,1,1,0,0,2,0.5,-0.804639264,-0.073484,0.730255,-1.001233254
431340,,,,,,,,0,0,0,0,0,0,0,0,,,-0.073484,0.730255,
431383,,,,,,,,0,0,0,0,0,0,0,0,,,-0.073484,0.730255,
440001,,,,,-0.488102728,,,0,0,0,0,1,0,0,1,1,-0.488102728,-0.073484,0.730255,-0.567773076
440002,-1.336110308,0.5193677849,-1.042103551,-0.089285541,-1.420833485,1.1984686714,0.0233378252,1,1,1,1,1,1,1,7,0.1428571429,-0.306736943,-0.073484,0.730255,-0.319413609
440003,-0.474328355,,0.8790058358,0.9284754289,-0.660830646,0.6645130092,,1,0,1,1,1,1,0,5,0.2,0.2673670545,-0.073484,0.730255,0.4667554188
440006,0.2307659691,,-0.114671433,0.14202377,-0.522648311,-1.311122941,-1.683419859,1,0,1,1,1,1,1,6,0.1666666667,-0.543178801,-0.073484,0.730255,-0.643193388
440007,,,-1.439574458,,-1.455379069,,,0,0,1,0,1,0,0,2,0.5,-1.447476763,-0.073484,0.730255,-1.881524863
440008,,,,,,,,0,0,0,0,0,0,0,0,,,-0.073484,0.730255,
440009,0.2307659691,,-0.843368097,-0.228071128,-0.177192475,0.1839529132,,1,0,1,1,1,1,0,5,0.2,-0.166782564,-0.073484,0.730255,-0.127762273
440010,,,,-1.107046512,-1.006286482,,,0,0,0,1,1,0,0,2,0.5,-1.056666497,-0.073484,0.730255,-1.346355401
440011,0.5441412244,,-0.048426282,-0.598166027,-0.902649731,0.4509307443,-0.975164724,1,0,1,1,1,1,1,6,0.1666666667,-0.254889132,-0.073484,0.730255,-0.248414029
440012,-2.119548446,-2.128649717,-0.843368097,-2.124807482,-1.939017239,-0.083024918,-1.426613064,1,1,1,1,1,1,1,7,0.1428571429,-1.523575566,-0.073484,0.730255,-1.985733372
440015,-0.004265472,-0.563912102,1.0114961383,1.113522878,0.0991721934,-0.937353977,-0.997029743,1,1,1,1,1,1,1,7,0.1428571429,-0.039767155,-0.073484,0.730255,0.0461706397
440016,,,,-0.829475338,0.2028089442,,,0,0,0,1,1,0,0,2,0.5,-0.313333197,-0.073484,0.730255,-0.328446416
440017,0.2307659691,-0.563912102,-2.102025971,-1.662188859,-0.488102728,-0.510189448,0.5892559723,1,1,1,1,1,1,1,7,0.1428571429,-0.643771024,-0.073484,0.730255,-0.780942804
440018,,,-0.445897189,-0.413118577,-0.246283643,,,0,0,1,1,1,0,0,3,0.3333333333,-0.368433136,-0.073484,0.730255,-0.403899411
440020,,,,-1.060784649,0.6519015311,,,0,0,0,1,1,0,0,2,0.5,-0.204441559,-0.073484,0.730255,-0.179331912
440029,-0.474328355,,-1.373329307,-0.320594853,-0.280829226,-0.350002749,-1.414608739,1,0,1,1,1,1,1,6,0.1666666667,-0.702282205,-0.073484,0.730255,-0.861067099
440030,-2.19789226,,-0.51214234,-0.551904164,-0.729921813,-0.883958411,,1,0,1,1,1,1,0,5,0.2,-0.975163798,-0.073484,0.730255,-1.234746881
440031,,,-0.180916584,-0.181809266,-0.79901298,-0.296607183,,0,0,1,1,1,1,0,4,0.25,-0.364586503,-0.073484,0.730255,-0.398631891
440032,,,,,,,,0,0,0,0,0,0,0,0,,,-0.073484,0.730255,
440033,,,,-0.413118577,-1.006286482,,,0,0,0,1,1,0,0,2,0.5,-0.70970253,-0.073484,0.730255,-0.871228376
440034,-1.727829377,-1.406463126,0.8790058358,0.14202377,0.0646266098,-0.350002749,-0.256620167,1,1,1,1,1,1,1,7,0.1428571429,-0.379322743,-0.073484,0.730255,-0.418811468
440035,-1.727829377,,-2.367006576,-0.413118577,-0.971740898,-3.286758891,0.0837881727,1,0,1,1,1,1,1,6,0.1666666667,-1.447111024,-0.073484,0.730255,-1.881024026
440039,-0.004265472,0.8804610806,0.2165543233,0.9284754289,1.3428132031,-0.61698058,0.5995453931,1,1,1,1,1,1,1,7,0.1428571429,0.4780861966,-0.073484,0.730255,0.7553109137
440046,-1.492797935,,0.3490446258,-0.829475338,1.2046308687,1.4120509363,0.6625680959,1,0,1,1,1,1,1,6,0.1666666667,0.2176702089,-0.073484,0.730255,0.3987013363
440048,-1.022735052,0.7600966487,1.8064379534,0.4195949437,0.2028089442,0.7713041416,0.2076899489,1,1,1,1,1,1,1,7,0.1428571429,0.4493139326,-0.073484,0.730255,0.7159106257
440049,0.309109783,0.399003353,-1.240839004,-0.274332991,-0.419011561,-0.083024918,0.1888260106,1,1,1,1,1,1,1,7,0.1428571429,-0.160038475,-0.073484,0.730255,-0.118527024
440050,0.1524221553,,0.4152897771,-1.939760033,-0.211738059,0.130557347,0.7118715708,1,0,1,1,1,1,1,6,0.1666666667,-0.12355954,-0.073484,0.730255,-0.068573341
440053,-1.257766494,,-1.240839004,0.3270712192,0.0991721934,0.8246997078,0.1223735009,1,0,1,1,1,1,1,6,0.1666666667,-0.187548146,-0.073484,0.730255,-0.156198336
440056,,,-0.445897189,-0.829475338,-0.937195315,-0.563585014,,0,0,1,1,1,1,0,4,0.25,-0.694038214,-0.073484,0.730255,-0.849777907
440057,,,,,-2.146290741,,,0,0,0,0,1,0,0,1,1,-2.146290741,-0.073484,0.730255,-2.838469785
440058,-0.395984542,,-0.975858399,0.6971661174,-0.902649731,-0.777167279,,1,0,1,1,1,1,0,5,0.2,-0.470898767,-0.073484,0.730255,-0.544214241
440059,-0.866047425,0.5193677849,-1.042103551,0.789689842,0.2373545278,-1.738287471,-1.167233913,1,1,1,1,1,1,1,7,0.1428571429,-0.466751458,-0.073484,0.730255,-0.538534981
440060,,,,,0.3755368623,,,0,0,0,0,1,0,0,1,1,0.3755368623,-0.073484,0.730255,0.6148814603
440061,,,0.1503091721,-0.736951613,-2.42265541,,,0,0,1,1,1,0,0,3,0.3333333333,-1.003099284,-0.073484,0.730255,-1.273001298
440063,-2.354579887,0.1582744892,-0.247161735,-1.986021895,-1.351742318,-2.539220964,-2.009680246,1,1,1,1,1,1,1,7,0.1428571429,-1.475733222,-0.073484,0.730255,-1.920218816
440065,0.5441412244,,-0.975858399,-0.413118577,-0.211738059,-0.350002749,,1,0,1,1,1,1,0,5,0.2,-0.281315312,-0.073484,0.730255,-0.284601626
440068,,,-0.51214234,-0.736951613,-2.353564242,0.8246997078,,0,0,1,1,1,1,0,4,0.25,-0.694489622,-0.073484,0.730255,-0.850396058
440072,,,0.1503091721,0.789689842,-1.524470236,,,0,0,1,1,1,0,0,3,0.3333333333,-0.194823741,-0.073484,0.730255,-0.166161421
440073,-0.474328355,,0.0178188695,-1.107046512,-1.869926072,-3.233363325,0.0640667828,1,0,1,1,1,1,1,6,0.1666666667,-1.100463102,-0.073484,0.730255,-1.406329787
440081,,,-0.578387492,-1.662188859,1.0664485343,-0.136420484,,0,0,1,1,1,1,0,4,0.25,-0.327637075,-0.073484,0.730255,-0.348033923
440082,-0.631015983,1.602647672,-1.373329307,1.0672610157,1.0664485343,0.3975351781,-1.095207967,1,1,1,1,1,1,1,7,0.1428571429,0.1477627347,-0.073484,0.730255,0.3029711354
440084,,,-1.969535668,0.5583805306,-0.660830646,-0.830562845,,0,0,1,1,1,1,0,4,0.25,-0.725637157,-0.073484,0.730255,-0.893049005
440091,0.8575164798,1.1211899444,-2.830722634,-0.274332991,-0.31537481,-0.563585014,0.5390950456,1,1,1,1,1,1,1,7,0.1428571429,-0.20945914,-0.073484,0.730255,-0.186202908
440102,,,-1.373329307,-3.09630659,-2.768111246,,,0,0,1,1,1,0,0,3,0.3333333333,-2.412582381,-0.073484,0.730255,-3.203125389
440104,-0.631015983,-0.323183238,-0.445897189,0.2345474946,-0.31537481,0.130557347,-0.595313604,1,1,1,1,1,1,1,7,0.1428571429,-0.277954283,-0.073484,0.730255,-0.279999085
440109,,,-0.51214234,,-2.629928911,,,0,0,1,0,1,0,0,2,0.5,-1.571035626,-0.073484,0.730255,-2.050724435
440110,,,0.0178188695,0.1882856323,0.5828103639,0.6111174429,,0,0,1,1,1,1,0,4,0.25,0.3500080772,-0.073484,0.730255,0.5799227416
440111,,,,,,,,0,0,0,0,0,0,0,0,,,-0.073484,0.730255,
440120,-0.474328355,1.0008255125,-0.379652038,-0.968260925,-0.384465977,0.9314908403,-0.639472368,1,1,1,1,1,1,1,7,0.1428571429,-0.130551902,-0.073484,0.730255,-0.078148571
440125,-0.787703611,0.399003353,-0.975858399,-1.523403272,-0.591739479,0.2373484794,0.0507762808,1,1,1,1,1,1,1,7,0.1428571429,-0.455939521,-0.073484,0.730255,-0.523729284
440130,,,-0.909613248,-0.089285541,0.6173559475,1.1984686714,,0,0,1,1,1,1,0,4,0.25,0.2042314574,-0.073484,0.730255,0.3802985203
440131,,,0.1503091721,-0.320594853,-0.073555725,-0.456793881,,0,0,1,1,1,1,0,4,0.25,-0.175158822,-0.073484,0.730255,-0.139232589
440132,,,0.5477800796,-1.708450721,-1.213559983,-2.165452001,,0,0,1,1,1,1,0,4,0.25,-1.134920656,-0.073484,0.730255,-1.453515423
440137,,,,-0.228071128,1.2737220359,,,0,0,0,1,1,0,0,2,0.5,0.5228254538,-0.073484,0.730255,0.8165761522
44013F,0.8575164798,,2.6013797684,2.085021986,2.2409983768,,0.181108945,1,0,1,1,1,0,1,5,0.2,1.5932051112,-0.073484,0.730255,2.2823373005
440144,-0.631015983,,0.0178188695,0.4195949437,0.133717777,-0.563585014,,1,0,1,1,1,1,0,5,0.2,-0.124693881,-0.073484,0.730255,-0.07012669
440148,,,,,-0.280829226,,,0,0,0,0,1,0,0,1,1,-0.280829226,-0.073484,0.730255,-0.283935987
440150,0.8575164798,,-0.048426282,-0.968260925,0.6864471147,-0.350002749,-1.711715767,1,0,1,1,1,1,1,6,0.1666666667,-0.255740355,-0.073484,0.730255,-0.249579679
440151,,,-0.180916584,0.0957619077,-0.488102728,,,0,0,1,1,1,0,0,3,0.3333333333,-0.191085801,-0.073484,0.730255,-0.161042746
440152,,,,,,,-0.550297388,0,0,0,0,0,0,1,1,1,-0.550297388,-0.073484,0.730255,-0.652941469
440153,,,,-0.505642302,0.0646266098,,,0,0,0,1,1,0,0,2,0.5,-0.220507846,-0.073484,0.730255,-0.201332833
440156,0.8575164798,0.1582744892,0.2827994746,0.6971661174,0.8937206163,0.8780952741,-0.540007967,1,1,1,1,1,1,1,7,0.1428571429,0.4610806407,-0.073484,0.730255,0.7320237715
440159,,,,,,,,0,0,0,0,0,0,0,0,,,-0.073484,0.730255,
440161,0.7791726659,0.399003353,-1.770800214,1.0209991534,-0.004464557,-0.243211617,-0.137434376,1,1,1,1,1,1,1,7,0.1428571429,0.0061806298,-0.073484,0.730255,0.109090817
44016F,0.309109783,,0.8790058358,1.76118895,1.8264513736,,-0.125430051,1,0,1,1,1,0,1,5,0.2,0.9300651782,-0.073484,0.730255,1.3742438562
440173,-1.101078866,0.399003353,-0.578387492,-2.124807482,-0.246283643,0.5577218767,-0.203886885,1,1,1,1,1,1,1,7,0.1428571429,-0.471102734,-0.073484,0.730255,-0.54449355
440175,,,0.1503091721,-1.014522787,-1.524470236,0.0771617807,,0,0,1,1,1,1,0,4,0.25,-0.577880518,-0.073484,0.730255,-0.690713376
440176,,,,,0.1682633606,,,0,0,0,0,1,0,0,1,1,0.1682633606,-0.073484,0.730255,0.3310443716
44017F,,,1.0777412896,1.9924982614,2.1028160424,,,0,0,1,1,1,0,0,3,0.3333333333,1.7243518645,-0.073484,0.730255,2.4619276116
440183,-1.884517004,0.6397322168,-0.777122945,0.1882856323,0.2028089442,0.9848864065,-1.010320245,1,1,1,1,1,1,1,7,0.1428571429,-0.236606714,-0.073484,0.730255,-0.223378371
440184,,,-0.843368097,0.4195949437,0.0991721934,,,0,0,1,1,1,0,0,3,0.3333333333,-0.10820032,-0.073484,0.730255,-0.047540665
440185,-1.101078866,,-1.572064761,0.4195949437,0.5137191967,0.2373484794,-1.334008276,1,0,1,1,1,1,1,6,0.1666666667,-0.472748214,-0.073484,0.730255,-0.546746845
440187,,,-0.975858399,-0.690689751,-1.317196734,,,0,0,1,1,1,0,0,3,0.3333333333,-0.994581628,-0.073484,0.730255,-1.261337354
44018F,0.9358602936,,0.5477800796,2.4551168842,1.7228146227,,0.6878629221,1,0,1,1,1,0,1,5,0.2,1.2698869605,-0.073484,0.730255,1.8395904857
440192,,,,,0.5828103639,,,0,0,0,0,1,0,0,1,1,0.5828103639,-0.073484,0.730255,0.898718549
440193,0.7008288521,,1.6739476509,-0.320594853,0.133717777,1.0916775389,,1,0,1,1,1,1,0,5,0.2,0.6559153932,-0.073484,0.730255,0.9988274319
440194,-0.395984542,,0.2165543233,0.3270712192,1.0664485343,0.2907440456,0.6814320341,1,0,1,1,1,1,1,6,0.1666666667,0.3643776025,-0.073484,0.730255,0.5996001447
440197,0.309109783,,,0.9747372911,-1.144468816,-0.18981605,,1,0,0,1,1,1,0,4,0.25,-0.012609448,-0.073484,0.730255,0.0833599785
440200,,,,,-0.280829226,,,0,0,0,0,1,0,0,1,1,-0.280829226,-0.073484,0.730255,-0.283935987
440218,,,,,,,,0,0,0,0,0,0,0,0,,,-0.073484,0.730255,
440227,-0.239296914,,0.4152897771,-0.505642302,0.4100824459,0.2373484794,,1,0,1,1,1,1,0,5,0.2,0.0635562973,-0.073484,0.730255,0.1876601581
440228,-2.667955143,,-2.764477483,-0.644427889,-3.320840583,0.4509307443,0.3255895628,1,0,1,1,1,1,1,6,0.1666666667,-1.436863465,-0.073484,0.730255,-1.866991179
440231,,,,,,,,0,0,0,0,0,0,0,0,,,-0.073484,0.730255,
441300,,,,,,,,0,0,0,0,0,0,0,0,,,-0.073484,0.730255,
441301,,,,,,,,0,0,0,0,0,0,0,0,,,-0.073484,0.730255,
441303,,,,,-2.629928911,,,0,0,0,0,1,0,0,1,1,-2.629928911,-0.073484,0.730255,-3.500756326
441304,,,,,,,,0,0,0,0,0,0,0,0,,,-0.073484,0.730255,
441305,,,-1.903290517,-0.413118577,-0.557193895,,,0,0,1,1,1,0,0,3,0.3333333333,-0.957867663,-0.073484,0.730255,-1.211061825
441306,,,,,0.7900838655,,,0,0,0,0,1,0,0,1,1,0.7900838655,-0.073484,0.730255,1.1825556377
441307,,,-0.114671433,-0.181809266,-0.729921813,,,0,0,1,1,1,0,0,3,0.3333333333,-0.342134171,-0.073484,0.730255,-0.367886019
441309,,,,,,,,0,0,0,0,0,0,0,0,,,-0.073484,0.730255,
441310,,,-2.565742029,-1.615926997,-1.420833485,,,0,0,1,1,1,0,0,3,0.3333333333,-1.867500837,-0.073484,0.730255,-2.456699255
441313,,,,,,,,0,0,0,0,0,0,0,0,,,-0.073484,0.730255,
441314,,,,,,,,0,0,0,0,0,0,0,0,,,-0.073484,0.730255,
441316,,,,,0.5828103639,,,0,0,0,0,1,0,0,1,1,0.5828103639,-0.073484,0.730255,0.898718549
441320,,,,,,,,0,0,0,0,0,0,0,0,,,-0.073484,0.730255,
441322,,,,,,,,0,0,0,0,0,0,0,0,,,-0.073484,0.730255,
441323,,,,,,,,0,0,0,0,0,0,0,0,,,-0.073484,0.730255,
450002,-0.474328355,,,0.0957619077,-0.971740898,-0.883958411,,1,0,0,1,1,1,0,4,0.25,-0.558566439,-0.073484,0.730255,-0.664264979
450007,-0.082609286,,0.6802703821,0.14202377,-0.902649731,-0.883958411,,1,0,1,1,1,1,0,5,0.2,-0.209384655,-0.073484,0.730255,-0.18610091
450010,-0.474328355,-4.535938355,-0.578387492,-0.598166027,-0.349920393,-0.456793881,0.0507762808,1,1,1,1,1,1,1,7,0.1428571429,-0.991822603,-0.073484,0.730255,-1.257559189
450011,-2.119548446,-0.563912102,-1.373329307,-0.413118577,-0.108101308,0.7713041416,-0.115569356,1,1,1,1,1,1,1,7,0.1428571429,-0.560324994,-0.073484,0.730255,-0.666673116
450015,-0.552672169,,1.0777412896,1.8999745368,1.0319029507,-0.136420484,-2.015682408,1,0,1,1,1,1,1,6,0.1666666667,0.2174739527,-0.073484,0.730255,0.3984325861
450018,0.7791726659,-0.323183238,0.6802703821,1.3910940517,1.4464499539,-0.670376146,-0.254047812,1,1,1,1,1,1,1,7,0.1428571429,0.4356256938,-0.073484,0.730255,0.6971661657
450021,0.1524221553,1.0008255125,1.2764767434,0.3270712192,1.3773587867,0.8246997078,0.3568865513,1,1,1,1,1,1,1,7,0.1428571429,0.7593915252,-0.073484,0.730255,1.1405260273
450023,-0.631015983,-0.804640966,-0.909613248,-0.644427889,-1.731743737,-0.083024918,,1,1,1,1,1,1,0,6,0.1666666667,-0.800744457,-0.073484,0.730255,-0.995899766
450024,-0.317640728,,,-0.598166027,-0.626285062,-0.883958411,-2.188030207,1,0,0,1,1,1,1,5,0.2,-0.922816087,-0.073484,0.730255,-1.163062745
450028,0.309109783,,-0.247161735,0.3733330814,0.0991721934,0.6111174429,,1,0,1,1,1,1,0,5,0.2,0.2291141531,-0.073484,0.730255,0.4143724943
450029,-1.884517004,,0.2827994746,-0.598166027,-0.729921813,-0.029629352,0.6471339646,1,0,1,1,1,1,1,6,0.1666666667,-0.385383459,-0.073484,0.730255,-0.427110918
450032,0.8575164798,-0.925005398,0.6802703821,0.0495000455,0.5137191967,0.2907440456,0.0134771302,1,1,1,1,1,1,1,7,0.1428571429,0.2114602688,-0.073484,0.730255,0.3901975416
450033,0.2307659691,,0.8127606846,0.6046423929,-0.246283643,-1.738287471,-1.238831133,1,0,1,1,1,1,1,6,0.1666666667,-0.262538867,-0.073484,0.730255,-0.258889455
450034,0.0740783415,0.0379100573,0.0178188695,-0.366856715,-1.213559983,0.6111174429,0.2565646979,1,1,1,1,1,1,1,7,0.1428571429,-0.083275327,-0.073484,0.730255,-0.01340877
450035,,,,0.7434279797,-0.660830646,,,0,0,0,1,1,0,0,2,0.5,0.041298667,-0.073484,0.730255,0.1571809075
450039,,,0.4815349283,0.7434279797,1.6537234555,0.5043263105,0.825912652,0,0,1,1,1,1,1,5,0.2,0.8417850652,-0.073484,0.730255,1.2533544514
450040,-0.787703611,-1.406463126,-1.505819609,0.1882856323,0.5828103639,-2.325638699,-1.959519319,1,1,1,1,1,1,1,7,0.1428571429,-1.030578338,-0.073484,0.730255,-1.310630686
450042,-1.336110308,-0.684276534,-2.035780819,-1.245832099,-1.939017239,-1.738287471,0.7971880187,1,1,1,1,1,1,1,7,0.1428571429,-1.168873779,-0.073484,0.730255,-1.500010297
450044,1.0142041074,0.5193677849,1.8726831046,1.9924982614,2.1719072096,0.7179085754,1.7536754325,1,1,1,1,1,1,1,7,0.1428571429,1.4346063537,-0.073484,0.730255,2.0651546445
450046,-1.492797935,-1.04536983,-1.373329307,0.3733330814,0.0646266098,-1.311122941,0.439630644,1,1,1,1,1,1,1,7,0.1428571429,-0.620718525,-0.073484,0.730255,-0.749375073
450051,-0.239296914,-0.202818807,-0.048426282,-0.181809266,0.0991721934,-0.029629352,-1.113643179,1,1,1,1,1,1,1,7,0.1428571429,-0.245207372,-0.073484,0.730255,-0.235155978
450054,1.6409546181,0.5193677849,1.8726831046,0.9747372911,1.6537234555,0.9848864065,0.8079061655,1,1,1,1,1,1,1,7,0.1428571429,1.2077512609,-0.073484,0.730255,1.7545028313
450055,,,,,0.1682633606,,,0,0,0,0,1,0,0,1,1,0.1682633606,-0.073484,0.730255,0.3310443716
450056,-0.239296914,-0.202818807,0.5477800796,0.5121186683,-0.004464557,1.839215466,0.1605301033,1,1,1,1,1,1,1,7,0.1428571429,0.3732948628,-0.073484,0.730255,0.6118113013
450058,-2.276236074,0.399003353,-1.439574458,0.7434279797,-0.142646892,0.2373484794,-0.302065109,1,1,1,1,1,1,1,7,0.1428571429,-0.39724896,-0.073484,0.730255,-0.443359349
450064,-0.631015983,,-0.379652038,-1.523403272,0.133717777,-0.563585014,0.5463833854,1,0,1,1,1,1,1,6,0.1666666667,-0.402925857,-0.073484,0.730255,-0.451133203
450068,1.0142041074,-0.082454375,-1.042103551,1.2985703271,0.0300810262,-0.563585014,0.763747401,1,1,1,1,1,1,1,7,0.1428571429,0.2026371318,-0.073484,0.730255,0.3781152758
450072,1.3275793628,,0.9452509871,-0.320594853,0.306445695,0.8246997078,,1,0,1,1,1,1,0,5,0.2,0.61667618,-0.073484,0.730255,0.9450938675
450079,-0.082609286,,1.0114961383,1.2060466026,0.7900838655,1.0382819727,-0.042257233,1,0,1,1,1,1,1,6,0.1666666667,0.65350701,-0.073484,0.730255,0.9955294297
450080,0.8575164798,,-0.379652038,-1.384617685,0.6519015311,0.2373484794,,1,0,1,1,1,1,0,5,0.2,-0.003500647,-0.073484,0.730255,0.0958334287
450082,,,,0.4195949437,-0.833558564,,,0,0,0,1,1,0,0,2,0.5,-0.20698181,-0.073484,0.730255,-0.182810491
450083,-0.239296914,-0.925005398,-2.234516273,-1.153308374,-1.006286482,-1.791683037,-0.31449816,1,1,1,1,1,1,1,7,0.1428571429,-1.094942091,-0.073484,0.730255,-1.398769401
450087,0.6224850383,-0.323183238,-0.445897189,0.8359517043,1.1009941179,0.5043263105,-0.438399936,1,1,1,1,1,1,1,7,0.1428571429,0.2651824011,-0.073484,0.730255,0.4637637886
450090,,,0.4815349283,1.2985703271,0.5482647803,0.1839529132,,0,0,1,1,1,1,0,4,0.25,0.6280807372,-0.073484,0.730255,0.9607110897
450092,-0.395984542,,,0.0495000455,0.306445695,,,1,0,0,1,1,0,0,3,0.3333333333,-0.013346267,-0.073484,0.730255,0.0823509902
450097,0.309109783,,-0.777122945,0.2808093569,-0.833558564,-0.029629352,-0.07784148,1,0,1,1,1,1,1,6,0.1666666667,-0.188038867,-0.073484,0.730255,-0.156870322
450101,-2.432923701,,-0.51214234,-0.783213476,-0.971740898,-1.311122941,0.3080118022,1,0,1,1,1,1,1,6,0.1666666667,-0.950521926,-0.073484,0.730255,-1.201002687
450102,-1.022735052,-0.684276534,-0.710877794,-1.060784649,-0.039010141,-1.951869736,0.4276263197,1,1,1,1,1,1,1,7,0.1428571429,-0.72027537,-0.073484,0.730255,-0.885706657
450104,-1.414454121,,0.4152897771,-1.384617685,-1.697198154,-1.631496338,,1,0,1,1,1,1,0,5,0.2,-1.142495304,-0.073484,0.730255,-1.463888027
450107,-0.395984542,0.6397322168,-0.048426282,0.2345474946,-0.004464557,-1.898474169,-0.824681944,1,1,1,1,1,1,1,7,0.1428571429,-0.328250255,-0.073484,0.730255,-0.348873601
450108,,,,-0.413118577,-1.973562823,,,0,0,0,1,1,0,0,2,0.5,-1.1933407,-0.073484,0.730255,-1.533514916
450119,1.0925479213,-0.202818807,1.8726831046,0.8822135666,0.1682633606,-1.524705206,1.0797183664,1,1,1,1,1,1,1,7,0.1428571429,0.481128901,-0.073484,0.730255,0.7594775454
450124,,,,0.2808093569,0.7900838655,1.1450731052,-1.125218778,0,0,0,1,1,1,1,4,0.25,0.2726868874,-0.073484,0.730255,0.4740403147
450128,0.1524221553,,1.0777412896,1.113522878,0.133717777,0.2373484794,,1,0,1,1,1,1,0,5,0.2,0.5429505159,-0.073484,0.730255,0.8441350971
450132,-1.022735052,-1.526827557,-1.704555063,-0.690689751,-0.591739479,-0.563585014,-0.387810283,1,1,1,1,1,1,1,7,0.1428571429,-0.926848886,-0.073484,0.730255,-1.168585197
450133,-3.921456164,-3.5730229,-1.903290517,-1.384617685,-2.077199574,-1.150936242,-1.087919627,1,1,1,1,1,1,1,7,0.1428571429,-2.156920387,-0.073484,0.730255,-2.853025857
450135,-0.787703611,0.7600966487,-0.379652038,0.2808093569,0.2719001114,-2.112056434,0.7946156635,1,1,1,1,1,1,1,7,0.1428571429,-0.167427186,-0.073484,0.730255,-0.128645009
450137,0.6224850383,-0.082454375,1.5414573484,0.789689842,1.4464499539,0.9848864065,-0.421679627,1,1,1,1,1,1,1,7,0.1428571429,0.697262084,-0.073484,0.730255,1.055446943
450143,,,,,,,,0,0,0,0,0,0,0,0,,,-0.073484,0.730255,
450144,,,,,-1.144468816,,,0,0,0,0,1,0,0,1,1,-1.144468816,-0.073484,0.730255,-1.466590523
450147,-0.944391238,,-0.445897189,0.2808093569,-0.937195315,1.1450731052,0.7345940419,1,0,1,1,1,1,1,6,0.1666666667,-0.02783454,-0.073484,0.730255,0.0625109764
450148,,,0.8790058358,-0.366856715,-0.246283643,,,0,0,1,1,1,0,0,3,0.3333333333,0.088621826,-0.073484,0.730255,0.2219845008
450152,0.9358602936,,-0.578387492,0.1882856323,-1.559015819,1.0916775389,,1,0,1,1,1,1,0,5,0.2,0.0156840307,-0.073484,0.730255,0.1221046256
450154,,,,-0.043023679,-1.248105567,,,0,0,0,1,1,0,0,2,0.5,-0.645564623,-0.073484,0.730255,-0.783398931
450155,,,,,-1.248105567,,,0,0,0,0,1,0,0,1,1,-1.248105567,-0.073484,0.730255,-1.608509068
450162,,,,,,,,0,0,0,0,0,0,0,0,,,-0.073484,0.730255,
450163,0.8575164798,,,0.0957619077,-0.349920393,-0.18981605,,1,0,0,1,1,1,0,4,0.25,0.1033854859,-0.073484,0.730255,0.2422016255
450165,,,,-0.783213476,0.7209926983,,,0,0,0,1,1,0,0,2,0.5,-0.031110389,-0.073484,0.730255,0.0580250801
450176,-0.317640728,,0.8127606846,0.7434279797,1.3428132031,0.2907440456,,1,0,1,1,1,1,0,5,0.2,0.5744210371,-0.073484,0.730255,0.8872303362
450184,-1.571141749,0.2786389211,-0.909613248,0.8359517043,0.4791736131,0.6645130092,1.6383481737,1,1,1,1,1,1,1,7,0.1428571429,0.2022672035,-0.073484,0.730255,0.3776087017
450193,1.5626108043,0.2786389211,0.0178188695,1.0672610157,2.0337248752,1.1984686714,1.2962249302,1,1,1,1,1,1,1,7,0.1428571429,1.0649640125,-0.073484,0.730255,1.5589722084
450194,,,,0.2808093569,-0.073555725,,,0,0,0,1,1,0,0,2,0.5,0.1036268161,-0.073484,0.730255,0.2425320994
450196,-1.806173191,,-1.108348702,-1.89349817,-1.766289321,-0.243211617,-0.645045805,1,0,1,1,1,1,1,6,0.1666666667,-1.243761134,-0.073484,0.730255,-1.602559869
450200,-0.944391238,,-0.445897189,-1.060784649,-1.524470236,0.7713041416,-1.371736153,1,0,1,1,1,1,1,6,0.1666666667,-0.762662554,-0.073484,0.730255,-0.943751004
450203,-0.944391238,,-1.903290517,0.5121186683,0.5828103639,0.7713041416,1.2332022275,1,0,1,1,1,1,1,6,0.1666666667,0.041958941,-0.073484,0.730255,0.1580850764
450209,0.0740783415,-2.730471876,0.0178188695,-0.274332991,0.4446280295,-1.04414511,-0.079985109,1,1,1,1,1,1,1,7,0.1428571429,-0.513201407,-0.073484,0.730255,-0.602142814
450210,,,,0.2808093569,-0.488102728,,,0,0,0,1,1,0,0,2,0.5,-0.103646685,-0.073484,0.730255,-0.041304989
450211,-0.866047425,-0.44354767,-0.114671433,-0.135547404,-0.211738059,-1.097540676,1.4089798338,1,1,1,1,1,1,1,7,0.1428571429,-0.208587548,-0.073484,0.730255,-0.185009363
450213,-0.631015983,0.1582744892,0.7465155333,0.6046423929,0.6864471147,0.3975351781,1.4329884825,1,1,1,1,1,1,1,7,0.1428571429,0.4850553154,-0.073484,0.730255,0.7648543157
450222,-0.082609286,0.6397322168,-1.572064761,0.5583805306,0.6173559475,0.2373484794,0.7028683276,1,1,1,1,1,1,1,7,0.1428571429,0.1572873507,-0.073484,0.730255,0.3160139955
450229,-0.787703611,-1.767556421,-1.439574458,-0.829475338,-0.557193895,0.5043263105,0.7007246982,1,1,1,1,1,1,1,7,0.1428571429,-0.596636102,-0.073484,0.730255,-0.71639698
450231,-0.552672169,-2.97120074,-0.247161735,-1.430879548,-0.488102728,-1.04414511,-0.214605032,1,1,1,1,1,1,1,7,0.1428571429,-0.992681009,-0.073484,0.730255,-1.258734676
450235,,,,,-0.557193895,,,0,0,0,0,1,0,0,1,1,-0.557193895,-0.073484,0.730255,-0.662385439
450236,1.2492355489,,-3.426928996,-0.089285541,0.2028089442,-0.136420484,,1,0,1,1,1,1,0,5,0.2,-0.440118106,-0.073484,0.730255,-0.502063685
450237,-0.631015983,-0.44354767,1.0777412896,0.6509042552,-0.419011561,0.4509307443,0.2239815319,1,1,1,1,1,1,1,7,0.1428571429,0.1299975153,-0.073484,0.730255,0.278643722
450241,,,,,-0.108101308,,,0,0,0,0,1,0,0,1,1,-0.108101308,-0.073484,0.730255,-0.04740508
450253,,,,,,,,0,0,0,0,0,0,0,0,,,-0.073484,0.730255,
450272,-0.082609286,,0.3490446258,-0.45938044,-0.557193895,1.0382819727,,1,0,1,1,1,1,0,5,0.2,0.0576285955,-0.073484,0.730255,0.179542856
450289,,,,0.8822135666,,,0.6642829994,0,0,0,1,0,0,1,2,0.5,0.773248283,-0.073484,0.730255,1.1595012545
450292,,,,-0.366856715,-1.040832065,,,0,0,0,1,1,0,0,2,0.5,-0.70384439,-0.073484,0.730255,-0.863206332
450324,0.8575164798,-0.804640966,0.4815349283,1.4836177763,1.7573602063,0.0237662145,0.802761455,1,1,1,1,1,1,1,7,0.1428571429,0.6574165849,-0.073484,0.730255,1.0008831403
450330,0.3874535968,,-0.51214234,-0.413118577,-1.282651151,,,1,0,1,1,1,0,0,4,0.25,-0.455114618,-0.073484,0.730255,-0.522599675
450346,-1.492797935,-2.489743013,0.9452509871,0.3733330814,-1.455379069,0.8780952741,0.7234471693,1,1,1,1,1,1,1,7,0.1428571429,-0.359684786,-0.073484,0.730255,-0.391919557
450347,0.1524221553,,0.1503091721,0.1882856323,-0.039010141,-0.403398315,,1,0,1,1,1,1,0,5,0.2,0.0097217007,-0.073484,0.730255,0.1139399041
450351,,,,-1.708450721,-0.073555725,,,0,0,0,1,1,0,0,2,0.5,-0.891003223,-0.073484,0.730255,-1.119498707
450352,0.1524221553,,0.0178188695,-0.135547404,0.3409912786,0.2907440456,-0.614606268,1,0,1,1,1,1,1,6,0.1666666667,0.0086371129,-0.073484,0.730255,0.1124546866
450358,0.7008288521,0.7600966487,2.5351346172,2.408855022,2.5864542128,1.8926110323,3.1063055491,1,1,1,1,1,1,1,7,0.1428571429,1.9986122763,-0.073484,0.730255,2.8374955266
450369,,,,,0.6519015311,,,0,0,0,0,1,0,0,1,1,0.6519015311,-0.073484,0.730255,0.9933309119
450370,,,,-1.014522787,-1.420833485,,,0,0,0,1,1,0,0,2,0.5,-1.217678136,-0.073484,0.730255,-1.56684222
450372,1.0142041074,,1.4089670459,-0.089285541,1.7919057899,1.3052598038,0.6518499491,1,0,1,1,1,1,1,6,0.1666666667,1.0138168591,-0.073484,0.730255,1.4889320972
450379,,,,0.6509042552,1.2737220359,,,0,0,0,1,1,0,0,2,0.5,0.9623131455,-0.073484,0.730255,1.4184037179
450388,0.7791726659,0.1582744892,-0.180916584,1.76118895,-0.246283643,-0.243211617,1.5723243899,1,1,1,1,1,1,1,7,0.1428571429,0.5143640931,-0.073484,0.730255,0.8049892972
450389,-0.631015983,,-1.373329307,-0.598166027,0.3755368623,-0.883958411,,1,0,1,1,1,1,0,5,0.2,-0.622186573,-0.073484,0.730255,-0.751385395
450395,,,-0.048426282,0.14202377,0.0300810262,,,0,0,1,1,1,0,0,3,0.3333333333,0.0412261715,-0.073484,0.730255,0.1570816333
450399,,,,,-0.108101308,,,0,0,0,0,1,0,0,1,1,-0.108101308,-0.073484,0.730255,-0.04740508
450400,,,,,-0.349920393,,,0,0,0,0,1,0,0,1,1,-0.349920393,-0.073484,0.730255,-0.37854835
450403,-0.474328355,,-0.048426282,0.8359517043,0.5828103639,1.0916775389,0.8696426906,1,0,1,1,1,1,1,6,0.1666666667,0.4762212768,-0.073484,0.730255,0.7527571216
450411,,,,,0.8591750327,,,0,0,0,0,1,0,0,1,1,0.8591750327,-0.073484,0.730255,1.2771680006
450419,,,,0.5121186683,0.9973573671,,,0,0,0,1,1,0,0,2,0.5,0.7547380177,-0.073484,0.730255,1.134153587
450422,,,,,,,,0,0,0,0,0,0,0,0,,,-0.073484,0.730255,
450424,0.2307659691,0.6397322168,1.5414573484,0.9284754289,1.1355397015,-0.18981605,0.2286975165,1,1,1,1,1,1,1,7,0.1428571429,0.6449788758,-0.073484,0.730255,0.9838511362
450431,0.8575164798,0.6397322168,1.1439864408,2.2700694351,0.9628117835,0.9848864065,1.2126233858,1,1,1,1,1,1,1,7,0.1428571429,1.1530894498,-0.073484,0.730255,1.6796498028
450447,,,,-0.644427889,-0.626285062,0.5577218767,,0,0,0,1,1,1,0,3,0.3333333333,-0.237663691,-0.073484,0.730255,-0.22482578
450451,,,,,-0.419011561,,,0,0,0,0,1,0,0,1,1,-0.419011561,-0.073484,0.730255,-0.473160713
450460,,,,,-0.764467397,,,0,0,0,0,1,0,0,1,1,-0.764467397,-0.073484,0.730255,-0.946222527
450462,-0.239296914,-1.286098694,0.2827994746,-0.320594853,-0.142646892,-0.403398315,-1.015464955,1,1,1,1,1,1,1,7,0.1428571429,-0.446385878,-0.073484,0.730255,-0.510646675
450465,-0.239296914,,0.3490446258,-0.505642302,0.1682633606,,,1,0,1,1,1,0,0,4,0.25,-0.056907807,-0.073484,0.730255,0.0226984988
450469,-0.787703611,,0.6802703821,-0.45938044,-0.31537481,1.3052598038,,1,0,1,1,1,1,0,5,0.2,0.0846142651,-0.073484,0.730255,0.2164966096
450475,,,,0.1882856323,-0.729921813,,,0,0,0,1,1,0,0,2,0.5,-0.27081809,-0.073484,0.730255,-0.270226894
450484,0.4657974106,-2.850836308,0.0178188695,0.3733330814,0.8591750327,0.9314908403,1.9688958187,1,1,1,1,1,1,1,7,0.1428571429,0.2522392493,-0.073484,0.730255,0.4460396391
450489,,,,,-0.280829226,,,0,0,0,0,1,0,0,1,1,-0.280829226,-0.073484,0.730255,-0.283935987
450498,,,,,0.0646266098,,,0,0,0,0,1,0,0,1,1,0.0646266098,-0.073484,0.730255,0.1891258273
450508,0.0740783415,,0.7465155333,-2.171069344,0.0991721934,-1.04414511,,1,0,1,1,1,1,0,5,0.2,-0.459089677,-0.073484,0.730255,-0.528043059
450518,0.309109783,0.0379100573,-0.247161735,1.1597847403,0.3755368623,0.7179085754,,1,1,1,1,1,1,0,6,0.1666666667,0.3921813805,-0.073484,0.730255,0.637674203
450537,-1.17942268,-0.082454375,0.1503091721,-0.228071128,-0.833558564,-0.61698058,-0.179020785,1,1,1,1,1,1,1,7,0.1428571429,-0.424171277,-0.073484,0.730255,-0.480226348
450539,,,,0.6509042552,0.6519015311,,,0,0,0,1,1,0,0,2,0.5,0.6514028931,-0.073484,0.730255,0.9926480849
450563,0.5441412244,,0.0840640208,0.5121186683,1.1355397015,1.839215466,0.7204460882,1,0,1,1,1,1,1,6,0.1666666667,0.8059208615,-0.073484,0.730255,1.2042425722
450565,,,-1.307084156,0.0495000455,0.4100824459,,,0,0,1,1,1,0,0,3,0.3333333333,-0.282500555,-0.073484,0.730255,-0.286224678
450571,-1.17942268,-1.165734262,-0.180916584,-1.89349817,0.5828103639,-0.510189448,0.1678184431,1,1,1,1,1,1,1,7,0.1428571429,-0.597018905,-0.073484,0.730255,-0.716921185
450573,,,-0.247161735,0.3733330814,0.5482647803,,,0,0,1,1,1,0,0,3,0.3333333333,0.2248120421,-0.073484,0.730255,0.4084812509
450584,,,-0.909613248,,-1.040832065,,,0,0,1,0,1,0,0,2,0.5,-0.975222657,-0.073484,0.730255,-1.234827482
450587,-2.746298957,,-1.903290517,-0.598166027,-1.248105567,-0.403398315,,1,0,1,1,1,1,0,5,0.2,-1.379851876,-0.073484,0.730255,-1.788920402
450596,0.309109783,,0.1503091721,0.465856806,0.1682633606,-0.563585014,,1,0,1,1,1,1,0,5,0.2,0.1059908215,-0.073484,0.730255,0.2457693313
450597,,,,-0.8757372,-0.902649731,,,0,0,0,1,1,0,0,2,0.5,-0.889193466,-0.073484,0.730255,-1.117020454
450604,,,,-0.505642302,-0.971740898,,,0,0,0,1,1,0,0,2,0.5,-0.7386916,-0.073484,0.730255,-0.910925555
45060F,,,0.8790058358,0.2808093569,0.6864471147,,,0,0,1,1,1,0,0,3,0.3333333333,0.6154207691,-0.073484,0.730255,0.9433747275
450610,-0.1609531,0.399003353,-0.710877794,1.3448321894,1.1009941179,0.2907440456,-0.127573681,1,1,1,1,1,1,1,7,0.1428571429,0.3051670187,-0.073484,0.730255,0.5185180981
450617,1.4059231766,0.8804610806,0.7465155333,1.2523084649,0.8246294491,0.6645130092,1.6151969768,1,1,1,1,1,1,1,7,0.1428571429,1.0556496701,-0.073484,0.730255,1.5462172937
450634,1.0142041074,,0.0840640208,0.9284754289,0.6864471147,-0.083024918,0.9412399107,1,0,1,1,1,1,1,6,0.1666666667,0.5952342774,-0.073484,0.730255,0.9157316618
450638,-0.552672169,,-0.445897189,-0.135547404,0.9628117835,0.6645130092,1.1598901039,1,0,1,1,1,1,1,6,0.1666666667,0.2755163557,-0.073484,0.730255,0.4779149443
450639,-1.257766494,-2.008285285,-0.445897189,0.4195949437,-0.729921813,1.4654465025,-0.651905418,1,1,1,1,1,1,1,7,0.1428571429,-0.458390679,-0.073484,0.730255,-0.527085861
450641,,,,,-0.522648311,,,0,0,0,0,1,0,0,1,1,-0.522648311,-0.073484,0.730255,-0.615079257
450643,0.8575164798,,0.5477800796,-1.107046512,0.3409912786,0.5577218767,1.7725393707,1,0,1,1,1,1,1,6,0.1666666667,0.4949170956,-0.073484,0.730255,0.7783588833
450644,1.0925479213,-0.925005398,,0.7434279797,0.0991721934,1.1450731052,0.5060831537,1,1,0,1,1,1,1,6,0.1666666667,0.4435498259,-0.073484,0.730255,0.7080173481
450647,0.2307659691,1.4822832401,-0.777122945,0.7434279797,0.4100824459,0.7713041416,0.6857192928,1,1,1,1,1,1,1,7,0.1428571429,0.5066371605,-0.073484,0.730255,0.7944081567
450651,0.5441412244,0.399003353,1.2764767434,0.9284754289,0.7555382819,-0.136420484,2.4597869387,1,1,1,1,1,1,1,7,0.1428571429,0.8895716409,-0.073484,0.730255,1.3187926401
450653,,,,-1.107046512,-0.764467397,,,0,0,0,1,1,0,0,2,0.5,-0.935756954,-0.073484,0.730255,-1.180783766
450654,,,,,-0.729921813,,,0,0,0,0,1,0,0,1,1,-0.729921813,-0.073484,0.730255,-0.898916346
450656,-0.944391238,,-0.909613248,-0.228071128,0.2028089442,-1.578100772,-0.752227272,1,0,1,1,1,1,1,6,0.1666666667,-0.701599119,-0.073484,0.730255,-0.860131692
450658,,,,,-1.109923233,,,0,0,0,0,1,0,0,1,1,-1.109923233,-0.073484,0.730255,-1.419284342
450659,,,,1.6224033631,1.1009941179,,1.1984754321,0,0,0,1,1,0,1,3,0.3333333333,1.307290971,-0.073484,0.730255,1.8908109523
450661,0.9358602936,-0.082454375,-1.439574458,0.465856806,-0.453557144,-0.403398315,,1,1,1,1,1,1,0,6,0.1666666667,-0.162877865,-0.073484,0.730255,-0.12241524
450662,-0.1609531,,,-0.043023679,-0.31537481,0.3441396118,-0.519429125,1,0,0,1,1,1,1,5,0.2,-0.13892822,-0.073484,0.730255,-0.089618971
450668,0.1524221553,0.0379100573,,0.0032381832,-1.144468816,-0.937353977,-0.287917156,1,1,0,1,1,1,1,6,0.1666666667,-0.362694926,-0.073484,0.730255,-0.396041595
450669,-0.709359797,,-0.909613248,0.0957619077,0.9628117835,0.6111174429,0.9356664744,1,0,1,1,1,1,1,6,0.1666666667,0.1643974273,-0.073484,0.730255,0.325750423
45066F,1.6409546181,,2.4688894659,2.8714736448,2.2409983768,,0.4220528834,1,0,1,1,1,0,1,5,0.2,1.9288737978,-0.073484,0.730255,2.7419967458
450670,1.2492355489,0.1582744892,1.2764767434,0.3733330814,-1.351742318,1.1450731052,1.146599602,1,1,1,1,1,1,1,7,0.1428571429,0.5710357503,-0.073484,0.730255,0.8825945775
450672,0.3874535968,0.399003353,-0.379652038,1.2523084649,0.4100824459,0.6111174429,1.9247370542,1,1,1,1,1,1,1,7,0.1428571429,0.6578643314,-0.073484,0.730255,1.0014962773
450674,,,,,,,,0,0,0,0,0,0,0,0,,,-0.073484,0.730255,
450675,-0.082609286,-1.406463126,-0.644632643,1.5761415008,0.8937206163,0.0771617807,1.2237702584,1,1,1,1,1,1,1,7,0.1428571429,0.2338698717,-0.073484,0.730255,0.4208849009
450677,0.2307659691,,-1.174593853,0.465856806,1.4809955375,0.2907440456,0.3753217636,1,0,1,1,1,1,1,6,0.1666666667,0.2781817115,-0.073484,0.730255,0.4815648408
450678,-0.474328355,,0.3490446258,1.1597847403,-0.729921813,-0.777167279,0.1806802191,1,0,1,1,1,1,1,6,0.1666666667,-0.04865131,-0.073484,0.730255,0.0340048165
450684,0.309109783,,0.6802703821,-0.598166027,0.5137191967,0.3975351781,1.208764853,1,0,1,1,1,1,1,6,0.1666666667,0.4185388944,-0.073484,0.730255,0.67376777
450686,-1.17942268,-0.684276534,0.2165543233,-1.153308374,0.9628117835,-0.670376146,-1.471200554,1,1,1,1,1,1,1,7,0.1428571429,-0.56845974,-0.073484,0.730255,-0.677812711
450688,-0.866047425,,0.2165543233,0.1882856323,-0.177192475,-0.563585014,,1,0,1,1,1,1,0,5,0.2,-0.240396992,-0.073484,0.730255,-0.228568718
450690,,,-0.180916584,-0.644427889,-0.695376229,,,0,0,1,1,1,0,0,3,0.3333333333,-0.506906901,-0.073484,0.730255,-0.593523216
450694,,,,0.8822135666,0.9973573671,,,0,0,0,1,1,0,0,2,0.5,0.9397854668,-0.073484,0.730255,1.3875546674
450698,,,,,,,,0,0,0,0,0,0,0,0,,,-0.073484,0.730255,
450702,0.0740783415,-2.97120074,0.1503091721,-0.274332991,-0.004464557,0.8780952741,-0.152011055,1,1,1,1,1,1,1,7,0.1428571429,-0.328503794,-0.073484,0.730255,-0.349220794
450709,1.6409546181,,1.0114961383,1.6686652254,1.1700852851,1.5722376349,,1,0,1,1,1,1,0,5,0.2,1.4126877804,-0.073484,0.730255,2.0351396933
450711,-0.004265472,0.6397322168,,0.5121186683,-0.177192475,0.6645130092,1.3095154322,1,1,0,1,1,1,1,6,0.1666666667,0.4907368964,-0.073484,0.730255,0.7726345839
450713,1.7192984319,0.5193677849,-0.180916584,0.0495000455,-0.419011561,0.7713041416,0.8769310304,1,1,1,1,1,1,1,7,0.1428571429,0.4766390414,-0.073484,0.730255,0.7533292019
450718,-0.1609531,-0.44354767,0.4152897771,0.5121186683,0.3409912786,-0.083024918,-0.631326577,1,1,1,1,1,1,1,7,0.1428571429,-0.007207506,-0.073484,0.730255,0.0907573137
450723,-0.317640728,0.7600966487,-0.777122945,0.5583805306,-0.31537481,-0.61698058,-1.144940168,1,1,1,1,1,1,1,7,0.1428571429,-0.264797436,-0.073484,0.730255,-0.261982305
450730,0.2307659691,,,0.0032381832,0.0300810262,-0.937353977,0.2698551999,1,0,0,1,1,1,1,5,0.2,-0.08068272,-0.073484,0.730255,-0.009858494
450742,0.5441412244,,-0.180916584,-0.135547404,-0.142646892,-0.403398315,-0.565302793,1,0,1,1,1,1,1,6,0.1666666667,-0.147278461,-0.073484,0.730255,-0.101053659
450743,0.8575164798,0.7600966487,-1.042103551,0.3270712192,0.9628117835,-0.510189448,0.81262215,1,1,1,1,1,1,1,7,0.1428571429,0.3096893261,-0.073484,0.730255,0.5247108751
450747,-0.474328355,,0.3490446258,-1.014522787,0.0646266098,-2.432429832,,1,0,1,1,1,1,0,5,0.2,-0.701521948,-0.073484,0.730255,-0.860026015
45074F,1.9543298734,,1.9389282559,2.4551168842,1.5500867047,,0.694722536,1,0,1,1,1,0,1,5,0.2,1.7186368509,-0.073484,0.730255,2.4541015614
450755,,,,,,,,0,0,0,0,0,0,0,0,,,-0.073484,0.730255,
450771,-0.552672169,0.0379100573,-0.710877794,-0.45938044,0.5828103639,-0.296607183,0.7067268604,1,1,1,1,1,1,1,7,0.1428571429,-0.098870043,-0.073484,0.730255,-0.034763931
450774,,,,,,,,0,0,0,0,0,0,0,0,,,-0.073484,0.730255,
450775,0.3874535968,0.0379100573,0.3490446258,0.9284754289,0.8591750327,1.6790287674,2.3980504136,1,1,1,1,1,1,1,7,0.1428571429,0.9484482746,-0.073484,0.730255,1.3994173807
450779,2.0326736873,,1.8064379534,1.2060466026,0.133717777,-0.777167279,0.1069393697,1,0,1,1,1,1,1,6,0.1666666667,0.7514413519,-0.073484,0.730255,1.1296391844
450788,0.7008288521,-0.44354767,0.0840640208,-0.043023679,0.3409912786,-0.18981605,0.8799321115,1,1,1,1,1,1,1,7,0.1428571429,0.189918409,-0.073484,0.730255,0.3606984559
450801,-0.631015983,-0.563912102,-0.048426282,-0.366856715,-1.731743737,-0.563585014,-0.50442372,1,1,1,1,1,1,1,7,0.1428571429,-0.629994793,-0.073484,0.730255,-0.762077849
450804,,,,,,,,0,0,0,0,0,0,0,0,,,-0.073484,0.730255,
450808,,,,,,,,0,0,0,0,0,0,0,0,,,-0.073484,0.730255,
450809,0.309109783,,0.0840640208,0.789689842,-0.280829226,1.4120509363,1.388829718,1,0,1,1,1,1,1,6,0.1666666667,0.6171525123,-0.073484,0.730255,0.9457461495
450820,0.309109783,-1.165734262,1.8726831046,1.9924982614,2.2409983768,0.6645130092,2.8302060895,1,1,1,1,1,1,1,7,0.1428571429,1.2491820518,-0.073484,0.730255,1.8112375079
450822,,,,-0.644427889,0.7900838655,,,0,0,0,1,1,0,0,2,0.5,0.0728279883,-0.073484,0.730255,0.2003566666
450825,,,,,,,,0,0,0,0,0,0,0,0,,,-0.073484,0.730255,
450827,,,,,0.8591750327,,,0,0,0,0,1,0,0,1,1,0.8591750327,-0.073484,0.730255,1.2771680006
450828,-0.631015983,,,0.3270712192,0.0300810262,,,1,0,0,1,1,0,0,3,0.3333333333,-0.091287913,-0.073484,0.730255,-0.024381079
450831,,,,,,,,0,0,0,0,0,0,0,0,,,-0.073484,0.730255,
450833,,,,,-1.282651151,,,0,0,0,0,1,0,0,1,1,-1.282651151,-0.073484,0.730255,-1.655815249
450834,,,,,,,,0,0,0,0,0,0,0,0,,,-0.073484,0.730255,
450840,0.0740783415,,-0.114671433,0.2345474946,-2.008108406,-0.510189448,,1,0,1,1,1,1,0,5,0.2,-0.46486869,-0.073484,0.730255,-0.535956748
450844,1.4059231766,-0.202818807,0.2165543233,1.3448321894,1.4119043703,1.7324243336,1.3515305673,1,1,1,1,1,1,1,7,0.1428571429,1.0371928792,-0.073484,0.730255,1.5209428531
450847,-1.649485563,,0.3490446258,0.789689842,0.133717777,-0.18981605,0.1892547365,1,0,1,1,1,1,1,6,0.1666666667,-0.062932439,-0.073484,0.730255,0.014448463
450848,-0.004265472,,0.8127606846,0.2345474946,0.3755368623,0.0237662145,1.8994422279,1,0,1,1,1,1,1,6,0.1666666667,0.5569646686,-0.073484,0.730255,0.8633258585
450851,0.1524221553,,,0.6971661174,,,0.8053338102,1,0,0,1,0,0,1,3,0.3333333333,0.5516406943,-0.073484,0.730255,0.8560352914
450853,,,,,,,,0,0,0,0,0,0,0,0,,,-0.073484,0.730255,
450855,0.3874535968,-1.04536983,-0.644632643,0.9284754289,0.8246294491,,,1,1,1,1,1,0,0,5,0.2,0.0901112004,-0.073484,0.730255,0.2240240267
450856,,,,,,,,0,0,0,0,0,0,0,0,,,-0.073484,0.730255,
450860,,,,,,,,0,0,0,0,0,0,0,0,,,-0.073484,0.730255,
450862,-0.004265472,0.399003353,0.3490446258,0.6971661174,0.9282661999,0.3975351781,0.1631024585,1,1,1,1,1,1,1,7,0.1428571429,0.4185503515,-0.073484,0.730255,0.6737834592
450864,,,,,,,,0,0,0,0,0,0,0,0,,,-0.073484,0.730255,
450865,,,,,0.3409912786,,,0,0,0,0,1,0,0,1,1,0.3409912786,-0.073484,0.730255,0.5675752789
450867,,,0.5477800796,1.0209991534,0.7900838655,-0.083024918,,0,0,1,1,1,1,0,4,0.25,0.5689595451,-0.073484,0.730255,0.8797514547
450869,0.309109783,-0.202818807,,-0.413118577,0.3409912786,-0.029629352,-0.610319009,1,1,0,1,1,1,1,6,0.1666666667,-0.100964114,-0.073484,0.730255,-0.037631518
45086F,-0.1609531,,0.0178188695,1.0209991534,1.5846322883,,-0.151153603,1,0,1,1,1,0,1,5,0.2,0.4622687216,-0.073484,0.730255,0.7336507109
450871,,,,,,,,0,0,0,0,0,0,0,0,,,-0.073484,0.730255,
450872,,,,,,,,0,0,0,0,0,0,0,0,,,-0.073484,0.730255,
450874,,,,,,,,0,0,0,0,0,0,0,0,,,-0.073484,0.730255,
450875,,,,,,,,0,0,0,0,0,0,0,0,,,-0.073484,0.730255,
450876,-1.649485563,-1.647191989,-0.180916584,-0.783213476,-0.142646892,,-0.593169974,1,1,1,1,1,0,1,6,0.1666666667,-0.832770746,-0.073484,0.730255,-1.039756066
450880,,,,,,,,0,0,0,0,0,0,0,0,,,-0.073484,0.730255,
450883,,,,,,,,0,0,0,0,0,0,0,0,,,-0.073484,0.730255,
450885,0.5441412244,,0.4152897771,0.2345474946,0.5482647803,1.0382819727,,1,0,1,1,1,1,0,5,0.2,0.5561050498,-0.073484,0.730255,0.86214871
450888,,,,,,,,0,0,0,0,0,0,0,0,,,-0.073484,0.730255,
450889,,,,,,,,0,0,0,0,0,0,0,0,,,-0.073484,0.730255,
450890,0.8575164798,,-0.114671433,-0.320594853,0.133717777,1.2518642376,0.3105841574,1,0,1,1,1,1,1,6,0.1666666667,0.3530693943,-0.073484,0.730255,0.5841148615
450891,,,,,,,,0,0,0,0,0,0,0,0,,,-0.073484,0.730255,
450893,0.5441412244,0.8804610806,,0.9747372911,,,,1,1,0,1,0,0,0,3,0.3333333333,0.7997798654,-0.073484,0.730255,1.1958331882
45090F,0.2307659691,,0.8790058358,1.8074508123,2.2064527932,,0.9506718798,1,0,1,1,1,0,1,5,0.2,1.214869458,-0.073484,0.730255,1.7642503791
451300,,,,,-0.039010141,,,0,0,0,0,1,0,0,1,1,-0.039010141,-0.073484,0.730255,0.0472072829
451301,,,,,,,,0,0,0,0,0,0,0,0,,,-0.073484,0.730255,
451303,,,,,-0.729921813,,,0,0,0,0,1,0,0,1,1,-0.729921813,-0.073484,0.730255,-0.898916346
451304,,,,,,,,0,0,0,0,0,0,0,0,,,-0.073484,0.730255,
451305,,,,,,,,0,0,0,0,0,0,0,0,,,-0.073484,0.730255,
451306,,,,,,,,0,0,0,0,0,0,0,0,,,-0.073484,0.730255,
451307,,,,,,,,0,0,0,0,0,0,0,0,,,-0.073484,0.730255,
451308,,,,,,,,0,0,0,0,0,0,0,0,,,-0.073484,0.730255,
451310,,,,,,,,0,0,0,0,0,0,0,0,,,-0.073484,0.730255,
451311,,,,,,,,0,0,0,0,0,0,0,0,,,-0.073484,0.730255,
451312,,,,,,,,0,0,0,0,0,0,0,0,,,-0.073484,0.730255,
451313,,,,,,,,0,0,0,0,0,0,0,0,,,-0.073484,0.730255,
451314,,,,,,,,0,0,0,0,0,0,0,0,,,-0.073484,0.730255,
451315,,,,,0.4446280295,,,0,0,0,0,1,0,0,1,1,0.4446280295,-0.073484,0.730255,0.7094938232
451316,,,,,,,,0,0,0,0,0,0,0,0,,,-0.073484,0.730255,
451317,,,,,,,,0,0,0,0,0,0,0,0,,,-0.073484,0.730255,
451318,,,,,,,,0,0,0,0,0,0,0,0,,,-0.073484,0.730255,
451319,,,,,-0.004464557,,,0,0,0,0,1,0,0,1,1,-0.004464557,-0.073484,0.730255,0.0945134644
451320,,,,,,,,0,0,0,0,0,0,0,0,,,-0.073484,0.730255,
451322,,,,,,,,0,0,0,0,0,0,0,0,,,-0.073484,0.730255,
451323,,,,0.465856806,0.8246294491,,,0,0,0,1,1,0,0,2,0.5,0.6452431275,-0.073484,0.730255,0.9842129984
451324,,,,,,,,0,0,0,0,0,0,0,0,,,-0.073484,0.730255,
451329,,,,,,,,0,0,0,0,0,0,0,0,,,-0.073484,0.730255,
451330,,,,,-0.695376229,,,0,0,0,0,1,0,0,1,1,-0.695376229,-0.073484,0.730255,-0.851610165
451331,,,,,-0.384465977,,,0,0,0,0,1,0,0,1,1,-0.384465977,-0.073484,0.730255,-0.425854532
451332,,,,,,,,0,0,0,0,0,0,0,0,,,-0.073484,0.730255,
451333,,,,,,,,0,0,0,0,0,0,0,0,,,-0.073484,0.730255,
451334,,,,,,,,0,0,0,0,0,0,0,0,,,-0.073484,0.730255,
451337,,,,,0.133717777,,,0,0,0,0,1,0,0,1,1,0.133717777,-0.073484,0.730255,0.2837381902
451338,,,,,,,,0,0,0,0,0,0,0,0,,,-0.073484,0.730255,
451340,,,,,,,,0,0,0,0,0,0,0,0,,,-0.073484,0.730255,
451341,,,,,-1.144468816,,,0,0,0,0,1,0,0,1,1,-1.144468816,-0.073484,0.730255,-1.466590523
451342,,,,,,,,0,0,0,0,0,0,0,0,,,-0.073484,0.730255,
451343,,,0.2165543233,,-0.764467397,,,0,0,1,0,1,0,0,2,0.5,-0.273956537,-0.073484,0.730255,-0.274524634
451344,,,,,-0.31537481,,,0,0,0,0,1,0,0,1,1,-0.31537481,-0.073484,0.730255,-0.331242169
451346,,,,-0.551904164,-2.319018659,,,0,0,0,1,1,0,0,2,0.5,-1.435461411,-0.073484,0.730255,-1.865071228
451347,,,,,-2.284473075,,,0,0,0,0,1,0,0,1,1,-2.284473075,-0.073484,0.730255,-3.027694511
451349,,,,,,,,0,0,0,0,0,0,0,0,,,-0.073484,0.730255,
451350,,,,,0.2719001114,,,0,0,0,0,1,0,0,1,1,0.2719001114,-0.073484,0.730255,0.472962916
451351,,,,,,,,0,0,0,0,0,0,0,0,,,-0.073484,0.730255,
451352,,,,,,,,0,0,0,0,0,0,0,0,,,-0.073484,0.730255,
451353,,,,,,,,0,0,0,0,0,0,0,0,,,-0.073484,0.730255,
451354,,,,,-0.626285062,,,0,0,0,0,1,0,0,1,1,-0.626285062,-0.073484,0.730255,-0.756997802
451355,,,,,,,,0,0,0,0,0,0,0,0,,,-0.073484,0.730255,
451356,,,,-1.47714141,0.3409912786,,,0,0,0,1,1,0,0,2,0.5,-0.568075066,-0.073484,0.730255,-0.677285944
451359,,,,,-0.660830646,,,0,0,0,0,1,0,0,1,1,-0.660830646,-0.073484,0.730255,-0.804303983
451361,,,,,-0.937195315,,,0,0,0,0,1,0,0,1,1,-0.937195315,-0.073484,0.730255,-1.182753435
451362,,,,,,,,0,0,0,0,0,0,0,0,,,-0.073484,0.730255,
451363,,,,,-0.488102728,,,0,0,0,0,1,0,0,1,1,-0.488102728,-0.073484,0.730255,-0.567773076
451364,,,,,,,,0,0,0,0,0,0,0,0,,,-0.073484,0.730255,
451365,,,0.4815349283,,1.6882690391,,,0,0,1,0,1,0,0,2,0.5,1.0849019837,-0.073484,0.730255,1.5862749541
451366,,,,,,,,0,0,0,0,0,0,0,0,,,-0.073484,0.730255,
451367,,,-2.764477483,-1.107046512,0.6519015311,,,0,0,1,1,1,0,0,3,0.3333333333,-1.073207488,-0.073484,0.730255,-1.369006376
451369,,,,,,,,0,0,0,0,0,0,0,0,,,-0.073484,0.730255,
451370,,,,,-0.833558564,,,0,0,0,0,1,0,0,1,1,-0.833558564,-0.073484,0.730255,-1.04083489
451371,,,,,,,,0,0,0,0,0,0,0,0,,,-0.073484,0.730255,
451372,,,,,,,,0,0,0,0,0,0,0,0,,,-0.073484,0.730255,
451373,,,,,-0.211738059,,,0,0,0,0,1,0,0,1,1,-0.211738059,-0.073484,0.730255,-0.189323624
451374,,,,,0.0991721934,,,0,0,0,0,1,0,0,1,1,0.0991721934,-0.073484,0.730255,0.2364320087
451375,,,,,,,,0,0,0,0,0,0,0,0,,,-0.073484,0.730255,
451376,,,,-0.551904164,0.7900838655,,,0,0,0,1,1,0,0,2,0.5,0.1190898506,-0.073484,0.730255,0.2637069367
451377,,,,,-0.591739479,,,0,0,0,0,1,0,0,1,1,-0.591739479,-0.073484,0.730255,-0.70969162
451378,,,,,-0.246283643,,,0,0,0,0,1,0,0,1,1,-0.246283643,-0.073484,0.730255,-0.236629806
451379,,,,,-0.280829226,,,0,0,0,0,1,0,0,1,1,-0.280829226,-0.073484,0.730255,-0.283935987
451380,,,0.5477800796,0.0032381832,1.1700852851,,,0,0,1,1,1,0,0,3,0.3333333333,0.5737011826,-0.073484,0.730255,0.8862445788
451381,,,,,,,,0,0,0,0,0,0,0,0,,,-0.073484,0.730255,
451382,,,0.0840640208,-0.783213476,-0.695376229,-1.684891905,,0,0,1,1,1,1,0,4,0.25,-0.769854397,-0.073484,0.730255,-0.953599402
451384,,,,,-1.628106987,,,0,0,0,0,1,0,0,1,1,-1.628106987,-0.073484,0.730255,-2.128877064
451385,,,,,-0.419011561,,,0,0,0,0,1,0,0,1,1,-0.419011561,-0.073484,0.730255,-0.473160713
451386,,,,,,,,0,0,0,0,0,0,0,0,,,-0.073484,0.730255,
451387,,,0.0178188695,-0.228071128,-0.660830646,,,0,0,1,1,1,0,0,3,0.3333333333,-0.290360968,-0.073484,0.730255,-0.296988605
451389,,,,,,,,0,0,0,0,0,0,0,0,,,-0.073484,0.730255,
451390,,,,,,,,0,0,0,0,0,0,0,0,,,-0.073484,0.730255,
451391,,,,,,,,0,0,0,0,0,0,0,0,,,-0.073484,0.730255,
451392,,,,,-1.248105567,,,0,0,0,0,1,0,0,1,1,-1.248105567,-0.073484,0.730255,-1.608509068
451393,,,,,,,,0,0,0,0,0,0,0,0,,,-0.073484,0.730255,
451394,,,,,,,,0,0,0,0,0,0,0,0,,,-0.073484,0.730255,
451395,,,0.3490446258,-1.245832099,-2.52629216,,,0,0,1,1,1,0,0,3,0.3333333333,-1.141026544,-0.073484,0.730255,-1.46187673
451396,,,,,,,,0,0,0,0,0,0,0,0,,,-0.073484,0.730255,
451397,,,,-0.366856715,1.1009941179,,,0,0,0,1,1,0,0,2,0.5,0.3670687014,-0.073484,0.730255,0.6032852934
451398,,,,,,,,0,0,0,0,0,0,0,0,,,-0.073484,0.730255,
451399,,,,,,,,0,0,0,0,0,0,0,0,,,-0.073484,0.730255,
460001,0.7008288521,0.2786389211,,-1.245832099,-0.833558564,0.2373484794,-0.133575843,1,1,0,1,1,1,1,6,0.1666666667,-0.166025042,-0.073484,0.730255,-0.126724935
460003,-0.395984542,-0.563912102,,,0.2373545278,,,1,1,0,0,1,0,0,3,0.3333333333,-0.240847372,-0.073484,0.730255,-0.229185462
460004,-0.395984542,0.5193677849,-0.51214234,-1.245832099,0.9282661999,-0.563585014,-0.555013372,1,1,1,1,1,1,1,7,0.1428571429,-0.26070334,-0.073484,0.730255,-0.256375914
460005,-0.239296914,-1.165734262,,-1.384617685,0.306445695,0.2373484794,0.6051188294,1,1,0,1,1,1,1,6,0.1666666667,-0.273455976,-0.073484,0.730255,-0.273839174
460006,,,,1.2523084649,0.3755368623,,,0,0,0,1,1,0,0,2,0.5,0.8139226636,-0.073484,0.730255,1.2152001147
460007,,,,-1.107046512,0.4791736131,,,0,0,0,1,1,0,0,2,0.5,-0.313936449,-0.073484,0.730255,-0.3292725
460009,-0.239296914,0.7600966487,0.7465155333,0.9747372911,1.1700852851,0.6111174429,0.5708207599,1,1,1,1,1,1,1,7,0.1428571429,0.6562965782,-0.073484,0.730255,0.9993494206
460010,2.9727994533,0.8804610806,0.4152897771,0.5583805306,0.6519015311,1.5722376349,0.3521705667,1,1,1,1,1,1,1,7,0.1428571429,1.0576057963,-0.073484,0.730255,1.5488959823
460011,,,,0.2808093569,-0.626285062,,,0,0,0,1,1,0,0,2,0.5,-0.172737853,-0.073484,0.730255,-0.135917352
460013,-0.082609286,,,0.465856806,1.3428132031,,,1,0,0,1,1,0,0,3,0.3333333333,0.5753535743,-0.073484,0.730255,0.8885073381
460014,,,,-0.043023679,0.4446280295,,,0,0,0,1,1,0,0,2,0.5,0.2008021752,-0.073484,0.730255,0.3756025149
460015,-0.787703611,,,0.789689842,0.3409912786,,,1,0,0,1,1,0,0,3,0.3333333333,0.1143258366,-0.073484,0.730255,0.2571831706
460017,,,,-0.089285541,-0.142646892,,,0,0,0,1,1,0,0,2,0.5,-0.115966217,-0.073484,0.730255,-0.058175162
460019,,,,0.0495000455,0.4446280295,,,0,0,0,1,1,0,0,2,0.5,0.2470640375,-0.073484,0.730255,0.438952785
460021,2.1110175011,-0.804640966,0.2827994746,0.3270712192,-0.246283643,0.0771617807,0.2458465512,1,1,1,1,1,1,1,7,0.1428571429,0.284710274,-0.073484,0.730255,0.4905049521
460023,,,,-0.921999063,1.6191778719,,,0,0,0,1,1,0,0,2,0.5,0.3485894047,-0.073484,0.730255,0.5779800338
460026,,,,,0.2373545278,,,0,0,0,0,1,0,0,1,1,0.2373545278,-0.073484,0.730255,0.4256567345
46002F,2.4243927564,,1.1439864408,1.9924982614,1.6191778719,,-1.170234994,1,0,1,1,1,0,1,5,0.2,1.2019640673,-0.073484,0.730255,1.746577939
460030,,,,-1.338355823,0.9973573671,,,0,0,0,1,1,0,0,2,0.5,-0.170499228,-0.073484,0.730255,-0.132851815
460039,,,,,,,,0,0,0,0,0,0,0,0,,,-0.073484,0.730255,
460041,-0.552672169,,-0.247161735,-0.320594853,0.8246294491,0.6111174429,,1,0,1,1,1,1,0,5,0.2,0.0630636269,-0.073484,0.730255,0.1869855029
460042,0.7008288521,,,0.6509042552,0.8937206163,1.0916775389,,1,0,0,1,1,1,0,4,0.25,0.8342828156,-0.073484,0.730255,1.2430809882
460043,,,,,,,,0,0,0,0,0,0,0,0,,,-0.073484,0.730255,
460044,,,,0.4195949437,1.4809955375,,,0,0,0,1,1,0,0,2,0.5,0.9502952406,-0.073484,0.730255,1.4019465871
460047,1.4059231766,-0.684276534,-0.114671433,-0.228071128,0.7555382819,0.5577218767,0.2248389836,1,1,1,1,1,1,1,7,0.1428571429,0.2738576034,-0.073484,0.730255,0.4756434748
460051,0.309109783,,-0.51214234,-0.043023679,0.6519015311,-0.18981605,-0.665624646,1,0,1,1,1,1,1,6,0.1666666667,-0.074932567,-0.073484,0.730255,-0.001984325
460052,-0.004265472,,,-0.736951613,-0.31537481,,,1,0,0,1,1,0,0,3,0.3333333333,-0.352197299,-0.073484,0.730255,-0.381666308
460054,,,,,,,,0,0,0,0,0,0,0,0,,,-0.073484,0.730255,
460057,,,,,-0.384465977,,,0,0,0,0,1,0,0,1,1,-0.384465977,-0.073484,0.730255,-0.425854532
460058,,,,0.4195949437,0.8591750327,,,0,0,0,1,1,0,0,2,0.5,0.6393849882,-0.073484,0.730255,0.976190954
460060,,,,1.0209991534,1.3428132031,,,0,0,0,1,1,0,0,2,0.5,1.1819061783,-0.073484,0.730255,1.7191109797
460061,,,,0.0495000455,0.6173559475,,,0,0,0,1,1,0,0,2,0.5,0.3334279965,-0.073484,0.730255,0.5572182386
460062,,,,,1.1009941179,,,0,0,0,0,1,0,0,1,1,1.1009941179,-0.073484,0.730255,1.6083112708
461300,,,,,,,,0,0,0,0,0,0,0,0,,,-0.073484,0.730255,
461301,,,,,,,,0,0,0,0,0,0,0,0,,,-0.073484,0.730255,
461302,,,,,,,,0,0,0,0,0,0,0,0,,,-0.073484,0.730255,
461303,,,,,,,,0,0,0,0,0,0,0,0,,,-0.073484,0.730255,
461304,,,,0.2345474946,0.8246294491,,,0,0,0,1,1,0,0,2,0.5,0.5295884718,-0.073484,0.730255,0.8258373232
461305,,,,,,,,0,0,0,0,0,0,0,0,,,-0.073484,0.730255,
461306,,,,,-1.351742318,,,0,0,0,0,1,0,0,1,1,-1.351742318,-0.073484,0.730255,-1.750427612
461307,,,,,,,,0,0,0,0,0,0,0,0,,,-0.073484,0.730255,
461308,,,,,,,,0,0,0,0,0,0,0,0,,,-0.073484,0.730255,
461309,,,,,,,,0,0,0,0,0,0,0,0,,,-0.073484,0.730255,
461310,,,,,,,,0,0,0,0,0,0,0,0,,,-0.073484,0.730255,
461333,,,,,0.4446280295,,,0,0,0,0,1,0,0,1,1,0.4446280295,-0.073484,0.730255,0.7094938232
461335,,,,,1.0319029507,,,0,0,0,0,1,0,0,1,1,1.0319029507,-0.073484,0.730255,1.5136989079
470001,0.4657974106,,1.4089670459,-0.089285541,0.6864471147,-1.524705206,,1,0,1,1,1,1,0,5,0.2,0.1894441648,-0.073484,0.730255,0.3600490333
470003,0.2307659691,1.0008255125,0.2165543233,-1.014522787,1.4119043703,1.2518642376,-1.969380014,1,1,1,1,1,1,1,7,0.1428571429,0.161144516,-0.073484,0.730255,0.3212959372
470005,-0.474328355,,-0.445897189,-2.07854562,0.6864471147,-2.165452001,,1,0,1,1,1,1,0,5,0.2,-0.89555521,-0.073484,0.730255,-1.125732127
470011,,,-0.048426282,-0.320594853,-1.213559983,-3.607132289,,0,0,1,1,1,1,0,4,0.25,-1.297428352,-0.073484,0.730255,-1.676050917
470012,-2.041204632,,1.2102315921,0.465856806,0.8246294491,0.0237662145,,1,0,1,1,1,1,0,5,0.2,0.0966558859,-0.073484,0.730255,0.2329862166
47001F,,,0.2165543233,0.789689842,1.1700852851,,,0,0,1,1,1,0,0,3,0.3333333333,0.7254431501,-0.073484,0.730255,1.0940376539
470024,1.6409546181,,0.0178188695,-0.228071128,0.306445695,-3.126572193,,1,0,1,1,1,1,0,5,0.2,-0.277884828,-0.073484,0.730255,-0.279903974
471300,,,,,,,,0,0,0,0,0,0,0,0,,,-0.073484,0.730255,
471301,0.7008288521,,-1.174593853,-1.199570236,0.2373545278,,,1,0,1,1,1,0,0,4,0.25,-0.358995177,-0.073484,0.730255,-0.390975217
471302,,,,0.6509042552,1.2737220359,,,0,0,0,1,1,0,0,2,0.5,0.9623131455,-0.073484,0.730255,1.4184037179
471303,-1.571141749,,-0.445897189,-0.829475338,-0.902649731,-0.563585014,,1,0,1,1,1,1,0,5,0.2,-0.862549804,-0.073484,0.730255,-1.080535041
471304,0.1524221553,,-3.360683844,-2.124807482,-3.38993175,-0.883958411,,1,0,1,1,1,1,0,5,0.2,-1.921391867,-0.073484,0.730255,-2.530496787
471305,,,-1.704555063,-1.615926997,0.2373545278,-2.432429832,,0,0,1,1,1,1,0,4,0.25,-1.378889341,-0.073484,0.730255,-1.787602321
471306,,,0.2165543233,-1.014522787,-1.075377649,-2.752803229,,0,0,1,1,1,1,0,4,0.25,-1.156537335,-0.073484,0.730255,-1.483116965
471307,0.309109783,,0.8127606846,-0.043023679,0.2719001114,,,1,0,1,1,1,0,0,4,0.25,0.337686725,-0.073484,0.730255,0.5630500748
480001,,,,0.8359517043,-3.182658249,-0.937353977,,0,0,0,1,1,1,0,3,0.3333333333,-1.094686841,-0.073484,0.730255,-1.398419865
480002,,,,-0.413118577,-0.557193895,-1.898474169,,0,0,0,1,1,1,0,3,0.3333333333,-0.956262214,-0.073484,0.730255,-1.208863348
490002,,,-0.445897189,-1.800974446,-0.349920393,,,0,0,1,1,1,0,0,3,0.3333333333,-0.865597343,-0.073484,0.730255,-1.084708293
490004,1.4842669904,-0.082454375,0.4152897771,0.5583805306,1.3773587867,0.5043263105,0.5305205282,1,1,1,1,1,1,1,7,0.1428571429,0.683955507,-0.073484,0.730255,1.0372251248
490005,0.8575164798,1.4822832401,0.3490446258,-0.274332991,-0.591739479,-2.218847567,-0.025536924,1,1,1,1,1,1,1,7,0.1428571429,-0.060230373,-0.073484,0.730255,0.0181486288
490007,-0.317640728,1.1211899444,0.1503091721,0.7434279797,0.7555382819,-0.563585014,-0.329932291,1,1,1,1,1,1,1,7,0.1428571429,0.2227581922,-0.073484,0.730255,0.405668741
490009,0.6224850383,0.2786389211,-0.114671433,0.7434279797,0.306445695,0.8246997078,0.0160494854,1,1,1,1,1,1,1,7,0.1428571429,0.3824393421,-0.073484,0.730255,0.6243336081
490013,,,-1.042103551,-0.690689751,-0.626285062,-0.510189448,,0,0,1,1,1,1,0,4,0.25,-0.717316953,-0.073484,0.730255,-0.881655448
490017,1.1708917351,0.2786389211,-0.313406887,-1.662188859,-0.695376229,0.3441396118,-0.727789897,1,1,1,1,1,1,1,7,0.1428571429,-0.229298801,-0.073484,0.730255,-0.213371029
490018,-1.022735052,,0.0840640208,-3.09630659,-0.833558564,-0.937353977,-0.243329665,1,0,1,1,1,1,1,6,0.1666666667,-1.008203305,-0.073484,0.730255,-1.279990665
490019,-0.317640728,,-1.174593853,-0.551904164,-0.660830646,-1.204331809,,1,0,1,1,1,1,0,5,0.2,-0.78186024,-0.073484,0.730255,-0.970040015
490020,-0.395984542,,-0.180916584,0.8822135666,0.6173559475,-0.563585014,,1,0,1,1,1,1,0,5,0.2,0.0718166749,-0.073484,0.730255,0.1989717898
490021,1.4059231766,-0.44354767,0.2827994746,0.6046423929,-0.419011561,0.1839529132,-1.47677399,1,1,1,1,1,1,1,7,0.1428571429,0.0197121051,-0.073484,0.730255,0.1276206076
490022,-0.709359797,0.399003353,0.5477800796,0.6971661174,-0.384465977,0.6645130092,-1.107212291,1,1,1,1,1,1,1,7,0.1428571429,0.0153463563,-0.073484,0.730255,0.1216422194
490023,0.5441412244,,0.4152897771,-0.598166027,0.6173559475,0.5043263105,,1,0,1,1,1,1,0,5,0.2,0.2965894466,-0.073484,0.730255,0.5067721051
490024,0.5441412244,0.6397322168,0.0178188695,-0.45938044,-0.764467397,-1.791683037,-2.299927659,1,1,1,1,1,1,1,7,0.1428571429,-0.587680889,-0.073484,0.730255,-0.704133851
490032,0.5441412244,0.6397322168,-1.572064761,1.2985703271,0.2719001114,-0.670376146,1.2482076329,1,1,1,1,1,1,1,7,0.1428571429,0.2514443723,-0.073484,0.730255,0.4449511469
490033,-0.552672169,,0.1503091721,-0.45938044,-1.075377649,0.3975351781,,1,0,1,1,1,1,0,5,0.2,-0.307917182,-0.073484,0.730255,-0.321029809
490037,-0.082609286,,-1.174593853,-0.829475338,-1.1790144,-0.670376146,,1,0,1,1,1,1,0,5,0.2,-0.787213805,-0.073484,0.730255,-0.977371103
490038,,,0.9452509871,-0.921999063,0.5137191967,,,0,0,1,1,1,0,0,3,0.3333333333,0.1789903737,-0.073484,0.730255,0.3457337755
490040,1.6409546181,,1.4752121971,1.0672610157,1.9991792916,0.8780952741,1.117017517,1,0,1,1,1,1,1,6,0.1666666667,1.3629533189,-0.073484,0.730255,1.9670341002
490041,-0.552672169,,-1.042103551,-1.199570236,-0.626285062,-0.456793881,,1,0,1,1,1,1,0,5,0.2,-0.77548498,-0.073484,0.730255,-0.961309834
490042,-0.004265472,,0.0178188695,0.14202377,0.306445695,-1.524705206,-0.115569356,1,0,1,1,1,1,1,6,0.1666666667,-0.196375283,-0.073484,0.730255,-0.16828608
490043,1.6409546181,,1.3427218946,1.6224033631,0.9973573671,1.1984686714,1.8972985986,1,0,1,1,1,1,1,6,0.1666666667,1.4498674188,-0.073484,0.730255,2.0860529082
490044,0.309109783,,0.2827994746,0.465856806,0.6173559475,0.3441396118,0.3924707984,1,0,1,1,1,1,1,6,0.1666666667,0.4019554035,-0.073484,0.730255,0.6510585972
490045,0.3874535968,,-0.114671433,-0.366856715,-0.971740898,-1.04414511,-0.038827426,1,0,1,1,1,1,1,6,0.1666666667,-0.358131331,-0.073484,0.730255,-0.389792279
490046,-0.317640728,,0.2165543233,0.4195949437,-0.488102728,-0.350002749,0.5390950456,1,0,1,1,1,1,1,6,0.1666666667,0.0032496847,-0.073484,0.730255,0.1050772267
490048,1.5626108043,-2.128649717,1.1439864408,-0.228071128,0.0300810262,0.8780952741,0.2488476323,1,1,1,1,1,1,1,7,0.1428571429,0.2152714761,-0.073484,0.730255,0.3954165491
490050,0.4657974106,0.7600966487,1.0777412896,-0.135547404,0.8591750327,-0.350002749,1.421412884,1,1,1,1,1,1,1,7,0.1428571429,0.5855247304,-0.073484,0.730255,0.9024355601
490052,-0.944391238,-2.249014149,-0.644632643,-0.551904164,-1.006286482,0.9314908403,-0.828540476,1,1,1,1,1,1,1,7,0.1428571429,-0.756182616,-0.073484,0.730255,-0.934877479
490053,-1.884517004,,-0.578387492,-0.968260925,-0.108101308,-1.097540676,0.403617671,1,0,1,1,1,1,1,6,0.1666666667,-0.705531622,-0.073484,0.730255,-0.865516801
490057,0.7008288521,1.0008255125,0.9452509871,0.2345474946,0.6864471147,-0.136420484,0.0409155858,1,1,1,1,1,1,1,7,0.1428571429,0.4960564375,-0.073484,0.730255,0.7799190802
490059,0.309109783,0.6397322168,0.1503091721,-0.181809266,-0.073555725,1.1450731052,-0.587596538,1,1,1,1,1,1,1,7,0.1428571429,0.2001803926,-0.073484,0.730255,0.3747510556
490060,-0.474328355,,-1.307084156,-0.8757372,1.5500867047,-1.578100772,,1,0,1,1,1,1,0,5,0.2,-0.537032756,-0.073484,0.730255,-0.63477709
490063,-0.004265472,1.2415543763,0.6802703821,0.6046423929,-0.246283643,1.0382819727,1.7288093321,1,1,1,1,1,1,1,7,0.1428571429,0.7204299059,-0.073484,0.730255,1.0871725957
490066,-0.082609286,,0.3490446258,1.2060466026,0.4791736131,0.3975351781,-0.974735998,1,0,1,1,1,1,1,6,0.1666666667,0.2290757892,-0.073484,0.730255,0.4143199595
490067,0.5441412244,,-0.445897189,0.0495000455,-0.660830646,-0.563585014,0.2076899489,1,0,1,1,1,1,1,6,0.1666666667,-0.144830272,-0.073484,0.730255,-0.097701148
490069,-0.239296914,0.1582744892,-1.108348702,-0.921999063,0.4791736131,0.6645130092,-0.651476693,1,1,1,1,1,1,1,7,0.1428571429,-0.231308608,-0.073484,0.730255,-0.216123228
49006F,,,1.5414573484,0.9747372911,0.7555382819,,,0,0,1,1,1,0,0,3,0.3333333333,1.0905776405,-0.073484,0.730255,1.5940471096
490075,-1.649485563,,0.7465155333,-0.644427889,-0.039010141,-1.791683037,-1.793602408,1,0,1,1,1,1,1,6,0.1666666667,-0.861948917,-0.073484,0.730255,-1.079712196
490077,0.309109783,,0.2827994746,-0.181809266,0.5482647803,1.1984686714,1.0625693316,1,0,1,1,1,1,1,6,0.1666666667,0.5365671291,-0.073484,0.730255,0.8353937872
490084,,,0.2827994746,-0.181809266,1.0664485343,0.5043263105,,0,0,1,1,1,1,0,4,0.25,0.4179412633,-0.073484,0.730255,0.6729493834
490088,,,-0.975858399,0.4195949437,0.9973573671,0.5043263105,,0,0,1,1,1,1,0,4,0.25,0.2363550555,-0.073484,0.730255,0.4242880728
490089,,,0.4815349283,-0.690689751,0.9628117835,-0.61698058,,0,0,1,1,1,1,0,4,0.25,0.0341690951,-0.073484,0.730255,0.1474177834
490090,0.3874535968,,0.6802703821,0.2345474946,0.0991721934,-0.510189448,,1,0,1,1,1,1,0,5,0.2,0.1782508438,-0.073484,0.730255,0.3447210748
490092,,,,-0.413118577,-1.800834905,-0.510189448,,0,0,0,1,1,1,0,3,0.3333333333,-0.908047643,-0.073484,0.730255,-1.14283907
490093,0.7791726659,,-0.777122945,0.789689842,-0.419011561,-0.456793881,0.5403812232,1,0,1,1,1,1,1,6,0.1666666667,0.0760525573,-0.073484,0.730255,0.2047723409
490094,,,,,,,,0,0,0,0,0,0,0,0,,,-0.073484,0.730255,
490097,,,,-1.060784649,-0.246283643,,,0,0,0,1,1,0,0,2,0.5,-0.653534146,-0.073484,0.730255,-0.79431227
490098,,,0.6140252308,-1.615926997,-0.384465977,0.130557347,,0,0,1,1,1,1,0,4,0.25,-0.313952599,-0.073484,0.730255,-0.329294615
490101,-0.474328355,,0.4152897771,0.8359517043,-0.79901298,0.5577218767,0.5485270147,1,0,1,1,1,1,1,6,0.1666666667,0.1806915062,-0.073484,0.730255,0.3480632796
490104,,,,,,,,0,0,0,0,0,0,0,0,,,-0.073484,0.730255,
490107,0.7008288521,,-0.114671433,0.9747372911,-1.040832065,0.5043263105,1.0981535788,1,0,1,1,1,1,1,6,0.1666666667,0.353757089,-0.073484,0.730255,0.5850565798
49010F,-0.631015983,,1.3427218946,2.5013787465,1.7919057899,,0.1223735009,1,0,1,1,1,0,1,5,0.2,1.0254727898,-0.073484,0.730255,1.5048935462
490110,1.0925479213,,-1.770800214,-0.45938044,0.306445695,0.4509307443,0.4516349683,1,0,1,1,1,1,1,6,0.1666666667,0.0118964458,-0.073484,0.730255,0.1169179661
490111,,,-0.777122945,-0.413118577,-0.79901298,-0.083024918,,0,0,1,1,1,1,0,4,0.25,-0.518069855,-0.073484,0.730255,-0.608809591
490112,1.4842669904,1.602647672,-0.379652038,0.465856806,0.2719001114,-1.204331809,2.3483182128,1,1,1,1,1,1,1,7,0.1428571429,0.655572278,-0.073484,0.730255,0.9983575753
490113,-1.492797935,,-0.247161735,0.3733330814,0.7209926983,1.4120509363,0.2046888678,1,0,1,1,1,1,1,6,0.1666666667,0.1618509855,-0.073484,0.730255,0.3222633655
490114,,,0.3490446258,-0.598166027,0.6173559475,,,0,0,1,1,1,0,0,3,0.3333333333,0.1227448489,-0.073484,0.730255,0.2687120342
490115,,,-0.313406887,-0.783213476,-2.04265399,-0.350002749,,0,0,1,1,1,1,0,4,0.25,-0.872319275,-0.073484,0.730255,-1.093913202
490116,,,-0.644632643,-0.089285541,0.1682633606,-0.350002749,,0,0,1,1,1,1,0,4,0.25,-0.228914393,-0.073484,0.730255,-0.212844628
490117,,,-0.710877794,,-0.108101308,,,0,0,1,0,1,0,0,2,0.5,-0.409489551,-0.073484,0.730255,-0.460121422
490118,1.4842669904,1.0008255125,-1.373329307,-0.736951613,-0.833558564,-0.883958411,1.5534604516,1,1,1,1,1,1,1,7,0.1428571429,0.0301078656,-0.073484,0.730255,0.1418563993
490119,0.8575164798,,1.3427218946,0.2345474946,0.6519015311,1.4654465025,-0.213318854,1,0,1,1,1,1,1,6,0.1666666667,0.7231358413,-0.073484,0.730255,1.0908780614
49011F,0.7791726659,,1.1439864408,1.8999745368,0.8246294491,,,1,0,1,1,1,0,0,4,0.25,1.1619407732,-0.073484,0.730255,1.6917706665
490120,1.2492355489,,0.3490446258,1.0672610157,0.9973573671,0.3975351781,-0.970877465,1,0,1,1,1,1,1,6,0.1666666667,0.5149260451,-0.073484,0.730255,0.8057588255
490122,0.2307659691,,0.0178188695,0.6046423929,0.7900838655,1.6790287674,-0.23346897,1,0,1,1,1,1,1,6,0.1666666667,0.5148118157,-0.073484,0.730255,0.8056024015
490126,,,0.2827994746,-0.45938044,1.0319029507,-0.136420484,,0,0,1,1,1,1,0,4,0.25,0.1797253754,-0.073484,0.730255,0.3467402752
490127,,,-1.704555063,-0.366856715,0.1682633606,,,0,0,1,1,1,0,0,3,0.3333333333,-0.634382806,-0.073484,0.730255,-0.768086725
490130,-0.317640728,,-0.710877794,-0.921999063,-0.349920393,-0.350002749,,1,0,1,1,1,1,0,5,0.2,-0.530088145,-0.073484,0.730255,-0.62526725
490136,-0.787703611,,0.2165543233,-0.135547404,-0.142646892,0.9314908403,1.1886147371,1,0,1,1,1,1,1,6,0.1666666667,0.2117936658,-0.073484,0.730255,0.3906540901
490140,0.7791726659,,-0.313406887,0.465856806,0.0646266098,-0.029629352,,1,0,1,1,1,1,0,5,0.2,0.1933239687,-0.073484,0.730255,0.365361976
490141,0.9358602936,,-0.180916584,0.0032381832,0.7209926983,1.35865537,,1,0,1,1,1,1,0,5,0.2,0.5675659922,-0.073484,0.730255,0.8778431451
490143,0.3874535968,,0.3490446258,-0.181809266,-0.004464557,1.1450731052,,1,0,1,1,1,1,0,5,0.2,0.3390595009,-0.073484,0.730255,0.5649299326
490144,,,-2.234516273,-1.986021895,-0.833558564,0.2907440456,,0,0,1,1,1,1,0,4,0.25,-1.190838172,-0.073484,0.730255,-1.530087993
490145,,,,0.465856806,-0.419011561,0.5043263105,,0,0,0,1,1,1,0,3,0.3333333333,0.183723852,-0.073484,0.730255,0.3522157265
491300,,,,,-0.522648311,,,0,0,0,0,1,0,0,1,1,-0.522648311,-0.073484,0.730255,-0.615079257
491302,,,0.4152897771,0.14202377,0.9628117835,,,0,0,1,1,1,0,0,3,0.3333333333,0.5067084435,-0.073484,0.730255,0.7945057705
491303,,,,,,,,0,0,0,0,0,0,0,0,,,-0.073484,0.730255,
491304,,,-0.114671433,0.2808093569,-1.109923233,-0.61698058,,0,0,1,1,1,1,0,4,0.25,-0.390191472,-0.073484,0.730255,-0.433694935
491305,,,-0.51214234,-0.598166027,-0.522648311,,,0,0,1,1,1,0,0,3,0.3333333333,-0.544318893,-0.073484,0.730255,-0.644754612
491307,,,,0.8359517043,0.0991721934,,,0,0,0,1,1,0,0,2,0.5,0.4675619489,-0.073484,0.730255,0.7408991735
491308,,,0.1503091721,0.3270712192,0.4791736131,1.4654465025,,0,0,1,1,1,1,0,4,0.25,0.6055001267,-0.073484,0.730255,0.9297895551
491309,,,,,,,,0,0,0,0,0,0,0,0,,,-0.073484,0.730255,
500002,-1.649485563,,0.8127606846,-0.089285541,-0.31537481,-0.883958411,-0.441401017,1,0,1,1,1,1,1,6,0.1666666667,-0.427790776,-0.073484,0.730255,-0.485182833
500003,0.0740783415,,0.9452509871,-2.124807482,-0.937195315,-0.777167279,-0.914714376,1,0,1,1,1,1,1,6,0.1666666667,-0.622425854,-0.073484,0.730255,-0.751713062
500005,1.0925479213,0.6397322168,1.0114961383,1.1597847403,1.5846322883,-0.403398315,-0.230039163,1,1,1,1,1,1,1,7,0.1428571429,0.6935365466,-0.073484,0.730255,1.0503452505
500007,0.2307659691,,-0.445897189,-0.228071128,0.2373545278,0.0771617807,,1,0,1,1,1,1,0,5,0.2,-0.025737208,-0.073484,0.730255,0.0653830297
500008,-0.787703611,0.1582744892,-0.445897189,0.1882856323,0.133717777,0.1839529132,0.2222666284,1,1,1,1,1,1,1,7,0.1428571429,-0.049586194,-0.073484,0.730255,0.0327246011
500011,0.0740783415,,0.0178188695,-0.413118577,0.133717777,-0.883958411,,1,0,1,1,1,1,0,5,0.2,-0.2142924,-0.073484,0.730255,-0.192821499
500014,0.4657974106,0.7600966487,-0.644632643,-0.320594853,-0.31537481,0.6645130092,-1.78502789,1,1,1,1,1,1,1,7,0.1428571429,-0.167889018,-0.073484,0.730255,-0.129277434
500015,-1.257766494,,-1.307084156,0.0957619077,-0.764467397,0.5577218767,,1,0,1,1,1,1,0,5,0.2,-0.535166852,-0.073484,0.730255,-0.632221951
500016,1.2492355489,0.399003353,-1.042103551,-0.551904164,0.133717777,-1.47130964,-0.481701248,1,1,1,1,1,1,1,7,0.1428571429,-0.252151703,-0.073484,0.730255,-0.244665436
500019,0.2307659691,,0.1503091721,-0.413118577,1.3082676195,-0.136420484,,1,0,1,1,1,1,0,5,0.2,0.2279607398,-0.073484,0.730255,0.4127930283
500021,,,1.0114961383,0.8822135666,0.7900838655,0.4509307443,,0,0,1,1,1,1,0,4,0.25,0.7836810787,-0.073484,0.730255,1.1737877617
500024,1.0142041074,0.8804610806,-2.234516273,-0.8757372,-0.902649731,0.130557347,-0.191882561,1,1,1,1,1,1,1,7,0.1428571429,-0.311366176,-0.073484,0.730255,-0.325752808
500025,1.0142041074,1.0008255125,,1.0209991534,0.6519015311,1.4654465025,-0.276341557,1,1,0,1,1,1,1,6,0.1666666667,0.8128392083,-0.073484,0.730255,1.213716448
500026,-0.631015983,,-0.975858399,-1.199570236,1.1700852851,0.8780952741,-0.131860939,1,0,1,1,1,1,1,6,0.1666666667,-0.148354166,-0.073484,0.730255,-0.102526714
500027,0.7008288521,,1.0777412896,0.9284754289,1.2046308687,0.6645130092,0.1498119566,1,0,1,1,1,1,1,6,0.1666666667,0.7876669008,-0.073484,0.730255,1.1792458842
500030,0.7008288521,0.6397322168,0.5477800796,-0.135547404,0.8591750327,0.5577218767,0.884648096,1,1,1,1,1,1,1,7,0.1428571429,0.57919125,-0.073484,0.730255,0.8937625912
500031,-2.276236074,,0.4152897771,-2.124807482,-1.144468816,-0.777167279,,1,0,1,1,1,1,0,5,0.2,-1.181477975,-0.073484,0.730255,-1.517270286
500033,,,-0.843368097,-1.615926997,-0.557193895,-2.752803229,,0,0,1,1,1,1,0,4,0.25,-1.442323054,-0.073484,0.730255,-1.874467455
500036,-0.317640728,,-2.433251727,-1.523403272,-1.109923233,-2.752803229,-1.502068817,1,0,1,1,1,1,1,6,0.1666666667,-1.606515168,-0.073484,0.730255,-2.099309565
500037,,,,,-0.833558564,,,0,0,0,0,1,0,0,1,1,-0.833558564,-0.073484,0.730255,-1.04083489
500039,-2.432923701,1.602647672,-1.042103551,-0.8757372,0.0646266098,-0.723771713,-0.379664492,1,1,1,1,1,1,1,7,0.1428571429,-0.540989482,-0.073484,0.730255,-0.640195369
500041,-0.004265472,,0.2827994746,-1.569665135,0.0646266098,0.0237662145,0.1193724199,1,0,1,1,1,1,1,6,0.1666666667,-0.180560981,-0.073484,0.730255,-0.146630222
500044,-0.552672169,0.6397322168,-0.048426282,-0.551904164,-0.177192475,-0.083024918,-0.200885804,1,1,1,1,1,1,1,7,0.1428571429,-0.139196228,-0.073484,0.730255,-0.089985976
500050,-0.631015983,0.6397322168,0.3490446258,0.1882856323,1.4464499539,-0.083024918,-0.626610592,1,1,1,1,1,1,1,7,0.1428571429,0.183265848,-0.073484,0.730255,0.3515885429
500051,-1.257766494,0.6397322168,-1.042103551,0.0957619077,-0.729921813,0.1839529132,-2.030687813,1,1,1,1,1,1,1,7,0.1428571429,-0.59157609,-0.073484,0.730255,-0.709467879
500052,,,,,,,,0,0,0,0,0,0,0,0,,,-0.073484,0.730255,
500053,0.3874535968,,-2.830722634,-0.921999063,-2.457200993,-1.097540676,,1,0,1,1,1,1,0,5,0.2,-1.384001954,-0.073484,0.730255,-1.794603453
500054,-0.787703611,0.6397322168,-2.698232332,-1.245832099,-0.073555725,0.130557347,-0.119427889,1,1,1,1,1,1,1,7,0.1428571429,-0.593494584,-0.073484,0.730255,-0.712095035
500058,1.2492355489,-0.684276534,0.0178188695,-1.107046512,0.2373545278,0.3975351781,0.0430592152,1,1,1,1,1,1,1,7,0.1428571429,0.0219543277,-0.073484,0.730255,0.1306910721
500060,,,,-0.783213476,-0.211738059,,,0,0,0,1,1,0,0,2,0.5,-0.497475767,-0.073484,0.730255,-0.58060837
500064,-0.082609286,,-0.247161735,0.8822135666,0.2719001114,-0.510189448,-2.478706346,1,0,1,1,1,1,1,6,0.1666666667,-0.360758856,-0.073484,0.730255,-0.393390372
500072,-0.474328355,,-2.433251727,-2.587426105,-0.384465977,-0.777167279,,1,0,1,1,1,1,0,5,0.2,-1.331327889,-0.073484,0.730255,-1.722472412
500077,-1.17942268,,-0.51214234,-0.598166027,-1.1790144,0.7713041416,-0.698636538,1,0,1,1,1,1,1,6,0.1666666667,-0.566012974,-0.073484,0.730255,-0.674462147
500079,-0.866047425,,-0.710877794,-1.153308374,-0.557193895,-0.937353977,-1.574952214,1,0,1,1,1,1,1,6,0.1666666667,-0.96662228,-0.073484,0.730255,-1.22305026
500084,,,,-1.800974446,-0.626285062,,,0,0,0,1,1,0,0,2,0.5,-1.213629754,-0.073484,0.730255,-1.561298429
500088,-0.787703611,,-0.777122945,-0.598166027,-0.833558564,-0.777167279,0.0546348136,1,0,1,1,1,1,1,6,0.1666666667,-0.619847269,-0.073484,0.730255,-0.748181988
500108,1.4842669904,0.7600966487,-1.042103551,-0.043023679,-0.453557144,-1.150936242,-0.386524106,1,1,1,1,1,1,1,7,0.1428571429,-0.118825869,-0.073484,0.730255,-0.062091126
500119,0.309109783,,0.2165543233,0.0957619077,0.1682633606,-0.243211617,,1,0,1,1,1,1,0,5,0.2,0.1092955516,-0.073484,0.730255,0.250294777
50011F,,,-0.445897189,0.0957619077,1.2046308687,,,0,0,1,1,1,0,0,3,0.3333333333,0.2848318624,-0.073484,0.730255,0.4906714533
500124,-0.787703611,,0.4152897771,0.789689842,1.0319029507,0.9314908403,0.704583231,1,0,1,1,1,1,1,6,0.1666666667,0.5142088384,-0.073484,0.730255,0.8047766938
500129,-1.022735052,0.8804610806,-0.51214234,-0.921999063,0.0991721934,-1.204331809,-0.772377388,1,1,1,1,1,1,1,7,0.1428571429,-0.493421768,-0.073484,0.730255,-0.575056887
500139,-1.17942268,,-0.909613248,-0.366856715,-0.246283643,0.2907440456,,1,0,1,1,1,1,0,5,0.2,-0.482286448,-0.073484,0.730255,-0.559808353
500141,0.0740783415,,-0.578387492,-0.736951613,-0.695376229,0.6111174429,1.2760748144,1,0,1,1,1,1,1,6,0.1666666667,-0.008240789,-0.073484,0.730255,0.0893423515
500150,0.309109783,,-0.578387492,-0.366856715,0.3755368623,0.4509307443,1.3240921117,1,0,1,1,1,1,1,6,0.1666666667,0.2524042157,-0.073484,0.730255,0.4462655416
500151,0.1524221553,,-0.114671433,-0.921999063,-0.211738059,-0.243211617,1.3313804515,1,0,1,1,1,1,1,6,0.1666666667,-0.001302927,-0.073484,0.730255,0.098842951
500152,0.1524221553,,,0.3270712192,1.9300881244,0.9314908403,,1,0,0,1,1,1,0,4,0.25,0.8352680848,-0.073484,0.730255,1.2444302004
500154,,,,1.4836177763,1.0664485343,1.0916775389,,0,0,0,1,1,1,0,3,0.3333333333,1.2139146165,-0.073484,0.730255,1.762942834
50030F,0.7791726659,,0.2165543233,2.9639973694,2.0337248752,,-1.494351751,1,0,1,1,1,0,1,5,0.2,0.8998194966,-0.073484,0.730255,1.3328258932
501302,,,,,,,,0,0,0,0,0,0,0,0,,,-0.073484,0.730255,
501303,,,,,-0.31537481,,,0,0,0,0,1,0,0,1,1,-0.31537481,-0.073484,0.730255,-0.331242169
501304,,,-2.896967786,-2.217331206,0.7209926983,,,0,0,1,1,1,0,0,3,0.3333333333,-1.464435431,-0.073484,0.730255,-1.904747798
501305,,,,,-0.522648311,,,0,0,0,0,1,0,0,1,1,-0.522648311,-0.073484,0.730255,-0.615079257
501307,,,,,,,,0,0,0,0,0,0,0,0,,,-0.073484,0.730255,
501308,,,,,0.0646266098,,,0,0,0,0,1,0,0,1,1,0.0646266098,-0.073484,0.730255,0.1891258273
501309,,,,,,,,0,0,0,0,0,0,0,0,,,-0.073484,0.730255,
501310,,,,,-1.420833485,,,0,0,0,0,1,0,0,1,1,-1.420833485,-0.073484,0.730255,-1.845039975
501312,,,,0.6046423929,-0.971740898,0.2907440456,,0,0,0,1,1,1,0,3,0.3333333333,-0.025451487,-0.073484,0.730255,0.065774292
501313,,,,,,,,0,0,0,0,0,0,0,0,,,-0.073484,0.730255,
501314,,,-0.048426282,-1.014522787,-2.319018659,,,0,0,1,1,1,0,0,3,0.3333333333,-1.127322576,-0.073484,0.730255,-1.44311073
501315,,,,,,,,0,0,0,0,0,0,0,0,,,-0.073484,0.730255,
501316,,,,,,,,0,0,0,0,0,0,0,0,,,-0.073484,0.730255,
501317,,,,,-0.868104147,,,0,0,0,0,1,0,0,1,1,-0.868104147,-0.073484,0.730255,-1.088141072
501318,,,,,,,,0,0,0,0,0,0,0,0,,,-0.073484,0.730255,
501319,,,,,,,,0,0,0,0,0,0,0,0,,,-0.073484,0.730255,
501320,,,,,,,,0,0,0,0,0,0,0,0,,,-0.073484,0.730255,
501321,,,,,0.4100824459,,,0,0,0,0,1,0,0,1,1,0.4100824459,-0.073484,0.730255,0.6621876418
501322,,,,,,,,0,0,0,0,0,0,0,0,,,-0.073484,0.730255,
501323,,,0.4152897771,-1.014522787,0.306445695,-0.563585014,,0,0,1,1,1,1,0,4,0.25,-0.214093082,-0.073484,0.730255,-0.192548556
501324,,,,,,,,0,0,0,0,0,0,0,0,,,-0.073484,0.730255,
501325,,,,,,,,0,0,0,0,0,0,0,0,,,-0.073484,0.730255,
501326,,,-2.168271122,-2.263593069,-0.695376229,,,0,0,1,1,1,0,0,3,0.3333333333,-1.70908014,-0.073484,0.730255,-2.239760432
501327,,,,,,,,0,0,0,0,0,0,0,0,,,-0.073484,0.730255,
501328,,,,,-0.729921813,,,0,0,0,0,1,0,0,1,1,-0.729921813,-0.073484,0.730255,-0.898916346
501329,,,0.8127606846,-0.228071128,-0.280829226,,,0,0,1,1,1,0,0,3,0.3333333333,0.1012867767,-0.073484,0.730255,0.239327686
501330,-1.022735052,,,-0.320594853,0.2373545278,,,1,0,0,1,1,0,0,3,0.3333333333,-0.368658459,-0.073484,0.730255,-0.404207964
501331,,,-0.51214234,-0.45938044,-0.419011561,,,0,0,1,1,1,0,0,3,0.3333333333,-0.463511447,-0.073484,0.730255,-0.534098161
501332,,,0.1503091721,-0.921999063,0.2719001114,-1.791683037,,0,0,1,1,1,1,0,4,0.25,-0.572868204,-0.073484,0.730255,-0.683849592
501333,,,-1.042103551,-1.338355823,-1.835380488,,,0,0,1,1,1,0,0,3,0.3333333333,-1.405279954,-0.073484,0.730255,-1.823741213
501334,,,,,,,,0,0,0,0,0,0,0,0,,,-0.073484,0.730255,
501335,,,,-0.135547404,0.9628117835,-1.097540676,,0,0,0,1,1,1,0,3,0.3333333333,-0.090092099,-0.073484,0.730255,-0.02274355
501336,0.5441412244,,-1.505819609,-1.800974446,-2.008108406,-1.097540676,,1,0,1,1,1,1,0,5,0.2,-1.173660383,-0.073484,0.730255,-1.506564998
501337,,,-0.180916584,0.9284754289,-0.004464557,0.8246997078,,0,0,1,1,1,1,0,4,0.25,0.3919484988,-0.073484,0.730255,0.6373552985
501338,,,,,,,,0,0,0,0,0,0,0,0,,,-0.073484,0.730255,
501339,,,-0.247161735,-2.032283757,-1.213559983,0.2373484794,,0,0,1,1,1,1,0,4,0.25,-0.813914249,-0.073484,0.730255,-1.013934273
501340,,,,,,,,0,0,0,0,0,0,0,0,,,-0.073484,0.730255,
510001,-1.022735052,0.0379100573,-1.572064761,0.4195949437,1.1355397015,-0.777167279,-0.136148198,1,1,1,1,1,1,1,7,0.1428571429,-0.273581512,-0.073484,0.730255,-0.274011081
510002,,,0.0840640208,-1.245832099,0.3409912786,0.0237662145,,0,0,1,1,1,1,0,4,0.25,-0.199252646,-0.073484,0.730255,-0.172226295
510006,0.1524221553,,1.2764767434,0.5121186683,1.0664485343,0.9314908403,0.6471339646,1,0,1,1,1,1,1,6,0.1666666667,0.7643484844,-0.073484,0.730255,1.1473140096
510007,-0.395984542,-0.202818807,-0.445897189,0.14202377,-0.626285062,-1.684891905,-1.369592523,1,1,1,1,1,1,1,7,0.1428571429,-0.654778037,-0.073484,0.730255,-0.796015635
510008,-1.336110308,,-1.042103551,0.4195949437,-0.488102728,-0.563585014,0.0786434623,1,0,1,1,1,1,1,6,0.1666666667,-0.488610532,-0.073484,0.730255,-0.568468455
510012,,,-0.51214234,-1.060784649,-1.213559983,,,0,0,1,1,1,0,0,3,0.3333333333,-0.928828991,-0.073484,0.730255,-1.171296722
510013,-0.944391238,,0.4815349283,-0.551904164,-0.211738059,-0.670376146,,1,0,1,1,1,1,0,5,0.2,-0.379374936,-0.073484,0.730255,-0.41888294
510022,-1.101078866,-0.925005398,-0.114671433,0.3733330814,-0.453557144,-2.699407663,-2.020398392,1,1,1,1,1,1,1,7,0.1428571429,-0.991540831,-0.073484,0.730255,-1.257173334
510023,-1.336110308,,0.8127606846,1.2985703271,-0.039010141,-0.61698058,0.5553866286,1,0,1,1,1,1,1,6,0.1666666667,0.1124361019,-0.073484,0.730255,0.2545953974
510024,0.0740783415,-0.563912102,-0.644632643,0.5121186683,0.4791736131,0.5577218767,0.3435960493,1,1,1,1,1,1,1,7,0.1428571429,0.1083062577,-0.073484,0.730255,0.2489400533
510029,,,,,,,,0,0,0,0,0,0,0,0,,,-0.073484,0.730255,
51002F,,,0.6140252308,1.113522878,1.8609969572,,,0,0,1,1,1,0,0,3,0.3333333333,1.1961816887,-0.073484,0.730255,1.7386596402
510030,-0.004265472,,0.1503091721,-0.366856715,0.5482647803,-1.631496338,,1,0,1,1,1,1,0,5,0.2,-0.260808915,-0.073484,0.730255,-0.256520486
510031,,,,,,,,0,0,0,0,0,0,0,0,,,-0.073484,0.730255,
510038,,,-0.777122945,-0.366856715,-1.835380488,,,0,0,1,1,1,0,0,3,0.3333333333,-0.99312005,-0.073484,0.730255,-1.259335891
51003F,0.7008288521,,1.0777412896,1.2523084649,0.9628117835,,,1,0,1,1,1,0,0,4,0.25,0.9984225975,-0.073484,0.730255,1.4678514363
510046,0.0740783415,,-1.770800214,-0.135547404,-2.768111246,-0.61698058,-0.743652754,1,0,1,1,1,1,1,6,0.1666666667,-0.993502309,-0.073484,0.730255,-1.259859352
510048,,,-0.975858399,0.5583805306,1.2737220359,,,0,0,1,1,1,0,0,3,0.3333333333,0.2854147224,-0.073484,0.730255,0.4914696127
51004F,0.6224850383,,2.1376637096,1.8074508123,1.6191778719,,,1,0,1,1,1,0,0,4,0.25,1.546694358,-0.073484,0.730255,2.2186462031
510050,-2.041204632,0.399003353,-1.042103551,-0.968260925,-2.180836324,0.4509307443,-0.008816615,1,1,1,1,1,1,1,7,0.1428571429,-0.770183993,-0.073484,0.730255,-0.954050745
510055,0.0740783415,,-0.909613248,-0.320594853,-1.317196734,-1.257727375,-0.700351442,1,0,1,1,1,1,1,6,0.1666666667,-0.738567552,-0.073484,0.730255,-0.910755685
510058,-0.474328355,-0.082454375,0.1503091721,0.3733330814,-0.177192475,-0.029629352,0.2162644663,1,1,1,1,1,1,1,7,0.1428571429,-0.003385405,-0.073484,0.730255,0.0959912383
51005F,0.309109783,,1.9389282559,-0.043023679,1.9991792916,,,1,0,1,1,1,0,0,4,0.25,1.0510484128,-0.073484,0.730255,1.539916404
510062,0.1524221553,,0.4815349283,0.0032381832,0.9628117835,-0.723771713,1.0951524977,1,0,1,1,1,1,1,6,0.1666666667,0.3285646392,-0.073484,0.730255,0.5505584334
510070,-1.649485563,,0.8790058358,0.6509042552,-1.489924652,0.6111174429,-0.006672986,1,0,1,1,1,1,1,6,0.1666666667,-0.167509278,-0.073484,0.730255,-0.128757424
510072,,,,-0.45938044,0.3755368623,,,0,0,0,1,1,0,0,2,0.5,-0.041921789,-0.073484,0.730255,0.0432201181
510086,,,,,-0.142646892,,,0,0,0,0,1,0,0,1,1,-0.142646892,-0.073484,0.730255,-0.094711261
510091,,,,,,,,0,0,0,0,0,0,0,0,,,-0.073484,0.730255,
510093,,,,,,,,0,0,0,0,0,0,0,0,,,-0.073484,0.730255,
511300,,,,,,,,0,0,0,0,0,0,0,0,,,-0.073484,0.730255,
511301,,,,,,,,0,0,0,0,0,0,0,0,,,-0.073484,0.730255,
511303,,,,,,,,0,0,0,0,0,0,0,0,,,-0.073484,0.730255,
511304,,,,,,,,0,0,0,0,0,0,0,0,,,-0.073484,0.730255,
511306,,,,,,,,0,0,0,0,0,0,0,0,,,-0.073484,0.730255,
511307,,,,,-1.213559983,,,0,0,0,0,1,0,0,1,1,-1.213559983,-0.073484,0.730255,-1.561202886
511308,,,,,-0.660830646,,,0,0,0,0,1,0,0,1,1,-0.660830646,-0.073484,0.730255,-0.804303983
511309,,,,0.1882856323,0.133717777,,,0,0,0,1,1,0,0,2,0.5,0.1610017047,-0.073484,0.730255,0.3211003736
511310,,,,,-0.488102728,,,0,0,0,0,1,0,0,1,1,-0.488102728,-0.073484,0.730255,-0.567773076
511311,,,,,-0.004464557,,,0,0,0,0,1,0,0,1,1,-0.004464557,-0.073484,0.730255,0.0945134644
511312,,,,,-1.420833485,,,0,0,0,0,1,0,0,1,1,-1.420833485,-0.073484,0.730255,-1.845039975
511313,,,0.4152897771,,0.4100824459,,,0,0,1,0,1,0,0,2,0.5,0.4126861115,-0.073484,0.730255,0.6657530607
511314,,,-1.505819609,,,,,0,0,1,0,0,0,0,1,1,-1.505819609,-0.073484,0.730255,-1.961418643
511315,,,-0.313406887,-1.060784649,-0.419011561,0.6645130092,,0,0,1,1,1,1,0,4,0.25,-0.282172522,-0.073484,0.730255,-0.285775475
511316,,,1.0114961383,-0.413118577,0.4446280295,,,0,0,1,1,1,0,0,3,0.3333333333,0.3476685301,-0.073484,0.730255,0.5767190025
511317,,,,0.0032381832,-0.31537481,,,0,0,0,1,1,0,0,2,0.5,-0.156068313,-0.073484,0.730255,-0.113090346
511318,,,,,,,,0,0,0,0,0,0,0,0,,,-0.073484,0.730255,
511319,,,-0.114671433,0.0957619077,-0.868104147,,,0,0,1,1,1,0,0,3,0.3333333333,-0.295671224,-0.073484,0.730255,-0.304260387
511320,,,-0.644632643,0.6509042552,-1.317196734,,,0,0,1,1,1,0,0,3,0.3333333333,-0.436975041,-0.073484,0.730255,-0.497759621
511321,,,,0.2808093569,-3.079021498,,,0,0,0,1,1,0,0,2,0.5,-1.399106071,-0.073484,0.730255,-1.815286794
511322,,,,,,,,0,0,0,0,0,0,0,0,,,-0.073484,0.730255,
520002,-0.944391238,,-0.114671433,0.0032381832,-0.039010141,0.1839529132,,1,0,1,1,1,1,0,5,0.2,-0.182176343,-0.073484,0.730255,-0.148842273
520004,1.4842669904,,0.4815349283,-1.060784649,0.3409912786,-0.18981605,0.8833619184,1,0,1,1,1,1,1,6,0.1666666667,0.3232590693,-0.073484,0.730255,0.543293069
520008,0.309109783,0.2786389211,1.0777412896,-0.829475338,-0.902649731,-0.883958411,0.98282632,1,1,1,1,1,1,1,7,0.1428571429,0.0046046905,-0.073484,0.730255,0.1069327505
520009,-0.866047425,-0.323183238,-1.174593853,-0.644427889,-0.108101308,0.2373484794,,1,1,1,1,1,1,0,6,0.1666666667,-0.479834206,-0.073484,0.730255,-0.556450291
520011,,,,0.3733330814,-0.660830646,-0.830562845,,0,0,0,1,1,1,0,3,0.3333333333,-0.372686803,-0.073484,0.730255,-0.409724315
520019,1.0925479213,,-0.644632643,-1.153308374,0.3755368623,-0.510189448,,1,0,1,1,1,1,0,5,0.2,-0.168009136,-0.073484,0.730255,-0.129441922
520021,-1.414454121,-0.44354767,-2.234516273,-1.708450721,-2.008108406,-2.59261653,-1.993388663,1,1,1,1,1,1,1,7,0.1428571429,-1.770726055,-0.073484,0.730255,-2.324177384
520028,1.0925479213,,-0.048426282,-1.153308374,-0.31537481,-0.937353977,,1,0,1,1,1,1,0,5,0.2,-0.272383104,-0.073484,0.730255,-0.27237
52002F,,,,,,,,0,0,0,0,0,0,0,0,,,-0.073484,0.730255,
520030,0.8575164798,-0.44354767,0.0840640208,-1.014522787,0.4446280295,-1.04414511,-1.826185574,1,1,1,1,1,1,1,7,0.1428571429,-0.42031323,-0.073484,0.730255,-0.474943199
520033,,,-1.240839004,-1.384617685,-0.591739479,-0.083024918,,0,0,1,1,1,1,0,4,0.25,-0.825055272,-0.073484,0.730255,-1.029190615
520034,,,,-0.505642302,1.5846322883,,,0,0,0,1,1,0,0,2,0.5,0.5394949932,-0.073484,0.730255,0.8394031584
520035,0.1524221553,,0.2165543233,0.9747372911,0.7209926983,-0.670376146,,1,0,1,1,1,1,0,5,0.2,0.2788660643,-0.073484,0.730255,0.4825019828
520037,0.8575164798,-0.323183238,0.6802703821,-0.043023679,0.2028089442,0.4509307443,-1.77259484,1,1,1,1,1,1,1,7,0.1428571429,0.0075321133,-0.073484,0.730255,0.1109415174
520038,,,0.4152897771,0.6509042552,-0.004464557,,,0,0,1,1,1,0,0,3,0.3333333333,0.3539098249,-0.073484,0.730255,0.585265734
52003F,0.7008288521,,1.1439864408,1.113522878,1.0319029507,,0.1763929604,1,0,1,1,1,0,1,5,0.2,0.8333268164,-0.073484,0.730255,1.2417718579
520041,,,0.7465155333,-2.032283757,1.0664485343,-0.18981605,,0,0,1,1,1,1,0,4,0.25,-0.102283935,-0.073484,0.730255,-0.03943886
520044,,,,-0.274332991,0.0646266098,0.3441396118,,0,0,0,1,1,1,0,3,0.3333333333,0.044811077,-0.073484,0.730255,0.1619907469
520045,-1.492797935,,,-0.921999063,-1.1790144,0.4509307443,1.9594638496,1,0,0,1,1,1,1,5,0.2,-0.236683361,-0.073484,0.730255,-0.22348333
520049,1.6409546181,-0.323183238,0.0840640208,-1.292093961,-0.419011561,1.4654465025,0.6861480187,1,1,1,1,1,1,1,7,0.1428571429,0.2631892,-0.073484,0.730255,0.4610343302
52004F,0.5441412244,,1.0777412896,1.6224033631,1.7573602063,,0.3616025358,1,0,1,1,1,0,1,5,0.2,1.0726497239,-0.073484,0.730255,1.5694969012
520051,0.2307659691,-0.323183238,0.6140252308,0.0957619077,1.1355397015,0.6645130092,-0.25533399,1,1,1,1,1,1,1,7,0.1428571429,0.3088697986,-0.073484,0.730255,0.5235886269
520057,,,0.4152897771,-0.45938044,0.306445695,-0.883958411,,0,0,1,1,1,1,0,4,0.25,-0.155400845,-0.073484,0.730255,-0.112176325
520059,0.9358602936,,-1.174593853,-0.366856715,1.1009941179,,,1,0,1,1,1,0,0,4,0.25,0.1238509609,-0.073484,0.730255,0.2702267265
520062,0.0740783415,,0.7465155333,0.14202377,0.2719001114,-0.296607183,,1,0,1,1,1,1,0,5,0.2,0.1875821147,-0.073484,0.730255,0.357499171
520063,,,0.4152897771,-0.783213476,0.5828103639,-0.350002749,,0,0,1,1,1,1,0,4,0.25,-0.033779021,-0.073484,0.730255,0.0543706968
520066,-0.709359797,-1.526827557,-0.644632643,-0.551904164,0.2373545278,-1.631496338,0.4464902579,1,1,1,1,1,1,1,7,0.1428571429,-0.625767959,-0.073484,0.730255,-0.756289689
520070,0.9358602936,1.0008255125,0.9452509871,0.5583805306,1.2391764523,1.2518642376,-0.130146036,1,1,1,1,1,1,1,7,0.1428571429,0.8287445683,-0.073484,0.730255,1.2354969989
520071,,,,-1.430879548,-0.488102728,,,0,0,0,1,1,0,0,2,0.5,-0.959491138,-0.073484,0.730255,-1.213284986
520075,-1.101078866,1.1211899444,-0.51214234,-0.320594853,-0.729921813,-0.61698058,-1.07205677,1,1,1,1,1,1,1,7,0.1428571429,-0.46165504,-0.073484,0.730255,-0.531556026
520076,,,,-2.356116793,-1.904471656,0.130557347,,0,0,0,1,1,1,0,3,0.3333333333,-1.376677034,-0.073484,0.730255,-1.784572822
520078,,,0.6140252308,0.14202377,0.9628117835,,,0,0,1,1,1,0,0,3,0.3333333333,0.5729535948,-0.073484,0.730255,0.8852208437
520083,0.7008288521,1.1211899444,-0.379652038,-0.228071128,-0.004464557,0.7179085754,0.4786446981,1,1,1,1,1,1,1,7,0.1428571429,0.3437691923,-0.073484,0.730255,0.5713793104
520087,0.4657974106,-0.44354767,-2.830722634,-1.153308374,-0.591739479,-0.136420484,-0.571733681,1,1,1,1,1,1,1,7,0.1428571429,-0.751667845,-0.073484,0.730255,-0.928695021
520088,0.7791726659,-0.202818807,-2.035780819,-0.736951613,-1.075377649,-0.296607183,-0.435398855,1,1,1,1,1,1,1,7,0.1428571429,-0.571966037,-0.073484,0.730255,-0.682614179
520089,1.7976422458,,0.0178188695,2.1312838483,1.5500867047,0.3975351781,0.6411318024,1,0,1,1,1,1,1,6,0.1666666667,1.0892497748,-0.073484,0.730255,1.5922287512
520091,,,0.7465155333,-0.320594853,0.2719001114,-0.830562845,,0,0,1,1,1,1,0,4,0.25,-0.033185513,-0.073484,0.730255,0.055183437
520095,,,,0.8822135666,0.2373545278,-0.136420484,,0,0,0,1,1,1,0,3,0.3333333333,0.3277158701,-0.073484,0.730255,0.5493961422
520096,-0.317640728,,-0.048426282,0.1882856323,-0.142646892,-0.670376146,0.1755355087,1,0,1,1,1,1,1,6,0.1666666667,-0.135878151,-0.073484,0.730255,-0.085442254
520097,0.9358602936,,-0.909613248,-1.153308374,-0.522648311,0.7179085754,,1,0,1,1,1,1,0,5,0.2,-0.186360213,-0.073484,0.730255,-0.154571599
520098,0.9358602936,-1.286098694,0.6802703821,1.5761415008,1.7573602063,-0.136420484,-0.344937696,1,1,1,1,1,1,1,7,0.1428571429,0.4545965013,-0.073484,0.730255,0.7231444925
520100,0.4657974106,,0.2165543233,-0.135547404,0.0300810262,0.2907440456,0.6038326518,1,0,1,1,1,1,1,6,0.1666666667,0.2452436757,-0.073484,0.730255,0.4364600101
520102,,,0.7465155333,0.0495000455,0.5828103639,-0.883958411,,0,0,1,1,1,1,0,4,0.25,0.1237168829,-0.073484,0.730255,0.2700431222
520103,-0.552672169,,1.6077024996,0.0032381832,0.3755368623,0.4509307443,0.099222304,1,0,1,1,1,1,1,6,0.1666666667,0.3306597374,-0.073484,0.730255,0.5534274279
520107,,,,-0.274332991,0.7555382819,,,0,0,0,1,1,0,0,2,0.5,0.2406026457,-0.073484,0.730255,0.4301046562
520109,,,,-0.228071128,-1.109923233,,,0,0,0,1,1,0,0,2,0.5,-0.66899718,-0.073484,0.730255,-0.815487108
520113,,,-0.247161735,0.1882856323,-0.557193895,0.6645130092,,0,0,1,1,1,1,0,4,0.25,0.0121107528,-0.073484,0.730255,0.1172114346
520116,0.3874535968,,0.2827994746,-3.558925213,0.0991721934,-0.296607183,,1,0,1,1,1,1,0,5,0.2,-0.617221426,-0.073484,0.730255,-0.7445862
520136,0.3874535968,,-0.843368097,-0.135547404,0.9973573671,0.5043263105,0.789899679,1,0,1,1,1,1,1,6,0.1666666667,0.2833535755,-0.073484,0.730255,0.4886471104
520138,1.3275793628,0.6397322168,1.6077024996,1.0209991534,1.5155411211,1.1984686714,1.0497075556,1,1,1,1,1,1,1,7,0.1428571429,1.1942472258,-0.073484,0.730255,1.7360106171
520139,-0.239296914,,0.0840640208,0.1882856323,1.8609969572,0.7179085754,,1,0,1,1,1,1,0,5,0.2,0.5223916544,-0.073484,0.730255,0.8159821139
520160,-0.004265472,0.2786389211,-0.445897189,-1.338355823,-0.039010141,0.2373484794,-0.120285341,1,1,1,1,1,1,1,7,0.1428571429,-0.204546652,-0.073484,0.730255,-0.179475825
520177,1.0925479213,0.8804610806,1.1439864408,0.6046423929,1.3428132031,0.1839529132,0.4975086363,1,1,1,1,1,1,1,7,0.1428571429,0.8208446555,-0.073484,0.730255,1.224678982
520189,-0.082609286,,-0.975858399,0.789689842,0.133717777,-0.296607183,,1,0,1,1,1,1,0,5,0.2,-0.08633345,-0.073484,0.730255,-0.017596515
520193,-0.395984542,0.7600966487,-0.313406887,-1.569665135,0.9628117835,1.2518642376,0.7002959723,1,1,1,1,1,1,1,7,0.1428571429,0.1994302971,-0.073484,0.730255,0.3737238865
520194,,,,,,,,0,0,0,0,0,0,0,0,,,-0.073484,0.730255,
520196,,,,,,,,0,0,0,0,0,0,0,0,,,-0.073484,0.730255,
520198,0.4657974106,,-0.048426282,0.5121186683,0.2373545278,0.7179085754,,1,0,1,1,1,1,0,5,0.2,0.3769505801,-0.073484,0.730255,0.6168173834
520202,1.5626108043,,0.2827994746,0.0957619077,-0.142646892,-1.150936242,,1,0,1,1,1,1,0,5,0.2,0.1295178105,-0.073484,0.730255,0.2779868217
520205,,,,,,,,0,0,0,0,0,0,0,0,,,-0.073484,0.730255,
520206,0.2307659691,,0.0178188695,-0.690689751,0.4791736131,0.6645130092,0.6767160496,1,0,1,1,1,1,1,6,0.1666666667,0.2297162932,-0.073484,0.730255,0.4151970556
520207,1.5626108043,1.0008255125,1.0114961383,1.7149270877,0.5482647803,1.6256332012,1.2319160499,1,1,1,1,1,1,1,7,0.1428571429,1.242239082,-0.073484,0.730255,1.8017299137
520208,,,0.4152897771,0.6509042552,-0.31537481,-0.083024918,,0,0,1,1,1,1,0,4,0.25,0.1669485761,-0.073484,0.730255,0.3292439263
520210,0.3874535968,,-0.379652038,-0.181809266,0.306445695,0.4509307443,,1,0,1,1,1,1,0,5,0.2,0.1166737464,-0.073484,0.730255,0.2603983615
520212,,,,-0.690689751,0.4791736131,,,0,0,0,1,1,0,0,2,0.5,-0.105758069,-0.073484,0.730255,-0.044196285
520213,,,,,1.1355397015,,,0,0,0,0,1,0,0,1,1,1.1355397015,-0.073484,0.730255,1.6556174522
520214,,,,,,,,0,0,0,0,0,0,0,0,,,-0.073484,0.730255,
520215,,,,,,,,0,0,0,0,0,0,0,0,,,-0.073484,0.730255,
521300,,,,,1.2391764523,,,0,0,0,0,1,0,0,1,1,1.2391764523,-0.073484,0.730255,1.7975359966
521302,,,,0.789689842,,,,0,0,0,1,0,0,0,1,1,0.789689842,-0.073484,0.730255,1.1820160681
521303,,,,,,,,0,0,0,0,0,0,0,0,,,-0.073484,0.730255,
521304,,,,,,,,0,0,0,0,0,0,0,0,,,-0.073484,0.730255,
521305,,,,,,,,0,0,0,0,0,0,0,0,,,-0.073484,0.730255,
521307,,,,,,,,0,0,0,0,0,0,0,0,,,-0.073484,0.730255,
521308,,,-0.445897189,-0.8757372,-0.039010141,,,0,0,1,1,1,0,0,3,0.3333333333,-0.453548177,-0.073484,0.730255,-0.520454615
521309,,,,,,,,0,0,0,0,0,0,0,0,,,-0.073484,0.730255,
521310,,,,,,,,0,0,0,0,0,0,0,0,,,-0.073484,0.730255,
521311,,,,,,,,0,0,0,0,0,0,0,0,,,-0.073484,0.730255,
521312,,,,,0.8591750327,,,0,0,0,0,1,0,0,1,1,0.8591750327,-0.073484,0.730255,1.2771680006
521313,,,,,-2.353564242,,,0,0,0,0,1,0,0,1,1,-2.353564242,-0.073484,0.730255,-3.122306874
521314,,,,0.6509042552,0.8246294491,,,0,0,0,1,1,0,0,2,0.5,0.7377668521,-0.073484,0.730255,1.1109135385
521315,,,,0.6509042552,1.1355397015,,,0,0,0,1,1,0,0,2,0.5,0.8932219783,-0.073484,0.730255,1.323791355
521316,,,,,,,,0,0,0,0,0,0,0,0,,,-0.073484,0.730255,
521317,,,,,,,,0,0,0,0,0,0,0,0,,,-0.073484,0.730255,
521318,,,,,,,,0,0,0,0,0,0,0,0,,,-0.073484,0.730255,
521319,,,,,,,,0,0,0,0,0,0,0,0,,,-0.073484,0.730255,
521320,,,,-0.644427889,-0.591739479,,,0,0,0,1,1,0,0,2,0.5,-0.618083684,-0.073484,0.730255,-0.745766962
521321,,,,,,,,0,0,0,0,0,0,0,0,,,-0.073484,0.730255,
521322,,,,,-1.386287901,,,0,0,0,0,1,0,0,1,1,-1.386287901,-0.073484,0.730255,-1.797733794
521323,,,,,,,,0,0,0,0,0,0,0,0,,,-0.073484,0.730255,
521324,,,,-0.736951613,,,,0,0,0,1,0,0,0,1,1,-0.736951613,-0.073484,0.730255,-0.908542845
521325,,,-0.975858399,,-0.833558564,,,0,0,1,0,1,0,0,2,0.5,-0.904708482,-0.073484,0.730255,-1.138266474
521326,,,,,,,,0,0,0,0,0,0,0,0,,,-0.073484,0.730255,
521327,,,,-0.089285541,0.2028089442,,,0,0,0,1,1,0,0,2,0.5,0.0567617014,-0.073484,0.730255,0.1783557448
521328,,,,,,,,0,0,0,0,0,0,0,0,,,-0.073484,0.730255,
521329,,,,,,,,0,0,0,0,0,0,0,0,,,-0.073484,0.730255,
521330,,,,-1.338355823,1.2046308687,,,0,0,0,1,1,0,0,2,0.5,-0.066862477,-0.073484,0.730255,0.0090667297
521331,,,,,,,,0,0,0,0,0,0,0,0,,,-0.073484,0.730255,
521332,,,,-0.274332991,-0.31537481,,,0,0,0,1,1,0,0,2,0.5,-0.2948539,-0.073484,0.730255,-0.303141156
521333,,,,-0.320594853,0.3409912786,,,0,0,0,1,1,0,0,2,0.5,0.0101982129,-0.073484,0.730255,0.1145924325
521334,,,,0.0032381832,-0.039010141,,,0,0,0,1,1,0,0,2,0.5,-0.017885979,-0.073484,0.730255,0.0761343798
521335,,,,-0.043023679,0.133717777,,,0,0,0,1,1,0,0,2,0.5,0.045347049,-0.073484,0.730255,0.1627246984
521336,,,,0.7434279797,-1.282651151,,,0,0,0,1,1,0,0,2,0.5,-0.269611585,-0.073484,0.730255,-0.268574726
521337,,,-1.240839004,0.3270712192,0.133717777,,,0,0,1,1,1,0,0,3,0.3333333333,-0.260016669,-0.073484,0.730255,-0.255435598
521338,,,,-0.783213476,0.2373545278,,,0,0,0,1,1,0,0,2,0.5,-0.272929474,-0.073484,0.730255,-0.27311819
521339,,,,,-0.349920393,,,0,0,0,0,1,0,0,1,1,-0.349920393,-0.073484,0.730255,-0.37854835
521340,,,0.6802703821,-0.690689751,-0.073555725,,,0,0,1,1,1,0,0,3,0.3333333333,-0.027991698,-0.073484,0.730255,0.0622957665
521341,,,0.8127606846,-0.644427889,0.3409912786,,,0,0,1,1,1,0,0,3,0.3333333333,0.1697746915,-0.073484,0.730255,0.3331139644
521342,,,,,,,,0,0,0,0,0,0,0,0,,,-0.073484,0.730255,
521343,,,,-0.505642302,0.1682633606,,,0,0,0,1,1,0,0,2,0.5,-0.168689471,-0.073484,0.730255,-0.130373561
521344,,,,,,,,0,0,0,0,0,0,0,0,,,-0.073484,0.730255,
521345,,,,-0.089285541,-1.455379069,,,0,0,0,1,1,0,0,2,0.5,-0.772332305,-0.073484,0.730255,-0.95699261
521346,,,,0.1882856323,0.3755368623,,,0,0,0,1,1,0,0,2,0.5,0.2819112473,-0.073484,0.730255,0.4866720087
521347,,,,,,,,0,0,0,0,0,0,0,0,,,-0.073484,0.730255,
521348,,,,-0.736951613,,,,0,0,0,1,0,0,0,1,1,-0.736951613,-0.073484,0.730255,-0.908542845
521349,,,,,-0.246283643,,,0,0,0,0,1,0,0,1,1,-0.246283643,-0.073484,0.730255,-0.236629806
521350,,,,-1.153308374,-0.937195315,,,0,0,0,1,1,0,0,2,0.5,-1.045251844,-0.073484,0.730255,-1.330724355
521351,,,0.4152897771,-0.644427889,-0.142646892,,,0,0,1,1,1,0,0,3,0.3333333333,-0.123928335,-0.073484,0.730255,-0.069078362
521352,,,-0.247161735,-1.107046512,-0.626285062,,,0,0,1,1,1,0,0,3,0.3333333333,-0.660164436,-0.073484,0.730255,-0.803391686
521353,,,,,,,,0,0,0,0,0,0,0,0,,,-0.073484,0.730255,
521354,,,,,,,,0,0,0,0,0,0,0,0,,,-0.073484,0.730255,
521355,,,,-1.708450721,-0.626285062,,,0,0,0,1,1,0,0,2,0.5,-1.167367892,-0.073484,0.730255,-1.497948159
521356,,,,,,,,0,0,0,0,0,0,0,0,,,-0.073484,0.730255,
521357,,,0.4152897771,0.4195949437,-0.31537481,,,0,0,1,1,1,0,0,3,0.3333333333,0.1731699703,-0.073484,0.730255,0.3377634061
521358,,,-0.180916584,0.14202377,0.9282661999,,,0,0,1,1,1,0,0,3,0.3333333333,0.2964577952,-0.073484,0.730255,0.5065918238
521359,,,-0.909613248,-1.384617685,0.2028089442,-0.61698058,,0,0,1,1,1,1,0,4,0.25,-0.677100642,-0.073484,0.730255,-0.826583862
530002,0.3874535968,,-0.51214234,-1.523403272,0.2373545278,-0.883958411,,1,0,1,1,1,1,0,5,0.2,-0.45893918,-0.073484,0.730255,-0.52783697
530006,0.4657974106,,0.1503091721,-1.569665135,-1.006286482,-0.990749544,,1,0,1,1,1,1,0,5,0.2,-0.590118915,-0.073484,0.730255,-0.707472446
530008,,,0.6140252308,-0.366856715,-0.729921813,-0.670376146,,0,0,1,1,1,1,0,4,0.25,-0.288282361,-0.073484,0.730255,-0.294142193
530011,,,-0.710877794,0.6509042552,0.5828103639,-0.990749544,,0,0,1,1,1,1,0,4,0.25,-0.11697818,-0.073484,0.730255,-0.059560929
530012,-0.082609286,-1.04536983,-0.180916584,-2.633687967,0.5137191967,-0.723771713,-0.701637619,1,1,1,1,1,1,1,7,0.1428571429,-0.693467686,-0.073484,0.730255,-0.848996635
530014,1.4842669904,,0.0178188695,-0.8757372,0.2373545278,0.4509307443,0.3980442347,1,0,1,1,1,1,1,6,0.1666666667,0.2854463611,-0.073484,0.730255,0.4915129382
530015,,,0.8127606846,0.4195949437,1.5846322883,0.4509307443,,0,0,1,1,1,1,0,4,0.25,0.8169796652,-0.073484,0.730255,1.2193863249
530025,,,-0.843368097,-0.598166027,-1.109923233,,,0,0,1,1,1,0,0,3,0.3333333333,-0.850485785,-0.073484,0.730255,-1.064014763
530032,,,,,-0.246283643,,,0,0,0,0,1,0,0,1,1,-0.246283643,-0.073484,0.730255,-0.236629806
530034,,,,,,,,0,0,0,0,0,0,0,0,,,-0.073484,0.730255,
53004F,,,1.5414573484,1.5298796386,1.0664485343,,,0,0,1,1,1,0,0,3,0.3333333333,1.3792618404,-0.073484,0.730255,1.9893667343
53005F,,,,,,,,0,0,0,0,0,0,0,0,,,-0.073484,0.730255,
531301,,,,,,,,0,0,0,0,0,0,0,0,,,-0.073484,0.730255,
531302,,,-0.247161735,,-0.591739479,,,0,0,1,0,1,0,0,2,0.5,-0.419450607,-0.073484,0.730255,-0.473761936
531303,,,,,0.6519015311,,,0,0,0,0,1,0,0,1,1,0.6519015311,-0.073484,0.730255,0.9933309119
531304,,,,-3.327615901,-0.177192475,,,0,0,0,1,1,0,0,2,0.5,-1.752404188,-0.073484,0.730255,-2.299087706
531305,,,-0.644632643,0.14202377,-0.177192475,,,0,0,1,1,1,0,0,3,0.3333333333,-0.226600449,-0.073484,0.730255,-0.209675949
531306,,,,0.465856806,-0.522648311,,,0,0,0,1,1,0,0,2,0.5,-0.028395753,-0.073484,0.730255,0.0617424601
531307,,,,0.2345474946,-2.008108406,,,0,0,0,1,1,0,0,2,0.5,-0.886780456,-0.073484,0.730255,-1.113716116
531308,,,,,-3.182658249,,,0,0,0,0,1,0,0,1,1,-3.182658249,-0.073484,0.730255,-4.257655229
531309,,,,-0.598166027,0.5137191967,,,0,0,0,1,1,0,0,2,0.5,-0.042223415,-0.073484,0.730255,0.0428070759
531310,,,,,0.8591750327,,,0,0,0,0,1,0,0,1,1,0.8591750327,-0.073484,0.730255,1.2771680006
531311,,,,,0.2373545278,,,0,0,0,0,1,0,0,1,1,0.2373545278,-0.073484,0.730255,0.4256567345
531312,,,-1.174593853,-2.49490238,-0.31537481,-0.723771713,,0,0,1,1,1,1,0,4,0.25,-1.177160689,-0.073484,0.730255,-1.511358262
531313,,,,0.0495000455,0.9282661999,,,0,0,0,1,1,0,0,2,0.5,0.4888831227,-0.073484,0.730255,0.7700960552
531314,,,,,,,,0,0,0,0,0,0,0,0,,,-0.073484,0.730255,
531315,,,,,,,,0,0,0,0,0,0,0,0,,,-0.073484,0.730255,
531316,,,,,,,,0,0,0,0,0,0,0,0,,,-0.073484,0.730255,
650001,-0.944391238,,-0.313406887,-0.089285541,-1.144468816,-1.47130964,,1,0,1,1,1,1,0,5,0.2,-0.792572424,-0.073484,0.730255,-0.984709113
660001,-0.317640728,,,-1.708450721,-2.699020078,,,1,0,0,1,1,0,0,3,0.3333333333,-1.575037176,-0.073484,0.730255,-2.056204095
670005,,,,,,,,0,0,0,0,0,0,0,0,,,-0.073484,0.730255,
670006,,,,,,,,0,0,0,0,0,0,0,0,,,-0.073484,0.730255,
670008,,,,,,,,0,0,0,0,0,0,0,0,,,-0.073484,0.730255,
670010,,,,,,,,0,0,0,0,0,0,0,0,,,-0.073484,0.730255,
670023,-2.746298957,-2.369378581,-1.505819609,-0.505642302,-0.073555725,-0.029629352,-1.054479009,1,1,1,1,1,1,1,7,0.1428571429,-1.183543362,-0.073484,0.730255,-1.520098595
670025,2.4243927564,1.602647672,,0.5583805306,0.8937206163,,-1.002174453,1,1,0,1,1,0,1,5,0.2,0.8953934244,-0.073484,0.730255,1.3267648993
670031,,,1.1439864408,0.0495000455,0.7555382819,,,0,0,1,1,1,0,0,3,0.3333333333,0.6496749227,-0.073484,0.730255,0.9902818293
670034,0.7008288521,0.0379100573,0.8790058358,0.9747372911,0.8937206163,0.7179085754,0.6299849298,1,1,1,1,1,1,1,7,0.1428571429,0.6905851654,-0.073484,0.730255,1.0463036753
670041,-1.649485563,0.6397322168,0.4152897771,0.3270712192,0.133717777,0.5577218767,2.8044825374,1,1,1,1,1,1,1,7,0.1428571429,0.4612185488,-0.073484,0.730255,0.7322126207
670043,0.9358602936,,0.6140252308,0.5583805306,0.3409912786,0.3975351781,0.1262320338,1,0,1,1,1,1,1,6,0.1666666667,0.4955040909,-0.073484,0.730255,0.7791627054
670044,,,0.6140252308,-0.135547404,-0.211738059,,,0,0,1,1,1,0,0,3,0.3333333333,0.0889132561,-0.073484,0.730255,0.2223835805
670047,-0.944391238,,,-1.107046512,-1.040832065,-1.150936242,-1.269699396,1,0,0,1,1,1,1,5,0.2,-1.102581091,-0.073484,0.730255,-1.409230128
670049,,,,,,,,0,0,0,0,0,0,0,0,,,-0.073484,0.730255,
670053,,,,0.9284754289,1.2391764523,,,0,0,0,1,1,0,0,2,0.5,1.0838259406,-0.073484,0.730255,1.5848014375
670054,,,,,,,,0,0,0,0,0,0,0,0,,,-0.073484,0.730255,
670055,0.7008288521,-1.406463126,-0.644632643,1.1597847403,0.4446280295,0.9314908403,1.2820769766,1,1,1,1,1,1,1,7,0.1428571429,0.3525305243,-0.073484,0.730255,0.5833769413
670056,0.7008288521,0.399003353,-1.042103551,0.6046423929,-0.557193895,1.4654465025,2.7508918037,1,1,1,1,1,1,1,7,0.1428571429,0.6173593512,-0.073484,0.730255,0.9460293915
670059,,,,,,,,0,0,0,0,0,0,0,0,,,-0.073484,0.730255,
670060,-1.884517004,,-1.174593853,-0.829475338,0.6519015311,0.6111174429,,1,0,1,1,1,1,0,5,0.2,-0.525113444,-0.073484,0.730255,-0.618454972
670062,,,,,1.1355397015,,,0,0,0,0,1,0,0,1,1,1.1355397015,-0.073484,0.730255,1.6556174522
670067,,,,,,,,0,0,0,0,0,0,0,0,,,-0.073484,0.730255,
670068,,,0.1503091721,0.4195949437,0.2373545278,,0.0096185974,0,0,1,1,1,0,1,4,0.25,0.2042193103,-0.073484,0.730255,0.3802818862
670069,,,,,,,,0,0,0,0,0,0,0,0,,,-0.073484,0.730255,
670071,-0.317640728,-0.082454375,,1.2523084649,,,,1,1,0,1,0,0,0,3,0.3333333333,0.2840711208,-0.073484,0.730255,0.4896297057
670073,,,,,,,,0,0,0,0,0,0,0,0,,,-0.073484,0.730255,
670075,-0.631015983,,-0.048426282,-0.413118577,0.7555382819,0.2907440456,,1,0,1,1,1,1,0,5,0.2,-0.009255703,-0.073484,0.730255,0.0879525447
670076,,,,,,,,0,0,0,0,0,0,0,0,,,-0.073484,0.730255,
670077,-0.474328355,0.1582744892,-0.843368097,0.6509042552,0.6173559475,0.8246997078,0.6887203739,1,1,1,1,1,1,1,7,0.1428571429,0.2317511888,-0.073484,0.730255,0.4179836097
670078,,,0.8127606846,,0.9628117835,,,0,0,1,0,1,0,0,2,0.5,0.887786234,-0.073484,0.730255,1.3163477319
670080,-0.474328355,,0.9452509871,0.4195949437,-0.177192475,0.7713041416,,1,0,1,1,1,1,0,5,0.2,0.2969258483,-0.073484,0.730255,0.5072327684
670082,0.9358602936,,1.2102315921,1.2060466026,1.3428132031,0.2907440456,0.6569946596,1,0,1,1,1,1,1,6,0.1666666667,0.9404483994,-0.073484,0.730255,1.3884624769
670085,-0.474328355,,-0.975858399,-1.847236308,-0.280829226,-0.830562845,,1,0,1,1,1,1,0,5,0.2,-0.881763027,-0.073484,0.730255,-1.106845327
670088,0.7791726659,0.1582744892,0.8790058358,-0.320594853,0.9973573671,0.5577218767,-0.053832831,1,1,1,1,1,1,1,7,0.1428571429,0.428157793,-0.073484,0.730255,0.6869397392
670090,,,,,,,,0,0,0,0,0,0,0,0,,,-0.073484,0.730255,
670093,,,,,,,,0,0,0,0,0,0,0,0,,,-0.073484,0.730255,
670098,-0.552672169,,-1.108348702,0.0032381832,-0.660830646,0.130557347,,1,0,1,1,1,1,0,5,0.2,-0.437611197,-0.073484,0.730255,-0.498630764
670102,,,,,,,,0,0,0,0,0,0,0,0,,,-0.073484,0.730255,
670103,0.6224850383,,1.1439864408,0.4195949437,0.6864471147,,,1,0,1,1,1,0,0,4,0.25,0.7181283844,-0.073484,0.730255,1.0840209282
670106,0.0740783415,,,1.1597847403,0.8246294491,-0.029629352,,1,0,0,1,1,1,0,4,0.25,0.5072157948,-0.073484,0.730255,0.7952005294
670107,,,,,,,,0,0,0,0,0,0,0,0,,,-0.073484,0.730255,
670108,,,1.0114961383,0.6046423929,0.6864471147,0.5577218767,,0,0,1,1,1,1,0,4,0.25,0.7150768807,-0.073484,0.730255,1.0798422468
670109,,,,,,,,0,0,0,0,0,0,0,0,,,-0.073484,0.730255,
670112,,,,,,,,0,0,0,0,0,0,0,0,,,-0.073484,0.730255,
670120,-1.571141749,,,-0.181809266,-1.075377649,0.9848864065,,1,0,0,1,1,1,0,4,0.25,-0.460860564,-0.073484,0.730255,-0.530468084
670122,0.8575164798,0.6397322168,0.9452509871,1.8074508123,1.964633708,1.1984686714,1.9731830774,1,1,1,1,1,1,1,7,0.1428571429,1.3408908504,-0.073484,0.730255,1.9368221012
670124,,,,,0.0991721934,,,0,0,0,0,1,0,0,1,1,0.0991721934,-0.073484,0.730255,0.2364320087
670128,,,0.1503091721,-0.228071128,1.3773587867,,,0,0,1,1,1,0,0,3,0.3333333333,0.4331989435,-0.073484,0.730255,0.6938430118
670131,,,,,,,,0,0,0,0,0,0,0,0,,,-0.073484,0.730255,
670132,,,,,,,,0,0,0,0,0,0,0,0,,,-0.073484,0.730255,
670134,,,,,,,,0,0,0,0,0,0,0,0,,,-0.073484,0.730255,
670136,,,,,0.5137191967,,,0,0,0,0,1,0,0,1,1,0.5137191967,-0.073484,0.730255,0.8041061861
670143,,,,,,,,0,0,0,0,0,0,0,0,,,-0.073484,0.730255,
670259,,,,,,,,0,0,0,0,0,0,0,0,,,-0.073484,0.730255,
670260,0.4657974106,,,-0.228071128,0.3755368623,,,1,0,0,1,1,0,0,3,0.3333333333,0.2044210482,-0.073484,0.730255,0.380558143
670265,,,,,,,,0,0,0,0,0,0,0,0,,,-0.073484,0.730255,
670266,,,,,,,,0,0,0,0,0,0,0,0,,,-0.073484,0.730255,
670267,,,,,,,,0,0,0,0,0,0,0,0,,,-0.073484,0.730255,
670280,,,,,,,,0,0,0,0,0,0,0,0,,,-0.073484,0.730255,
670285,,,,,,,,0,0,0,0,0,0,0,0,,,-0.073484,0.730255,
670300,,,,0.4195949437,0.7555382819,,,0,0,0,1,1,0,0,2,0.5,0.5875666128,-0.073484,0.730255,0.9052316819
670309,,,,1.0672610157,-0.280829226,,,0,0,0,1,1,0,0,2,0.5,0.3932158948,-0.073484,0.730255,0.6390908507
670314,,,,,,,,0,0,0,0,0,0,0,0,,,-0.073484,0.730255,
670322,,,,,,,,0,0,0,0,0,0,0,0,,,-0.073484,0.730255,
671300,,,,,0.3755368623,,,0,0,0,0,1,0,0,1,1,0.3755368623,-0.073484,0.730255,0.6148814603
671301,,,,,,,,0,0,0,0,0,0,0,0,,,-0.073484,0.730255,
