PROVIDER_ID,std_EDAC_30_AMI,std_EDAC_30_HF,std_EDAC_30_PN,std_OP_32,std_READM_30_CABG,std_READM_30_COPD,std_READM_30_HIP_KNEE,std_READM_30_HOSP_WIDE,std_OP_35_ADM,std_OP_35_ED,std_OP_36,C1,C2,C3,C4,C5,C6,C7,C8,C9,C10,C11,total_cnt,measure_wt,score_before_std,Mean,StdDev,grp_score
010001,1.0242728709,-0.368843082,-0.44812688,0.2899733314,0.6074990774,0.8593817676,0.1924519392,0.7683592821,-1.028886475,0.627910307,-0.257980078,1,1,1,1,1,1,1,1,1,1,1,11,0.0909090909,0.2060010965,0.013108,0.533730,0.3614061185
010005,,-0.330781493,0.5483598538,-1.035150204,,2.448388262,1.0383738259,1.653525837,1.891523058,-0.071402726,-2.992837509,0,1,1,1,0,1,1,1,1,1,1,9,0.1111111111,0.3499998784,0.013108,0.533730,0.6312031549
010006,-0.541851828,0.368600205,-0.017925559,1.1054339683,-0.951608837,0.8593817676,0.1924519392,-0.116807273,,,-1.283551615,1,1,1,1,1,1,1,1,0,0,1,9,0.1111111111,-0.042875248,0.013108,0.533730,-0.104890188
010007,,-0.85888604,-0.764193157,-0.219689567,,-0.431686009,0.1924519392,-0.706918309,,,-0.599837257,0,1,1,1,0,1,1,1,0,0,1,7,0.1428571429,-0.484108343,0.013108,0.533730,-0.931587329
010008,,,,0.2899733314,,,,-1.001973828,,,,0,0,0,1,0,0,0,1,0,0,0,2,0.5,-0.356000248,0.013108,0.533730,-0.691563186
010011,0.9436635114,-1.291836614,-0.096942128,0.391905911,-1.43133435,-0.133747291,0.3616363166,-1.887140383,,,0.4257342795,1,1,1,1,1,1,1,1,0,0,1,9,0.1111111111,-0.30200675,0.013108,0.533730,-0.590400623
010012,-0.21941439,-1.234744231,-0.035484796,-0.423554726,,-0.034434386,0.7000050712,-1.001973828,,,0.4257342795,1,1,1,1,0,1,1,1,0,0,1,8,0.125,-0.227983376,0.013108,0.533730,-0.451709957
010016,-1.388250103,-0.245142917,-1.352427616,0.5957710702,-0.951608837,0.462130144,-0.991838702,0.6208315229,,,0.0838771007,1,1,1,1,1,1,1,1,0,0,1,9,0.1111111111,-0.351850926,0.013108,0.533730,-0.68378899
010018,,,,,,,,,,,0.4257342795,0,0,0,0,0,0,0,0,0,0,1,1,1,0.4257342795,0.013108,0.533730,0.7730996119
010019,,-0.364085383,-0.505194402,-1.340947943,,-0.332373103,0.7000050712,0.3257760046,,,0.4257342795,0,1,1,1,0,1,1,1,0,0,1,7,0.1428571429,-0.155869354,0.013108,0.533730,-0.316596665
010021,,-0.421177766,-0.136450413,0.7996362295,,0.2635043322,,-0.264335032,,,,0,1,1,1,0,1,0,1,0,0,0,5,0.2,0.0482354701,0.013108,0.533730,0.0658154346
010022,,,0.7063929921,0.2899733314,,,,-0.116807273,,,,0,0,1,1,0,0,0,1,0,0,0,3,0.3333333333,0.2931863502,0.013108,0.533730,0.5247569661
010023,-0.334570618,-1.177651847,-2.081135977,-1.850610841,-1.551265728,0.3628172381,-0.48428557,-1.592084864,2.0375435346,0.3948059626,-0.257980078,1,1,1,1,1,1,1,1,1,1,1,11,0.0909090909,-0.594038072,0.013108,0.533730,-1.13755237
010024,-1.394007914,-0.378358479,-1.242682381,-0.321622146,0.9672932116,0.6607559558,,-1.149501587,1.1614206748,0.8610146514,0.7675914583,1,1,1,1,1,1,0,1,1,1,1,10,0.1,-0.006809656,0.013108,0.533730,-0.037317464
010029,-2.430413965,-2.34328801,0.0435317728,0.6977036498,-1.071540215,0.9586946735,0.1924519392,1.2109425595,0.7963694832,0.627910307,1.4513058159,1,1,1,1,1,1,1,1,1,1,1,11,0.0909090909,0.0121516373,0.013108,0.533730,-0.001791465
010033,-0.570640885,-0.278446808,-1.571918086,0.4938384906,-1.071540215,0.3628172381,-0.822654325,-2.034668142,0.7233592449,0.8610146514,0.7675914583,1,1,1,1,1,1,1,1,1,1,1,11,0.0909090909,-0.285567943,0.013108,0.533730,-0.55960077
010034,,,,0.391905911,,,,-1.444557105,,,,0,0,0,1,0,0,0,1,0,0,0,2,0.5,-0.526325597,0.013108,0.533730,-1.010685846
010035,,0.7682468893,0.5746987102,0.1880407518,,-0.828937633,0.0232675619,-2.772306938,,,0.4257342795,0,1,1,1,0,1,1,1,0,0,1,7,0.1428571429,-0.231608054,0.013108,0.533730,-0.458501177
010036,,-1.406021381,0.3069203368,-2.360273739,,0.6607559558,-1.330207457,0.6208315229,,,0.4257342795,0,1,1,1,0,1,1,1,0,0,1,7,0.1428571429,-0.440322926,0.013108,0.533730,-0.849550693
010039,0.1606011619,-0.359327684,-0.500804593,0.1880407518,1.806812858,0.0648785204,-2.176129343,-0.116807273,1.0884104365,0.9775668235,1.1094486371,1,1,1,1,1,1,1,1,1,1,1,11,0.0909090909,0.203880936,0.013108,0.533730,0.3574337723
010040,-0.812468963,-0.621001109,-0.250585457,-1.442880522,-0.951608837,0.2635043322,-0.145916815,-0.854446069,,,0.4257342795,1,1,1,1,1,1,1,1,0,0,1,9,0.1111111111,-0.487741018,0.013108,0.533730,-0.938393532
010044,,1.6769673262,1.3385255457,-0.015824407,,,,0.9158870412,,,,0,1,1,1,0,0,0,1,0,0,0,4,0.25,0.9788888764,0.013108,0.533730,1.8094935933
010045,,0.2496577394,0.7151726109,-0.729352465,,-0.828937633,,-0.854446069,,,,0,1,1,1,0,1,0,1,0,0,0,5,0.2,-0.289581163,0.013108,0.533730,-0.567119964
010046,-0.081226917,-0.61624341,-0.821260679,0.7996362295,,-0.828937633,,-0.264335032,,,0.0838771007,1,1,1,1,0,1,0,1,0,0,1,7,0.1428571429,-0.246927191,0.013108,0.533730,-0.487203211
010049,,0.1687768628,-0.004756131,0.0861081721,,-0.729624727,0.8691894486,0.4733037638,,,0.7675914583,0,1,1,1,0,1,1,1,0,0,1,7,0.1428571429,0.232941264,0.013108,0.533730,0.4118813883
010051,,,,,,,,,,,,0,0,0,0,0,0,0,0,0,0,0,0,,,0.013108,0.533730,
010052,,,0.7722401331,,,,,-1.149501587,,,,0,0,1,0,0,0,0,1,0,0,0,2,0.5,-0.188630727,0.013108,0.533730,-0.377978583
010055,-0.645492433,-0.906463026,0.4122757624,-0.321622146,-2.150922618,0.9586946735,-1.837760589,-0.264335032,,,-0.941694436,1,1,1,1,1,1,1,1,0,0,1,9,0.1111111111,-0.633035538,0.013108,0.533730,-1.210618272
010056,0.0972652366,-0.454481657,-0.465686118,1.717029446,-1.551265728,0.462130144,0.5308206939,-1.001973828,,,1.7931629948,1,1,1,1,1,1,1,1,0,0,1,9,0.1111111111,0.1252223539,0.013108,0.533730,0.2100585512
010058,,,1.3648644021,,,,,0.6208315229,,,,0,0,1,0,0,0,0,1,0,0,0,2,0.5,0.9928479625,0.013108,0.533730,1.835647426
010059,,,-0.035484796,,,,,-0.55939055,,,,0,0,1,0,0,0,0,1,0,0,0,2,0.5,-0.297437673,0.013108,0.533730,-0.581839972
010061,,0.6921237113,-0.483245355,1.0035013887,,0.0648785204,,0.7683592821,,,-1.625408793,0,1,1,1,0,1,0,1,0,0,1,6,0.1666666667,0.0700347923,0.013108,0.533730,0.1066587837
010062,,,0.6185968041,-0.933217624,,,,0.3257760046,,,,0,0,1,1,0,0,0,1,0,0,0,3,0.3333333333,0.0037183949,0.013108,0.533730,-0.017592041
010065,,1.8577598739,-0.017925559,0.6977036498,,-0.034434386,1.0383738259,0.7683592821,1.0884104365,-1.35347662,-0.257980078,0,1,1,1,0,1,1,1,1,1,1,9,0.1111111111,0.4207544917,0.013108,0.533730,0.7637694498
010069,,-1.077740176,0.9741713655,0.1880407518,,,,-2.034668142,,,,0,1,1,1,0,0,0,1,0,0,0,4,0.25,-0.48754905,0.013108,0.533730,-0.93803386
010073,,,0.2235139582,-0.015824407,,,,0.7683592821,,,,0,0,1,1,0,0,0,1,0,0,0,3,0.3333333333,0.3253496109,0.013108,0.533730,0.5850182565
010078,-1.710687541,-0.13095815,-0.935395723,-1.137082783,,2.8456398856,-2.006944966,-1.001973828,0.8693797215,0.627910307,-0.257980078,1,1,1,1,0,1,1,1,1,1,1,10,0.1,-0.283809316,0.013108,0.533730,-0.556305794
010079,,1.4105362034,-1.738730843,-2.054476,,-0.233060197,-0.48428557,-0.264335032,,,-2.309123151,0,1,1,1,0,1,1,1,0,0,1,7,0.1428571429,-0.81049637,0.013108,0.533730,-1.543110019
010083,1.4906555937,1.3201399295,0.0391419634,-1.137082783,,0.9586946735,-1.330207457,0.1782482455,,,0.0838771007,1,1,1,1,0,1,1,1,0,0,1,8,0.125,0.2004334083,0.013108,0.533730,0.3509744624
010085,,-0.035804178,0.1137687232,0.2899733314,,-0.729624727,-0.991838702,0.3257760046,,,0.7675914583,0,1,1,1,0,1,1,1,0,0,1,7,0.1428571429,-0.037165441,0.013108,0.533730,-0.094192258
010086,,1.0441934094,0.3947165248,0.9015688091,,1.6538850148,,2.5386923919,,,,0,1,1,1,0,1,0,1,0,0,0,5,0.2,1.30661123,0.013108,0.533730,2.4235162855
010087,,-3.27579694,-2.357693969,-0.627419885,,,,-0.116807273,0.2122875767,0.7444624792,0.4257342795,0,1,1,1,0,0,0,1,1,1,1,7,0.1428571429,-0.713604819,0.013108,0.533730,-1.36157339
010089,,-1.691483299,0.3332591932,0.6977036498,,-0.034434386,,0.4733037638,,,0.7675914583,0,1,1,1,0,1,0,1,0,0,1,6,0.1666666667,0.0909900635,0.013108,0.533730,0.1459207135
010090,-0.461242469,-0.040561877,-1.290970285,0.9015688091,0.1277735651,0.9586946735,0.3616363166,-0.411862791,,,0.7675914583,1,1,1,1,1,1,1,1,0,0,1,9,0.1111111111,0.1014030446,0.013108,0.533730,0.1654305414
010091,,,,-0.219689567,,,,,,,,0,0,0,1,0,0,0,0,0,0,0,1,1,-0.219689567,0.013108,0.533730,-0.436170624
010092,-1.204000138,-0.839855245,-1.295360094,0.5957710702,-0.112089191,-2.517257033,-1.330207457,-0.55939055,1.5994821047,0.8610146514,0.7675914583,1,1,1,1,1,1,1,1,1,1,1,11,0.0909090909,-0.366754584,0.013108,0.533730,-0.711712578
010095,,,,,,,,-0.116807273,,,,0,0,0,0,0,0,0,1,0,0,0,1,1,-0.116807273,0.013108,0.533730,-0.243409701
010097,,,-0.553482306,0.2899733314,,,,-0.411862791,,,,0,0,1,1,0,0,0,1,0,0,0,3,0.3333333333,-0.225123922,0.013108,0.533730,-0.446352466
010099,,-0.730428177,1.1058656475,-1.035150204,,,,0.3257760046,-1.539958143,0.1617016183,,0,1,1,1,0,0,0,1,1,1,0,6,0.1666666667,-0.285365542,0.013108,0.533730,-0.55922155
010100,1.3927728001,-0.188050534,-0.632498875,0.4938384906,0.7274304554,-1.12687635,0.8691894486,-1.887140383,,,0.4257342795,1,1,1,1,1,1,1,1,0,0,1,9,0.1111111111,0.0082665925,0.013108,0.533730,-0.009070509
010101,,-1.577298532,-2.353304159,-0.423554726,,,,-0.116807273,,,,0,1,1,1,0,0,0,1,0,0,0,4,0.25,-1.117741172,0.013108,0.533730,-2.118765841
010102,,,,,,,,,,,,0,0,0,0,0,0,0,0,0,0,0,0,,,0.013108,0.533730,
010103,-0.927625191,0.5398773554,-0.557872115,0.9015688091,-0.711746081,0.6607559558,0.0232675619,0.0307204863,,,-1.283551615,1,1,1,1,1,1,1,1,0,0,1,9,0.1111111111,-0.147178315,0.013108,0.533730,-0.300313079
010104,-0.121531596,-0.901705327,0.2498528146,-0.117756987,-2.270853996,-0.034434386,-0.145916815,-0.854446069,0.7233592449,1.0941189957,-1.283551615,1,1,1,1,1,1,1,1,1,1,1,11,0.0909090909,-0.332987794,0.013108,0.533730,-0.648446905
010108,,-0.668578095,-0.123280984,-0.627419885,,0.7600688617,,-1.297029346,,,,0,1,1,1,0,1,0,1,0,0,0,5,0.2,-0.39124789,0.013108,0.533730,-0.757603392
010110,,,,,,,,,,,,0,0,0,0,0,0,0,0,0,0,0,0,,,0.013108,0.533730,
010112,,-0.354569986,0.3771572872,-0.219689567,,,,0.9158870412,,,0.7675914583,0,1,1,1,0,0,0,1,0,0,1,5,0.2,0.2972752469,0.013108,0.533730,0.5324179489
010113,-1.935242185,-0.321266095,-0.07938289,0.391905911,-1.43133435,-1.226189256,0.5308206939,-0.116807273,1.4534616281,-0.654163587,0.4257342795,1,1,1,1,1,1,1,1,1,1,1,11,0.0909090909,-0.269314829,0.013108,0.533730,-0.529148832
010114,,-1.172894149,-1.39632571,-1.340947943,,0.6607559558,,0.4733037638,,,-0.257980078,0,1,1,1,0,1,0,1,0,0,1,6,0.1666666667,-0.50568136,0.013108,0.533730,-0.972006672
010118,,0.7063968072,-2.2786774,-0.015824407,,0.7600688617,,-1.001973828,,,,0,1,1,1,0,1,0,1,0,0,0,5,0.2,-0.366001993,0.013108,0.533730,-0.710302519
010120,,0.7682468893,0.0259725352,-1.544813102,,,,0.4733037638,,,,0,1,1,1,0,0,0,1,0,0,0,4,0.25,-0.069322478,0.013108,0.533730,-0.154441888
010125,,-0.716155081,-0.312042789,,,1.2566333912,,0.6208315229,,,,0,1,1,0,0,1,0,1,0,0,0,4,0.25,0.2123167611,0.013108,0.533730,0.3732391881
010126,,0.2639308353,0.363987859,1.0035013887,,,,-1.001973828,,,,0,1,1,1,0,0,0,1,0,0,0,4,0.25,0.1573615638,0.013108,0.533730,0.2702747798
010128,,-0.249900616,0.2059547206,,,,,0.4733037638,,,,0,1,1,0,0,0,0,1,0,0,0,3,0.3333333333,0.1431192895,0.013108,0.533730,0.2435903638
010129,,1.1869243681,-1.251462,0.1880407518,,,,-0.264335032,-0.225773853,-1.120372276,,0,1,1,1,0,0,0,1,1,1,0,6,0.1666666667,-0.247829674,0.013108,0.533730,-0.488894107
010130,,-0.78752056,-0.470075927,1.3092991276,,0.3628172381,,-0.411862791,,,,0,1,1,1,0,1,0,1,0,0,0,5,0.2,0.0005314174,0.013108,0.533730,-0.023563183
010131,0.3390933151,-1.605844723,-0.382279739,1.8189620256,,-0.233060197,0.1924519392,0.3257760046,,,1.4513058159,1,1,1,1,0,1,1,1,0,0,1,8,0.125,0.2383005551,0.013108,0.533730,0.4219225903
010138,,,,,,,,,,,,0,0,0,0,0,0,0,0,0,0,0,0,,,0.013108,0.533730,
010139,-0.67428149,-1.429809874,-3.125910614,-0.219689567,0.4875676993,0.462130144,,0.9158870412,,,0.4257342795,1,1,1,1,1,1,0,1,0,0,1,8,0.125,-0.394796548,0.013108,0.533730,-0.76425218
010144,-1.693414107,-1.72002949,-1.708002178,0.391905911,-0.471883325,-1.12687635,0.0232675619,0.3257760046,,,-0.599837257,1,1,1,1,1,1,1,1,0,0,1,9,0.1111111111,-0.731010359,0.013108,0.533730,-1.394184521
010148,,0.2163538491,0.7063929921,-1.137082783,,0.5614430499,,-1.887140383,,,,0,1,1,1,0,1,0,1,0,0,0,5,0.2,-0.308006655,0.013108,0.533730,-0.601642083
010149,,-0.768489766,-1.290970285,1.9208946053,,1.3559462971,,0.6208315229,,,1.1094486371,0,1,1,1,0,1,0,1,0,0,1,6,0.1666666667,0.4912768353,0.013108,0.533730,0.8959005626
01014F,0.6039526392,0.8634008617,-0.658837731,,,-0.530998915,-0.145916815,-0.116807273,,,,1,1,1,0,0,1,1,1,0,0,0,6,0.1666666667,0.0024654611,0.013108,0.533730,-0.019939546
010150,,0.5589081499,,0.0861081721,,,,0.3257760046,,,,0,1,0,1,0,0,0,1,0,0,0,3,0.3333333333,0.3235974422,0.013108,0.533730,0.5817353821
010157,,,,,,,,0.4733037638,,,0.7675914583,0,0,0,0,0,0,0,1,0,0,1,2,0.5,0.620447611,0.013108,0.533730,1.137915752
010158,,,-0.474465736,0.1880407518,,0.8593817676,-1.668576211,0.1782482455,,,-0.257980078,0,0,1,1,0,1,1,1,0,0,1,6,0.1666666667,-0.195891877,0.013108,0.533730,-0.39158312
010164,,-1.553510039,0.0259725352,-0.423554726,,0.7600688617,,-0.706918309,-0.152763615,0.7444624792,0.4257342795,0,1,1,1,0,1,0,1,1,1,1,8,0.125,-0.110063567,0.013108,0.533730,-0.230774651
010168,,,,0.4938384906,,,0.1924519392,0.7683592821,,,-0.257980078,0,0,0,1,0,0,1,1,0,0,1,4,0.25,0.2991674084,0.013108,0.533730,0.5359631149
010169,,-0.13095815,,0.2899733314,,0.462130144,,-0.706918309,,,,0,1,0,1,0,1,0,1,0,0,0,4,0.25,-0.021443246,0.013108,0.533730,-0.064735053
010173,,,1.0005102219,-0.321622146,,,,-0.264335032,,,,0,0,1,1,0,0,0,1,0,0,0,3,0.3333333333,0.1381843479,0.013108,0.533730,0.2343442257
010174,,,,-1.748678261,,,,-0.116807273,,,,0,0,0,1,0,0,0,1,0,0,0,2,0.5,-0.932742767,0.013108,0.533730,-1.772151648
010175,,,0.517631188,,,,,-0.116807273,,,,0,0,1,0,0,0,0,1,0,0,0,2,0.5,0.2004119576,0.013108,0.533730,0.3509342722
01019F,,1.3915054089,1.4526605901,,,1.5545721089,,1.8010535961,,,,0,1,1,0,0,1,0,1,0,0,0,4,0.25,1.549947926,0.013108,0.533730,2.8794334713
01021F,,,,,,,,,,,,0,0,0,0,0,0,0,0,0,0,0,0,,,0.013108,0.533730,
011300,,,,,,,,-0.116807273,,,,0,0,0,0,0,0,0,1,0,0,0,1,1,-0.116807273,0.013108,0.533730,-0.243409701
011302,,,,,,,,0.6208315229,,,,0,0,0,0,0,0,0,1,0,0,0,1,1,0.6208315229,0.013108,0.533730,1.1386350517
011304,,,,,,,,,,,,0,0,0,0,0,0,0,0,0,0,0,0,,,0.013108,0.533730,
011305,,-0.735185875,-1.628985608,-1.340947943,,,,-0.116807273,,,,0,1,1,1,0,0,0,1,0,0,0,4,0.25,-0.955481675,0.013108,0.533730,-1.814755411
011306,,,-0.487635165,0.2899733314,,,,0.1782482455,,,,0,0,1,1,0,0,0,1,0,0,0,3,0.3333333333,-0.006471196,0.013108,0.533730,-0.036683324
020001,-0.017890991,0.1259575752,-1.339258188,-1.239015363,1.2071559677,1.5545721089,-0.991838702,2.8337479102,-0.444804568,-0.654163587,0.4257342795,1,1,1,1,1,1,1,1,1,1,1,11,0.0909090909,0.1327451311,0.013108,0.533730,0.2241532745
020006,0.9206322658,0.2829616298,1.1980516449,-1.442880522,,1.2566333912,-2.345313721,1.2109425595,-0.006743138,-0.187954898,0.0838771007,1,1,1,1,0,1,1,1,1,1,1,10,0.1,0.0970206312,0.013108,0.533730,0.1572196237
020008,,0.254415438,0.5527496632,-0.831285044,,-0.530998915,0.5308206939,0.0307204863,0.7233592449,0.5113581348,-0.599837257,0,1,1,1,0,1,1,1,1,1,1,9,0.1111111111,0.0712558272,0.013108,0.533730,0.1089465224
020012,0.8515385291,2.0861294078,1.7336083916,-0.729352465,,0.2635043322,0.7000050712,1.2109425595,,,-0.257980078,1,1,1,1,0,1,1,1,0,0,1,8,0.125,0.7322994686,0.013108,0.533730,1.3474821057
020017,0.2009058417,-1.539236943,-2.173321974,0.6977036498,-0.232020569,-2.219318315,0.0232675619,0.7683592821,,,-5.727694939,1,1,1,1,1,1,1,1,0,0,1,9,0.1111111111,-1.133484045,0.013108,0.533730,-2.148261787
020018,,-1.120559464,1.4131523055,,,,,0.6208315229,,,,0,1,1,0,0,0,0,1,0,0,0,3,0.3333333333,0.3044747882,0.013108,0.533730,0.5459070554
020024,,-1.329898203,-1.773849319,1.3092991276,,-2.219318315,1.2075582032,-0.706918309,0.4313182916,-1.120372276,-0.599837257,0,1,1,1,0,1,1,1,1,1,1,9,0.1111111111,-0.533557562,0.013108,0.533730,-1.024235701
020026,,-1.044436286,-0.386669548,,,1.1573204853,0.0232675619,0.6208315229,-0.80985576,0.5113581348,,0,1,1,0,0,1,1,1,1,1,0,7,0.1428571429,0.0102594444,0.013108,0.533730,-0.005336689
021301,,,,,,,,,,,,0,0,0,0,0,0,0,0,0,0,0,0,,,0.013108,0.533730,
021302,,,,,,,,,,,,0,0,0,0,0,0,0,0,0,0,0,0,,,0.013108,0.533730,
021304,,,,,,,,-0.116807273,,,,0,0,0,0,0,0,0,1,0,0,0,1,1,-0.116807273,0.013108,0.533730,-0.243409701
021305,,,,,,,,0.3257760046,,,,0,0,0,0,0,0,0,1,0,0,0,1,1,0.3257760046,0.013108,0.533730,0.5858171505
021306,,,,,,,,-0.116807273,,,,0,0,0,0,0,0,0,1,0,0,0,1,1,-0.116807273,0.013108,0.533730,-0.243409701
021307,,,,,,,,,,,,0,0,0,0,0,0,0,0,0,0,0,0,,,0.013108,0.533730,
021308,,0.0498343973,,,,-0.431686009,,0.4733037638,,,,0,1,0,0,0,1,0,1,0,0,0,3,0.3333333333,0.0304840506,0.013108,0.533730,0.0325562618
021309,,,,,,,,-0.264335032,,,,0,0,0,0,0,0,0,1,0,0,0,1,1,-0.264335032,0.013108,0.533730,-0.519818652
021310,,,,,,,,,,,,0,0,0,0,0,0,0,0,0,0,0,0,,,0.013108,0.533730,
021311,,-0.535362533,2.176979141,,,,0.3616363166,0.1782482455,,,,0,1,1,0,0,0,1,1,0,0,0,4,0.25,0.5453752924,0.013108,0.533730,0.9972597769
021312,,,-1.290970285,,,-1.921379598,,-1.887140383,,,,0,0,1,0,0,1,0,1,0,0,0,3,0.3333333333,-1.699830088,0.013108,0.533730,-3.209371347
021313,,,-1.150496384,,,,,0.4733037638,-0.006743138,-0.537611415,,0,0,1,0,0,0,0,1,1,1,0,4,0.25,-0.305386793,0.013108,0.533730,-0.596733494
021314,,-0.37360078,-0.413008405,,,-0.729624727,,-0.264335032,,,,0,1,1,0,0,1,0,1,0,0,0,4,0.25,-0.445142236,0.013108,0.533730,-0.858580183
030002,1.611569633,-0.216596726,-1.997729598,1.2073665479,1.2071559677,0.9586946735,,-0.116807273,0.6503490066,0.8610146514,-0.941694436,1,1,1,1,1,1,0,1,1,1,1,10,0.1,0.3223322448,0.013108,0.533730,0.5793649001
030006,-1.319156366,-0.630516506,-0.527143449,0.0861081721,-0.112089191,0.5614430499,0.0232675619,0.7683592821,0.5043285299,0.627910307,0.7675914583,1,1,1,1,1,1,1,1,1,1,1,11,0.0909090909,0.0681911681,0.013108,0.533730,0.1032045577
030007,0.1951480303,1.2345013543,0.2718018616,0.2899733314,,1.6538850148,,1.5059980778,0.6503490066,0.3948059626,0.7675914583,1,1,1,1,0,1,0,1,1,1,1,9,0.1111111111,0.7737837886,0.013108,0.533730,1.4252073924
030010,1.2718587608,0.4827849719,-0.939785533,-0.117756987,-0.232020569,-0.530998915,,0.3257760046,,,0.0838771007,1,1,1,1,1,1,0,1,0,0,1,8,0.125,0.0429668543,0.013108,0.533730,0.0559441223
030011,1.0588197393,-0.383116177,0.1049891044,0.1880407518,,1.0580075794,0.5308206939,0.7683592821,,,0.0838771007,1,1,1,1,0,1,1,1,0,0,1,8,0.125,0.4262247593,0.013108,0.533730,0.7740185779
030012,-0.236687824,-0.768489766,-0.386669548,-0.831285044,-0.112089191,0.0648785204,1.2075582032,-0.854446069,0.4313182916,0.627910307,-0.599837257,1,1,1,1,1,1,1,1,1,1,1,11,0.0909090909,-0.132530852,0.013108,0.533730,-0.272869501
030013,-0.363359675,-1.229986532,0.0435317728,1.1054339683,0.6074990774,0.5614430499,-0.315101193,1.2109425595,0.3583080533,0.9775668235,0.4257342795,1,1,1,1,1,1,1,1,1,1,1,11,0.0909090909,0.3074556531,0.013108,0.533730,0.551492023
030014,0.5521323367,-0.211839027,0.2498528146,1.0035013887,,1.7531979207,0.7000050712,-0.411862791,-1.174906951,0.627910307,-0.257980078,1,1,1,1,0,1,1,1,1,1,1,10,0.1,0.2830010991,0.013108,0.533730,0.5056738147
030016,-0.271234693,-0.126200452,-2.326965303,0.2899733314,,-1.325502162,,-1.592084864,,,0.4257342795,1,1,1,1,0,1,0,1,0,0,1,7,0.1428571429,-0.703754266,0.013108,0.533730,-1.343117332
030022,,-0.835097547,-0.44812688,,,,,-0.55939055,,,,0,1,1,0,0,0,0,1,0,0,0,3,0.3333333333,-0.614204992,0.013108,0.533730,-1.175337241
030023,1.0588197393,0.6160005334,-0.206687363,0.391905911,-1.191471594,0.462130144,0.8691894486,0.4733037638,0.7233592449,0.0451494461,0.7675914583,1,1,1,1,1,1,1,1,1,1,1,11,0.0909090909,0.3644809757,0.013108,0.533730,0.6583350312
030024,0.454249543,0.1735345614,-0.342771454,-0.117756987,-1.071540215,-0.431686009,,0.3257760046,-0.006743138,0.3948059626,0.4257342795,1,1,1,1,1,1,0,1,1,1,1,10,0.1,-0.019639745,0.013108,0.533730,-0.061356002
030030,,0.8063084783,0.1532770078,-0.117756987,,0.0648785204,,0.4733037638,,,-0.941694436,0,1,1,1,0,1,0,1,0,0,1,6,0.1666666667,0.0730527246,0.013108,0.533730,0.1123132008
030036,0.3621245607,0.8919470535,0.2849712898,-1.035150204,-0.831677459,0.6607559558,,0.1782482455,0.9423899598,0.1617016183,0.7675914583,1,1,1,1,1,1,0,1,1,1,1,10,0.1,0.2382902479,0.013108,0.533730,0.4219032785
030037,,-1.696240997,,,,,,-0.854446069,,,-0.599837257,0,1,0,0,0,0,0,1,0,0,1,3,0.3333333333,-1.050174774,0.013108,0.533730,-1.992173006
030038,-0.063953482,-1.244259628,0.3815470966,-0.015824407,,0.0648785204,-0.145916815,-0.706918309,,,0.4257342795,1,1,1,1,0,1,1,1,0,0,1,8,0.125,-0.163089093,0.013108,0.533730,-0.330123615
030043,-0.397906543,-1.011132396,0.8073586083,0.2899733314,,-0.332373103,-0.653469947,-1.001973828,,,-2.309123151,1,1,1,1,0,1,1,1,0,0,1,8,0.125,-0.576080879,0.013108,0.533730,-1.103907659
030055,1.0300306823,0.1069267807,-0.426177833,0.6977036498,,1.5545721089,-1.161023079,0.9158870412,0.285297815,-1.586580964,0.7675914583,1,1,1,1,0,1,1,1,1,1,1,10,0.1,0.2184227659,0.013108,0.533730,0.3846794377
030061,0.1490855392,-0.673335793,-0.465686118,0.1880407518,-0.591814703,0.9586946735,0.5308206939,0.3257760046,,,-0.599837257,1,1,1,1,1,1,1,1,0,0,1,9,0.1111111111,-0.019806245,0.013108,0.533730,-0.061667958
030062,0.3275776923,0.5969697389,0.0654808198,0.1880407518,,1.455259203,,1.8010535961,0.2122875767,0.8610146514,0.0838771007,1,1,1,1,0,1,0,1,1,1,1,9,0.1111111111,0.6212845701,0.013108,0.533730,1.1394838837
030064,-0.71458617,-0.245142917,-0.167179078,-3.583464694,1.0872245896,-0.034434386,,0.9158870412,0.9423899598,-0.30450707,0.7675914583,1,1,1,1,1,1,0,1,1,1,1,10,0.1,-0.133622127,0.013108,0.533730,-0.274914119
030065,-0.069711294,-0.782762862,-1.17683524,-2.666071478,0.1277735651,0.6607559558,,-0.55939055,,,0.0838771007,1,1,1,1,1,1,0,1,0,0,1,8,0.125,-0.5477956,0.013108,0.533730,-1.050912181
030069,0.2872730126,-0.992101601,0.5044617598,1.8189620256,0.0078421871,0.2635043322,0.3616363166,0.4733037638,1.2344309131,0.1617016183,0.7675914583,1,1,1,1,1,1,1,1,1,1,1,11,0.0909090909,0.4444187078,0.013108,0.533730,0.808106876
030071,,0.3876309995,0.7897993707,,,,,-2.32972366,,,,0,1,1,0,0,0,0,1,0,0,0,3,0.3333333333,-0.384097763,0.013108,0.533730,-0.744206869
030073,,,0.078650248,,,,,0.0307204863,,,,0,0,1,0,0,0,0,1,0,0,0,2,0.5,0.0546853672,0.013108,0.533730,0.0779000028
030078,,,,,,,,-0.116807273,,,,0,0,0,0,0,0,0,1,0,0,0,1,1,-0.116807273,0.013108,0.533730,-0.243409701
030083,,-1.27280582,-1.194394478,,,0.8593817676,,1.2109425595,,,1.1094486371,0,1,1,0,0,1,0,1,0,0,1,5,0.2,0.1425145333,0.013108,0.533730,0.2424572888
030084,,0.7301853003,-1.053920577,,,,,-0.706918309,,,,0,1,1,0,0,0,0,1,0,0,0,3,0.3333333333,-0.343551195,0.013108,0.533730,-0.668238561
030085,0.7075932443,-0.012015685,-0.000366321,1.6150968664,-0.112089191,-1.325502162,,0.4733037638,0.285297815,0.7444624792,0.0838771007,1,1,1,1,1,1,0,1,1,1,1,10,0.1,0.245965791,0.013108,0.533730,0.4362842251
030087,0.8515385291,0.4494810816,-0.465686118,1.3092991276,-1.671197106,-0.828937633,-0.315101193,-0.854446069,-0.517814807,0.5113581348,0.0838771007,1,1,1,1,1,1,1,1,1,1,1,11,0.0909090909,-0.131602632,0.013108,0.533730,-0.27113038
030088,,-0.744701273,0.2059547206,-0.933217624,,1.5545721089,,1.3584703187,0.6503490066,0.3948059626,-0.257980078,0,1,1,1,0,1,0,1,1,1,1,8,0.125,0.2785316428,0.013108,0.533730,0.4972998128
030089,-0.513062771,0.6778506155,-0.338381645,1.1054339683,-0.351951947,-0.332373103,,0.7683592821,0.9423899598,-1.003820104,0.0838771007,1,1,1,1,1,1,0,1,1,1,1,10,0.1,0.1038321356,0.013108,0.533730,0.1699817018
030092,0.7306244899,-1.092013272,-0.013535749,0.2899733314,-0.591814703,0.1641914263,0.3616363166,0.0307204863,,,0.7675914583,1,1,1,1,1,1,1,1,0,0,1,9,0.1111111111,0.0719304204,0.013108,0.533730,0.1102104447
030093,-1.578257879,1.2725629433,-0.426177833,-0.321622146,,1.1573204853,0.7000050712,0.7683592821,0.0662671,-0.421059243,0.4257342795,1,1,1,1,0,1,1,1,1,1,1,10,0.1,0.1643132061,0.013108,0.533730,0.2832994211
030094,-0.449726846,-0.554393328,-0.935395723,0.7996362295,0.0078421871,-0.530998915,-0.145916815,1.2109425595,,,-0.257980078,1,1,1,1,1,1,1,1,0,0,1,9,0.1111111111,-0.095110081,0.013108,0.533730,-0.202757704
030101,-0.017890991,0.6255159306,1.1804924073,-1.544813102,,-0.431686009,,0.7683592821,,,-0.257980078,1,1,1,1,0,1,0,1,0,0,1,7,0.1428571429,0.0459996342,0.013108,0.533730,0.0616263582
030103,-0.749133038,0.0545920959,0.8029687989,-0.321622146,-0.351951947,1.0580075794,-0.48428557,-0.55939055,2.1835640112,1.6768798566,0.7675914583,1,1,1,1,1,1,1,1,1,1,1,11,0.0909090909,0.3706564135,0.013108,0.533730,0.6699053708
030105,-0.415179977,0.2686885339,1.8389638172,,-2.870510886,,,0.3257760046,,,-0.941694436,1,1,1,0,1,0,0,1,0,0,1,6,0.1666666667,-0.298992824,0.013108,0.533730,-0.584753712
030107,,,,,,,2.5610332219,1.653525837,,,-3.334694688,0,0,0,0,0,0,1,1,0,0,1,3,0.3333333333,0.2932881238,0.013108,0.533730,0.5249476497
030108,,,,,,,-0.315101193,0.1782482455,,,0.7675914583,0,0,0,0,0,0,1,1,0,0,1,3,0.3333333333,0.2102461703,0.013108,0.533730,0.369359716
030110,1.1567025329,0.6112428347,-0.404228786,0.4938384906,,0.2635043322,,0.6208315229,,,0.0838771007,1,1,1,1,0,1,0,1,0,0,1,7,0.1428571429,0.4036811469,0.013108,0.533730,0.7317807219
030111,,0.3638425064,0.0479215822,1.1054339683,,,,0.6208315229,,,-0.599837257,0,1,1,1,0,0,0,1,0,0,1,5,0.2,0.3076384646,0.013108,0.533730,0.5518345397
030112,,,,,,,-4.544710626,-0.264335032,,,-4.018409045,0,0,0,0,0,0,1,1,0,0,1,3,0.3333333333,-2.942484901,0.013108,0.533730,-5.537617331
030113,,,0.1576668172,,,,,0.0307204863,,,,0,0,1,0,0,0,0,1,0,0,0,2,0.5,0.0941936518,0.013108,0.533730,0.1519229769
030114,-0.01213318,0.1259575752,0.7459012767,0.7996362295,,1.1573204853,0.7000050712,0.4733037638,,,0.4257342795,1,1,1,1,0,1,1,1,0,0,1,8,0.125,0.5519656877,0.013108,0.533730,1.0096075835
030115,0.4715229772,-0.768489766,-1.646544846,-0.321622146,0.1277735651,-0.133747291,,0.1782482455,,,1.1094486371,1,1,1,1,1,1,0,1,0,0,1,8,0.125,-0.122926328,0.013108,0.533730,-0.254874402
030117,,-0.673335793,0.6361560417,-1.239015363,,0.5614430499,,-0.116807273,,,0.0838771007,0,1,1,1,0,1,0,1,0,0,1,6,0.1666666667,-0.124613706,0.013108,0.533730,-0.258035885
030119,1.0876087962,0.3590848077,0.7151726109,-1.340947943,,0.462130144,1.0383738259,1.0634148004,0.8693797215,0.5113581348,0.0838771007,1,1,1,1,0,1,1,1,1,1,1,10,0.1,0.4849452,0.013108,0.533730,0.8840375702
030121,1.4848977823,0.0545920959,0.5659190914,-1.239015363,,0.5614430499,-0.991838702,1.0634148004,,,-2.65098033,1,1,1,1,0,1,1,1,0,0,1,8,0.125,-0.143945947,0.013108,0.533730,-0.294256894
030122,,1.377232313,0.8205280365,-0.525487306,,0.1641914263,,0.4733037638,0.6503490066,-0.071402726,0.4257342795,0,1,1,1,0,1,0,1,1,1,1,8,0.125,0.4143060992,0.013108,0.533730,0.7516877005
030123,-0.150320653,-0.34029689,0.2366833864,0.6977036498,,0.5614430499,-1.161023079,0.3257760046,,,-0.257980078,1,1,1,1,0,1,1,1,0,0,1,8,0.125,-0.011001826,0.013108,0.533730,-0.045171942
03012F,0.1087808594,1.4057785047,-0.474465736,,,1.9518237325,-0.653469947,2.5386923919,,,,1,1,1,0,0,1,1,1,0,0,0,6,0.1666666667,0.8128566341,0.013108,0.533730,1.498414525
030130,,0.3733579036,-1.040751149,-0.117756987,,-1.524127974,,0.7683592821,,,0.0838771007,0,1,1,1,0,1,0,1,0,0,1,6,0.1666666667,-0.242840304,0.013108,0.533730,-0.479545992
030131,,,,,,,2.7302175992,3.2763311877,,,-17.35083902,0,0,0,0,0,0,1,1,0,0,1,3,0.3333333333,-3.781430077,0.013108,0.533730,-7.109470365
030134,,0.4352079857,0.5264108068,,,,,1.2109425595,,,,0,1,1,0,0,0,0,1,0,0,0,3,0.3333333333,0.7241871173,0.013108,0.533730,1.3322827527
030136,,,,,,,,,,,,0,0,0,0,0,0,0,0,0,0,0,0,,,0.013108,0.533730,
030138,,,,0.1880407518,,,,-0.706918309,1.2344309131,2.4927450619,0.0838771007,0,0,0,1,0,0,0,1,1,1,1,5,0.2,0.6584351036,0.013108,0.533730,1.2090893603
030139,,0.8634008617,0.7151726109,,,-0.034434386,,1.0634148004,,,0.0838771007,0,1,1,0,0,1,0,1,0,0,1,5,0.2,0.5382861976,0.013108,0.533730,0.9839776037
03013F,0.1260542936,0.1687768628,0.4166655718,,,0.2635043322,-0.315101193,-0.116807273,,,,1,1,1,0,0,1,1,1,0,0,0,6,0.1666666667,0.0905154325,0.013108,0.533730,0.1450314417
030146,,-0.549635629,1.0180694595,,,,-0.822654325,-0.264335032,,,-0.257980078,0,1,1,0,0,0,1,1,0,0,1,5,0.2,-0.175307121,0.013108,0.533730,-0.35301539
030147,,-1.715271792,0.1093789138,-0.627419885,,-1.62344088,,-1.297029346,,,-0.257980078,0,1,1,1,0,1,0,1,0,0,1,6,0.1666666667,-0.901960511,0.013108,0.533730,-1.714477817
030148,,0.7397006976,-0.729074682,-1.137082783,,0.2635043322,,-0.411862791,,,-0.599837257,0,1,1,1,0,1,0,1,0,0,1,6,0.1666666667,-0.312442081,0.013108,0.533730,-0.609952325
030152,,,,,,,,,,,,0,0,0,0,0,0,0,0,0,0,0,0,,,0.013108,0.533730,
030153,,,,,,,,,,,,0,0,0,0,0,0,0,0,0,0,0,0,,,0.013108,0.533730,
030154,,,,,,,,,,,,0,0,0,0,0,0,0,0,0,0,0,0,,,0.013108,0.533730,
03033F,,1.0346780122,1.4307115431,,,0.9586946735,,0.4733037638,,,,0,1,1,0,0,1,0,1,0,0,0,4,0.25,0.9743469981,0.013108,0.533730,1.8009839011
031300,,,0.1708362454,,,,,-0.411862791,,,,0,0,1,0,0,0,0,1,0,0,0,2,0.5,-0.120513273,0.013108,0.533730,-0.250353287
031301,,,,,,,,0.1782482455,,,,0,0,0,0,0,0,0,1,0,0,0,1,1,0.1782482455,0.013108,0.533730,0.3094081998
031302,,,,0.2899733314,,,,0.0307204863,,,,0,0,0,1,0,0,0,1,0,0,0,2,0.5,0.1603469088,0.013108,0.533730,0.2758681414
031304,,,,,,,,0.0307204863,,,,0,0,0,0,0,0,0,1,0,0,0,1,1,0.0307204863,0.013108,0.533730,0.0329992492
031305,,,,,,,,-0.116807273,,,,0,0,0,0,0,0,0,1,0,0,0,1,1,-0.116807273,0.013108,0.533730,-0.243409701
031308,,,,,,,,,,,,0,0,0,0,0,0,0,0,0,0,0,0,,,0.013108,0.533730,
031309,,,0.4034961436,,,,,-0.706918309,,,,0,0,1,0,0,0,0,1,0,0,0,2,0.5,-0.151711083,0.013108,0.533730,-0.308805703
031311,,,-2.902030334,0.2899733314,,,,-0.411862791,,,,0,0,1,1,0,0,0,1,0,0,0,3,0.3333333333,-1.007973265,0.013108,0.533730,-1.913103988
031312,,,,,,,,0.0307204863,,,,0,0,0,0,0,0,0,1,0,0,0,1,1,0.0307204863,0.013108,0.533730,0.0329992492
031313,,,,,,,,,,,,0,0,0,0,0,0,0,0,0,0,0,0,,,0.013108,0.533730,
031314,-0.288508127,-1.006374697,0.9829509843,0.0861081721,,0.9586946735,,-0.55939055,0.7233592449,0.5113581348,0.0838771007,1,1,1,1,0,1,0,1,1,1,1,9,0.1111111111,0.165786104,0.013108,0.533730,0.2860590522
031315,,,0.0962094856,-0.117756987,,,,0.0307204863,,,,0,0,1,1,0,0,0,1,0,0,0,3,0.3333333333,0.0030576616,0.013108,0.533730,-0.018829996
031317,,,-0.439347261,,,,,0.0307204863,,,,0,0,1,0,0,0,0,1,0,0,0,2,0.5,-0.204313387,0.013108,0.533730,-0.407361716
031318,,0.7016391086,0.0084132976,0.9015688091,,0.8593817676,,0.7683592821,,,-0.257980078,0,1,1,1,0,1,0,1,0,0,1,6,0.1666666667,0.4968970311,0.013108,0.533730,0.9064305973
031319,,,,,,,0.0232675619,0.7683592821,,,0.4257342795,0,0,0,0,0,0,1,1,0,0,1,3,0.3333333333,0.4057870412,0.013108,0.533730,0.7357263389
031320,,,,,,,,,,,,0,0,0,0,0,0,0,0,0,0,0,0,,,0.013108,0.533730,
040001,,1.339170724,-0.333991836,0.2899733314,,,,-0.706918309,,,-0.257980078,0,1,1,1,0,0,0,1,0,0,1,5,0.2,0.0660507664,0.013108,0.533730,0.0991942874
040002,,1.1345896832,1.0180694595,0.0861081721,,-0.530998915,,-2.182195901,,,-0.257980078,0,1,1,1,0,1,0,1,0,0,1,6,0.1666666667,-0.12206793,0.013108,0.533730,-0.253266102
040004,1.8188508431,1.6436634359,0.7107828015,-2.156408579,1.2071559677,2.448388262,0.8691894486,2.5386923919,0.3583080533,0.1617016183,-0.257980078,1,1,1,1,1,1,1,1,1,1,1,11,0.0909090909,0.849304015,0.013108,0.533730,1.5667025702
040007,-0.098500351,0.2734462325,-0.865158773,-0.831285044,1.2071559677,-0.233060197,,-0.854446069,-0.152763615,0.3948059626,0.7675914583,1,1,1,1,1,1,0,1,1,1,1,10,0.1,-0.039221443,0.013108,0.533730,-0.098044395
040010,0.8227494721,1.3819900116,0.6405458511,-1.239015363,0.3676363213,1.2566333912,,1.3584703187,,,0.7675914583,1,1,1,1,1,1,0,1,0,0,1,8,0.125,0.6695751827,0.013108,0.533730,1.2299614836
040011,,0.5684235471,0.3376490026,0.6977036498,,-0.729624727,,0.0307204863,,,,0,1,1,1,0,1,0,1,0,0,0,5,0.2,0.1809743918,0.013108,0.533730,0.314515925
040014,0.9724525684,0.2449000408,-0.720295063,0.1880407518,,-1.921379598,0.0232675619,-0.55939055,0.7233592449,1.3272233401,0.4257342795,1,1,1,1,0,1,1,1,1,1,1,10,0.1,0.0703912577,0.013108,0.533730,0.1073266595
040015,,-1.16813645,-0.707125635,0.2899733314,,,,-1.001973828,,,0.4257342795,0,1,1,1,0,0,0,1,0,0,1,5,0.2,-0.43230566,0.013108,0.533730,-0.834529493
040016,-2.015851545,-0.954040012,-0.851989345,0.5957710702,,-0.133747291,0.5308206939,0.4733037638,-1.174906951,0.1617016183,1.1094486371,1,1,1,1,0,1,1,1,1,1,1,10,0.1,-0.225948936,0.013108,0.533730,-0.447898218
040017,,1.5627825593,0.8732057493,0.6977036498,,0.5614430499,0.0232675619,0.3257760046,0.2122875767,-1.470028792,1.1094486371,0,1,1,1,0,1,1,1,1,1,1,9,0.1111111111,0.4328762218,0.013108,0.533730,0.7864808006
040018,,,,,,,,,,,,0,0,0,0,0,0,0,0,0,0,0,0,,,0.013108,0.533730,
040019,,,0.495682141,1.0035013887,,-0.332373103,,0.0307204863,,,-0.599837257,0,0,1,1,0,1,0,1,0,0,1,5,0.2,0.1195387312,0.013108,0.533730,0.1994096793
040020,-0.685797113,-1.215713436,-0.505194402,-1.544813102,-0.831677459,-1.12687635,,-2.182195901,-2.051029811,-1.236924448,0.4257342795,1,1,1,1,1,1,0,1,1,1,1,10,0.1,-1.095448774,0.013108,0.533730,-2.076998661
040022,0.4427339202,0.5541504513,1.9882173368,-0.627419885,,0.8593817676,,0.7683592821,,,-0.941694436,1,1,1,1,0,1,0,1,0,0,1,7,0.1428571429,0.4348183481,0.013108,0.533730,0.7901195809
040026,0.8285072835,-0.073865767,0.254242624,-0.117756987,-0.232020569,-1.226189256,1.0383738259,-0.55939055,0.4313182916,0.8610146514,0.0838771007,1,1,1,1,1,1,1,1,1,1,1,11,0.0909090909,0.1171009679,0.013108,0.533730,0.1948422706
040027,-0.605187753,0.8776739576,0.3288693838,-2.666071478,-3.110373643,-2.517257033,-0.315101193,-2.034668142,-0.298784092,-1.003820104,0.4257342795,1,1,1,1,1,1,1,1,1,1,1,11,0.0909090909,-0.992635074,0.013108,0.533730,-1.884366257
040029,-0.576398696,0.5208465609,-0.821260679,0.1880407518,,-0.233060197,-0.145916815,-0.411862791,0.0662671,0.0451494461,0.4257342795,1,1,1,1,0,1,1,1,1,1,1,10,0.1,-0.094246104,0.013108,0.533730,-0.201138952
040036,-0.25971907,-0.383116177,0.0040234882,-0.015824407,0.2477049432,0.6607559558,-0.145916815,-1.149501587,,,0.0838771007,1,1,1,1,1,1,1,1,0,0,1,9,0.1111111111,-0.106412952,0.013108,0.533730,-0.223934836
040039,,-1.819941161,0.1971751018,-1.035150204,,-0.034434386,,0.7683592821,1.0154001981,-1.003820104,0.7675914583,0,1,1,1,0,1,0,1,1,1,1,8,0.125,-0.143102477,0.013108,0.533730,-0.292676563
040041,0.5636479595,0.0260459041,0.9785611749,0.5957710702,,0.6607559558,0.1924519392,0.4733037638,,,1.1094486371,1,1,1,1,0,1,1,1,0,0,1,8,0.125,0.5749983006,0.013108,0.533730,1.052761634
040050,,0.3448117119,-1.69044294,0.0861081721,,,,-0.116807273,,,,0,1,1,1,0,0,0,1,0,0,0,4,0.25,-0.344082582,0.013108,0.533730,-0.669234171
040051,,0.1402306711,-0.272534504,0.391905911,,-1.325502162,,-0.854446069,,,0.0838771007,0,1,1,1,0,1,0,1,0,0,1,6,0.1666666667,-0.306078175,0.013108,0.533730,-0.598028872
040055,-0.236687824,-0.540120232,0.2630222428,-0.423554726,-0.232020569,-0.332373103,,-1.001973828,0.5043285299,0.8610146514,0.4257342795,1,1,1,1,1,1,0,1,1,1,1,10,0.1,-0.071263058,0.013108,0.533730,-0.15807777
040062,0.5233432797,0.3162655201,0.3903267154,1.0035013887,-0.471883325,-0.530998915,1.7151113352,-0.706918309,-0.444804568,-0.071402726,0.7675914583,1,1,1,1,1,1,1,1,1,1,1,11,0.0909090909,0.226375623,0.013108,0.533730,0.3995799615
040067,,-0.221354424,-0.66761735,0.0861081721,,,,-0.264335032,,,0.0838771007,0,1,1,1,0,0,0,1,0,0,1,5,0.2,-0.196664307,0.013108,0.533730,-0.393030349
040069,,-0.901705327,-1.883594554,-0.117756987,,0.7600688617,,-0.706918309,,,,0,1,1,1,0,1,0,1,0,0,0,5,0.2,-0.569981263,0.013108,0.533730,-1.09247938
040071,-1.797054712,-1.867518148,-2.05918693,0.6977036498,,0.8593817676,0.7000050712,-0.854446069,-1.028886475,-0.071402726,0.7675914583,1,1,1,1,0,1,1,1,1,1,1,10,0.1,-0.465381311,0.013108,0.533730,-0.896500243
040072,,0.8491277659,0.473733094,-0.015824407,,0.2635043322,,-0.411862791,,,0.7675914583,0,1,1,1,0,1,0,1,0,0,1,6,0.1666666667,0.3210449086,0.013108,0.533730,0.5769529388
040076,,,0.8732057493,,,,,-0.55939055,,,,0,0,1,0,0,0,0,1,0,0,0,2,0.5,0.1569075995,0.013108,0.533730,0.2694242295
040078,-1.3364298,-0.278446808,-0.988073436,-1.850610841,0.2477049432,-0.034434386,-1.499391834,-0.55939055,,,-0.257980078,1,1,1,1,1,1,1,1,0,0,1,9,0.1111111111,-0.728561421,0.013108,0.533730,-1.389596176
040084,0.3390933151,0.3781156022,-0.175958697,-2.054476,,0.0648785204,-0.822654325,-1.887140383,,,0.0838771007,1,1,1,1,0,1,1,1,0,0,1,8,0.125,-0.509283108,0.013108,0.533730,-0.97875493
040088,1.7036946153,1.0679819025,1.1014758381,0.0861081721,,0.7600688617,-0.315101193,0.9158870412,,,-0.599837257,1,1,1,1,0,1,1,1,0,0,1,8,0.125,0.5900347477,0.013108,0.533730,1.0809340171
04009F,,2.7664803108,1.8389638172,,,2.0511366384,,1.9485813553,,,,0,1,1,0,0,1,0,1,0,0,0,4,0.25,2.1512905304,0.013108,0.533730,4.006112811
04010F,-0.703070547,-0.563908725,-1.580697705,,,-1.12687635,,-2.182195901,,,,1,1,1,0,0,1,0,1,0,0,0,5,0.2,-1.231349846,0.013108,0.533730,-2.331623776
040114,-0.040922237,-1.06346708,-0.847599535,0.7996362295,0.9672932116,1.3559462971,-0.315101193,-0.116807273,,,0.7675914583,1,1,1,1,1,1,1,1,0,0,1,9,0.1111111111,0.1673966531,0.013108,0.533730,0.2890765872
040118,0.3448511265,-0.820824451,-1.466562661,-1.239015363,0.2477049432,-0.928250539,-0.145916815,-1.444557105,-0.298784092,0.0451494461,0.0838771007,1,1,1,1,1,1,1,1,1,1,1,11,0.0909090909,-0.511120764,0.013108,0.533730,-0.982197975
040119,1.0645775507,0.0974113835,-0.140840222,1.0035013887,,1.2566333912,2.3918488446,-1.149501587,-0.225773853,-2.052789653,-0.599837257,1,1,1,1,0,1,1,1,1,1,1,10,0.1,0.1645229986,0.013108,0.533730,0.2836924898
040132,,,,,,,,,,,,0,0,0,0,0,0,0,0,0,0,0,0,,,0.013108,0.533730,
040134,-0.495789337,-0.245142917,-0.505194402,-0.627419885,-0.471883325,-0.133747291,,0.7683592821,,,-0.941694436,1,1,1,1,1,1,0,1,0,0,1,8,0.125,-0.331564039,0.013108,0.533730,-0.645779348
040137,,0.6445467251,-0.900277248,0.7996362295,,,,0.9158870412,,,-0.257980078,0,1,1,1,0,0,0,1,0,0,1,5,0.2,0.2403625339,0.013108,0.533730,0.4257859269
040147,,,,,,,2.5610332219,3.4238589468,,,-2.309123151,0,0,0,0,0,0,1,1,0,0,1,3,0.3333333333,1.2252563392,0.013108,0.533730,2.2710892431
040153,,-0.164262041,1.1102554569,,,,,0.0307204863,,,,0,1,1,0,0,0,0,1,0,0,0,3,0.3333333333,0.3255713008,0.013108,0.533730,0.5854336161
040154,0.425460486,-2.0340376,-0.531533259,-0.321622146,,-0.332373103,0.5308206939,-0.55939055,,,-0.257980078,1,1,1,1,0,1,1,1,0,0,1,8,0.125,-0.385081945,0.013108,0.533730,-0.746050838
040156,,-0.245142917,0.517631188,0.4938384906,,,,-0.55939055,,,,0,1,1,1,0,0,0,1,0,0,0,4,0.25,0.0517340527,0.013108,0.533730,0.0723704013
040161,,-1.234744231,-0.439347261,1.2073665479,,-0.233060197,,0.3257760046,,,-0.257980078,0,1,1,1,0,1,0,1,0,0,1,6,0.1666666667,-0.105331536,0.013108,0.533730,-0.221908687
040164,,,,,,,,,,,,0,0,0,0,0,0,0,0,0,0,0,0,,,0.013108,0.533730,
041300,,1.0251626149,0.2498528146,,,,,0.1782482455,,,,0,1,1,0,0,0,0,1,0,0,0,3,0.3333333333,0.484421225,0.013108,0.533730,0.8830558474
041302,,,1.0663573629,,,,,-0.55939055,,,,0,0,1,0,0,0,0,1,0,0,0,2,0.5,0.2534834063,0.013108,0.533730,0.4503692771
041303,,,,,,,,1.0634148004,,,,0,0,0,0,0,0,0,1,0,0,0,1,1,1.0634148004,0.013108,0.533730,1.9678619036
041305,,,0.2454630052,,,,,-0.55939055,,,,0,0,1,0,0,0,0,1,0,0,0,2,0.5,-0.156963773,0.013108,0.533730,-0.318647175
041306,,,,-0.219689567,,,,-0.854446069,,,,0,0,0,1,0,0,0,1,0,0,0,2,0.5,-0.537067818,0.013108,0.533730,-1.030812539
041307,,-1.415536779,-0.254975266,0.2899733314,,-0.530998915,,-1.001973828,,,,0,1,1,1,0,1,0,1,0,0,0,5,0.2,-0.582702291,0.013108,0.533730,-1.11631358
041308,,,,,,,,-0.116807273,,,,0,0,0,0,0,0,0,1,0,0,0,1,1,-0.116807273,0.013108,0.533730,-0.243409701
041309,,,,,,,,-0.411862791,,,,0,0,0,0,0,0,0,1,0,0,0,1,1,-0.411862791,0.013108,0.533730,-0.796227603
041310,,,,0.0861081721,,,-0.653469947,-0.264335032,,,0.7675914583,0,0,0,1,0,0,1,1,0,0,1,4,0.25,-0.016026337,0.013108,0.533730,-0.054585898
041311,,0.4732695747,0.7459012767,-0.117756987,,,,0.7683592821,,,,0,1,1,1,0,0,0,1,0,0,0,4,0.25,0.4674432866,0.013108,0.533730,0.8512458737
041312,,1.2582898474,-1.918713029,0.9015688091,,,,-0.411862791,,,1.1094486371,0,1,1,1,0,0,0,1,0,0,1,5,0.2,0.1877462947,0.013108,0.533730,0.3272038056
041313,,,0.1927852924,0.4938384906,,,,0.3257760046,,,0.0838771007,0,0,1,1,0,0,0,1,0,0,1,4,0.25,0.2740692221,0.013108,0.533730,0.4889389928
041317,,,,,,,,0.0307204863,,,,0,0,0,0,0,0,0,1,0,0,0,1,1,0.0307204863,0.013108,0.533730,0.0329992492
041318,,1.3867477102,0.2718018616,,,,,-0.55939055,,,,0,1,1,0,0,0,0,1,0,0,0,3,0.3333333333,0.3663863405,0.013108,0.533730,0.6619049349
041320,,,,,,,,,,,,0,0,0,0,0,0,0,0,0,0,0,0,,,0.013108,0.533730,
041321,,,0.7327318485,-0.219689567,,,,0.3257760046,,,,0,0,1,1,0,0,0,1,0,0,0,3,0.3333333333,0.2796060955,0.013108,0.533730,0.4993129142
041322,,-1.877033545,-0.751023729,,,,,0.3257760046,,,,0,1,1,0,0,0,0,1,0,0,0,3,0.3333333333,-0.76742709,0.013108,0.533730,-1.46241514
041323,,0.9918587246,-2.138203499,,,0.1641914263,,-0.116807273,,,,0,1,1,0,0,1,0,1,0,0,0,4,0.25,-0.274740155,0.013108,0.533730,-0.539313757
041324,,,0.7195624203,-0.729352465,,,,-0.411862791,,,,0,0,1,1,0,0,0,1,0,0,0,3,0.3333333333,-0.140550945,0.013108,0.533730,-0.287895997
041326,,,0.5439700444,,,,,-0.116807273,,,,0,0,1,0,0,0,0,1,0,0,0,2,0.5,0.2135813858,0.013108,0.533730,0.3756085969
041327,,,-0.685176588,0.1880407518,,,,-1.001973828,,,,0,0,1,1,0,0,0,1,0,0,0,3,0.3333333333,-0.499703221,0.013108,0.533730,-0.960805993
041328,,-0.411662369,0.1752260548,,,,,-0.264335032,,,,0,1,1,0,0,0,0,1,0,0,0,3,0.3333333333,-0.166923782,0.013108,0.533730,-0.337308313
041329,,,1.2902376423,-0.423554726,,,,-0.411862791,,,,0,0,1,1,0,0,0,1,0,0,0,3,0.3333333333,0.1516067084,0.013108,0.533730,0.259492446
041330,,-0.092896561,0.9478325091,,,-0.431686009,,-0.55939055,,,,0,1,1,0,0,1,0,1,0,0,0,4,0.25,-0.034035153,0.013108,0.533730,-0.08832733
041331,,,,,,,,-0.411862791,,,,0,0,0,0,0,0,0,1,0,0,0,1,1,-0.411862791,0.013108,0.533730,-0.796227603
041332,,,0.3288693838,,,,,-1.592084864,,,,0,0,1,0,0,0,0,1,0,0,0,2,0.5,-0.63160774,0.013108,0.533730,-1.207943141
050002,-0.05243786,-0.226112123,-0.127670794,,,-2.020692504,-1.330207457,-2.034668142,,,,1,1,1,0,0,1,1,1,0,0,0,6,0.1666666667,-0.965298146,0.013108,0.533730,-1.833147615
050006,1.5655071419,0.4256925885,-0.509584212,-0.015824407,-0.232020569,-0.431686009,0.7000050712,2.5386923919,0.285297815,-1.120372276,-0.599837257,1,1,1,1,1,1,1,1,1,1,1,11,0.0909090909,0.236897298,0.013108,0.533730,0.4192934389
050007,0.4887964114,0.6826083141,0.1313279608,1.2073665479,-0.591814703,1.0580075794,1.2075582032,0.9158870412,1.1614206748,0.1617016183,1.1094486371,1,1,1,1,1,1,1,1,1,1,1,11,0.0909090909,0.6847552986,0.013108,0.533730,1.2584030457
050008,,-1.020647793,-0.7378543,,,,0.8691894486,-0.264335032,,,0.4257342795,0,1,1,0,0,0,1,1,0,0,1,5,0.2,-0.145582679,0.013108,0.533730,-0.297323487
050009,-2.28646868,0.9300086425,1.7423880104,0.9015688091,-2.150922618,1.0580075794,,0.4733037638,1.2344309131,0.0451494461,-0.257980078,1,1,1,1,1,1,0,1,1,1,1,10,0.1,0.1689485788,0.013108,0.533730,0.2919842851
050013,0.2354527101,0.2496577394,0.8336974647,-0.423554726,0.0078421871,0.0648785204,0.5308206939,-0.116807273,0.5773387682,-0.187954898,1.4513058159,1,1,1,1,1,1,1,1,1,1,1,11,0.0909090909,0.2929706366,0.013108,0.533730,0.5243528037
050014,,-0.492543246,0.6932235639,-0.423554726,,0.9586946735,-0.653469947,-0.116807273,0.5043285299,-1.35347662,-0.257980078,0,1,1,1,0,1,1,1,1,1,1,9,0.1111111111,-0.126842791,0.013108,0.533730,-0.262212313
050017,-0.202140956,-0.906463026,-1.207563906,-0.321622146,-0.471883325,-0.431686009,0.1924519392,-0.55939055,,,-0.257980078,1,1,1,1,1,1,1,1,0,0,1,9,0.1111111111,-0.462919784,0.013108,0.533730,-0.891888311
050022,-0.127289408,-1.025405491,-1.699222559,1.2073665479,-0.591814703,-1.424815068,-1.161023079,-0.55939055,,,0.4257342795,1,1,1,1,1,1,1,1,0,0,1,9,0.1111111111,-0.550651115,0.013108,0.533730,-1.056262291
050024,,0.7111545058,0.2718018616,,,-1.027563445,,-1.001973828,,,,0,1,1,0,0,1,0,1,0,0,0,4,0.25,-0.261645226,0.013108,0.533730,-0.514779015
050025,0.7594135468,-0.801793656,-1.128547337,1.4112317072,0.3676363213,-1.325502162,-0.822654325,1.2109425595,-2.416081003,0.7444624792,1.1094486371,1,1,1,1,1,1,1,1,1,1,1,11,0.0909090909,-0.081040294,0.013108,0.533730,-0.176396461
050026,-0.524578394,0.3067501229,-0.966124389,-1.544813102,-1.071540215,-0.332373103,-0.315101193,0.4733037638,,,0.7675914583,1,1,1,1,1,1,1,1,0,0,1,9,0.1111111111,-0.356320561,0.013108,0.533730,-0.692163326
050028,,-0.345054588,0.1927852924,-0.627419885,,0.5614430499,,0.1782482455,,,0.0838771007,0,1,1,1,0,1,0,1,0,0,1,6,0.1666666667,0.0073132025,0.013108,0.533730,-0.010856787
050030,-1.894937505,-2.714388503,-1.571918086,0.5957710702,,-5.099392586,-0.48428557,-6.608028676,-4.387357437,1.6768798566,0.4257342795,1,1,1,1,0,1,1,1,1,1,1,10,0.1,-2.006192316,0.013108,0.533730,-3.78337357
050036,0.2699995784,-0.069108068,-0.290093742,-0.015824407,,-1.12687635,0.5308206939,-0.706918309,-2.197050288,1.0941189957,0.7675914583,1,1,1,1,0,1,1,1,1,1,1,10,0.1,-0.174334044,0.013108,0.533730,-0.351192227
050038,-0.743375227,-0.364085383,0.4693432846,0.391905911,-1.071540215,-0.332373103,-1.499391834,-0.854446069,-0.152763615,-0.887267931,0.0838771007,1,1,1,1,1,1,1,1,1,1,1,11,0.0909090909,-0.450919735,0.013108,0.533730,-0.869404941
050039,-0.035164425,0.002257411,-0.790532013,-3.991195013,0.4875676993,-1.226189256,0.3616363166,-1.592084864,-1.028886475,0.0451494461,-0.941694436,1,1,1,1,1,1,1,1,1,1,1,11,0.0909090909,-0.791739601,0.013108,0.533730,-1.507967217
050040,,0.7872776838,-0.132060603,,,,,-1.592084864,-1.101896713,-0.654163587,,0,1,1,0,0,0,0,1,1,1,0,5,0.2,-0.538585617,0.013108,0.533730,-1.033656297
050042,,0.5779389444,0.6537152793,0.5957710702,,0.6607559558,,0.7683592821,-0.955876236,0.3948059626,0.7675914583,0,1,1,1,0,1,0,1,1,1,1,8,0.125,0.4328827145,0.013108,0.533730,0.7864929654
050043,1.1854915899,1.3344130254,-0.145230031,0.0861081721,1.4470187238,-0.729624727,-1.161023079,1.5059980778,0.2122875767,0.627910307,0.0838771007,1,1,1,1,1,1,1,1,1,1,1,11,0.0909090909,0.4042933396,0.013108,0.533730,0.7329277302
050045,,-1.439325272,-0.531533259,0.2899733314,,0.3628172381,,-1.297029346,0.7233592449,0.2782537905,-0.257980078,0,1,1,1,0,1,0,1,1,1,1,8,0.125,-0.233933044,0.013108,0.533730,-0.462857293
050047,-1.013992362,-0.26893141,-1.971390742,0.2899733314,0.3676363213,0.7600688617,,-0.411862791,-0.444804568,-0.654163587,0.0838771007,1,1,1,1,1,1,0,1,1,1,1,10,0.1,-0.326358985,0.013108,0.533730,-0.636027125
050054,,1.8910637643,1.7028797258,,,0.8593817676,,1.0634148004,,,,0,1,1,0,0,1,0,1,0,0,0,4,0.25,1.3791850145,0.013108,0.533730,2.5594909911
050055,,-0.088138863,-0.15400965,,,-0.332373103,2.0534800899,-0.116807273,,,-0.599837257,0,1,1,0,0,1,1,1,0,0,1,6,0.1666666667,0.127052324,0.013108,0.533730,0.2134871948
050056,-1.347945423,-0.654304999,-1.558748658,0.4938384906,,-0.828937633,0.1924519392,-1.739612624,,,-1.283551615,1,1,1,1,0,1,1,1,0,0,1,8,0.125,-0.840851315,0.013108,0.533730,-1.599983238
050057,0.0108980657,0.0070151097,-0.663227541,1.8189620256,-0.351951947,-0.530998915,0.1924519392,1.2109425595,0.7233592449,0.3948059626,0.4257342795,1,1,1,1,1,1,1,1,1,1,1,11,0.0909090909,0.2943627986,0.013108,0.533730,0.5269611672
050058,0.2009058417,-0.035804178,-0.882718011,0.1880407518,-0.471883325,1.0580075794,0.3616363166,-1.444557105,,,0.0838771007,1,1,1,1,1,1,1,1,0,0,1,9,0.1111111111,-0.10472167,0.013108,0.533730,-0.220766039
050060,-1.025507985,-1.220471135,-0.799311632,-0.627419885,0.4875676993,-1.325502162,,-1.444557105,-2.416081003,0.5113581348,0.4257342795,1,1,1,1,1,1,0,1,1,1,1,10,0.1,-0.743419079,0.013108,0.533730,-1.417433579
050063,-3.075288841,-0.654304999,-3.283943752,0.9015688091,,0.2635043322,1.2075582032,-1.149501587,,,-4.702123403,1,1,1,1,0,1,1,1,0,0,1,8,0.125,-1.311566405,0.013108,0.533730,-2.481918032
050067,,-1.277563518,-0.386669548,0.391905911,,,,-0.411862791,,,,0,1,1,1,0,0,0,1,0,0,0,4,0.25,-0.421047487,0.013108,0.533730,-0.813436107
050069,1.3409524975,-0.183292835,-0.07938289,,0.4875676993,-0.630311821,,0.6208315229,0.285297815,-0.187954898,-0.599837257,1,1,1,0,1,1,0,1,1,1,1,9,0.1111111111,0.1170966481,0.013108,0.533730,0.1948341769
050070,,,,,,,,0.3257760046,,,,0,0,0,0,0,0,0,1,0,0,0,1,1,0.3257760046,0.013108,0.533730,0.5858171505
050071,,-0.778005163,,,,,,-0.116807273,,,,0,1,0,0,0,0,0,1,0,0,0,2,0.5,-0.447406218,0.013108,0.533730,-0.862821994
050072,,,,,,,,-0.264335032,,,,0,0,0,0,0,0,0,1,0,0,0,1,1,-0.264335032,0.013108,0.533730,-0.519818652
050073,,,-0.711515444,,,,,0.6208315229,,,,0,0,1,0,0,0,0,1,0,0,0,2,0.5,-0.04534196,0.013108,0.533730,-0.109511836
050075,,-0.216596726,-0.000366321,,,-1.524127974,,-1.592084864,,,,0,1,1,0,0,1,0,1,0,0,0,4,0.25,-0.833293971,0.013108,0.533730,-1.58582375
050076,,,,,,,,0.6208315229,,,,0,0,0,0,0,0,0,1,0,0,0,1,1,0.6208315229,0.013108,0.533730,1.1386350517
050077,0.5981948278,1.5104478744,0.298140718,-1.340947943,0.2477049432,-1.12687635,1.2075582032,1.0634148004,-0.955876236,-0.537611415,-1.283551615,1,1,1,1,1,1,1,1,1,1,1,11,0.0909090909,-0.029036563,0.013108,0.533730,-0.078961939
050078,,-0.254658315,-0.175958697,0.6977036498,,0.7600688617,,1.653525837,,,0.7675914583,0,1,1,1,0,1,0,1,0,0,1,6,0.1666666667,0.5747121325,0.013108,0.533730,1.0522254676
050082,0.8227494721,0.3733579036,-0.351551073,-1.239015363,-0.232020569,2.1504495443,0.0232675619,1.2109425595,-0.882865998,-3.567967891,0.0838771007,1,1,1,1,1,1,1,1,1,1,1,11,0.0909090909,-0.146252432,0.013108,0.533730,-0.29857834
050084,-0.017890991,0.0736228904,-1.119767718,-0.627419885,-0.831677459,1.7531979207,,-0.116807273,,,0.4257342795,1,1,1,1,1,1,0,1,0,0,1,8,0.125,-0.05762603,0.013108,0.533730,-0.132527346
050089,,1.0156472177,-0.004756131,,,,,-0.116807273,,,,0,1,1,0,0,0,0,1,0,0,0,3,0.3333333333,0.2980279381,0.013108,0.533730,0.533828196
050090,,-1.16813645,-0.237416029,-0.627419885,,-0.034434386,,0.0307204863,,,0.0838771007,0,1,1,1,0,1,0,1,0,0,1,6,0.1666666667,-0.325468194,0.013108,0.533730,-0.634358134
050091,,0.8586431631,-0.140840222,,,,,-0.116807273,,,,0,1,1,0,0,0,0,1,0,0,0,3,0.3333333333,0.2003318894,0.013108,0.533730,0.3507842561
050093,0.4081870518,-0.982586204,-0.628109065,-0.219689567,0.4875676993,-1.226189256,-0.145916815,-0.55939055,,,0.7675914583,1,1,1,1,1,1,1,1,0,0,1,9,0.1111111111,-0.233170583,0.013108,0.533730,-0.461428742
050099,-0.697312736,0.254415438,-0.663227541,0.391905911,1.0872245896,0.0648785204,,-0.706918309,,,0.0838771007,1,1,1,1,1,1,0,1,0,0,1,8,0.125,-0.023144628,0.013108,0.533730,-0.067922773
050100,-1.065812665,0.1878076573,0.2718018616,-0.321622146,-0.951608837,-0.034434386,0.3616363166,-0.854446069,0.285297815,-0.537611415,0.4257342795,1,1,1,1,1,1,1,1,1,1,1,11,0.0909090909,-0.203023417,0.013108,0.533730,-0.404944819
050101,,0.4494810816,-0.132060603,-0.117756987,,-0.133747291,1.7151113352,1.8010535961,-1.758988858,0.0451494461,-0.257980078,0,1,1,1,0,1,1,1,1,1,1,9,0.1111111111,0.1789179601,0.013108,0.533730,0.3106629815
050102,,-2.176768558,-1.339258188,,,-0.034434386,,-1.444557105,,,0.4257342795,0,1,1,0,0,1,0,1,0,0,1,5,0.2,-0.913856791,0.013108,0.533730,-1.736766764
050103,-0.069711294,0.2734462325,-0.509584212,-1.544813102,,0.3628172381,,-1.001973828,,,0.0838771007,1,1,1,1,0,1,0,1,0,0,1,7,0.1428571429,-0.343705981,0.013108,0.533730,-0.668528567
050104,2.607671004,0.1687768628,0.0303623446,,,,,0.6208315229,,,,1,1,1,0,0,0,0,1,0,0,0,4,0.25,0.8569104336,0.013108,0.533730,1.5809540047
050107,-0.110015974,-0.525847136,0.4912923316,0.5957710702,-1.071540215,0.2635043322,1.2075582032,1.0634148004,-0.298784092,-2.868654858,-0.257980078,1,1,1,1,1,1,1,1,1,1,1,11,0.0909090909,-0.137389238,0.013108,0.533730,-0.281972202
050108,-0.236687824,-0.107169657,-0.017925559,2.2266923441,-0.831677459,-1.722753786,1.8842957126,0.9158870412,-0.225773853,-0.071402726,0.7675914583,1,1,1,1,1,1,1,1,1,1,1,11,0.0909090909,0.2346432447,0.013108,0.533730,0.4150702301
050110,,-0.411662369,-1.879204744,0.4938384906,,0.462130144,0.1924519392,-2.034668142,,,-0.257980078,0,1,1,1,0,1,1,1,0,0,1,7,0.1428571429,-0.490727823,0.013108,0.533730,-0.943989629
050112,0.8976010203,-0.535362533,-2.032848073,2.4305575034,,0.1641914263,-0.145916815,0.1782482455,-1.393937666,0.627910307,1.7931629948,1,1,1,1,0,1,1,1,1,1,1,10,0.1,0.1983606409,0.013108,0.533730,0.3470909122
050113,,-0.345054588,,-0.117756987,,,,-0.411862791,,,,0,1,0,1,0,0,0,1,0,0,0,3,0.3333333333,-0.291558122,0.013108,0.533730,-0.570824008
050115,-0.121531596,0.6873660127,1.5799650626,-0.627419885,0.1277735651,-0.431686009,-2.006944966,0.1782482455,,,0.7675914583,1,1,1,1,1,1,1,1,0,0,1,9,0.1111111111,0.0170402097,0.013108,0.533730,0.0073677957
050116,-2.11949215,-1.077740176,-0.873938392,,0.7274304554,-0.729624727,0.1924519392,-0.706918309,-1.393937666,0.3948059626,0.4257342795,1,1,1,0,1,1,1,1,1,1,1,10,0.1,-0.516122878,0.013108,0.533730,-0.991569967
050118,,-0.749458971,-0.347161264,-0.933217624,,0.0648785204,,-0.706918309,,,-0.257980078,0,1,1,1,0,1,0,1,0,0,1,6,0.1666666667,-0.488309621,0.013108,0.533730,-0.939458871
050121,,-0.292719904,0.0830400574,0.6977036498,,1.455259203,0.3616363166,0.4733037638,,,0.7675914583,0,1,1,1,0,1,1,1,0,0,1,7,0.1428571429,0.506544935,0.013108,0.533730,0.9245069716
050122,0.6960776215,0.8158238755,0.5878681383,0.0861081721,0.0078421871,,0.7000050712,0.4733037638,,,0.7675914583,1,1,1,1,1,0,1,1,0,0,1,8,0.125,0.516827536,0.013108,0.533730,0.9437725184
050124,,-0.26893141,-1.861645507,1.1054339683,,1.7531979207,-0.653469947,-1.444557105,,,1.1094486371,0,1,1,1,0,1,1,1,0,0,1,7,0.1428571429,-0.037217635,0.013108,0.533730,-0.094290048
050125,-0.737617415,-1.710514093,-0.96173458,0.4938384906,,-0.630311821,-0.48428557,-1.149501587,,,-0.257980078,1,1,1,1,0,1,1,1,0,0,1,8,0.125,-0.679763332,0.013108,0.533730,-1.298167764
050126,-2.902554499,-0.630516506,-1.330478569,0.2899733314,,-0.630311821,1.2075582032,-1.001973828,,,-1.283551615,1,1,1,1,0,1,1,1,0,0,1,8,0.125,-0.785231913,0.013108,0.533730,-1.495774371
050127,,1.7863943946,0.2235139582,0.4938384906,,1.2566333912,,1.5059980778,0.7963694832,0.9775668235,0.7675914583,0,1,1,1,0,1,0,1,1,1,1,8,0.125,0.9759882597,0.013108,0.533730,1.8040589792
050128,1.5655071419,0.3257809174,0.3771572872,,,0.3628172381,0.3616363166,1.0634148004,-0.37179433,-1.120372276,0.0838771007,1,1,1,0,0,1,1,1,1,1,1,9,0.1111111111,0.2942249107,0.013108,0.533730,0.5267028197
050129,1.6346008786,0.1402306711,-0.882718011,,0.2477049432,-0.928250539,,-1.149501587,,,-0.941694436,1,1,1,0,1,1,0,1,0,0,1,7,0.1428571429,-0.268518297,0.013108,0.533730,-0.527656444
050131,,0.0593497945,-0.434957452,-0.321622146,,-0.530998915,1.5459269579,1.653525837,,,0.7675914583,0,1,1,1,0,1,1,1,0,0,1,7,0.1428571429,0.3912593621,0.013108,0.533730,0.7085071867
050132,,-1.220471135,-0.202297554,,,-0.133747291,-0.653469947,-0.116807273,,,0.0838771007,0,1,1,0,0,1,1,1,0,0,1,6,0.1666666667,-0.37381935,0.013108,0.533730,-0.724949169
050133,-1.152179836,-1.210955738,-1.54557923,-0.525487306,0.9672932116,-1.027563445,-0.653469947,-1.297029346,0.9423899598,0.627910307,0.4257342795,1,1,1,1,1,1,1,1,1,1,1,11,0.0909090909,-0.404448826,0.013108,0.533730,-0.782336751
050135,-0.133047219,-3.009365817,-0.610549828,,,1.3559462971,,-0.411862791,,,-0.257980078,1,1,1,0,0,1,0,1,0,0,1,6,0.1666666667,-0.511143239,0.013108,0.533730,-0.982240084
050136,,1.0822549984,0.0435317728,0.9015688091,,-0.233060197,0.3616363166,0.7683592821,,,-0.941694436,0,1,1,1,0,1,1,1,0,0,1,7,0.1428571429,0.283228078,0.013108,0.533730,0.5060990837
050137,,,,,,,,0.0307204863,,,,0,0,0,0,0,0,0,1,0,0,0,1,1,0.0307204863,0.013108,0.533730,0.0329992492
050138,,,,,,,,0.0307204863,,,,0,0,0,0,0,0,0,1,0,0,0,1,1,0.0307204863,0.013108,0.533730,0.0329992492
050139,,,,,,,,-1.887140383,,,,0,0,0,0,0,0,0,1,0,0,0,1,1,-1.887140383,0.013108,0.533730,-3.560317109
050140,,0.4019040953,,,,,,0.0307204863,,,,0,1,0,0,0,0,0,1,0,0,0,2,0.5,0.2163122908,0.013108,0.533730,0.380725238
050145,0.4369761088,-0.364085383,0.0654808198,0.1880407518,0.3676363213,-0.729624727,-1.499391834,1.0634148004,-3.949296007,0.2782537905,-1.283551615,1,1,1,1,1,1,1,1,1,1,1,11,0.0909090909,-0.493286088,0.013108,0.533730,-0.948782812
050149,,0.3257809174,-0.685176588,0.2899733314,,0.5614430499,-0.48428557,-0.116807273,,,,0,1,1,1,0,1,1,1,0,0,0,6,0.1666666667,-0.018178689,0.013108,0.533730,-0.058618557
050150,,0.7111545058,-0.180348507,-0.117756987,,-0.034434386,-1.837760589,0.3257760046,0.2122875767,-0.770715759,0.0838771007,0,1,1,1,0,1,1,1,1,1,1,9,0.1111111111,-0.178657893,0.013108,0.533730,-0.359293418
050152,,-2.23861864,-0.088162509,-0.219689567,,-1.921379598,0.0232675619,-0.116807273,,,-0.257980078,0,1,1,1,0,1,1,1,0,0,1,7,0.1428571429,-0.688481443,0.013108,0.533730,-1.314502074
050158,,-0.016773383,0.8688159399,,,,,-0.116807273,,,,0,1,1,0,0,0,0,1,0,0,0,3,0.3333333333,0.2450784279,0.013108,0.533730,0.4346216559
050159,,0.1307152738,0.3815470966,0.0861081721,,-0.233060197,0.7000050712,0.3257760046,-2.270060526,-1.936237481,0.0838771007,0,1,1,1,0,1,1,1,1,1,1,9,0.1111111111,-0.303481054,0.013108,0.533730,-0.593162888
050167,,0.7111545058,0.0610910104,-0.015824407,,,,-0.411862791,,,0.4257342795,0,1,1,1,0,0,0,1,0,0,1,5,0.2,0.1540585194,0.013108,0.533730,0.2640861748
050168,0.4600073544,-0.421177766,-0.544702687,1.3092991276,0.0078421871,0.2635043322,0.7000050712,0.9158870412,-0.444804568,1.5603276844,0.7675914583,1,1,1,1,1,1,1,1,1,1,1,11,0.0909090909,0.4157981123,0.013108,0.533730,0.7544831456
050169,-1.29612512,0.0117728083,-0.768582966,0.2899733314,0.8473618335,-0.928250539,1.2075582032,-1.001973828,-0.882865998,0.9775668235,0.4257342795,1,1,1,1,1,1,1,1,1,1,1,11,0.0909090909,-0.101621016,0.013108,0.533730,-0.214956633
050174,-0.374875298,0.1307152738,-0.81687087,-0.321622146,-1.071540215,0.1641914263,1.0383738259,0.3257760046,-1.831999096,-1.236924448,-0.599837257,1,1,1,1,1,1,1,1,1,1,1,11,0.0909090909,-0.417692073,0.013108,0.533730,-0.807149382
050179,-0.668523679,-0.364085383,-1.277800856,-0.525487306,,0.3628172381,,-1.297029346,-2.343070764,-0.654163587,0.7675914583,1,1,1,1,0,1,0,1,1,1,1,9,0.1111111111,-0.666639136,0.013108,0.533730,-1.273578188
050180,-0.046680048,0.5636658485,-0.786142204,-1.442880522,,-0.729624727,1.0383738259,1.3584703187,-0.663835283,-0.187954898,-0.599837257,1,1,1,1,0,1,1,1,1,1,1,10,0.1,-0.149644495,0.013108,0.533730,-0.30493373
050191,1.8591555229,0.8158238755,-1.668493893,,,-0.928250539,,0.7683592821,,,0.4257342795,1,1,1,0,0,1,0,1,0,0,1,6,0.1666666667,0.2120547547,0.013108,0.533730,0.3727482912
050192,,,,,,,,0.0307204863,,,,0,0,0,0,0,0,0,1,0,0,0,1,1,0.0307204863,0.013108,0.533730,0.0329992492
050194,,-1.819941161,-1.185614859,0.5957710702,,-0.828937633,,-1.297029346,,,-1.283551615,0,1,1,1,0,1,0,1,0,0,1,6,0.1666666667,-0.969883924,0.013108,0.533730,-1.841739557
050195,-0.461242469,-2.414653489,-3.204927183,-1.137082783,-0.351951947,-1.524127974,-0.145916815,-1.739612624,0.5043285299,-1.236924448,1.4513058159,1,1,1,1,1,1,1,1,1,1,1,11,0.0909090909,-0.93280049,0.013108,0.533730,-1.772259798
050197,2.2218976407,1.7863943946,1.5053383029,0.2899733314,-0.471883325,,2.7302175992,2.686220151,,,-0.941694436,1,1,1,1,1,0,1,1,0,0,1,8,0.125,1.2258079573,0.013108,0.533730,2.2721227584
050204,1.8361242773,-0.154746644,1.1190350757,,,-0.034434386,0.8691894486,-0.264335032,,,0.0838771007,1,1,1,0,0,1,1,1,0,0,1,7,0.1428571429,0.4935299773,0.013108,0.533730,0.9001220638
050211,,-0.75421667,0.6844439451,,,0.3628172381,,-1.592084864,,,,0,1,1,0,0,1,0,1,0,0,0,4,0.25,-0.324760088,0.013108,0.533730,-0.633031422
050222,-0.749133038,-0.13095815,-0.909056867,-1.340947943,-0.711746081,1.455259203,-0.315101193,0.9158870412,-0.517814807,0.627910307,1.1094486371,1,1,1,1,1,1,1,1,1,1,1,11,0.0909090909,-0.051477535,0.013108,0.533730,-0.121007489
050224,0.9839681912,0.3923886981,0.5000719504,-0.015824407,1.4470187238,0.9586946735,,0.1782482455,0.7963694832,2.0265363731,-0.599837257,1,1,1,1,1,1,0,1,1,1,1,10,0.1,0.6667634674,0.013108,0.533730,1.2246934359
050226,,-1.762848778,-1.405105329,0.1880407518,,0.7600688617,,0.4733037638,,,0.7675914583,0,1,1,1,0,1,0,1,0,0,1,6,0.1666666667,-0.163158212,0.013108,0.533730,-0.330253117
050228,,-1.153863354,-1.874814935,-1.442880522,,-1.524127974,-1.161023079,-2.182195901,-1.101896713,-0.887267931,-0.599837257,0,1,1,1,0,1,1,1,1,1,1,9,0.1111111111,-1.325323074,0.013108,0.533730,-2.507692616
050230,,-0.016773383,-1.295360094,0.391905911,,-0.729624727,,-0.116807273,,,,0,1,1,1,0,1,0,1,0,0,0,5,0.2,-0.353331913,0.013108,0.533730,-0.686563776
050231,1.5539915191,1.0108895191,-1.137326956,-0.423554726,0.4875676993,-0.034434386,-0.822654325,-0.264335032,-2.270060526,-0.421059243,1.1094486371,1,1,1,1,1,1,1,1,1,1,1,11,0.0909090909,-0.110138893,0.013108,0.533730,-0.230915782
050232,0.9033588317,0.116442178,0.9039344151,1.5131642868,-0.232020569,0.0648785204,1.7151113352,2.2436368736,,,0.4257342795,1,1,1,1,1,1,1,1,0,0,1,9,0.1111111111,0.8504711279,0.013108,0.533730,1.5688892805
050234,,0.3067501229,0.0435317728,0.2899733314,,,0.7000050712,1.0634148004,,,0.0838771007,0,1,1,1,0,0,1,1,0,0,1,6,0.1666666667,0.4145920332,0.013108,0.533730,0.7522234282
050235,-0.248203447,-2.186283955,-2.076746167,1.4112317072,-0.471883325,-1.62344088,0.3616363166,-3.805001252,-2.051029811,1.3272233401,1.1094486371,1,1,1,1,1,1,1,1,1,1,1,11,0.0909090909,-0.750277167,0.013108,0.533730,-1.430282936
050236,0.4197026746,-1.486902258,-1.721171606,-0.321622146,,0.5614430499,-3.360419985,-1.592084864,,,-1.283551615,1,1,1,1,0,1,1,1,0,0,1,8,0.125,-1.098075844,0.013108,0.533730,-2.081920755
050238,0.4312182974,0.0498343973,-1.053920577,0.2899733314,,0.7600688617,-0.48428557,0.7683592821,,,0.0838771007,1,1,1,1,0,1,1,1,0,0,1,8,0.125,0.1056406404,0.013108,0.533730,0.1733701278
050239,0.0684761797,-0.078623466,-1.154886193,-0.219689567,0.7274304554,-0.233060197,1.2075582032,-0.264335032,,,-0.941694436,1,1,1,1,1,1,1,1,0,0,1,9,0.1111111111,-0.098758228,0.013108,0.533730,-0.209592896
050242,0.1260542936,0.2734462325,-0.729074682,1.2073665479,-0.232020569,0.2635043322,-0.145916815,2.5386923919,0.285297815,0.1617016183,0.4257342795,1,1,1,1,1,1,1,1,1,1,1,11,0.0909090909,0.3795259495,0.013108,0.533730,0.6865233901
050243,-0.559125262,-2.176768558,-1.128547337,,-0.112089191,-0.034434386,,-0.264335032,1.2344309131,1.0941189957,0.7675914583,1,1,1,0,1,1,0,1,1,1,1,9,0.1111111111,-0.1310176,0.013108,0.533730,-0.270034261
050245,,0.1307152738,-0.127670794,-0.933217624,,,,-0.264335032,-0.955876236,-1.120372276,,0,1,1,1,0,0,0,1,1,1,0,6,0.1666666667,-0.545126115,0.013108,0.533730,-1.045910616
050248,,0.5493927526,-0.167179078,-0.219689567,,-0.630311821,,0.6208315229,,,-0.941694436,0,1,1,1,0,1,0,1,0,0,1,6,0.1666666667,-0.131441771,0.013108,0.533730,-0.270828991
050254,,1.0156472177,0.2849712898,2.4305575034,,0.9586946735,-0.145916815,1.3584703187,-0.663835283,-0.770715759,0.0838771007,0,1,1,1,0,1,1,1,1,1,1,9,0.1111111111,0.5057500273,0.013108,0.533730,0.9230176275
050257,,,2.1243014282,,,0.6607559558,,0.1782482455,,,,0,0,1,0,0,1,0,1,0,0,0,3,0.3333333333,0.9877685431,0.013108,0.533730,1.8261305935
05025F,1.9109758254,0.2829616298,1.1629331697,,,-1.424815068,-0.48428557,-1.297029346,,,,1,1,1,0,0,1,1,1,0,0,0,6,0.1666666667,0.0251234401,0.013108,0.533730,0.0225125877
050261,0.5751635822,0.5256042595,0.5264108068,-0.117756987,,-2.318631221,0.0232675619,0.3257760046,1.1614206748,-0.071402726,0.4257342795,1,1,1,1,0,1,1,1,1,1,1,10,0.1,0.1055586235,0.013108,0.533730,0.1732164604
050262,0.7248666785,0.040319,-1.023191911,1.2073665479,1.3270873457,1.0580075794,,1.2109425595,-2.124040049,1.5603276844,0.7675914583,1,1,1,1,1,1,0,1,1,1,1,10,0.1,0.4749276893,0.013108,0.533730,0.8652686983
050272,,1.4961747786,0.0171929164,-0.219689567,,,,0.0307204863,0.8693797215,0.0451494461,0.0838771007,0,1,1,1,0,0,0,1,1,1,1,7,0.1428571429,0.331829269,0.013108,0.533730,0.5971585852
050276,,-0.016773383,1.1014758381,,,-0.034434386,,0.7683592821,1.0884104365,-3.567967891,,0,1,1,0,0,1,0,1,1,1,0,6,0.1666666667,-0.110155017,0.013108,0.533730,-0.230945993
050278,1.5021712165,-0.678093492,-0.588600781,-0.525487306,,0.6607559558,-1.161023079,-0.854446069,1.1614206748,0.5113581348,-1.625408793,1,1,1,1,0,1,1,1,1,1,1,10,0.1,-0.159735354,0.013108,0.533730,-0.323840028
050279,,1.048951108,-1.172445431,,,,,0.0307204863,,,,0,1,1,0,0,0,0,1,0,0,0,3,0.3333333333,-0.030924612,0.013108,0.533730,-0.082499401
05027F,-0.703070547,0.7063968072,0.0435317728,,,0.7600688617,-1.161023079,-1.444557105,,,,1,1,1,0,0,1,1,1,0,0,0,6,0.1666666667,-0.299775548,0.013108,0.533730,-0.58622023
050280,0.1606011619,0.406661794,-0.211077172,-0.627419885,-2.390785374,1.0580075794,-0.822654325,1.8010535961,-2.416081003,-2.518998342,1.1094486371,1,1,1,1,1,1,1,1,1,1,1,11,0.0909090909,-0.404658485,0.013108,0.533730,-0.782729568
050281,,1.2154705598,-1.923102838,,,,,0.6208315229,,,,0,1,1,0,0,0,0,1,0,0,0,3,0.3333333333,-0.028933585,0.013108,0.533730,-0.078769
050283,-0.472758091,0.0878959862,-0.654447922,0.7996362295,1.0872245896,1.0580075794,0.1924519392,0.1782482455,,,1.1094486371,1,1,1,1,1,1,1,1,0,0,1,9,0.1111111111,0.3761896882,0.013108,0.533730,0.6802725496
050289,-1.820085957,-0.454481657,-0.882718011,-0.015824407,,1.2566333912,,-0.854446069,,,-1.625408793,1,1,1,1,0,1,0,1,0,0,1,7,0.1428571429,-0.628047358,0.013108,0.533730,-1.201272385
050290,0.4369761088,0.5969697389,-1.83969646,0.9015688091,0.9672932116,-1.325502162,3.9145082406,1.2109425595,-0.590825045,1.0941189957,0.4257342795,1,1,1,1,1,1,1,1,1,1,1,11,0.0909090909,0.5265534797,0.013108,0.533730,0.9619951086
050291,1.2545853266,0.078380589,1.0575777441,0.2899733314,,0.1641914263,0.7000050712,1.3584703187,-4.241336961,0.627910307,-0.941694436,1,1,1,1,0,1,1,1,1,1,1,10,0.1,0.0348062718,0.013108,0.533730,0.0406544029
050292,,-2.533595955,1.3341357363,-0.015824407,,0.3628172381,,0.7683592821,,,0.0838771007,0,1,1,1,0,1,0,1,0,0,1,6,0.1666666667,-0.000038501,0.013108,0.533730,-0.024630985
050295,,-0.901705327,-0.922226295,1.5131642868,,1.5545721089,,-0.55939055,,,1.1094486371,0,1,1,1,0,1,0,1,0,0,1,6,0.1666666667,0.2989771434,0.013108,0.533730,0.5356066331
050298,,0.5398773554,1.1541535509,0.4938384906,,,,-0.116807273,,,,0,1,1,1,0,0,0,1,0,0,0,4,0.25,0.517765531,0.013108,0.533730,0.9455299518
050300,-0.973687682,-1.758091079,-1.650934655,0.2899733314,,0.6607559558,-2.683682475,-1.887140383,,,0.4257342795,1,1,1,1,0,1,1,1,0,0,1,8,0.125,-0.947134089,0.013108,0.533730,-1.79911532
050301,,1.5199632717,0.3025305274,-0.423554726,,1.455259203,0.7000050712,0.4733037638,0.9423899598,-1.586580964,-1.283551615,0,1,1,1,0,1,1,1,1,1,1,9,0.1111111111,0.2333071658,0.013108,0.533730,0.4125669441
050305,,2.0433101202,0.2586324334,1.1054339683,,-1.12687635,1.8842957126,0.4733037638,-1.539958143,0.5113581348,-0.941694436,0,1,1,1,0,1,1,1,1,1,1,9,0.1111111111,0.2964228004,0.013108,0.533730,0.5308207999
050308,-0.328812806,0.6873660127,-0.456906499,2.3286249237,0.3676363213,-0.630311821,-0.653469947,-0.116807273,-0.006743138,0.2782537905,0.7675914583,1,1,1,1,1,1,1,1,1,1,1,11,0.0909090909,0.203311002,0.013108,0.533730,0.3563659403
050309,1.1106400418,0.0926536849,-0.004756131,-1.239015363,,0.7600688617,-1.499391834,1.653525837,-0.152763615,0.0451494461,0.7675914583,1,1,1,1,0,1,1,1,1,1,1,10,0.1,0.1533702387,0.013108,0.533730,0.2627966077
05030F,,-0.264173712,0.6405458511,,,0.3628172381,,0.0307204863,,,,0,1,1,0,0,1,0,1,0,0,0,4,0.25,0.1924774659,0.013108,0.533730,0.3360681581
050313,,2.247891161,0.561529282,0.391905911,,,0.3616363166,1.8010535961,,,0.4257342795,0,1,1,1,0,0,1,1,0,0,1,6,0.1666666667,0.9649584244,0.013108,0.533730,1.7833934094
050315,,1.4771439841,0.5220209974,-0.015824407,,,0.5308206939,-0.411862791,0.4313182916,-1.819685309,0.0838771007,0,1,1,1,0,0,1,1,1,1,1,8,0.125,0.09972607,0.013108,0.533730,0.1622885511
05031F,-0.668523679,0.9966164232,0.276191671,,,-0.133747291,0.3616363166,-0.116807273,,,,1,1,1,0,0,1,1,1,0,0,0,6,0.1666666667,0.1192276946,0.013108,0.533730,0.1988269193
050320,-0.731859604,0.3210232188,-1.089039052,-0.729352465,,1.0580075794,,-0.411862791,-0.882865998,-0.537611415,-0.941694436,1,1,1,1,0,1,0,1,1,1,1,9,0.1111111111,-0.438361663,0.013108,0.533730,-0.845876057
050324,-0.242445636,0.2163538491,0.6493254699,0.0861081721,0.4875676993,0.7600688617,0.1924519392,1.653525837,,,-0.257980078,1,1,1,1,1,1,1,1,0,0,1,9,0.1111111111,0.393886235,0.013108,0.533730,0.7134289125
050327,1.5367180849,-0.116685055,-1.83530665,-1.544813102,0.1277735651,1.455259203,,-0.411862791,-1.68597862,-0.071402726,0.7675914583,1,1,1,1,1,1,0,1,1,1,1,10,0.1,-0.177870663,0.013108,0.533730,-0.357818459
050329,,-0.811309053,-3.182978136,0.9015688091,,0.9586946735,,-0.264335032,,,-0.257980078,0,1,1,1,0,1,0,1,0,0,1,6,0.1666666667,-0.442723136,0.013108,0.533730,-0.854047742
050334,0.293030824,1.1441050805,-0.066213462,-1.340947943,1.9267442361,0.8593817676,,-1.444557105,-0.882865998,-2.518998342,0.4257342795,1,1,1,1,1,1,0,1,1,1,1,10,0.1,-0.160458666,0.013108,0.533730,-0.325195231
050335,0.4657651658,0.5256042595,0.9741713655,-0.831285044,,1.3559462971,0.7000050712,0.3257760046,-0.225773853,-2.635550514,-0.599837257,1,1,1,1,0,1,1,1,1,1,1,10,0.1,0.0054821495,0.013108,0.533730,-0.01428746
050336,,-0.335539191,-0.22863641,-0.423554726,,-0.133747291,,-0.411862791,,,1.1094486371,0,1,1,1,0,1,0,1,0,0,1,6,0.1666666667,-0.070648629,0.013108,0.533730,-0.156926571
050342,,-0.183292835,0.144497389,-0.015824407,,0.7600688617,,-0.854446069,-0.225773853,-0.537611415,-0.257980078,0,1,1,1,0,1,0,1,1,1,1,8,0.125,-0.146295301,0.013108,0.533730,-0.298658659
050348,-1.549468822,0.6350313279,-0.224246601,1.4112317072,0.6074990774,-0.431686009,0.7000050712,0.1782482455,-1.174906951,2.1430885453,1.1094486371,1,1,1,1,1,1,1,1,1,1,1,11,0.0909090909,0.3094767481,0.013108,0.533730,0.5552787594
050350,,-1.320382806,-1.097818671,,,-0.034434386,0.8691894486,-2.624779178,,,,0,1,1,0,0,1,1,1,0,0,0,5,0.2,-0.841645119,0.013108,0.533730,-1.601470513
050351,-0.524578394,-0.625758807,-1.273411047,0.391905911,-0.351951947,-1.62344088,2.5610332219,-0.55939055,0.1392773383,0.1617016183,1.4513058159,1,1,1,1,1,1,1,1,1,1,1,11,0.0909090909,-0.023027975,0.013108,0.533730,-0.06770421
050352,,0.5113311637,1.8828619112,1.4112317072,,,,0.6208315229,,,-0.257980078,0,1,1,1,0,0,0,1,0,0,1,5,0.2,0.8336552454,0.013108,0.533730,1.5373829357
050353,-1.756750032,0.4256925885,-0.364720501,2.2266923441,,1.6538850148,0.7000050712,0.1782482455,,,0.4257342795,1,1,1,1,0,1,1,1,0,0,1,8,0.125,0.4360983763,0.013108,0.533730,0.7925178498
050357,,1.2249859571,1.3999828773,,,,-0.315101193,0.9158870412,,,-1.625408793,0,1,1,0,0,0,1,1,0,0,1,5,0.2,0.3200691779,0.013108,0.533730,0.5751248035
050360,1.8073352204,1.301109135,0.9785611749,1.1054339683,0.2477049432,-0.530998915,0.7000050712,1.0634148004,-0.079753377,-0.071402726,0.0838771007,1,1,1,1,1,1,1,1,1,1,1,11,0.0909090909,0.6004805815,0.013108,0.533730,1.100505398
050367,-0.513062771,0.4685118761,-0.434957452,-0.219689567,-0.351951947,-0.630311821,0.5308206939,-1.297029346,0.0662671,0.0451494461,-0.941694436,1,1,1,1,1,1,1,1,1,1,1,11,0.0909090909,-0.297995293,0.013108,0.533730,-0.582884732
050373,-0.835500209,-0.254658315,-0.285703932,,,-0.828937633,,-0.55939055,0.5043285299,0.3948059626,,1,1,1,0,0,1,0,1,1,1,0,7,0.1428571429,-0.266436592,0.013108,0.533730,-0.523756149
050376,-1.008234551,0.6255159306,-1.10659829,,,-0.332373103,-0.315101193,-0.706918309,0.8693797215,-1.470028792,,1,1,1,0,0,1,1,1,1,1,0,8,0.125,-0.430544823,0.013108,0.533730,-0.831230377
050378,,,,,,,,-1.001973828,,,,0,0,0,0,0,0,0,1,0,0,0,1,1,-1.001973828,0.013108,0.533730,-1.901863405
050380,-1.146422024,-0.835097547,0.0610910104,0.391905911,0.4875676993,-1.325502162,0.0232675619,-0.706918309,,,-1.625408793,1,1,1,1,1,1,1,1,0,0,1,9,0.1111111111,-0.51950185,0.013108,0.533730,-0.997900831
050382,-2.102218716,-0.830339848,-1.369986854,-0.219689567,-1.311402972,0.3628172381,-0.145916815,-1.444557105,,,0.0838771007,1,1,1,1,1,1,1,1,0,0,1,9,0.1111111111,-0.775268615,0.013108,0.533730,-1.477107073
050390,,-0.89218993,-0.549092496,,,0.3628172381,,0.3257760046,,,0.4257342795,0,1,1,0,0,1,0,1,0,0,1,5,0.2,-0.065390981,0.013108,0.533730,-0.147075809
050393,0.644257319,1.3629592171,-0.641278494,-0.117756987,,,-0.48428557,-2.034668142,,,0.4257342795,1,1,1,1,0,0,1,1,0,0,1,7,0.1428571429,-0.120719768,0.013108,0.533730,-0.250740178
050394,-0.213656579,0.7016391086,0.5703089008,0.5957710702,-0.112089191,1.0580075794,0.3616363166,0.3257760046,0.7963694832,-0.071402726,0.0838771007,1,1,1,1,1,1,1,1,1,1,1,11,0.0909090909,0.372385188,0.013108,0.533730,0.6731444138
050396,0.103023048,1.2059551626,0.0698706292,-0.627419885,0.1277735651,0.6607559558,0.7000050712,1.9485813553,-0.882865998,0.7444624792,-0.257980078,1,1,1,1,1,1,1,1,1,1,1,11,0.0909090909,0.3447419368,0.013108,0.533730,0.621351842
050407,,-1.06346708,-0.443737071,1.717029446,,-0.729624727,,-0.264335032,-0.444804568,0.3948059626,-1.625408793,0,1,1,1,0,1,0,1,1,1,1,8,0.125,-0.307442733,0.013108,0.533730,-0.600585515
050411,,0.7634891907,,,,,,0.4733037638,,,,0,1,0,0,0,0,0,1,0,0,0,2,0.5,0.6183964772,0.013108,0.533730,1.1340727346
050414,,-0.701881985,0.6098171853,0.0861081721,,-2.120005409,0.1924519392,0.1782482455,,,0.0838771007,0,1,1,1,0,1,1,1,0,0,1,7,0.1428571429,-0.23876925,0.013108,0.533730,-0.47191844
050417,,0.2449000408,-0.329602026,-0.219689567,,0.5614430499,-0.145916815,-0.264335032,-0.882865998,-3.801072236,-0.599837257,0,1,1,1,0,1,1,1,1,1,1,9,0.1111111111,-0.604108427,0.013108,0.533730,-1.156420252
050424,,-0.050077274,0.9258834621,1.8189620256,,,1.2075582032,0.1782482455,,,-4.018409045,0,1,1,1,0,0,1,1,0,0,1,6,0.1666666667,0.0103609362,0.013108,0.533730,-0.005146534
050425,,0.8396123686,-0.96173458,,,,,-0.116807273,,,,0,1,1,0,0,0,0,1,0,0,0,3,0.3333333333,-0.079643161,0.013108,0.533730,-0.173778785
050426,-0.547609639,-1.591571628,-1.475342279,,,0.5614430499,,-0.411862791,,,,1,1,1,0,0,1,0,1,0,0,0,5,0.2,-0.692988658,0.013108,0.533730,-1.322946819
050438,0.6327416962,-0.530604835,-1.501681136,0.2899733314,0.2477049432,0.7600688617,0.3616363166,-1.739612624,,,0.0838771007,1,1,1,1,1,1,1,1,0,0,1,9,0.1111111111,-0.155099594,0.013108,0.533730,-0.315154438
050441,0.615468262,-0.825582149,-0.426177833,0.7996362295,-0.112089191,0.0648785204,2.7302175992,-0.116807273,-1.24791719,-0.071402726,1.1094486371,1,1,1,1,1,1,1,1,1,1,1,11,0.0909090909,0.2290611715,0.013108,0.533730,0.4046116222
050444,-0.605187753,-1.486902258,-0.017925559,-0.525487306,,0.462130144,,-1.001973828,-0.37179433,-1.470028792,0.7675914583,1,1,1,1,0,1,0,1,1,1,1,9,0.1111111111,-0.472175358,0.013108,0.533730,-0.909229613
050454,-0.651250244,0.8967047521,-1.427054376,-2.360273739,0.9672932116,0.8593817676,1.0383738259,0.3257760046,0.5043285299,1.4437755123,0.4257342795,1,1,1,1,1,1,1,1,1,1,1,11,0.0909090909,0.1838899567,0.013108,0.533730,0.3199785461
050455,-0.956414248,-0.368843082,-0.053044034,1.3092991276,,0.2635043322,,-0.854446069,-1.539958143,-0.537611415,0.0838771007,1,1,1,1,0,1,0,1,1,1,1,9,0.1111111111,-0.294848492,0.013108,0.533730,-0.576988866
050457,-1.284609498,0.2734462325,0.1927852924,0.5957710702,,-0.630311821,1.0383738259,2.2436368736,-0.006743138,0.0451494461,-0.599837257,1,1,1,1,0,1,1,1,1,1,1,10,0.1,0.1867661027,0.013108,0.533730,0.3253673115
050464,-1.555226633,-1.691483299,-1.519240373,1.4112317072,-3.350236399,-1.424815068,,-1.001973828,,,0.4257342795,1,1,1,1,1,1,0,1,0,0,1,8,0.125,-1.088251202,0.013108,0.533730,-2.063513243
050468,,0.0641074931,-1.225123144,,,0.3628172381,,-3.509945733,,,,0,1,1,0,0,1,0,1,0,0,0,4,0.25,-1.077036036,0.013108,0.533730,-2.042500438
050471,-2.94861699,-1.263290423,-1.150496384,0.4938384906,-0.351951947,-0.233060197,-0.48428557,-0.706918309,,,0.4257342795,1,1,1,1,1,1,1,1,0,0,1,9,0.1111111111,-0.691005228,0.013108,0.533730,-1.319230653
050481,-1.013992362,-2.152980065,-2.445490157,,-0.591814703,-2.616569939,-0.315101193,-1.739612624,,,-1.283551615,1,1,1,0,1,1,1,1,0,0,1,8,0.125,-1.519889082,0.013108,0.533730,-2.87223273
050485,0.9609369456,-0.050077274,-0.751023729,-0.015824407,-0.471883325,-1.12687635,-2.176129343,0.3257760046,-1.028886475,-0.421059243,0.0838771007,1,1,1,1,1,1,1,1,1,1,1,11,0.0909090909,-0.424651827,0.013108,0.533730,-0.820189222
050488,,0.620758232,0.7327318485,0.1880407518,,0.6607559558,-0.315101193,0.3257760046,,,0.4257342795,0,1,1,1,0,1,1,1,0,0,1,7,0.1428571429,0.3769565542,0.013108,0.533730,0.6817093546
050492,0.586679205,-1.320382806,0.2630222428,1.0035013887,,-1.226189256,0.3616363166,-0.706918309,-0.225773853,-0.537611415,1.4513058159,1,1,1,1,0,1,1,1,1,1,1,10,0.1,-0.035073067,0.013108,0.533730,-0.090271972
050496,1.0933666076,1.0346780122,-0.369110311,0.4938384906,1.3270873457,-0.828937633,0.5308206939,1.8010535961,0.5043285299,0.5113581348,0.0838771007,1,1,1,1,1,1,1,1,1,1,1,11,0.0909090909,0.5620327789,0.013108,0.533730,1.0284693499
050498,,1.0251626149,0.8644261305,1.9208946053,,1.2566333912,0.7000050712,1.5059980778,1.3074411514,-3.451415719,-0.257980078,0,1,1,1,0,1,1,1,1,1,1,9,0.1111111111,0.5412405828,0.013108,0.533730,0.9895129585
050503,1.4561087254,1.4057785047,1.3341357363,0.1880407518,,-0.431686009,-1.499391834,1.653525837,,,-2.65098033,1,1,1,1,0,1,1,1,0,0,1,8,0.125,0.1819414228,0.013108,0.533730,0.3163277604
050506,,-0.678093492,0.0435317728,1.0035013887,,0.2635043322,-1.837760589,1.5059980778,,,-0.257980078,0,1,1,1,0,1,1,1,0,0,1,7,0.1428571429,0.0061002018,0.013108,0.533730,-0.013129473
050510,,,,,,,,0.4733037638,,,,0,0,0,0,0,0,0,1,0,0,0,1,1,0.4733037638,0.013108,0.533730,0.8622261011
050512,,,,,,,,0.7683592821,,,,0,0,0,0,0,0,0,1,0,0,0,1,1,0.7683592821,0.013108,0.533730,1.4150440023
050515,,-0.349812287,,,,,,0.9158870412,,,,0,1,0,0,0,0,0,1,0,0,0,2,0.5,0.2830373771,0.013108,0.533730,0.5057417853
050516,0.2354527101,0.116442178,-0.74224411,1.3092991276,-0.951608837,-1.921379598,-1.837760589,-0.706918309,0.2122875767,-0.071402726,0.7675914583,1,1,1,1,1,1,1,1,1,1,1,11,0.0909090909,-0.326385556,0.013108,0.533730,-0.63607691
050517,,0.3352963146,-2.480608632,0.1880407518,,,-0.145916815,-1.149501587,,,0.7675914583,0,1,1,1,0,0,1,1,0,0,1,6,0.1666666667,-0.414183085,0.013108,0.533730,-0.80057492
050523,0.1893902189,0.002257411,-0.733464491,1.6150968664,,0.9586946735,,0.4733037638,,,0.4257342795,1,1,1,1,0,1,0,1,0,0,1,7,0.1428571429,0.4187161032,0.013108,0.533730,0.759950312
050526,,-0.935009218,-0.891497629,,,,,-1.887140383,,,,0,1,1,0,0,0,0,1,0,0,0,3,0.3333333333,-1.23788241,0.013108,0.533730,-2.343863229
050528,,0.0878959862,1.2551191671,,,,,-0.706918309,,,0.0838771007,0,1,1,0,0,0,0,1,0,0,1,4,0.25,0.1799934861,0.013108,0.533730,0.3126780939
050534,,0.6635775196,1.0575777441,-0.423554726,,,,-0.854446069,,,0.4257342795,0,1,1,1,0,0,0,1,0,0,1,5,0.2,0.1737777497,0.013108,0.533730,0.3010322505
050537,,0.796793081,1.0224592689,-0.729352465,,0.8593817676,,2.2436368736,0.4313182916,0.2782537905,0.4257342795,0,1,1,1,0,1,0,1,1,1,1,8,0.125,0.666028111,0.013108,0.533730,1.2233156674
050541,,,,,,,,0.4733037638,,,,0,0,0,0,0,0,0,1,0,0,0,1,1,0.4733037638,0.013108,0.533730,0.8622261011
050543,,,,,,,,,,,,0,0,0,0,0,0,0,0,0,0,0,0,,,0.013108,0.533730,
050549,-1.802812523,0.3400540132,-1.813357603,0.6977036498,-0.591814703,-1.226189256,1.5459269579,-0.411862791,,,-1.625408793,1,1,1,1,1,1,1,1,0,0,1,9,0.1111111111,-0.543084561,0.013108,0.533730,-1.042085548
050551,1.2718587608,0.2972347256,-0.672007159,0.5957710702,,-0.332373103,,-0.264335032,,,1.1094486371,1,1,1,1,0,1,0,1,0,0,1,7,0.1428571429,0.2865139856,0.013108,0.533730,0.5122555812
050557,0.4139448632,-0.830339848,-0.856379154,-1.850610841,-0.232020569,0.1641914263,-1.499391834,0.0307204863,-1.028886475,0.1617016183,0.4257342795,1,1,1,1,1,1,1,1,1,1,1,11,0.0909090909,-0.463757822,0.013108,0.533730,-0.893458464
050561,,,,,,,,-0.706918309,,,,0,0,0,0,0,0,0,1,0,0,0,1,1,-0.706918309,0.013108,0.533730,-1.349045504
050567,1.2027650241,-0.240385219,0.122548342,2.4305575034,1.4470187238,0.3628172381,0.1924519392,1.5059980778,-0.590825045,1.6768798566,0.7675914583,1,1,1,1,1,1,1,1,1,1,1,11,0.0909090909,0.8070379909,0.013108,0.533730,1.4875126779
050570,-0.127289408,-2.0340376,-0.751023729,,-0.232020569,-1.822066692,0.3616363166,0.3257760046,,,0.4257342795,1,1,1,0,1,1,1,1,0,0,1,8,0.125,-0.481661424,0.013108,0.533730,-0.927002767
050573,0.8918432089,-0.135715849,0.3244795744,3.6537484588,0.3676363213,0.5614430499,1.3767425806,0.4733037638,-0.225773853,1.909984201,1.4513058159,1,1,1,1,1,1,1,1,1,1,1,11,0.0909090909,0.9680906611,0.013108,0.533730,1.7892619882
050580,,-0.544877931,0.2366833864,0.2899733314,,,,-1.887140383,,,,0,1,1,1,0,0,0,1,0,0,0,4,0.25,-0.476340399,0.013108,0.533730,-0.91703326
050581,-2.643452986,-0.863643738,-1.971390742,-0.117756987,,-0.332373103,,-0.264335032,,,0.4257342795,1,1,1,1,0,1,0,1,0,0,1,7,0.1428571429,-0.82388833,0.013108,0.533730,-1.56820128
050586,,0.2496577394,-1.238292572,,,,,-1.592084864,,,,0,1,1,0,0,0,0,1,0,0,0,3,0.3333333333,-0.860239899,0.013108,0.533730,-1.636309812
050588,,-1.534479244,-2.78789529,,,,-0.991838702,-1.001973828,,,-0.257980078,0,1,1,0,0,0,1,1,0,0,1,5,0.2,-1.314833428,0.013108,0.533730,-2.488039149
050589,,-0.535362533,-0.917836486,0.5957710702,,,,-0.116807273,,,0.0838771007,0,1,1,1,0,0,0,1,0,0,1,5,0.2,-0.178071624,0.013108,0.533730,-0.358194981
050590,,0.8158238755,-2.313795875,0.2899733314,,-1.12687635,,-0.411862791,,,0.0838771007,0,1,1,1,0,1,0,1,0,0,1,6,0.1666666667,-0.443810118,0.013108,0.533730,-0.856084318
050597,,0.3400540132,-0.000366321,0.2899733314,,1.5545721089,,-1.444557105,,,0.4257342795,0,1,1,1,0,1,0,1,0,0,1,6,0.1666666667,0.1942350511,0.013108,0.533730,0.3393611809
050599,-0.328812806,-0.349812287,-0.5973804,2.6344226626,0.9672932116,-0.431686009,-0.145916815,0.0307204863,-0.80985576,0.7444624792,0.4257342795,1,1,1,1,1,1,1,1,1,1,1,11,0.0909090909,0.1944699129,0.013108,0.533730,0.3398012194
050603,1.3121634406,0.9823433273,-0.039874606,,-0.351951947,0.8593817676,,1.2109425595,,,0.7675914583,1,1,1,0,1,1,0,1,0,0,1,7,0.1428571429,0.6772280001,0.013108,0.533730,1.244299851
050604,,0.4304502871,,,,,,-0.116807273,,,,0,1,0,0,0,0,0,1,0,0,0,2,0.5,0.1568215071,0.013108,0.533730,0.2692629262
050608,,0.9062201493,-0.7378543,0.391905911,,,-0.145916815,0.1782482455,,,,0,1,1,1,0,0,1,1,0,0,0,5,0.2,0.118520638,0.013108,0.533730,0.1975021735
050609,,,,,,,,-0.264335032,,,,0,0,0,0,0,0,0,1,0,0,0,1,1,-0.264335032,0.013108,0.533730,-0.519818652
050624,-1.394007914,-0.944524615,-1.440223804,-0.933217624,,0.462130144,,-0.706918309,0.5043285299,0.1617016183,0.4257342795,1,1,1,1,0,1,0,1,1,1,1,9,0.1111111111,-0.429444188,0.013108,0.533730,-0.829168221
050625,0.1721167847,-0.835097547,-1.233902762,0.4938384906,-0.232020569,0.3628172381,-0.145916815,0.9158870412,-1.393937666,2.8424015784,1.7931629948,1,1,1,1,1,1,1,1,1,1,1,11,0.0909090909,0.2490317062,0.013108,0.533730,0.4420285434
050633,,-1.187167245,-0.110111556,-0.015824407,,0.5614430499,-0.315101193,-0.854446069,,,-0.257980078,0,1,1,1,0,1,1,1,0,0,1,7,0.1428571429,-0.3113125,0.013108,0.533730,-0.607835935
050636,,0.8015507796,0.4254451906,0.6977036498,,0.6607559558,,-0.264335032,,,0.4257342795,0,1,1,1,0,1,0,1,0,0,1,6,0.1666666667,0.4578091372,0.013108,0.533730,0.83319527
050641,,-0.915978423,0.8732057493,,,,,-1.592084864,,,,0,1,1,0,0,0,0,1,0,0,0,3,0.3333333333,-0.544952513,0.013108,0.533730,-1.045585354
050663,,-0.930251519,-1.264631428,-0.219689567,,2.7463269797,,-0.116807273,,,,0,1,1,1,0,1,0,1,0,0,0,5,0.2,0.0429894386,0.013108,0.533730,0.0559864364
050668,,,-3.700975645,,,,,-0.854446069,,,,0,0,1,0,0,0,0,1,0,0,0,2,0.5,-2.277710857,0.013108,0.533730,-4.292092441
050674,,-0.154746644,-0.053044034,,,,,0.0307204863,,,,0,1,1,0,0,0,0,1,0,0,0,3,0.3333333333,-0.059023397,0.013108,0.533730,-0.135145463
050677,,,,,,,,-0.55939055,,,,0,0,0,0,0,0,0,1,0,0,0,1,1,-0.55939055,0.013108,0.533730,-1.072636553
050678,-0.323054995,0.1116844794,-0.193517935,,-0.471883325,1.2566333912,,-0.55939055,0.1392773383,0.1617016183,0.7675914583,1,1,1,0,1,1,0,1,1,1,1,9,0.1111111111,0.0987823867,0.013108,0.533730,0.1605204599
050684,,,-2.353304159,,,,,-2.32972366,,,,0,0,1,0,0,0,0,1,0,0,0,2,0.5,-2.34151391,0.013108,0.533730,-4.411634248
050686,,,,,,,,1.0634148004,,,,0,0,0,0,0,0,0,1,0,0,0,1,1,1.0634148004,0.013108,0.533730,1.9678619036
050689,-1.87190626,-0.026288781,-0.136450413,-0.729352465,,0.7600688617,0.0232675619,-0.55939055,,,-0.257980078,1,1,1,1,0,1,1,1,0,0,1,8,0.125,-0.349754015,0.013108,0.533730,-0.679860204
050690,,,,,,,,0.7683592821,,,,0,0,0,0,0,0,0,1,0,0,0,1,1,0.7683592821,0.013108,0.533730,1.4150440023
050696,-1.215515761,-1.800910367,-0.189128125,-0.831285044,0.0078421871,,0.7000050712,-1.149501587,-0.590825045,1.4437755123,1.1094486371,1,1,1,1,1,0,1,1,1,1,1,10,0.1,-0.251609452,0.013108,0.533730,-0.495975925
050697,,,,,,,,,,,,0,0,0,0,0,0,0,0,0,0,0,0,,,0.013108,0.533730,
050701,,-2.381349599,0.2630222428,-0.423554726,,0.7600688617,,-0.411862791,,,-0.941694436,0,1,1,1,0,1,0,1,0,0,1,6,0.1666666667,-0.522561741,0.013108,0.533730,-1.003633862
050704,,0.8776739576,-1.036361339,,,0.7600688617,0.7000050712,1.2109425595,,,,0,1,1,0,0,1,1,1,0,0,0,5,0.2,0.5024658221,0.013108,0.533730,0.9168643196
050708,,,,,,,1.2075582032,1.8010535961,,,1.1094486371,0,0,0,0,0,0,1,1,0,0,1,3,0.3333333333,1.3726868122,0.013108,0.533730,2.5473159177
050709,0.7306244899,-1.125317163,-0.619329447,0.0861081721,,-0.928250539,-0.48428557,-0.854446069,,,-0.257980078,1,1,1,1,0,1,1,1,0,0,1,8,0.125,-0.431609525,0.013108,0.533730,-0.83322521
050710,,,,,,,,-0.116807273,,,,0,0,0,0,0,0,0,1,0,0,0,1,1,-0.116807273,0.013108,0.533730,-0.243409701
050714,,,,3.0421529811,,,-0.48428557,-0.411862791,,,0.7675914583,0,0,0,1,0,0,1,1,0,0,1,4,0.25,0.7283990195,0.013108,0.533730,1.3401741995
050717,,,,,,,,-0.264335032,,,,0,0,0,0,0,0,0,1,0,0,0,1,1,-0.264335032,0.013108,0.533730,-0.519818652
050723,,,,,,,,-1.444557105,,,,0,0,0,0,0,0,0,1,0,0,0,1,1,-1.444557105,0.013108,0.533730,-2.731090257
050724,0.8285072835,0.1830499587,-0.772972776,,0.9672932116,-0.034434386,,0.1782482455,,,-0.599837257,1,1,1,0,1,1,0,1,0,0,1,7,0.1428571429,0.1071220402,0.013108,0.533730,0.1761456879
050726,,,,2.6344226626,,,1.8842957126,0.3257760046,,,-1.625408793,0,0,0,1,0,0,1,1,0,0,1,4,0.25,0.8047713966,0.013108,0.533730,1.4832659724
050735,,-0.930251519,-1.62020599,0.391905911,,1.1573204853,,-2.034668142,,,,0,1,1,1,0,1,0,1,0,0,0,5,0.2,-0.607179851,0.013108,0.533730,-1.162174892
050736,,-0.559151026,-0.66761735,0.2899733314,,,,-1.297029346,,,,0,1,1,1,0,0,0,1,0,0,0,4,0.25,-0.558456098,0.013108,0.533730,-1.070885757
050737,-2.873765442,-1.710514093,-3.178588326,0.2899733314,-1.191471594,0.6607559558,,-0.55939055,,,0.7675914583,1,1,1,1,1,1,0,1,0,0,1,8,0.125,-0.974426158,0.013108,0.533730,-1.850249915
050738,,-1.634390915,-1.211953715,,,,,-1.592084864,,,,0,1,1,0,0,0,0,1,0,0,0,3,0.3333333333,-1.479476498,0.013108,0.533730,-2.796515455
050739,-1.319156366,-0.697124287,-1.7650697,,,-1.62344088,,-1.739612624,,,,1,1,1,0,0,1,0,1,0,0,0,5,0.2,-1.428880771,0.013108,0.533730,-2.701718978
050740,,-1.596329326,-1.062700196,,,-0.332373103,-0.653469947,0.7683592821,,,0.7675914583,0,1,1,0,0,1,1,1,0,0,1,6,0.1666666667,-0.351486972,0.013108,0.533730,-0.683107083
050744,,,0.407885953,,,,,0.1782482455,,,,0,0,1,0,0,0,0,1,0,0,0,2,0.5,0.2930670992,0.013108,0.533730,0.5245335367
050745,,,-1.571918086,,,,0.8691894486,0.3257760046,,,-4.360266224,0,0,1,0,0,0,1,1,0,0,1,4,0.25,-1.184304714,0.013108,0.533730,-2.243479717
050746,,-0.506816342,-1.001242864,,,,,-0.854446069,,,,0,1,1,0,0,0,0,1,0,0,0,3,0.3333333333,-0.787501758,0.013108,0.533730,-1.500027167
050747,,,0.4693432846,,,,,-0.55939055,,,,0,0,1,0,0,0,0,1,0,0,0,2,0.5,-0.045023633,0.013108,0.533730,-0.108915416
050748,,,,,,,,0.1782482455,,,,0,0,0,0,0,0,0,1,0,0,0,1,1,0.1782482455,0.013108,0.533730,0.3094081998
050755,-2.07918747,-3.332889324,-1.879204744,,,-0.431686009,0.8691894486,-1.739612624,,,,1,1,1,0,0,1,1,1,0,0,0,6,0.1666666667,-1.432231787,0.013108,0.533730,-2.707997462
050757,1.1567025329,-0.958797711,0.8161382271,0.6977036498,,-0.332373103,-0.145916815,-0.411862791,,,-0.941694436,1,1,1,1,0,1,1,1,0,0,1,8,0.125,-0.015012556,0.013108,0.533730,-0.05268647
050758,,1.0679819025,-0.215466982,-0.219689567,,,,-2.477251419,,,,0,1,1,1,0,0,0,1,0,0,0,4,0.25,-0.461106516,0.013108,0.533730,-0.88849096
050760,,,-1.124157527,,,,,-0.55939055,,,,0,0,1,0,0,0,0,1,0,0,0,2,0.5,-0.841774039,0.013108,0.533730,-1.601712059
050761,-2.603148307,-0.930251519,-0.939785533,,-1.071540215,0.6607559558,1.0383738259,-0.411862791,0.8693797215,-0.187954898,0.0838771007,1,1,1,0,1,1,1,1,1,1,1,10,0.1,-0.349215666,0.013108,0.533730,-0.678851549
050763,,-4.079848007,-4.056550206,-0.219689567,,-0.233060197,,-4.542640047,,,,0,1,1,1,0,1,0,1,0,0,0,5,0.2,-2.626357605,0.013108,0.533730,-4.945319212
050764,0.1606011619,0.6873660127,0.6273764229,-0.015824407,-0.471883325,-0.630311821,-2.683682475,0.0307204863,,,-5.727694939,1,1,1,1,1,1,1,1,0,0,1,9,0.1111111111,-0.891481432,0.013108,0.533730,-1.694844147
050765,,,,,,,,0.1782482455,,,,0,0,0,0,0,0,0,1,0,0,0,1,1,0.1782482455,0.013108,0.533730,0.3094081998
050766,,,,,,,-1.668576211,-0.55939055,,,0.4257342795,0,0,0,0,0,0,1,1,0,0,1,3,0.3333333333,-0.600744161,0.013108,0.533730,-1.150116942
050767,,,,,,,,0.4733037638,,,,0,0,0,0,0,0,0,1,0,0,0,1,1,0.4733037638,0.013108,0.533730,0.8622261011
050769,,,,,,,0.8691894486,-0.706918309,,,1.1094486371,0,0,0,0,0,0,1,1,0,0,1,3,0.3333333333,0.4239065921,0.013108,0.533730,0.7696752451
050770,-0.110015974,-1.458356066,-1.036361339,,0.6074990774,-0.332373103,,-2.034668142,,,0.0838771007,1,1,1,0,1,1,0,1,0,0,1,7,0.1428571429,-0.611485492,0.013108,0.533730,-1.170241969
050771,,-2.119676175,-0.031094987,,,,,-0.264335032,,,,0,1,1,0,0,0,0,1,0,0,0,3,0.3333333333,-0.805035398,0.013108,0.533730,-1.532878307
050772,,,,,,,,0.4733037638,,,,0,0,0,0,0,0,0,1,0,0,0,1,1,0.4733037638,0.013108,0.533730,0.8622261011
050775,-0.737617415,0.7492160948,1.1409841227,,0.4875676993,0.7600688617,-1.668576211,-0.116807273,,,0.4257342795,1,1,1,0,1,1,1,1,0,0,1,8,0.125,0.1300712698,0.013108,0.533730,0.2191435109
050776,,0.2639308353,-1.479732089,-1.442880522,,-0.729624727,,0.0307204863,,,,0,1,1,1,0,1,0,1,0,0,0,5,0.2,-0.671517203,0.013108,0.533730,-1.282717766
050777,,,-1.607036561,,,,,-1.297029346,,,,0,0,1,0,0,0,0,1,0,0,0,2,0.5,-1.452032954,0.013108,0.533730,-2.745097055
050778,,,,,,,,,,,,0,0,0,0,0,0,0,0,0,0,0,0,,,0.013108,0.533730,
050779,,0.7349429989,-2.392812444,,,-0.233060197,,-0.706918309,,,,0,1,1,0,0,1,0,1,0,0,0,4,0.25,-0.649461988,0.013108,0.533730,-1.241394973
050780,,-1.44408297,0.5308006162,-0.015824407,,,,-0.854446069,,,,0,1,1,1,0,0,0,1,0,0,0,4,0.25,-0.445888208,0.013108,0.533730,-0.85997784
050782,,0.658819821,1.5097281123,-0.219689567,,,1.2075582032,0.3257760046,,,-0.257980078,0,1,1,1,0,0,1,1,0,0,1,6,0.1666666667,0.5373687494,0.013108,0.533730,0.9822586668
050783,,0.7301853003,-0.830040298,,,0.0648785204,,0.0307204863,,,,0,1,1,0,0,1,0,1,0,0,0,4,0.25,-0.001063998,0.013108,0.533730,-0.026552363
050784,,0.7920353824,0.3244795744,,,,,-0.264335032,,,-0.599837257,0,1,1,0,0,0,0,1,0,0,1,4,0.25,0.063085667,0.013108,0.533730,0.0936388581
050785,,,,,,,1.3767425806,0.6208315229,,,,0,0,0,0,0,0,1,1,0,0,0,2,0.5,0.9987870518,0.013108,0.533730,1.8467749415
050855,,,,,,,,,,,,0,0,0,0,0,0,0,0,0,0,0,0,,,0.013108,0.533730,
05114F,-0.812468963,0.4827849719,-1.462172851,,,-1.027563445,0.5308206939,0.3257760046,,,,1,1,1,0,0,1,1,1,0,0,0,6,0.1666666667,-0.327137265,0.013108,0.533730,-0.637485316
05127F,-0.415179977,0.0260459041,0.9741713655,,,0.3628172381,0.0232675619,0.6208315229,,,,1,1,1,0,0,1,1,1,0,0,0,6,0.1666666667,0.2653256025,0.013108,0.533730,0.4725568915
05128F,-1.66462505,0.3638425064,-1.896763982,,,-0.233060197,-1.330207457,-1.887140383,,,,1,1,1,0,0,1,1,1,0,0,0,6,0.1666666667,-1.107992427,0.013108,0.533730,-2.100500529
051300,,,-0.290093742,,,,,-0.116807273,,,,0,0,1,0,0,0,0,1,0,0,0,2,0.5,-0.203450507,0.013108,0.533730,-0.405745018
051301,,-1.163378752,-0.329602026,-0.627419885,,,,-0.706918309,,,,0,1,1,1,0,0,0,1,0,0,0,4,0.25,-0.706829743,0.013108,0.533730,-1.348879565
051302,,,,,,,,,,,,0,0,0,0,0,0,0,0,0,0,0,0,,,0.013108,0.533730,
051303,,,,,,,-2.006944966,-0.411862791,,,,0,0,0,0,0,0,1,1,0,0,0,2,0.5,-1.209403879,0.013108,0.533730,-2.290505672
051304,,0.9966164232,-0.342771454,,,,,-2.32972366,,,,0,1,1,0,0,0,0,1,0,0,0,3,0.3333333333,-0.55862623,0.013108,0.533730,-1.071204519
051305,,,0.8380872741,,,,,0.4733037638,,,,0,0,1,0,0,0,0,1,0,0,0,2,0.5,0.6556955189,0.013108,0.533730,1.2039564571
051306,,,1.4789994465,,,,,-0.116807273,,,,0,0,1,0,0,0,0,1,0,0,0,2,0.5,0.6810960868,0.013108,0.533730,1.251547123
051307,,,,,,,,,,,,0,0,0,0,0,0,0,0,0,0,0,0,,,0.013108,0.533730,
051309,,,,,,,,,,,,0,0,0,0,0,0,0,0,0,0,0,0,,,0.013108,0.533730,
05130F,0.0281714999,-0.930251519,-0.096942128,,,-1.027563445,0.3616363166,0.7683592821,,,,1,1,1,0,0,1,1,1,0,0,0,6,0.1666666667,-0.149431665,0.013108,0.533730,-0.304534972
051310,,-0.682851191,2.1462504752,0.391905911,,0.0648785204,0.5308206939,1.0634148004,,,-2.65098033,0,1,1,1,0,1,1,1,0,0,1,7,0.1428571429,0.1233484115,0.013108,0.533730,0.2065475207
051311,,,0.4781229034,-0.015824407,,,,0.6208315229,,,,0,0,1,1,0,0,0,1,0,0,0,3,0.3333333333,0.3610433396,0.013108,0.533730,0.6518942543
051312,,,,,,,,0.4733037638,,,,0,0,0,0,0,0,0,1,0,0,0,1,1,0.4733037638,0.013108,0.533730,0.8622261011
051314,,,-0.759803347,0.2899733314,,0.0648785204,,0.4733037638,,,,0,0,1,1,0,1,0,1,0,0,0,4,0.25,0.0170880671,0.013108,0.533730,0.0074574615
051315,,,,0.5957710702,,,,0.7683592821,,,,0,0,0,1,0,0,0,1,0,0,0,2,0.5,0.6820651762,0.013108,0.533730,1.253362815
051316,,0.4542387802,0.7239522297,-1.137082783,,0.5614430499,0.3616363166,0.1782482455,,,0.0838771007,0,1,1,1,0,1,1,1,0,0,1,7,0.1428571429,0.1751875627,0.013108,0.533730,0.3036736852
051317,,0.0165305069,0.407885953,-1.442880522,,0.0648785204,,0.1782482455,,,0.0838771007,0,1,1,1,0,1,0,1,0,0,1,6,0.1666666667,-0.115243366,0.013108,0.533730,-0.240479556
051318,,0.7301853003,0.3288693838,0.391905911,,,,1.3584703187,,,0.7675914583,0,1,1,1,0,0,0,1,0,0,1,5,0.2,0.7154044744,0.013108,0.533730,1.3158275369
051319,,1.8672752711,-0.105721747,-0.321622146,,,,0.3257760046,,,-0.599837257,0,1,1,1,0,0,0,1,0,0,1,5,0.2,0.2331740251,0.013108,0.533730,0.412317491
051320,,0.6255159306,-0.549092496,0.1880407518,,,,-0.264335032,,,0.4257342795,0,1,1,1,0,0,0,1,0,0,1,5,0.2,0.0851726867,0.013108,0.533730,0.1350212393
051321,,0.6921237113,-0.338381645,,,,,0.1782482455,,,,0,1,1,0,0,0,0,1,0,0,0,3,0.3333333333,0.1773301039,0.013108,0.533730,0.307687964
051323,,,,,,,,-0.55939055,,,,0,0,0,0,0,0,0,1,0,0,0,1,1,-0.55939055,0.013108,0.533730,-1.072636553
051324,,1.6531788331,-2.823013765,,,,,-0.411862791,,,,0,1,1,0,0,0,0,1,0,0,0,3,0.3333333333,-0.527232574,0.013108,0.533730,-1.012385164
051325,,-0.587697218,-0.22863641,1.0035013887,,-1.12687635,,-1.001973828,0.5043285299,-3.218311375,-0.257980078,0,1,1,1,0,1,0,1,1,1,1,8,0.125,-0.614205668,0.013108,0.533730,-1.175338507
051326,,0.6873660127,,,,,,-0.706918309,,,,0,1,0,0,0,0,0,1,0,0,0,2,0.5,-0.009776148,0.013108,0.533730,-0.042875504
051327,,,,,,,,0.1782482455,,,,0,0,0,0,0,0,0,1,0,0,0,1,1,0.1782482455,0.013108,0.533730,0.3094081998
051328,,0.9014624507,-0.022315368,,,-0.332373103,-0.991838702,0.4733037638,0.6503490066,-2.169341825,0.7675914583,0,1,1,0,0,1,1,1,1,1,1,8,0.125,-0.09039529,0.013108,0.533730,-0.193924042
051329,,1.2059551626,1.4482707807,0.4938384906,,0.9586946735,,1.9485813553,,,0.0838771007,0,1,1,1,0,1,0,1,0,0,1,6,0.1666666667,1.0232029272,0.013108,0.533730,1.8925206815
051330,,,1.1146452663,,,0.2635043322,,0.4733037638,,,,0,0,1,0,0,1,0,1,0,0,0,3,0.3333333333,0.6171511207,0.013108,0.533730,1.1317394267
051331,,,,0.6977036498,,,,0.4733037638,,,,0,0,0,1,0,0,0,1,0,0,0,2,0.5,0.5855037068,0.013108,0.533730,1.0724446301
051332,,-1.629633217,0.6756643263,0.1880407518,,0.5614430499,0.5308206939,-0.264335032,0.0662671,-1.586580964,0.0838771007,0,1,1,1,0,1,1,1,1,1,1,9,0.1111111111,-0.152715132,0.013108,0.533730,-0.310686896
051333,,,,-0.015824407,,,,,0.5043285299,-0.187954898,0.7675914583,0,0,0,1,0,0,0,0,1,1,1,4,0.25,0.2670351706,0.013108,0.533730,0.4757599492
051334,,,,,,,,0.4733037638,,,,0,0,0,0,0,0,0,1,0,0,0,1,1,0.4733037638,0.013108,0.533730,0.8622261011
051335,,,,,,,,,,,,0,0,0,0,0,0,0,0,0,0,0,0,,,0.013108,0.533730,
051336,,,,,,,,0.3257760046,,,,0,0,0,0,0,0,0,1,0,0,0,1,1,0.3257760046,0.013108,0.533730,0.5858171505
051337,,,,-0.015824407,,,,,,,-0.941694436,0,0,0,1,0,0,0,0,0,0,1,2,0.5,-0.478759422,0.013108,0.533730,-0.921565556
060001,1.0357884937,0.5589081499,1.0619675535,-0.423554726,0.4875676993,0.5614430499,0.1924519392,0.1782482455,-0.152763615,0.2782537905,-0.257980078,1,1,1,1,1,1,1,1,1,1,1,11,0.0909090909,0.3200300457,0.013108,0.533730,0.5750514851
060003,,0.9728279301,-1.010022483,0.1880407518,,-0.034434386,,0.0307204863,,,-0.257980078,0,1,1,1,0,1,0,1,0,0,1,6,0.1666666667,-0.01847463,0.013108,0.533730,-0.059173034
060004,,0.6826083141,0.5000719504,-1.239015363,,,,0.4733037638,,,0.4257342795,0,1,1,1,0,0,0,1,0,0,1,5,0.2,0.168540589,0.013108,0.533730,0.2912198727
060006,1.4158040456,1.1108011901,1.0224592689,-0.933217624,,0.2635043322,,-0.706918309,0.285297815,-0.187954898,-0.257980078,1,1,1,1,0,1,0,1,1,1,1,9,0.1111111111,0.2235328602,0.013108,0.533730,0.3942537429
060008,,,-1.383156282,-0.117756987,,,-0.48428557,-0.854446069,0.0662671,-2.40244617,-1.967265972,0,0,1,1,0,0,1,1,1,1,1,7,0.1428571429,-1.020441421,0.013108,0.533730,-1.936464406
060009,0.4197026746,1.5437517648,0.8907649869,0.2899733314,,0.2635043322,,1.3584703187,1.1614206748,0.2782537905,0.4257342795,1,1,1,1,0,1,0,1,1,1,1,9,0.1111111111,0.7368417948,0.013108,0.533730,1.3559926372
060010,0.5809213936,1.1726512722,0.9214936527,-1.544813102,,0.9586946735,0.1924519392,1.8010535961,0.2122875767,0.1617016183,0.0838771007,1,1,1,1,0,1,1,1,1,1,1,10,0.1,0.4540319721,0.013108,0.533730,0.8261183493
060011,,-1.268048121,-0.909056867,-0.015824407,,0.6607559558,,0.6208315229,-0.37179433,-0.887267931,0.4257342795,0,1,1,1,0,1,0,1,1,1,1,8,0.125,-0.218083737,0.013108,0.533730,-0.433161931
060012,,0.0498343973,,0.6977036498,,,0.1924519392,0.3257760046,0.7233592449,0.7444624792,0.7675914583,0,1,0,1,0,0,1,1,1,1,1,7,0.1428571429,0.5001684533,0.013108,0.533730,0.9125599548
060013,1.2315540811,0.8824316562,0.5790885195,2.0228271849,,0.5614430499,,1.8010535961,0.8693797215,-1.236924448,0.0838771007,1,1,1,1,0,1,0,1,1,1,1,9,0.1111111111,0.7549700513,0.013108,0.533730,1.3899578542
060014,,1.4057785047,-0.847599535,,,,-0.653469947,-0.706918309,-0.955876236,-1.003820104,-1.967265972,0,1,1,0,0,0,1,1,1,1,1,7,0.1428571429,-0.675595943,0.013108,0.533730,-1.290359718
060015,1.1567025329,0.3876309995,-0.461296308,0.4938384906,1.2071559677,0.6607559558,,-0.116807273,,,-1.283551615,1,1,1,1,1,1,0,1,0,0,1,8,0.125,0.2555535939,0.013108,0.533730,0.4542479937
060020,-0.01213318,1.2820783405,0.6229866135,-1.137082783,-0.591814703,0.6607559558,-0.822654325,-1.001973828,,,-1.625408793,1,1,1,1,1,1,1,1,0,0,1,9,0.1111111111,-0.291694078,0.013108,0.533730,-0.571078735
060022,0.8112338494,0.910977848,0.3903267154,-1.442880522,0.7274304554,0.6607559558,0.1924519392,1.2109425595,0.8693797215,-0.887267931,-0.257980078,1,1,1,1,1,1,1,1,1,1,1,11,0.0909090909,0.2895791375,0.013108,0.533730,0.5179984693
060023,1.1739759671,0.5922120402,1.2726784047,-1.646745681,1.0872245896,0.5614430499,0.5308206939,2.0961091144,0.7233592449,0.627910307,0.7675914583,1,1,1,1,1,1,1,1,1,1,1,11,0.0909090909,0.7078708353,0.013108,0.533730,1.3017124627
060024,1.5136868393,-0.706639684,0.9346630809,1.717029446,0.6074990774,1.455259203,1.3767425806,0.6208315229,1.1614206748,0.5113581348,0.4257342795,1,1,1,1,1,1,1,1,1,1,1,11,0.0909090909,0.8743259232,0.013108,0.533730,1.6135837772
060027,-0.530336205,-0.073865767,0.7195624203,0.9015688091,-0.831677459,1.3559462971,-1.837760589,-0.264335032,,,0.0838771007,1,1,1,1,1,1,1,1,0,0,1,9,0.1111111111,-0.053002269,0.013108,0.533730,-0.12386424
060028,,1.1964397653,0.539580235,0.391905911,0.8473618335,-0.630311821,,1.0634148004,0.5043285299,0.7444624792,-0.257980078,0,1,1,1,1,1,0,1,1,1,1,9,0.1111111111,0.4888001839,0.013108,0.533730,0.8912602927
060030,,1.201197464,0.6800541357,-0.933217624,,,,-0.55939055,0.1392773383,0.2782537905,-0.257980078,0,1,1,1,0,0,0,1,1,1,1,7,0.1428571429,0.0783134966,0.013108,0.533730,0.1221698168
060031,0.4369761088,1.1583781764,1.4219319243,-0.321622146,-0.112089191,-0.332373103,-0.315101193,1.653525837,-0.079753377,0.7444624792,-1.283551615,1,1,1,1,1,1,1,1,1,1,1,11,0.0909090909,0.2700712637,0.013108,0.533730,0.4814483926
060032,-0.847015832,-0.154746644,-0.663227541,,,-0.034434386,-0.991838702,-1.592084864,,,-0.941694436,1,1,1,0,0,1,1,1,0,0,1,7,0.1428571429,-0.746434629,0.013108,0.533730,-1.423083532
060034,-0.346086241,0.2115961504,-0.509584212,-0.729352465,0.4875676993,-0.034434386,0.7000050712,0.4733037638,0.5043285299,0.5113581348,-2.65098033,1,1,1,1,1,1,1,1,1,1,1,11,0.0909090909,-0.125661662,0.013108,0.533730,-0.259999342
060044,,1.0061318204,0.7590707049,0.1880407518,,,0.8691894486,-0.55939055,,,,0,1,1,1,0,0,1,1,0,0,0,5,0.2,0.4526084351,0.013108,0.533730,0.8234512012
060049,,,-0.066213462,0.4938384906,,,-0.315101193,0.4733037638,-0.444804568,-1.003820104,-0.257980078,0,0,1,1,0,0,1,1,1,1,1,7,0.1428571429,-0.160111021,0.013108,0.533730,-0.324543881
060054,,1.5199632717,0.2191241488,1.2073665479,,,1.2075582032,0.9158870412,1.0154001981,0.2782537905,-2.309123151,0,1,1,1,0,0,1,1,1,1,1,8,0.125,0.5068037563,0.013108,0.533730,0.9249919008
06005F,-0.703070547,1.6817250249,-0.057433843,,,-1.12687635,0.1924519392,2.0961091144,,,,1,1,1,0,0,1,1,1,0,0,0,6,0.1666666667,0.3471508896,0.013108,0.533730,0.6258652714
060064,-0.564883074,0.758731492,0.100599295,0.5957710702,0.4875676993,0.3628172381,-0.653469947,0.6208315229,,,1.1094486371,1,1,1,1,1,1,1,1,0,0,1,9,0.1111111111,0.3130459926,0.013108,0.533730,0.5619661188
060065,,1.3439284226,-0.913446676,-0.729352465,,0.5614430499,,0.3257760046,,,-0.257980078,0,1,1,1,0,1,0,1,0,0,1,6,0.1666666667,0.0550613763,0.013108,0.533730,0.078604496
060071,,-0.254658315,-0.59299059,0.1880407518,,,0.7000050712,-1.149501587,0.3583080533,-2.635550514,-1.283551615,0,1,1,1,0,0,1,1,1,1,1,8,0.125,-0.583737343,0.013108,0.533730,-1.118252859
060075,1.0012416253,0.5018157664,1.9487090522,-0.729352465,,0.3628172381,-0.145916815,0.3257760046,0.3583080533,-0.187954898,0.0838771007,1,1,1,1,0,1,1,1,1,1,1,10,0.1,0.3519320662,0.013108,0.533730,0.6348233143
060076,,-0.6495473,0.2937509086,0.2899733314,,,,0.1782482455,-0.152763615,-2.752102686,0.4257342795,0,1,1,1,0,0,0,1,1,1,1,7,0.1428571429,-0.338100977,0.013108,0.533730,-0.658026996
06007F,,1.2107128612,1.1453739321,,,0.9586946735,0.1924519392,0.4733037638,,,,0,1,1,0,0,1,1,1,0,0,0,5,0.2,0.796107434,0.013108,0.533730,1.4670331167
060096,,0.3781156022,0.429835,-0.423554726,,,0.7000050712,1.2109425595,0.9423899598,0.7444624792,0.4257342795,0,1,1,1,0,0,1,1,1,1,1,8,0.125,0.5509912782,0.013108,0.533730,1.0077819237
060100,0.4081870518,1.7673636001,0.3156999556,0.9015688091,-0.471883325,0.6607559558,0.3616363166,1.9485813553,,,-1.625408793,1,1,1,1,1,1,1,1,0,0,1,9,0.1111111111,0.4740556584,0.013108,0.533730,0.8636348557
060103,,1.6436634359,1.6633714412,1.0035013887,,,,1.653525837,-0.517814807,-0.30450707,0.0838771007,0,1,1,1,0,0,0,1,1,1,1,7,0.1428571429,0.7465167609,0.013108,0.533730,1.3741197154
060104,-0.311539372,1.5056901758,1.5404567781,-0.831285044,,-1.325502162,,1.5059980778,,,-0.257980078,1,1,1,1,0,1,0,1,0,0,1,7,0.1428571429,0.2608340535,0.013108,0.533730,0.4641414966
060107,,,,1.6150968664,,,,,1.672492343,-1.819685309,,0,0,0,1,0,0,0,0,1,1,0,3,0.3333333333,0.4893013002,0.013108,0.533730,0.8921991874
060112,0.5175854683,0.658819821,-0.118891175,-0.321622146,,0.0648785204,-1.161023079,0.1782482455,0.6503490066,0.627910307,-0.599837257,1,1,1,1,0,1,1,1,1,1,1,10,0.1,0.0496417711,0.013108,0.533730,0.0684502891
060113,1.0185150595,-0.026288781,0.1532770078,-0.321622146,,0.462130144,-0.653469947,0.1782482455,,,-0.941694436,1,1,1,1,0,1,1,1,0,0,1,8,0.125,-0.016363107,0.013108,0.533730,-0.055216871
060114,1.7382414836,1.3344130254,0.8995446057,0.0861081721,,1.6538850148,0.3616363166,0.7683592821,0.285297815,0.5113581348,-0.599837257,1,1,1,1,0,1,1,1,1,1,1,10,0.1,0.7039006593,0.013108,0.533730,1.2942739156
060116,,0.7254276017,1.0312388877,0.5957710702,,-0.828937633,,1.2109425595,0.9423899598,0.1617016183,0.4257342795,0,1,1,1,0,1,0,1,1,1,1,8,0.125,0.533033543,0.013108,0.533730,0.9741361965
060117,,,,,,,0.3616363166,0.9158870412,,,-0.257980078,0,0,0,0,0,0,1,1,0,0,1,3,0.3333333333,0.3398477599,0.013108,0.533730,0.6121820809
060118,,,,,,,,0.6208315229,,,-0.941694436,0,0,0,0,0,0,0,1,0,0,1,2,0.5,-0.160431456,0.013108,0.533730,-0.32514425
060119,0.6500151304,0.3828733008,0.3244795744,-1.850610841,-1.071540215,0.7600688617,-0.48428557,1.8010535961,0.285297815,-0.30450707,0.0838771007,1,1,1,1,1,1,1,1,1,1,1,11,0.0909090909,0.0524292439,0.013108,0.533730,0.0736729158
060124,,,,,,,0.7000050712,1.9485813553,,,-0.257980078,0,0,0,0,0,0,1,1,0,0,1,3,0.3333333333,0.7968687828,0.013108,0.533730,1.4684595847
060125,,0.0641074931,0.8468668929,0.5957710702,,-0.530998915,,0.3257760046,,,-0.257980078,0,1,1,1,0,1,0,1,0,0,1,6,0.1666666667,0.1739237446,0.013108,0.533730,0.3013057875
060126,,,,-0.321622146,,,,-0.264335032,,,0.0838771007,0,0,0,1,0,0,0,1,0,0,1,3,0.3333333333,-0.167360026,0.013108,0.533730,-0.338125662
060128,1.1797337785,0.7111545058,1.4131523055,-1.239015363,,0.9586946735,,-0.264335032,,,0.7675914583,1,1,1,1,0,1,0,1,0,0,1,7,0.1428571429,0.503853761,0.013108,0.533730,0.9194647707
060129,,,,,,,0.3616363166,0.6208315229,,,1.1094486371,0,0,0,0,0,0,1,1,0,0,1,3,0.3333333333,0.6973054922,0.013108,0.533730,1.2819171684
060130,,,1.3121866893,,,,0.1924519392,0.1782482455,,,0.4257342795,0,0,1,0,0,0,1,1,0,0,1,4,0.25,0.5271552884,0.013108,0.533730,0.9631226611
060131,1.2085228355,0.7016391086,0.2366833864,-1.850610841,,0.0648785204,,1.0634148004,0.4313182916,-1.236924448,-2.309123151,1,1,1,1,0,1,0,1,1,1,1,9,0.1111111111,-0.187800166,0.013108,0.533730,-0.376422439
060132,,0.6445467251,0.0479215822,1.6150968664,,0.7600688617,,-0.706918309,-0.152763615,0.0451494461,0.4257342795,0,1,1,1,0,1,0,1,1,1,1,8,0.125,0.3348544796,0.013108,0.533730,0.6028266391
060133,,,,,,,,,,,,0,0,0,0,0,0,0,0,0,0,0,0,,,0.013108,0.533730,
061300,,,,,,,,,,,,0,0,0,0,0,0,0,0,0,0,0,0,,,0.013108,0.533730,
061301,,0.9537971356,0.3991063342,,,0.9586946735,,0.9158870412,,,,0,1,1,0,0,1,0,1,0,0,0,4,0.25,0.8068712961,0.013108,0.533730,1.4872003575
061302,,,,,,,,-0.116807273,,,,0,0,0,0,0,0,0,1,0,0,0,1,1,-0.116807273,0.013108,0.533730,-0.243409701
061303,,,1.7511676292,-0.015824407,,,,0.3257760046,,,,0,0,1,1,0,0,0,1,0,0,0,3,0.3333333333,0.6870397421,0.013108,0.533730,1.2626831936
061304,,,,,,,,-0.55939055,,,,0,0,0,0,0,0,0,1,0,0,0,1,1,-0.55939055,0.013108,0.533730,-1.072636553
061305,,,,,,,,0.1782482455,,,,0,0,0,0,0,0,0,1,0,0,0,1,1,0.1782482455,0.013108,0.533730,0.3094081998
061306,,,,,,,,0.1782482455,,,,0,0,0,0,0,0,0,1,0,0,0,1,1,0.1782482455,0.013108,0.533730,0.3094081998
061307,,,,,,,,,,,,0,0,0,0,0,0,0,0,0,0,0,0,,,0.013108,0.533730,
061308,,,,,,,,0.3257760046,,,,0,0,0,0,0,0,0,1,0,0,0,1,1,0.3257760046,0.013108,0.533730,0.5858171505
061309,,,,0.2899733314,,,1.0383738259,0.4733037638,,,0.4257342795,0,0,0,1,0,0,1,1,0,0,1,4,0.25,0.5568463001,0.013108,0.533730,1.0187519301
061310,,-0.397389273,,-0.627419885,,,,0.0307204863,,,,0,1,0,1,0,0,0,1,0,0,0,3,0.3333333333,-0.331362891,0.013108,0.533730,-0.645402476
061311,,,0.21034453,,,,,0.0307204863,,,,0,0,1,0,0,0,0,1,0,0,0,2,0.5,0.1205325082,0.013108,0.533730,0.2012716262
061312,,,-0.316432598,0.6977036498,,,,-0.116807273,,,,0,0,1,1,0,0,0,1,0,0,0,3,0.3333333333,0.088154593,0.013108,0.533730,0.1406081579
061313,,,,,,,,0.4733037638,,,,0,0,0,0,0,0,0,1,0,0,0,1,1,0.4733037638,0.013108,0.533730,0.8622261011
061314,,,-0.285703932,0.5957710702,,0.3628172381,-0.145916815,0.4733037638,,,0.0838771007,0,0,1,1,0,1,1,1,0,0,1,6,0.1666666667,0.1806914042,0.013108,0.533730,0.3139857176
061315,,,,,,,,0.1782482455,,,,0,0,0,0,0,0,0,1,0,0,0,1,1,0.1782482455,0.013108,0.533730,0.3094081998
061316,,,,-0.729352465,,,,0.1782482455,,,,0,0,0,1,0,0,0,1,0,0,0,2,0.5,-0.27555211,0.013108,0.533730,-0.54083504
061317,,,,,,,,-0.264335032,,,,0,0,0,0,0,0,0,1,0,0,0,1,1,-0.264335032,0.013108,0.533730,-0.519818652
061318,,,,-0.117756987,,,,0.4733037638,,,-0.257980078,0,0,0,1,0,0,0,1,0,0,1,3,0.3333333333,0.0325222328,0.013108,0.533730,0.036375013
061319,,,,,,,,,,,,0,0,0,0,0,0,0,0,0,0,0,0,,,0.013108,0.533730,
061320,,,,-1.137082783,,,,-0.264335032,,,-0.941694436,0,0,0,1,0,0,0,1,0,0,1,3,0.3333333333,-0.781037417,0.013108,0.533730,-1.487915537
061321,,,1.4175421149,,,,,0.7683592821,,,,0,0,1,0,0,0,0,1,0,0,0,2,0.5,1.0929506985,0.013108,0.533730,2.0232005507
061322,,1.453355491,0.2147343394,,,1.1573204853,,1.0634148004,0.7233592449,1.0941189957,0.4257342795,0,1,1,0,0,1,0,1,1,1,1,7,0.1428571429,0.8760053766,0.013108,0.533730,1.6167304117
061323,,,,,,,,,-0.517814807,-0.537611415,,0,0,0,0,0,0,0,0,1,1,0,2,0.5,-0.527713111,0.013108,0.533730,-1.0132855
061324,,,1.0883064099,-1.035150204,,,,0.3257760046,,,-0.257980078,0,0,1,1,0,0,0,1,0,0,1,4,0.25,0.0302380332,0.013108,0.533730,0.0320953219
061325,,,0.1093789138,,,,0.7000050712,0.4733037638,,,,0,0,1,0,0,0,1,1,0,0,0,3,0.3333333333,0.4275625829,0.013108,0.533730,0.7765251329
061326,,,-0.395449167,0.1880407518,,,,0.1782482455,,,,0,0,1,1,0,0,0,1,0,0,0,3,0.3333333333,-0.009720057,0.013108,0.533730,-0.04277041
061327,,-0.459239355,1.2726784047,0.391905911,,,,-0.116807273,,,0.0838771007,0,1,1,1,0,0,0,1,0,0,1,5,0.2,0.2344829576,0.013108,0.533730,0.4147699153
061328,,,,,,,,,0.3583080533,0.0451494461,,0,0,0,0,0,0,0,0,1,1,0,2,0.5,0.2017287497,0.013108,0.533730,0.3534014224
061336,,,,-0.423554726,,,,,,,,0,0,0,1,0,0,0,0,0,0,0,1,1,-0.423554726,0.013108,0.533730,-0.818133686
061343,,,,,,,,,,,,0,0,0,0,0,0,0,0,0,0,0,0,,,0.013108,0.533730,
061344,,0.5018157664,1.7862861044,0.7996362295,,0.5614430499,,1.3584703187,,,1.1094486371,0,1,1,1,0,1,0,1,0,0,1,6,0.1666666667,1.0195166843,0.013108,0.533730,1.8856141133
070002,-1.877664071,0.6730929168,-0.720295063,1.0035013887,-0.351951947,1.3559462971,0.5308206939,-0.116807273,2.0375435346,-0.654163587,0.7675914583,1,1,1,1,1,1,1,1,1,1,1,11,0.0909090909,0.2406922135,0.013108,0.533730,0.4264036167
070003,,-1.805668066,-0.382279739,-0.831285044,,-0.729624727,0.5308206939,-1.001973828,-0.006743138,0.1617016183,0.4257342795,0,1,1,1,0,1,1,1,1,1,1,9,0.1111111111,-0.404368661,0.013108,0.533730,-0.782186553
070004,,-0.392631575,0.4254451906,1.4112317072,,-1.027563445,0.8691894486,0.0307204863,,,0.4257342795,0,1,1,1,0,1,1,1,0,0,1,7,0.1428571429,0.2488751561,0.013108,0.533730,0.4417352302
070005,0.2412105215,0.1116844794,0.3025305274,-2.054476,0.7274304554,1.455259203,,0.3257760046,,,0.7675914583,1,1,1,1,1,1,0,1,0,0,1,8,0.125,0.2346258312,0.013108,0.533730,0.4150376041
070006,0.7709291696,-0.359327684,-0.566651734,1.4112317072,0.1277735651,-1.424815068,0.5308206939,-0.116807273,-0.517814807,0.5113581348,0.0838771007,1,1,1,1,1,1,1,1,1,1,1,11,0.0909090909,0.0409612551,0.013108,0.533730,0.0521864189
070007,-1.762507843,-0.387873876,-1.282190666,-0.627419885,,1.0580075794,-0.653469947,0.9158870412,-0.882865998,0.1617016183,0.4257342795,1,1,1,1,0,1,1,1,1,1,1,10,0.1,-0.30349977,0.013108,0.533730,-0.593197955
070008,,-0.021531082,-0.211077172,-1.035150204,,0.462130144,,-0.411862791,0.9423899598,0.5113581348,0.4257342795,0,1,1,1,0,1,0,1,1,1,1,8,0.125,0.0827489086,0.013108,0.533730,0.1304800331
070010,0.0684761797,-0.197565931,-1.602646752,-1.748678261,-0.112089191,0.2635043322,0.1924519392,-0.411862791,-0.152763615,0.1617016183,1.1094486371,1,1,1,1,1,1,1,1,1,1,1,11,0.0909090909,-0.220911258,0.013108,0.533730,-0.438459592
070011,,0.254415438,-1.813357603,-0.015824407,,-2.417944127,,-2.034668142,0.5773387682,0.5113581348,-0.257980078,0,1,1,1,0,1,0,1,1,1,1,8,0.125,-0.649582752,0.013108,0.533730,-1.241621238
070012,,,,,,,,0.1782482455,,,,0,0,0,0,0,0,0,1,0,0,0,1,1,0.1782482455,0.013108,0.533730,0.3094081998
070016,1.6806633697,1.2915937378,-0.391059358,2.4305575034,,1.9518237325,,-0.116807273,-0.663835283,-0.421059243,0.0838771007,1,1,1,1,0,1,0,1,1,1,1,9,0.1111111111,0.6495282542,0.013108,0.533730,1.1924014305
070017,,0.4685118761,0.0259725352,-0.423554726,,-1.12687635,-1.161023079,-0.116807273,,,0.4257342795,0,1,1,1,0,1,1,1,0,0,1,7,0.1428571429,-0.272577534,0.013108,0.533730,-0.535261856
070018,-0.092742539,-2.609719133,-1.014412292,1.4112317072,,-0.729624727,2.3918488446,0.3257760046,-0.298784092,1.4437755123,0.7675914583,1,1,1,1,0,1,1,1,1,1,1,10,0.1,0.1594940744,0.013108,0.533730,0.2742702653
070020,,-0.197565931,-1.54557923,-1.544813102,,-1.325502162,0.0232675619,-0.116807273,,,0.0838771007,0,1,1,1,0,1,1,1,0,0,1,7,0.1428571429,-0.660446148,0.013108,0.533730,-1.261974966
070021,,-0.102411959,-0.347161264,-0.117756987,,-1.027563445,0.1924519392,-1.149501587,-0.590825045,-0.071402726,-0.941694436,0,1,1,1,0,1,1,1,1,1,1,9,0.1111111111,-0.461762834,0.013108,0.533730,-0.889720642
070022,-1.693414107,-1.724787189,-0.461296308,1.5131642868,0.7274304554,0.462130144,-0.145916815,0.3257760046,-0.079753377,0.8610146514,1.1094486371,1,1,1,1,1,1,1,1,1,1,1,11,0.0909090909,0.0812542167,0.013108,0.533730,0.1276795688
070024,,-0.601970314,0.3156999556,-0.321622146,,-1.325502162,1.0383738259,0.6208315229,0.7233592449,0.0451494461,-0.941694436,0,1,1,1,0,1,1,1,1,1,1,9,0.1111111111,-0.04970834,0.013108,0.533730,-0.117692713
070025,-0.127289408,-1.253775025,-0.676396969,-0.219689567,0.1277735651,0.6607559558,0.1924519392,-0.411862791,0.5773387682,0.1617016183,0.0838771007,1,1,1,1,1,1,1,1,1,1,1,11,0.0909090909,-0.080464983,0.013108,0.533730,-0.175318555
070027,,0.1687768628,0.3595980496,-0.933217624,,-0.729624727,-0.315101193,-0.411862791,,,0.0838771007,0,1,1,1,0,1,1,1,0,0,1,7,0.1428571429,-0.253936332,0.013108,0.533730,-0.500335581
070028,-0.069711294,-0.459239355,-0.369110311,0.2899733314,-0.232020569,0.462130144,-0.145916815,0.1782482455,-0.882865998,0.627910307,-0.599837257,1,1,1,1,1,1,1,1,1,1,1,11,0.0909090909,-0.10913087,0.013108,0.533730,-0.229027144
070029,,0.7682468893,-0.171568888,-0.831285044,,-0.828937633,,-1.149501587,-0.225773853,-1.470028792,-0.257980078,0,1,1,1,0,1,0,1,1,1,1,8,0.125,-0.520853623,0.013108,0.533730,-1.000433521
070031,,-1.6867256,-2.49377806,-0.117756987,,1.3559462971,0.0232675619,1.653525837,0.1392773383,0.3948059626,0.7675914583,0,1,1,1,0,1,1,1,1,1,1,9,0.1111111111,0.0040170898,0.013108,0.533730,-0.017032405
070033,-0.760648661,0.0831382876,-0.285703932,0.6977036498,-0.112089191,-0.133747291,1.0383738259,-2.034668142,-3.803275531,0.5113581348,0.7675914583,1,1,1,1,1,1,1,1,1,1,1,11,0.0909090909,-0.36654249,0.013108,0.533730,-0.711315198
070034,0.4197026746,-0.877916834,-0.838819917,0.4938384906,,0.0648785204,,-0.116807273,0.2122875767,-0.654163587,0.7675914583,1,1,1,1,0,1,0,1,1,1,1,9,0.1111111111,-0.05882321,0.013108,0.533730,-0.134770391
070035,,-0.073865767,-0.30326317,-2.054476,,-0.034434386,,0.0307204863,-2.781132194,0.627910307,0.7675914583,0,1,1,1,0,1,0,1,1,1,1,8,0.125,-0.477618658,0.013108,0.533730,-0.919428214
070036,0.7997182266,-1.101528669,-0.189128125,-0.321622146,,-1.12687635,,-0.264335032,-1.831999096,-0.187954898,-0.257980078,1,1,1,1,0,1,0,1,1,1,1,9,0.1111111111,-0.497967352,0.013108,0.533730,-0.957553657
07003F,0.8976010203,1.1536204777,-0.413008405,,,-1.027563445,,-2.477251419,,,,1,1,1,0,0,1,0,1,0,0,0,5,0.2,-0.373320354,0.013108,0.533730,-0.724014247
080001,0.264241767,-0.278446808,0.078650248,-0.933217624,2.1666069922,-0.034434386,1.0383738259,1.3584703187,1.3074411514,0.3948059626,0.7675914583,1,1,1,1,1,1,1,1,1,1,1,11,0.0909090909,0.5572802643,0.013108,0.533730,1.0195650081
080003,,-0.021531082,1.0751369817,-1.850610841,,0.5614430499,,-0.854446069,,,0.7675914583,0,1,1,1,0,1,0,1,0,0,1,6,0.1666666667,-0.053736084,0.013108,0.533730,-0.125239119
080004,-0.818226775,-2.219587846,-1.927492648,1.1054339683,0.9672932116,0.2635043322,0.0232675619,-0.55939055,-1.24791719,-0.654163587,0.0838771007,1,1,1,1,1,1,1,1,1,1,1,11,0.0909090909,-0.453036584,0.013108,0.533730,-0.873371083
080006,1.2430697038,0.9728279301,0.5790885195,1.4112317072,,1.2566333912,,1.5059980778,1.0884104365,-1.470028792,0.4257342795,1,1,1,1,0,1,0,1,1,1,1,9,0.1111111111,0.7792183615,0.013108,0.533730,1.4353896428
080007,0.8112338494,-0.383116177,-0.461296308,1.717029446,-0.951608837,1.3559462971,,0.1782482455,2.1835640112,0.1617016183,0.7675914583,1,1,1,1,1,1,0,1,1,1,1,10,0.1,0.5379293603,0.013108,0.533730,0.983309031
080009,,0.1116844794,-0.59299059,1.717029446,,0.1641914263,0.8691894486,0.4733037638,-0.225773853,0.627910307,1.1094486371,0,1,1,1,0,1,1,1,1,1,1,9,0.1111111111,0.4726658961,0.013108,0.533730,0.8610309881
08002F,,1.1964397653,0.166446436,,,-0.431686009,,0.6208315229,,,,0,1,1,0,0,1,0,1,0,0,0,4,0.25,0.3880079288,0.013108,0.533730,0.7024152806
090001,-0.956414248,-0.682851191,-0.926616104,-0.933217624,-1.191471594,-0.431686009,0.1924519392,-0.411862791,,,-0.599837257,1,1,1,1,1,1,1,1,0,0,1,9,0.1111111111,-0.660167209,0.013108,0.533730,-1.261452343
090003,,-4.4509485,-1.334868379,-0.117756987,,-2.020692504,,-1.001973828,,,-1.283551615,0,1,1,1,0,1,0,1,0,0,1,6,0.1666666667,-1.701631969,0.013108,0.533730,-3.212747361
090004,,-1.634390915,-0.391059358,1.5131642868,,-0.431686009,-1.161023079,0.6208315229,0.285297815,2.1430885453,-0.941694436,0,1,1,1,0,1,1,1,1,1,1,9,0.1111111111,0.0002809303,0.013108,0.533730,-0.024032497
090005,,0.2306269449,-0.500804593,0.2899733314,,0.462130144,-0.653469947,0.9158870412,-1.24791719,0.9775668235,-0.257980078,0,1,1,1,0,1,1,1,1,1,1,9,0.1111111111,0.0240013863,0.013108,0.533730,0.0204103006
090008,,-1.762848778,-1.124157527,-0.015824407,,0.8593817676,,0.4733037638,,,,0,1,1,1,0,1,0,1,0,0,0,5,0.2,-0.314029036,0.013108,0.533730,-0.612925656
090011,-0.530336205,-0.178535137,-2.656201008,-2.462206318,1.5669501019,-0.928250539,-0.48428557,1.8010535961,-0.882865998,0.5113581348,-0.257980078,1,1,1,1,1,1,1,1,1,1,1,11,0.0909090909,-0.409209002,0.013108,0.533730,-0.791255446
09002F,-1.186726704,1.4390823951,-1.435833995,,,-0.233060197,-0.822654325,-0.264335032,,,,1,1,1,0,0,1,1,1,0,0,0,6,0.1666666667,-0.417254643,0.013108,0.533730,-0.806329811
100001,-1.025507985,0.3115078215,-0.544702687,0.2899733314,0.1277735651,-2.616569939,,0.3257760046,1.5264718664,-0.187954898,0.4257342795,1,1,1,1,1,1,0,1,1,1,1,10,0.1,-0.136749864,0.013108,0.533730,-0.280774268
100002,-0.731859604,-0.525847136,0.5878681383,1.3092991276,-0.232020569,-1.027563445,0.0232675619,0.0307204863,,,0.0838771007,1,1,1,1,1,1,1,1,0,0,1,9,0.1111111111,-0.05358426,0.013108,0.533730,-0.124954661
100006,0.1202964822,-1.16813645,-0.685176588,0.5957710702,0.2477049432,-2.517257033,-1.499391834,-1.297029346,0.1392773383,0.2782537905,-0.941694436,1,1,1,1,1,1,1,1,1,1,1,11,0.0909090909,-0.611580187,0.013108,0.533730,-1.17041939
100007,-1.324914177,-1.819941161,-1.282190666,-1.442880522,-4.069824667,-2.020692504,-0.145916815,-2.772306938,-2.270060526,1.2106711679,-1.283551615,1,1,1,1,1,1,1,1,1,1,1,11,0.0909090909,-1.565600766,0.013108,0.533730,-2.957878432
100008,1.2488275152,-1.391748285,-0.799311632,0.0861081721,0.8473618335,0.3628172381,,0.1782482455,0.2122875767,1.4437755123,0.7675914583,1,1,1,1,1,1,0,1,1,1,1,10,0.1,0.2955957634,0.013108,0.533730,0.5292712581
100012,-0.501547148,-0.521089437,-0.329602026,1.4112317072,0.6074990774,0.1641914263,0.1924519392,0.0307204863,1.1614206748,-0.071402726,2.1350201736,1,1,1,1,1,1,1,1,1,1,1,11,0.0909090909,0.388990377,0.013108,0.533730,0.7042560018
100014,1.5136868393,-0.040561877,1.0136796501,-0.015824407,,-1.226189256,,-0.264335032,-1.539958143,-0.071402726,0.4257342795,1,1,1,1,0,1,0,1,1,1,1,9,0.1111111111,-0.022796741,0.013108,0.533730,-0.06727097
100017,0.0742339911,-0.178535137,-0.676396969,-1.239015363,-1.191471594,-0.630311821,1.5459269579,-0.116807273,0.3583080533,0.8610146514,0.0838771007,1,1,1,1,1,1,1,1,1,1,1,11,0.0909090909,-0.100834309,0.013108,0.533730,-0.213482655
100018,0.7075932443,0.040319,-0.540312877,2.1247597645,0.3676363213,-0.233060197,-0.653469947,-0.55939055,0.4313182916,0.3948059626,-0.599837257,1,1,1,1,1,1,1,1,1,1,1,11,0.0909090909,0.1345783414,0.013108,0.533730,0.2275879889
100019,1.1163978532,0.4827849719,1.4482707807,-0.933217624,0.9672932116,3.6401431328,0.5308206939,0.3257760046,,,-1.283551615,1,1,1,1,1,1,1,1,0,0,1,9,0.1111111111,0.6994130456,0.013108,0.533730,1.2858658938
100022,-0.691554924,-2.833330968,-3.231266039,-0.423554726,,-0.431686009,,-0.264335032,0.0662671,0.7444624792,0.4257342795,1,1,1,1,0,1,0,1,1,1,1,9,0.1111111111,-0.737695982,0.013108,0.533730,-1.406710748
100023,0.1778745961,0.5493927526,0.1532770078,0.4938384906,1.5669501019,0.0648785204,-2.176129343,-0.854446069,,,-1.283551615,1,1,1,1,1,1,1,1,0,0,1,9,0.1111111111,-0.145323951,0.013108,0.533730,-0.296838731
100025,-0.593672131,0.1211998766,-0.500804593,-0.117756987,0.0078421871,0.0648785204,-0.653469947,-0.116807273,-0.590825045,0.5113581348,0.7675914583,1,1,1,1,1,1,1,1,1,1,1,11,0.0909090909,-0.100042345,0.013108,0.533730,-0.211998826
100026,0.8285072835,0.658819821,0.7371216579,,0.1277735651,-0.133747291,,0.3257760046,-0.006743138,0.1617016183,0.7675914583,1,1,1,0,1,1,0,1,1,1,1,9,0.1111111111,0.3852001088,0.013108,0.533730,0.6971545311
100028,-0.415179977,-0.111927356,1.1936618355,0.1880407518,,-0.233060197,-0.145916815,1.2109425595,,,0.4257342795,1,1,1,1,0,1,1,1,0,0,1,8,0.125,0.264036885,0.013108,0.533730,0.4701423422
100029,-0.749133038,-0.901705327,-1.418274757,0.1880407518,,0.3628172381,0.1924519392,-1.739612624,,,0.0838771007,1,1,1,1,0,1,1,1,0,0,1,8,0.125,-0.49769234,0.013108,0.533730,-0.957038392
100030,0.2181792759,-0.559151026,-0.00914594,-0.219689567,,-1.62344088,-1.161023079,-2.034668142,,,-0.599837257,1,1,1,1,0,1,1,1,0,0,1,8,0.125,-0.748597077,0.013108,0.533730,-1.427135109
100032,0.747897924,-1.16813645,-0.281314123,0.2899733314,,-0.928250539,0.0232675619,-0.116807273,,,0.0838771007,1,1,1,1,0,1,1,1,0,0,1,8,0.125,-0.168686558,0.013108,0.533730,-0.340611062
100034,0.776686981,-0.873159136,-1.369986854,0.1880407518,-0.112089191,0.7600688617,-0.48428557,-0.264335032,0.2122875767,-0.071402726,0.4257342795,1,1,1,1,1,1,1,1,1,1,1,11,0.0909090909,-0.073858187,0.013108,0.533730,-0.16294002
100035,0.4197026746,-0.183292835,-1.405105329,-0.015824407,-0.951608837,1.0580075794,0.1924519392,-0.854446069,,,-0.257980078,1,1,1,1,1,1,1,1,0,0,1,9,0.1111111111,-0.222010596,0.013108,0.533730,-0.440519319
100038,0.5521323367,-1.27280582,-0.966124389,0.4938384906,-0.351951947,-0.630311821,-1.161023079,-1.444557105,-0.444804568,0.0451494461,0.0838771007,1,1,1,1,1,1,1,1,1,1,1,11,0.0909090909,-0.463325578,0.013108,0.533730,-0.892648608
100039,0.3045464468,-2.248134038,0.7941891801,0.391905911,0.0078421871,0.0648785204,,-1.001973828,-0.736845521,0.2782537905,0.7675914583,1,1,1,1,1,1,0,1,1,1,1,10,0.1,-0.137774589,0.013108,0.533730,-0.282694199
100040,-0.478515903,-0.644789602,-0.294483551,0.1880407518,-0.951608837,-3.013821563,0.7000050712,-1.739612624,,,0.7675914583,1,1,1,1,1,1,1,1,0,0,1,9,0.1111111111,-0.607466089,0.013108,0.533730,-1.162711189
100043,,0.1735345614,0.166446436,,,-0.431686009,0.5308206939,0.4733037638,,,1.4513058159,0,1,1,0,0,1,1,1,0,0,1,6,0.1666666667,0.3939542103,0.013108,0.533730,0.7135562716
100044,0.0224136885,-0.473512451,-0.039874606,-1.239015363,0.9672932116,-2.815195751,-1.161023079,-2.182195901,-0.225773853,-0.30450707,-0.257980078,1,1,1,1,1,1,1,1,1,1,1,11,0.0909090909,-0.700851932,0.013108,0.533730,-1.337679501
100045,-0.040922237,0.7016391086,-0.456906499,-0.627419885,,-0.332373103,,0.3257760046,,,0.0838771007,1,1,1,1,0,1,0,1,0,0,1,7,0.1428571429,-0.049475644,0.013108,0.533730,-0.117256733
100046,1.4158040456,0.2782039311,1.3385255457,0.5957710702,,0.9586946735,0.3616363166,0.0307204863,,,-0.257980078,1,1,1,1,0,1,1,1,0,0,1,8,0.125,0.5901719989,0.013108,0.533730,1.0811911719
100047,,-0.9968593,-1.255851809,-0.525487306,,0.7600688617,,-1.592084864,,,-0.941694436,0,1,1,1,0,1,0,1,0,0,1,6,0.1666666667,-0.758651476,0.013108,0.533730,-1.445973094
100049,2.9473818762,1.3344130254,-0.904667058,-1.035150204,,-1.12687635,-0.822654325,-1.592084864,,,0.4257342795,1,1,1,1,0,1,1,1,0,0,1,8,0.125,-0.096737952,0.013108,0.533730,-0.205807695
100050,,-0.811309053,-0.197907744,,,-0.133747291,,-0.55939055,,,,0,1,1,0,0,1,0,1,0,0,0,4,0.25,-0.42558866,0.013108,0.533730,-0.821944478
100051,1.1624603443,0.0308036028,-0.202297554,1.2073665479,,1.0580075794,-0.145916815,-1.887140383,0.2122875767,0.7444624792,-1.283551615,1,1,1,1,0,1,1,1,1,1,1,10,0.1,0.0896481764,0.013108,0.533730,0.1434065453
100052,-0.893078323,-1.268048121,-2.471829013,0.5957710702,-0.112089191,0.7600688617,,-0.706918309,-1.101896713,0.627910307,1.7931629948,1,1,1,1,1,1,0,1,1,1,1,10,0.1,-0.277694644,0.013108,0.533730,-0.544849306
100053,,-0.207081328,-1.361207235,,,0.1641914263,,-1.297029346,,,,0,1,1,0,0,1,0,1,0,0,0,4,0.25,-0.675281621,0.013108,0.533730,-1.289770802
100054,,-0.882674533,-0.557872115,0.7996362295,,-0.233060197,-0.145916815,-1.297029346,,,-0.257980078,0,1,1,1,0,1,1,1,0,0,1,7,0.1428571429,-0.367842408,0.013108,0.533730,-0.713750732
100055,0.1433277278,-0.116685055,-0.851989345,-0.117756987,,0.462130144,-1.499391834,-0.264335032,,,0.7675914583,1,1,1,1,0,1,1,1,0,0,1,8,0.125,-0.184638615,0.013108,0.533730,-0.370498937
100057,0.2354527101,0.8634008617,0.7459012767,1.5131642868,-0.232020569,0.0648785204,0.7000050712,0.6208315229,,,0.0838771007,1,1,1,1,1,1,1,1,0,0,1,9,0.1111111111,0.5106100868,0.013108,0.533730,0.932123466
100062,0.0569605569,-0.09765426,0.8951547963,0.6977036498,-1.671197106,1.0580075794,-0.315101193,-0.706918309,,,0.4257342795,1,1,1,1,1,1,1,1,0,0,1,9,0.1111111111,0.038076666,0.013108,0.533730,0.0467818344
100063,-0.288508127,-0.354569986,-0.693956206,-0.117756987,,-0.530998915,,-1.297029346,,,-0.257980078,1,1,1,1,0,1,0,1,0,0,1,7,0.1428571429,-0.505828521,0.013108,0.533730,-0.972282393
100067,0.4830386,-0.287962205,-0.610549828,-0.219689567,,-0.034434386,,-1.297029346,-0.444804568,1.0941189957,1.1094486371,1,1,1,1,0,1,0,1,1,1,1,9,0.1111111111,-0.023095963,0.013108,0.533730,-0.067831593
100068,0.5348589025,0.6826083141,-0.549092496,1.717029446,1.0872245896,1.1573204853,-0.145916815,1.5059980778,,,-0.941694436,1,1,1,1,1,1,1,1,0,0,1,9,0.1111111111,0.5609262298,0.013108,0.533730,1.0263961123
100069,,0.2211115477,0.232293577,-1.442880522,,-0.133747291,-0.48428557,-1.592084864,,,0.4257342795,0,1,1,1,0,1,1,1,0,0,1,7,0.1428571429,-0.396265549,0.013108,0.533730,-0.767004511
100071,-2.223132755,-1.577298532,-0.588600781,-0.117756987,,0.8593817676,,-2.772306938,,,-0.941694436,1,1,1,1,0,1,0,1,0,0,1,7,0.1428571429,-1.051629809,0.013108,0.533730,-1.994899168
100072,-0.501547148,0.3590848077,-0.452516689,-0.015824407,,-0.034434386,,-0.116807273,,,0.7675914583,1,1,1,1,0,1,0,1,0,0,1,7,0.1428571429,0.0007923375,0.013108,0.533730,-0.023074321
100073,0.5924370164,-0.140473548,0.0698706292,0.6977036498,-0.471883325,-0.729624727,0.1924519392,-0.116807273,-0.517814807,1.5603276844,0.4257342795,1,1,1,1,1,1,1,1,1,1,1,11,0.0909090909,0.1419928654,0.013108,0.533730,0.2414798885
100075,0.2066636531,0.3257809174,0.3815470966,1.4112317072,1.806812858,1.9518237325,,-1.592084864,-0.590825045,-0.30450707,0.4257342795,1,1,1,1,1,1,0,1,1,1,1,10,0.1,0.4022177265,0.013108,0.533730,0.7290388481
100077,-1.480375085,-1.729544888,-0.983683627,-0.525487306,-0.232020569,-0.630311821,-0.48428557,-1.297029346,,,-0.599837257,1,1,1,1,1,1,1,1,0,0,1,9,0.1111111111,-0.884730608,0.013108,0.533730,-1.68219576
100080,-1.025507985,-0.692366588,-0.404228786,0.7996362295,-1.671197106,0.1641914263,-1.668576211,-1.592084864,,,-0.599837257,1,1,1,1,1,1,1,1,0,0,1,9,0.1111111111,-0.743330127,0.013108,0.533730,-1.417266917
100084,-0.253961258,-1.353686696,-0.478855546,-0.117756987,-0.831677459,1.1573204853,0.1924519392,-0.116807273,,,0.0838771007,1,1,1,1,1,1,1,1,0,0,1,9,0.1111111111,-0.191010633,0.013108,0.533730,-0.38243759
100086,-1.284609498,-2.752450092,-1.813357603,-0.627419885,,-0.530998915,-2.345313721,-4.10005677,-0.736845521,0.627910307,0.0838771007,1,1,1,1,0,1,1,1,1,1,1,10,0.1,-1.34792646,0.013108,0.533730,-2.550042463
100087,0.615468262,0.6921237113,0.2498528146,2.532490083,2.7662638825,1.455259203,0.8691894486,-0.55939055,1.7455025813,1.0941189957,-0.599837257,1,1,1,1,1,1,1,1,1,1,1,11,0.0909090909,0.9873673795,0.013108,0.533730,1.8253789708
100088,-0.006375368,0.5493927526,-0.096942128,-2.054476,0.6074990774,0.2635043322,-1.499391834,-1.592084864,0.5043285299,0.8610146514,0.7675914583,1,1,1,1,1,1,1,1,1,1,1,11,0.0909090909,-0.154176308,0.013108,0.533730,-0.313424565
100090,0.1778745961,0.330538616,-0.184738316,0.6977036498,1.4470187238,-1.62344088,-0.315101193,-1.444557105,,,0.4257342795,1,1,1,1,1,1,1,1,0,0,1,9,0.1111111111,-0.054329737,0.013108,0.533730,-0.126351391
100092,0.7191088671,0.9062201493,0.298140718,1.8189620256,0.8473618335,0.3628172381,,0.3257760046,,,0.4257342795,1,1,1,1,1,1,0,1,0,0,1,8,0.125,0.7130151395,0.013108,0.533730,1.3113508637
100093,0.425460486,0.2496577394,0.385936906,1.5131642868,-0.711746081,1.6538850148,0.3616363166,1.0634148004,2.1105537729,-0.537611415,0.0838771007,1,1,1,1,1,1,1,1,1,1,1,11,0.0909090909,0.5998389934,0.013108,0.533730,1.0993033145
100099,,-0.435450862,-2.032848073,-1.340947943,,-0.133747291,,-0.264335032,,,-0.257980078,0,1,1,1,0,1,0,1,0,0,1,6,0.1666666667,-0.744218213,0.013108,0.533730,-1.418930842
10009F,-0.530336205,-1.65342171,-0.206687363,,,-5.000079681,-1.161023079,-2.034668142,,,,1,1,1,0,0,1,1,1,0,0,0,6,0.1666666667,-1.764369363,0.013108,0.533730,-3.330292544
100105,1.5482337077,1.0822549984,0.517631188,2.6344226626,1.806812858,0.5614430499,-0.653469947,1.2109425595,1.672492343,0.5113581348,0.4257342795,1,1,1,1,1,1,1,1,1,1,1,11,0.0909090909,1.0288959849,0.013108,0.533730,1.9031872307
100107,,-0.935009218,0.2059547206,0.2899733314,,-1.424815068,,-0.264335032,,,,0,1,1,1,0,1,0,1,0,0,0,5,0.2,-0.425646253,0.013108,0.533730,-0.822052385
100109,-0.570640885,-0.854128341,0.2849712898,-0.831285044,,-1.027563445,0.1924519392,0.0307204863,0.285297815,0.7444624792,-0.599837257,1,1,1,1,0,1,1,1,1,1,1,10,0.1,-0.234555096,0.013108,0.533730,-0.464022774
100110,-2.631937364,-1.981702915,-1.686053131,,-0.711746081,-0.332373103,,-2.034668142,,,0.7675914583,1,1,1,0,1,1,0,1,0,0,1,7,0.1428571429,-1.23012704,0.013108,0.533730,-2.329332718
100113,0.7997182266,0.2639308353,-1.677273512,0.391905911,0.6074990774,1.5545721089,-0.315101193,-1.297029346,0.3583080533,0.7444624792,1.1094486371,1,1,1,1,1,1,1,1,1,1,1,11,0.0909090909,0.2309492071,0.013108,0.533730,0.4081490577
100117,-1.278851686,1.2915937378,0.034752154,0.7996362295,,-0.133747291,0.3616363166,-0.264335032,,,-0.257980078,1,1,1,1,0,1,1,1,0,0,1,8,0.125,0.0690880437,0.013108,0.533730,0.1048849496
100118,0.131812105,-1.034920889,-0.37788993,0.7996362295,,0.1641914263,0.0232675619,1.653525837,,,0.4257342795,1,1,1,1,0,1,1,1,0,0,1,8,0.125,0.2231695776,0.013108,0.533730,0.3935730943
100121,,-0.625758807,-1.488511708,,,-0.332373103,,-0.854446069,,,-1.283551615,0,1,1,0,0,1,0,1,0,0,1,5,0.2,-0.91692826,0.013108,0.533730,-1.742521487
100122,-0.040922237,0.1354729725,1.2112210731,1.9208946053,,0.6607559558,,1.2109425595,0.9423899598,0.5113581348,-1.283551615,1,1,1,1,0,1,0,1,1,1,1,9,0.1111111111,0.5853957121,0.013108,0.533730,1.0722422906
100124,,1.1583781764,0.3113101462,0.9015688091,,1.1573204853,0.7000050712,0.9158870412,,,-0.257980078,0,1,1,1,0,1,1,1,0,0,1,7,0.1428571429,0.6980699502,0.013108,0.533730,1.2833494617
100125,,-0.169019739,-0.974904008,0.4938384906,,0.3628172381,,0.6208315229,,,-0.257980078,0,1,1,1,0,1,0,1,0,0,1,6,0.1666666667,0.0125972377,0.013108,0.533730,-0.000956585
100126,,-0.302235301,0.4912923316,0.0861081721,,0.3628172381,-0.822654325,-1.297029346,,,-1.967265972,0,1,1,1,0,1,1,1,0,0,1,7,0.1428571429,-0.4927096,0.013108,0.533730,-0.9477027
100127,0.103023048,-1.115801765,-0.404228786,1.1054339683,0.9672932116,0.6607559558,0.8691894486,-0.264335032,-1.028886475,0.8610146514,1.1094486371,1,1,1,1,1,1,1,1,1,1,1,11,0.0909090909,0.2602642603,0.013108,0.533730,0.4630739283
100128,-2.28646868,-1.277563518,-0.483245355,-0.117756987,0.8473618335,-1.325502162,-1.161023079,-1.444557105,-1.24791719,1.5603276844,-2.309123151,1,1,1,1,1,1,1,1,1,1,1,11,0.0909090909,-0.840497065,0.013108,0.533730,-1.599319512
100130,,,-0.110111556,,,,,-0.116807273,,,,0,0,1,0,0,0,0,1,0,0,0,2,0.5,-0.113459415,0.013108,0.533730,-0.237137133
100131,-1.204000138,-0.6495473,-0.751023729,-0.729352465,,-0.431686009,0.0232675619,-1.739612624,,,-1.967265972,1,1,1,1,0,1,1,1,0,0,1,8,0.125,-0.931152584,0.013108,0.533730,-1.769172272
100132,0.3909136177,0.4019040953,0.407885953,0.6977036498,,1.0580075794,,1.3584703187,-0.882865998,0.3948059626,0.0838771007,1,1,1,1,0,1,0,1,1,1,1,9,0.1111111111,0.4345224755,0.013108,0.533730,0.7895652319
100134,,-0.230869821,1.0839166005,-1.239015363,,0.462130144,,-0.55939055,,,,0,1,1,1,0,1,0,1,0,0,0,5,0.2,-0.096645798,0.013108,0.533730,-0.205635034
100135,1.3582259317,1.0727396011,0.7195624203,0.9015688091,0.0078421871,0.462130144,-0.822654325,0.7683592821,0.0662671,0.8610146514,-1.283551615,1,1,1,1,1,1,1,1,1,1,1,11,0.0909090909,0.3737731079,0.013108,0.533730,0.6757448294
100137,-0.420937789,-0.44496626,-1.238292572,-0.015824407,,0.5614430499,-1.330207457,-1.592084864,,,-0.257980078,1,1,1,1,0,1,1,1,0,0,1,8,0.125,-0.592356297,0.013108,0.533730,-1.134401387
100140,,1.2820783405,0.6888337545,0.5957710702,,0.3628172381,,2.0961091144,,,0.4257342795,0,1,1,1,0,1,0,1,0,0,1,6,0.1666666667,0.9085572996,0.013108,0.533730,1.6777199022
100142,,0.2211115477,-2.05918693,-0.219689567,,-1.12687635,0.3616363166,-0.706918309,0.6503490066,-0.654163587,-0.257980078,0,1,1,1,0,1,1,1,1,1,1,9,0.1111111111,-0.421301995,0.013108,0.533730,-0.813912954
100150,,1.0441934094,-0.715905253,0.9015688091,,0.462130144,0.3616363166,0.6208315229,,,-0.599837257,0,1,1,1,0,1,1,1,0,0,1,7,0.1428571429,0.296373956,0.013108,0.533730,0.5307292845
100151,0.3506089379,0.0974113835,1.1190350757,-1.850610841,1.4470187238,0.1641914263,0.0232675619,0.3257760046,1.2344309131,0.0451494461,1.1094486371,1,1,1,1,1,1,1,1,1,1,1,11,0.0909090909,0.3696115699,0.013108,0.533730,0.6679477453
100154,1.801577409,-2.847604064,-1.168055621,-0.525487306,0.4875676993,-0.729624727,,-0.854446069,,,0.0838771007,1,1,1,1,1,1,0,1,0,0,1,8,0.125,-0.469024447,0.013108,0.533730,-0.903326046
100156,1.6691477469,-0.487785547,0.1049891044,-0.933217624,,-1.325502162,,-3.067362456,,,0.4257342795,1,1,1,1,0,1,0,1,0,0,1,7,0.1428571429,-0.516285237,0.013108,0.533730,-0.991874163
100157,-0.334570618,-0.773247464,-1.449003423,-3.277666955,-2.150922618,-2.517257033,-0.145916815,-4.247584529,-1.68597862,0.3948059626,0.0838771007,1,1,1,1,1,1,1,1,1,1,1,11,0.0909090909,-1.463951365,0.013108,0.533730,-2.767427465
10015F,,-0.226112123,-0.540312877,,,-1.325502162,,-0.264335032,,,,0,1,1,0,0,1,0,1,0,0,0,4,0.25,-0.589065549,0.013108,0.533730,-1.128235819
100161,0.3851558063,-1.187167245,-0.566651734,,-0.591814703,0.9586946735,0.1924519392,-1.149501587,,,-2.309123151,1,1,1,0,1,1,1,1,0,0,1,8,0.125,-0.5334945,0.013108,0.533730,-1.024117548
100166,1.7267258609,-0.530604835,0.7327318485,-0.015824407,,1.1573204853,0.8691894486,-0.706918309,,,-0.941694436,1,1,1,1,0,1,1,1,0,0,1,8,0.125,0.286365707,0.013108,0.533730,0.5119777654
100167,-3.881382436,-1.867518148,-1.080259433,,,0.6607559558,-0.48428557,-3.214890215,,,-1.967265972,1,1,1,0,0,1,1,1,0,0,1,7,0.1428571429,-1.69069226,0.013108,0.533730,-3.192250653
100168,-1.037023608,-0.316508397,-0.549092496,1.4112317072,-1.43133435,-1.027563445,0.3616363166,-0.854446069,0.0662671,2.609297234,0.7675914583,1,1,1,1,1,1,1,1,1,1,1,11,0.0909090909,5.0411534E-6,0.013108,0.533730,-0.024549405
100173,-0.657008056,-0.492543246,-0.215466982,-0.321622146,-2.390785374,1.3559462971,0.0232675619,0.3257760046,,,1.1094486371,1,1,1,1,1,1,1,1,0,0,1,9,0.1111111111,-0.140331923,0.013108,0.533730,-0.287485635
100175,,-0.002500288,1.0795267911,0.2899733314,,-0.034434386,,0.0307204863,,,,0,1,1,1,0,1,0,1,0,0,0,5,0.2,0.2726571871,0.013108,0.533730,0.4862933952
100176,-0.110015974,-0.668578095,-1.492901517,-0.627419885,0.0078421871,-0.630311821,-1.499391834,-1.149501587,,,-0.257980078,1,1,1,1,1,1,1,1,0,0,1,9,0.1111111111,-0.714250956,0.013108,0.533730,-1.362783997
100177,-0.017890991,0.6302736292,1.5097281123,1.3092991276,,2.3490753561,0.3616363166,0.1782482455,,,0.0838771007,1,1,1,1,0,1,1,1,0,0,1,8,0.125,0.8005308621,0.013108,0.533730,1.4753208799
100179,0.6903198101,-0.668578095,-0.88710782,-0.831285044,-0.471883325,-0.928250539,0.1924519392,-1.592084864,,,-0.941694436,1,1,1,1,1,1,1,1,0,0,1,9,0.1111111111,-0.604234708,0.013108,0.533730,-1.156656854
100180,,-0.9968593,-2.212830259,,,-0.630311821,,-1.297029346,,,0.4257342795,0,1,1,0,0,1,0,1,0,0,1,5,0.2,-0.942259289,0.013108,0.533730,-1.789981865
100181,,,-4.710631807,,,,,-1.149501587,,,,0,0,1,0,0,0,0,1,0,0,0,2,0.5,-2.930066697,0.013108,0.533730,-5.514350504
100183,,-2.186283955,1.2595089765,,,0.8593817676,,-0.411862791,,,0.7675914583,0,1,1,0,0,1,0,1,0,0,1,5,0.2,0.0576670912,0.013108,0.533730,0.0834865799
100187,-1.008234551,-0.050077274,0.056701201,,,-0.332373103,-0.145916815,-1.444557105,,,-1.283551615,1,1,1,0,0,1,1,1,0,0,1,7,0.1428571429,-0.60114418,0.013108,0.533730,-1.150866421
100189,-1.549468822,-0.930251519,-0.74224411,,,-0.928250539,,-2.32972366,,,0.7675914583,1,1,1,0,0,1,0,1,0,0,1,6,0.1666666667,-0.952057865,0.013108,0.533730,-1.808340539
100191,-0.242445636,-0.930251519,-0.544702687,0.1880407518,,-0.828937633,-1.161023079,-0.55939055,,,-1.625408793,1,1,1,1,0,1,1,1,0,0,1,8,0.125,-0.713014893,0.013108,0.533730,-1.360468102
100200,,-0.430693164,-0.917836486,0.6977036498,,-0.034434386,,-0.854446069,,,0.7675914583,0,1,1,1,0,1,0,1,0,0,1,6,0.1666666667,-0.128685833,0.013108,0.533730,-0.265665447
100204,1.3467103089,-0.073865767,-0.171568888,-2.156408579,-1.311402972,-1.325502162,-0.991838702,-0.706918309,,,-1.625408793,1,1,1,1,1,1,1,1,0,0,1,9,0.1111111111,-0.779578207,0.013108,0.533730,-1.485181552
100206,,-0.963555409,-1.233902762,0.4938384906,,0.1641914263,,-0.264335032,,,0.4257342795,0,1,1,1,0,1,0,1,0,0,1,6,0.1666666667,-0.229671501,0.013108,0.533730,-0.45487284
100209,-0.536094017,0.2591731367,-2.006509217,0.2899733314,,-0.133747291,,-0.411862791,,,0.0838771007,1,1,1,1,0,1,0,1,0,0,1,7,0.1428571429,-0.350741392,0.013108,0.533730,-0.68171016
100211,,-1.072982478,0.6888337545,0.0861081721,,-0.530998915,,1.0634148004,,,0.7675914583,0,1,1,1,0,1,0,1,0,0,1,6,0.1666666667,0.1669944654,0.013108,0.533730,0.2883230458
100212,0.3621245607,0.6778506155,-0.312042789,0.2899733314,-0.591814703,-0.431686009,-0.653469947,-2.624779178,,,-4.702123403,1,1,1,1,1,1,1,1,0,0,1,9,0.1111111111,-0.887329725,0.013108,0.533730,-1.687065482
100213,0.6615307531,-0.849370642,-0.821260679,0.391905911,-1.191471594,-0.034434386,1.5459269579,-1.592084864,,,-2.65098033,1,1,1,1,1,1,1,1,0,0,1,9,0.1111111111,-0.504470986,0.013108,0.533730,-0.969738907
100217,0.2296948987,0.2591731367,0.2893610992,-0.933217624,,0.8593817676,-0.315101193,-0.411862791,,,0.0838771007,1,1,1,1,0,1,1,1,0,0,1,8,0.125,0.0076632994,0.013108,0.533730,-0.010200843
100220,-0.67428149,-0.540120232,-0.022315368,-0.015824407,,0.1641914263,-0.653469947,0.0307204863,-0.079753377,0.2782537905,0.7675914583,1,1,1,1,0,1,1,1,1,1,1,10,0.1,-0.074500766,0.013108,0.533730,-0.16414396
100223,0.4427339202,0.7301853003,-0.171568888,-0.015824407,-0.232020569,-0.530998915,0.7000050712,-1.592084864,,,0.0838771007,1,1,1,1,1,1,1,1,0,0,1,9,0.1111111111,-0.065077361,0.013108,0.533730,-0.146488209
100224,,-2.110160777,-1.453393232,,,0.2635043322,0.0232675619,-2.772306938,,,-1.625408793,0,1,1,0,0,1,1,1,0,0,1,6,0.1666666667,-1.279082974,0.013108,0.533730,-2.42105687
100226,-0.006375368,-0.659062698,0.5000719504,-0.321622146,0.0078421871,0.2635043322,-1.668576211,0.1782482455,,,0.4257342795,1,1,1,1,1,1,1,1,0,0,1,9,0.1111111111,-0.142248381,0.013108,0.533730,-0.291076324
100228,0.4427339202,-1.681967901,0.1357177702,-0.525487306,-0.591814703,-1.027563445,,-0.706918309,,,-0.599837257,1,1,1,1,1,1,0,1,0,0,1,8,0.125,-0.569392154,0.013108,0.533730,-1.091375622
100230,,-0.678093492,-1.949441695,,,-0.332373103,,-0.116807273,,,-0.257980078,0,1,1,0,0,1,0,1,0,0,1,5,0.2,-0.666939128,0.013108,0.533730,-1.274140255
100231,-0.46700028,0.116442178,0.144497389,0.7996362295,-1.671197106,0.3628172381,-0.315101193,-2.034668142,,,0.7675914583,1,1,1,1,1,1,1,1,0,0,1,9,0.1111111111,-0.255220247,0.013108,0.533730,-0.502741134
100232,-1.002476739,-0.13095815,-0.180348507,-0.729352465,,-0.233060197,-2.683682475,0.1782482455,,,-0.257980078,1,1,1,1,0,1,1,1,0,0,1,8,0.125,-0.629951296,0.013108,0.533730,-1.204839616
100236,-0.432453412,0.5208465609,-1.637765227,,-1.071540215,0.0648785204,1.5459269579,0.1782482455,,,-2.992837509,1,1,1,0,1,1,1,1,0,0,1,8,0.125,-0.47808701,0.013108,0.533730,-0.920305721
100238,-0.161836276,-0.345054588,-1.045140958,0.4938384906,-1.311402972,-2.616569939,-1.668576211,-1.739612624,,,-1.283551615,1,1,1,1,1,1,1,1,0,0,1,9,0.1111111111,-1.075322966,0.013108,0.533730,-2.039290818
100242,1.1970072127,0.0545920959,0.5746987102,-0.525487306,,1.7531979207,-0.822654325,0.3257760046,,,-0.257980078,1,1,1,1,0,1,1,1,0,0,1,8,0.125,0.2873937794,0.013108,0.533730,0.5139039685
100243,-2.724062346,-1.429809874,-0.290093742,0.4938384906,-1.911059862,1.6538850148,-0.653469947,-1.739612624,,,0.4257342795,1,1,1,1,1,1,1,1,0,0,1,9,0.1111111111,-0.68607229,0.013108,0.533730,-1.309988269
100244,,-0.625758807,-0.720295063,0.1880407518,,1.455259203,0.0232675619,0.3257760046,,,0.0838771007,0,1,1,1,0,1,1,1,0,0,1,7,0.1428571429,0.104309536,0.013108,0.533730,0.1708761621
100246,-0.628218999,-1.486902258,-1.787018747,,-2.63064813,-1.12687635,,-3.805001252,,,-0.257980078,1,1,1,0,1,1,0,1,0,0,1,7,0.1428571429,-1.674663688,0.013108,0.533730,-3.162219418
100248,1.0703353621,-0.963555409,-0.7378543,-0.729352465,0.7274304554,-1.226189256,,-1.739612624,,,-0.599837257,1,1,1,1,1,1,0,1,0,0,1,8,0.125,-0.524829437,0.013108,0.533730,-1.00788263
100249,-0.369117486,-0.145231246,0.3288693838,-0.117756987,,0.8593817676,2.0534800899,0.1782482455,,,0.7675914583,1,1,1,1,0,1,1,1,0,0,1,8,0.125,0.4444331532,0.013108,0.533730,0.8081339409
100252,,-0.816066752,-0.66761735,-0.627419885,,-0.034434386,,-1.001973828,,,0.4257342795,0,1,1,1,0,1,0,1,0,0,1,6,0.1666666667,-0.453629653,0.013108,0.533730,-0.874482262
100253,-0.524578394,0.2496577394,-0.254975266,2.0228271849,0.3676363213,-0.133747291,0.7000050712,-2.034668142,1.5264718664,0.7444624792,-3.334694688,1,1,1,1,1,1,1,1,1,1,1,11,0.0909090909,-0.061054829,0.013108,0.533730,-0.138951567
100254,-0.202140956,-0.687608889,-0.979293817,-1.544813102,-0.951608837,0.5614430499,-0.315101193,-0.411862791,,,-0.599837257,1,1,1,1,1,1,1,1,0,0,1,9,0.1111111111,-0.570091533,0.013108,0.533730,-1.092685982
100256,0.3160620696,-0.154746644,-0.571041543,,-1.551265728,-0.233060197,0.7000050712,-0.706918309,,,-0.941694436,1,1,1,0,1,1,1,1,0,0,1,8,0.125,-0.392832465,0.013108,0.533730,-0.760572261
100258,-0.587914319,-0.383116177,-0.127670794,-0.627419885,-0.831677459,-0.928250539,-1.161023079,-2.624779178,,,0.4257342795,1,1,1,1,1,1,1,1,0,0,1,9,0.1111111111,-0.760679684,0.013108,0.533730,-1.449773157
100259,-0.657008056,0.254415438,-0.509584212,-0.219689567,,-0.828937633,0.3616363166,-1.001973828,,,-0.257980078,1,1,1,1,0,1,1,1,0,0,1,8,0.125,-0.357390202,0.013108,0.533730,-0.694167413
100260,-1.66462505,-1.700998696,-1.747510462,,,-2.318631221,-2.514498098,-4.837695566,,,-8.120695191,1,1,1,0,0,1,1,1,0,0,1,7,0.1428571429,-3.272093469,0.013108,0.533730,-6.155174046
100264,-0.334570618,-0.85888604,-0.241805838,0.4938384906,-0.351951947,0.6607559558,-3.867973117,0.0307204863,,,-0.941694436,1,1,1,1,1,1,1,1,0,0,1,9,0.1111111111,-0.601285229,0.013108,0.533730,-1.151130691
100265,0.7882026038,0.1592614656,0.0874298668,0.1880407518,,-0.530998915,,1.2109425595,-0.80985576,1.3272233401,-0.599837257,1,1,1,1,0,1,0,1,1,1,1,9,0.1111111111,0.2022676284,0.013108,0.533730,0.354411069
100266,,-0.701881985,0.2586324334,0.0861081721,,0.2635043322,0.8691894486,0.0307204863,,,0.0838771007,0,1,1,1,0,1,1,1,0,0,1,7,0.1428571429,0.127164284,0.013108,0.533730,0.2136969638
100267,-0.622461188,-0.06435037,0.5220209974,0.0861081721,,-0.034434386,0.3616363166,-0.854446069,,,-1.283551615,1,1,1,1,0,1,1,1,0,0,1,8,0.125,-0.236184767,0.013108,0.533730,-0.467076137
100268,,0.1640191642,0.1181585326,0.6977036498,,-0.034434386,0.3616363166,-0.55939055,,,-0.257980078,0,1,1,1,0,1,1,1,0,0,1,7,0.1428571429,0.0699589499,0.013108,0.533730,0.1065166849
100269,,0.2163538491,-1.405105329,0.4938384906,,0.462130144,,-2.182195901,,,-1.625408793,0,1,1,1,0,1,0,1,0,0,1,6,0.1666666667,-0.673397923,0.013108,0.533730,-1.286241495
100275,-1.41703916,-1.101528669,-1.457783042,-1.035150204,,0.6607559558,-0.991838702,-1.297029346,,,0.4257342795,1,1,1,1,0,1,1,1,0,0,1,8,0.125,-0.776734861,0.013108,0.533730,-1.47985424
100276,-1.227031384,0.1640191642,-1.519240373,0.0861081721,,-0.630311821,,-1.444557105,,,-1.283551615,1,1,1,1,0,1,0,1,0,0,1,7,0.1428571429,-0.836366423,0.013108,0.533730,-1.591580315
100277,,,,,,,,,,,,0,0,0,0,0,0,0,0,0,0,0,0,,,0.013108,0.533730,
100281,-0.887320512,-1.610602422,-4.377006293,0.7996362295,,-1.424815068,-0.653469947,-1.149501587,0.0662671,1.4437755123,0.0838771007,1,1,1,1,0,1,1,1,1,1,1,10,0.1,-0.770915989,0.013108,0.533730,-1.468951964
100284,,-5.117026307,-1.787018747,,,-0.828937633,,-2.034668142,,,,0,1,1,0,0,1,0,1,0,0,0,4,0.25,-2.441912707,0.013108,0.533730,-4.599742075
100285,,-0.521089437,0.276191671,,,0.462130144,,-0.706918309,,,-0.257980078,0,1,1,0,0,1,0,1,0,0,1,5,0.2,-0.149533202,0.013108,0.533730,-0.304725211
100286,-0.858531455,-0.701881985,-0.781752394,-0.321622146,-0.351951947,-1.325502162,-0.991838702,-2.624779178,,,0.4257342795,1,1,1,1,1,1,1,1,0,0,1,9,0.1111111111,-0.836902855,0.013108,0.533730,-1.592585377
100287,0.0799918024,-0.716155081,-1.945051885,-0.525487306,,-2.517257033,-0.822654325,-0.264335032,,,-0.941694436,1,1,1,1,0,1,1,1,0,0,1,8,0.125,-0.956580412,0.013108,0.533730,-1.816814012
100288,,-2.243376339,-1.787018747,,,,-0.145916815,-0.116807273,,,0.7675914583,0,1,1,0,0,0,1,1,0,0,1,5,0.2,-0.705105543,0.013108,0.533730,-1.345649093
100289,-0.01213318,-0.654304999,-1.558748658,-0.219689567,0.1277735651,-0.431686009,1.0383738259,-1.592084864,0.0662671,0.7444624792,0.4257342795,1,1,1,1,1,1,1,1,1,1,1,11,0.0909090909,-0.187821457,0.013108,0.533730,-0.37646233
100290,0.1951480303,-0.730428177,-0.540312877,-0.729352465,,-0.828937633,-0.653469947,1.5059980778,,,0.7675914583,1,1,1,1,0,1,1,1,0,0,1,8,0.125,-0.126720442,0.013108,0.533730,-0.261983078
100291,,1.048951108,0.0171929164,0.5957710702,,0.8593817676,-0.48428557,-1.444557105,,,-0.599837257,0,1,1,1,0,1,1,1,0,0,1,7,0.1428571429,-0.001054724,0.013108,0.533730,-0.026534988
100292,0.3160620696,-0.701881985,-0.399838977,0.9015688091,,1.1573204853,,-1.001973828,1.7455025813,1.0941189957,0.4257342795,1,1,1,1,0,1,0,1,1,1,1,9,0.1111111111,0.3929569368,0.013108,0.533730,0.7116877735
100296,,0.6064851361,-1.308529522,,,-0.332373103,1.8842957126,-1.297029346,,,0.7675914583,0,1,1,0,0,1,1,1,0,0,1,6,0.1666666667,0.0534067226,0.013108,0.533730,0.0755043262
100299,2.4694835306,0.6350313279,0.5659190914,1.717029446,,-0.332373103,-0.145916815,0.9158870412,,,-2.65098033,1,1,1,1,0,1,1,1,0,0,1,8,0.125,0.3967600236,0.013108,0.533730,0.7188132612
100302,,-1.463113765,-0.781752394,0.4938384906,,-0.034434386,,-1.887140383,,,0.7675914583,0,1,1,1,0,1,0,1,0,0,1,6,0.1666666667,-0.484168496,0.013108,0.533730,-0.931700033
100307,1.1854915899,-0.073865767,-0.52275364,-1.137082783,,-0.034434386,1.0383738259,0.4733037638,0.5043285299,-0.071402726,0.4257342795,1,1,1,1,0,1,1,1,1,1,1,10,0.1,0.1787692687,0.013108,0.533730,0.3103843924
100313,,1.1393473819,1.2200006919,-1.340947943,,,,-0.55939055,,,,0,1,1,1,0,0,0,1,0,0,0,4,0.25,0.1147523952,0.013108,0.533730,0.1904419698
100314,,-0.78752056,-0.355940883,0.2899733314,,-0.034434386,,-0.116807273,,,0.0838771007,0,1,1,1,0,1,0,1,0,0,1,6,0.1666666667,-0.153475445,0.013108,0.533730,-0.312111422
100315,,2.0100062298,1.0751369817,0.2899733314,,2.8456398856,1.5459269579,1.0634148004,,,0.0838771007,0,1,1,1,0,1,1,1,0,0,1,7,0.1428571429,1.2734250411,0.013108,0.533730,2.3613384302
100316,0.3448511265,0.0070151097,-0.15839946,-0.729352465,,2.6470140738,0.7000050712,-0.411862791,,,-0.257980078,1,1,1,1,0,1,1,1,0,0,1,8,0.125,0.2676613234,0.013108,0.533730,0.4769331131
100319,0.9954838139,0.7206699031,0.6010375665,-2.156408579,,-0.431686009,-0.991838702,0.0307204863,,,0.7675914583,1,1,1,1,0,1,1,1,0,0,1,8,0.125,-0.058053758,0.013108,0.533730,-0.133328741
100320,,0.1449883697,-0.276924313,0.2899733314,,0.5614430499,,-1.149501587,,,,0,1,1,1,0,1,0,1,0,0,0,5,0.2,-0.08600423,0.013108,0.533730,-0.185696924
100321,0.7075932443,0.040319,-0.764193157,-3.991195013,,-0.233060197,0.0232675619,-0.55939055,,,0.4257342795,1,1,1,1,0,1,1,1,0,0,1,8,0.125,-0.543865604,0.013108,0.533730,-1.043548915
100329,,-0.601970314,0.4869025222,,,-0.630311821,0.0232675619,-0.854446069,,,-0.941694436,0,1,1,0,0,1,1,1,0,0,1,6,0.1666666667,-0.419708759,0.013108,0.533730,-0.810927858
100330,,-1.44408297,0.4605636658,,,,,0.0307204863,,,,0,1,1,0,0,0,0,1,0,0,0,3,0.3333333333,-0.317599606,0.013108,0.533730,-0.619615498
100350,,-1.092013272,-0.272534504,,,,,-2.182195901,,,,0,1,1,0,0,0,0,1,0,0,0,3,0.3333333333,-1.182247892,0.013108,0.533730,-2.239626043
100359,0.1548433506,0.8015507796,1.1980516449,-0.015824407,,-0.034434386,0.3616363166,-1.001973828,,,1.1094486371,1,1,1,1,0,1,1,1,0,0,1,8,0.125,0.3216622635,0.013108,0.533730,0.5781096189
100360,,,,,,,,0.1782482455,,,0.0838771007,0,0,0,0,0,0,0,1,0,0,1,2,0.5,0.1310626731,0.013108,0.533730,0.2210010104
100361,,,1.5755752533,,,,,-0.854446069,,,,0,0,1,0,0,0,0,1,0,0,0,2,0.5,0.3605645923,0.013108,0.533730,0.6509972703
100362,,,,,,,,-0.55939055,,,,0,0,0,0,0,0,0,1,0,0,0,1,1,-0.55939055,0.013108,0.533730,-1.072636553
100363,,,,,,,,,,,,0,0,0,0,0,0,0,0,0,0,0,0,,,0.013108,0.533730,
10057F,0.2987886354,-0.801793656,-2.388422635,,,-1.722753786,-0.991838702,-2.919834697,,,,1,1,1,0,0,1,1,1,0,0,0,6,0.1666666667,-1.420975807,0.013108,0.533730,-2.686908186
10063F,-1.37673448,0.3781156022,-0.044264415,,,-1.226189256,0.5308206939,-1.739612624,,,,1,1,1,0,0,1,1,1,0,0,0,6,0.1666666667,-0.57964408,0.013108,0.533730,-1.110583695
10064F,0.4081870518,0.2115961504,0.7415114673,,,1.455259203,0.1924519392,-1.001973828,,,,1,1,1,0,0,1,1,1,0,0,0,6,0.1666666667,0.3345053307,0.013108,0.533730,0.6021724715
10065F,-0.058195671,-0.430693164,-0.483245355,,,-2.517257033,0.3616363166,0.1782482455,,,,1,1,1,0,0,1,1,1,0,0,0,6,0.1666666667,-0.491584443,0.013108,0.533730,-0.945594599
10099F,0.6903198101,1.0917703956,-1.036361339,,,0.3628172381,0.0232675619,0.6208315229,,,,1,1,1,0,0,1,1,1,0,0,0,6,0.1666666667,0.2921075315,0.013108,0.533730,0.5227356845
101300,,,,,,,,,,,,0,0,0,0,0,0,0,0,0,0,0,0,,,0.013108,0.533730,
101303,,,,,,,,,,,,0,0,0,0,0,0,0,0,0,0,0,0,,,0.013108,0.533730,
101304,,,0.8688159399,,,,,0.0307204863,,,,0,0,1,0,0,0,0,1,0,0,0,2,0.5,0.4497682131,0.013108,0.533730,0.8181297433
101307,,,0.4034961436,0.391905911,,0.6607559558,,0.0307204863,,,0.0838771007,0,0,1,1,0,1,0,1,0,0,1,5,0.2,0.3141511195,0.013108,0.533730,0.5640366915
101308,,-1.572540833,-1.17683524,0.2899733314,,-0.034434386,,0.4733037638,,,,0,1,1,1,0,1,0,1,0,0,0,5,0.2,-0.404106673,0.013108,0.533730,-0.78169569
101309,,,-1.260241619,,,0.462130144,,-0.411862791,,,,0,0,1,0,0,1,0,1,0,0,0,3,0.3333333333,-0.403324755,0.013108,0.533730,-0.780230684
101311,,,,,,,,-0.116807273,,,,0,0,0,0,0,0,0,1,0,0,0,1,1,-0.116807273,0.013108,0.533730,-0.243409701
101312,,,,,,,,,0.7963694832,-0.071402726,0.4257342795,0,0,0,0,0,0,0,0,1,1,1,3,0.3333333333,0.3835670122,0.013108,0.533730,0.6940947509
101313,,,1.0619675535,-0.219689567,,-1.027563445,,0.4733037638,0.2122875767,-1.236924448,0.7675914583,0,0,1,1,0,1,0,1,1,1,1,7,0.1428571429,0.004424699,0.013108,0.533730,-0.016268706
110001,-0.328812806,0.0165305069,-0.553482306,-0.117756987,-1.551265728,-1.12687635,,0.4733037638,-0.955876236,-0.071402726,0.7675914583,1,1,1,1,1,1,0,1,1,1,1,10,0.1,-0.344804741,0.013108,0.533730,-0.670587212
110002,-1.468859462,-0.311750698,0.3156999556,0.6977036498,,0.7600688617,,-1.001973828,,,-0.941694436,1,1,1,1,0,1,0,1,0,0,1,7,0.1428571429,-0.278686565,0.013108,0.533730,-0.546707776
110003,-0.110015974,0.1592614656,-0.149619841,-0.729352465,,-0.530998915,,-0.411862791,,,-0.599837257,1,1,1,1,0,1,0,1,0,0,1,7,0.1428571429,-0.338917968,0.013108,0.533730,-0.659557717
110005,-0.242445636,-0.264173712,0.2454630052,0.1880407518,,1.7531979207,0.8691894486,0.9158870412,0.8693797215,0.5113581348,0.0838771007,1,1,1,1,0,1,1,1,1,1,1,10,0.1,0.4929773777,0.013108,0.533730,0.8990867097
110006,1.0357884937,-0.521089437,-0.509584212,-0.117756987,,0.0648785204,0.3616363166,-0.116807273,,,0.0838771007,1,1,1,1,0,1,1,1,0,0,1,8,0.125,0.0351178153,0.013108,0.533730,0.0412381128
110007,-1.215515761,-0.701881985,-0.320822407,1.717029446,-0.351951947,-2.219318315,-0.315101193,-2.034668142,0.9423899598,0.0451494461,0.7675914583,1,1,1,1,1,1,1,1,1,1,1,11,0.0909090909,-0.335190858,0.013108,0.533730,-0.65257458
110008,1.2027650241,0.3448117119,0.0523113916,-1.95254342,,-0.530998915,-0.145916815,-0.264335032,-0.955876236,0.8610146514,0.0838771007,1,1,1,1,0,1,1,1,1,1,1,10,0.1,-0.130489054,0.013108,0.533730,-0.269043974
110010,-0.875804889,0.0688651917,-0.66761735,-0.729352465,0.2477049432,2.0511366384,-0.145916815,0.1782482455,0.1392773383,1.0941189957,0.7675914583,1,1,1,1,1,1,1,1,1,1,1,11,0.0909090909,0.1934773902,0.013108,0.533730,0.3379416226
110011,0.0742339911,-1.710514093,-1.014412292,-1.239015363,,0.3628172381,,1.0634148004,0.2122875767,0.7444624792,0.0838771007,1,1,1,1,0,1,0,1,1,1,1,9,0.1111111111,-0.158094285,0.013108,0.533730,-0.32076531
110015,-1.866148448,-3.123550584,-1.211953715,-0.627419885,,-0.332373103,,-0.706918309,-1.320927428,-0.654163587,0.0838771007,1,1,1,1,0,1,0,1,1,1,1,9,0.1111111111,-1.084397551,0.013108,0.533730,-2.056293019
110016,0.3506089379,-0.535362533,-0.663227541,-0.933217624,,1.3559462971,,-0.116807273,-1.24791719,0.2782537905,-0.599837257,1,1,1,1,0,1,0,1,1,1,1,9,0.1111111111,-0.234617821,0.013108,0.533730,-0.464140297
110018,,-0.811309053,0.539580235,-0.117756987,,0.7600688617,-0.315101193,-0.411862791,,,0.4257342795,0,1,1,1,0,1,1,1,0,0,1,7,0.1428571429,0.0099076217,0.013108,0.533730,-0.005995867
110023,,-0.059592671,0.6449356605,-1.646745681,,0.2635043322,,1.5059980778,0.0662671,0.5113581348,-1.283551615,0,1,1,1,0,1,0,1,1,1,1,8,0.125,0.0002716673,0.013108,0.533730,-0.024049852
110024,,0.2496577394,-2.20405064,-1.137082783,,0.9586946735,,1.5059980778,1.3804513897,-1.236924448,0.4257342795,0,1,1,1,0,1,0,1,1,1,1,8,0.125,-0.007190214,0.013108,0.533730,-0.03803048
110025,0.2412105215,0.3543271091,-1.10659829,-0.321622146,,-0.729624727,-1.330207457,-1.001973828,1.891523058,0.3948059626,-0.257980078,1,1,1,1,0,1,1,1,1,1,1,10,0.1,-0.186613987,0.013108,0.533730,-0.374200007
110027,,-1.301352012,0.385936906,-0.321622146,,0.7600688617,,0.9158870412,,,0.4257342795,0,1,1,1,0,1,0,1,0,0,1,6,0.1666666667,0.1441088217,0.013108,0.533730,0.2454443578
110028,0.4830386,-1.605844723,-0.202297554,-0.117756987,-0.831677459,0.0648785204,-0.145916815,-0.55939055,,,1.4513058159,1,1,1,1,1,1,1,1,0,0,1,9,0.1111111111,-0.162629017,0.013108,0.533730,-0.329261614
110029,0.2815152012,0.2972347256,-0.404228786,-1.340947943,-2.150922618,0.6607559558,-0.991838702,-0.706918309,-0.225773853,0.5113581348,0.7675914583,1,1,1,1,1,1,1,1,1,1,1,11,0.0909090909,-0.300197703,0.013108,0.533730,-0.587011182
110030,-1.008234551,-1.72002949,-1.32169895,-1.035150204,,1.3559462971,0.5308206939,0.9158870412,,,-0.941694436,1,1,1,1,0,1,1,1,0,0,1,8,0.125,-0.4030192,0.013108,0.533730,-0.779658194
110031,-1.198242327,0.5541504513,0.4869025222,0.0861081721,,-0.034434386,,0.4733037638,,,-0.257980078,1,1,1,1,0,1,0,1,0,0,1,7,0.1428571429,0.0156868741,0.013108,0.533730,0.0048321775
110032,,-0.140473548,-0.470075927,0.1880407518,,-0.828937633,,-0.706918309,,,,0,1,1,1,0,1,0,1,0,0,0,5,0.2,-0.391672933,0.013108,0.533730,-0.758399756
110034,-0.133047219,-0.302235301,-1.431444185,-0.729352465,-0.471883325,-0.332373103,,-0.706918309,-0.663835283,1.4437755123,1.1094486371,1,1,1,1,1,1,0,1,1,1,1,10,0.1,-0.221786504,0.013108,0.533730,-0.440099459
110035,0.2412105215,0.3828733008,0.078650248,-0.423554726,-0.112089191,0.8593817676,-0.822654325,0.6208315229,1.0884104365,0.7444624792,0.7675914583,1,1,1,1,1,1,1,1,1,1,1,11,0.0909090909,0.3113739539,0.013108,0.533730,0.5588333764
110036,-1.935242185,0.0545920959,0.0479215822,0.5957710702,-0.951608837,-1.325502162,-1.499391834,-1.444557105,,,-4.360266224,1,1,1,1,1,1,1,1,0,0,1,9,0.1111111111,-1.202031511,0.013108,0.533730,-2.276692757
110038,1.2257962697,-1.448840669,0.495682141,0.7996362295,,-0.431686009,-1.668576211,1.5059980778,1.5994821047,0.9775668235,0.7675914583,1,1,1,1,0,1,1,1,1,1,1,10,0.1,0.3822650215,0.013108,0.533730,0.6916553328
110041,,1.0299203135,-0.544702687,0.1880407518,,0.6607559558,,-0.55939055,,,0.4257342795,0,1,1,1,0,1,0,1,0,0,1,6,0.1666666667,0.2000596773,0.013108,0.533730,0.3502742376
110042,0.7709291696,0.3162655201,-1.10220848,0.6977036498,,-0.332373103,,-1.297029346,,,0.0838771007,1,1,1,1,0,1,0,1,0,0,1,7,0.1428571429,-0.123262213,0.013108,0.533730,-0.255503718
110043,0.7882026038,0.330538616,-1.211953715,1.1054339683,1.806812858,0.6607559558,0.1924519392,1.0634148004,0.5773387682,0.8610146514,0.4257342795,1,1,1,1,1,1,1,1,1,1,1,11,0.0909090909,0.5999767932,0.013108,0.533730,1.0995614971
110044,,-0.797035958,-0.031094987,-0.933217624,,-0.530998915,,-0.264335032,0.4313182916,1.0941189957,-0.257980078,0,1,1,1,0,1,0,1,1,1,1,8,0.125,-0.161153163,0.013108,0.533730,-0.326496445
110045,,,1.4394911619,,,-0.431686009,,-0.706918309,,,0.0838771007,0,0,1,0,0,1,0,1,0,0,1,4,0.25,0.096190986,0.013108,0.533730,0.155665195
110046,,0.9775856287,-0.584210971,1.6150968664,,-0.332373103,,0.1782482455,,,-0.257980078,0,1,1,1,0,1,0,1,0,0,1,6,0.1666666667,0.266061098,0.013108,0.533730,0.4739349205
110050,,0.83485467,1.869692483,0.0861081721,,0.1641914263,,0.6208315229,,,,0,1,1,1,0,1,0,1,0,0,0,5,0.2,0.7151356549,0.013108,0.533730,1.3153238749
110051,,-1.277563518,-0.531533259,1.3092991276,,0.2635043322,-0.822654325,0.3257760046,,,0.7675914583,0,1,1,1,0,1,1,1,0,0,1,7,0.1428571429,0.0049171173,0.013108,0.533730,-0.015346108
110054,-0.559125262,-0.535362533,-0.430567642,-0.321622146,,-0.630311821,-0.48428557,-1.887140383,,,0.4257342795,1,1,1,1,0,1,1,1,0,0,1,8,0.125,-0.552835135,0.013108,0.533730,-1.060354285
110064,1.099124419,-0.383116177,-1.163665812,0.391905911,,-0.233060197,,0.3257760046,-0.37179433,1.3272233401,0.0838771007,1,1,1,1,0,1,0,1,1,1,1,9,0.1111111111,0.1195855843,0.013108,0.533730,0.1994974637
110069,-0.777922095,0.8158238755,-0.860768964,0.5957710702,,0.1641914263,0.0232675619,1.0634148004,0.6503490066,0.5113581348,-0.599837257,1,1,1,1,0,1,1,1,1,1,1,10,0.1,0.158564756,0.013108,0.533730,0.2725290884
110071,,,0.1708362454,,,,,0.3257760046,,,,0,0,1,0,0,0,0,1,0,0,0,2,0.5,0.248306125,0.013108,0.533730,0.4406690898
110073,,,-0.355940883,0.2899733314,,-0.332373103,,0.3257760046,,,,0,0,1,1,0,1,0,1,0,0,0,4,0.25,-0.018141162,0.013108,0.533730,-0.058548248
110074,0.3563667493,0.8919470535,1.2287803107,-0.015824407,-0.351951947,-0.431686009,,-1.739612624,0.1392773383,0.1617016183,-0.257980078,1,1,1,1,1,1,0,1,1,1,1,10,0.1,-0.0018982,0.013108,0.533730,-0.028115329
110075,-0.495789337,0.5541504513,0.0259725352,0.9015688091,,-0.530998915,-0.145916815,-1.592084864,,,-0.599837257,1,1,1,1,0,1,1,1,0,0,1,8,0.125,-0.235366924,0.013108,0.533730,-0.46554382
110076,-0.639734622,-1.139590258,0.1401075796,-0.627419885,,0.0648785204,-1.668576211,0.0307204863,0.7963694832,-0.187954898,0.0838771007,1,1,1,1,0,1,1,1,1,1,1,10,0.1,-0.31473227,0.013108,0.533730,-0.61424324
110078,0.6212260734,-1.210955738,-0.88710782,0.1880407518,0.6074990774,-0.530998915,-0.145916815,0.4733037638,-0.517814807,1.7934320288,0.0838771007,1,1,1,1,1,1,1,1,1,1,1,11,0.0909090909,0.0431440637,0.013108,0.533730,0.0562761431
110079,,-1.310867409,-0.259365076,0.6977036498,,0.3628172381,,-1.001973828,-0.590825045,0.5113581348,0.0838771007,0,1,1,1,0,1,0,1,1,1,1,8,0.125,-0.188409404,0.013108,0.533730,-0.377563912
110082,0.1778745961,-0.497300944,-0.654447922,-0.423554726,-0.471883325,0.2635043322,0.8691894486,-0.854446069,0.4313182916,0.627910307,0.7675914583,1,1,1,1,1,1,1,1,1,1,1,11,0.0909090909,0.0214323135,0.013108,0.533730,0.0155968693
110083,-0.720343981,0.3352963146,0.5878681383,1.3092991276,0.3676363213,0.5614430499,0.1924519392,-0.264335032,0.5043285299,0.2782537905,0.0838771007,1,1,1,1,1,1,1,1,1,1,1,11,0.0909090909,0.2941613908,0.013108,0.533730,0.5265838083
110086,,,-0.035484796,-0.729352465,,,,0.3257760046,,,,0,0,1,1,0,0,0,1,0,0,0,3,0.3333333333,-0.146353752,0.013108,0.533730,-0.298768174
110087,0.2469683328,-0.825582149,-0.434957452,-1.850610841,0.8473618335,0.0648785204,1.0383738259,0.9158870412,-0.882865998,0.9775668235,-0.257980078,1,1,1,1,1,1,1,1,1,1,1,11,0.0909090909,-0.01463274,0.013108,0.533730,-0.051974845
110089,,-1.41077908,-1.593867133,0.5957710702,,-1.722753786,,-2.034668142,0.285297815,-1.236924448,0.0838771007,0,1,1,1,0,1,0,1,1,1,1,8,0.125,-0.879255825,0.013108,0.533730,-1.671938173
110091,1.3812571773,0.6493044237,-1.694832749,-1.137082783,,-0.828937633,,-0.116807273,,,0.0838771007,1,1,1,1,0,1,0,1,0,0,1,7,0.1428571429,-0.237603105,0.013108,0.533730,-0.469733544
110092,,,0.2586324334,0.391905911,,1.2566333912,,0.4733037638,,,,0,0,1,1,0,1,0,1,0,0,0,4,0.25,0.5951188748,0.013108,0.533730,1.0904596702
110095,0.4600073544,-0.958797711,-1.163665812,-1.544813102,,-0.233060197,,-1.739612624,-0.955876236,0.5113581348,1.1094486371,1,1,1,1,0,1,0,1,1,1,1,9,0.1111111111,-0.501667951,0.013108,0.533730,-0.964487122
110100,,,,,,,,0.3257760046,,,,0,0,0,0,0,0,0,1,0,0,0,1,1,0.3257760046,0.013108,0.533730,0.5858171505
110101,,,,0.391905911,,,,-0.116807273,,,1.1094486371,0,0,0,1,0,0,0,1,0,0,1,3,0.3333333333,0.4615157584,0.013108,0.533730,0.8401400191
110104,,0.4589964788,-1.549969039,-0.117756987,,0.2635043322,,0.0307204863,,,1.1094486371,0,1,1,1,0,1,0,1,0,0,1,6,0.1666666667,0.0324906513,0.013108,0.533730,0.0363158417
110105,,-2.186283955,-1.194394478,-0.117756987,,-1.921379598,,-1.739612624,-0.225773853,0.5113581348,-0.941694436,0,1,1,1,0,1,0,1,1,1,1,8,0.125,-0.976942224,0.013108,0.533730,-1.854964034
110107,-0.605187753,-0.944524615,-1.686053131,0.2899733314,0.2477049432,0.0648785204,0.1924519392,0.1782482455,-0.152763615,-0.30450707,-0.941694436,1,1,1,1,1,1,1,1,1,1,1,11,0.0909090909,-0.33286124,0.013108,0.533730,-0.648209793
110109,,0.3019924243,1.9223701958,-0.117756987,,0.5614430499,,0.0307204863,,,,0,1,1,1,0,1,0,1,0,0,0,5,0.2,0.5397538338,0.013108,0.533730,0.9867273762
110111,,,-2.739607387,-0.933217624,,,,-0.264335032,,,0.7675914583,0,0,1,1,0,0,0,1,0,0,1,4,0.25,-0.792392146,0.013108,0.533730,-1.509189829
110113,,,,,,,,-0.116807273,,,0.4257342795,0,0,0,0,0,0,0,1,0,0,1,2,0.5,0.1544635033,0.013108,0.533730,0.2648449552
110121,,,,0.5957710702,,,,0.3257760046,,,0.0838771007,0,0,0,1,0,0,0,1,0,0,1,3,0.3333333333,0.3351413918,0.013108,0.533730,0.6033641997
110122,-0.593672131,-1.268048121,-0.59299059,-0.015824407,0.9672932116,-0.530998915,,-1.444557105,0.285297815,-0.187954898,0.7675914583,1,1,1,1,1,1,0,1,1,1,1,10,0.1,-0.261386368,0.013108,0.533730,-0.514294017
110124,,0.3162655201,-0.772972776,-0.525487306,,-0.233060197,,-0.55939055,0.8693797215,0.7444624792,-0.257980078,0,1,1,1,0,1,0,1,1,1,1,8,0.125,-0.052347898,0.013108,0.533730,-0.122638206
110125,1.1394290988,-0.51157404,-0.571041543,0.6977036498,,-0.034434386,,0.1782482455,,,0.4257342795,1,1,1,1,0,1,0,1,0,0,1,7,0.1428571429,0.1891521864,0.013108,0.533730,0.3298378931
110128,1.3754993659,1.1060434915,0.5439700444,0.5957710702,,-0.828937633,,-0.55939055,0.8693797215,-0.187954898,-0.257980078,1,1,1,1,0,1,0,1,1,1,1,9,0.1111111111,0.2951556149,0.013108,0.533730,0.528446593
110129,1.1394290988,0.4019040953,-0.338381645,0.6977036498,0.2477049432,0.7600688617,0.8691894486,0.9158870412,0.8693797215,0.8610146514,1.4513058159,1,1,1,1,1,1,1,1,1,1,1,11,0.0909090909,0.7159277893,0.013108,0.533730,1.3168080231
110132,,-0.72091278,-0.219856791,-1.239015363,,,,-0.264335032,,,,0,1,1,1,0,0,0,1,0,0,0,4,0.25,-0.611029991,0.013108,0.533730,-1.16938854
110135,,-0.9968593,0.6976133733,-0.015824407,,0.1641914263,,-0.264335032,,,0.4257342795,0,1,1,1,0,1,0,1,0,0,1,6,0.1666666667,0.00175339,0.013108,0.533730,-0.021273687
110142,,,1.2770682141,0.9015688091,,,,0.9158870412,,,,0,0,1,1,0,0,0,1,0,0,0,3,0.3333333333,1.0315080215,0.013108,0.533730,1.9080811591
110143,-1.353703234,-0.75421667,-0.509584212,-0.933217624,,-0.233060197,-2.176129343,0.0307204863,-1.174906951,1.0941189957,0.4257342795,1,1,1,1,0,1,1,1,1,1,1,10,0.1,-0.558424447,0.013108,0.533730,-1.070826456
110146,,0.7063968072,1.4131523055,0.4938384906,,,,0.0307204863,0.5043285299,0.8610146514,0.0838771007,0,1,1,1,0,0,0,1,1,1,1,7,0.1428571429,0.5847611959,0.013108,0.533730,1.071053457
110150,,-0.188050534,-0.360330692,-0.321622146,,-0.431686009,,0.6208315229,,,-0.257980078,0,1,1,1,0,1,0,1,0,0,1,6,0.1666666667,-0.156472989,0.013108,0.533730,-0.317727641
110153,,0.5636658485,-0.048654225,0.6977036498,,0.0648785204,-0.653469947,0.3257760046,,,0.0838771007,0,1,1,1,0,1,1,1,0,0,1,7,0.1428571429,0.1476824217,0.013108,0.533730,0.2521398775
110161,-0.288508127,-1.938883627,-0.505194402,0.6977036498,,-2.417944127,0.3616363166,0.6208315229,-1.539958143,0.7444624792,-0.257980078,1,1,1,1,0,1,1,1,1,1,1,10,0.1,-0.452383454,0.013108,0.533730,-0.872147374
110164,1.4042884228,-1.372717491,-1.045140958,-0.321622146,-0.112089191,0.8593817676,,-0.854446069,,,0.4257342795,1,1,1,1,1,1,0,1,0,0,1,8,0.125,-0.127076423,0.013108,0.533730,-0.262650047
110165,,-0.012015685,-1.650934655,,,,,-1.444557105,,,-0.257980078,0,1,1,0,0,0,0,1,0,0,1,4,0.25,-0.841371881,0.013108,0.533730,-1.600958573
110168,0.0627183683,0.506573465,0.7020031827,-1.137082783,-0.232020569,-0.630311821,-0.822654325,0.3257760046,,,-0.599837257,1,1,1,1,1,1,1,1,0,0,1,9,0.1111111111,-0.202759526,0.013108,0.533730,-0.404450391
110177,1.0760931734,-1.543994641,-0.391059358,1.0035013887,,0.5614430499,-1.161023079,-0.854446069,,,-0.257980078,1,1,1,1,0,1,1,1,0,0,1,8,0.125,-0.195933202,0.013108,0.533730,-0.391660546
110184,-0.501547148,1.2249859571,0.232293577,-0.627419885,,-0.530998915,,0.0307204863,,,-0.257980078,1,1,1,1,0,1,0,1,0,0,1,7,0.1428571429,-0.061420858,0.013108,0.533730,-0.139637361
110190,,,,,,,,,,,,0,0,0,0,0,0,0,0,0,0,0,0,,,0.013108,0.533730,
110191,-0.207898767,-1.334655902,-0.786142204,0.1880407518,,-0.431686009,0.8691894486,0.6208315229,,,0.0838771007,1,1,1,1,0,1,1,1,0,0,1,8,0.125,-0.124805507,0.013108,0.533730,-0.258395244
110192,-1.353703234,-0.873159136,-2.107474833,0.391905911,,-0.928250539,,-1.444557105,,,0.4257342795,1,1,1,1,0,1,0,1,0,0,1,7,0.1428571429,-0.841357808,0.013108,0.533730,-1.600932206
110194,,,0.5308006162,0.2899733314,,,,0.6208315229,,,,0,0,1,1,0,0,0,1,0,0,0,3,0.3333333333,0.4805351568,0.013108,0.533730,0.8757748852
110198,-0.046680048,-1.524963847,-0.145230031,0.6977036498,,-1.524127974,,0.6208315229,,,0.0838771007,1,1,1,1,0,1,0,1,0,0,1,7,0.1428571429,-0.262655661,0.013108,0.533730,-0.516672172
110200,,1.2440167516,0.2059547206,1.4112317072,,0.1641914263,-0.315101193,1.5059980778,,,1.1094486371,0,1,1,1,0,1,1,1,0,0,1,7,0.1428571429,0.7608200183,0.013108,0.533730,1.4009183896
110201,,1.1441050805,0.9961204125,0.1880407518,,,,-1.297029346,,,-1.625408793,0,1,1,1,0,0,0,1,0,0,1,5,0.2,-0.118834379,0.013108,0.533730,-0.2472077
110209,,,,,,,,1.9485813553,,,,0,0,0,0,0,0,0,1,0,0,0,1,1,1.9485813553,0.013108,0.533730,3.6263156073
110215,1.2142806469,0.040319,-1.743120653,-0.117756987,,-1.027563445,-0.991838702,0.3257760046,-0.225773853,0.7444624792,0.7675914583,1,1,1,1,0,1,1,1,1,1,1,10,0.1,-0.101362405,0.013108,0.533730,-0.214472099
110225,,-0.554393328,0.6317662323,0.6977036498,,0.3628172381,,0.1782482455,,,0.4257342795,0,1,1,1,0,1,0,1,0,0,1,6,0.1666666667,0.2903127196,0.013108,0.533730,0.5193729134
110226,,-0.697124287,0.4254451906,-0.015824407,,,,-0.264335032,,,-0.257980078,0,1,1,1,0,0,0,1,0,0,1,5,0.2,-0.161963723,0.013108,0.533730,-0.328015114
110229,0.9379057,-0.192808233,-0.720295063,-0.321622146,,-0.928250539,0.5308206939,1.0634148004,0.285297815,0.1617016183,0.4257342795,1,1,1,1,0,1,1,1,1,1,1,10,0.1,0.1241898927,0.013108,0.533730,0.2081241252
110230,0.7651713582,-1.111044067,0.8819853681,-0.933217624,,-0.133747291,-0.48428557,0.3257760046,,,0.0838771007,1,1,1,1,0,1,1,1,0,0,1,8,0.125,-0.07568559,0.013108,0.533730,-0.166363854
110233,,,,0.7996362295,,,,-1.297029346,1.3804513897,0.627910307,0.0838771007,0,0,0,1,0,0,0,1,1,1,1,5,0.2,0.3189691362,0.013108,0.533730,0.5730637583
110234,,,,,,,,,,,,0,0,0,0,0,0,0,0,0,0,0,0,,,0.013108,0.533730,
110236,,-1.249017327,0.4122757624,-0.117756987,,,,-1.149501587,,,,0,1,1,1,0,0,0,1,0,0,0,4,0.25,-0.526000035,0.013108,0.533730,-1.01007587
110237,,-0.61624341,1.0883064099,,,0.3628172381,,0.9158870412,,,,0,1,1,0,0,1,0,1,0,0,0,4,0.25,0.4376918198,0.013108,0.533730,0.7955033357
110252,,-0.273689109,-0.531533259,0.4938384906,,-1.325502162,,-0.55939055,,,0.7675914583,0,1,1,1,0,1,0,1,0,0,1,6,0.1666666667,-0.238114189,0.013108,0.533730,-0.470691112
11029F,-1.008234551,0.9775856287,1.0839166005,,,-0.928250539,1.5459269579,-0.116807273,,,,1,1,1,0,0,1,1,1,0,0,0,6,0.1666666667,0.2590228041,0.013108,0.533730,0.4607479282
11030F,-1.676140672,0.7539737934,0.9346630809,,,-1.226189256,-2.176129343,0.1782482455,,,,1,1,1,0,0,1,1,1,0,0,0,6,0.1666666667,-0.535262359,0.013108,0.533730,-1.02742982
11031F,,1.2249859571,,,,0.8593817676,,0.6208315229,,,,0,1,0,0,0,1,0,1,0,0,0,3,0.3333333333,0.9017330825,0.013108,0.533730,1.6649340057
111302,,,,,,,,0.4733037638,,,,0,0,0,0,0,0,0,1,0,0,0,1,1,0.4733037638,0.013108,0.533730,0.8622261011
111303,,,,,,,,,,,,0,0,0,0,0,0,0,0,0,0,0,0,,,0.013108,0.533730,
111304,,,0.6361560417,-0.525487306,,,,0.3257760046,,,,0,0,1,1,0,0,0,1,0,0,0,3,0.3333333333,0.1454815803,0.013108,0.533730,0.2480163669
111305,,,2.4052492298,,,,,-0.264335032,,,,0,0,1,0,0,0,0,1,0,0,0,2,0.5,1.0704570989,0.013108,0.533730,1.981056399
111306,,,1.0268490783,-1.95254342,,,,-0.116807273,0.8693797215,-2.285893997,0.7675914583,0,0,1,1,0,0,0,1,1,1,1,6,0.1666666667,-0.281904072,0.013108,0.533730,-0.552736118
111308,,,,,,,,,,,,0,0,0,0,0,0,0,0,0,0,0,0,,,0.013108,0.533730,
111310,,1.4200516006,1.0531879347,,,-1.325502162,,-1.444557105,,,,0,1,1,0,0,1,0,1,0,0,0,4,0.25,-0.074204933,0.013108,0.533730,-0.163589686
111311,,,,,,,,,,,,0,0,0,0,0,0,0,0,0,0,0,0,,,0.013108,0.533730,
111312,,,,-0.219689567,,,,0.1782482455,,,,0,0,0,1,0,0,0,1,0,0,0,2,0.5,-0.020720661,0.013108,0.533730,-0.063381212
111313,,,-0.149619841,-0.219689567,,,,-0.264335032,,,0.4257342795,0,0,1,1,0,0,0,1,0,0,1,4,0.25,-0.05197754,0.013108,0.533730,-0.1219443
111314,,,,,,,,-0.55939055,,,,0,0,0,0,0,0,0,1,0,0,0,1,1,-0.55939055,0.013108,0.533730,-1.072636553
111316,,,,,,,,,,,,0,0,0,0,0,0,0,0,0,0,0,0,,,0.013108,0.533730,
111318,,,,,,,,0.0307204863,,,,0,0,0,0,0,0,0,1,0,0,0,1,1,0.0307204863,0.013108,0.533730,0.0329992492
111319,,,,,,,,,,,,0,0,0,0,0,0,0,0,0,0,0,0,,,0.013108,0.533730,
111320,,,-2.515727107,0.2899733314,,,,,,,-0.257980078,0,0,1,1,0,0,0,0,0,0,1,3,0.3333333333,-0.827911285,0.013108,0.533730,-1.575738714
111323,,,,,,,0.1924519392,0.7683592821,,,0.4257342795,0,0,0,0,0,0,1,1,0,0,1,3,0.3333333333,0.4621818336,0.013108,0.533730,0.8413879818
111324,,-0.877916834,-0.250585457,,,,,-0.706918309,,,,0,1,1,0,0,0,0,1,0,0,0,3,0.3333333333,-0.611806867,0.013108,0.533730,-1.170844098
111325,,,,,,,,0.0307204863,,,,0,0,0,0,0,0,0,1,0,0,0,1,1,0.0307204863,0.013108,0.533730,0.0329992492
111326,,,,,,,,,,,,0,0,0,0,0,0,0,0,0,0,0,0,,,0.013108,0.533730,
111327,,,-0.022315368,0.1880407518,,,,-0.116807273,,,,0,0,1,1,0,0,0,1,0,0,0,3,0.3333333333,0.0163060369,0.013108,0.533730,0.0059922449
111328,,,,,,,,,,,,0,0,0,0,0,0,0,0,0,0,0,0,,,0.013108,0.533730,
111329,,0.0165305069,0.232293577,0.9015688091,,0.1641914263,,-0.706918309,,,1.1094486371,0,1,1,1,0,1,0,1,0,0,1,6,0.1666666667,0.2861857745,0.013108,0.533730,0.5116406427
111330,,,,,,,,-0.854446069,,,,0,0,0,0,0,0,0,1,0,0,0,1,1,-0.854446069,0.013108,0.533730,-1.625454455
111331,,,,,,,,,,,,0,0,0,0,0,0,0,0,0,0,0,0,,,0.013108,0.533730,
111332,,,,,,,,,,,,0,0,0,0,0,0,0,0,0,0,0,0,,,0.013108,0.533730,
111333,,,0.122548342,0.2899733314,,,,-0.264335032,,,,0,0,1,1,0,0,0,1,0,0,0,3,0.3333333333,0.0493955471,0.013108,0.533730,0.0679889623
111334,,,,0.2899733314,,,,0.0307204863,,,,0,0,0,1,0,0,0,1,0,0,0,2,0.5,0.1603469088,0.013108,0.533730,0.2758681414
111335,,,-0.197907744,1.0035013887,,,,0.3257760046,,,,0,0,1,1,0,0,0,1,0,0,0,3,0.3333333333,0.3771232164,0.013108,0.533730,0.682021614
111336,,,,0.7996362295,,,,,,,,0,0,0,1,0,0,0,0,0,0,0,1,1,0.7996362295,0.013108,0.533730,1.4736446905
111337,,,0.1181585326,0.391905911,,,,0.4733037638,,,,0,0,1,1,0,0,0,1,0,0,0,3,0.3333333333,0.3277894025,0.013108,0.533730,0.5895894655
120001,-0.944898626,0.9395240397,-0.070603272,1.6150968664,-0.112089191,0.3628172381,-1.837760589,0.7683592821,-1.466947905,-0.30450707,0.0838771007,1,1,1,1,1,1,1,1,1,1,1,11,0.0909090909,-0.087921102,0.013108,0.533730,-0.189288388
120002,-0.415179977,-0.459239355,0.3903267154,-0.321622146,,0.9586946735,,1.9485813553,1.672492343,0.0451494461,1.1094486371,1,1,1,1,0,1,0,1,1,1,1,9,0.1111111111,0.5476279657,0.013108,0.533730,1.0014803999
120004,,,-0.211077172,,,,,1.2109425595,,,,0,0,1,0,0,0,0,1,0,0,0,2,0.5,0.4999326936,0.013108,0.533730,0.9121182338
120005,-1.612804747,-1.872275846,0.0171929164,0.0861081721,,-0.729624727,,0.7683592821,-0.736845521,-0.187954898,-0.941694436,1,1,1,1,0,1,0,1,1,1,1,9,0.1111111111,-0.578837756,0.013108,0.533730,-1.109072962
120006,0.7306244899,0.7111545058,-0.535923068,0.2899733314,,-0.630311821,0.0232675619,-0.116807273,0.0662671,-1.236924448,-0.599837257,1,1,1,1,0,1,1,1,1,1,1,10,0.1,-0.129851688,0.013108,0.533730,-0.2678498
120007,,-1.382232888,-1.479732089,1.717029446,,,1.3767425806,1.8010535961,,,1.1094486371,0,1,1,1,0,0,1,1,0,0,1,6,0.1666666667,0.5237182138,0.013108,0.533730,0.9566829363
120011,,0.6445467251,-0.140840222,-0.729352465,,,,0.9158870412,,,-0.257980078,0,1,1,1,0,0,0,1,0,0,1,5,0.2,0.0864522003,0.013108,0.533730,0.137418544
120014,,-1.58205623,0.5659190914,-1.544813102,,,,-0.116807273,0.2122875767,-2.518998342,1.1094486371,0,1,1,1,0,0,0,1,1,1,1,7,0.1428571429,-0.553574235,0.013108,0.533730,-1.061739067
120019,,-0.107169657,-0.382279739,0.5957710702,,0.1641914263,,0.7683592821,0.3583080533,-0.887267931,-0.257980078,0,1,1,1,0,1,0,1,1,1,1,8,0.125,0.0314915533,0.013108,0.533730,0.0344439252
120022,0.0108980657,1.6817250249,-0.211077172,-0.321622146,1.2071559677,-0.729624727,0.3616363166,0.9158870412,-0.006743138,0.1617016183,-0.599837257,1,1,1,1,1,1,1,1,1,1,1,11,0.0909090909,0.2245545085,0.013108,0.533730,0.3961679097
120026,-1.87190626,-1.724787189,-0.307652979,0.1880407518,,,,1.2109425595,0.7233592449,0.0451494461,0.7675914583,1,1,1,1,0,0,0,1,1,1,1,8,0.125,-0.121157871,0.013108,0.533730,-0.25156101
120028,,-0.330781493,1.9092007676,0.2899733314,,,,0.4733037638,0.7963694832,-0.537611415,0.4257342795,0,1,1,1,0,0,0,1,1,1,1,7,0.1428571429,0.432312674,0.013108,0.533730,0.7854249338
121300,,,,-0.321622146,,,,0.4733037638,,,,0,0,0,1,0,0,0,1,0,0,0,2,0.5,0.0758408087,0.013108,0.533730,0.1175369731
121301,,,,,,,,,,,,0,0,0,0,0,0,0,0,0,0,0,0,,,0.013108,0.533730,
121302,,,,,,,,,,,,0,0,0,0,0,0,0,0,0,0,0,0,,,0.013108,0.533730,
121303,,,,,,,,,,,,0,0,0,0,0,0,0,0,0,0,0,0,,,0.013108,0.533730,
121304,,,,,,,,,,,,0,0,0,0,0,0,0,0,0,0,0,0,,,0.013108,0.533730,
121305,,,,,,,,,,,,0,0,0,0,0,0,0,0,0,0,0,0,,,0.013108,0.533730,
121306,,,,,,,,,,,,0,0,0,0,0,0,0,0,0,0,0,0,,,0.013108,0.533730,
121307,,,,,,,,,,,,0,0,0,0,0,0,0,0,0,0,0,0,,,0.013108,0.533730,
121308,,,,,,,,,,,,0,0,0,0,0,0,0,0,0,0,0,0,,,0.013108,0.533730,
130002,0.909116643,0.9537971356,0.2498528146,0.1880407518,,0.9586946735,,2.0961091144,,,0.0838771007,1,1,1,1,0,1,0,1,0,0,1,7,0.1428571429,0.7770697476,0.013108,0.533730,1.4313639862
130003,1.5079290279,1.0727396011,0.4912923316,-0.321622146,,1.455259203,,-0.264335032,1.3074411514,-4.267280925,-0.941694436,1,1,1,1,0,1,0,1,1,1,1,9,0.1111111111,0.0044143085,0.013108,0.533730,-0.016288173
130006,0.8457807177,2.1241909968,0.6361560417,-0.933217624,1.2071559677,1.1573204853,-1.161023079,4.60408102,2.0375435346,-2.518998342,0.7675914583,1,1,1,1,1,1,1,1,1,1,1,11,0.0909090909,0.7969619252,0.013108,0.533730,1.4686340969
130007,0.293030824,0.9157355466,0.6712745169,1.0035013887,-0.591814703,1.455259203,0.3616363166,1.653525837,0.3583080533,0.5113581348,1.1094486371,1,1,1,1,1,1,1,1,1,1,1,11,0.0909090909,0.7037512504,0.013108,0.533730,1.2939939821
130013,0.3160620696,1.7340597097,0.7766299425,-0.933217624,,0.3628172381,-1.330207457,1.0634148004,-0.225773853,-1.936237481,-0.941694436,1,1,1,1,0,1,1,1,1,1,1,10,0.1,-0.111414709,0.013108,0.533730,-0.23330616
130014,,0.4875426705,1.6765408694,0.2899733314,,,,1.2109425595,,,0.4257342795,0,1,1,1,0,0,0,1,0,0,1,5,0.2,0.8181467421,0.013108,0.533730,1.508326105
130018,1.2661009494,0.0545920959,1.1190350757,0.0861081721,0.1277735651,0.3628172381,-0.48428557,1.5059980778,-0.298784092,-0.071402726,-0.599837257,1,1,1,1,1,1,1,1,1,1,1,11,0.0909090909,0.2789195936,0.013108,0.533730,0.4980266799
130025,,,-0.167179078,0.6977036498,,,,0.7683592821,,,1.1094486371,0,0,1,1,0,0,0,1,0,0,1,4,0.25,0.6020831227,0.013108,0.533730,1.1035079294
130028,-0.110015974,1.1678935736,0.6317662323,-1.544813102,-0.711746081,0.462130144,0.1924519392,1.0634148004,-0.444804568,-0.071402726,0.0838771007,1,1,1,1,1,1,1,1,1,1,1,11,0.0909090909,0.0653410309,0.013108,0.533730,0.0978645223
13003F,,1.5818133538,1.0049000313,,,-0.828937633,-1.668576211,0.0307204863,,,,0,1,1,0,0,1,1,1,0,0,0,5,0.2,0.0239840055,0.013108,0.533730,0.0203777357
130049,0.8457807177,1.3867477102,1.5755752533,-0.933217624,1.806812858,1.5545721089,0.3616363166,2.2436368736,0.7963694832,-1.35347662,0.4257342795,1,1,1,1,1,1,1,1,1,1,1,11,0.0909090909,0.7918337597,0.013108,0.533730,1.4590259334
130063,,,,,,,,0.7683592821,,,1.4513058159,0,0,0,0,0,0,0,1,0,0,1,2,0.5,1.109832549,0.013108,0.533730,2.0548304935
130065,,,,-4.093127592,,,1.2075582032,0.9158870412,1.2344309131,0.2782537905,-0.941694436,0,0,0,1,0,0,1,1,1,1,1,6,0.1666666667,-0.233115347,0.013108,0.533730,-0.46132525
130066,,,,-0.627419885,,,0.0232675619,2.686220151,,,1.4513058159,0,0,0,1,0,0,1,1,0,0,1,4,0.25,0.8833434109,0.013108,0.533730,1.6304789996
130071,,0.1116844794,0.6712745169,0.1880407518,,0.0648785204,,1.5059980778,0.6503490066,-0.421059243,0.4257342795,0,1,1,1,0,1,0,1,1,1,1,8,0.125,0.3996125487,0.013108,0.533730,0.7241577705
130073,,,,,,,,,,,,0,0,0,0,0,0,0,0,0,0,0,0,,,0.013108,0.533730,
130074,,2.0433101202,0.7107828015,,,0.1641914263,,1.2109425595,,,-0.257980078,0,1,1,0,0,1,0,1,0,0,1,5,0.2,0.7742493659,0.013108,0.533730,1.4260797009
131301,,,,-0.423554726,,,,0.4733037638,,,,0,0,0,1,0,0,0,1,0,0,0,2,0.5,0.0248745189,0.013108,0.533730,0.0220462074
131302,,,1.8301841984,,,,,0.1782482455,,,,0,0,1,0,0,0,0,1,0,0,0,2,0.5,1.0042162219,0.013108,0.533730,1.8569470694
131303,,,-1.005632674,,,,,0.4733037638,,,,0,0,1,0,0,0,0,1,0,0,0,2,0.5,-0.266164455,0.013108,0.533730,-0.523246271
131304,,,,,,,,,,,,0,0,0,0,0,0,0,0,0,0,0,0,,,0.013108,0.533730,
131305,,0.8967047521,0.012803107,,,,-0.822654325,0.0307204863,0.5043285299,0.627910307,,0,1,1,0,0,0,1,1,1,1,0,6,0.1666666667,0.2083021429,0.013108,0.533730,0.3657173739
131307,,,,0.5957710702,,,,0.0307204863,,,,0,0,0,1,0,0,0,1,0,0,0,2,0.5,0.3132457783,0.013108,0.533730,0.5623404385
131308,,,,,,,,,,,,0,0,0,0,0,0,0,0,0,0,0,0,,,0.013108,0.533730,
131309,,,,,,,,0.0307204863,,,,0,0,0,0,0,0,0,1,0,0,0,1,1,0.0307204863,0.013108,0.533730,0.0329992492
131310,,,,,,,,0.1782482455,,,,0,0,0,0,0,0,0,1,0,0,0,1,1,0.1782482455,0.013108,0.533730,0.3094081998
131311,,,0.1137687232,0.1880407518,,0.462130144,,0.0307204863,,,,0,0,1,1,0,1,0,1,0,0,0,4,0.25,0.1986650263,0.013108,0.533730,0.3476612107
131312,,,-0.074993081,1.3092991276,,,,0.7683592821,,,0.4257342795,0,0,1,1,0,0,0,1,0,0,1,4,0.25,0.607099902,0.013108,0.533730,1.1129073992
131313,,,,,,,,0.0307204863,,,,0,0,0,0,0,0,0,1,0,0,0,1,1,0.0307204863,0.013108,0.533730,0.0329992492
131314,,,0.8556465117,-0.423554726,,0.2635043322,,-0.116807273,,,,0,0,1,1,0,1,0,1,0,0,0,4,0.25,0.1446972113,0.013108,0.533730,0.2465467682
131315,,0.9157355466,0.9346630809,,,0.1641914263,,-0.411862791,,,,0,1,1,0,0,1,0,1,0,0,0,4,0.25,0.4006818157,0.013108,0.533730,0.7261611559
131316,,,0.4430044282,,,,-0.48428557,0.0307204863,,,,0,0,1,0,0,0,1,1,0,0,0,3,0.3333333333,-0.003520219,0.013108,0.533730,-0.031154354
131317,,,,,,,,0.0307204863,,,,0,0,0,0,0,0,0,1,0,0,0,1,1,0.0307204863,0.013108,0.533730,0.0329992492
131318,,,,,,,,-0.116807273,,,,0,0,0,0,0,0,0,1,0,0,0,1,1,-0.116807273,0.013108,0.533730,-0.243409701
131319,,0.6064851361,,,,,,0.1782482455,,,-1.283551615,0,1,0,0,0,0,0,1,0,0,1,3,0.3333333333,-0.166272744,0.013108,0.533730,-0.336088524
131320,,0.1735345614,1.4570503995,,,0.5614430499,,0.1782482455,,,,0,1,1,0,0,1,0,1,0,0,0,4,0.25,0.5925690641,0.013108,0.533730,1.0856823285
131321,,,0.122548342,,,,,0.1782482455,,,,0,0,1,0,0,0,0,1,0,0,0,2,0.5,0.1503982937,0.013108,0.533730,0.2572283526
131322,,-1.077740176,0.9873407937,0.2899733314,,,,-0.411862791,,,-1.967265972,0,1,1,1,0,0,0,1,0,0,1,5,0.2,-0.435910963,0.013108,0.533730,-0.841284411
131323,,0.7206699031,0.3376490026,-0.219689567,,,0.7000050712,0.9158870412,0.285297815,0.7444624792,1.1094486371,0,1,1,1,0,0,1,1,1,1,1,8,0.125,0.5742162978,0.013108,0.533730,1.0512964686
131324,,,,,,,,,,,,0,0,0,0,0,0,0,0,0,0,0,0,,,0.013108,0.533730,
131325,,0.9062201493,1.1980516449,,,,1.0383738259,0.9158870412,0.0662671,0.5113581348,-1.283551615,0,1,1,0,0,0,1,1,1,1,1,7,0.1428571429,0.4789437545,0.013108,0.533730,0.8727932237
131326,,0.9680702314,1.3077968799,,,,,0.9158870412,,,0.4257342795,0,1,1,0,0,0,0,1,0,0,1,4,0.25,0.904372108,0.013108,0.533730,1.6698785006
131327,,0.8776739576,1.3780338303,-0.015824407,,,0.0232675619,-0.55939055,1.2344309131,-2.052789653,-0.257980078,0,1,1,1,0,0,1,1,1,1,1,8,0.125,0.0784276967,0.013108,0.533730,0.122383783
131328,,,1.3604745927,0.391905911,,,0.3616363166,0.1782482455,,,-0.599837257,0,0,1,1,0,0,1,1,0,0,1,5,0.2,0.3384855617,0.013108,0.533730,0.6096298578
140001,,0.1402306711,0.254242624,-0.219689567,,-0.729624727,0.3616363166,-0.854446069,,,-0.257980078,0,1,1,1,0,1,1,1,0,0,1,7,0.1428571429,-0.18651869,0.013108,0.533730,-0.374021457
140002,0.5578901481,-0.706639684,-0.399838977,0.7996362295,,-0.233060197,0.1924519392,-2.32972366,-1.612968381,1.0941189957,0.7675914583,1,1,1,1,0,1,1,1,1,1,1,10,0.1,-0.187054213,0.013108,0.533730,-0.375024816
140007,-0.127289408,-1.087255574,-0.974904008,0.0861081721,0.0078421871,-1.822066692,0.3616363166,-1.887140383,0.5773387682,-0.071402726,0.4257342795,1,1,1,1,1,1,1,1,1,1,1,11,0.0909090909,-0.410127188,0.013108,0.533730,-0.792975765
140008,-2.177070264,-0.844612944,-1.708002178,1.8189620256,,-0.332373103,-1.161023079,-2.32972366,,,0.7675914583,1,1,1,1,0,1,1,1,0,0,1,8,0.125,-0.745781468,0.013108,0.533730,-1.421859766
140010,-0.323054995,-0.977828505,-0.246195648,2.9402204015,0.3676363213,-0.133747291,0.8691894486,-0.116807273,-2.854142433,1.7934320288,-0.257980078,1,1,1,1,1,1,1,1,1,1,1,11,0.0909090909,0.0964292706,0.013108,0.533730,0.1561116467
140011,,-1.54875234,-1.137326956,1.2073665479,,-1.325502162,-1.161023079,-0.854446069,,,-0.599837257,0,1,1,1,0,1,1,1,0,0,1,7,0.1428571429,-0.774217331,0.013108,0.533730,-1.475137379
140012,0.2066636531,0.4161771912,0.2410731958,0.2899733314,,0.3628172381,,-0.411862791,,,0.7675914583,1,1,1,1,0,1,0,1,0,0,1,7,0.1428571429,0.2674904681,0.013108,0.533730,0.4766129974
140013,,0.6778506155,-0.136450413,,,0.0648785204,,-0.854446069,,,1.1094486371,0,1,1,0,0,1,0,1,0,0,1,5,0.2,0.1722562584,0.013108,0.533730,0.2981815746
140015,1.5597493305,-0.273689109,-0.241805838,3.2460181403,0.8473618335,1.2566333912,-0.145916815,-0.55939055,-0.006743138,-0.770715759,0.4257342795,1,1,1,1,1,1,1,1,1,1,1,11,0.0909090909,0.4852032513,0.013108,0.533730,0.8845210569
140018,,-1.315625107,0.4605636658,-1.544813102,,-1.12687635,,-0.706918309,-0.298784092,0.0451494461,,0,1,1,1,0,1,0,1,1,1,0,7,0.1428571429,-0.641043407,0.013108,0.533730,-1.225621866
140029,-0.789437718,-0.364085383,-0.386669548,0.0861081721,-0.232020569,0.6607559558,0.3616363166,0.7683592821,-0.079753377,0.7444624792,-0.599837257,1,1,1,1,1,1,1,1,1,1,1,11,0.0909090909,0.0154107594,0.013108,0.533730,0.0043148473
140030,-0.121531596,0.5351196568,0.3464286214,1.2073665479,-1.671197106,-0.233060197,,-0.55939055,0.2122875767,0.2782537905,0.7675914583,1,1,1,1,1,1,0,1,1,1,1,10,0.1,0.0761868202,0.013108,0.533730,0.1181852624
140032,,-1.448840669,-0.057433843,-1.137082783,,0.462130144,,-1.887140383,,,-0.257980078,0,1,1,1,0,1,0,1,0,0,1,6,0.1666666667,-0.721057935,0.013108,0.533730,-1.375537597
140034,,-0.283204506,-0.96173458,-0.729352465,,-1.424815068,,-0.264335032,,,-0.257980078,0,1,1,1,0,1,0,1,0,0,1,6,0.1666666667,-0.653570288,0.013108,0.533730,-1.249092311
14003F,0.7363823013,-0.230869821,-0.672007159,,,0.462130144,0.7000050712,-1.149501587,,,,1,1,1,0,0,1,1,1,0,0,0,6,0.1666666667,-0.025643509,0.013108,0.533730,-0.072604691
140043,-0.092742539,0.7349429989,-0.039874606,-0.423554726,,0.6607559558,0.1924519392,-1.001973828,0.3583080533,-1.470028792,0.7675914583,1,1,1,1,0,1,1,1,1,1,1,10,0.1,-0.031412409,0.013108,0.533730,-0.083413339
140046,-0.058195671,0.0260459041,0.2674120522,-0.525487306,,-1.12687635,0.7000050712,-2.477251419,-0.882865998,-0.654163587,-0.257980078,1,1,1,1,0,1,1,1,1,1,1,10,0.1,-0.498935738,0.013108,0.533730,-0.959368032
140048,-2.683757666,-1.401263683,-1.168055621,-1.239015363,,-2.616569939,,0.3257760046,-1.539958143,-0.654163587,0.7675914583,1,1,1,1,0,1,0,1,1,1,1,9,0.1111111111,-1.134379615,0.013108,0.533730,-2.149939734
140049,,-0.121442753,-2.827403575,0.4938384906,,-0.729624727,,-1.001973828,,,-0.599837257,0,1,1,1,0,1,0,1,0,0,1,6,0.1666666667,-0.797740608,0.013108,0.533730,-1.519210742
14004F,,1.5722979565,0.7459012767,,,1.2566333912,,1.0634148004,,,,0,1,1,0,0,1,0,1,0,0,0,4,0.25,1.1595618562,0.013108,0.533730,2.1480036407
140052,,-0.387873876,1.1804924073,-1.137082783,,0.8593817676,,-0.264335032,-0.955876236,0.627910307,0.7675914583,0,1,1,1,0,1,0,1,1,1,1,8,0.125,0.0862760016,0.013108,0.533730,0.137088417
140053,0.3793979949,-0.935009218,-0.81687087,0.5957710702,0.3676363213,-0.332373103,,0.1782482455,0.5043285299,0.8610146514,0.4257342795,1,1,1,1,1,1,0,1,1,1,1,10,0.1,0.1227877902,0.013108,0.533730,0.2054971371
140054,-0.605187753,-0.292719904,-0.193517935,0.7996362295,,-1.62344088,,-1.001973828,0.0662671,0.627910307,0.0838771007,1,1,1,1,0,1,0,1,1,1,1,9,0.1111111111,-0.237683285,0.013108,0.533730,-0.469883768
140059,,0.2068384518,0.5703089008,0.1880407518,,0.1641914263,-0.315101193,0.6208315229,,,-0.599837257,0,1,1,1,0,1,1,1,0,0,1,7,0.1428571429,0.1193246577,0.013108,0.533730,0.1990085899
140062,-0.058195671,-0.397389273,-0.197907744,0.9015688091,0.1277735651,-0.630311821,-2.006944966,-0.411862791,1.1614206748,0.3948059626,-0.257980078,1,1,1,1,1,1,1,1,1,1,1,11,0.0909090909,-0.125002121,0.013108,0.533730,-0.258763622
140063,,-1.44408297,-0.610549828,-0.015824407,,0.7600688617,,-0.116807273,-0.079753377,1.2106711679,0.0838771007,0,1,1,1,0,1,0,1,1,1,1,8,0.125,-0.026550091,0.013108,0.533730,-0.074303269
140064,,-0.935009218,-0.281314123,-1.442880522,,-0.530998915,-0.991838702,-0.55939055,,,-0.599837257,0,1,1,1,0,1,1,1,0,0,1,7,0.1428571429,-0.76303847,0.013108,0.533730,-1.454192594
140065,1.6633899355,0.796793081,0.9478325091,,,-0.431686009,-1.330207457,1.2109425595,,,1.1094486371,1,1,1,0,0,1,1,1,0,0,1,7,0.1428571429,0.5666447509,0.013108,0.533730,1.03711037
140067,0.1951480303,-0.216596726,-1.686053131,-3.481532115,0.9672932116,0.462130144,0.1924519392,-1.739612624,0.0662671,1.0941189957,0.0838771007,1,1,1,1,1,1,1,1,1,1,1,11,0.0909090909,-0.369318916,0.013108,0.533730,-0.716517126
140068,,-1.620117819,-0.724684872,,,-1.921379598,,0.0307204863,,,,0,1,1,0,0,1,0,1,0,0,0,4,0.25,-1.058865451,0.013108,0.533730,-2.008455913
140077,,,,,,,,,,,,0,0,0,0,0,0,0,0,0,0,0,0,,,0.013108,0.533730,
14007F,-3.040741973,0.4542387802,-1.124157527,,,-1.62344088,-0.145916815,-1.739612624,,,,1,1,1,0,0,1,1,1,0,0,0,6,0.1666666667,-1.20327184,0.013108,0.533730,-2.279016645
140080,,-1.972187517,-1.804577984,0.6977036498,,-1.62344088,0.5308206939,0.4733037638,-0.517814807,0.0451494461,-0.257980078,0,1,1,1,0,1,1,1,1,1,1,9,0.1111111111,-0.492113746,0.013108,0.533730,-0.946586303
140082,-1.58401569,1.3724746144,0.2498528146,-0.729352465,,-1.226189256,-3.867973117,-1.001973828,-0.225773853,0.2782537905,0.0838771007,1,1,1,1,0,1,1,1,1,1,1,10,0.1,-0.665081989,0.013108,0.533730,-1.270660707
140083,,,,,,,,-0.55939055,,,,0,0,0,0,0,0,0,1,0,0,0,1,1,-0.55939055,0.013108,0.533730,-1.072636553
140084,1.3639837431,0.0165305069,-2.511337298,-0.831285044,,-0.828937633,,-2.034668142,,,-0.599837257,1,1,1,1,0,1,0,1,0,0,1,7,0.1428571429,-0.775078732,0.013108,0.533730,-1.476751306
140088,-0.967929871,-0.678093492,-2.155762736,2.2266923441,0.7274304554,0.0648785204,,-1.592084864,-1.466947905,1.2106711679,0.7675914583,1,1,1,1,1,1,0,1,1,1,1,10,0.1,-0.186355492,0.013108,0.533730,-0.373715689
140089,,1.3439284226,0.4693432846,0.1880407518,,0.3628172381,,-0.854446069,,,-0.257980078,0,1,1,1,0,1,0,1,0,0,1,6,0.1666666667,0.2086172584,0.013108,0.533730,0.3663077762
14008F,,0.4589964788,-0.276924313,,,-0.034434386,,-2.477251419,,,,0,1,1,0,0,1,0,1,0,0,0,4,0.25,-0.58240341,0.013108,0.533730,-1.115753594
140091,0.0051402543,-0.901705327,0.298140718,-1.95254342,-0.951608837,0.462130144,-0.315101193,-1.592084864,-0.444804568,0.627910307,0.7675914583,1,1,1,1,1,1,1,1,1,1,1,11,0.0909090909,-0.363357757,0.013108,0.533730,-0.705348262
140093,,-0.825582149,0.0171929164,,,-2.120005409,0.3616363166,-0.854446069,-1.612968381,0.1617016183,0.7675914583,0,1,1,0,0,1,1,1,1,1,1,8,0.125,-0.513109962,0.013108,0.533730,-0.985924949
140095,,-1.448840669,,-0.219689567,,,,-1.297029346,,,,0,1,0,1,0,0,0,1,0,0,0,3,0.3333333333,-0.988519861,0.013108,0.533730,-1.876655966
140100,,,,-0.117756987,,,,0.3257760046,0.4313182916,-1.586580964,-0.599837257,0,0,0,1,0,0,0,1,1,1,1,5,0.2,-0.309416182,0.013108,0.533730,-0.604282983
140101,0.8285072835,-0.687608889,-0.140840222,-2.258341159,,0.2635043322,-0.315101193,-1.887140383,,,0.4257342795,1,1,1,1,0,1,1,1,0,0,1,8,0.125,-0.471410744,0.013108,0.533730,-0.907797027
140103,,-4.203548171,-3.512213841,,,-2.815195751,,-0.854446069,,,,0,1,1,0,0,1,0,1,0,0,0,4,0.25,-2.846350958,0.013108,0.533730,-5.357500161
140110,,0.0545920959,1.1190350757,-1.442880522,,1.2566333912,,1.653525837,0.3583080533,-1.003820104,0.0838771007,0,1,1,1,0,1,0,1,1,1,1,8,0.125,0.259908866,0.013108,0.533730,0.4624080594
140113,0.2412105215,-0.292719904,1.3034070705,-0.627419885,-1.43133435,-0.133747291,,-1.297029346,,,0.0838771007,1,1,1,1,1,1,0,1,0,0,1,8,0.125,-0.26921951,0.013108,0.533730,-0.528970242
140114,-0.461242469,0.0355613014,-1.343647997,-0.831285044,,1.0580075794,-0.991838702,-1.149501587,-0.590825045,-0.071402726,0.4257342795,1,1,1,1,0,1,1,1,1,1,1,10,0.1,-0.392044041,0.013108,0.533730,-0.759095066
140115,,,-0.439347261,0.391905911,,,,-2.624779178,-1.831999096,0.9775668235,,0,0,1,1,0,0,0,1,1,1,0,5,0.2,-0.70533056,0.013108,0.533730,-1.346070687
140116,0.103023048,0.582696643,0.0040234882,1.2073665479,-1.311402972,-0.630311821,-1.161023079,-0.411862791,-2.708121956,1.5603276844,0.7675914583,1,1,1,1,1,1,1,1,1,1,1,11,0.0909090909,-0.181608523,0.013108,0.533730,-0.364821736
140117,-1.025507985,-0.397389273,-0.421788024,-0.219689567,-0.232020569,1.455259203,0.8691894486,0.6208315229,,,0.4257342795,1,1,1,1,1,1,1,1,0,0,1,9,0.1111111111,0.1194021151,0.013108,0.533730,0.1991537147
140119,-0.847015832,-0.911220725,0.0040234882,1.717029446,0.0078421871,2.3490753561,0.1924519392,-0.706918309,-1.68597862,1.909984201,-0.257980078,1,1,1,1,1,1,1,1,1,1,1,11,0.0909090909,0.1610266413,0.013108,0.533730,0.2771416924
140120,,0.1735345614,1.0136796501,0.391905911,,0.462130144,,0.3257760046,,,-0.941694436,0,1,1,1,0,1,0,1,0,0,1,6,0.1666666667,0.2375553059,0.013108,0.533730,0.4205262866
140122,-1.526437576,1.0822549984,0.0084132976,2.2266923441,0.7274304554,0.7600688617,,0.3257760046,,,0.4257342795,1,1,1,1,1,1,0,1,0,0,1,8,0.125,0.5037415831,0.013108,0.533730,0.9192545936
140124,,-0.544877931,-1.699222559,-2.258341159,,-0.530998915,,-0.264335032,-2.051029811,0.2782537905,-0.941694436,0,1,1,1,0,1,0,1,1,1,1,8,0.125,-1.001530757,0.013108,0.533730,-1.901033264
140125,,0.2115961504,0.0962094856,-0.321622146,,0.2635043322,,0.6208315229,,,0.0838771007,0,1,1,1,0,1,0,1,0,0,1,6,0.1666666667,0.1590660742,0.013108,0.533730,0.2734683615
140127,-0.351844052,0.9442817383,0.407885953,-1.137082783,,0.8593817676,-2.176129343,-0.706918309,,,-0.941694436,1,1,1,1,0,1,1,1,0,0,1,8,0.125,-0.387764933,0.013108,0.533730,-0.751077702
140130,-1.123390779,1.1441050805,-0.15839946,1.8189620256,,1.0580075794,1.0383738259,-1.887140383,-3.876285769,-0.30450707,0.0838771007,1,1,1,1,0,1,1,1,1,1,1,10,0.1,-0.220639785,0.013108,0.533730,-0.437950958
140133,,0.7063968072,-1.356817426,-0.117756987,,-1.226189256,,-0.116807273,,,,0,1,1,1,0,1,0,1,0,0,0,5,0.2,-0.422234827,0.013108,0.533730,-0.815660715
140135,0.0339293113,-1.596329326,0.0259725352,1.9208946053,,0.8593817676,-0.822654325,0.6208315229,0.5773387682,-0.537611415,0.7675914583,1,1,1,1,0,1,1,1,1,1,1,10,0.1,0.1849344903,0.013108,0.533730,0.3219355908
140137,,-2.038795298,0.8907649869,0.6977036498,,,,0.6208315229,,,,0,1,1,1,0,0,0,1,0,0,0,4,0.25,0.0426262154,0.013108,0.533730,0.0553058992
140145,,0.1211998766,0.2849712898,1.3092991276,,,,0.0307204863,,,0.4257342795,0,1,1,1,0,0,0,1,0,0,1,5,0.2,0.4343850119,0.013108,0.533730,0.7893076794
140147,,0.6873660127,1.2638987859,0.2899733314,,-3.510386092,,-0.264335032,,,0.0838771007,0,1,1,1,0,1,0,1,0,0,1,6,0.1666666667,-0.241600982,0.013108,0.533730,-0.477223991
140148,-1.273093875,-0.801793656,-0.145230031,-1.035150204,0.2477049432,0.8593817676,-0.822654325,-0.264335032,-0.298784092,-0.30450707,1.1094486371,1,1,1,1,1,1,1,1,1,1,1,11,0.0909090909,-0.248092085,0.013108,0.533730,-0.489385763
140150,,-1.65342171,-0.254975266,-0.117756987,,0.0648785204,-0.315101193,-1.297029346,-0.444804568,0.1617016183,0.4257342795,0,1,1,1,0,1,1,1,1,1,1,9,0.1111111111,-0.381197184,0.013108,0.533730,-0.738772325
140155,-1.019750174,0.6778506155,1.2638987859,-1.239015363,,1.7531979207,0.8691894486,1.0634148004,0.2122875767,-0.187954898,-0.257980078,1,1,1,1,0,1,1,1,1,1,1,10,0.1,0.3135138635,0.013108,0.533730,0.5628427246
140158,,-1.667694806,0.6054273759,-0.525487306,,0.3628172381,,-0.264335032,,,,0,1,1,1,0,1,0,1,0,0,0,5,0.2,-0.297854506,0.013108,0.533730,-0.582620952
140160,,1.0537088067,-0.434957452,-2.971869216,,0.462130144,0.0232675619,0.4733037638,-0.517814807,0.3948059626,-0.599837257,0,1,1,1,0,1,1,1,1,1,1,9,0.1111111111,-0.235251388,0.013108,0.533730,-0.465327351
140161,,0.8443700673,0.056701201,-0.219689567,,-0.034434386,0.8691894486,-1.592084864,,,-0.257980078,0,1,1,1,0,1,1,1,0,0,1,7,0.1428571429,-0.047704025,0.013108,0.533730,-0.113937416
140162,0.5521323367,-0.72091278,-0.619329447,,0.7274304554,-0.332373103,-1.837760589,-2.034668142,,,-0.257980078,1,1,1,0,1,1,1,1,0,0,1,8,0.125,-0.565432668,0.013108,0.533730,-1.083957104
140164,0.4945542227,-0.973070807,-0.843209726,-1.646745681,-0.232020569,-0.332373103,-0.315101193,-0.55939055,1.7455025813,-1.819685309,-0.599837257,1,1,1,1,1,1,1,1,1,1,1,11,0.0909090909,-0.461943399,0.013108,0.533730,-0.890058949
140166,-0.161836276,-0.430693164,-1.637765227,-0.321622146,,-1.524127974,-1.499391834,0.0307204863,,,-0.257980078,1,1,1,1,0,1,1,1,0,0,1,8,0.125,-0.725337027,0.013108,0.533730,-1.38355493
140172,0.6212260734,-1.862760449,-1.703612368,-0.321622146,,-0.729624727,-0.48428557,-1.444557105,-2.197050288,0.7444624792,0.7675914583,1,1,1,1,0,1,1,1,1,1,1,10,0.1,-0.661023264,0.013108,0.533730,-1.263056255
140174,-0.835500209,-0.449723958,-0.540312877,0.391905911,0.7274304554,-0.928250539,,0.4733037638,-2.124040049,-0.071402726,-0.257980078,1,1,1,1,1,1,0,1,1,1,1,10,0.1,-0.361457031,0.013108,0.533730,-0.701787048
140177,,-2.371834202,,,,-0.729624727,,-1.297029346,,,,0,1,0,0,0,1,0,1,0,0,0,3,0.3333333333,-1.466162758,0.013108,0.533730,-2.771570746
140179,-2.695273289,-1.092013272,-2.919589572,1.1054339683,,-0.928250539,-1.330207457,-3.805001252,-1.24791719,0.8610146514,0.4257342795,1,1,1,1,0,1,1,1,1,1,1,10,0.1,-1.162606967,0.013108,0.533730,-2.20282668
140180,,-1.51544845,-2.006509217,0.7996362295,,-1.325502162,,-0.264335032,-0.37179433,1.2106711679,0.7675914583,0,1,1,1,0,1,0,1,1,1,1,8,0.125,-0.338211292,0.013108,0.533730,-0.658233684
140181,,-0.207081328,-3.793161642,,,,,-2.034668142,,,,0,1,1,0,0,0,0,1,0,0,0,3,0.3333333333,-2.011637038,0.013108,0.533730,-3.793574836
140182,0.4369761088,0.0070151097,0.0962094856,0.2899733314,,-1.027563445,,-0.264335032,-1.831999096,0.5113581348,-0.257980078,1,1,1,1,0,1,0,1,1,1,1,9,0.1111111111,-0.226705053,0.013108,0.533730,-0.449314884
140184,1.2315540811,0.2211115477,0.7766299425,1.0035013887,,-0.729624727,0.3616363166,-0.411862791,,,-0.941694436,1,1,1,1,0,1,1,1,0,0,1,8,0.125,0.1889064153,0.013108,0.533730,0.3293774149
140185,0.909116643,-0.292719904,-0.193517935,-0.219689567,-0.112089191,-1.325502162,-0.653469947,-0.264335032,,,1.1094486371,1,1,1,1,1,1,1,1,0,0,1,9,0.1111111111,-0.115862051,0.013108,0.533730,-0.241638727
140186,1.1221556646,0.1592614656,0.8600363211,-1.544813102,-0.471883325,-0.133747291,,0.6208315229,0.5773387682,1.2106711679,0.4257342795,1,1,1,1,1,1,0,1,1,1,1,10,0.1,0.2825585471,0.013108,0.533730,0.5048446465
140187,-0.587914319,-1.386990587,1.694100107,0.6977036498,-0.112089191,-0.431686009,-2.006944966,0.1782482455,0.5043285299,-0.187954898,-0.257980078,1,1,1,1,1,1,1,1,1,1,1,11,0.0909090909,-0.172470865,0.013108,0.533730,-0.347701363
140189,1.3064056292,-0.839855245,0.0830400574,-1.239015363,,0.1641914263,-1.161023079,-1.444557105,-0.37179433,-1.470028792,-1.967265972,1,1,1,1,0,1,1,1,1,1,1,10,0.1,-0.693990277,0.013108,0.533730,-1.324823461
140191,,-1.496417655,-0.952954961,-0.423554726,,-1.722753786,-1.161023079,-0.264335032,-0.80985576,-0.537611415,-1.283551615,0,1,1,1,0,1,1,1,1,1,1,9,0.1111111111,-0.961339781,0.013108,0.533730,-1.825731196
140197,,,,-0.117756987,,,,,,,,0,0,0,1,0,0,0,0,0,0,0,1,1,-0.117756987,0.013108,0.533730,-0.245189092
140200,-0.063953482,-0.226112123,-1.097818671,0.9015688091,0.6074990774,-1.424815068,0.5308206939,-0.116807273,-1.68597862,1.2106711679,-0.257980078,1,1,1,1,1,1,1,1,1,1,1,11,0.0909090909,-0.14753687,0.013108,0.533730,-0.30098487
140202,0.5003120341,-0.211839027,-0.527143449,0.7996362295,0.9672932116,1.3559462971,1.3767425806,-0.706918309,,,0.7675914583,1,1,1,1,1,1,1,1,0,0,1,9,0.1111111111,0.480180114,0.013108,0.533730,0.8751096747
140206,,-2.000733709,-0.549092496,-1.137082783,,-1.325502162,,-1.887140383,,,,0,1,1,1,0,1,0,1,0,0,0,5,0.2,-1.379910307,0.013108,0.533730,-2.609967603
140208,0.3506089379,-0.226112123,-1.431444185,0.4938384906,-0.351951947,-0.133747291,-0.822654325,-0.55939055,-2.124040049,0.2782537905,0.0838771007,1,1,1,1,1,1,1,1,1,1,1,11,0.0909090909,-0.403887468,0.013108,0.533730,-0.781284987
140209,0.7248666785,-1.748575682,-0.417398214,-1.340947943,-0.351951947,-0.332373103,,0.3257760046,,,0.0838771007,1,1,1,1,1,1,0,1,0,0,1,8,0.125,-0.382090888,0.013108,0.533730,-0.740446775
140210,,-0.040561877,0.5351904256,-0.219689567,,-0.233060197,,0.3257760046,,,-0.599837257,0,1,1,1,0,1,0,1,0,0,1,6,0.1666666667,-0.038697078,0.013108,0.533730,-0.097061942
140211,-0.046680048,0.5541504513,0.1620566266,2.6344226626,,0.3628172381,-0.48428557,0.0307204863,-1.978019573,1.6768798566,0.0838771007,1,1,1,1,0,1,1,1,1,1,1,10,0.1,0.2995939231,0.013108,0.533730,0.5367622355
140213,0.8169916608,0.506573465,-0.540312877,2.532490083,1.4470187238,-0.630311821,0.8691894486,-1.887140383,,,-0.599837257,1,1,1,1,1,1,1,1,0,0,1,9,0.1111111111,0.2794067826,0.013108,0.533730,0.4989394803
140217,-1.653109427,-0.364085383,-0.092552319,-0.219689567,,0.462130144,0.5308206939,0.3257760046,,,1.1094486371,1,1,1,1,0,1,1,1,0,0,1,8,0.125,0.0123423481,0.013108,0.533730,-0.001434148
140223,0.2066636531,0.2591731367,-0.88710782,0.4938384906,-0.951608837,0.3628172381,-1.161023079,0.4733037638,0.4313182916,0.9775668235,0.0838771007,1,1,1,1,1,1,1,1,1,1,1,11,0.0909090909,0.026256251,0.013108,0.533730,0.0246350295
140224,0.7651713582,-0.954040012,-0.061823653,0.6977036498,,0.1641914263,1.0383738259,1.0634148004,,,-0.599837257,1,1,1,1,0,1,1,1,0,0,1,8,0.125,0.2641442673,0.013108,0.533730,0.4703435344
140228,0.1778745961,-0.606728013,-0.650058112,0.2899733314,-0.591814703,-0.233060197,,-0.55939055,-0.444804568,1.3272233401,1.1094486371,1,1,1,1,1,1,0,1,1,1,1,10,0.1,-0.018133624,0.013108,0.533730,-0.058534123
140231,-0.726101793,-0.264173712,-0.132060603,2.532490083,0.1277735651,0.1641914263,-0.991838702,-1.444557105,-0.444804568,0.8610146514,0.0838771007,1,1,1,1,1,1,1,1,1,1,1,11,0.0909090909,-0.021289969,0.013108,0.533730,-0.064447871
140233,0.0454449341,-0.054834972,-0.584210971,-0.729352465,-1.191471594,-0.332373103,-2.006944966,0.1782482455,-1.758988858,-0.654163587,0.4257342795,1,1,1,1,1,1,1,1,1,1,1,11,0.0909090909,-0.605719369,0.013108,0.533730,-1.159438523
140239,0.6672885645,1.0822549984,-0.000366321,1.1054339683,0.2477049432,0.2635043322,,1.5059980778,-1.320927428,0.0451494461,1.1094486371,1,1,1,1,1,1,0,1,1,1,1,10,0.1,0.4705489218,0.013108,0.533730,0.8570646117
140242,-0.017890991,0.7206699031,-0.790532013,1.8189620256,2.4064697483,1.5545721089,-0.48428557,-0.55939055,-0.663835283,1.6768798566,0.4257342795,1,1,1,1,1,1,1,1,1,1,1,11,0.0909090909,0.553395774,0.013108,0.533730,1.0122870024
140251,-1.388250103,-0.963555409,-1.497291326,0.4938384906,,-0.133747291,,1.0634148004,,,,1,1,1,1,0,1,0,1,0,0,0,6,0.1666666667,-0.40426514,0.013108,0.533730,-0.781992595
140252,-1.532195388,0.7825199852,0.7283420391,1.717029446,-3.110373643,-0.530998915,1.2075582032,-2.32972366,-0.225773853,0.7444624792,0.7675914583,1,1,1,1,1,1,1,1,1,1,1,11,0.0909090909,-0.161960168,0.013108,0.533730,-0.328008454
140258,0.2296948987,-1.163378752,0.1137687232,1.2073665479,2.0466756141,-2.219318315,-0.48428557,0.4733037638,1.0154001981,1.2106711679,1.1094486371,1,1,1,1,1,1,1,1,1,1,1,11,0.0909090909,0.3217588104,0.013108,0.533730,0.5782905097
140275,,0.9918587246,0.5571394726,0.0861081721,,0.0648785204,0.8691894486,0.6208315229,0.9423899598,-2.518998342,1.1094486371,0,1,1,1,0,1,1,1,1,1,1,9,0.1111111111,0.3025384574,0.013108,0.533730,0.5422791337
140276,-0.415179977,-0.954040012,-2.774725862,2.3286249237,0.7274304554,-2.020692504,0.0232675619,-1.592084864,-0.882865998,1.5603276844,0.4257342795,1,1,1,1,1,1,1,1,1,1,1,11,0.0909090909,-0.324927665,0.013108,0.533730,-0.633345395
140280,-0.63397681,0.4209348898,-0.544702687,-0.423554726,0.2477049432,0.2635043322,0.3616363166,-0.116807273,1.0154001981,-0.30450707,-0.599837257,1,1,1,1,1,1,1,1,1,1,1,11,0.0909090909,-0.028564104,0.013108,0.533730,-0.078076737
140281,-1.710687541,-0.587697218,-1.089039052,0.1880407518,0.3676363213,-0.332373103,0.3616363166,-1.297029346,1.3804513897,1.5603276844,1.1094486371,1,1,1,1,1,1,1,1,1,1,1,11,0.0909090909,-0.004480469,0.013108,0.533730,-0.032953485
140286,-0.438211223,1.1441050805,-0.224246601,-0.525487306,,-0.332373103,,0.9158870412,-2.343070764,0.3948059626,1.1094486371,1,1,1,1,0,1,0,1,1,1,1,9,0.1111111111,-0.033238031,0.013108,0.533730,-0.086833836
140288,0.0742339911,-0.306992999,0.0303623446,-0.627419885,-0.471883325,-0.431686009,-1.161023079,0.1782482455,,,-1.625408793,1,1,1,1,1,1,1,1,0,0,1,9,0.1111111111,-0.482396612,0.013108,0.533730,-0.92838022
140289,-0.415179977,-0.72091278,0.7195624203,0.1880407518,,-0.928250539,,0.0307204863,0.8693797215,0.7444624792,0.0838771007,1,1,1,1,0,1,0,1,1,1,1,9,0.1111111111,0.0635221849,0.013108,0.533730,0.0944567209
140290,1.1854915899,0.2496577394,-1.782628937,-0.015824407,,1.1573204853,0.8691894486,0.3257760046,0.5043285299,1.0941189957,0.7675914583,1,1,1,1,0,1,1,1,1,1,1,10,0.1,0.4355020907,0.013108,0.533730,0.7914006453
140291,1.2315540811,0.658819821,-0.764193157,1.717029446,-0.711746081,-0.729624727,-1.161023079,0.1782482455,,,0.0838771007,1,1,1,1,1,1,1,1,0,0,1,9,0.1111111111,0.0558824055,0.013108,0.533730,0.0801427816
140292,,-0.083381164,-0.197907744,0.5957710702,,-0.133747291,,-0.706918309,,,-0.599837257,0,1,1,1,0,1,0,1,0,0,1,6,0.1666666667,-0.187670116,0.013108,0.533730,-0.376178776
140294,,,0.2498528146,1.0035013887,,,-0.653469947,0.4733037638,,,-1.283551615,0,0,1,1,0,0,1,1,0,0,1,5,0.2,-0.042072719,0.013108,0.533730,-0.103386565
140300,,,,,,,,-0.264335032,,,,0,0,0,0,0,0,0,1,0,0,0,1,1,-0.264335032,0.013108,0.533730,-0.519818652
140304,,-0.23562752,0.342038812,0.6977036498,,-1.524127974,,-0.55939055,-0.955876236,2.2596407175,0.4257342795,0,1,1,1,0,1,0,1,1,1,1,8,0.125,0.0562618972,0.013108,0.533730,0.0808537997
140308,,,,,,,,,,,,0,0,0,0,0,0,0,0,0,0,0,0,,,0.013108,0.533730,
14034F,,-0.240385219,1.0268490783,,,0.1641914263,,-1.297029346,,,,0,1,1,0,0,1,0,1,0,0,0,4,0.25,-0.086593515,0.013108,0.533730,-0.186801012
141300,,,-0.092552319,,,,,-0.854446069,,,,0,0,1,0,0,0,0,1,0,0,0,2,0.5,-0.473499194,0.013108,0.533730,-0.911709959
141301,,,,0.5957710702,,,,-0.264335032,,,0.4257342795,0,0,0,1,0,0,0,1,0,0,1,3,0.3333333333,0.2523901059,0.013108,0.533730,0.4483208625
141302,,,,,,,0.1924519392,-0.116807273,,,,0,0,0,0,0,0,1,1,0,0,0,2,0.5,0.0378223332,0.013108,0.533730,0.0463053149
141303,,,,0.391905911,,,,0.6208315229,,,,0,0,0,1,0,0,0,1,0,0,0,2,0.5,0.506368717,0.013108,0.533730,0.9241768083
141304,,,,0.2899733314,,,,0.6208315229,,,,0,0,0,1,0,0,0,1,0,0,0,2,0.5,0.4554024271,0.013108,0.533730,0.8286860426
141305,,,0.8556465117,1.0035013887,,,0.7000050712,-0.116807273,,,,0,0,1,1,0,0,1,1,0,0,0,4,0.25,0.6105864247,0.013108,0.533730,1.1194397704
141306,,,,,,,,0.1782482455,,,,0,0,0,0,0,0,0,1,0,0,0,1,1,0.1782482455,0.013108,0.533730,0.3094081998
141307,,,0.4430044282,,,,,0.4733037638,,,,0,0,1,0,0,0,0,1,0,0,0,2,0.5,0.458154096,0.013108,0.533730,0.8338415869
141308,,,,,,,,,,,,0,0,0,0,0,0,0,0,0,0,0,0,,,0.013108,0.533730,
141309,,,,-0.423554726,,,,-0.116807273,,,,0,0,0,1,0,0,0,1,0,0,0,2,0.5,-0.270180999,0.013108,0.533730,-0.530771694
141310,,0.5398773554,-0.127670794,-0.015824407,,0.3628172381,,0.9158870412,,,,0,1,1,1,0,1,0,1,0,0,0,5,0.2,0.3350172867,0.013108,0.533730,0.6031316755
141311,,-1.149105656,1.1497637415,1.0035013887,,-1.226189256,,0.0307204863,,,-0.599837257,0,1,1,1,0,1,0,1,0,0,1,6,0.1666666667,-0.131857759,0.013108,0.533730,-0.271608388
141312,,0.6350313279,0.122548342,,,,,0.9158870412,,,,0,1,1,0,0,0,0,1,0,0,0,3,0.3333333333,0.557822237,0.013108,0.533730,1.0205804517
141313,,,,0.6977036498,,,,0.1782482455,,,,0,0,0,1,0,0,0,1,0,0,0,2,0.5,0.4379759477,0.013108,0.533730,0.7960356795
141315,,0.83485467,0.429835,0.5957710702,,0.2635043322,,0.6208315229,,,,0,1,1,1,0,1,0,1,0,0,0,5,0.2,0.5489593191,0.013108,0.533730,1.0039748321
141316,,0.8824316562,1.0136796501,,,,,0.0307204863,,,,0,1,1,0,0,0,0,1,0,0,0,3,0.3333333333,0.6422772642,0.013108,0.533730,1.1788159294
141317,,0.4780272733,1.7336083916,-0.627419885,,-0.630311821,-1.161023079,-0.264335032,,,-0.257980078,0,1,1,1,0,1,1,1,0,0,1,7,0.1428571429,-0.10420489,0.013108,0.533730,-0.219797797
141318,,-0.597212615,0.21034453,-0.117756987,,,,-0.55939055,,,,0,1,1,1,0,0,0,1,0,0,0,4,0.25,-0.266003906,0.013108,0.533730,-0.522945464
141319,,,0.6976133733,,,,,0.4733037638,,,0.7675914583,0,0,1,0,0,0,0,1,0,0,1,3,0.3333333333,0.6461695318,0.013108,0.533730,1.1861085068
141320,,-0.825582149,-0.803701441,0.391905911,,-0.729624727,,-1.739612624,,,,0,1,1,1,0,1,0,1,0,0,0,5,0.2,-0.741323006,0.013108,0.533730,-1.413506363
141321,,,-0.338381645,,,,,0.1782482455,,,,0,0,1,0,0,0,0,1,0,0,0,2,0.5,-0.0800667,0.013108,0.533730,-0.174572329
141322,,0.6540621223,1.1365943133,0.4938384906,,1.1573204853,,0.4733037638,,,-0.599837257,0,1,1,1,0,1,0,1,0,0,1,6,0.1666666667,0.5525469864,0.013108,0.533730,1.0106967085
141323,,,0.9610019373,-0.423554726,,-0.630311821,,-0.116807273,,,,0,0,1,1,0,1,0,1,0,0,0,4,0.25,-0.052417971,0.013108,0.533730,-0.122769494
141324,,-0.816066752,0.1927852924,0.1880407518,,-0.530998915,,0.3257760046,,,,0,1,1,1,0,1,0,1,0,0,0,5,0.2,-0.128092724,0.013108,0.533730,-0.264554194
141325,,1.4866593813,0.9653917467,0.2899733314,,0.3628172381,,0.0307204863,,,,0,1,1,1,0,1,0,1,0,0,0,5,0.2,0.6271124368,0.013108,0.533730,1.1504030119
141326,,-0.111927356,0.1357177702,-0.525487306,,-0.133747291,,-0.55939055,,,,0,1,1,1,0,1,0,1,0,0,0,5,0.2,-0.238966947,0.013108,0.533730,-0.472288845
141327,,,0.6142069947,,,-0.133747291,1.3767425806,-0.55939055,0.2122875767,-1.703133137,,0,0,1,0,0,1,1,1,1,1,0,6,0.1666666667,-0.032172304,0.013108,0.533730,-0.084837085
141328,,-0.088138863,-0.211077172,,,0.7600688617,,-1.149501587,,,,0,1,1,0,0,1,0,1,0,0,0,4,0.25,-0.17216219,0.013108,0.533730,-0.347123027
141329,,,,,,,,,,,,0,0,0,0,0,0,0,0,0,0,0,0,,,0.013108,0.533730,
141330,,,,-1.544813102,,,,0.6208315229,,,-0.257980078,0,0,0,1,0,0,0,1,0,0,1,3,0.3333333333,-0.393987219,0.013108,0.533730,-0.762735817
141331,,,0.8249178459,0.391905911,,,,-0.116807273,,,,0,0,1,1,0,0,0,1,0,0,0,3,0.3333333333,0.3666721614,0.013108,0.533730,0.6624404506
141332,,,0.3903267154,-0.933217624,,,,0.7683592821,,,,0,0,1,1,0,0,0,1,0,0,0,3,0.3333333333,0.0751561245,0.013108,0.533730,0.1162541443
141333,,,,,,,,,,,,0,0,0,0,0,0,0,0,0,0,0,0,,,0.013108,0.533730,
141334,,,0.4430044282,1.0035013887,,,,0.1782482455,,,0.4257342795,0,0,1,1,0,0,0,1,0,0,1,4,0.25,0.5126220855,0.013108,0.533730,0.9358931594
141335,,,,,,,0.5308206939,0.1782482455,,,,0,0,0,0,0,0,1,1,0,0,0,2,0.5,0.3545344697,0.013108,0.533730,0.6396991941
141336,,-0.554393328,0.3815470966,-0.117756987,,-1.027563445,,-1.887140383,,,-0.257980078,0,1,1,1,0,1,0,1,0,0,1,6,0.1666666667,-0.577214521,0.013108,0.533730,-1.106031658
141337,,-1.153863354,0.5659190914,0.391905911,,0.5614430499,,-0.116807273,,,0.7675914583,0,1,1,1,0,1,0,1,0,0,1,6,0.1666666667,0.1693648139,0.013108,0.533730,0.2927641458
141338,,,0.8863751775,0.5957710702,,,,-0.411862791,,,,0,0,1,1,0,0,0,1,0,0,0,3,0.3333333333,0.3567611522,0.013108,0.533730,0.6438711206
141339,,-0.012015685,-0.483245355,0.1880407518,,0.9586946735,,0.7683592821,,,0.4257342795,0,1,1,1,0,1,0,1,0,0,1,6,0.1666666667,0.3075946578,0.013108,0.533730,0.5517524631
141340,,,0.5044617598,-0.423554726,,0.1641914263,,0.3257760046,,,0.0838771007,0,0,1,1,0,1,0,1,0,0,1,5,0.2,0.1309503131,0.013108,0.533730,0.220790492
141341,,,1.2726784047,,,0.5614430499,,-0.116807273,,,,0,0,1,0,0,1,0,1,0,0,0,3,0.3333333333,0.5724380606,0.013108,0.533730,1.047964752
141342,,,-0.509584212,-0.627419885,,,,0.1782482455,,,,0,0,1,1,0,0,0,1,0,0,0,3,0.3333333333,-0.319585284,0.013108,0.533730,-0.623335876
141343,,1.125074286,0.4430044282,,,0.6607559558,,1.0634148004,,,,0,1,1,0,0,1,0,1,0,0,0,4,0.25,0.8230623676,0.013108,0.533730,1.5175360523
141344,,,1.7643370574,,,,,0.0307204863,,,,0,0,1,0,0,0,0,1,0,0,0,2,0.5,0.8975287719,0.013108,0.533730,1.6570567824
141345,,0.0736228904,1.2463395483,,,0.6607559558,0.0232675619,-1.001973828,,,-0.257980078,0,1,1,0,0,1,1,1,0,0,1,6,0.1666666667,0.1240053417,0.013108,0.533730,0.2077783494
141346,,0.5256042595,1.1804924073,,,-0.630311821,,-0.116807273,,,,0,1,1,0,0,1,0,1,0,0,0,4,0.25,0.2397443933,0.013108,0.533730,0.4246277746
141347,,-0.311750698,1.3868134491,,,,,-0.264335032,,,,0,1,1,0,0,0,0,1,0,0,0,3,0.3333333333,0.270242573,0.013108,0.533730,0.4817693587
141348,,0.8015507796,-0.241805838,1.0035013887,,,,-1.001973828,,,,0,1,1,1,0,0,0,1,0,0,0,4,0.25,0.1403181256,0.013108,0.533730,0.2383420853
141349,,1.1869243681,0.9039344151,0.1880407518,,,,-0.706918309,,,,0,1,1,1,0,0,0,1,0,0,0,4,0.25,0.3929953064,0.013108,0.533730,0.711759663
141350,,1.2297436557,0.4561738564,-0.321622146,,-1.722753786,,-1.739612624,1.1614206748,-0.887267931,0.0838771007,0,1,1,1,0,1,0,1,1,1,1,8,0.125,-0.21750515,0.013108,0.533730,-0.432077886
141351,,0.4114194926,0.1620566266,-1.035150204,,0.8593817676,,0.1782482455,,,0.7675914583,0,1,1,1,0,1,0,1,0,0,1,6,0.1666666667,0.2239245645,0.013108,0.533730,0.3949876425
141352,,,,-1.544813102,,,,,,,-0.599837257,0,0,0,1,0,0,0,0,0,0,1,2,0.5,-1.072325179,0.013108,0.533730,-2.033674146
141353,,,,,,,,,,,,0,0,0,0,0,0,0,0,0,0,0,0,,,0.013108,0.533730,
150001,,1.2059551626,0.4254451906,0.6977036498,,1.0580075794,0.5308206939,-0.264335032,,,-0.257980078,0,1,1,1,0,1,1,1,0,0,1,7,0.1428571429,0.4850881666,0.013108,0.533730,0.8843054334
150002,-2.98892167,-2.319499517,-2.761556434,-0.219689567,,-0.630311821,,-0.55939055,-0.80985576,0.2782537905,0.7675914583,1,1,1,1,0,1,0,1,1,1,1,9,0.1111111111,-1.02704223,0.013108,0.533730,-1.948831723
150005,1.1048822304,0.5779389444,0.3947165248,1.8189620256,,-0.233060197,0.8691894486,1.0634148004,1.672492343,0.2782537905,0.4257342795,1,1,1,1,0,1,1,1,1,1,1,10,0.1,0.797252419,0.013108,0.533730,1.469178368
150006,1.1221556646,-0.797035958,-0.680786778,0.5957710702,,-1.027563445,,-1.297029346,0.2122875767,0.2782537905,-0.257980078,1,1,1,1,0,1,0,1,1,1,1,9,0.1111111111,-0.205769723,0.013108,0.533730,-0.410090315
150007,2.0376476761,1.048951108,0.6668847075,-1.646745681,,1.0580075794,1.2075582032,1.0634148004,-0.663835283,-0.887267931,1.1094486371,1,1,1,1,0,1,1,1,1,1,1,10,0.1,0.4994063816,0.013108,0.533730,0.9111321324
150008,,0.6160005334,0.0040234882,0.2899733314,,-1.921379598,,-0.116807273,-1.539958143,0.9775668235,-0.257980078,0,1,1,1,0,1,0,1,1,1,1,8,0.125,-0.243570114,0.013108,0.533730,-0.48091337
150009,-0.369117486,0.1021690821,-0.118891175,0.6977036498,,0.0648785204,,1.0634148004,,,1.1094486371,1,1,1,1,0,1,0,1,0,0,1,7,0.1428571429,0.3642294327,0.013108,0.533730,0.6578637385
150010,,0.368600205,-0.364720501,-0.015824407,,1.3559462971,-0.991838702,0.0307204863,-0.590825045,-1.35347662,-0.257980078,0,1,1,1,0,1,1,1,1,1,1,9,0.1111111111,-0.202155374,0.013108,0.533730,-0.403318448
150011,,0.2639308353,1.3868134491,-0.321622146,,-1.325502162,,-0.854446069,1.4534616281,0.7444624792,0.0838771007,0,1,1,1,0,1,0,1,1,1,1,8,0.125,0.1788718894,0.013108,0.533730,0.3105766631
150012,-0.167594087,-0.345054588,0.3508184308,-0.015824407,0.3676363213,1.9518237325,0.0232675619,-0.854446069,0.7233592449,0.3948059626,-0.599837257,1,1,1,1,1,1,1,1,1,1,1,11,0.0909090909,0.1662686223,0.013108,0.533730,0.2869631014
150015,-0.668523679,0.6635775196,0.0874298668,1.9208946053,,0.0648785204,-1.330207457,-2.182195901,0.5773387682,0.8610146514,-0.257980078,1,1,1,1,0,1,1,1,1,1,1,10,0.1,-0.026377318,0.013108,0.533730,-0.073979562
150017,0.7133510557,-0.61624341,0.1532770078,1.6150968664,0.1277735651,0.2635043322,,-0.411862791,,,0.0838771007,1,1,1,1,1,1,0,1,0,0,1,8,0.125,0.2410967158,0.013108,0.533730,0.4271614949
150018,-1.278851686,-0.640031903,0.7063929921,0.6977036498,0.1277735651,1.3559462971,-0.822654325,0.0307204863,0.2122875767,0.0451494461,-0.599837257,1,1,1,1,1,1,1,1,1,1,1,11,0.0909090909,-0.015036469,0.013108,0.533730,-0.052731274
150021,0.3621245607,0.8015507796,1.3253561175,-3.277666955,-0.711746081,-1.226189256,,-0.706918309,-2.124040049,-1.936237481,0.0838771007,1,1,1,1,1,1,0,1,1,1,1,10,0.1,-0.740988957,0.013108,0.533730,-1.412880487
150022,,0.8586431631,0.6624948981,1.0035013887,,1.455259203,,-0.264335032,,,0.4257342795,0,1,1,1,0,1,0,1,0,0,1,6,0.1666666667,0.6902163167,0.013108,0.533730,1.268634844
150023,1.3236790633,0.1259575752,-0.483245355,2.3286249237,0.6074990774,0.0648785204,-0.653469947,-1.297029346,-2.124040049,0.2782537905,0.7675914583,1,1,1,1,1,1,1,1,1,1,1,11,0.0909090909,0.0853363373,0.013108,0.533730,0.1353278561
150024,,-0.330781493,-0.900277248,-0.219689567,,-0.431686009,,-0.116807273,1.1614206748,-1.470028792,-0.941694436,0,1,1,1,0,1,0,1,1,1,1,8,0.125,-0.406193018,0.013108,0.533730,-0.785604679
150026,-0.478515903,0.1640191642,-0.053044034,-0.423554726,,0.6607559558,,0.4733037638,0.5043285299,-0.537611415,1.1094486371,1,1,1,1,0,1,0,1,1,1,1,9,0.1111111111,0.1576811082,0.013108,0.533730,0.2708734802
150030,,-0.982586204,-0.22863641,1.4112317072,,-1.027563445,1.3767425806,-0.411862791,,,-0.599837257,0,1,1,1,0,1,1,1,0,0,1,7,0.1428571429,-0.066073117,0.013108,0.533730,-0.148353863
150034,-1.123390779,-0.34029689,-0.290093742,0.4938384906,-1.671197106,-0.233060197,0.1924519392,0.3257760046,,,-0.599837257,1,1,1,1,1,1,1,1,0,0,1,9,0.1111111111,-0.360645504,0.013108,0.533730,-0.700266567
150035,-1.013992362,-0.611485711,0.6449356605,1.3092991276,0.0078421871,0.2635043322,-0.822654325,-0.411862791,0.0662671,-1.35347662,-0.941694436,1,1,1,1,1,1,1,1,1,1,1,11,0.0909090909,-0.260301622,0.013108,0.533730,-0.512261629
150037,,0.3876309995,0.4122757624,-0.423554726,,-0.630311821,-1.161023079,0.0307204863,0.5773387682,0.7444624792,0.4257342795,0,1,1,1,0,1,1,1,1,1,1,9,0.1111111111,0.0403636832,0.013108,0.533730,0.0510668044
15003F,1.1797337785,1.3677169158,0.6581050887,,,-0.431686009,0.0232675619,1.2109425595,,,,1,1,1,0,0,1,1,1,0,0,0,6,0.1666666667,0.6680133159,0.013108,0.533730,1.22703516
150042,0.454249543,0.7159122044,-0.224246601,-3.277666955,,-0.133747291,0.7000050712,-0.264335032,1.1614206748,0.2782537905,0.0838771007,1,1,1,1,0,1,1,1,1,1,1,10,0.1,-0.050627749,0.013108,0.533730,-0.119415324
150044,0.8630541519,0.3400540132,-0.000366321,-0.525487306,0.0078421871,0.0648785204,-0.48428557,0.0307204863,,,0.7675914583,1,1,1,1,1,1,1,1,0,0,1,9,0.1111111111,0.1182224023,0.013108,0.533730,0.1969433971
150045,,0.2211115477,0.4342248094,0.9015688091,,-0.233060197,,-0.706918309,,,,0,1,1,1,0,1,0,1,0,0,0,5,0.2,0.1233853319,0.013108,0.533730,0.206616695
150046,0.4830386,-0.302235301,0.2849712898,1.5131642868,-0.232020569,-1.424815068,0.5308206939,-1.149501587,0.5773387682,0.8610146514,-0.257980078,1,1,1,1,1,1,1,1,1,1,1,11,0.0909090909,0.0803450625,0.013108,0.533730,0.1259761716
150047,,,-0.733464491,-0.219689567,,,,0.1782482455,,,,0,0,1,1,0,0,0,1,0,0,0,3,0.3333333333,-0.258301937,0.013108,0.533730,-0.508515008
150048,-0.887320512,0.7682468893,0.7063929921,-3.175734376,-0.351951947,-1.325502162,-0.145916815,1.0634148004,-0.079753377,0.1617016183,0.4257342795,1,1,1,1,1,1,1,1,1,1,1,11,0.0909090909,-0.258244419,0.013108,0.533730,-0.508407241
15004F,,1.667451929,2.0277256214,,,0.1641914263,,3.1288034285,,,,0,1,1,0,0,1,0,1,0,0,0,4,0.25,1.7470431013,0.013108,0.533730,3.248712249
150051,0.3909136177,0.4875426705,1.2726784047,1.3092991276,0.9672932116,1.3559462971,0.1924519392,2.0961091144,-0.152763615,-1.003820104,0.0838771007,1,1,1,1,1,1,1,1,1,1,1,11,0.0909090909,0.6363207059,0.013108,0.533730,1.1676556838
150056,0.2757573898,-1.534479244,0.1357177702,-0.219689567,-1.911059862,0.3628172381,0.0232675619,-1.001973828,0.3583080533,-0.30450707,0.4257342795,1,1,1,1,1,1,1,1,1,1,1,11,0.0909090909,-0.308191571,0.013108,0.533730,-0.601988543
150057,,0.5589081499,0.3464286214,,,0.2635043322,0.8691894486,1.5059980778,-0.590825045,0.8610146514,0.7675914583,0,1,1,0,0,1,1,1,1,1,1,8,0.125,0.5727262118,0.013108,0.533730,1.048504634
150058,0.8457807177,0.6493044237,0.0654808198,0.0861081721,-0.112089191,-1.921379598,0.5308206939,0.4733037638,0.5043285299,-0.30450707,0.0838771007,1,1,1,1,1,1,1,1,1,1,1,11,0.0909090909,0.0819116693,0.013108,0.533730,0.1289113763
150059,0.5348589025,0.658819821,0.4342248094,0.391905911,,-0.431686009,,0.3257760046,0.7233592449,-0.537611415,1.4513058159,1,1,1,1,0,1,0,1,1,1,1,9,0.1111111111,0.3945503428,0.013108,0.533730,0.7146731892
150061,,0.7254276017,1.3209663081,-0.219689567,,0.6607559558,,0.3257760046,-0.298784092,0.1617016183,0.7675914583,0,1,1,1,0,1,0,1,1,1,1,8,0.125,0.4304681611,0.013108,0.533730,0.7819690426
150065,,0.8253392728,1.5624058251,-0.117756987,,1.0580075794,0.7000050712,1.8010535961,1.3804513897,-1.35347662,0.4257342795,0,1,1,1,0,1,1,1,1,1,1,9,0.1111111111,0.6979737118,0.013108,0.533730,1.283169149
150069,,-0.497300944,-0.44812688,-1.544813102,,-1.12687635,,-0.55939055,0.6503490066,-0.770715759,0.7675914583,0,1,1,1,0,1,0,1,1,1,1,8,0.125,-0.44116039,0.013108,0.533730,-0.851119771
150072,,1.4295669979,0.0435317728,1.0035013887,,0.462130144,,0.7683592821,0.285297815,0.3948059626,0.7675914583,0,1,1,1,0,1,0,1,1,1,1,8,0.125,0.6443481027,0.013108,0.533730,1.1826958655
150074,-0.916109569,-0.073865767,0.9346630809,-0.423554726,-0.591814703,-0.630311821,-0.653469947,0.7683592821,0.285297815,-0.30450707,0.7675914583,1,1,1,1,1,1,1,1,1,1,1,11,0.0909090909,-0.076156542,0.013108,0.533730,-0.167246234
150075,,0.6017274375,-0.470075927,-0.423554726,,0.0648785204,,0.6208315229,,,0.4257342795,0,1,1,1,0,1,0,1,0,0,1,6,0.1666666667,0.1365901846,0.013108,0.533730,0.2313573912
150076,,1.843486778,1.4087624961,-0.423554726,,0.5614430499,,-0.411862791,0.9423899598,0.627910307,0.7675914583,0,1,1,1,0,1,0,1,1,1,1,8,0.125,0.6645208165,0.013108,0.533730,1.2204915909
150082,-0.432453412,-0.47827015,-0.250585457,1.8189620256,-1.071540215,0.0648785204,-1.161023079,-0.116807273,-1.101896713,0.8610146514,-0.257980078,1,1,1,1,1,1,1,1,1,1,1,11,0.0909090909,-0.193245562,0.013108,0.533730,-0.386624967
150084,-1.560984445,-0.178535137,0.1269381514,-0.219689567,0.0078421871,0.6607559558,-0.315101193,0.9158870412,-0.006743138,-0.071402726,-0.257980078,1,1,1,1,1,1,1,1,1,1,1,11,0.0909090909,-0.08172845,0.013108,0.533730,-0.177685795
150086,,-0.126200452,1.1497637415,0.1880407518,,-1.424815068,-0.145916815,-0.116807273,,,0.0838771007,0,1,1,1,0,1,1,1,0,0,1,7,0.1428571429,-0.056008288,0.013108,0.533730,-0.129496335
150088,,-1.6867256,-0.909056867,0.391905911,,-0.928250539,-1.668576211,-0.706918309,-1.174906951,-0.30450707,0.7675914583,0,1,1,1,0,1,1,1,1,1,1,9,0.1111111111,-0.691049353,0.013108,0.533730,-1.319313326
150089,0.4830386,-0.915978423,0.539580235,0.2899733314,0.0078421871,-0.431686009,0.5308206939,1.2109425595,-1.612968381,-1.586580964,-0.257980078,1,1,1,1,1,1,1,1,1,1,1,11,0.0909090909,-0.158454204,0.013108,0.533730,-0.321439658
150090,-1.405523537,-0.425935465,-0.650058112,-0.831285044,,0.6607559558,,-1.444557105,,,-0.257980078,1,1,1,1,0,1,0,1,0,0,1,7,0.1428571429,-0.622083341,0.013108,0.533730,-1.190098166
150091,,0.4352079857,-1.506070945,-0.525487306,,0.3628172381,,0.6208315229,,,0.0838771007,0,1,1,1,0,1,0,1,0,0,1,6,0.1666666667,-0.088137401,0.013108,0.533730,-0.189693646
150097,,0.9918587246,1.0663573629,-0.321622146,,0.1641914263,,-0.264335032,0.1392773383,0.0451494461,0.7675914583,0,1,1,1,0,1,0,1,1,1,1,8,0.125,0.3235585723,0.013108,0.533730,0.5816625551
150100,-0.017890991,0.3115078215,-0.81687087,-0.117756987,0.2477049432,0.0648785204,1.8842957126,0.3257760046,-0.517814807,-1.120372276,-0.599837257,1,1,1,1,1,1,1,1,1,1,1,11,0.0909090909,-0.032398199,0.013108,0.533730,-0.085260321
150101,,0.2496577394,1.3692542115,0.391905911,,,,0.4733037638,,,,0,1,1,1,0,0,0,1,0,0,0,4,0.25,0.6210304064,0.013108,0.533730,1.1390076811
150102,,-1.187167245,-0.74224411,0.0861081721,,-0.233060197,,-0.116807273,,,,0,1,1,1,0,1,0,1,0,0,0,5,0.2,-0.43863413,0.013108,0.533730,-0.846386555
150104,,0.7111545058,0.0874298668,1.1054339683,,0.9586946735,-0.822654325,0.7683592821,-0.152763615,-0.770715759,-0.257980078,0,1,1,1,0,1,1,1,1,1,1,9,0.1111111111,0.1807731688,0.013108,0.533730,0.3141389124
150109,1.4561087254,0.3067501229,0.5571394726,0.2899733314,0.0078421871,-1.62344088,-1.330207457,1.8010535961,-1.831999096,-2.40244617,1.4513058159,1,1,1,1,1,1,1,1,1,1,1,11,0.0909090909,-0.119810941,0.013108,0.533730,-0.249037393
150112,-0.01213318,-0.083381164,1.2463395483,1.5131642868,-0.112089191,-1.62344088,-0.822654325,0.4733037638,0.2122875767,-0.30450707,0.4257342795,1,1,1,1,1,1,1,1,1,1,1,11,0.0909090909,0.0829657859,0.013108,0.533730,0.1308863758
150113,,1.1536204777,0.034752154,-1.544813102,,-0.630311821,0.0232675619,1.3584703187,0.8693797215,0.5113581348,-0.599837257,0,1,1,1,0,1,1,1,1,1,1,9,0.1111111111,0.130654021,0.013108,0.533730,0.2202353573
150115,0.7133510557,0.6968814099,0.5966477571,-0.321622146,,-0.630311821,1.2075582032,-0.116807273,1.5264718664,0.5113581348,-2.992837509,1,1,1,1,0,1,1,1,1,1,1,10,0.1,0.1190689678,0.013108,0.533730,0.1985295278
150125,-0.651250244,-0.430693164,-0.851989345,2.0228271849,1.0872245896,-1.921379598,-1.161023079,-0.116807273,0.2122875767,-0.071402726,0.7675914583,1,1,1,1,1,1,1,1,1,1,1,11,0.0909090909,-0.101328602,0.013108,0.533730,-0.214408765
150126,-0.184867522,1.2915937378,0.7327318485,-0.423554726,-1.911059862,0.2635043322,0.1924519392,1.3584703187,,,-1.283551615,1,1,1,1,1,1,1,1,0,0,1,9,0.1111111111,0.0039687169,0.013108,0.533730,-0.017123037
150128,-0.657008056,0.6350313279,0.21034453,-0.423554726,,-0.133747291,0.1924519392,0.4733037638,,,-1.283551615,1,1,1,1,0,1,1,1,0,0,1,8,0.125,-0.123341266,0.013108,0.533730,-0.255651832
150133,,0.0688651917,0.8073586083,-0.627419885,,-0.233060197,,0.6208315229,-0.006743138,-0.30450707,-0.257980078,0,1,1,1,0,1,0,1,1,1,1,8,0.125,0.0084181192,0.013108,0.533730,-0.008786608
150146,,-0.383116177,-0.369110311,-1.646745681,,0.8593817676,,0.9158870412,,,,0,1,1,1,0,1,0,1,0,0,0,5,0.2,-0.124740672,0.013108,0.533730,-0.258273769
150149,,,,,,,,0.6208315229,,,-0.257980078,0,0,0,0,0,0,0,1,0,0,1,2,0.5,0.1814257224,0.013108,0.533730,0.3153615409
150150,,1.591328751,-0.926616104,0.9015688091,,0.3628172381,,-0.411862791,,,0.0838771007,0,1,1,1,0,1,0,1,0,0,1,6,0.1666666667,0.2668521672,0.013108,0.533730,0.4754170728
150153,0.7363823013,1.3153822309,,,1.0872245896,,,0.1782482455,,,-0.257980078,1,1,0,0,1,0,0,1,0,0,1,5,0.2,0.6118514578,0.013108,0.533730,1.1218099445
150157,,-1.386990587,-0.211077172,0.5957710702,,0.9586946735,,0.1782482455,,,0.0838771007,0,1,1,1,0,1,0,1,0,0,1,6,0.1666666667,0.0364205551,0.013108,0.533730,0.0436789345
150158,1.479139971,0.9871010259,0.517631188,-0.627419885,,0.8593817676,-1.837760589,1.8010535961,0.7233592449,-1.236924448,0.4257342795,1,1,1,1,0,1,1,1,1,1,1,10,0.1,0.3091296151,0.013108,0.533730,0.5546283689
150160,,,,,,,2.5610332219,1.5059980778,,,0.7675914583,0,0,0,0,0,0,1,1,0,0,1,3,0.3333333333,1.6115409194,0.013108,0.533730,2.9948344966
150161,,1.2345013543,1.7116593446,0.1880407518,,1.0580075794,0.5308206939,0.7683592821,0.7963694832,-1.003820104,0.4257342795,0,1,1,1,0,1,1,1,1,1,1,9,0.1111111111,0.6344080739,0.013108,0.533730,1.1640721643
150162,-0.415179977,0.9871010259,-0.088162509,0.4938384906,-0.112089191,-0.828937633,-1.330207457,0.0307204863,-0.298784092,-0.187954898,-0.599837257,1,1,1,1,1,1,1,1,1,1,1,11,0.0909090909,-0.213590274,0.013108,0.533730,-0.424742949
150165,,-0.397389273,-0.632498875,0.5957710702,,0.2635043322,0.3616363166,-1.444557105,,,1.1094486371,0,1,1,1,0,1,1,1,0,0,1,7,0.1428571429,-0.020583557,0.013108,0.533730,-0.063124333
150166,,,,0.5957710702,,,0.5308206939,0.0307204863,,,-1.967265972,0,0,0,1,0,0,1,1,0,0,1,4,0.25,-0.20248843,0.013108,0.533730,-0.403942465
150167,,,,,,,,-0.411862791,,,1.4513058159,0,0,0,0,0,0,0,1,0,0,1,2,0.5,0.5197215124,0.013108,0.533730,0.949194691
150168,,,,,,,0.0232675619,0.6208315229,,,1.7931629948,0,0,0,0,0,0,1,1,0,0,1,3,0.3333333333,0.8124206932,0.013108,0.533730,1.4975977433
150169,,0.0641074931,0.5439700444,-0.627419885,,0.9586946735,0.3616363166,0.3257760046,,,0.4257342795,0,1,1,1,0,1,1,1,0,0,1,7,0.1428571429,0.2932141324,0.013108,0.533730,0.5248090189
150172,,,,-0.729352465,,,0.1924519392,0.4733037638,,,-0.941694436,0,0,0,1,0,0,1,1,0,0,1,4,0.25,-0.251322799,0.013108,0.533730,-0.49543885
150173,-0.248203447,-0.154746644,0.9039344151,1.1054339683,0.0078421871,0.462130144,0.5308206939,0.9158870412,-0.298784092,0.3948059626,0.4257342795,1,1,1,1,1,1,1,1,1,1,1,11,0.0909090909,0.3677140463,0.013108,0.533730,0.664392533
150177,,,,,,,-0.315101193,0.0307204863,,,-0.257980078,0,0,0,0,0,0,1,1,0,0,1,3,0.3333333333,-0.180786928,0.013108,0.533730,-0.363282392
150179,,,,,,,,,,,,0,0,0,0,0,0,0,0,0,0,0,0,,,0.013108,0.533730,
150181,,0.872916259,0.4386146188,0.9015688091,,,0.8691894486,0.4733037638,,,-0.941694436,0,1,1,1,0,0,1,1,0,0,1,6,0.1666666667,0.4356497439,0.013108,0.533730,0.7916772893
150183,,1.2630475461,0.122548342,0.7996362295,,,,0.1782482455,,,0.4257342795,0,1,1,1,0,0,0,1,0,0,1,5,0.2,0.5578429285,0.013108,0.533730,1.0206192194
150193,,,,,,,,0.9158870412,,,1.1094486371,0,0,0,0,0,0,0,1,0,0,1,2,0.5,1.0126678392,0.013108,0.533730,1.8727820734
151300,,,,-0.219689567,,,,0.0307204863,,,,0,0,0,1,0,0,0,1,0,0,0,2,0.5,-0.09448454,0.013108,0.533730,-0.201585687
151301,,,,0.0861081721,,,,-0.706918309,,,,0,0,0,1,0,0,0,1,0,0,0,2,0.5,-0.310405069,0.013108,0.533730,-0.606135767
151303,,,1.3912032585,0.2899733314,,,,0.3257760046,,,,0,0,1,1,0,0,0,1,0,0,0,3,0.3333333333,0.6689841982,0.013108,0.533730,1.2288542112
151304,,1.4914170799,1.4877790653,-0.321622146,,,,0.6208315229,,,0.4257342795,0,1,1,1,0,0,0,1,0,0,1,5,0.2,0.7408279603,0.013108,0.533730,1.3634611422
151305,,,0.5878681383,,,,,0.0307204863,,,,0,0,1,0,0,0,0,1,0,0,0,2,0.5,0.3092943123,0.013108,0.533730,0.5549369467
151306,,,0.7020031827,-1.340947943,,,,0.1782482455,,,,0,0,1,1,0,0,0,1,0,0,0,3,0.3333333333,-0.153565505,0.013108,0.533730,-0.312280159
151307,,1.1916820667,0.078650248,0.2899733314,,0.5614430499,,-0.411862791,,,,0,1,1,1,0,1,0,1,0,0,0,5,0.2,0.341977181,0.013108,0.533730,0.6161717778
151308,,,,0.391905911,,,,0.0307204863,,,,0,0,0,1,0,0,0,1,0,0,0,2,0.5,0.2113131987,0.013108,0.533730,0.3713589071
151309,,,,0.4938384906,,,,-0.264335032,,,,0,0,0,1,0,0,0,1,0,0,0,2,0.5,0.1147517293,0.013108,0.533730,0.1904407221
151310,,1.2915937378,0.9917306031,-0.219689567,,0.8593817676,,0.9158870412,,,0.7675914583,0,1,1,1,0,1,0,1,0,0,1,6,0.1666666667,0.7677491735,0.013108,0.533730,1.4139008991
151311,,0.7539737934,0.2893610992,-0.933217624,,,-0.315101193,-0.411862791,,,-0.599837257,0,1,1,1,0,0,1,1,0,0,1,6,0.1666666667,-0.202780662,0.013108,0.533730,-0.404489992
151312,,0.1973230546,0.0391419634,-1.035150204,,0.9586946735,,0.1782482455,1.0154001981,-0.187954898,,0,1,1,1,0,1,0,1,1,1,0,7,0.1428571429,0.1665290047,0.013108,0.533730,0.2874509556
151313,,,0.4605636658,0.6977036498,,,-0.145916815,0.1782482455,,,,0,0,1,1,0,0,1,1,0,0,0,4,0.25,0.2976496864,0.013108,0.533730,0.5331195013
151314,,,,-1.850610841,,,,,,,0.0838771007,0,0,0,1,0,0,0,0,0,0,1,2,0.5,-0.88336687,0.013108,0.533730,-1.679640652
151315,,-0.364085383,0.7151726109,0.391905911,,0.462130144,,-0.116807273,,,,0,1,1,1,0,1,0,1,0,0,0,5,0.2,0.217663202,0.013108,0.533730,0.3832563139
151316,,-0.069108068,1.5272873499,0.391905911,,,,0.1782482455,,,,0,1,1,1,0,0,0,1,0,0,0,4,0.25,0.5070833595,0.013108,0.533730,0.9255157671
151317,,0.3543271091,0.9346630809,-0.321622146,,0.462130144,,0.4733037638,,,0.4257342795,0,1,1,1,0,1,0,1,0,0,1,6,0.1666666667,0.3880893718,0.013108,0.533730,0.7025678728
151318,,-0.126200452,-1.769459509,-0.117756987,,0.2635043322,,1.2109425595,,,0.0838771007,0,1,1,1,0,1,0,1,0,0,1,6,0.1666666667,-0.075848826,0.013108,0.533730,-0.166669694
151319,,,,0.1880407518,,,,0.3257760046,,,,0,0,0,1,0,0,0,1,0,0,0,2,0.5,0.2569083782,0.013108,0.533730,0.4567863263
151320,,1.377232313,1.5404567781,-0.015824407,,,,-0.116807273,,,,0,1,1,1,0,0,0,1,0,0,0,4,0.25,0.6962643527,0.013108,0.533730,1.2799664827
151322,,1.301109135,-0.904667058,-0.015824407,,0.7600688617,,-0.706918309,,,,0,1,1,1,0,1,0,1,0,0,0,5,0.2,0.0867536445,0.013108,0.533730,0.1379833318
151323,,0.9442817383,0.6800541357,-0.015824407,,,,0.3257760046,,,-0.599837257,0,1,1,1,0,0,0,1,0,0,1,5,0.2,0.2668900428,0.013108,0.533730,0.4754880369
151324,,0.6302736292,1.0092898407,0.4938384906,,,,0.4733037638,,,-0.257980078,0,1,1,1,0,0,0,1,0,0,1,5,0.2,0.4697451292,0.013108,0.533730,0.8555586207
151325,,,,,,,,-0.411862791,,,,0,0,0,0,0,0,0,1,0,0,0,1,1,-0.411862791,0.013108,0.533730,-0.796227603
151326,,-1.034920889,-0.917836486,-0.627419885,,,,0.0307204863,,,,0,1,1,1,0,0,0,1,0,0,0,4,0.25,-0.637364193,0.013108,0.533730,-1.218728468
151327,,,0.6493254699,-0.117756987,,0.3628172381,,-0.411862791,,,0.0838771007,0,0,1,1,0,1,0,1,0,0,1,5,0.2,0.1132800061,0.013108,0.533730,0.1876832921
151328,,0.5398773554,1.1058656475,0.7996362295,,-0.034434386,,0.9158870412,-0.955876236,-0.654163587,0.4257342795,0,1,1,1,0,1,0,1,1,1,1,8,0.125,0.267815793,0.013108,0.533730,0.4772225283
151329,,0.3352963146,-1.277800856,-0.525487306,,-0.828937633,0.5308206939,0.6208315229,1.0154001981,0.7444624792,,0,1,1,1,0,1,1,1,1,1,0,8,0.125,0.0768231768,0.013108,0.533730,0.1193775441
151330,,1.4961747786,-0.768582966,-0.423554726,,,,0.1782482455,,,1.1094486371,0,1,1,1,0,0,0,1,0,0,1,5,0.2,0.3183467938,0.013108,0.533730,0.5718977337
151331,,-2.105403079,0.7985789895,-0.627419885,,0.462130144,,-0.264335032,,,,0,1,1,1,0,1,0,1,0,0,0,5,0.2,-0.347289773,0.013108,0.533730,-0.675243183
151332,,0.6826083141,1.6414223942,-0.321622146,,0.1641914263,,-0.706918309,-0.444804568,-0.537611415,-0.257980078,0,1,1,1,0,1,0,1,1,1,1,8,0.125,0.0274107022,0.013108,0.533730,0.0267980166
151333,,0.5160888623,0.5790885195,-0.117756987,,0.6607559558,,0.6208315229,,,,0,1,1,1,0,1,0,1,0,0,0,5,0.2,0.4518015747,0.013108,0.533730,0.8219394625
151334,,-0.687608889,1.5492363969,0.391905911,,-0.034434386,,-0.854446069,,,,0,1,1,1,0,1,0,1,0,0,0,5,0.2,0.0729305929,0.013108,0.533730,0.1120843742
160001,,1.3058668337,1.2638987859,0.1880407518,,,,1.3584703187,,,0.4257342795,0,1,1,1,0,0,0,1,0,0,1,5,0.2,0.9084021939,0.013108,0.533730,1.6774292953
160013,,0.4352079857,0.8336974647,-1.035150204,,-0.034434386,,-0.116807273,,,,0,1,1,1,0,1,0,1,0,0,0,5,0.2,0.0165027177,0.013108,0.533730,0.0063607472
160016,2.4061476052,0.7301853003,0.4605636658,-2.156408579,,-0.133747291,,0.9158870412,,,0.4257342795,1,1,1,1,0,1,0,1,0,0,1,7,0.1428571429,0.3783374316,0.013108,0.533730,0.6842965753
160028,-0.311539372,-0.197565931,-1.589477324,1.4112317072,,,,-0.116807273,,,1.1094486371,1,1,1,1,0,0,0,1,0,0,1,6,0.1666666667,0.0508817407,0.013108,0.533730,0.070773504
160029,0.7536557354,-0.61624341,0.254242624,0.4938384906,,-1.62344088,0.3616363166,1.0634148004,0.7963694832,-1.819685309,0.7675914583,1,1,1,1,0,1,1,1,1,1,1,10,0.1,0.043137931,0.013108,0.533730,0.0562646528
160030,0.0281714999,0.0545920959,0.4342248094,-0.015824407,,1.2566333912,0.1924519392,0.3257760046,-0.006743138,-0.071402726,0.4257342795,1,1,1,1,0,1,1,1,1,1,1,10,0.1,0.2623613748,0.013108,0.533730,0.4670030955
160032,,1.957671545,1.8609128642,0.9015688091,,,,3.1288034285,0.1392773383,0.3948059626,-0.257980078,0,1,1,1,0,0,0,1,1,1,1,7,0.1428571429,1.1607228385,0.013108,0.533730,2.1501788646
160033,-0.760648661,-1.210955738,0.7766299425,-0.933217624,-0.831677459,-2.120005409,1.2075582032,-1.739612624,-3.365214101,-1.003820104,0.7675914583,1,1,1,1,1,1,1,1,1,1,1,11,0.0909090909,-0.837579283,0.013108,0.533730,-1.593852738
16003F,,2.4952914893,1.1322045039,,,0.462130144,-0.145916815,1.8010535961,,,,0,1,1,0,0,1,1,1,0,0,0,5,0.2,1.1489525836,0.013108,0.533730,2.1281260399
160040,,,-0.882718011,1.717029446,,,-0.315101193,0.4733037638,,,0.4257342795,0,0,1,1,0,0,1,1,0,0,1,5,0.2,0.2836496572,0.013108,0.533730,0.5068889572
160045,0.321819881,1.2345013543,-0.254975266,-0.015824407,0.8473618335,-0.729624727,-0.48428557,1.653525837,0.5043285299,0.5113581348,0.4257342795,1,1,1,1,1,1,1,1,1,1,1,11,0.0909090909,0.3649018072,0.013108,0.533730,0.6591235038
160047,0.4139448632,-0.601970314,-0.272534504,0.6977036498,,-1.424815068,0.0232675619,-0.55939055,,,-0.599837257,1,1,1,1,0,1,1,1,0,0,1,8,0.125,-0.290453952,0.013108,0.533730,-0.568755228
16004F,1.3294368747,0.1402306711,0.9302732715,,,1.6538850148,-0.145916815,1.2109425595,,,,1,1,1,0,0,1,1,1,0,0,0,6,0.1666666667,0.8531419294,0.013108,0.533730,1.5738933111
160057,1.4042884228,-0.463997054,0.1488871984,-0.219689567,,1.3559462971,-0.653469947,0.9158870412,0.2122875767,-1.470028792,0.4257342795,1,1,1,1,0,1,1,1,1,1,1,10,0.1,0.1655845455,0.013108,0.533730,0.2856814109
160058,-1.491890708,-1.315625107,0.1269381514,-2.869936637,0.6074990774,-0.034434386,-0.145916815,1.8010535961,-0.006743138,-0.537611415,0.7675914583,1,1,1,1,1,1,1,1,1,1,1,11,0.0909090909,-0.281734175,0.013108,0.533730,-0.552417797
160064,-1.681898484,-0.216596726,0.6317662323,1.6150968664,-1.311402972,0.5614430499,-0.48428557,0.7683592821,0.7963694832,-2.169341825,-0.257980078,1,1,1,1,1,1,1,1,1,1,1,11,0.0909090909,-0.158951886,0.013108,0.533730,-0.322372117
160067,1.0415463051,0.406661794,-0.276924313,1.717029446,,1.455259203,1.2075582032,2.0961091144,1.5264718664,-2.635550514,-0.599837257,1,1,1,1,0,1,1,1,1,1,1,10,0.1,0.5938323848,0.013108,0.533730,1.0880492943
160069,1.7209680495,0.0926536849,1.4702198277,0.0861081721,,0.462130144,,0.7683592821,,,0.0838771007,1,1,1,1,0,1,0,1,0,0,1,7,0.1428571429,0.6691880373,0.013108,0.533730,1.2292361254
160079,0.4081870518,0.9014624507,0.3595980496,-0.117756987,0.7274304554,1.0580075794,0.8691894486,1.8010535961,1.0154001981,-1.120372276,0.7675914583,1,1,1,1,1,1,1,1,1,1,1,11,0.0909090909,0.6063446387,0.013108,0.533730,1.111492333
160080,2.3312960571,1.2297436557,1.2463395483,0.1880407518,,-0.729624727,,0.6208315229,-0.006743138,-1.003820104,0.0838771007,1,1,1,1,0,1,0,1,1,1,1,9,0.1111111111,0.4399934075,0.013108,0.533730,0.7998156052
160082,0.2527261442,0.6683352182,-0.329602026,0.2899733314,1.3270873457,0.9586946735,0.7000050712,1.9485813553,1.0884104365,0.9775668235,-0.941694436,1,1,1,1,1,1,1,1,1,1,1,11,0.0909090909,0.6309167216,0.013108,0.533730,1.1575307443
160083,-0.380633109,0.368600205,1.3912032585,-0.831285044,-1.071540215,0.2635043322,0.0232675619,1.9485813553,1.3804513897,0.9775668235,0.4257342795,1,1,1,1,1,1,1,1,1,1,1,11,0.0909090909,0.4086773488,0.013108,0.533730,0.7411416377
160089,,-0.863643738,-0.215466982,-0.117756987,,0.6607559558,,1.0634148004,,,0.4257342795,0,1,1,1,0,1,0,1,0,0,1,6,0.1666666667,0.1588395547,0.013108,0.533730,0.2730439531
160101,,,,-0.729352465,,,,-0.264335032,-0.590825045,-1.236924448,0.0838771007,0,0,0,1,0,0,0,1,1,1,1,5,0.2,-0.547511978,0.013108,0.533730,-1.050380784
160104,,-0.159504342,-0.180348507,,,-0.034434386,0.5308206939,-0.854446069,,,-0.257980078,0,1,1,0,0,1,1,1,0,0,1,6,0.1666666667,-0.159315448,0.013108,0.533730,-0.323053289
160110,0.103023048,0.1116844794,0.4430044282,0.2899733314,1.3270873457,0.5614430499,-0.48428557,0.3257760046,-0.298784092,-2.052789653,0.4257342795,1,1,1,1,1,1,1,1,1,1,1,11,0.0909090909,0.0683515138,0.013108,0.533730,0.1035049824
160112,,-0.368843082,-0.237416029,0.4938384906,,0.7600688617,0.7000050712,0.9158870412,-0.152763615,-1.586580964,1.1094486371,0,1,1,1,0,1,1,1,1,1,1,9,0.1111111111,0.1815160458,0.013108,0.533730,0.3155307714
160117,0.6384995076,0.9871010259,-0.37350012,,,0.6607559558,0.1924519392,0.4733037638,,,0.4257342795,1,1,1,0,0,1,1,1,0,0,1,7,0.1428571429,0.4291923359,0.013108,0.533730,0.7795786485
160124,,-2.681084612,-0.312042789,-1.035150204,,0.7600688617,-0.48428557,-0.55939055,,,-0.599837257,0,1,1,1,0,1,1,1,0,0,1,7,0.1428571429,-0.701674589,0.013108,0.533730,-1.339220835
160146,-1.037023608,-0.611485711,0.5308006162,,,1.9518237325,,0.0307204863,,,0.0838771007,1,1,1,0,0,1,0,1,0,0,1,6,0.1666666667,0.1581187694,0.013108,0.533730,0.2716934851
160147,,1.0727396011,0.6493254699,1.2073665479,,0.0648785204,,1.2109425595,0.6503490066,-0.30450707,-1.967265972,0,1,1,1,0,1,0,1,1,1,1,8,0.125,0.3229785828,0.013108,0.533730,0.5805758832
160153,-0.63397681,-0.326023794,-0.865158773,-1.95254342,-1.551265728,1.2566333912,0.7000050712,-1.001973828,,,0.0838771007,1,1,1,1,1,1,1,1,0,0,1,9,0.1111111111,-0.476714088,0.013108,0.533730,-0.917733406
161300,,,,0.391905911,,,,,,,,0,0,0,1,0,0,0,0,0,0,0,1,1,0.391905911,0.013108,0.533730,0.7097185649
161301,,,1.1892720261,,,,,0.6208315229,,,,0,0,1,0,0,0,0,1,0,0,0,2,0.5,0.9050517745,0.013108,0.533730,1.6711519281
161302,,,1.0619675535,,,,1.2075582032,1.2109425595,,,,0,0,1,0,0,0,1,1,0,0,0,3,0.3333333333,1.1601561054,0.013108,0.533730,2.1491170298
161303,,,0.9741713655,0.1880407518,,,,0.4733037638,,,0.4257342795,0,0,1,1,0,0,0,1,0,0,1,4,0.25,0.5153125401,0.013108,0.533730,0.9409340125
161304,,,,1.0035013887,,,,-0.706918309,,,,0,0,0,1,0,0,0,1,0,0,0,2,0.5,0.1482915396,0.013108,0.533730,0.2532811247
161305,,,,-0.015824407,,,,,,,,0,0,0,1,0,0,0,0,0,0,0,1,1,-0.015824407,0.013108,0.533730,-0.054207561
161306,,0.8681585604,1.3648644021,-0.015824407,,,,0.6208315229,,,,0,1,1,1,0,0,0,1,0,0,0,4,0.25,0.7095075195,0.013108,0.533730,1.3047789645
161307,,1.591328751,0.9829509843,0.9015688091,,,,0.9158870412,,,,0,1,1,1,0,0,0,1,0,0,0,4,0.25,1.0979338964,0.013108,0.533730,2.0325371021
161308,,,0.6624948981,0.0861081721,,,,-0.264335032,,,,0,0,1,1,0,0,0,1,0,0,0,3,0.3333333333,0.1614226794,0.013108,0.533730,0.277883712
161309,,0.0260459041,,-0.015824407,,,,0.6208315229,,,,0,1,0,1,0,0,0,1,0,0,0,3,0.3333333333,0.2103510065,0.013108,0.533730,0.3695561377
161310,,,,,,,,0.4733037638,,,,0,0,0,0,0,0,0,1,0,0,0,1,1,0.4733037638,0.013108,0.533730,0.8622261011
161311,,,0.3113101462,0.2899733314,,,,0.3257760046,,,,0,0,1,1,0,0,0,1,0,0,0,3,0.3333333333,0.3090198274,0.013108,0.533730,0.5544226699
161312,,,,,,,,0.0307204863,,,,0,0,0,0,0,0,0,1,0,0,0,1,1,0.0307204863,0.013108,0.533730,0.0329992492
161313,,,0.8732057493,-0.729352465,,,,-0.411862791,,,,0,0,1,1,0,0,0,1,0,0,0,3,0.3333333333,-0.089336502,0.013108,0.533730,-0.19194029
161314,,,-0.610549828,,,,,0.7683592821,,,,0,0,1,0,0,0,0,1,0,0,0,2,0.5,0.0789047272,0.013108,0.533730,0.1232775503
161315,,,,,,,,,,,,0,0,0,0,0,0,0,0,0,0,0,0,,,0.013108,0.533730,
161316,,1.1916820667,1.2024414543,,,,,0.6208315229,,,,0,1,1,0,0,0,0,1,0,0,0,3,0.3333333333,1.0049850146,0.013108,0.533730,1.8583874843
161317,,,0.4561738564,,,,,-0.411862791,0.5773387682,-0.654163587,,0,0,1,0,0,0,0,1,1,1,0,4,0.25,-0.008128438,0.013108,0.533730,-0.039788344
161318,,0.9728279301,-0.461296308,-1.850610841,,,,-0.116807273,,,,0,1,1,1,0,0,0,1,0,0,0,4,0.25,-0.363971623,0.013108,0.533730,-0.706498404
161319,,,,,,,,0.0307204863,,,,0,0,0,0,0,0,0,1,0,0,0,1,1,0.0307204863,0.013108,0.533730,0.0329992492
161320,,,0.7502910861,-0.219689567,,,,0.6208315229,,,,0,0,1,1,0,0,0,1,0,0,0,3,0.3333333333,0.3838110141,0.013108,0.533730,0.6945519145
161321,,,,0.391905911,,,,0.1782482455,,,,0,0,0,1,0,0,0,1,0,0,0,2,0.5,0.2850770782,0.013108,0.533730,0.5095633824
161322,,,,,,,,,,,,0,0,0,0,0,0,0,0,0,0,0,0,,,0.013108,0.533730,
161323,,,,,,,,-0.411862791,,,-0.599837257,0,0,0,0,0,0,0,1,0,0,1,2,0.5,-0.505850024,0.013108,0.533730,-0.972322682
161324,,,,0.391905911,,,,0.1782482455,,,,0,0,0,1,0,0,0,1,0,0,0,2,0.5,0.2850770782,0.013108,0.533730,0.5095633824
161325,,,1.4394911619,0.2899733314,,,,0.1782482455,,,,0,0,1,1,0,0,0,1,0,0,0,3,0.3333333333,0.6359042462,0.013108,0.533730,1.1668754023
161326,,,-0.408618595,-0.423554726,,,,0.0307204863,,,,0,0,1,1,0,0,0,1,0,0,0,3,0.3333333333,-0.267150945,0.013108,0.533730,-0.525094565
161327,,,,,,,,0.4733037638,,,,0,0,0,0,0,0,0,1,0,0,0,1,1,0.4733037638,0.013108,0.533730,0.8622261011
161328,,1.8910637643,1.4307115431,0.4938384906,,,,0.3257760046,,,0.7675914583,0,1,1,1,0,0,0,1,0,0,1,5,0.2,0.9817962522,0.013108,0.533730,1.814940871
161329,,,1.2946274517,,,,,0.1782482455,,,,0,0,1,0,0,0,0,1,0,0,0,2,0.5,0.7364378486,0.013108,0.533730,1.3552358009
161330,,,,,,,,0.3257760046,,,,0,0,0,0,0,0,0,1,0,0,0,1,1,0.3257760046,0.013108,0.533730,0.5858171505
161331,,,,0.2899733314,,,,0.1782482455,,,,0,0,0,1,0,0,0,1,0,0,0,2,0.5,0.2341107884,0.013108,0.533730,0.4140726167
161332,,,0.8732057493,,,,,0.1782482455,,,,0,0,1,0,0,0,0,1,0,0,0,2,0.5,0.5257269974,0.013108,0.533730,0.960446606
161333,,,,0.391905911,,,,0.1782482455,,,,0,0,0,1,0,0,0,1,0,0,0,2,0.5,0.2850770782,0.013108,0.533730,0.5095633824
161334,,,-0.37350012,-0.219689567,,,,-0.706918309,,,,0,0,1,1,0,0,0,1,0,0,0,3,0.3333333333,-0.433369332,0.013108,0.533730,-0.836522395
161335,,,0.8293076553,0.1880407518,,,,0.3257760046,,,0.0838771007,0,0,1,1,0,0,0,1,0,0,1,4,0.25,0.3567503781,0.013108,0.533730,0.6438509342
161336,,,0.1927852924,,,,,0.3257760046,,,,0,0,1,0,0,0,0,1,0,0,0,2,0.5,0.2592806485,0.013108,0.533730,0.4612310271
161337,,,1.694100107,,,,,0.4733037638,,,,0,0,1,0,0,0,0,1,0,0,0,2,0.5,1.0837019354,0.013108,0.533730,2.0058720092
161338,,,,,,,,-0.264335032,,,,0,0,0,0,0,0,0,1,0,0,0,1,1,-0.264335032,0.013108,0.533730,-0.519818652
161339,,1.1488627791,0.3332591932,,,,,-0.116807273,,,0.7675914583,0,1,1,0,0,0,0,1,0,0,1,4,0.25,0.5332265394,0.013108,0.533730,0.9744977958
161340,,,-0.808091251,,,,,-0.706918309,,,,0,0,1,0,0,0,0,1,0,0,0,2,0.5,-0.75750478,0.013108,0.533730,-1.443824638
161341,,,-0.237416029,,,,,0.1782482455,,,,0,0,1,0,0,0,0,1,0,0,0,2,0.5,-0.029583892,0.013108,0.533730,-0.079987418
161342,,,-2.480608632,,,,,-0.264335032,,,,0,0,1,0,0,0,0,1,0,0,0,2,0.5,-1.372471832,0.013108,0.533730,-2.596030829
161343,,1.0774972998,-0.114501366,0.9015688091,,,,0.4733037638,,,0.0838771007,0,1,1,1,0,0,0,1,0,0,1,5,0.2,0.4843491215,0.013108,0.533730,0.8829207539
161344,,0.7777622865,1.6677612506,,,,,0.4733037638,,,-0.941694436,0,1,1,0,0,0,0,1,0,0,1,4,0.25,0.4942832163,0.013108,0.533730,0.9015333372
161345,,,,-0.015824407,,,,-0.116807273,,,,0,0,0,1,0,0,0,1,0,0,0,2,0.5,-0.06631584,0.013108,0.533730,-0.148808631
161346,,0.0308036028,0.4166655718,0.4938384906,,,,0.7683592821,,,0.4257342795,0,1,1,1,0,0,0,1,0,0,1,5,0.2,0.4270802453,0.013108,0.533730,0.7756214221
161347,,0.9728279301,0.5966477571,0.1880407518,,,,0.4733037638,,,,0,1,1,1,0,0,0,1,0,0,0,4,0.25,0.5577050507,0.013108,0.533730,1.0203608907
161348,,1.5342363676,1.2287803107,,,,,0.4733037638,0.6503490066,0.7444624792,,0,1,1,0,0,0,0,1,1,1,0,5,0.2,0.9262263855,0.013108,0.533730,1.7108248144
161349,,-0.035804178,-0.952954961,0.2899733314,,,,-0.411862791,,,,0,1,1,1,0,0,0,1,0,0,0,4,0.25,-0.27766215,0.013108,0.533730,-0.544788425
161350,,,-0.873938392,-1.646745681,,,,0.1782482455,,,,0,0,1,1,0,0,0,1,0,0,0,3,0.3333333333,-0.780811943,0.013108,0.533730,-1.487493086
161351,,1.0917703956,-0.347161264,-1.239015363,,,0.1924519392,0.3257760046,,,,0,1,1,1,0,0,1,1,0,0,0,5,0.2,0.0047643426,0.013108,0.533730,-0.015632347
161352,,0.292477027,1.8389638172,,,0.1641914263,,-0.706918309,0.285297815,0.2782537905,,0,1,1,0,0,1,0,1,1,1,0,6,0.1666666667,0.3587109278,0.013108,0.533730,0.6475242325
161353,,0.4732695747,0.3288693838,-0.627419885,,,,0.0307204863,,,,0,1,1,1,0,0,0,1,0,0,0,4,0.25,0.0513598899,0.013108,0.533730,0.0716693674
161354,,,-0.039874606,-0.219689567,,,,-0.264335032,,,,0,0,1,1,0,0,0,1,0,0,0,3,0.3333333333,-0.174633068,0.013108,0.533730,-0.35175248
161355,,,0.056701201,,,,,0.0307204863,,,,0,0,1,0,0,0,0,1,0,0,0,2,0.5,0.0437108437,0.013108,0.533730,0.0573380656
161356,,,0.7459012767,,,,,0.0307204863,,,,0,0,1,0,0,0,0,1,0,0,0,2,0.5,0.3883108815,0.013108,0.533730,0.7029828947
161357,,,0.3332591932,0.391905911,,,,1.0634148004,,,,0,0,1,1,0,0,0,1,0,0,0,3,0.3333333333,0.5961933015,0.013108,0.533730,1.0924727229
161358,,1.5580248607,1.5624058251,-0.423554726,,,0.7000050712,0.1782482455,,,0.0838771007,0,1,1,1,0,0,1,1,0,0,1,6,0.1666666667,0.6098343962,0.013108,0.533730,1.1180307649
161359,,0.292477027,-0.101331937,-0.015824407,,,,0.6208315229,,,,0,1,1,1,0,0,0,1,0,0,0,4,0.25,0.1990380513,0.013108,0.533730,0.3483601126
161360,,-0.473512451,-0.000366321,0.1880407518,,,,0.4733037638,,,,0,1,1,1,0,0,0,1,0,0,0,4,0.25,0.0468664358,0.013108,0.533730,0.0632504031
161361,,0.4494810816,1.781896295,,,0.6607559558,,1.0634148004,,,,0,1,1,0,0,1,0,1,0,0,0,4,0.25,0.9888870332,0.013108,0.533730,1.8282262036
161362,,-0.197565931,-0.575431353,-0.117756987,,,,0.7683592821,,,0.0838771007,0,1,1,1,0,0,0,1,0,0,1,5,0.2,-0.007703578,0.013108,0.533730,-0.038992322
161363,,1.5627825593,-0.66761735,0.6977036498,,-1.226189256,,-1.592084864,0.4313182916,0.627910307,0.4257342795,0,1,1,1,0,1,0,1,1,1,1,8,0.125,0.0324447021,0.013108,0.533730,0.0362297509
161364,,-1.505933052,-0.219856791,,,,-2.176129343,0.4733037638,1.0884104365,-1.35347662,,0,1,1,0,0,0,1,1,1,1,0,6,0.1666666667,-0.615613601,0.013108,0.533730,-1.17797642
161365,,0.9775856287,1.0005102219,,,,0.0232675619,0.0307204863,0.7963694832,0.2782537905,,0,1,1,0,0,0,1,1,1,1,0,6,0.1666666667,0.5177845287,0.013108,0.533730,0.9455655461
161366,,,-0.211077172,-0.117756987,,,,0.4733037638,0.2122875767,-0.654163587,,0,0,1,1,0,0,0,1,1,1,0,5,0.2,-0.059481281,0.013108,0.533730,-0.136003358
161367,,0.3495694105,0.4781229034,,,0.9586946735,,0.0307204863,1.4534616281,0.5113581348,-1.283551615,0,1,1,0,0,1,0,1,1,1,1,7,0.1428571429,0.3569108031,0.013108,0.533730,0.6441515076
161368,,,1.1585433603,-0.525487306,,,-0.145916815,0.9158870412,,,0.0838771007,0,0,1,1,0,0,1,1,0,0,1,5,0.2,0.2973806762,0.013108,0.533730,0.5326154821
161369,,0.1878076573,1.2112210731,,,0.5614430499,,-0.706918309,,,-0.257980078,0,1,1,0,0,1,0,1,0,0,1,5,0.2,0.1991146785,0.013108,0.533730,0.3485036819
161370,,-0.868401437,1.0839166005,0.9015688091,,,,0.3257760046,,,,0,1,1,1,0,0,0,1,0,0,0,4,0.25,0.3607149943,0.013108,0.533730,0.6512790644
161371,,0.0260459041,0.034752154,0.7996362295,,0.462130144,,0.1782482455,0.4313182916,0.1617016183,,0,1,1,1,0,1,0,1,1,1,0,7,0.1428571429,0.299118941,0.013108,0.533730,0.535872306
161372,,,0.9917306031,,,,,0.4733037638,,,,0,0,1,0,0,0,0,1,0,0,0,2,0.5,0.7325171834,0.013108,0.533730,1.3478900177
161373,,,0.6142069947,,,,,0.1782482455,,,,0,0,1,0,0,0,0,1,0,0,0,2,0.5,0.3962276201,0.013108,0.533730,0.7178157467
161374,,1.6389057373,0.2718018616,,,0.6607559558,,-0.264335032,,,,0,1,1,0,0,1,0,1,0,0,0,4,0.25,0.5767821307,0.013108,0.533730,1.0561038294
161375,,-0.335539191,-0.878328201,,,0.8593817676,-0.48428557,0.0307204863,0.285297815,-0.071402726,,0,1,1,0,0,1,1,1,1,1,0,7,0.1428571429,-0.084879374,0.013108,0.533730,-0.183589387
161376,,1.1393473819,0.6273764229,,,,0.5308206939,1.2109425595,0.2122875767,-0.770715759,,0,1,1,0,0,0,1,1,1,1,0,6,0.1666666667,0.4916764793,0.013108,0.533730,0.8966493381
161377,,,1.0268490783,0.1880407518,,,,0.6208315229,,,-0.257980078,0,0,1,1,0,0,0,1,0,0,1,4,0.25,0.3944353187,0.013108,0.533730,0.7144576793
161378,,,,-0.219689567,,,,,,,,0,0,0,1,0,0,0,0,0,0,0,1,1,-0.219689567,0.013108,0.533730,-0.436170624
161379,,0.7206699031,1.0795267911,,,0.0648785204,,-0.264335032,,,,0,1,1,0,0,1,0,1,0,0,0,4,0.25,0.4001850456,0.013108,0.533730,0.7252304044
161380,,1.0441934094,2.1725893316,0.2899733314,,,,0.9158870412,,,,0,1,1,1,0,0,0,1,0,0,0,4,0.25,1.1056607784,0.013108,0.533730,2.0470142375
161381,,,0.1840056736,,,,,-1.001973828,,,,0,0,1,0,0,0,0,1,0,0,0,2,0.5,-0.408984077,0.013108,0.533730,-0.790834026
170006,1.2545853266,-0.178535137,-0.162789269,-0.729352465,,-0.034434386,0.1924519392,0.9158870412,0.3583080533,0.5113581348,0.0838771007,1,1,1,1,0,1,1,1,1,1,1,10,0.1,0.221135634,0.013108,0.533730,0.3897622846
170009,,0.4304502871,0.1620566266,-0.729352465,,-0.729624727,,-1.297029346,,,,0,1,1,1,0,1,0,1,0,0,0,5,0.2,-0.432699925,0.013108,0.533730,-0.835268189
170012,0.5521323367,0.4399656843,0.9741713655,-1.544813102,-0.471883325,1.5545721089,-0.145916815,2.9812756694,0.3583080533,0.627910307,0.0838771007,1,1,1,1,1,1,1,1,1,1,1,11,0.0909090909,0.4917817621,0.013108,0.533730,0.8968465967
170013,1.4618665368,1.3201399295,-0.645668303,0.0861081721,-0.351951947,-0.133747291,-0.145916815,-0.116807273,-0.37179433,0.2782537905,-0.599837257,1,1,1,1,1,1,1,1,1,1,1,11,0.0909090909,0.0709677466,0.013108,0.533730,0.1084067728
170014,,-0.302235301,0.6932235639,-0.729352465,,0.2635043322,,-1.297029346,-0.517814807,0.0451494461,0.7675914583,0,1,1,1,0,1,0,1,1,1,1,8,0.125,-0.13462039,0.013108,0.533730,-0.276784471
170016,0.9206322658,1.2915937378,0.6185968041,-0.525487306,-0.951608837,-1.524127974,1.0383738259,-0.706918309,-0.663835283,1.0941189957,-1.283551615,1,1,1,1,1,1,1,1,1,1,1,11,0.0909090909,-0.062928518,0.013108,0.533730,-0.142462122
170017,,-0.454481657,0.6581050887,-1.95254342,,,,0.1782482455,,,0.0838771007,0,1,1,1,0,0,0,1,0,0,1,5,0.2,-0.297358928,0.013108,0.533730,-0.581692435
170020,0.8515385291,1.7863943946,0.1532770078,-0.015824407,0.4875676993,-0.729624727,-1.161023079,1.5059980778,-0.444804568,0.5113581348,0.0838771007,1,1,1,1,1,1,1,1,1,1,1,11,0.0909090909,0.2753394693,0.013108,0.533730,0.4913189361
170023,,-2.295711024,0.5659190914,-0.525487306,,-0.034434386,-1.499391834,-1.001973828,,,0.0838771007,0,1,1,1,0,1,1,1,0,0,1,7,0.1428571429,-0.672457455,0.013108,0.533730,-1.284479427
170027,,,0.2059547206,0.0861081721,,0.7600688617,2.5610332219,2.0961091144,,,0.7675914583,0,0,1,1,0,1,1,1,0,0,1,6,0.1666666667,1.0794775915,0.013108,0.533730,1.9979572515
170040,0.8169916608,0.0308036028,-0.074993081,1.3092991276,0.4875676993,0.5614430499,,0.1782482455,-0.663835283,1.0941189957,0.7675914583,1,1,1,1,1,1,0,1,1,1,1,10,0.1,0.4507235476,0.013108,0.533730,0.819919664
170049,1.2315540811,0.330538616,-0.074993081,-0.831285044,0.2477049432,0.5614430499,-1.161023079,0.3257760046,1.5264718664,-0.770715759,0.4257342795,1,1,1,1,1,1,1,1,1,1,1,11,0.0909090909,0.1646550797,0.013108,0.533730,0.2839399577
17005F,,1.6817250249,0.5746987102,,,1.1573204853,,2.3911646327,,,,0,1,1,0,0,1,0,1,0,0,0,4,0.25,1.4512272133,0.013108,0.533730,2.6944697142
170068,,-0.89218993,-0.035484796,-2.258341159,,-0.332373103,-0.315101193,-0.854446069,,,-2.309123151,0,1,1,1,0,1,1,1,0,0,1,7,0.1428571429,-0.999579914,0.013108,0.533730,-1.897378154
170074,,0.9300086425,0.5000719504,-1.748678261,,0.1641914263,,-0.116807273,,,,0,1,1,1,0,1,0,1,0,0,0,5,0.2,-0.054242703,0.013108,0.533730,-0.126188324
170086,0.9609369456,0.9062201493,0.232293577,-0.627419885,0.6074990774,-2.318631221,0.0232675619,0.9158870412,-1.831999096,1.4437755123,1.1094486371,1,1,1,1,1,1,1,1,1,1,1,11,0.0909090909,0.1292071181,0.013108,0.533730,0.2175244308
17008F,2.0261320533,1.1916820667,0.7810197519,,,-0.233060197,0.5308206939,2.5386923919,,,,1,1,1,0,0,1,1,1,0,0,0,6,0.1666666667,1.1392144601,0.013108,0.533730,2.1098806295
170103,,0.2068384518,-0.891497629,-0.015824407,,1.5545721089,0.8691894486,0.4733037638,,,-0.599837257,0,1,1,1,0,1,1,1,0,0,1,7,0.1428571429,0.2281063542,0.013108,0.533730,0.4028226704
170104,1.3467103089,0.3257809174,0.407885953,0.9015688091,0.3676363213,0.5614430499,0.3616363166,1.2109425595,-4.898429106,0.1617016183,-0.257980078,1,1,1,1,1,1,1,1,1,1,1,11,0.0909090909,0.0444451518,0.013108,0.533730,0.0587138701
170105,,1.553267162,0.9258834621,0.2899733314,,1.3559462971,,0.1782482455,,,0.0838771007,0,1,1,1,0,1,0,1,0,0,1,6,0.1666666667,0.7311992665,0.013108,0.533730,1.34542076
170109,,,1.3824236397,-0.321622146,,,,0.6208315229,,,0.7675914583,0,0,1,1,0,0,0,1,0,0,1,4,0.25,0.6123061186,0.013108,0.533730,1.1226617999
170110,,,0.8644261305,,,,,-0.854446069,,,,0,0,1,0,0,0,0,1,0,0,0,2,0.5,0.004990031,0.013108,0.533730,-0.015209496
170120,,0.5779389444,0.1752260548,-3.379599535,,0.2635043322,-0.822654325,1.3584703187,,,1.7931629948,0,1,1,1,0,1,1,1,0,0,1,7,0.1428571429,-0.004850174,0.013108,0.533730,-0.033646166
170122,0.1893902189,-0.226112123,0.5220209974,-0.831285044,0.2477049432,-0.729624727,0.3616363166,0.6208315229,-1.101896713,0.1617016183,-0.941694436,1,1,1,1,1,1,1,1,1,1,1,11,0.0909090909,-0.157029766,0.013108,0.533730,-0.318770821
170123,1.2776165722,0.9347663411,1.3034070705,-1.646745681,1.9267442361,0.9586946735,1.5459269579,1.5059980778,0.8693797215,0.3948059626,-0.941694436,1,1,1,1,1,1,1,1,1,1,1,11,0.0909090909,0.7389908633,0.013108,0.533730,1.3600191455
170137,1.1163978532,0.6064851361,1.2682885953,2.4305575034,,0.9586946735,1.3767425806,0.0307204863,-1.393937666,1.2106711679,0.7675914583,1,1,1,1,0,1,1,1,1,1,1,10,0.1,0.8372211788,0.013108,0.533730,1.5440640914
170142,1.2373118924,1.5056901758,0.4034961436,-0.729352465,,0.9586946735,0.3616363166,2.3911646327,,,-1.283551615,1,1,1,1,0,1,1,1,0,0,1,8,0.125,0.6056362194,0.013108,0.533730,1.1101650341
170146,0.9724525684,-0.164262041,-0.246195648,-0.729352465,,0.0648785204,0.5308206939,-1.739612624,,,-1.283551615,1,1,1,1,0,1,1,1,0,0,1,8,0.125,-0.324352826,0.013108,0.533730,-0.632268374
170175,,0.3971463967,0.0742604386,-1.137082783,,,,0.0307204863,,,-0.941694436,0,1,1,1,0,0,0,1,0,0,1,5,0.2,-0.315329979,0.013108,0.533730,-0.615363111
170176,0.5809213936,2.0385524216,-0.904667058,1.1054339683,1.0872245896,0.3628172381,-1.161023079,-1.739612624,-1.539958143,1.0941189957,-0.941694436,1,1,1,1,1,1,1,1,1,1,1,11,0.0909090909,-0.001626067,0.013108,0.533730,-0.027605459
170182,2.2391710748,0.7492160948,-0.110111556,-1.137082783,,-0.034434386,-1.161023079,-0.264335032,-0.152763615,-0.770715759,-0.257980078,1,1,1,1,0,1,1,1,1,1,1,10,0.1,-0.090005912,0.013108,0.533730,-0.193194501
170183,,,,,,,2.7302175992,0.3257760046,,,1.1094486371,0,0,0,0,0,0,1,1,0,0,1,3,0.3333333333,1.388480747,0.013108,0.533730,2.5769075348
170185,1.8188508431,0.4494810816,0.4869025222,-0.525487306,,0.0648785204,-0.822654325,0.6208315229,,,0.4257342795,1,1,1,1,0,1,1,1,0,0,1,8,0.125,0.3148171424,0.013108,0.533730,0.5652845563
170186,0.2699995784,0.4970580678,,,1.3270873457,,,1.2109425595,,,-0.257980078,1,1,0,0,1,0,0,1,0,0,1,5,0.2,0.6094214947,0.013108,0.533730,1.11725715
170187,,,,-2.156408579,,,1.8842957126,1.5059980778,0.5773387682,0.3948059626,0.0838771007,0,0,0,1,0,0,1,1,1,1,1,6,0.1666666667,0.3816511737,0.013108,0.533730,0.6905052238
170188,,,,,,,2.8994019766,3.1288034285,,,-0.941694436,0,0,0,0,0,0,1,1,0,0,1,3,0.3333333333,1.6955036564,0.013108,0.533730,3.1521476164
170190,,,,0.6977036498,,,0.3616363166,0.3257760046,,,0.0838771007,0,0,0,1,0,0,1,1,0,0,1,4,0.25,0.3672482679,0.013108,0.533730,0.6635198476
170191,,0.3115078215,0.9127140339,-0.729352465,,,0.1924519392,1.0634148004,,,-0.599837257,0,1,1,1,0,0,1,1,0,0,1,6,0.1666666667,0.1918164789,0.013108,0.533730,0.3348297285
170194,,,,,,,,-0.706918309,,,-0.941694436,0,0,0,0,0,0,0,1,0,0,1,2,0.5,-0.824306373,0.013108,0.533730,-1.568984528
170196,,,,,,,0.8691894486,3.4238589468,,,-7.778838012,0,0,0,0,0,0,1,1,0,0,1,3,0.3333333333,-1.161929872,0.013108,0.533730,-2.201558071
170197,-0.086984728,0.949039437,-0.470075927,-2.564138898,-2.03099124,,0.5308206939,-0.264335032,,,-0.257980078,1,1,1,1,1,0,1,1,0,0,1,8,0.125,-0.524330722,0.013108,0.533730,-1.006948234
170198,,,,0.1880407518,,,2.3918488446,1.653525837,,,-4.702123403,0,0,0,1,0,0,1,1,0,0,1,4,0.25,-0.117176992,0.013108,0.533730,-0.24410241
170199,,,,,,,,,,,,0,0,0,0,0,0,0,0,0,0,0,0,,,0.013108,0.533730,
170200,,1.1393473819,0.9653917467,0.1880407518,,,0.1924519392,1.2109425595,,,-0.599837257,0,1,1,1,0,0,1,1,0,0,1,6,0.1666666667,0.516056187,0.013108,0.533730,0.942327314
170203,,,,-0.015824407,,,-0.315101193,0.6208315229,,,0.7675914583,0,0,0,1,0,0,1,1,0,0,1,4,0.25,0.2643743452,0.013108,0.533730,0.4707746098
170204,,0.1259575752,-0.562261924,0.0861081721,,,,-0.116807273,,,-0.941694436,0,1,1,1,0,0,0,1,0,0,1,5,0.2,-0.281739577,0.013108,0.533730,-0.552427919
171300,,,,,,,,,,,,0,0,0,0,0,0,0,0,0,0,0,0,,,0.013108,0.533730,
171301,,,,,,,,-0.116807273,,,,0,0,0,0,0,0,0,1,0,0,0,1,1,-0.116807273,0.013108,0.533730,-0.243409701
171303,,,,,,,,,,,,0,0,0,0,0,0,0,0,0,0,0,0,,,0.013108,0.533730,
171304,,,,,,,,0.1782482455,,,,0,0,0,0,0,0,0,1,0,0,0,1,1,0.1782482455,0.013108,0.533730,0.3094081998
171306,,,,,,,,-0.264335032,,,,0,0,0,0,0,0,0,1,0,0,0,1,1,-0.264335032,0.013108,0.533730,-0.519818652
171307,,,,,,,,-0.55939055,,,,0,0,0,0,0,0,0,1,0,0,0,1,1,-0.55939055,0.013108,0.533730,-1.072636553
171308,,,,,,,,,,,,0,0,0,0,0,0,0,0,0,0,0,0,,,0.013108,0.533730,
171309,,,,,,,,0.3257760046,,,,0,0,0,0,0,0,0,1,0,0,0,1,1,0.3257760046,0.013108,0.533730,0.5858171505
171310,,,0.8073586083,,,,,0.3257760046,,,,0,0,1,0,0,0,0,1,0,0,0,2,0.5,0.5665673065,0.013108,0.533730,1.0369652696
171311,,,1.4877790653,0.2899733314,,,0.0232675619,0.0307204863,,,,0,0,1,1,0,0,1,1,0,0,0,4,0.25,0.4579351112,0.013108,0.533730,0.8334312956
171312,,,,,,,,-0.55939055,,,,0,0,0,0,0,0,0,1,0,0,0,1,1,-0.55939055,0.013108,0.533730,-1.072636553
171313,,,-0.395449167,,,,,0.0307204863,,,,0,0,1,0,0,0,0,1,0,0,0,2,0.5,-0.18236434,0.013108,0.533730,-0.366237841
171314,,,,,,,,,,,,0,0,0,0,0,0,0,0,0,0,0,0,,,0.013108,0.533730,
171315,,0.7159122044,1.1585433603,0.7996362295,,,,0.4733037638,,,,0,1,1,1,0,0,0,1,0,0,0,4,0.25,0.7868488895,0.013108,0.533730,1.4496862487
171316,,1.048951108,,,,,,0.1782482455,,,,0,1,0,0,0,0,0,1,0,0,0,2,0.5,0.6135996768,0.013108,0.533730,1.1250854186
171317,,,,,,,,,,,,0,0,0,0,0,0,0,0,0,0,0,0,,,0.013108,0.533730,
171318,,,1.4219319243,,,,,0.1782482455,,,,0,0,1,0,0,0,0,1,0,0,0,2,0.5,0.8000900849,0.013108,0.533730,1.4744950369
171319,,,0.517631188,,,,,0.7683592821,,,,0,0,1,0,0,0,0,1,0,0,0,2,0.5,0.642995235,0.013108,0.533730,1.1801611241
171321,,,,,,,,0.0307204863,,,,0,0,0,0,0,0,0,1,0,0,0,1,1,0.0307204863,0.013108,0.533730,0.0329992492
171322,,,,,,,,0.1782482455,,,,0,0,0,0,0,0,0,1,0,0,0,1,1,0.1782482455,0.013108,0.533730,0.3094081998
171323,,,,,,,,,,,,0,0,0,0,0,0,0,0,0,0,0,0,,,0.013108,0.533730,
171324,,,,,,,,0.4733037638,,,,0,0,0,0,0,0,0,1,0,0,0,1,1,0.4733037638,0.013108,0.533730,0.8622261011
171325,,,-0.944175342,0.2899733314,,,,-0.116807273,,,,0,0,1,1,0,0,0,1,0,0,0,3,0.3333333333,-0.257003095,0.013108,0.533730,-0.506081487
171326,,,0.9258834621,,,,,-0.411862791,,,,0,0,1,0,0,0,0,1,0,0,0,2,0.5,0.2570103355,0.013108,0.533730,0.4569773541
171327,,1.0013741218,1.6545918224,0.0861081721,,0.462130144,,-0.55939055,,,,0,1,1,1,0,1,0,1,0,0,0,5,0.2,0.528962742,0.013108,0.533730,0.9665091178
171328,,,,,,,,0.3257760046,,,,0,0,0,0,0,0,0,1,0,0,0,1,1,0.3257760046,0.013108,0.533730,0.5858171505
171329,,,1.0839166005,,,,,-1.149501587,,,,0,0,1,0,0,0,0,1,0,0,0,2,0.5,-0.032792493,0.013108,0.533730,-0.085999074
171330,,,1.6326427754,0.4938384906,,,,0.1782482455,,,,0,0,1,1,0,0,0,1,0,0,0,3,0.3333333333,0.7682431705,0.013108,0.533730,1.414826455
171331,,-0.054834972,0.8819853681,0.1880407518,,,,-0.55939055,,,,0,1,1,1,0,0,0,1,0,0,0,4,0.25,0.1139501493,0.013108,0.533730,0.1889388767
171332,,,,,,,,-0.264335032,,,,0,0,0,0,0,0,0,1,0,0,0,1,1,-0.264335032,0.013108,0.533730,-0.519818652
171333,,-0.6495473,-0.685176588,,,,,-1.149501587,,,,0,1,1,0,0,0,0,1,0,0,0,3,0.3333333333,-0.828075158,0.013108,0.533730,-1.576045749
171334,,,-0.904667058,,,,,-0.116807273,,,,0,0,1,0,0,0,0,1,0,0,0,2,0.5,-0.510737165,0.013108,0.533730,-0.981479261
171335,,0.4542387802,1.0926962193,,,,,0.1782482455,,,,0,1,1,0,0,0,0,1,0,0,0,3,0.3333333333,0.5750610817,0.013108,0.533730,1.052879261
171336,,,0.8600363211,,,,,-0.411862791,,,,0,0,1,0,0,0,0,1,0,0,0,2,0.5,0.224086765,0.013108,0.533730,0.3952915424
171337,,,,0.6977036498,,,,-0.116807273,,,,0,0,0,1,0,0,0,1,0,0,0,2,0.5,0.2904481885,0.013108,0.533730,0.5196267288
171338,,,0.9566121279,0.0861081721,,,,0.0307204863,,,,0,0,1,1,0,0,0,1,0,0,0,3,0.3333333333,0.3578135955,0.013108,0.533730,0.645842985
171339,,,-2.484998441,,,,,-0.706918309,,,,0,0,1,0,0,0,0,1,0,0,0,2,0.5,-1.595958375,0.013108,0.533730,-3.014756643
171340,,,,,,,,-0.116807273,,,,0,0,0,0,0,0,0,1,0,0,0,1,1,-0.116807273,0.013108,0.533730,-0.243409701
171341,,1.3582015185,0.9566121279,-0.321622146,,-0.729624727,,0.1782482455,,,,0,1,1,1,0,1,0,1,0,0,0,5,0.2,0.2883630037,0.013108,0.533730,0.5157199134
171343,,,,,,,,0.0307204863,,,,0,0,0,0,0,0,0,1,0,0,0,1,1,0.0307204863,0.013108,0.533730,0.0329992492
171344,,,0.6229866135,-0.219689567,,,,0.0307204863,,,0.0838771007,0,0,1,1,0,0,0,1,0,0,1,4,0.25,0.1294736585,0.013108,0.533730,0.2180238225
171345,,,,0.391905911,,,,0.3257760046,,,,0,0,0,1,0,0,0,1,0,0,0,2,0.5,0.3588409578,0.013108,0.533730,0.6477678577
171346,,0.949039437,,0.4938384906,,,,0.3257760046,,,,0,1,0,1,0,0,0,1,0,0,0,3,0.3333333333,0.5895513107,0.013108,0.533730,1.0800282466
171347,,,1.1585433603,,,,,0.4733037638,,,,0,0,1,0,0,0,0,1,0,0,0,2,0.5,0.815923562,0.013108,0.533730,1.5041607407
171348,,,1.2112210731,,,,,0.3257760046,,,,0,0,1,0,0,0,0,1,0,0,0,2,0.5,0.7684985389,0.013108,0.533730,1.4153049147
171349,,,0.2191241488,-0.117756987,,,,0.0307204863,,,,0,0,1,1,0,0,0,1,0,0,0,3,0.3333333333,0.044029216,0.013108,0.533730,0.0579345701
171350,,-0.002500288,-0.645668303,-0.015824407,,,,-1.739612624,,,,0,1,1,1,0,0,0,1,0,0,0,4,0.25,-0.600901405,0.013108,0.533730,-1.150411556
171351,,,,-0.729352465,,,,-1.001973828,,,,0,0,0,1,0,0,0,1,0,0,0,2,0.5,-0.865663146,0.013108,0.533730,-1.646470843
171352,,,,-0.219689567,,,,0.1782482455,,,,0,0,0,1,0,0,0,1,0,0,0,2,0.5,-0.020720661,0.013108,0.533730,-0.063381212
171353,,,0.6800541357,-0.219689567,,,,0.6208315229,,,,0,0,1,1,0,0,0,1,0,0,0,3,0.3333333333,0.3603986973,0.013108,0.533730,0.6506864484
171354,,,0.9961204125,,,,,0.4733037638,,,,0,0,1,0,0,0,0,1,0,0,0,2,0.5,0.7347120881,0.013108,0.533730,1.3520024052
171355,,,1.0224592689,0.1880407518,,,,0.0307204863,,,,0,0,1,1,0,0,0,1,0,0,0,3,0.3333333333,0.413740169,0.013108,0.533730,0.75062737
171356,,,,,,,,-0.116807273,,,,0,0,0,0,0,0,0,1,0,0,0,1,1,-0.116807273,0.013108,0.533730,-0.243409701
171357,,,0.4254451906,,,,,-0.116807273,,,,0,0,1,0,0,0,0,1,0,0,0,2,0.5,0.1543189589,0.013108,0.533730,0.2645741358
171358,,,0.1137687232,-0.219689567,,,,-0.116807273,,,,0,0,1,1,0,0,0,1,0,0,0,3,0.3333333333,-0.074242705,0.013108,0.533730,-0.163660456
171359,,,1.0926962193,0.1880407518,,,,0.1782482455,,,,0,0,1,1,0,0,0,1,0,0,0,3,0.3333333333,0.4863284055,0.013108,0.533730,0.8866291529
171360,,,,,,,,-0.264335032,,,,0,0,0,0,0,0,0,1,0,0,0,1,1,-0.264335032,0.013108,0.533730,-0.519818652
171361,,,0.9610019373,-0.525487306,,-2.914508657,-0.822654325,-1.592084864,,,,0,0,1,1,0,1,1,1,0,0,0,5,0.2,-0.978746643,0.013108,0.533730,-1.858344803
171362,,-0.640031903,-1.168055621,,,-0.133747291,,1.3584703187,0.0662671,-1.120372276,,0,1,1,0,0,1,0,1,1,1,0,6,0.1666666667,-0.272911612,0.013108,0.533730,-0.535887787
171363,,1.2582898474,-0.715905253,,,0.0648785204,0.1924519392,0.0307204863,,,,0,1,1,0,0,1,1,1,0,0,0,5,0.2,0.166087108,0.013108,0.533730,0.2866230151
171364,,,0.6098171853,0.2899733314,,,,-0.264335032,,,,0,0,1,1,0,0,0,1,0,0,0,3,0.3333333333,0.2118184949,0.013108,0.533730,0.3723056333
171365,,,,,,,,0.1782482455,,,,0,0,0,0,0,0,0,1,0,0,0,1,1,0.1782482455,0.013108,0.533730,0.3094081998
171367,,,1.1453739321,-1.035150204,,,,0.4733037638,,,,0,0,1,1,0,0,0,1,0,0,0,3,0.3333333333,0.1945091641,0.013108,0.533730,0.3398747607
171368,,,-0.013535749,,,,,-0.706918309,,,,0,0,1,0,0,0,0,1,0,0,0,2,0.5,-0.360227029,0.013108,0.533730,-0.69948251
171369,,,1.0839166005,-1.137082783,,,,0.3257760046,,,,0,0,1,1,0,0,0,1,0,0,0,3,0.3333333333,0.0908699406,0.013108,0.533730,0.1456956505
171370,,-1.077740176,0.1752260548,0.4938384906,,0.462130144,,-1.297029346,,,,0,1,1,1,0,1,0,1,0,0,0,5,0.2,-0.248714967,0.013108,0.533730,-0.490552798
171371,,0.7349429989,0.078650248,0.4938384906,,-0.034434386,,-1.592084864,,,0.4257342795,0,1,1,1,0,1,0,1,0,0,1,6,0.1666666667,0.0177744612,0.013108,0.533730,0.008743494
171372,,1.0204049163,1.3780338303,,,0.1641914263,,-0.854446069,,,,0,1,1,0,0,1,0,1,0,0,0,4,0.25,0.4270460261,0.013108,0.533730,0.7755573086
171373,,0.7159122044,1.0707471723,-0.117756987,,,,0.9158870412,,,,0,1,1,1,0,0,0,1,0,0,0,4,0.25,0.6461973577,0.013108,0.533730,1.1861606416
171374,,,1.4570503995,0.391905911,,,,0.0307204863,,,,0,0,1,1,0,0,0,1,0,0,0,3,0.3333333333,0.6265589323,0.013108,0.533730,1.1493659624
171375,,0.6302736292,0.6229866135,-1.239015363,,0.0648785204,,-2.182195901,,,-0.599837257,0,1,1,1,0,1,0,1,0,0,1,6,0.1666666667,-0.45048496,0.013108,0.533730,-0.868590344
171376,,,0.8424770835,0.7996362295,,,,0.0307204863,,,,0,0,1,1,0,0,0,1,0,0,0,3,0.3333333333,0.5576112664,0.013108,0.533730,1.0201851759
171377,,0.9442817383,0.8951547963,0.2899733314,,,,-1.887140383,,,,0,1,1,1,0,0,0,1,0,0,0,4,0.25,0.0605673708,0.013108,0.533730,0.0889205625
171378,,,0.9697815561,,,,,-0.706918309,,,,0,0,1,0,0,0,0,1,0,0,0,2,0.5,0.1314316233,0.013108,0.533730,0.221692278
171379,,,,-0.321622146,,0.2635043322,,0.0307204863,,,,0,0,0,1,0,1,0,1,0,0,0,3,0.3333333333,-0.009132443,0.013108,0.533730,-0.041669453
171380,,0.2782039311,0.0698706292,-2.971869216,,-0.431686009,,-1.739612624,,,-1.283551615,0,1,1,1,0,1,0,1,0,0,1,6,0.1666666667,-1.013107484,0.013108,0.533730,-1.922723494
171381,,0.1640191642,0.8424770835,-0.627419885,,,,-0.116807273,,,,0,1,1,1,0,0,0,1,0,0,0,4,0.25,0.0655672724,0.013108,0.533730,0.09828841
171382,,-1.053951683,0.7590707049,,,,-0.653469947,-0.411862791,,,,0,1,1,0,0,0,1,1,0,0,0,4,0.25,-0.340053429,0.013108,0.533730,-0.661685124
171383,,1.6198749428,1.0092898407,-0.117756987,,0.0648785204,,0.7683592821,,,0.0838771007,0,1,1,1,0,1,0,1,0,0,1,6,0.1666666667,0.5714204499,0.013108,0.533730,1.0460581501
171384,,1.415293902,0.8117484177,-0.525487306,,0.462130144,-0.315101193,0.7683592821,,,,0,1,1,1,0,1,1,1,0,0,0,6,0.1666666667,0.4361572079,0.013108,0.533730,0.7926280771
171385,,0.7492160948,0.8512567023,0.1880407518,,,,-0.264335032,,,,0,1,1,1,0,0,0,1,0,0,0,4,0.25,0.3810446292,0.013108,0.533730,0.6893687981
180001,,-0.502058643,0.3595980496,-0.117756987,,-1.822066692,,0.0307204863,,,0.4257342795,0,1,1,1,0,1,0,1,0,0,1,6,0.1666666667,-0.270971584,0.013108,0.533730,-0.532252939
180002,,-0.173777438,-0.549092496,0.6977036498,,-2.815195751,,-0.55939055,,,,0,1,1,1,0,1,0,1,0,0,0,5,0.2,-0.679950517,0.013108,0.533730,-1.298518476
180004,,-0.311750698,1.0049000313,0.9015688091,,-0.928250539,,0.6208315229,,,,0,1,1,1,0,1,0,1,0,0,0,5,0.2,0.2574598253,0.013108,0.533730,0.4578195211
180005,0.4715229772,-0.930251519,-1.61581618,-0.219689567,,0.2635043322,,-1.149501587,0.5043285299,-1.003820104,0.7675914583,1,1,1,1,0,1,0,1,1,1,1,9,0.1111111111,-0.323570184,0.013108,0.533730,-0.630802011
180009,0.2124214645,-0.292719904,-1.172445431,0.2899733314,1.0872245896,0.462130144,-0.315101193,-0.116807273,-0.517814807,1.6768798566,1.4513058159,1,1,1,1,1,1,1,1,1,1,1,11,0.0909090909,0.2513678723,0.013108,0.533730,0.4464055991
180010,1.2027650241,0.5493927526,-0.325212217,-1.646745681,0.9672932116,-0.928250539,-0.145916815,0.1782482455,,,-0.257980078,1,1,1,1,1,1,1,1,0,0,1,9,0.1111111111,-0.045156233,0.013108,0.533730,-0.109163856
180011,1.7267258609,-1.458356066,0.0523113916,1.5131642868,,0.7600688617,0.1924519392,-0.264335032,0.4313182916,0.5113581348,-0.599837257,1,1,1,1,0,1,1,1,1,1,1,10,0.1,0.2864870411,0.013108,0.533730,0.5122050979
180012,-0.127289408,0.6350313279,-0.913446676,-1.442880522,,-0.828937633,-1.499391834,0.3257760046,0.3583080533,0.627910307,0.4257342795,1,1,1,1,0,1,1,1,1,1,1,10,0.1,-0.24391861,0.013108,0.533730,-0.481566314
180013,0.1778745961,-0.031046479,0.3947165248,-0.933217624,0.3676363213,0.5614430499,,1.0634148004,-0.298784092,1.2106711679,0.4257342795,1,1,1,1,1,1,0,1,1,1,1,10,0.1,0.2938442545,0.013108,0.533730,0.5259896197
180016,,-0.102411959,-0.52275364,-0.933217624,,,,0.3257760046,,,-0.257980078,0,1,1,1,0,0,0,1,0,0,1,5,0.2,-0.298117459,0.013108,0.533730,-0.583113623
180017,0.3045464468,-1.011132396,-1.132937146,0.1880407518,,0.6607559558,0.8691894486,-0.854446069,0.9423899598,-2.169341825,-0.257980078,1,1,1,1,0,1,1,1,1,1,1,10,0.1,-0.246091495,0.013108,0.533730,-0.485637445
180018,-2.234648378,0.5541504513,0.4430044282,-0.219689567,,-1.722753786,,-1.297029346,0.3583080533,0.1617016183,0.4257342795,1,1,1,1,0,1,0,1,1,1,1,9,0.1111111111,-0.392358027,0.013108,0.533730,-0.759683353
180019,2.7170694205,2.2954681472,1.7336083916,0.6977036498,,,,0.9158870412,,,0.0838771007,1,1,1,1,0,0,0,1,0,0,1,6,0.1666666667,1.4072689585,0.013108,0.533730,2.6121092477
180020,,1.1203165874,0.451784047,-0.015824407,,,,-0.55939055,,,,0,1,1,1,0,0,0,1,0,0,0,4,0.25,0.2492214191,0.013108,0.533730,0.4423839908
180024,,-0.226112123,1.2112210731,-0.321622146,,1.3559462971,0.1924519392,0.0307204863,,,-0.257980078,0,1,1,1,0,1,1,1,0,0,1,7,0.1428571429,0.2835179212,0.013108,0.533730,0.5066421358
180025,,0.2686885339,0.5703089008,0.4938384906,,0.462130144,,0.6208315229,0.285297815,-2.285893997,-0.599837257,0,1,1,1,0,1,0,1,1,1,1,8,0.125,-0.023079481,0.013108,0.533730,-0.067800713
180027,0.5118276569,-2.557384448,-1.093428862,-0.423554726,,0.7600688617,0.5308206939,-1.001973828,-0.882865998,0.0451494461,-0.257980078,1,1,1,1,0,1,1,1,1,1,1,10,0.1,-0.436932128,0.013108,0.533730,-0.843197672
180029,0.2469683328,-2.3765919,-1.817747413,-0.015824407,,-2.020692504,0.1924519392,-0.411862791,-0.663835283,-0.537611415,-0.941694436,1,1,1,1,0,1,1,1,1,1,1,10,0.1,-0.834643988,0.013108,0.533730,-1.588353149
180035,0.4369761088,0.1592614656,-0.878328201,0.4938384906,1.4470187238,-0.928250539,-0.822654325,-0.706918309,-1.466947905,1.7934320288,0.7675914583,1,1,1,1,1,1,1,1,1,1,1,11,0.0909090909,0.0268199088,0.013108,0.533730,0.0256911024
180038,-0.25971907,-0.406904671,-0.421788024,1.5131642868,0.6074990774,-1.424815068,0.0232675619,0.1782482455,0.285297815,0.7444624792,1.1094486371,1,1,1,1,1,1,1,1,1,1,1,11,0.0909090909,0.1771055701,0.013108,0.533730,0.3072672759
180040,-1.411281348,-1.177651847,-0.860768964,-1.035150204,1.2071559677,0.0648785204,1.2075582032,-1.001973828,,,0.4257342795,1,1,1,1,1,1,1,1,0,0,1,9,0.1111111111,-0.286833247,0.013108,0.533730,-0.561971451
180043,,-1.610602422,-0.81248106,0.1880407518,,,,-1.001973828,,,0.0838771007,0,1,1,1,0,0,0,1,0,0,1,5,0.2,-0.630627892,0.013108,0.533730,-1.20610729
180044,-2.49374989,-1.734302586,-0.922226295,-0.933217624,-1.191471594,0.5614430499,,-3.509945733,0.6503490066,0.3948059626,-0.599837257,1,1,1,1,1,1,0,1,1,1,1,10,0.1,-0.977815296,0.013108,0.533730,-1.856599826
180045,,0.1687768628,-1.580697705,0.2899733314,,-0.828937633,,-1.001973828,,,0.7675914583,0,1,1,1,0,1,0,1,0,0,1,6,0.1666666667,-0.364211252,0.013108,0.533730,-0.706947375
180046,,1.3486861213,-0.382279739,0.5957710702,,0.6607559558,,-0.116807273,,,,0,1,1,1,0,1,0,1,0,0,0,5,0.2,0.4212252271,0.013108,0.533730,0.7646514226
180048,-0.438211223,0.4970580678,-0.101331937,-0.627419885,,0.1641914263,,-0.411862791,0.1392773383,-1.703133137,1.1094486371,1,1,1,1,0,1,0,1,1,1,1,9,0.1111111111,-0.152442612,0.013108,0.533730,-0.310176299
180049,,1.1536204777,0.7063929921,0.5957710702,,0.1641914263,,-0.55939055,-0.225773853,-0.537611415,-0.941694436,0,1,1,1,0,1,0,1,1,1,1,8,0.125,0.044438214,0.013108,0.533730,0.0587008714
180050,,-1.06346708,-0.483245355,0.1880407518,,-1.027563445,,-1.444557105,,,,0,1,1,1,0,1,0,1,0,0,0,5,0.2,-0.766158447,0.013108,0.533730,-1.460038203
180051,,-0.673335793,0.1752260548,-0.423554726,,0.3628172381,-1.499391834,-0.411862791,-0.882865998,-0.887267931,-0.257980078,0,1,1,1,0,1,1,1,1,1,1,9,0.1111111111,-0.499801762,0.013108,0.533730,-0.96099062
180056,,-0.440208561,0.5351904256,0.6977036498,,0.2635043322,,-0.411862791,-1.68597862,0.7444624792,-0.941694436,0,1,1,1,0,1,0,1,1,1,1,8,0.125,-0.15486044,0.013108,0.533730,-0.314706358
180064,,1.0013741218,-0.061823653,0.4938384906,,,,0.7683592821,,,0.4257342795,0,1,1,1,0,0,0,1,0,0,1,5,0.2,0.5254965042,0.013108,0.533730,0.9600147526
180066,,-2.271922531,-1.549969039,-0.423554726,,,,-0.116807273,,,,0,1,1,1,0,0,0,1,0,0,0,4,0.25,-1.090563392,0.013108,0.533730,-2.067845378
180067,0.2066636531,1.1726512722,-0.7378543,-0.219689567,0.3676363213,1.455259203,,0.6208315229,-0.37179433,-1.003820104,0.7675914583,1,1,1,1,1,1,0,1,1,1,1,10,0.1,0.225747513,0.013108,0.533730,0.3984031306
180069,,-1.339413601,-1.699222559,-0.015824407,,-1.722753786,,-1.592084864,,,,0,1,1,1,0,1,0,1,0,0,0,5,0.2,-1.273859843,0.013108,0.533730,-2.411270778
18006F,0.4887964114,1.2820783405,-0.360330692,,,-0.332373103,0.1924519392,0.6208315229,,,,1,1,1,0,0,1,1,1,0,0,0,6,0.1666666667,0.3152424031,0.013108,0.533730,0.5660813276
180070,,1.0917703956,1.0575777441,-0.015824407,,-0.630311821,,1.2109425595,,,-1.283551615,0,1,1,1,0,1,0,1,0,0,1,6,0.1666666667,0.2384338094,0.013108,0.533730,0.4221722563
180078,,-0.725670478,-0.974904008,-0.117756987,,-0.233060197,,0.0307204863,,,,0,1,1,1,0,1,0,1,0,0,0,5,0.2,-0.404134237,0.013108,0.533730,-0.781747334
180079,,1.2107128612,0.7810197519,0.9015688091,,0.3628172381,,0.0307204863,,,-1.283551615,0,1,1,1,0,1,0,1,0,0,1,6,0.1666666667,0.3338812553,0.013108,0.533730,0.6010031999
18007F,-0.127289408,0.0974113835,0.9610019373,,,0.7600688617,-2.852866853,-2.919834697,,,,1,1,1,0,0,1,1,1,0,0,0,6,0.1666666667,-0.680251462,0.013108,0.533730,-1.299082329
180080,0.3736401835,0.116442178,-0.434957452,-0.627419885,,1.2566333912,,0.6208315229,-1.758988858,-0.30450707,-0.257980078,1,1,1,1,0,1,0,1,1,1,1,9,0.1111111111,-0.112922896,0.013108,0.533730,-0.236131909
180087,,0.658819821,0.9873407937,-2.156408579,,1.9518237325,-0.822654325,1.653525837,0.5773387682,-2.752102686,-0.599837257,0,1,1,1,0,1,1,1,1,1,1,9,0.1111111111,-0.055794877,0.013108,0.533730,-0.129096488
180088,-1.313398555,-1.263290423,-0.680786778,1.9208946053,-0.471883325,-1.524127974,-0.991838702,-0.55939055,-1.758988858,0.5113581348,0.4257342795,1,1,1,1,1,1,1,1,1,1,1,11,0.0909090909,-0.51870165,0.013108,0.533730,-0.996401569
180092,-0.455484657,0.3495694105,0.517631188,0.6977036498,,-0.034434386,,0.4733037638,0.4313182916,-1.120372276,-0.257980078,1,1,1,1,0,1,0,1,1,1,1,9,0.1111111111,0.0668061008,0.013108,0.533730,0.1006094867
180093,0.2527261442,-0.758974369,1.3868134491,0.9015688091,0.0078421871,0.462130144,,1.0634148004,0.0662671,-0.30450707,0.0838771007,1,1,1,1,1,1,0,1,1,1,1,10,0.1,0.3161158295,0.013108,0.533730,0.5677177848
180101,,-0.792278259,-0.474465736,0.4938384906,,-0.530998915,,-0.854446069,,,-0.599837257,0,1,1,1,0,1,0,1,0,0,1,6,0.1666666667,-0.459697958,0.013108,0.533730,-0.885851876
180102,0.2469683328,0.8443700673,0.3552082402,1.3092991276,-0.471883325,-1.822066692,-0.653469947,-0.116807273,0.3583080533,-1.003820104,0.0838771007,1,1,1,1,1,1,1,1,1,1,1,11,0.0909090909,-0.079092402,0.013108,0.533730,-0.172746878
180103,-0.478515903,0.6921237113,0.100599295,0.4938384906,-2.63064813,0.2635043322,-0.991838702,0.6208315229,-0.590825045,0.9775668235,0.0838771007,1,1,1,1,1,1,1,1,1,1,1,11,0.0909090909,-0.132680591,0.013108,0.533730,-0.273150052
180104,1.1221556646,1.0013741218,0.7634605143,3.1440855607,2.4064697483,-0.133747291,,1.3584703187,1.2344309131,-0.654163587,0.4257342795,1,1,1,1,1,1,0,1,1,1,1,10,0.1,1.0668270243,0.013108,0.533730,1.974255068
180105,,-2.176768558,-2.506947488,,,-1.62344088,,-2.32972366,,,,0,1,1,0,0,1,0,1,0,0,0,4,0.25,-2.159220147,0.013108,0.533730,-4.07008749
180115,,-1.077740176,-0.369110311,-0.831285044,,-0.034434386,,1.0634148004,,,,0,1,1,1,0,1,0,1,0,0,0,5,0.2,-0.249831023,0.013108,0.533730,-0.492643849
180116,,-1.139590258,-0.320822407,1.0035013887,,-0.828937633,,-0.116807273,,,1.1094486371,0,1,1,1,0,1,0,1,0,0,1,6,0.1666666667,-0.048867924,0.013108,0.533730,-0.116118105
180124,-2.159796829,-0.230869821,0.2893610992,0.2899733314,,-0.530998915,-1.668576211,-1.149501587,,,0.0838771007,1,1,1,1,0,1,1,1,0,0,1,8,0.125,-0.634566479,0.013108,0.533730,-1.213486653
180127,-0.668523679,-0.816066752,-0.579821162,-0.525487306,,-1.921379598,,-0.706918309,,,-0.599837257,1,1,1,1,0,1,0,1,0,0,1,7,0.1428571429,-0.831147723,0.013108,0.533730,-1.581802526
180128,,0.8063084783,0.4693432846,-1.646745681,,0.6607559558,,-0.854446069,,,0.0838771007,0,1,1,1,0,1,0,1,0,0,1,6,0.1666666667,-0.080151155,0.013108,0.533730,-0.174730565
180130,1.2833743836,0.9728279301,-0.066213462,2.4305575034,1.9267442361,-1.12687635,-1.837760589,0.9158870412,,,0.4257342795,1,1,1,1,1,1,1,1,0,0,1,9,0.1111111111,0.5471416636,0.013108,0.533730,1.0005692612
180132,-0.67428149,-1.291836614,-0.579821162,0.9015688091,,0.0648785204,,-0.55939055,,,-0.941694436,1,1,1,1,0,1,0,1,0,0,1,7,0.1428571429,-0.440082418,0.013108,0.533730,-0.849100075
180138,,1.3344130254,1.5097281123,0.1880407518,,-0.133747291,,0.1782482455,-0.736845521,0.627910307,0.7675914583,0,1,1,1,0,1,0,1,1,1,1,8,0.125,0.4669173859,0.013108,0.533730,0.8502605428
180139,,-0.230869821,-0.751023729,,,-0.828937633,,-1.592084864,,,,0,1,1,0,0,1,0,1,0,0,0,4,0.25,-0.850729012,0.013108,0.533730,-1.618490153
180141,,0.4923003692,0.7810197519,-1.748678261,,-0.729624727,,-0.411862791,1.0884104365,-0.187954898,-1.625408793,0,1,1,1,0,1,0,1,1,1,1,8,0.125,-0.292724864,0.013108,0.533730,-0.573010023
180143,,1.0156472177,0.539580235,0.7996362295,,,-2.514498098,-0.116807273,-1.320927428,-0.887267931,-0.599837257,0,1,1,1,0,0,1,1,1,1,1,8,0.125,-0.385559288,0.013108,0.533730,-0.746945192
180149,,,1.5536262063,,,,,-0.264335032,,,,0,0,1,0,0,0,0,1,0,0,0,2,0.5,0.6446455871,0.013108,0.533730,1.1832532343
180154,,0.8491277659,-1.497291326,,,,,-0.411862791,,,,0,1,1,0,0,0,0,1,0,0,0,3,0.3333333333,-0.353342117,0.013108,0.533730,-0.686582895
181301,,1.5485094634,1.8784721018,-0.525487306,,0.2635043322,,0.1782482455,,,,0,1,1,1,0,1,0,1,0,0,0,5,0.2,0.6686493675,0.013108,0.533730,1.2282268703
181302,,,-0.878328201,0.1880407518,,,,0.1782482455,,,,0,0,1,1,0,0,0,1,0,0,0,3,0.3333333333,-0.170679735,0.013108,0.533730,-0.344345489
181304,,,,,,,,0.0307204863,,,0.0838771007,0,0,0,0,0,0,0,1,0,0,1,2,0.5,0.0572987935,0.013108,0.533730,0.0827965351
181305,,,-1.993339789,,,,,-0.411862791,,,,0,0,1,0,0,0,0,1,0,0,0,2,0.5,-1.20260129,0.013108,0.533730,-2.277760298
181306,,,-0.140840222,-0.933217624,,,,0.1782482455,,,,0,0,1,1,0,0,0,1,0,0,0,3,0.3333333333,-0.2986032,0.013108,0.533730,-0.584023711
181307,,,0.363987859,,,,,-0.264335032,,,,0,0,1,0,0,0,0,1,0,0,0,2,0.5,0.0498264135,0.013108,0.533730,0.0687962363
181308,,,,-0.219689567,,,,-0.411862791,,,,0,0,0,1,0,0,0,1,0,0,0,2,0.5,-0.315776179,0.013108,0.533730,-0.616199113
181309,,1.0251626149,0.4693432846,,,-0.828937633,,-0.264335032,,,,0,1,1,0,0,1,0,1,0,0,0,4,0.25,0.1003083087,0.013108,0.533730,0.1633794371
181310,,,,,,,,-0.411862791,,,,0,0,0,0,0,0,0,1,0,0,0,1,1,-0.411862791,0.013108,0.533730,-0.796227603
181311,,,,-0.525487306,,,,,,,,0,0,0,1,0,0,0,0,0,0,0,1,1,-0.525487306,0.013108,0.533730,-1.009115218
181314,,,,0.0861081721,,,,,,,,0,0,0,1,0,0,0,0,0,0,0,1,1,0.0861081721,0.013108,0.533730,0.1367739707
181315,,,0.5351904256,,,,,-0.116807273,,,,0,0,1,0,0,0,0,1,0,0,0,2,0.5,0.2091915764,0.013108,0.533730,0.367383822
181316,,,,,,,,0.0307204863,,,,0,0,0,0,0,0,0,1,0,0,0,1,1,0.0307204863,0.013108,0.533730,0.0329992492
181317,,,-1.514850564,,,,,0.1782482455,,,,0,0,1,0,0,0,0,1,0,0,0,2,0.5,-0.668301159,0.013108,0.533730,-1.276692165
181318,,-0.054834972,0.0610910104,-0.015824407,,,,-0.854446069,0.1392773383,-0.654163587,0.4257342795,0,1,1,1,0,0,0,1,1,1,1,7,0.1428571429,-0.13616663,0.013108,0.533730,-0.279681516
181319,,0.8158238755,-0.711515444,,,-0.729624727,,-0.264335032,,,,0,1,1,0,0,1,0,1,0,0,0,4,0.25,-0.222412832,0.013108,0.533730,-0.44127295
181320,,,0.9873407937,0.5957710702,,0.3628172381,,0.1782482455,,,,0,0,1,1,0,1,0,1,0,0,0,4,0.25,0.5310443369,0.013108,0.533730,0.9704092072
181321,,,0.4254451906,-0.321622146,,-0.332373103,,0.3257760046,,,,0,0,1,1,0,1,0,1,0,0,0,4,0.25,0.0243064864,0.013108,0.533730,0.0209819381
181322,,,,-0.117756987,,,,,,,,0,0,0,1,0,0,0,0,0,0,0,1,1,-0.117756987,0.013108,0.533730,-0.245189092
181323,,,0.6668847075,-1.035150204,,0.9586946735,,0.6208315229,,,-1.283551615,0,0,1,1,0,1,0,1,0,0,1,5,0.2,-0.014458183,0.013108,0.533730,-0.051647794
181324,,,-2.594743676,0.4938384906,,,,-0.55939055,,,,0,0,1,1,0,0,0,1,0,0,0,3,0.3333333333,-0.886765245,0.013108,0.533730,-1.68600787
181325,,,,,,,,0.6208315229,,,,0,0,0,0,0,0,0,1,0,0,0,1,1,0.6208315229,0.013108,0.533730,1.1386350517
181327,,,1.3209663081,-0.729352465,,-0.133747291,,-0.706918309,,,0.4257342795,0,0,1,1,0,1,0,1,0,0,1,5,0.2,0.0353365044,0.013108,0.533730,0.0416478501
181328,,,-1.734341034,-0.015824407,,1.0580075794,,-0.706918309,,,,0,0,1,1,0,1,0,1,0,0,0,4,0.25,-0.349769043,0.013108,0.533730,-0.67988836
181329,,-0.111927356,0.363987859,0.1880407518,,,,-0.264335032,,,0.7675914583,0,1,1,1,0,0,0,1,0,0,1,5,0.2,0.1886715362,0.013108,0.533730,0.3289373439
181330,,,0.7283420391,,,,,0.6208315229,,,,0,0,1,0,0,0,0,1,0,0,0,2,0.5,0.674586781,0.013108,0.533730,1.2393512462
181331,,,,,,,,-0.116807273,,,,0,0,0,0,0,0,0,1,0,0,0,1,1,-0.116807273,0.013108,0.533730,-0.243409701
181332,,,-1.023191911,0.2899733314,,,,-0.264335032,,,,0,0,1,1,0,0,0,1,0,0,0,3,0.3333333333,-0.332517871,0.013108,0.533730,-0.647566453
190002,-1.019750174,0.078380589,0.4122757624,-0.423554726,-1.551265728,1.0580075794,2.0534800899,0.3257760046,-0.37179433,0.3948059626,0.4257342795,1,1,1,1,1,1,1,1,1,1,1,11,0.0909090909,0.1256450282,0.013108,0.533730,0.2108504764
190004,0.7651713582,0.078380589,0.8117484177,-0.117756987,0.8473618335,0.7600688617,,0.9158870412,0.9423899598,-0.071402726,0.0838771007,1,1,1,1,1,1,0,1,1,1,1,10,0.1,0.5015725449,0.013108,0.533730,0.9151906697
190005,,0.4685118761,1.8521332454,0.2899733314,,,,-0.706918309,1.0154001981,-1.936237481,0.0838771007,0,1,1,1,0,0,0,1,1,1,1,7,0.1428571429,0.152391423,0.013108,0.533730,0.2609626924
190006,,0.0736228904,-2.49377806,0.0861081721,,,,0.0307204863,-0.152763615,0.3948059626,,0,1,1,1,0,0,0,1,1,1,0,6,0.1666666667,-0.343547361,0.013108,0.533730,-0.668231376
190007,,-0.040561877,-1.659714274,-0.219689567,,-0.133747291,,-0.706918309,-0.006743138,0.0451494461,0.0838771007,0,1,1,1,0,1,0,1,1,1,1,8,0.125,-0.329793489,0.013108,0.533730,-0.642462034
190008,1.0127572481,-0.730428177,-0.263754885,-0.321622146,0.6074990774,2.2497624502,-0.991838702,0.9158870412,-1.68597862,-1.470028792,1.1094486371,1,1,1,1,1,1,1,1,1,1,1,11,0.0909090909,0.0392457393,0.013108,0.533730,0.0489722175
190011,,0.0545920959,1.4789994465,-1.137082783,,,,-0.854446069,1.0154001981,-0.071402726,,0,1,1,1,0,0,0,1,1,1,0,6,0.1666666667,0.0810100271,0.013108,0.533730,0.1272220536
190013,,0.8110661769,0.276191671,0.7996362295,,0.5614430499,1.0383738259,1.8010535961,0.5773387682,0.1617016183,0.0838771007,0,1,1,1,0,1,1,1,1,1,1,9,0.1111111111,0.6789646707,0.013108,0.533730,1.2475536883
190014,,-0.078623466,0.0259725352,0.4938384906,,-0.828937633,,-0.116807273,,,,0,1,1,1,0,1,0,1,0,0,0,5,0.2,-0.100911469,0.013108,0.533730,-0.213627222
190015,-1.244304818,-0.392631575,-0.421788024,0.2899733314,0.8473618335,-1.325502162,,-1.739612624,1.0884104365,0.5113581348,-0.257980078,1,1,1,1,1,1,0,1,1,1,1,10,0.1,-0.264471554,0.013108,0.533730,-0.520074441
190017,0.3736401835,1.0917703956,-0.66761735,0.391905911,,1.3559462971,0.3616363166,-1.001973828,0.5043285299,-1.703133137,0.4257342795,1,1,1,1,0,1,1,1,1,1,1,10,0.1,0.1132237599,0.013108,0.533730,0.1875779089
190019,-0.75489085,-0.549635629,0.7854095613,0.2899733314,-0.831677459,-0.928250539,,-0.706918309,0.6503490066,-1.120372276,-0.257980078,1,1,1,1,1,1,0,1,1,1,1,10,0.1,-0.342399324,0.013108,0.533730,-0.666080408
190020,0.6097104506,1.0346780122,-1.110988099,1.1054339683,,0.462130144,-0.822654325,0.3257760046,,,,1,1,1,1,0,1,1,1,0,0,0,7,0.1428571429,0.2291551651,0.013108,0.533730,0.4047877292
190025,,,0.495682141,-0.219689567,,,,-0.411862791,0.1392773383,-1.120372276,,0,0,1,1,0,0,0,1,1,1,0,5,0.2,-0.223393031,0.013108,0.533730,-0.443109458
190026,-1.958273431,-0.254658315,-1.497291326,-0.729352465,2.1666069922,0.6607559558,,-1.444557105,,,0.0838771007,1,1,1,1,1,1,0,1,0,0,1,8,0.125,-0.371611574,0.013108,0.533730,-0.720812666
190027,-0.420937789,1.0204049163,0.6932235639,-0.831285044,-1.311402972,-1.027563445,,0.3257760046,,,1.1094486371,1,1,1,1,1,1,0,1,0,0,1,8,0.125,-0.055292016,0.013108,0.533730,-0.128154324
190034,,-1.206198039,1.4438809713,0.391905911,,,,0.3257760046,,,-1.625408793,0,1,1,1,0,0,0,1,0,0,1,5,0.2,-0.134008789,0.013108,0.533730,-0.275638572
190036,-0.075469105,-0.654304999,-0.171568888,2.2266923441,0.4875676993,-0.332373103,-0.48428557,-2.477251419,1.1614206748,-0.30450707,0.4257342795,1,1,1,1,1,1,1,1,1,1,1,11,0.0909090909,-0.018031378,0.013108,0.533730,-0.058342555
190039,,-0.559151026,0.4693432846,-0.219689567,,1.1573204853,,0.3257760046,-0.079753377,1.3272233401,0.7675914583,0,1,1,1,0,1,0,1,1,1,1,8,0.125,0.3985825754,0.013108,0.533730,0.7222280059
190040,-0.449726846,-1.415536779,0.4473942376,-0.627419885,0.0078421871,-0.034434386,,-1.444557105,-0.590825045,-0.30450707,0.4257342795,1,1,1,1,1,1,0,1,1,1,1,10,0.1,-0.398603641,0.013108,0.533730,-0.771385175
190041,-0.104258162,0.6112428347,-0.127670794,-0.015824407,-2.63064813,-0.530998915,0.8691894486,-1.149501587,0.6503490066,0.627910307,0.4257342795,1,1,1,1,1,1,1,1,1,1,1,11,0.0909090909,-0.124952374,0.013108,0.533730,-0.258670416
190044,,0.6350313279,-0.070603272,-0.831285044,,0.2635043322,0.3616363166,1.2109425595,-0.80985576,0.3948059626,1.1094486371,0,1,1,1,0,1,1,1,1,1,1,9,0.1111111111,0.2515138956,0.013108,0.533730,0.4466791892
190045,0.776686981,0.1925653559,0.2630222428,0.9015688091,-1.551265728,0.3628172381,,0.6208315229,,,0.0838771007,1,1,1,1,1,1,0,1,0,0,1,8,0.125,0.2062629403,0.013108,0.533730,0.3618967109
190046,-0.017890991,-0.516331739,-1.953831504,0.2899733314,-0.471883325,0.0648785204,0.1924519392,-0.55939055,0.7963694832,0.9775668235,0.7675914583,1,1,1,1,1,1,1,1,1,1,1,11,0.0909090909,-0.03913605,0.013108,0.533730,-0.097884403
190050,,0.0878959862,0.8161382271,1.1054339683,,0.0648785204,,-0.411862791,,,0.4257342795,0,1,1,1,0,1,0,1,0,0,1,6,0.1666666667,0.3480363651,0.013108,0.533730,0.6275243038
190053,,-2.019764504,-0.272534504,-1.442880522,,0.0648785204,,0.0307204863,,,0.4257342795,0,1,1,1,0,1,0,1,0,0,1,6,0.1666666667,-0.535641041,0.013108,0.533730,-1.02813932
190054,-0.939140814,1.0822549984,1.1453739321,-1.035150204,,0.3628172381,0.3616363166,0.4733037638,0.5773387682,-0.654163587,0.0838771007,1,1,1,1,0,1,1,1,1,1,1,10,0.1,0.1458147513,0.013108,0.533730,0.2486405983
190060,1.2661009494,0.2211115477,1.0092898407,-0.729352465,0.7274304554,1.0580075794,,-0.264335032,-0.225773853,-1.35347662,0.7675914583,1,1,1,1,1,1,0,1,1,1,1,10,0.1,0.2476593861,0.013108,0.533730,0.4394573557
190064,0.2815152012,0.544635054,0.4561738564,-0.627419885,2.0466756141,2.5477011679,,0.4733037638,0.285297815,0.3948059626,0.0838771007,1,1,1,1,1,1,0,1,1,1,1,10,0.1,0.648656565,0.013108,0.533730,1.1907682281
190065,2.1758351495,0.506573465,0.320089765,0.2899733314,0.8473618335,0.8593817676,-1.161023079,-0.116807273,0.285297815,-0.654163587,-1.283551615,1,1,1,1,1,1,1,1,1,1,1,11,0.0909090909,0.1880879612,0.013108,0.533730,0.327843954
190079,,,,0.391905911,,,,-0.116807273,,,,0,0,0,1,0,0,0,1,0,0,0,2,0.5,0.1375493191,0.013108,0.533730,0.2331544317
190086,1.1394290988,0.4827849719,1.2682885953,0.2899733314,,-0.233060197,,-0.411862791,,,0.4257342795,1,1,1,1,0,1,0,1,0,0,1,7,0.1428571429,0.4230410412,0.013108,0.533730,0.7680535434
190088,,-1.006374697,0.1269381514,-0.015824407,,,,0.7683592821,,,,0,1,1,1,0,0,0,1,0,0,0,4,0.25,-0.031725418,0.013108,0.533730,-0.083999795
190090,,,-0.233026219,,,0.6607559558,,-0.264335032,,,,0,0,1,0,0,1,0,1,0,0,0,3,0.3333333333,0.0544649015,0.013108,0.533730,0.0774869369
190098,,2.0195216271,0.3069203368,-0.117756987,,1.0580075794,,-0.411862791,-0.079753377,-0.071402726,-0.599837257,0,1,1,1,0,1,0,1,1,1,1,8,0.125,0.2629795507,0.013108,0.533730,0.4681613138
190099,,-0.497300944,-0.105721747,0.1880407518,,0.462130144,,-2.034668142,,,,0,1,1,1,0,1,0,1,0,0,0,5,0.2,-0.397503987,0.013108,0.533730,-0.769324856
190102,0.2066636531,-0.768489766,-0.224246601,-0.219689567,-1.311402972,0.9586946735,,-0.411862791,-1.028886475,-2.40244617,0.7675914583,1,1,1,1,1,1,0,1,1,1,1,10,0.1,-0.443407456,0.013108,0.533730,-0.855329887
190106,,-0.126200452,-2.116254452,-0.219689567,,,,0.4733037638,,,,0,1,1,1,0,0,0,1,0,0,0,4,0.25,-0.497210177,0.013108,0.533730,-0.956135009
190111,-0.806711152,0.4637541774,-0.197907744,0.1880407518,-0.711746081,1.7531979207,0.8691894486,-1.149501587,-0.444804568,1.0941189957,0.4257342795,1,1,1,1,1,1,1,1,1,1,1,11,0.0909090909,0.1348513128,0.013108,0.533730,0.22809943
190114,,-1.524963847,0.4825127128,0.0861081721,,,,-0.116807273,,,,0,1,1,1,0,0,0,1,0,0,0,4,0.25,-0.268287559,0.013108,0.533730,-0.527224131
190116,,-0.216596726,-1.852865888,-0.321622146,,,,-0.116807273,,,,0,1,1,1,0,0,0,1,0,0,0,4,0.25,-0.626973008,0.013108,0.533730,-1.199259477
190118,,0.7444583962,-0.751023729,-0.729352465,,,,-1.149501587,,,,0,1,1,1,0,0,0,1,0,0,0,4,0.25,-0.471354846,0.013108,0.533730,-0.907692296
190125,0.2699995784,0.406661794,0.3552082402,-0.729352465,0.3676363213,0.3628172381,,-0.116807273,-1.028886475,0.5113581348,0.4257342795,1,1,1,1,1,1,0,1,1,1,1,10,0.1,0.0824369374,0.013108,0.533730,0.1298955218
190128,,,,0.391905911,,,,-0.264335032,0.5773387682,-0.887267931,0.7675914583,0,0,0,1,0,0,0,1,1,1,1,5,0.2,0.1170466348,0.013108,0.533730,0.1947404718
190133,,,-1.967000932,,,,,0.1782482455,,,,0,0,1,0,0,0,0,1,0,0,0,2,0.5,-0.894376343,0.013108,0.533730,-1.700268072
190140,,-0.321266095,0.2191241488,0.4938384906,,,,-0.854446069,,,,0,1,1,1,0,0,0,1,0,0,0,4,0.25,-0.115687381,0.013108,0.533730,-0.241311465
190144,,-0.411662369,0.9434426997,-0.321622146,,-0.034434386,,0.1782482455,,,-0.599837257,0,1,1,1,0,1,0,1,0,0,1,6,0.1666666667,-0.040977535,0.013108,0.533730,-0.101334622
190145,,-0.135715849,-0.544702687,,,,,-0.264335032,,,,0,1,1,0,0,0,0,1,0,0,0,3,0.3333333333,-0.314917856,0.013108,0.533730,-0.614590954
190151,,0.8205815741,1.0005102219,-0.117756987,,,,-0.55939055,,,,0,1,1,1,0,0,0,1,0,0,0,4,0.25,0.2859860647,0.013108,0.533730,0.5112664651
190160,-0.685797113,-0.597212615,0.0479215822,-0.627419885,-1.43133435,-0.034434386,0.1924519392,-2.477251419,,,-0.257980078,1,1,1,1,1,1,1,1,0,0,1,9,0.1111111111,-0.652339592,0.013108,0.533730,-1.24678647
190164,,0.5779389444,1.7028797258,-0.525487306,,-0.034434386,,0.1782482455,,,-0.599837257,0,1,1,1,0,1,0,1,0,0,1,6,0.1666666667,0.2165513279,0.013108,0.533730,0.3811730995
190167,,0.7825199852,0.4473942376,-0.627419885,,1.3559462971,,0.3257760046,,,0.0838771007,0,1,1,1,0,1,0,1,0,0,1,6,0.1666666667,0.39468229,0.013108,0.533730,0.7149204063
190176,-1.699171918,-0.502058643,0.232293577,-1.95254342,-0.351951947,-1.027563445,0.8691894486,-1.739612624,0.5043285299,-0.187954898,-0.599837257,1,1,1,1,1,1,1,1,1,1,1,11,0.0909090909,-0.586807509,0.013108,0.533730,-1.124005142
190183,,-1.891306641,0.6712745169,-1.442880522,,,,0.6208315229,0.5773387682,0.3948059626,-1.283551615,0,1,1,1,0,0,0,1,1,1,1,7,0.1428571429,-0.336212572,0.013108,0.533730,-0.65448887
190184,,-0.877916834,-1.975780551,-0.729352465,,1.1573204853,,-0.264335032,,,,0,1,1,1,0,1,0,1,0,0,0,5,0.2,-0.538012879,0.013108,0.533730,-1.032583213
190190,,0.758731492,,,,,,-0.854446069,,,,0,1,0,0,0,0,0,1,0,0,0,2,0.5,-0.047857288,0.013108,0.533730,-0.11422457
190201,,,,-1.035150204,,,,0.1782482455,0.285297815,-2.052789653,0.0838771007,0,0,0,1,0,0,0,1,1,1,1,5,0.2,-0.508103339,0.013108,0.533730,-0.976544507
190202,1.1509447216,0.3400540132,0.5132413786,0.9015688091,,0.0648785204,,0.7683592821,-1.393937666,-0.421059243,-0.257980078,1,1,1,1,0,1,0,1,1,1,1,9,0.1111111111,0.1851188598,0.013108,0.533730,0.3222810266
190208,,,,,,-2.517257033,,-2.32972366,,,,0,0,0,0,0,1,0,1,0,0,0,2,0.5,-2.423490347,0.013108,0.533730,-4.565225823
190218,,,0.5571394726,,,,,0.0307204863,,,,0,0,1,0,0,0,0,1,0,0,0,2,0.5,0.2939299794,0.013108,0.533730,0.5261502345
190241,,,,0.391905911,,,,,,,1.1094486371,0,0,0,1,0,0,0,0,0,0,1,2,0.5,0.7506772741,0.013108,0.533730,1.3819148793
190245,,,,-1.035150204,,,,-0.116807273,,,0.4257342795,0,0,0,1,0,0,0,1,0,0,1,3,0.3333333333,-0.242074399,0.013108,0.533730,-0.478110988
190251,,,,,,,0.3616363166,-0.116807273,,,0.4257342795,0,0,0,0,0,0,1,1,0,0,1,3,0.3333333333,0.2235211077,0.013108,0.533730,0.3942317234
190255,,,,-0.321622146,,,,,,,1.4513058159,0,0,0,1,0,0,0,0,0,0,1,2,0.5,0.5648418348,0.013108,0.533730,1.0337324149
190256,,,,,,,-0.145916815,-0.116807273,,,-4.018409045,0,0,0,0,0,0,1,1,0,0,1,3,0.3333333333,-1.427044378,0.013108,0.533730,-2.698278299
190259,,,,,,,0.0232675619,0.9158870412,,,-0.599837257,0,0,0,0,0,0,1,1,0,0,1,3,0.3333333333,0.1131057821,0.013108,0.533730,0.1873568648
190266,,,,,,,,1.0634148004,,,0.7675914583,0,0,0,0,0,0,0,1,0,0,1,2,0.5,0.9155031293,0.013108,0.533730,1.6907336532
190267,,,,,,,0.1924519392,1.0634148004,,,0.4257342795,0,0,0,0,0,0,1,1,0,0,1,3,0.3333333333,0.560533673,0.013108,0.533730,1.0256606155
190270,,,,,,,,0.0307204863,,,0.0838771007,0,0,0,0,0,0,0,1,0,0,1,2,0.5,0.0572987935,0.013108,0.533730,0.0827965351
190274,-1.820085957,0.4970580678,0.3727674778,-1.239015363,,0.1641914263,,0.3257760046,0.7233592449,0.0451494461,0.0838771007,1,1,1,1,0,1,0,1,1,1,1,9,0.1111111111,-0.094102506,0.013108,0.533730,-0.200869905
190278,,,,,,,-0.48428557,0.9158870412,,,0.0838771007,0,0,0,0,0,0,1,1,0,0,1,3,0.3333333333,0.1718261906,0.013108,0.533730,0.2973757969
190298,,,,-0.321622146,,,-2.176129343,0.0307204863,,,0.7675914583,0,0,0,1,0,0,1,1,0,0,1,4,0.25,-0.424859886,0.013108,0.533730,-0.820579043
190303,,,,0.2899733314,,,0.1924519392,0.3257760046,,,0.4257342795,0,0,0,1,0,0,1,1,0,0,1,4,0.25,0.3084838887,0.013108,0.533730,0.5534185317
190308,,0.5208465609,1.6633714412,0.2899733314,,,,-0.116807273,,,,0,1,1,1,0,0,0,1,0,0,0,4,0.25,0.5893460152,0.013108,0.533730,1.0796436035
190312,,0.2068384518,2.133081047,-0.321622146,,0.462130144,,-0.116807273,,,,0,1,1,1,0,1,0,1,0,0,0,5,0.2,0.4727240447,0.013108,0.533730,0.8611399358
190313,,,,0.1880407518,,,,-0.411862791,,,,0,0,0,1,0,0,0,1,0,0,0,2,0.5,-0.11191102,0.013108,0.533730,-0.23423605
190316,,-0.540120232,0.6405458511,,,,,0.0307204863,,,,0,1,1,0,0,0,0,1,0,0,0,3,0.3333333333,0.0437153685,0.013108,0.533730,0.0573465434
190317,,,,,,,,,0.8693797215,0.7444624792,0.0838771007,0,0,0,0,0,0,0,0,1,1,1,3,0.3333333333,0.5659064338,0.013108,0.533730,1.0357270543
190318,,-1.206198039,0.1576668172,-0.831285044,,0.462130144,,1.0634148004,,,-0.257980078,0,1,1,1,0,1,0,1,0,0,1,6,0.1666666667,-0.1020419,0.013108,0.533730,-0.215745205
19043F,,-0.349812287,,,,,,1.2109425595,,,,0,1,0,0,0,0,0,1,0,0,0,2,0.5,0.4305651362,0.013108,0.533730,0.7821507359
19047F,-1.20975795,0.5922120402,-1.17683524,,,-1.822066692,,-0.854446069,,,,1,1,1,0,0,1,0,1,0,0,0,5,0.2,-0.894178782,0.013108,0.533730,-1.69989792
19048F,-0.351844052,0.3400540132,0.276191671,,,-0.530998915,-1.161023079,-0.116807273,,,,1,1,1,0,0,1,1,1,0,0,0,6,0.1666666667,-0.257404606,0.013108,0.533730,-0.506833761
191300,,,,,,,,,,,,0,0,0,0,0,0,0,0,0,0,0,0,,,0.013108,0.533730,
191301,,,0.3683776684,,,,,-0.55939055,,,,0,0,1,0,0,0,0,1,0,0,0,2,0.5,-0.095506441,0.013108,0.533730,-0.203500327
191302,,-2.44795738,1.8653026736,,,,,-0.116807273,,,,0,1,1,0,0,0,0,1,0,0,0,3,0.3333333333,-0.233153993,0.013108,0.533730,-0.461397658
191304,,-0.816066752,0.3595980496,,,,,-0.116807273,,,,0,1,1,0,0,0,0,1,0,0,0,3,0.3333333333,-0.191091992,0.013108,0.533730,-0.382590025
191305,,,,-0.729352465,,,,-0.264335032,,,,0,0,0,1,0,0,0,1,0,0,0,2,0.5,-0.496843748,0.013108,0.533730,-0.955448466
191306,,,,,,,,,,,,0,0,0,0,0,0,0,0,0,0,0,0,,,0.013108,0.533730,
191307,,,,,,,,,,,,0,0,0,0,0,0,0,0,0,0,0,0,,,0.013108,0.533730,
191309,,,,,,,,,,,,0,0,0,0,0,0,0,0,0,0,0,0,,,0.013108,0.533730,
191310,,,0.7415114673,,,,,0.3257760046,,,,0,0,1,0,0,0,0,1,0,0,0,2,0.5,0.533643736,0.013108,0.533730,0.9752794579
191311,,,,,,,,,,,,0,0,0,0,0,0,0,0,0,0,0,0,,,0.013108,0.533730,
191312,,0.040319,0.9697815561,,,1.0580075794,,-0.854446069,,,,0,1,1,0,0,1,0,1,0,0,0,4,0.25,0.3034155167,0.013108,0.533730,0.5439223977
191313,,,0.8907649869,-0.219689567,,,,-0.854446069,,,,0,0,1,1,0,0,0,1,0,0,0,3,0.3333333333,-0.061123549,0.013108,0.533730,-0.139080322
191315,,-1.610602422,-0.96173458,,,0.0648785204,,0.4733037638,,,,0,1,1,0,0,1,0,1,0,0,0,4,0.25,-0.508538679,0.013108,0.533730,-0.977360164
191316,,,,0.2899733314,,,,-0.116807273,,,,0,0,0,1,0,0,0,1,0,0,0,2,0.5,0.0865830293,0.013108,0.533730,0.137663666
191317,,,-0.017925559,0.4938384906,,,,-0.116807273,,,,0,0,1,1,0,0,0,1,0,0,0,3,0.3333333333,0.1197018863,0.013108,0.533730,0.1997153679
191318,,0.7634891907,-1.589477324,,,0.8593817676,,-1.149501587,,,,0,1,1,0,0,1,0,1,0,0,0,4,0.25,-0.279026988,0.013108,0.533730,-0.547345595
191320,,,,,,,,,,,,0,0,0,0,0,0,0,0,0,0,0,0,,,0.013108,0.533730,
191321,,,,-1.035150204,,,,,,,,0,0,0,1,0,0,0,0,0,0,0,1,1,-1.035150204,0.013108,0.533730,-1.964022875
191322,,,0.9390528903,-0.219689567,,,,0.4733037638,,,,0,0,1,1,0,0,0,1,0,0,0,3,0.3333333333,0.3975556958,0.013108,0.533730,0.7203040377
191323,,-0.169019739,-0.566651734,-1.544813102,,,,-0.264335032,,,,0,1,1,1,0,0,0,1,0,0,0,4,0.25,-0.636204902,0.013108,0.533730,-1.216556412
191324,,,0.100599295,0.391905911,,,,0.6208315229,,,,0,0,1,1,0,0,0,1,0,0,0,3,0.3333333333,0.371112243,0.013108,0.533730,0.6707594158
191325,,,,,,,,,,,,0,0,0,0,0,0,0,0,0,0,0,0,,,0.013108,0.533730,
191326,,,,,,,,,,,,0,0,0,0,0,0,0,0,0,0,0,0,,,0.013108,0.533730,
200001,,-0.230869821,-1.497291326,-0.627419885,,-0.828937633,0.7000050712,-0.854446069,,,-0.599837257,0,1,1,1,0,1,1,1,0,0,1,7,0.1428571429,-0.562685274,0.013108,0.533730,-1.078809569
200008,,-0.773247464,-0.233026219,-0.831285044,,0.8593817676,,0.7683592821,0.8693797215,0.0451494461,1.4513058159,0,1,1,1,0,1,0,1,1,1,1,8,0.125,0.2695021631,0.013108,0.533730,0.4803821221
200009,0.2124214645,-0.183292835,0.1620566266,0.9015688091,1.5669501019,-0.133747291,0.8691894486,2.0961091144,0.9423899598,0.2782537905,1.1094486371,1,1,1,1,1,1,1,1,1,1,1,11,0.0909090909,0.7110316205,0.013108,0.533730,1.30763453
200018,,-0.568666424,1.5492363969,-0.831285044,,0.1641914263,,1.3584703187,0.7233592449,-1.470028792,-0.941694436,0,1,1,1,0,1,0,1,1,1,1,8,0.125,-0.002052164,0.013108,0.533730,-0.028403797
200019,1.1048822304,0.8110661769,-0.026705178,-1.646745681,,1.3559462971,,0.7683592821,,,1.1094486371,1,1,1,1,0,1,0,1,0,0,1,7,0.1428571429,0.4966073949,0.013108,0.533730,0.9058879331
200020,,0.330538616,-0.15839946,-0.015824407,,0.1641914263,,0.9158870412,0.5773387682,-0.537611415,0.4257342795,0,1,1,1,0,1,0,1,1,1,1,8,0.125,0.2127318562,0.013108,0.533730,0.3740169128
200021,,0.6255159306,0.2893610992,0.391905911,,-0.332373103,-0.653469947,-0.116807273,,,0.0838771007,0,1,1,1,0,1,1,1,0,0,1,7,0.1428571429,0.0411442454,0.013108,0.533730,0.0525292708
200024,1.421561857,1.4105362034,1.6238631566,-0.831285044,0.6074990774,0.7600688617,,0.4733037638,0.6503490066,0.3948059626,0.4257342795,1,1,1,1,1,1,0,1,1,1,1,10,0.1,0.6936437124,0.013108,0.533730,1.2750564344
200031,,-1.605844723,-0.751023729,-0.117756987,,-0.034434386,,0.3257760046,0.285297815,0.1617016183,0.7675914583,0,1,1,1,0,1,0,1,1,1,1,8,0.125,-0.121086616,0.013108,0.533730,-0.251427506
200033,1.450350914,0.9014624507,0.8732057493,1.8189620256,1.806812858,0.5614430499,0.1924519392,3.1288034285,0.8693797215,-0.071402726,-0.257980078,1,1,1,1,1,1,1,1,1,1,1,11,0.0909090909,1.0248626666,0.013108,0.533730,1.8956303798
200034,,1.9529138464,0.0084132976,-0.015824407,,,,0.3257760046,1.0154001981,-0.421059243,-0.941694436,0,1,1,1,0,0,0,1,1,1,1,7,0.1428571429,0.2748464658,0.013108,0.533730,0.4903952417
200039,,0.2782039311,0.4386146188,0.4938384906,,-0.729624727,,1.9485813553,1.3074411514,-1.586580964,0.0838771007,0,1,1,1,0,1,0,1,1,1,1,8,0.125,0.2792938696,0.013108,0.533730,0.4987279258
20003F,,0.0736228904,0.0962094856,,,0.1641914263,0.1924519392,0.9158870412,,,,0,1,1,0,0,1,1,1,0,0,0,5,0.2,0.2884725565,0.013108,0.533730,0.5159251722
200041,,0.2401423422,-0.452516689,0.5957710702,,,,1.3584703187,,,-0.257980078,0,1,1,1,0,0,0,1,0,0,1,5,0.2,0.2967773927,0.013108,0.533730,0.5314851662
200050,,-0.140473548,0.1488871984,-0.933217624,,,,0.6208315229,-0.955876236,0.1617016183,0.4257342795,0,1,1,1,0,0,0,1,1,1,1,7,0.1428571429,-0.09605897,0.013108,0.533730,-0.204535549
200052,,0.2068384518,-0.382279739,0.9015688091,,,,0.9158870412,-0.444804568,-0.187954898,0.0838771007,0,1,1,1,0,0,0,1,1,1,1,7,0.1428571429,0.1561617425,0.013108,0.533730,0.268026787
200063,,-1.691483299,-2.537676154,0.391905911,,0.2635043322,,-0.264335032,0.2122875767,0.1617016183,0.0838771007,0,1,1,1,0,1,0,1,1,1,1,8,0.125,-0.422527243,0.013108,0.533730,-0.816208588
201300,,0.6017274375,1.2682885953,,,,,0.9158870412,0.5043285299,-1.003820104,,0,1,1,0,0,0,0,1,1,1,0,5,0.2,0.4572823001,0.013108,0.533730,0.8322081845
201301,,,,,,,,0.4733037638,,,,0,0,0,0,0,0,0,1,0,0,0,1,1,0.4733037638,0.013108,0.533730,0.8622261011
201302,,0.8919470535,0.4825127128,,,0.3628172381,,1.2109425595,,,,0,1,1,0,0,1,0,1,0,0,0,4,0.25,0.737054891,0.013108,0.533730,1.3563918955
201303,,,0.6800541357,,,,,-0.264335032,,,,0,0,1,0,0,0,0,1,0,0,0,2,0.5,0.2078595519,0.013108,0.533730,0.3648881324
201304,,,-1.163665812,,,,,-0.116807273,,,,0,0,1,0,0,0,0,1,0,0,0,2,0.5,-0.640236542,0.013108,0.533730,-1.22411012
201305,,,-0.224246601,,,,,-0.116807273,,,,0,0,1,0,0,0,0,1,0,0,0,2,0.5,-0.170526937,0.013108,0.533730,-0.344059206
201306,,,-0.070603272,,,,,-0.116807273,,,,0,0,1,0,0,0,0,1,0,0,0,2,0.5,-0.093705272,0.013108,0.533730,-0.200125646
201307,,-2.000733709,0.1927852924,,,,,-0.116807273,,,,0,1,1,0,0,0,0,1,0,0,0,3,0.3333333333,-0.64158523,0.013108,0.533730,-1.226637029
201308,,0.254415438,1.3253561175,,,-0.034434386,,0.1782482455,,,,0,1,1,0,0,1,0,1,0,0,0,4,0.25,0.4308963539,0.013108,0.533730,0.7827713074
201309,,-0.85888604,1.3912032585,,,,,0.4733037638,,,,0,1,1,0,0,0,0,1,0,0,0,3,0.3333333333,0.3352069942,0.013108,0.533730,0.6034871127
201310,,0.4827849719,1.4746096371,,,,,-0.116807273,,,,0,1,1,0,0,0,0,1,0,0,0,3,0.3333333333,0.6135291121,0.013108,0.533730,1.1249532081
201311,,,0.2498528146,,,0.1641914263,,0.0307204863,,,,0,0,1,0,0,1,0,1,0,0,0,3,0.3333333333,0.1482549091,0.013108,0.533730,0.2532124934
201312,,0.6445467251,-0.281314123,0.391905911,,,,0.3257760046,0.1392773383,-1.236924448,,0,1,1,1,0,0,0,1,1,1,0,6,0.1666666667,-0.002788765,0.013108,0.533730,-0.029783898
201313,,,0.3595980496,,,,,-0.854446069,,,,0,0,1,0,0,0,0,1,0,0,0,2,0.5,-0.24742401,0.013108,0.533730,-0.488134052
201314,,-0.140473548,1.2507293577,,,0.3628172381,,0.3257760046,0.1392773383,-1.120372276,,0,1,1,0,0,1,0,1,1,1,0,6,0.1666666667,0.1362923526,0.013108,0.533730,0.2307993713
201315,,1.1821666695,1.5360669687,,,0.3628172381,,-0.116807273,0.5043285299,0.7444624792,0.0838771007,0,1,1,0,0,1,0,1,1,1,1,7,0.1428571429,0.6138445304,0.013108,0.533730,1.125544178
210001,0.3390933151,0.0688651917,-1.304139713,-0.831285044,,-0.729624727,-1.161023079,0.4733037638,-0.590825045,-0.071402726,-1.625408793,1,1,1,1,0,1,1,1,1,1,1,10,0.1,-0.543244686,0.013108,0.533730,-1.042385558
210002,-2.171312452,-0.364085383,-0.834430107,0.7996362295,0.3676363213,-0.233060197,,0.4733037638,-1.101896713,0.2782537905,0.0838771007,1,1,1,1,1,1,0,1,1,1,1,10,0.1,-0.270207765,0.013108,0.533730,-0.530821842
210003,0.9206322658,-1.268048121,0.6888337545,-0.525487306,0.7274304554,-0.928250539,,0.1782482455,,,0.7675914583,1,1,1,1,1,1,0,1,0,0,1,8,0.125,0.0701187768,0.013108,0.533730,0.1068161375
210004,-0.927625191,-0.111927356,-1.040751149,,,1.3559462971,0.5308206939,0.1782482455,,,0.0838771007,1,1,1,0,0,1,1,1,0,0,1,7,0.1428571429,0.0097983773,0.013108,0.533730,-0.006200548
210005,-1.157937647,0.1021690821,0.1093789138,-0.015824407,,-0.530998915,0.3616363166,1.5059980778,0.285297815,-0.187954898,0.0838771007,1,1,1,1,0,1,1,1,1,1,1,10,0.1,0.0555641438,0.013108,0.533730,0.0795464844
210008,,-2.823815571,1.4175421149,1.5131642868,,-0.431686009,0.5308206939,0.6208315229,2.4756049645,0.627910307,1.7931629948,0,1,1,1,0,1,1,1,1,1,1,9,0.1111111111,0.6359483672,0.013108,0.533730,1.1669580676
210009,-3.628038735,0.4256925885,-0.702735825,-2.564138898,1.0872245896,0.9586946735,,0.1782482455,-0.444804568,0.2782537905,0.0838771007,1,1,1,1,1,1,0,1,1,1,1,10,0.1,-0.432772704,0.013108,0.533730,-0.835404548
210011,0.6672885645,0.5160888623,-0.672007159,0.1880407518,,-0.133747291,-1.499391834,0.0307204863,0.3583080533,-0.187954898,-0.599837257,1,1,1,1,0,1,1,1,1,1,1,10,0.1,-0.133249172,0.013108,0.533730,-0.274215349
210012,-0.282750315,-2.0340376,-0.250585457,0.5957710702,-0.112089191,0.5614430499,1.0383738259,1.2109425595,-0.006743138,0.9775668235,-0.599837257,1,1,1,1,1,1,1,1,1,1,1,11,0.0909090909,0.0998231246,0.013108,0.533730,0.1624703932
210015,-0.553367451,0.6683352182,0.1927852924,-1.035150204,,1.2566333912,-0.315101193,0.9158870412,-0.444804568,-0.30450707,-0.257980078,1,1,1,1,0,1,1,1,1,1,1,10,0.1,0.0122730379,0.013108,0.533730,-0.001564008
210016,-1.681898484,-0.854128341,-2.120644261,-0.321622146,-0.711746081,-1.424815068,-1.668576211,-0.55939055,,,-0.257980078,1,1,1,1,1,1,1,1,0,0,1,9,0.1111111111,-1.066755691,0.013108,0.533730,-2.023239118
210017,,1.4628708882,1.3297459269,-0.219689567,,-0.233060197,1.7151113352,0.6208315229,1.3074411514,-0.770715759,0.7675914583,0,1,1,1,0,1,1,1,1,1,1,9,0.1111111111,0.6644585289,0.013108,0.533730,1.2203748883
210018,,0.3543271091,0.078650248,1.1054339683,,1.3559462971,,0.6208315229,-1.028886475,-1.35347662,0.4257342795,0,1,1,1,0,1,0,1,1,1,1,8,0.125,0.1948200413,0.013108,0.533730,0.3404572222
210019,-0.127289408,0.8491277659,-0.246195648,1.2073665479,0.8473618335,0.7600688617,0.8691894486,1.5059980778,-0.590825045,0.5113581348,-1.625408793,1,1,1,1,1,1,1,1,1,1,1,11,0.0909090909,0.3600683433,0.013108,0.533730,0.650067495
210022,-0.063953482,0.1021690821,-0.610549828,-0.321622146,-0.112089191,-0.332373103,0.0232675619,0.9158870412,,,0.7675914583,1,1,1,1,1,1,1,1,0,0,1,9,0.1111111111,0.0409252659,0.013108,0.533730,0.0521189893
210023,-0.806711152,0.2258692463,-0.404228786,-1.748678261,1.3270873457,0.0648785204,-1.499391834,1.8010535961,-0.225773853,-0.421059243,0.7675914583,1,1,1,1,1,1,1,1,1,1,1,11,0.0909090909,-0.083578451,0.013108,0.533730,-0.181151969
210024,0.5751635822,0.5160888623,0.4825127128,,1.2071559677,-0.233060197,1.2075582032,1.0634148004,,,-0.257980078,1,1,1,0,1,1,1,1,0,0,1,8,0.125,0.5701067316,0.013108,0.533730,1.0435967592
210027,-0.472758091,-0.383116177,0.1620566266,-0.219689567,0.9672932116,-0.034434386,0.5308206939,1.0634148004,-1.320927428,-0.770715759,-0.257980078,1,1,1,1,1,1,1,1,1,1,1,11,0.0909090909,-0.066912378,0.013108,0.533730,-0.149926307
210028,,-1.639148614,0.1181585326,-0.015824407,,1.455259203,1.5459269579,0.0307204863,1.2344309131,-0.770715759,0.0838771007,0,1,1,1,0,1,1,1,1,1,1,9,0.1111111111,0.2269649348,0.013108,0.533730,0.4006840997
210029,-1.45734384,-0.326023794,0.6273764229,-1.544813102,,-0.630311821,-0.991838702,1.5059980778,0.5043285299,0.627910307,1.1094486371,1,1,1,1,0,1,1,1,1,1,1,10,0.1,-0.057526928,0.013108,0.533730,-0.13234167
210030,,1.5960864496,0.6317662323,1.3092991276,,1.1573204853,,0.9158870412,1.672492343,0.0451494461,,0,1,1,1,0,1,0,1,1,1,0,7,0.1428571429,1.0468573036,0.013108,0.533730,1.936839672
210032,,0.0736228904,-0.061823653,0.9015688091,,-2.417944127,0.1924519392,0.0307204863,-0.663835283,-0.537611415,0.4257342795,0,1,1,1,0,1,1,1,1,1,1,9,0.1111111111,-0.228568453,0.013108,0.533730,-0.452806161
210033,-0.369117486,0.9680702314,-0.395449167,-0.729352465,,1.9518237325,0.0232675619,0.4733037638,,,0.0838771007,1,1,1,1,0,1,1,1,0,0,1,8,0.125,0.250802909,0.013108,0.533730,0.4453470803
210034,,-0.083381164,0.2893610992,0.5957710702,,2.1504495443,,1.3584703187,,,0.4257342795,0,1,1,1,0,1,0,1,0,0,1,6,0.1666666667,0.7894008579,0.013108,0.533730,1.4544676331
210035,,-2.795269379,-0.974904008,0.1880407518,,1.9518237325,0.8691894486,1.9485813553,,,-0.599837257,0,1,1,1,0,1,1,1,0,0,1,7,0.1428571429,0.0839463777,0.013108,0.533730,0.1327236189
210037,-1.837359391,0.4637541774,0.9083242245,-1.035150204,,0.6607559558,-0.315101193,3.1288034285,1.891523058,-0.654163587,1.1094486371,1,1,1,1,0,1,1,1,1,1,1,10,0.1,0.4320835106,0.013108,0.533730,0.7849955719
210038,,-0.739943574,-0.483245355,0.0861081721,,0.7600688617,,0.3257760046,,,0.7675914583,0,1,1,1,0,1,0,1,0,0,1,6,0.1666666667,0.1193925946,0.013108,0.533730,0.1991358769
210039,,0.6493044237,-0.070603272,0.0861081721,,0.9586946735,-1.330207457,0.6208315229,-2.051029811,0.1617016183,1.1094486371,0,1,1,1,0,1,1,1,1,1,1,9,0.1111111111,0.0149165009,0.013108,0.533730,0.0033888013
210040,-0.63397681,-0.016773383,-1.190004668,-0.219689567,,-0.530998915,-1.161023079,0.9158870412,0.4313182916,0.627910307,-0.257980078,1,1,1,1,0,1,1,1,1,1,1,10,0.1,-0.203533086,0.013108,0.533730,-0.405899738
210043,1.0242728709,1.2678052447,0.3113101462,0.4938384906,,2.1504495443,,1.0634148004,,,0.7675914583,1,1,1,1,0,1,0,1,0,0,1,7,0.1428571429,1.011240365,0.013108,0.533730,1.8701075487
210044,,0.6730929168,-0.145230031,2.2266923441,,0.7600688617,-1.668576211,1.653525837,0.5043285299,0.5113581348,1.1094486371,0,1,1,1,0,1,1,1,1,1,1,9,0.1111111111,0.6249676687,0.013108,0.533730,1.1463845609
210048,1.2661009494,-0.287962205,-0.658837731,0.391905911,,1.2566333912,0.1924519392,-3.067362456,,,0.0838771007,1,1,1,1,0,1,1,1,0,0,1,8,0.125,-0.102899138,0.013108,0.533730,-0.21735133
210049,-0.253961258,0.4780272733,-0.663227541,-0.219689567,,-0.332373103,0.1924519392,0.3257760046,,,0.7675914583,1,1,1,1,0,1,1,1,0,0,1,8,0.125,0.0368244008,0.013108,0.533730,0.0444355824
210051,,0.040319,-1.571918086,0.0861081721,,0.6607559558,-1.499391834,2.2436368736,,,0.0838771007,0,1,1,1,0,1,1,1,0,0,1,7,0.1428571429,0.0061981688,0.013108,0.533730,-0.012945921
210056,,-0.088138863,0.5966477571,0.9015688091,,-0.928250539,,-1.001973828,,,-0.941694436,0,1,1,1,0,1,0,1,0,0,1,6,0.1666666667,-0.243640183,0.013108,0.533730,-0.481044651
210057,-0.276992504,-0.116685055,-0.171568888,-2.462206318,,0.7600688617,-1.837760589,2.686220151,,,0.4257342795,1,1,1,1,0,1,1,1,0,0,1,8,0.125,-0.124148758,0.013108,0.533730,-0.257164754
210058,,,,,,,,,,,1.1094486371,0,0,0,0,0,0,0,0,0,0,1,1,1,1.1094486371,0.013108,0.533730,2.0541111938
210060,,-0.839855245,-1.238292572,-0.321622146,,0.6607559558,0.1924519392,-1.149501587,,,-0.257980078,0,1,1,1,0,1,1,1,0,0,1,7,0.1428571429,-0.422006248,0.013108,0.533730,-0.815232447
210061,,0.1211998766,0.1927852924,-2.564138898,,-0.233060197,,-0.55939055,0.5773387682,1.0941189957,1.1094486371,0,1,1,1,0,1,0,1,1,1,1,8,0.125,-0.032712259,0.013108,0.533730,-0.085848748
210062,0.9954838139,-0.792278259,0.2498528146,-0.729352465,,-0.431686009,-0.315101193,0.1782482455,,,-3.334694688,1,1,1,1,0,1,1,1,0,0,1,8,0.125,-0.522440967,0.013108,0.533730,-1.003407579
210063,0.3678823721,1.3106245323,0.0830400574,1.6150968664,-0.591814703,0.3628172381,-0.991838702,0.9158870412,,,0.0838771007,1,1,1,1,1,1,1,1,0,0,1,9,0.1111111111,0.3506190892,0.013108,0.533730,0.6323633122
210064,,,,,,,,0.9158870412,,,,0,0,0,0,0,0,0,1,0,0,0,1,1,0.9158870412,0.013108,0.533730,1.691452953
210065,,-0.987343903,-0.37788993,-1.442880522,,-0.233060197,,-0.55939055,,,0.7675914583,0,1,1,1,0,1,0,1,0,0,1,6,0.1666666667,-0.472162274,0.013108,0.533730,-0.909205098
21020F,0.4772807886,0.3876309995,1.1892720261,,,0.3628172381,-1.161023079,-1.592084864,,,,1,1,1,0,0,1,1,1,0,0,0,6,0.1666666667,-0.056017815,0.013108,0.533730,-0.129514186
220001,,-0.973070807,-1.501681136,0.1880407518,,-1.722753786,,0.3257760046,-0.006743138,-0.421059243,-0.599837257,0,1,1,1,0,1,0,1,1,1,1,8,0.125,-0.588916076,0.013108,0.533730,-1.127955767
220002,-0.455484657,-1.534479244,-1.773849319,-0.015824407,0.3676363213,0.5614430499,2.2226644672,-0.264335032,-0.079753377,1.0941189957,0.4257342795,1,1,1,1,1,1,1,1,1,1,1,11,0.0909090909,0.0498064616,0.013108,0.533730,0.0687588543
220008,,-0.378358479,-0.52275364,1.6150968664,,-2.616569939,-2.852866853,-1.592084864,0.7233592449,1.5603276844,0.0838771007,0,1,1,1,0,1,1,1,1,1,1,9,0.1111111111,-0.442219209,0.013108,0.533730,-0.85310358
220010,-0.248203447,0.1497460683,0.3991063342,1.2073665479,,-0.828937633,0.7000050712,-0.854446069,,,0.7675914583,1,1,1,1,0,1,1,1,0,0,1,8,0.125,0.1615285415,0.013108,0.533730,0.2780820558
220011,,1.0822549984,-1.497291326,-1.035150204,,0.2635043322,0.3616363166,0.0307204863,0.5043285299,-0.537611415,0.0838771007,0,1,1,1,0,1,1,1,1,1,1,9,0.1111111111,-0.082636798,0.013108,0.533730,-0.179387682
220012,-0.184867522,-0.430693164,-0.584210971,2.3286249237,0.4875676993,-1.226189256,0.1924519392,-2.32972366,1.1614206748,-1.236924448,0.4257342795,1,1,1,1,1,1,1,1,1,1,1,11,0.0909090909,-0.126982682,0.013108,0.533730,-0.262474413
220015,,-0.121442753,0.5000719504,0.391905911,,-0.530998915,0.1924519392,0.0307204863,0.8693797215,0.2782537905,0.4257342795,0,1,1,1,0,1,1,1,1,1,1,9,0.1111111111,0.2262307122,0.013108,0.533730,0.3993084557
220016,,0.4732695747,-0.026705178,0.7996362295,,-1.921379598,,-0.854446069,-0.225773853,-0.30450707,-0.599837257,0,1,1,1,0,1,0,1,1,1,1,8,0.125,-0.332467903,0.013108,0.533730,-0.647472833
220017,,-0.797035958,0.7327318485,-0.627419885,,-0.630311821,,-0.264335032,,,-1.283551615,0,1,1,1,0,1,0,1,0,0,1,6,0.1666666667,-0.47832041,0.013108,0.533730,-0.920743022
220019,,-1.800910367,-0.333991836,-0.015824407,,-2.020692504,,-1.592084864,-0.444804568,0.2782537905,-0.599837257,0,1,1,1,0,1,0,1,1,1,1,8,0.125,-0.816236502,0.013108,0.533730,-1.553864766
22001F,,,,,,,,,,,,0,0,0,0,0,0,0,0,0,0,0,0,,,0.013108,0.533730,
220020,-2.200101509,-1.020647793,-0.799311632,-0.117756987,,-2.020692504,-0.315101193,-0.411862791,0.7233592449,1.0941189957,-0.599837257,1,1,1,1,0,1,1,1,1,1,1,10,0.1,-0.566783342,0.013108,0.533730,-1.086487736
220024,,0.9537971356,-0.584210971,-0.729352465,,-1.62344088,,-1.001973828,-1.174906951,-1.236924448,-0.257980078,0,1,1,1,0,1,0,1,1,1,1,8,0.125,-0.706874061,0.013108,0.533730,-1.348962599
220029,,-0.687608889,-0.039874606,1.9208946053,,-1.822066692,-1.837760589,-1.149501587,0.4313182916,0.2782537905,-0.257980078,0,1,1,1,0,1,1,1,1,1,1,9,0.1111111111,-0.35159175,0.013108,0.533730,-0.683303396
220030,,0.8634008617,0.0874298668,0.1880407518,,0.0648785204,0.5308206939,-1.444557105,,,0.0838771007,0,1,1,1,0,1,1,1,0,0,1,7,0.1428571429,0.0534129557,0.013108,0.533730,0.0755160047
220031,-3.104077898,-0.463997054,-1.743120653,-0.117756987,0.3676363213,-0.133747291,0.5308206939,0.4733037638,-0.663835283,0.7444624792,-0.941694436,1,1,1,1,1,1,1,1,1,1,1,11,0.0909090909,-0.459273304,0.013108,0.533730,-0.885056242
220033,-0.789437718,0.1878076573,0.3903267154,0.2899733314,,-0.034434386,0.8691894486,-0.411862791,-0.152763615,0.0451494461,0.7675914583,1,1,1,1,0,1,1,1,1,1,1,10,0.1,0.1161539548,0.013108,0.533730,0.1930679407
220035,0.805476038,-0.283204506,-1.172445431,2.6344226626,,0.5614430499,0.1924519392,-1.444557105,1.0884104365,0.7444624792,1.1094486371,1,1,1,1,0,1,1,1,1,1,1,10,0.1,0.42359082,0.013108,0.533730,0.7690836125
220036,-1.987062488,-1.810425764,1.5404567781,-0.219689567,-0.112089191,-1.027563445,1.2075582032,-2.034668142,,,-0.599837257,1,1,1,1,1,1,1,1,0,0,1,9,0.1111111111,-0.560368986,0.013108,0.533730,-1.074469756
220046,,-0.035804178,1.1541535509,1.4112317072,,1.3559462971,0.8691894486,-0.116807273,-0.37179433,-0.887267931,0.4257342795,0,1,1,1,0,1,1,1,1,1,1,9,0.1111111111,0.4227312857,0.013108,0.533730,0.7674731836
220049,,-1.743817984,-0.52275364,0.2899733314,,-0.729624727,,-1.592084864,,,-0.257980078,0,1,1,1,0,1,0,1,0,0,1,6,0.1666666667,-0.759381327,0.013108,0.533730,-1.447340548
220052,-0.71458617,-0.987343903,0.4122757624,-1.035150204,,-3.31176028,0.3616363166,-0.264335032,0.0662671,0.8610146514,0.0838771007,1,1,1,1,0,1,1,1,1,1,1,10,0.1,-0.452810466,0.013108,0.533730,-0.872947427
220060,-0.455484657,0.7016391086,-0.527143449,1.717029446,,2.5477011679,-0.48428557,0.9158870412,-0.663835283,1.0941189957,0.4257342795,1,1,1,1,0,1,1,1,1,1,1,10,0.1,0.5271361079,0.013108,0.533730,0.9630867245
220062,,,,,,,,-2.32972366,,,,0,0,0,0,0,0,0,1,0,0,0,1,1,-2.32972366,0.013108,0.533730,-4.389543961
220063,-0.743375227,-0.050077274,-1.014412292,1.1054339683,,-1.524127974,0.1924519392,-2.477251419,0.4313182916,0.1617016183,-0.599837257,1,1,1,1,0,1,1,1,1,1,1,10,0.1,-0.451817563,0.013108,0.533730,-0.871087117
220065,,-0.06435037,0.7722401331,-0.321622146,,0.2635043322,,-3.067362456,,,-0.257980078,0,1,1,1,0,1,0,1,0,0,1,6,0.1666666667,-0.445928431,0.013108,0.533730,-0.860053202
220066,,-0.521089437,-0.426177833,2.1247597645,,-1.722753786,0.3616363166,-1.444557105,-1.174906951,1.6768798566,-0.599837257,0,1,1,1,0,1,1,1,1,1,1,9,0.1111111111,-0.191782937,0.013108,0.533730,-0.383884584
220070,-0.691554924,-0.554393328,-0.509584212,0.391905911,,-3.31176028,-0.48428557,-0.264335032,,,-1.283551615,1,1,1,1,0,1,1,1,0,0,1,8,0.125,-0.838444881,0.013108,0.533730,-1.595474528
220071,-1.134906401,-1.172894149,-0.729074682,2.2266923441,0.7274304554,-1.722753786,0.1924519392,0.4733037638,0.4313182916,1.5603276844,1.4513058159,1,1,1,1,1,1,1,1,1,1,1,11,0.0909090909,0.2093819343,0.013108,0.533730,0.3677404778
220073,,-0.949282314,-0.426177833,-1.239015363,,-0.828937633,-3.360419985,-2.182195901,,,-0.257980078,0,1,1,1,0,1,1,1,0,0,1,7,0.1428571429,-1.320572729,0.013108,0.533730,-2.49879234
220074,0.5118276569,-0.211839027,-0.263754885,1.3092991276,1.0872245896,-1.325502162,-0.145916815,-0.116807273,-0.590825045,-0.30450707,0.4257342795,1,1,1,1,1,1,1,1,1,1,1,11,0.0909090909,0.0340848523,0.013108,0.533730,0.0393027469
220075,,,,,,,,0.0307204863,,,-0.257980078,0,0,0,0,0,0,0,1,0,0,1,2,0.5,-0.113629796,0.013108,0.533730,-0.23745636
220077,-0.023648803,-0.387873876,-1.233902762,0.9015688091,-2.510716752,-3.113134468,0.5308206939,-3.952529011,-0.882865998,1.2106711679,0.4257342795,1,1,1,1,1,1,1,1,1,1,1,11,0.0909090909,-0.821443338,0.013108,0.533730,-1.563620328
220080,-0.242445636,-0.359327684,0.0523113916,0.9015688091,,-1.62344088,-2.852866853,-0.411862791,,,-0.941694436,1,1,1,1,0,1,1,1,0,0,1,8,0.125,-0.68471976,0.013108,0.533730,-1.30745416
220083,,-0.440208561,-0.053044034,0.4938384906,,0.1641914263,0.5308206939,-1.739612624,,,-0.257980078,0,1,1,1,0,1,1,1,0,0,1,7,0.1428571429,-0.185999241,0.013108,0.533730,-0.373048214
220084,,0.1069267807,-0.241805838,-1.442880522,,-1.325502162,0.5308206939,-0.55939055,-1.905009335,0.1617016183,0.4257342795,0,1,1,1,0,1,1,1,1,1,1,9,0.1111111111,-0.472156115,0.013108,0.533730,-0.909193559
220086,-1.054297042,-1.539236943,-1.238292572,0.6977036498,-0.232020569,0.7600688617,0.1924519392,-1.592084864,-1.101896713,0.9775668235,0.4257342795,1,1,1,1,1,1,1,1,1,1,1,11,0.0909090909,-0.336754832,0.013108,0.533730,-0.655504851
220088,,,,,,,2.5610332219,4.60408102,,,-1.967265972,0,0,0,0,0,0,1,1,0,0,1,3,0.3333333333,1.7326160899,0.013108,0.533730,3.2216817084
220090,-1.463101651,-0.725670478,-0.355940883,0.0861081721,,-2.517257033,1.2075582032,-3.509945733,,,0.4257342795,1,1,1,1,0,1,1,1,0,0,1,8,0.125,-0.85656439,0.013108,0.533730,-1.629423356
220095,,-0.673335793,0.4034961436,1.0035013887,,-2.417944127,1.2075582032,-1.444557105,0.2122875767,0.1617016183,-0.257980078,0,1,1,1,0,1,1,1,1,1,1,9,0.1111111111,-0.200585797,0.013108,0.533730,-0.400377679
220098,,0.6968814099,0.3025305274,0.6977036498,,0.8593817676,0.0232675619,-1.001973828,,,-0.941694436,0,1,1,1,0,1,1,1,0,0,1,7,0.1428571429,0.0908709504,0.013108,0.533730,0.1456975425
22009F,,,,,,,,,,,,0,0,0,0,0,0,0,0,0,0,0,0,,,0.013108,0.533730,
220100,-0.075469105,0.3971463967,-0.413008405,-0.525487306,,0.0648785204,0.3616363166,-2.034668142,,,0.0838771007,1,1,1,1,0,1,1,1,0,0,1,8,0.125,-0.267636828,0.013108,0.533730,-0.526004918
220101,,-0.045319575,-0.307652979,1.1054339683,,0.7600688617,-1.330207457,-1.001973828,-0.225773853,1.0941189957,1.7931629948,0,1,1,1,0,1,1,1,1,1,1,9,0.1111111111,0.204650792,0.013108,0.533730,0.3588761795
220105,,-0.587697218,-0.487635165,-0.321622146,,-2.219318315,-2.006944966,-2.919834697,-0.590825045,-0.187954898,0.0838771007,0,1,1,1,0,1,1,1,1,1,1,9,0.1111111111,-1.026439483,0.013108,0.533730,-1.947702413
220108,,0.3400540132,0.0259725352,1.4112317072,,-0.828937633,1.2075582032,0.7683592821,,,0.0838771007,0,1,1,1,0,1,1,1,0,0,1,7,0.1428571429,0.4297307441,0.013108,0.533730,0.7805874135
22010F,-0.184867522,-0.259416013,-0.553482306,,,-3.609698998,1.5459269579,-4.10005677,,,,1,1,1,0,0,1,1,1,0,0,0,6,0.1666666667,-1.193599108,0.013108,0.533730,-2.260893753
220110,-0.726101793,-0.211839027,-1.369986854,1.6150968664,0.1277735651,1.5545721089,0.0232675619,-0.116807273,1.7455025813,1.0941189957,0.7675914583,1,1,1,1,1,1,1,1,1,1,1,11,0.0909090909,0.4093807447,0.013108,0.533730,0.7424595247
220111,-0.374875298,-1.16813645,-1.084649243,0.7996362295,,-0.630311821,-2.006944966,-3.362417974,,,0.0838771007,1,1,1,1,0,1,1,1,0,0,1,8,0.125,-0.967977803,0.013108,0.533730,-1.838168236
220116,-0.576398696,-0.930251519,0.3332591932,1.5131642868,-1.191471594,-1.12687635,-2.176129343,-1.739612624,0.2122875767,0.627910307,-1.283551615,1,1,1,1,1,1,1,1,1,1,1,11,0.0909090909,-0.576151852,0.013108,0.533730,-1.104040636
220119,,-0.154746644,-0.294483551,1.3092991276,,1.3559462971,0.8691894486,0.4733037638,0.6503490066,0.7444624792,1.1094486371,0,1,1,1,0,1,1,1,1,1,1,9,0.1111111111,0.6736409517,0.013108,0.533730,1.2375791344
220126,,,,,,,,,-0.225773853,-0.770715759,,0,0,0,0,0,0,0,0,1,1,0,2,0.5,-0.498244806,0.013108,0.533730,-0.958073497
220135,0.4657651658,-0.368843082,-0.426177833,1.3092991276,,1.0580075794,1.3767425806,-0.854446069,,,0.7675914583,1,1,1,1,0,1,1,1,0,0,1,8,0.125,0.4159923661,0.013108,0.533730,0.7548471008
220163,0.0281714999,-0.521089437,-1.071479815,2.6344226626,0.7274304554,-0.729624727,-0.48428557,-0.411862791,-2.854142433,1.0941189957,0.0838771007,1,1,1,1,1,1,1,1,1,1,1,11,0.0909090909,-0.13676946,0.013108,0.533730,-0.280810982
220171,0.7191088671,0.0593497945,0.8029687989,1.4112317072,-0.232020569,-0.431686009,-1.330207457,-0.116807273,1.0154001981,1.7934320288,0.7675914583,1,1,1,1,1,1,1,1,1,1,1,11,0.0909090909,0.405305595,0.013108,0.533730,0.7348242983
220175,-0.783679907,0.2211115477,0.4166655718,-0.831285044,,0.462130144,-1.161023079,0.0307204863,0.1392773383,-0.187954898,-0.257980078,1,1,1,1,0,1,1,1,1,1,1,10,0.1,-0.195201792,0.013108,0.533730,-0.390290172
220176,0.2584839556,-1.025405491,0.4605636658,1.3092991276,-0.591814703,-0.630311821,-0.822654325,-0.264335032,-0.152763615,-0.421059243,-0.257980078,1,1,1,1,1,1,1,1,1,1,1,11,0.0909090909,-0.194361596,0.013108,0.533730,-0.388715977
220177,,-2.029279901,0.2805814804,0.6977036498,,,,-0.854446069,-0.079753377,0.8610146514,,0,1,1,1,0,0,0,1,1,1,0,6,0.1666666667,-0.187363261,0.013108,0.533730,-0.37560385
221300,,0.3733579036,0.3508184308,,,-1.226189256,0.3616363166,-1.297029346,1.1614206748,-2.752102686,,0,1,1,0,0,1,1,1,1,1,0,7,0.1428571429,-0.432583995,0.013108,0.533730,-0.835050982
221302,,-0.283204506,-0.149619841,-0.525487306,,-0.630311821,0.3616363166,0.4733037638,,,0.4257342795,0,1,1,1,0,1,1,1,0,0,1,7,0.1428571429,-0.046849873,0.013108,0.533730,-0.112337072
221303,,0.7539737934,0.6449356605,-0.015824407,,-0.530998915,,0.3257760046,,,,0,1,1,1,0,1,0,1,0,0,0,5,0.2,0.2355724272,0.013108,0.533730,0.4168111524
230002,-1.428554783,-0.868401437,0.4869025222,2.3286249237,,-0.729624727,-1.161023079,-2.772306938,-0.298784092,0.5113581348,-0.257980078,1,1,1,1,0,1,1,1,1,1,1,10,0.1,-0.418978955,0.013108,0.533730,-0.809560493
230003,,0.4161771912,1.4175421149,-0.423554726,,,,0.3257760046,,,0.4257342795,0,1,1,1,0,0,0,1,0,0,1,5,0.2,0.4323349728,0.013108,0.533730,0.7854667131
230005,,1.2059551626,1.1409841227,-0.729352465,,1.2566333912,-0.48428557,1.0634148004,-0.298784092,-1.703133137,0.4257342795,0,1,1,1,0,1,1,1,1,1,1,9,0.1111111111,0.2085740548,0.013108,0.533730,0.3662268297
230013,,,,,,,,,,,,0,0,0,0,0,0,0,0,0,0,0,0,,,0.013108,0.533730,
230015,,2.0147639284,-0.263754885,-0.321622146,,-0.034434386,-0.315101193,-0.116807273,,,-0.257980078,0,1,1,1,0,1,1,1,0,0,1,7,0.1428571429,0.100723424,0.013108,0.533730,0.1641571997
230017,1.0415463051,-0.083381164,0.7634605143,-0.525487306,1.3270873457,0.462130144,1.3767425806,1.3584703187,0.5043285299,0.5113581348,-0.257980078,1,1,1,1,1,1,1,1,1,1,1,11,0.0909090909,0.5889341205,0.013108,0.533730,1.078871875
230019,0.4600073544,-0.72091278,-0.004756131,-0.219689567,1.0872245896,-0.332373103,1.0383738259,-0.411862791,,,-0.257980078,1,1,1,1,1,1,1,1,0,0,1,9,0.1111111111,0.0708923689,0.013108,0.533730,0.1082655448
230020,-0.495789337,-3.44707409,-3.450756509,-1.239015363,-0.112089191,-0.630311821,-0.991838702,-0.411862791,-3.000162909,0.9775668235,0.7675914583,1,1,1,1,1,1,1,1,1,1,1,11,0.0909090909,-1.093976585,0.013108,0.533730,-2.074240358
230021,0.4657651658,-0.492543246,0.4649534752,0.0861081721,0.6074990774,1.455259203,0.8691894486,1.2109425595,-1.539958143,0.627910307,0.0838771007,1,1,1,1,1,1,1,1,1,1,1,11,0.0909090909,0.3490002837,0.013108,0.533730,0.6293303079
230022,,0.3971463967,-0.733464491,-0.831285044,,0.1641914263,,0.0307204863,0.285297815,-0.071402726,-0.257980078,0,1,1,1,0,1,0,1,1,1,1,8,0.125,-0.127097027,0.013108,0.533730,-0.26268865
230024,-0.063953482,-1.187167245,-1.756290081,0.0861081721,,-0.332373103,,-0.411862791,1.0884104365,-0.071402726,-0.941694436,1,1,1,1,0,1,0,1,1,1,1,9,0.1111111111,-0.398913917,0.013108,0.533730,-0.77196651
230029,-0.812468963,-0.668578095,-1.787018747,1.3092991276,1.3270873457,-1.325502162,-1.837760589,-0.116807273,-0.517814807,0.2782537905,1.1094486371,1,1,1,1,1,1,1,1,1,1,1,11,0.0909090909,-0.276532885,0.013108,0.533730,-0.542672627
230030,,0.544635054,-0.575431353,-1.035150204,,-0.928250539,,0.1782482455,0.1392773383,-1.003820104,-2.65098033,0,1,1,1,0,1,0,1,1,1,1,8,0.125,-0.666433986,0.013108,0.533730,-1.273193818
230031,,0.5160888623,2.1857587598,-0.015824407,,0.2635043322,-0.145916815,-0.55939055,,,0.0838771007,0,1,1,1,0,1,1,1,0,0,1,7,0.1428571429,0.332585326,0.013108,0.533730,0.5985751384
230035,,0.0498343973,0.5220209974,0.6977036498,,-0.729624727,,0.9158870412,0.3583080533,-1.35347662,0.7675914583,0,1,1,1,0,1,0,1,1,1,1,8,0.125,0.1535305313,0.013108,0.533730,0.2630969329
230036,,1.1203165874,1.0312388877,-0.933217624,,0.9586946735,1.2075582032,0.3257760046,0.1392773383,-1.236924448,-0.599837257,0,1,1,1,0,1,1,1,1,1,1,9,0.1111111111,0.2236535962,0.013108,0.533730,0.3944799546
230037,,-0.483027848,1.9838275274,1.5131642868,,0.7600688617,0.0232675619,0.1782482455,,,0.0838771007,0,1,1,1,0,1,1,1,0,0,1,7,0.1428571429,0.5799179622,0.013108,0.533730,1.0619791434
230038,0.909116643,0.4827849719,-0.118891175,0.391905911,1.806812858,1.1573204853,-1.668576211,0.6208315229,1.5994821047,-0.071402726,0.4257342795,1,1,1,1,1,1,1,1,1,1,1,11,0.0909090909,0.5031926058,0.013108,0.533730,0.9182260262
230041,-1.186726704,-1.263290423,-0.931005914,-0.933217624,-2.03099124,-1.62344088,-0.653469947,-0.264335032,0.285297815,-0.887267931,-1.283551615,1,1,1,1,1,1,1,1,1,1,1,11,0.0909090909,-0.979272681,0.013108,0.533730,-1.859330392
230046,0.3045464468,-0.192808233,-1.98456017,0.391905911,0.0078421871,0.8593817676,0.0232675619,-0.411862791,0.3583080533,1.0941189957,1.7931629948,1,1,1,1,1,1,1,1,1,1,1,11,0.0909090909,0.2039366113,0.013108,0.533730,0.357538086
230047,-0.823984586,-0.968313108,-0.81687087,1.2073665479,0.2477049432,0.7600688617,0.7000050712,0.9158870412,0.2122875767,1.2106711679,0.4257342795,1,1,1,1,1,1,1,1,1,1,1,11,0.0909090909,0.2791415387,0.013108,0.533730,0.4984425176
230053,-2.752851403,-0.820824451,-0.878328201,0.7996362295,-0.351951947,-0.332373103,,-1.739612624,-0.37179433,0.7444624792,0.4257342795,1,1,1,1,1,1,0,1,1,1,1,10,0.1,-0.527790307,0.013108,0.533730,-1.013430136
230054,0.8400229063,1.3153822309,-0.22863641,-0.729352465,-0.471883325,-0.034434386,0.5308206939,1.8010535961,0.9423899598,0.1617016183,-1.625408793,1,1,1,1,1,1,1,1,1,1,1,11,0.0909090909,0.2274232388,0.013108,0.533730,0.401542781
230055,,0.83485467,1.4877790653,1.4112317072,,1.5545721089,0.7000050712,0.4733037638,0.2122875767,-0.654163587,0.0838771007,0,1,1,1,0,1,1,1,1,1,1,9,0.1111111111,0.6781941641,0.013108,0.533730,1.2461100621
230058,,1.5152055731,1.3560847833,1.1054339683,,0.6607559558,,-0.264335032,-1.24791719,-1.120372276,0.4257342795,0,1,1,1,0,1,0,1,1,1,1,8,0.125,0.3038237578,0.013108,0.533730,0.5446872808
230059,-0.823984586,0.7254276017,-0.294483551,0.4938384906,,-0.828937633,,1.2109425595,1.1614206748,0.627910307,1.1094486371,1,1,1,1,0,1,0,1,1,1,1,9,0.1111111111,0.375731389,0.013108,0.533730,0.6794138773
23005F,,-0.192808233,0.1840056736,,,-0.034434386,,0.7683592821,,,,0,1,1,0,0,1,0,1,0,0,0,4,0.25,0.1812805844,0.013108,0.533730,0.3150896094
230066,2.0088586191,1.4295669979,0.5834783289,-2.360273739,0.8473618335,0.7600688617,-0.315101193,1.5059980778,,,0.0838771007,1,1,1,1,1,1,1,1,0,0,1,9,0.1111111111,0.5048705431,0.013108,0.533730,0.9213698203
230069,,1.0108895191,0.4825127128,-1.748678261,,1.2566333912,,0.3257760046,0.5773387682,0.1617016183,1.1094486371,0,1,1,1,0,1,0,1,1,1,1,8,0.125,0.3969527988,0.013108,0.533730,0.7191744461
230070,0.5406167139,-1.087255574,-1.940662076,-1.442880522,-0.591814703,-1.424815068,1.3767425806,-1.592084864,-1.758988858,0.8610146514,-0.941694436,1,1,1,1,1,1,1,1,1,1,1,11,0.0909090909,-0.727438378,0.013108,0.533730,-1.387492035
230071,,,,,,,,-2.477251419,,,0.0838771007,0,0,0,0,0,0,0,1,0,0,1,2,0.5,-1.196687159,0.013108,0.533730,-2.266679545
230072,1.4388352912,-0.149988945,0.6273764229,1.4112317072,,0.0648785204,1.5459269579,0.6208315229,0.6503490066,0.5113581348,1.1094486371,1,1,1,1,0,1,1,1,1,1,1,10,0.1,0.7830247256,0.013108,0.533730,1.4425212709
230075,,-0.178535137,0.5659190914,0.9015688091,,-0.828937633,0.1924519392,0.9158870412,1.2344309131,-1.120372276,1.1094486371,0,1,1,1,0,1,1,1,1,1,1,9,0.1111111111,0.3102068207,0.013108,0.533730,0.5566466281
230077,0.1087808594,0.4875426705,-0.004756131,-0.015824407,-0.112089191,0.7600688617,,1.0634148004,-0.37179433,0.627910307,-4.018409045,1,1,1,1,1,1,0,1,1,1,1,10,0.1,-0.147515561,0.013108,0.533730,-0.300944945
230078,,,,,,,,,,,0.7675914583,0,0,0,0,0,0,0,0,0,0,1,1,1,0.7675914583,0.013108,0.533730,1.4136054028
230080,,0.1307152738,-1.958221313,0.9015688091,,0.2635043322,1.2075582032,-0.264335032,0.3583080533,-0.071402726,1.1094486371,0,1,1,1,0,1,1,1,1,1,1,9,0.1111111111,0.1863493597,0.013108,0.533730,0.3245864991
230081,,0.5303619582,0.9653917467,-1.035150204,,2.1504495443,-0.48428557,1.2109425595,1.0154001981,-2.40244617,0.4257342795,0,1,1,1,0,1,1,1,1,1,1,9,0.1111111111,0.2640442603,0.013108,0.533730,0.4701561606
230085,,2.0528255174,1.3824236397,,,,,0.7683592821,,,,0,1,1,0,0,0,0,1,0,0,0,3,0.3333333333,1.4012028131,0.013108,0.533730,2.6007436789
230089,-1.440070405,-0.026288781,-0.52275364,0.2899733314,,-0.729624727,-1.161023079,-0.854446069,-0.298784092,0.627910307,-0.941694436,1,1,1,1,0,1,1,1,1,1,1,10,0.1,-0.505680159,0.013108,0.533730,-0.972004421
230092,1.1624603443,-0.454481657,-0.386669548,1.4112317072,-0.112089191,0.0648785204,0.0232675619,0.1782482455,-0.006743138,1.0941189957,0.0838771007,1,1,1,1,1,1,1,1,1,1,1,11,0.0909090909,0.2780089947,0.013108,0.533730,0.4963205759
230093,,0.1878076573,1.2068312637,,,-0.729624727,,-0.706918309,,,0.7675914583,0,1,1,0,0,1,0,1,0,0,1,5,0.2,0.1451374686,0.013108,0.533730,0.2473716371
230095,,1.1203165874,0.3464286214,0.1880407518,,-0.133747291,,-0.411862791,,,0.0838771007,0,1,1,1,0,1,0,1,0,0,1,6,0.1666666667,0.1988421631,0.013108,0.533730,0.3479930953
230097,1.4618665368,0.6350313279,0.6010375665,-1.137082783,1.0872245896,0.9586946735,-0.653469947,0.4733037638,1.9645332963,0.1617016183,1.1094486371,1,1,1,1,1,1,1,1,1,1,1,11,0.0909090909,0.6056626617,0.013108,0.533730,1.1102145766
230099,-0.17910971,0.2877193284,-0.974904008,0.1880407518,,-1.226189256,,-2.32972366,0.9423899598,0.7444624792,0.4257342795,1,1,1,1,0,1,0,1,1,1,1,9,0.1111111111,-0.235731093,0.013108,0.533730,-0.466226129
230100,,-0.454481657,0.078650248,0.5957710702,,1.1573204853,,0.4733037638,,,0.0838771007,0,1,1,1,0,1,0,1,0,0,1,6,0.1666666667,0.3224068352,0.013108,0.533730,0.5795046531
230104,-2.188585886,-0.773247464,-1.229512953,-2.054476,-0.591814703,0.3628172381,0.3616363166,-0.116807273,,,-1.283551615,1,1,1,1,1,1,1,1,0,0,1,9,0.1111111111,-0.834838038,0.013108,0.533730,-1.588716723
230105,0.7651713582,0.2639308353,0.298140718,1.717029446,0.4875676993,1.5545721089,-0.991838702,0.6208315229,1.5264718664,-1.703133137,-0.599837257,1,1,1,1,1,1,1,1,1,1,1,11,0.0909090909,0.3580824054,0.013108,0.533730,0.646346629
230108,,1.5152055731,1.9969969556,0.1880407518,,,,0.7683592821,0.285297815,-0.071402726,0.0838771007,0,1,1,1,0,0,0,1,1,1,1,7,0.1428571429,0.6809106789,0.013108,0.533730,1.2511997415
230110,,-0.207081328,0.539580235,-0.525487306,,-0.431686009,,0.3257760046,-0.736845521,-1.003820104,0.4257342795,0,1,1,1,0,1,0,1,1,1,1,8,0.125,-0.201728719,0.013108,0.533730,-0.402519064
230117,1.611569633,1.2725629433,0.8775955587,-0.933217624,0.1277735651,1.455259203,0.5308206939,1.8010535961,,,1.1094486371,1,1,1,1,1,1,1,1,0,0,1,9,0.1111111111,0.8725406896,0.013108,0.533730,1.610238952
23011F,-0.443969034,0.8158238755,0.6624948981,,,0.5614430499,0.8691894486,1.0634148004,,,,1,1,1,0,0,1,1,1,0,0,0,6,0.1666666667,0.588066173,0.013108,0.533730,1.0772456831
230121,,0.7492160948,-0.505194402,-0.015824407,,0.6607559558,0.3616363166,1.5059980778,-0.590825045,-0.421059243,1.1094486371,0,1,1,1,0,1,1,1,1,1,1,9,0.1111111111,0.3171279983,0.013108,0.533730,0.5696141907
23012F,,,,,,,,,,,,0,0,0,0,0,0,0,0,0,0,0,0,,,0.013108,0.533730,
230130,-1.250062629,-0.825582149,-1.075869624,0.9015688091,-0.831677459,1.7531979207,-1.161023079,-1.001973828,-0.517814807,0.3948059626,0.4257342795,1,1,1,1,1,1,1,1,1,1,1,11,0.0909090909,-0.289881509,0.013108,0.533730,-0.567682695
230132,,-1.815183463,-1.83530665,0.391905911,,0.462130144,0.8691894486,-0.264335032,,,-1.283551615,0,1,1,1,0,1,1,1,0,0,1,7,0.1428571429,-0.496450179,0.013108,0.533730,-0.954711073
230133,,0.9347663411,-0.237416029,0.391905911,,0.7600688617,,0.1782482455,-0.006743138,-0.770715759,0.0838771007,0,1,1,1,0,1,0,1,1,1,1,8,0.125,0.1667489417,0.013108,0.533730,0.287863031
230141,-1.221273572,-0.554393328,-0.66761735,1.3092991276,-0.831677459,-0.530998915,-2.006944966,-1.739612624,0.6503490066,0.7444624792,0.0838771007,1,1,1,1,1,1,1,1,1,1,1,11,0.0909090909,-0.433139136,0.013108,0.533730,-0.836091099
230142,-1.745234409,-1.37747519,-2.708878721,-1.137082783,,0.2635043322,-0.822654325,-1.739612624,,,0.0838771007,1,1,1,1,0,1,1,1,0,0,1,8,0.125,-1.147944577,0.013108,0.533730,-2.175355133
230144,,,,,,,,,,,,0,0,0,0,0,0,0,0,0,0,0,0,,,0.013108,0.533730,
230146,-0.397906543,-0.559151026,-0.904667058,-0.729352465,,-1.822066692,,-1.739612624,0.6503490066,1.0941189957,0.0838771007,1,1,1,1,0,1,0,1,1,1,1,9,0.1111111111,-0.480490145,0.013108,0.533730,-0.92480825
230151,-0.749133038,0.3448117119,-0.461296308,-1.239015363,,-1.722753786,-0.991838702,-1.297029346,-0.955876236,0.0451494461,0.4257342795,1,1,1,1,0,1,1,1,1,1,1,10,0.1,-0.660124734,0.013108,0.533730,-1.261372763
230156,0.3793979949,0.1259575752,-0.505194402,-0.933217624,1.0872245896,0.9586946735,1.2075582032,-0.264335032,-0.152763615,0.8610146514,0.7675914583,1,1,1,1,1,1,1,1,1,1,1,11,0.0909090909,0.3210844066,0.013108,0.533730,0.5770269426
230165,-0.207898767,-0.069108068,-0.851989345,0.5957710702,0.4875676993,-1.027563445,0.3616363166,-0.411862791,-0.663835283,-0.071402726,0.7675914583,1,1,1,1,1,1,1,1,1,1,1,11,0.0909090909,-0.099190353,0.013108,0.533730,-0.210402528
230167,0.9321478886,-1.467871463,0.2059547206,2.4305575034,-1.071540215,1.0580075794,-0.315101193,-1.149501587,-1.466947905,0.5113581348,0.4257342795,1,1,1,1,1,1,1,1,1,1,1,11,0.0909090909,0.0084361585,0.013108,0.533730,-0.00875281
230174,,,,0.5957710702,,,-0.48428557,0.1782482455,,,0.4257342795,0,0,0,1,0,0,1,1,0,0,1,4,0.25,0.1788670063,0.013108,0.533730,0.310567514
230176,-1.025507985,-0.673335793,-0.926616104,-0.321622146,,-0.630311821,,-2.772306938,,,0.4257342795,1,1,1,1,0,1,0,1,0,0,1,7,0.1428571429,-0.84628093,0.013108,0.533730,-1.610156198
230180,,0.3495694105,0.7985789895,-0.321622146,,0.2635043322,,-0.411862791,,,-0.257980078,0,1,1,1,0,1,0,1,0,0,1,6,0.1666666667,0.0700312861,0.013108,0.533730,0.1066522144
230193,,0.4209348898,0.5966477571,0.1880407518,,0.8593817676,-1.499391834,-0.706918309,,,0.4257342795,0,1,1,1,0,1,1,1,0,0,1,7,0.1428571429,0.0406327575,0.013108,0.533730,0.0515709437
230195,-1.111875156,-1.149105656,-1.216343525,0.9015688091,,-3.609698998,-1.668576211,-0.116807273,,,0.4257342795,1,1,1,1,0,1,1,1,0,0,1,8,0.125,-0.943137966,0.013108,0.533730,-1.79162816
230197,-0.852773643,-0.050077274,-0.996853055,0.7996362295,-0.591814703,-0.630311821,-0.653469947,0.1782482455,,,0.4257342795,1,1,1,1,1,1,1,1,0,0,1,9,0.1111111111,-0.263520188,0.013108,0.533730,-0.518291955
230207,,0.6017274375,-0.197907744,-0.525487306,,-0.233060197,,-0.411862791,-0.006743138,0.1617016183,-0.257980078,0,1,1,1,0,1,0,1,1,1,1,8,0.125,-0.108701525,0.013108,0.533730,-0.22822272
230208,,0.4352079857,1.3385255457,-0.117756987,,0.1641914263,,0.3257760046,,,,0,1,1,1,0,1,0,1,0,0,0,5,0.2,0.429188795,0.013108,0.533730,0.7795720143
230216,-0.21941439,-0.502058643,0.4386146188,-2.360273739,0.7274304554,-1.722753786,-1.161023079,-0.706918309,0.8693797215,0.3948059626,0.4257342795,1,1,1,1,1,1,1,1,1,1,1,11,0.0909090909,-0.346952446,0.013108,0.533730,-0.674611166
230217,,-0.797035958,0.6537152793,-1.137082783,,-0.332373103,,0.1782482455,,,0.0838771007,0,1,1,1,0,1,0,1,0,0,1,6,0.1666666667,-0.225108536,0.013108,0.533730,-0.44632364
230222,-0.380633109,0.6017274375,-0.074993081,0.0861081721,0.3676363213,1.1573204853,-0.48428557,0.0307204863,0.8693797215,0.1617016183,0.7675914583,1,1,1,1,1,1,1,1,1,1,1,11,0.0909090909,0.2820249037,0.013108,0.533730,0.5038448087
230227,-0.029406614,-0.306992999,-0.553482306,0.6977036498,-0.351951947,0.8593817676,,-2.034668142,,,0.4257342795,1,1,1,1,1,1,0,1,0,0,1,8,0.125,-0.161710289,0.013108,0.533730,-0.327540279
230230,0.2124214645,0.1402306711,-0.59299059,-0.729352465,0.2477049432,0.2635043322,,1.8010535961,1.0154001981,-1.470028792,-0.257980078,1,1,1,1,1,1,0,1,1,1,1,10,0.1,0.062996328,0.013108,0.533730,0.0934714721
230236,-0.374875298,0.5303619582,-0.707125635,0.9015688091,,1.0580075794,1.3767425806,1.653525837,1.5264718664,0.627910307,0.4257342795,1,1,1,1,0,1,1,1,1,1,1,10,0.1,0.7018322285,0.013108,0.533730,1.2903984904
230239,,0.3828733008,-0.59299059,-1.646745681,,0.2635043322,0.0232675619,1.3584703187,-0.37179433,0.1617016183,0.4257342795,0,1,1,1,0,1,1,1,1,1,1,9,0.1111111111,0.0004467567,0.013108,0.533730,-0.023721804
230241,,-0.835097547,-0.184738316,0.5957710702,,0.2635043322,,0.6208315229,,,0.4257342795,0,1,1,1,0,1,0,1,0,0,1,6,0.1666666667,0.147667557,0.013108,0.533730,0.2521120269
230244,,0.0260459041,0.4693432846,-1.239015363,,0.6607559558,-1.330207457,-2.772306938,,,-1.283551615,0,1,1,1,0,1,1,1,0,0,1,7,0.1428571429,-0.781276604,0.013108,0.533730,-1.488363679
230254,0.8803275861,0.368600205,-1.39632571,-0.219689567,0.3676363213,0.2635043322,-1.499391834,-0.854446069,,,0.4257342795,1,1,1,1,1,1,1,1,0,0,1,9,0.1111111111,-0.184894495,0.013108,0.533730,-0.370978355
230259,,0.002257411,0.1488871984,0.5957710702,,-0.332373103,-0.48428557,-0.706918309,-0.152763615,-1.120372276,1.1094486371,0,1,1,1,0,1,1,1,1,1,1,9,0.1111111111,-0.104483173,0.013108,0.533730,-0.220319189
230264,,,,,,,,,,,,0,0,0,0,0,0,0,0,0,0,0,0,,,0.013108,0.533730,
230269,-0.276992504,-0.654304999,-1.32169895,-1.035150204,-0.471883325,0.1641914263,0.0232675619,-1.001973828,-0.079753377,0.627910307,0.0838771007,1,1,1,1,1,1,1,1,1,1,1,11,0.0909090909,-0.358410072,0.013108,0.533730,-0.696078247
230270,,-1.153863354,-1.756290081,-1.850610841,,0.0648785204,,-1.149501587,,,1.4513058159,0,1,1,1,0,1,0,1,0,0,1,6,0.1666666667,-0.732346921,0.013108,0.533730,-1.396688713
230273,,-2.785753982,-3.253215086,-0.117756987,,-1.722753786,,-0.411862791,,,,0,1,1,1,0,1,0,1,0,0,0,5,0.2,-1.658268526,0.013108,0.533730,-3.131501339
230275,,,,,,,,,,,,0,0,0,0,0,0,0,0,0,0,0,0,,,0.013108,0.533730,
230277,0.0742339911,0.0070151097,-0.395449167,0.5957710702,,-0.928250539,-1.668576211,-0.264335032,-1.101896713,0.1617016183,-0.257980078,1,1,1,1,0,1,1,1,1,1,1,10,0.1,-0.377776595,0.013108,0.533730,-0.732363488
230279,,,,,,,,1.9485813553,,,,0,0,0,0,0,0,0,1,0,0,0,1,1,1.9485813553,0.013108,0.533730,3.6263156073
230297,,,1.0751369817,-1.035150204,,,,0.0307204863,1.2344309131,-0.421059243,0.4257342795,0,0,1,1,0,0,0,1,1,1,1,6,0.1666666667,0.2183022024,0.013108,0.533730,0.384453549
230301,,,,,,,,-2.477251419,,,0.7675914583,0,0,0,0,0,0,0,1,0,0,1,2,0.5,-0.85482998,0.013108,0.533730,-1.626173754
230302,-1.411281348,-1.27280582,-2.186491402,-1.137082783,,-0.828937633,,-1.297029346,1.0884104365,0.0451494461,0.4257342795,1,1,1,1,0,1,0,1,1,1,1,9,0.1111111111,-0.730481574,0.013108,0.533730,-1.393193788
230303,,1.0632242039,-0.092552319,0.1880407518,,,,1.653525837,,,0.4257342795,0,1,1,1,0,0,0,1,0,0,1,5,0.2,0.6475945507,0.013108,0.533730,1.1887784313
23037F,,0.9775856287,-0.632498875,,,1.0580075794,-1.499391834,-0.264335032,,,,0,1,1,0,0,1,1,1,0,0,0,5,0.2,-0.072126507,0.013108,0.533730,-0.159695533
231300,,,,0.5957710702,,,,,0.9423899598,0.2782537905,,0,0,0,1,0,0,0,0,1,1,0,3,0.3333333333,0.6054716068,0.013108,0.533730,1.109856615
231301,,,0.4912923316,-0.015824407,,0.2635043322,,0.0307204863,1.3074411514,0.5113581348,,0,0,1,1,0,1,0,1,1,1,0,6,0.1666666667,0.4314153381,0.013108,0.533730,0.7837436796
231303,,,,,,,,0.1782482455,0.7963694832,-1.35347662,,0,0,0,0,0,0,0,1,1,1,0,3,0.3333333333,-0.126286297,0.013108,0.533730,-0.261169662
231304,,,0.7678503237,,,,,0.1782482455,,,,0,0,1,0,0,0,0,1,0,0,0,2,0.5,0.4730492846,0.013108,0.533730,0.8617493073
231305,,-0.111927356,-0.149619841,-1.239015363,,,,-0.116807273,,,,0,1,1,1,0,0,0,1,0,0,0,4,0.25,-0.404342458,0.013108,0.533730,-0.782137459
231306,,,,,,,,0.3257760046,0.6503490066,-0.30450707,,0,0,0,0,0,0,0,1,1,1,0,3,0.3333333333,0.2238726469,0.013108,0.533730,0.3948903694
231307,,,,,,-0.332373103,,-0.264335032,,,,0,0,0,0,0,1,0,1,0,0,0,2,0.5,-0.298354068,0.013108,0.533730,-0.583556934
231308,,,,0.2899733314,,,,0.3257760046,,,,0,0,0,1,0,0,0,1,0,0,0,2,0.5,0.307874668,0.013108,0.533730,0.552277092
231310,,,-0.044264415,,,,0.1924519392,0.0307204863,0.6503490066,0.0451494461,0.0838771007,0,0,1,0,0,0,1,1,1,1,1,6,0.1666666667,0.1597139273,0.013108,0.533730,0.2746821831
231311,,,,-0.321622146,,,,,,,,0,0,0,1,0,0,0,0,0,0,0,1,1,-0.321622146,0.013108,0.533730,-0.627152155
231312,,,,-1.646745681,,,,,,,,0,0,0,1,0,0,0,0,0,0,0,1,1,-1.646745681,0.013108,0.533730,-3.109912063
231313,,,,-0.219689567,,,0.5308206939,-0.116807273,,,,0,0,0,1,0,0,1,1,0,0,0,3,0.3333333333,0.0647746181,0.013108,0.533730,0.0968032878
231314,,,,-0.015824407,,,,0.0307204863,,,,0,0,0,1,0,0,0,1,0,0,0,2,0.5,0.0074480394,0.013108,0.533730,-0.010604156
231315,,,0.7941891801,,,,,0.1782482455,,,,0,0,1,0,0,0,0,1,0,0,0,2,0.5,0.4862187128,0.013108,0.533730,0.886423632
231316,,,-0.132060603,,,,,0.1782482455,,,,0,0,1,0,0,0,0,1,0,0,0,2,0.5,0.0230938211,0.013108,0.533730,0.0187098807
231318,,0.2591731367,1.3955930679,,,,,0.3257760046,,,,0,1,1,0,0,0,0,1,0,0,0,3,0.3333333333,0.6601807364,0.013108,0.533730,1.2123599891
231319,,-1.044436286,0.1971751018,,,,,-1.149501587,0.5043285299,0.1617016183,,0,1,1,0,0,0,0,1,1,1,0,5,0.2,-0.266146525,0.013108,0.533730,-0.523212676
231320,,,1.5711854439,0.4938384906,,,,-0.264335032,,,,0,0,1,1,0,0,0,1,0,0,0,3,0.3333333333,0.6002296342,0.013108,0.533730,1.1000352215
231321,,1.2249859571,1.3209663081,-0.525487306,,,0.3616363166,-0.116807273,,,0.0838771007,0,1,1,1,0,0,1,1,0,0,1,6,0.1666666667,0.3915285173,0.013108,0.533730,0.7090114777
231322,,,0.2718018616,,,,0.0232675619,-0.55939055,0.5773387682,-0.187954898,0.7675914583,0,0,1,0,0,0,1,1,1,1,1,6,0.1666666667,0.1487757003,0.013108,0.533730,0.2541882511
231323,,,,0.9015688091,,,,,1.3804513897,-1.003820104,,0,0,0,1,0,0,0,0,1,1,0,3,0.3333333333,0.4260666984,0.013108,0.533730,0.7737224342
231324,,,,-0.117756987,,,,0.0307204863,,,-0.941694436,0,0,0,1,0,0,0,1,0,0,1,3,0.3333333333,-0.342910312,0.013108,0.533730,-0.667037798
231325,,-0.440208561,-1.084649243,0.5957710702,,,,0.1782482455,0.8693797215,0.1617016183,,0,1,1,1,0,0,0,1,1,1,0,6,0.1666666667,0.046707142,0.013108,0.533730,0.0629519492
231326,,0.7825199852,-0.430567642,0.5957710702,,-0.332373103,,0.7683592821,,,,0,1,1,1,0,1,0,1,0,0,0,5,0.2,0.2767419184,0.013108,0.533730,0.4939465737
231327,,0.8063084783,0.8775955587,0.391905911,,,,-0.116807273,,,-0.257980078,0,1,1,1,0,0,0,1,0,0,1,5,0.2,0.3402045194,0.013108,0.533730,0.6128505078
231328,,,-0.939785533,-0.219689567,,,,0.4733037638,,,,0,0,1,1,0,0,0,1,0,0,0,3,0.3333333333,-0.228723779,0.013108,0.533730,-0.45309718
231329,,,,-0.117756987,,,,,,,,0,0,0,1,0,0,0,0,0,0,0,1,1,-0.117756987,0.013108,0.533730,-0.245189092
231330,,,,-2.054476,,,,0.6208315229,,,,0,0,0,1,0,0,0,1,0,0,0,2,0.5,-0.716822238,0.013108,0.533730,-1.367601568
231331,,0.9918587246,-0.939785533,,,0.1641914263,,-0.411862791,,,,0,1,1,0,0,1,0,1,0,0,0,4,0.25,-0.048899543,0.013108,0.533730,-0.116177346
231332,,0.0641074931,0.7327318485,-0.219689567,,0.462130144,,0.3257760046,,,,0,1,1,1,0,1,0,1,0,0,0,5,0.2,0.2730111847,0.013108,0.533730,0.4869566473
231333,,-2.06734149,-1.418274757,,,,,-0.264335032,,,,0,1,1,0,0,0,0,1,0,0,0,3,0.3333333333,-1.24998376,0.013108,0.533730,-2.366536396
231337,,1.339170724,0.8732057493,0.0861081721,,0.0648785204,,0.1782482455,-0.006743138,-1.120372276,0.0838771007,0,1,1,1,0,1,0,1,1,1,1,8,0.125,0.1872966372,0.013108,0.533730,0.3263613244
231338,,0.5351196568,0.2015649112,-0.117756987,,0.462130144,,0.6208315229,0.1392773383,-0.071402726,-0.257980078,0,1,1,1,0,1,0,1,1,1,1,8,0.125,0.1889729727,0.013108,0.533730,0.3295021173
231339,,0.6255159306,0.9478325091,0.1880407518,,-1.325502162,,-2.32972366,0.2122875767,0.2782537905,0.0838771007,0,1,1,1,0,1,0,1,1,1,1,8,0.125,-0.16492727,0.013108,0.533730,-0.333567636
231340,,,,0.391905911,,,,,,,-1.283551615,0,0,0,1,0,0,0,0,0,0,1,2,0.5,-0.445822852,0.013108,0.533730,-0.859855389
240001,0.5751635822,-0.145231246,-0.549092496,-0.117756987,1.3270873457,-1.62344088,,-1.592084864,0.0662671,-0.071402726,-0.599837257,1,1,1,1,1,1,0,1,1,1,1,10,0.1,-0.273032843,0.013108,0.533730,-0.536114926
240002,-0.334570618,0.9823433273,-0.632498875,0.0861081721,-1.791128484,1.2566333912,,1.3584703187,,,-0.599837257,1,1,1,1,1,1,0,1,0,0,1,8,0.125,0.040689997,0.013108,0.533730,0.051678188
240004,,-0.045319575,1.0619675535,0.391905911,,-0.928250539,,0.9158870412,-0.298784092,-1.819685309,-0.599837257,0,1,1,1,0,1,0,1,1,1,1,8,0.125,-0.165264533,0.013108,0.533730,-0.334199533
240006,,1.3486861213,-0.51836383,0.4938384906,,,0.0232675619,0.9158870412,,,0.4257342795,0,1,1,1,0,0,1,1,0,0,1,6,0.1666666667,0.448174944,0.013108,0.533730,0.8151445841
240010,1.7843039748,1.1774089708,0.5571394726,0.1880407518,1.6868814799,-0.034434386,-0.315101193,1.8010535961,-0.517814807,-1.703133137,0.4257342795,1,1,1,1,1,1,1,1,1,1,1,11,0.0909090909,0.4590980913,0.013108,0.533730,0.8356102625
240014,,1.2630475461,0.0610910104,0.1880407518,,,,0.1782482455,0.8693797215,0.627910307,1.1094486371,0,1,1,1,0,0,0,1,1,1,1,7,0.1428571429,0.6138808885,0.013108,0.533730,1.1256122987
240018,,0.2686885339,-0.413008405,-1.442880522,,,0.3616363166,0.1782482455,1.0884104365,-0.654163587,0.7675914583,0,1,1,1,0,0,1,1,1,1,1,8,0.125,0.0193153096,0.013108,0.533730,0.0116304374
240019,,,1.3780338303,,,,,0.3257760046,-0.80985576,0.0451494461,0.7675914583,0,0,1,0,0,0,0,1,1,1,1,5,0.2,0.3413389959,0.013108,0.533730,0.6149760702
240020,,0.5779389444,0.9873407937,0.2899733314,,,0.7000050712,0.3257760046,,,-0.599837257,0,1,1,1,0,0,1,1,0,0,1,6,0.1666666667,0.3801994814,0.013108,0.533730,0.6877853237
240022,,1.9624292436,1.0356286971,-0.015824407,,0.6607559558,,1.2109425595,0.2122875767,-0.187954898,0.4257342795,0,1,1,1,0,1,0,1,1,1,1,8,0.125,0.6629998758,0.013108,0.533730,1.2176419467
24002F,,,,,,,,,,,,0,0,0,0,0,0,0,0,0,0,0,0,,,0.013108,0.533730,
240030,,-0.977828505,0.1927852924,0.2899733314,,1.3559462971,0.5308206939,0.0307204863,-0.079753377,-0.071402726,0.4257342795,0,1,1,1,0,1,1,1,1,1,1,9,0.1111111111,0.1885550858,0.013108,0.533730,0.3287191617
240036,0.5118276569,1.9624292436,1.2507293577,1.2073665479,0.4875676993,-0.530998915,-0.315101193,0.9158870412,0.6503490066,0.5113581348,-0.257980078,1,1,1,1,1,1,1,1,1,1,1,11,0.0909090909,0.5812213184,0.013108,0.533730,1.0644211198
240038,0.7651713582,0.116442178,0.6142069947,0.9015688091,0.1277735651,-0.530998915,-0.822654325,0.0307204863,-0.079753377,-0.537611415,0.0838771007,1,1,1,1,1,1,1,1,1,1,1,11,0.0909090909,0.0607947692,0.013108,0.533730,0.0893466174
24003F,-1.29612512,-0.487785547,-0.066213462,,,2.8456398856,0.3616363166,2.3911646327,,,,1,1,1,0,0,1,1,1,0,0,0,6,0.1666666667,0.6247194509,0.013108,0.533730,1.1459194983
240040,,0.1259575752,-2.520116917,0.7996362295,,,,0.6208315229,-0.37179433,-0.654163587,0.0838771007,0,1,1,1,0,0,0,1,1,1,1,7,0.1428571429,-0.273681772,0.013108,0.533730,-0.537330764
240043,,1.6484211345,0.8863751775,-0.729352465,,1.7531979207,-1.499391834,0.6208315229,0.5773387682,0.0451494461,0.0838771007,0,1,1,1,0,1,1,1,1,1,1,9,0.1111111111,0.3762718635,0.013108,0.533730,0.6804265138
240044,,1.0204049163,0.3332591932,-0.831285044,,1.1573204853,,1.2109425595,,,-0.257980078,0,1,1,1,0,1,0,1,0,0,1,6,0.1666666667,0.4387770053,0.013108,0.533730,0.7975365461
240047,0.2354527101,0.4209348898,-0.689566397,-1.239015363,0.3676363213,0.5614430499,0.7000050712,-0.411862791,0.7233592449,-1.586580964,-0.257980078,1,1,1,1,1,1,1,1,1,1,1,11,0.0909090909,-0.106924937,0.013108,0.533730,-0.224894094
240050,,-0.216596726,1.0444083159,-1.035150204,,-0.530998915,,0.4733037638,,,-0.257980078,0,1,1,1,0,1,0,1,0,0,1,6,0.1666666667,-0.087168974,0.013108,0.533730,-0.187879195
240052,,1.415293902,1.5009484935,2.0228271849,,,0.0232675619,-0.116807273,0.6503490066,-0.30450707,1.1094486371,0,1,1,1,0,0,1,1,1,1,1,8,0.125,0.7876025553,0.013108,0.533730,1.4510983219
240053,-1.12914859,0.0593497945,-0.031094987,0.9015688091,-0.951608837,-1.027563445,-1.499391834,-0.706918309,0.4313182916,-0.887267931,-0.257980078,1,1,1,1,1,1,1,1,1,1,1,11,0.0909090909,-0.463521556,0.013108,0.533730,-0.893015794
240056,,0.7730045879,0.3288693838,-2.360273739,,0.462130144,0.8691894486,0.4733037638,,,-0.257980078,0,1,1,1,0,1,1,1,0,0,1,7,0.1428571429,0.0411776445,0.013108,0.533730,0.0525918474
240057,0.8976010203,0.7777622865,-1.132937146,-2.360273739,0.8473618335,0.9586946735,0.5308206939,1.2109425595,-0.444804568,0.1617016183,-2.309123151,1,1,1,1,1,1,1,1,1,1,1,11,0.0909090909,-0.07838672,0.013108,0.533730,-0.171424708
240064,,1.1203165874,-0.641278494,-0.831285044,,,,1.3584703187,0.6503490066,-0.071402726,0.4257342795,0,1,1,1,0,0,0,1,1,1,1,7,0.1428571429,0.2872719897,0.013108,0.533730,0.5136757825
240066,,0.5303619582,0.342038812,-1.544813102,,0.8593817676,0.1924519392,0.1782482455,-0.444804568,-0.654163587,-0.599837257,0,1,1,1,0,1,1,1,1,1,1,9,0.1111111111,-0.126792866,0.013108,0.533730,-0.262118772
240069,,0.3590848077,1.7511676292,-2.258341159,,,0.0232675619,0.9158870412,,,0.7675914583,0,1,1,1,0,0,1,1,0,0,1,6,0.1666666667,0.2597762232,0.013108,0.533730,0.462159539
240071,,0.9775856287,,-0.117756987,,,,0.0307204863,,,,0,1,0,1,0,0,0,1,0,0,0,3,0.3333333333,0.2968497093,0.013108,0.533730,0.531620659
240075,-0.207898767,0.5160888623,1.4658300183,2.0228271849,,1.0580075794,,0.6208315229,0.1392773383,-1.003820104,0.7675914583,1,1,1,1,0,1,0,1,1,1,1,9,0.1111111111,0.5976372326,0.013108,0.533730,1.0951780815
240076,,0.5969697389,1.2946274517,0.6977036498,,,1.5459269579,0.3257760046,,,0.7675914583,0,1,1,1,0,0,1,1,0,0,1,6,0.1666666667,0.8714325435,0.013108,0.533730,1.6081627225
240078,0.5406167139,1.7673636001,0.3069203368,-0.015824407,1.0872245896,0.1641914263,-0.145916815,2.3911646327,,,-0.941694436,1,1,1,1,1,1,1,1,0,0,1,9,0.1111111111,0.5726717379,0.013108,0.533730,1.0484025712
240080,1.1970072127,-0.778005163,0.1752260548,-0.219689567,0.4875676993,-0.233060197,0.0232675619,0.1782482455,-1.612968381,-2.052789653,0.0838771007,1,1,1,1,1,1,1,1,1,1,1,11,0.0909090909,-0.250119917,0.013108,0.533730,-0.493185122
240084,,-0.273689109,0.2147343394,-0.219689567,,,,0.6208315229,0.1392773383,-1.120372276,0.7675914583,0,1,1,1,0,0,0,1,1,1,1,7,0.1428571429,0.0183833868,0.013108,0.533730,0.0098843808
240088,,0.0498343973,0.3069203368,0.0861081721,,,,0.1782482455,0.5043285299,-1.936237481,0.0838771007,0,1,1,1,0,0,0,1,1,1,1,7,0.1428571429,-0.103845814,0.013108,0.533730,-0.21912503
240093,0.8169916608,1.6389057373,1.2112210731,0.1880407518,,0.9586946735,1.2075582032,2.2436368736,-1.539958143,-1.703133137,0.4257342795,1,1,1,1,0,1,1,1,1,1,1,10,0.1,0.5447691973,0.013108,0.533730,0.9961241933
240100,-1.428554783,-0.578181821,0.5044617598,1.0035013887,,1.3559462971,,1.8010535961,0.285297815,-0.30450707,0.0838771007,1,1,1,1,0,1,0,1,1,1,1,9,0.1111111111,0.3025438093,0.013108,0.533730,0.5422891611
240101,,0.7254276017,1.4965586841,1.0035013887,,0.6607559558,,0.4733037638,0.5043285299,-0.071402726,0.4257342795,0,1,1,1,0,1,0,1,1,1,1,8,0.125,0.6522759347,0.013108,0.533730,1.1975495021
240104,,-0.09765426,0.1137687232,0.1880407518,,0.462130144,-0.315101193,-1.149501587,0.6503490066,0.0451494461,0.4257342795,0,1,1,1,0,1,1,1,1,1,1,9,0.1111111111,0.035879479,0.013108,0.533730,0.0426651709
240106,0.3390933151,-0.502058643,-0.250585457,1.3092991276,-0.711746081,-0.828937633,-0.315101193,1.5059980778,0.1392773383,-0.537611415,0.4257342795,1,1,1,1,1,1,1,1,1,1,1,11,0.0909090909,0.0521237924,0.013108,0.533730,0.0731006201
240115,0.1836324075,0.6683352182,0.5000719504,-1.748678261,-1.791128484,-1.12687635,1.2075582032,1.2109425595,-2.197050288,-2.052789653,-0.941694436,1,1,1,1,1,1,1,1,1,1,1,11,0.0909090909,-0.553425194,0.013108,0.533730,-1.061459824
240141,,-0.37360078,,0.6977036498,,,,0.0307204863,0.8693797215,-0.071402726,0.0838771007,0,1,0,1,0,0,0,1,1,1,1,6,0.1666666667,0.2061129087,0.013108,0.533730,0.3616156106
240166,,0.6635775196,1.0356286971,0.6977036498,,0.462130144,,0.9158870412,0.1392773383,-2.868654858,0.4257342795,0,1,1,1,0,1,0,1,1,1,1,8,0.125,0.1839104764,0.013108,0.533730,0.3200169918
240187,,0.4780272733,1.7423880104,0.4938384906,,,,0.9158870412,,,0.4257342795,0,1,1,1,0,0,0,1,0,0,1,5,0.2,0.811175019,0.013108,0.533730,1.4952638402
240206,,,,,,,,,,,,0,0,0,0,0,0,0,0,0,0,0,0,,,0.013108,0.533730,
240207,0.2066636531,0.2686885339,0.0874298668,0.9015688091,,0.462130144,,1.5059980778,,,-0.257980078,1,1,1,1,0,1,0,1,0,0,1,7,0.1428571429,0.4534998581,0.013108,0.533730,0.8251213771
240210,-0.046680048,-0.111927356,-0.29887336,-1.442880522,0.6074990774,1.0580075794,,1.8010535961,-1.101896713,-0.30450707,-0.599837257,1,1,1,1,1,1,0,1,1,1,1,10,0.1,-0.044004207,0.013108,0.533730,-0.107005414
240213,,-0.335539191,0.6361560417,-0.933217624,,0.462130144,0.1924519392,0.3257760046,1.0154001981,-0.071402726,-0.257980078,0,1,1,1,0,1,1,1,1,1,1,9,0.1111111111,0.1148638565,0.013108,0.533730,0.1906508043
240214,,0.6921237113,-0.22863641,0.0861081721,,,-0.145916815,0.0307204863,,,-0.941694436,0,1,1,1,0,0,1,1,0,0,1,6,0.1666666667,-0.084549215,0.013108,0.533730,-0.182970799
241301,,,,,,,,,,,,0,0,0,0,0,0,0,0,0,0,0,0,,,0.013108,0.533730,
241302,,,,,,,,-0.55939055,,,,0,0,0,0,0,0,0,1,0,0,0,1,1,-0.55939055,0.013108,0.533730,-1.072636553
241303,,,,0.2899733314,,,,0.1782482455,,,,0,0,0,1,0,0,0,1,0,0,0,2,0.5,0.2341107884,0.013108,0.533730,0.4140726167
241304,,,,0.1880407518,,,,,,,,0,0,0,1,0,0,0,0,0,0,0,1,1,0.1880407518,0.013108,0.533730,0.3277555021
241305,,,,,,,,-0.116807273,,,,0,0,0,0,0,0,0,1,0,0,0,1,1,-0.116807273,0.013108,0.533730,-0.243409701
241306,,,-0.039874606,,,,0.3616363166,0.4733037638,,,,0,0,1,0,0,0,1,1,0,0,0,3,0.3333333333,0.2650218249,0.013108,0.533730,0.4719877317
241308,,,,0.5957710702,,,,0.1782482455,,,,0,0,0,1,0,0,0,1,0,0,0,2,0.5,0.3870096578,0.013108,0.533730,0.7005449138
241309,,,,0.1880407518,,,,,,,,0,0,0,1,0,0,0,0,0,0,0,1,1,0.1880407518,0.013108,0.533730,0.3277555021
241311,,,,,,,,,,,,0,0,0,0,0,0,0,0,0,0,0,0,,,0.013108,0.533730,
241312,,,,,,,,,,,,0,0,0,0,0,0,0,0,0,0,0,0,,,0.013108,0.533730,
241313,,,,,,,,,,,,0,0,0,0,0,0,0,0,0,0,0,0,,,0.013108,0.533730,
241314,,,,,,,,0.0307204863,,,,0,0,0,0,0,0,0,1,0,0,0,1,1,0.0307204863,0.013108,0.533730,0.0329992492
241315,,,,-0.219689567,,,,-0.116807273,,,,0,0,0,1,0,0,0,1,0,0,0,2,0.5,-0.16824842,0.013108,0.533730,-0.339790162
241316,,,,,,,,,,,,0,0,0,0,0,0,0,0,0,0,0,0,,,0.013108,0.533730,
241317,,,,,,,,,,,,0,0,0,0,0,0,0,0,0,0,0,0,,,0.013108,0.533730,
241318,,,,-0.117756987,,,,0.4733037638,,,,0,0,0,1,0,0,0,1,0,0,0,2,0.5,0.1777733883,0.013108,0.533730,0.3085185045
241319,,,,,,,,0.1782482455,,,,0,0,0,0,0,0,0,1,0,0,0,1,1,0.1782482455,0.013108,0.533730,0.3094081998
241320,,,0.9653917467,,,,,-0.264335032,,,,0,0,1,0,0,0,0,1,0,0,0,2,0.5,0.3505283574,0.013108,0.533730,0.6321933165
241321,,,,,,,,,,,,0,0,0,0,0,0,0,0,0,0,0,0,,,0.013108,0.533730,
241322,,,1.2990172611,,,,,0.6208315229,,,,0,0,1,0,0,0,0,1,0,0,0,2,0.5,0.959924392,0.013108,0.533730,1.7739616143
241323,,,,-0.729352465,,,,-0.264335032,,,,0,0,0,1,0,0,0,1,0,0,0,2,0.5,-0.496843748,0.013108,0.533730,-0.955448466
241325,,,0.0171929164,,,,,0.4733037638,0.0662671,0.7444624792,,0,0,1,0,0,0,0,1,1,1,0,4,0.25,0.3253065648,0.013108,0.533730,0.5849376051
241326,,1.0299203135,,,,,,-0.264335032,-0.079753377,-0.654163587,,0,1,0,0,0,0,0,1,1,1,0,4,0.25,0.0079170795,0.013108,0.533730,-0.009725359
241327,,,1.1585433603,-0.831285044,,,,0.1782482455,,,,0,0,1,1,0,0,0,1,0,0,0,3,0.3333333333,0.1685021871,0.013108,0.533730,0.2911479227
241328,,,,-0.117756987,,,,-0.116807273,,,,0,0,0,1,0,0,0,1,0,0,0,2,0.5,-0.11728213,0.013108,0.533730,-0.244299397
241329,,,-0.698346016,,,,,0.0307204863,0.3583080533,-0.187954898,,0,0,1,0,0,0,0,1,1,1,0,4,0.25,-0.124318094,0.013108,0.533730,-0.257482023
241330,,1.201197464,1.759947248,0.7996362295,,,,0.0307204863,,,,0,1,1,1,0,0,0,1,0,0,0,4,0.25,0.9478753569,0.013108,0.533730,1.7513864653
241332,,,,0.2899733314,,,0.5308206939,0.3257760046,,,,0,0,0,1,0,0,1,1,0,0,0,3,0.3333333333,0.38219001,0.013108,0.533730,0.6915147908
241333,,,0.8336974647,,,,,0.0307204863,,,,0,0,1,0,0,0,0,1,0,0,0,2,0.5,0.4322089755,0.013108,0.533730,0.7852306437
241334,,,,-0.015824407,,,0.5308206939,0.3257760046,,,,0,0,0,1,0,0,1,1,0,0,0,3,0.3333333333,0.2802574304,0.013108,0.533730,0.5005332594
241335,,,,-0.015824407,,,,0.6208315229,,,,0,0,0,1,0,0,0,1,0,0,0,2,0.5,0.3025035577,0.013108,0.533730,0.5422137455
241336,,,,0.2899733314,,,,0.0307204863,,,,0,0,0,1,0,0,0,1,0,0,0,2,0.5,0.1603469088,0.013108,0.533730,0.2758681414
241337,,,,,,,,-0.116807273,,,,0,0,0,0,0,0,0,1,0,0,0,1,1,-0.116807273,0.013108,0.533730,-0.243409701
241338,,,,,,,,0.4733037638,,,,0,0,0,0,0,0,0,1,0,0,0,1,1,0.4733037638,0.013108,0.533730,0.8622261011
241339,,,,0.2899733314,,,,0.3257760046,,,,0,0,0,1,0,0,0,1,0,0,0,2,0.5,0.307874668,0.013108,0.533730,0.552277092
241340,,,,,,,,0.3257760046,,,,0,0,0,0,0,0,0,1,0,0,0,1,1,0.3257760046,0.013108,0.533730,0.5858171505
241341,,,,,,,,,,,,0,0,0,0,0,0,0,0,0,0,0,0,,,0.013108,0.533730,
241342,,,0.3332591932,0.6977036498,,,,-0.264335032,,,-0.599837257,0,0,1,1,0,0,0,1,0,0,1,4,0.25,0.0416976385,0.013108,0.533730,0.0535661116
241343,,,,,,,,0.1782482455,,,,0,0,0,0,0,0,0,1,0,0,0,1,1,0.1782482455,0.013108,0.533730,0.3094081998
241344,,,0.0084132976,-0.117756987,,,,0.4733037638,-0.006743138,0.1617016183,,0,0,1,1,0,0,0,1,1,1,0,5,0.2,0.1037837109,0.013108,0.533730,0.1698909728
241345,,,0.1137687232,,,,,-0.264335032,,,,0,0,1,0,0,0,0,1,0,0,0,2,0.5,-0.075283154,0.013108,0.533730,-0.165609848
241346,,,,,,,,-0.116807273,,,,0,0,0,0,0,0,0,1,0,0,0,1,1,-0.116807273,0.013108,0.533730,-0.243409701
241347,,,,0.2899733314,,,,0.1782482455,,,,0,0,0,1,0,0,0,1,0,0,0,2,0.5,0.2341107884,0.013108,0.533730,0.4140726167
241348,,,,,,,,-0.116807273,,,,0,0,0,0,0,0,0,1,0,0,0,1,1,-0.116807273,0.013108,0.533730,-0.243409701
241349,,,-0.81248106,,,,,0.3257760046,,,,0,0,1,0,0,0,0,1,0,0,0,2,0.5,-0.243352528,0.013108,0.533730,-0.480505698
241350,,,,0.2899733314,,,,-0.55939055,,,,0,0,0,1,0,0,0,1,0,0,0,2,0.5,-0.134708609,0.013108,0.533730,-0.27694976
241351,,,1.1322045039,,,,0.7000050712,0.0307204863,,,,0,0,1,0,0,0,1,1,0,0,0,3,0.3333333333,0.6209766872,0.013108,0.533730,1.1389070323
241353,,-1.058709382,0.2937509086,,,,0.8691894486,-0.264335032,0.0662671,-0.537611415,,0,1,1,0,0,0,1,1,1,1,0,6,0.1666666667,-0.105241395,0.013108,0.533730,-0.221739799
241354,,0.6302736292,0.9478325091,,,,0.5308206939,0.1782482455,,,,0,1,1,0,0,0,1,1,0,0,0,4,0.25,0.5717937694,0.013108,0.533730,1.046757604
241355,,1.3486861213,,,,,,0.4733037638,,,,0,1,0,0,0,0,0,1,0,0,0,2,0.5,0.9109949425,0.013108,0.533730,1.6822870856
241356,,,,,,,,0.3257760046,,,,0,0,0,0,0,0,0,1,0,0,0,1,1,0.3257760046,0.013108,0.533730,0.5858171505
241357,,,,,,,,0.4733037638,,,,0,0,0,0,0,0,0,1,0,0,0,1,1,0.4733037638,0.013108,0.533730,0.8622261011
241358,,,,,,,,,,,,0,0,0,0,0,0,0,0,0,0,0,0,,,0.013108,0.533730,
241359,,,1.5931344908,,,,1.2075582032,0.3257760046,0.8693797215,0.2782537905,,0,0,1,0,0,0,1,1,1,1,0,5,0.2,0.8548204421,0.013108,0.533730,1.5770381834
241360,,,,-0.729352465,,,,0.4733037638,,,,0,0,0,1,0,0,0,1,0,0,0,2,0.5,-0.128024351,0.013108,0.533730,-0.26442609
241361,,-1.053951683,-1.861645507,,,,,0.7683592821,-0.663835283,-0.071402726,,0,1,1,0,0,0,0,1,1,1,0,5,0.2,-0.576495183,0.013108,0.533730,-1.104683903
241362,,0.8681585604,,0.0861081721,,,,0.0307204863,0.1392773383,-0.30450707,,0,1,0,1,0,0,0,1,1,1,0,5,0.2,0.1639514973,0.013108,0.533730,0.2826217214
241363,,,1.3209663081,,,,0.5308206939,0.0307204863,,,,0,0,1,0,0,0,1,1,0,0,0,3,0.3333333333,0.6275024961,0.013108,0.533730,1.1511338296
241364,,,0.21034453,,,,0.3616363166,0.3257760046,,,,0,0,1,0,0,0,1,1,0,0,0,3,0.3333333333,0.2992522837,0.013108,0.533730,0.5361221378
241365,,,,,,,,-0.264335032,,,,0,0,0,0,0,0,0,1,0,0,0,1,1,-0.264335032,0.013108,0.533730,-0.519818652
241366,,,0.3771572872,,,,,-0.116807273,,,,0,0,1,0,0,0,0,1,0,0,0,2,0.5,0.1301750072,0.013108,0.533730,0.2193378739
241367,,0.2163538491,-0.057433843,,,,0.0232675619,0.0307204863,-0.736845521,-1.003820104,,0,1,1,0,0,0,1,1,1,1,0,6,0.1666666667,-0.254626262,0.013108,0.533730,-0.501628238
241368,,,,-0.219689567,,,0.1924519392,0.3257760046,,,,0,0,0,1,0,0,1,1,0,0,0,3,0.3333333333,0.0995127924,0.013108,0.533730,0.1618889527
241369,,,1.0180694595,,,,1.0383738259,0.4733037638,,,,0,0,1,0,0,0,1,1,0,0,0,3,0.3333333333,0.8432490164,0.013108,0.533730,1.5553578863
241370,,1.2630475461,0.7854095613,,,,0.7000050712,-0.116807273,,,,0,1,1,0,0,0,1,1,0,0,0,4,0.25,0.6579137264,0.013108,0.533730,1.2081125048
241371,,,-1.488511708,,,,,-0.264335032,,,,0,0,1,0,0,0,0,1,0,0,0,2,0.5,-0.87642337,0.013108,0.533730,-1.666631266
241372,,,,,,,,-0.264335032,,,,0,0,0,0,0,0,0,1,0,0,0,1,1,-0.264335032,0.013108,0.533730,-0.519818652
241373,,-0.454481657,0.8336974647,-0.729352465,,,,-0.116807273,,,-0.257980078,0,1,1,1,0,0,0,1,0,0,1,5,0.2,-0.144984802,0.013108,0.533730,-0.296203299
241374,,,,,,,,0.0307204863,,,,0,0,0,0,0,0,0,1,0,0,0,1,1,0.0307204863,0.013108,0.533730,0.0329992492
241375,,,,,,,,,,,,0,0,0,0,0,0,0,0,0,0,0,0,,,0.013108,0.533730,
241376,,0.1640191642,-0.970514198,1.2073665479,,,,0.0307204863,,,,0,1,1,1,0,0,0,1,0,0,0,4,0.25,0.107898,0.013108,0.533730,0.1775995312
241377,,1.2249859571,0.561529282,-0.219689567,,,,0.3257760046,,,,0,1,1,1,0,0,0,1,0,0,0,4,0.25,0.4731504192,0.013108,0.533730,0.8619387938
241378,,-1.053951683,0.9917306031,1.3092991276,,,0.5308206939,0.4733037638,0.5773387682,-2.40244617,0.7675914583,0,1,1,1,0,0,1,1,1,1,1,8,0.125,0.1492108203,0.013108,0.533730,0.2550034947
241379,,,,,,,,,,,,0,0,0,0,0,0,0,0,0,0,0,0,,,0.013108,0.533730,
241380,,-1.177651847,1.7906759138,-1.137082783,,,-0.315101193,0.6208315229,,,,0,1,1,1,0,0,1,1,0,0,0,5,0.2,-0.043665677,0.013108,0.533730,-0.106371142
241381,,,1.2814580235,0.2899733314,,,,0.1782482455,-0.006743138,0.3948059626,,0,0,1,1,0,0,0,1,1,1,0,5,0.2,0.4275484849,0.013108,0.533730,0.7764987188
250001,-0.990961117,-1.724787189,-0.285703932,-1.340947943,-0.591814703,-0.133747291,0.8691894486,-1.297029346,-0.37179433,1.3272233401,-0.257980078,1,1,1,1,1,1,1,1,1,1,1,11,0.0909090909,-0.436213922,0.013108,0.533730,-0.841852037
250002,,0.4494810816,1.4307115431,,,0.6607559558,,1.3584703187,,,,0,1,1,0,0,1,0,1,0,0,0,4,0.25,0.9748547248,0.013108,0.533730,1.801935181
250004,1.5482337077,0.4352079857,0.1752260548,-0.729352465,1.6868814799,0.462130144,1.2075582032,1.2109425595,0.0662671,0.2782537905,-1.283551615,1,1,1,1,1,1,1,1,1,1,1,11,0.0909090909,0.4597997224,0.013108,0.533730,0.836924843
250006,,0.4352079857,0.385936906,0.2899733314,,0.5614430499,,-0.264335032,-4.095316484,-1.236924448,-0.257980078,0,1,1,1,0,1,0,1,1,1,1,8,0.125,-0.522749346,0.013108,0.533730,-1.003985359
250007,,-1.125317163,-0.601770209,0.391905911,,0.3628172381,,-0.706918309,,,-1.283551615,0,1,1,1,0,1,0,1,0,0,1,6,0.1666666667,-0.493805691,0.013108,0.533730,-0.949756343
250009,1.127913476,0.2258692463,-0.070603272,,-0.711746081,0.9586946735,-1.499391834,0.1782482455,,,-0.257980078,1,1,1,0,1,1,1,1,0,0,1,8,0.125,-0.006124453,0.013108,0.533730,-0.036033664
250017,,,,,,,,,,,,0,0,0,0,0,0,0,0,0,0,0,0,,,0.013108,0.533730,
250018,,,,,,,,,,,,0,0,0,0,0,0,0,0,0,0,0,0,,,0.013108,0.533730,
250019,0.5348589025,-1.039678587,0.6361560417,1.717029446,0.0078421871,1.455259203,0.7000050712,0.1782482455,-0.152763615,-0.770715759,0.4257342795,1,1,1,1,1,1,1,1,1,1,1,11,0.0909090909,0.3356341286,0.013108,0.533730,0.6042873945
250020,,0.7730045879,1.5185077311,,,0.1641914263,,-0.116807273,,,,0,1,1,0,0,1,0,1,0,0,0,4,0.25,0.5847241181,0.013108,0.533730,1.0709839877
250025,,1.6579365317,0.8161382271,1.8189620256,,0.462130144,,-0.854446069,,,-0.257980078,0,1,1,1,0,1,0,1,0,0,1,6,0.1666666667,0.6071234636,0.013108,0.533730,1.1129515444
250027,,-0.887432231,-0.426177833,,,,,0.3257760046,,,,0,1,1,0,0,0,0,1,0,0,0,3,0.3333333333,-0.32927802,0.013108,0.533730,-0.641496248
250031,-0.253961258,-0.44496626,-0.843209726,-0.831285044,-0.591814703,-0.828937633,,-0.854446069,,,0.4257342795,1,1,1,1,1,1,0,1,0,0,1,8,0.125,-0.527860802,0.013108,0.533730,-1.013562215
250034,0.321819881,-0.145231246,0.1137687232,0.4938384906,-0.591814703,-0.828937633,,-1.149501587,,,0.4257342795,1,1,1,1,1,1,0,1,0,0,1,8,0.125,-0.170040474,0.013108,0.533730,-0.343147767
250036,,-1.039678587,0.473733094,0.1880407518,,,,0.1782482455,,,,0,1,1,1,0,0,0,1,0,0,0,4,0.25,-0.049914124,0.013108,0.533730,-0.118078271
250038,,-0.706639684,0.5044617598,0.2899733314,,-0.133747291,,-1.592084864,,,-0.257980078,0,1,1,1,0,1,0,1,0,0,1,6,0.1666666667,-0.316002804,0.013108,0.533730,-0.61662372
250040,0.5809213936,-0.13095815,-0.061823653,0.1880407518,-0.711746081,-0.729624727,-1.330207457,-0.854446069,-0.80985576,0.0451494461,-2.65098033,1,1,1,1,1,1,1,1,1,1,1,11,0.0909090909,-0.587775512,0.013108,0.533730,-1.125818799
250042,,2.0813717092,0.0698706292,,,,,0.1782482455,,,,0,1,1,0,0,0,0,1,0,0,0,3,0.3333333333,0.7764968613,0.013108,0.533730,1.4302906226
250043,,0.4399656843,0.4825127128,0.6977036498,,-0.828937633,,0.1782482455,,,,0,1,1,1,0,1,0,1,0,0,0,5,0.2,0.1938985319,0.013108,0.533730,0.3387306764
250044,,0.0212882055,0.4825127128,0.4938384906,,0.6607559558,,1.0634148004,,,0.7675914583,0,1,1,1,0,1,0,1,0,0,1,6,0.1666666667,0.5815669372,0.013108,0.533730,1.0650686735
250048,-0.069711294,-1.191924943,-1.352427616,-0.117756987,-0.591814703,-1.12687635,-0.315101193,-0.706918309,1.8185128196,0.3948059626,-0.257980078,1,1,1,1,1,1,1,1,1,1,1,11,0.0909090909,-0.31974479,0.013108,0.533730,-0.623634728
250049,,,,,,,,-0.116807273,,,,0,0,0,0,0,0,0,1,0,0,0,1,1,-0.116807273,0.013108,0.533730,-0.243409701
250050,,1.0822549984,0.7459012767,-1.035150204,,,,0.7683592821,,,-0.257980078,0,1,1,1,0,0,0,1,0,0,1,5,0.2,0.2606770551,0.013108,0.533730,0.4638473433
250057,,0.8824316562,0.4825127128,0.5957710702,,-1.12687635,,-0.706918309,,,1.1094486371,0,1,1,1,0,1,0,1,0,0,1,6,0.1666666667,0.2060615694,0.013108,0.533730,0.361519421
250058,-1.117632967,-0.868401437,-1.39632571,0.1880407518,,-1.424815068,0.5308206939,-3.214890215,-0.517814807,-0.421059243,1.4513058159,1,1,1,1,0,1,1,1,1,1,1,10,0.1,-0.679077219,0.013108,0.533730,-1.296882258
250061,,-1.919852833,0.7107828015,,,0.9586946735,,-0.264335032,,,,0,1,1,0,0,1,0,1,0,0,0,4,0.25,-0.128677597,0.013108,0.533730,-0.265650017
250067,,2.0052485312,0.6493254699,-0.729352465,,,,1.5059980778,-0.444804568,-0.071402726,0.7675914583,0,1,1,1,0,0,0,1,1,1,1,7,0.1428571429,0.526086254,0.013108,0.533730,0.9611197115
250069,-0.46700028,0.7634891907,1.2331701201,0.5957710702,,-0.630311821,1.5459269579,0.7683592821,0.5773387682,0.5113581348,0.7675914583,1,1,1,1,0,1,1,1,1,1,1,10,0.1,0.5665692882,0.013108,0.533730,1.0369689825
250072,0.8169916608,-0.85888604,-0.702735825,0.7996362295,,,,-1.739612624,,,-0.257980078,1,1,1,1,0,0,0,1,0,0,1,6,0.1666666667,-0.323764446,0.013108,0.533730,-0.631165981
250077,,0.5922120402,0.5878681383,-0.219689567,,0.2635043322,,-0.854446069,,,,0,1,1,1,0,1,0,1,0,0,0,5,0.2,0.0738897751,0.013108,0.533730,0.113881504
250078,-0.518820582,-0.663820396,-1.18122505,0.0861081721,-1.311402972,-0.233060197,0.7000050712,-0.411862791,0.0662671,-1.586580964,0.4257342795,1,1,1,1,1,1,1,1,1,1,1,11,0.0909090909,-0.420787121,0.013108,0.533730,-0.812948284
250081,,,,,,,,,,,,0,0,0,0,0,0,0,0,0,0,0,0,,,0.013108,0.533730,
250082,-1.342187612,-0.297477602,-1.589477324,-0.321622146,,-1.62344088,0.7000050712,0.3257760046,0.6503490066,0.3948059626,-0.257980078,1,1,1,1,0,1,1,1,1,1,1,10,0.1,-0.33612496,0.013108,0.533730,-0.654324719
250084,,-0.606728013,-0.254975266,-0.525487306,,-0.034434386,,-0.55939055,,,-0.941694436,0,1,1,1,0,1,0,1,0,0,1,6,0.1666666667,-0.487118326,0.013108,0.533730,-0.937226853
250085,,1.1155588888,0.3903267154,,,,,-0.264335032,,,,0,1,1,0,0,0,0,1,0,0,0,3,0.3333333333,0.4138501907,0.013108,0.533730,0.7508335074
250093,,-1.348928998,-0.786142204,-0.831285044,,-0.630311821,,-1.149501587,,,-0.941694436,0,1,1,1,0,1,0,1,0,0,1,6,0.1666666667,-0.947977348,0.013108,0.533730,-1.800695257
250094,0.0915074252,-2.324257215,-0.509584212,,0.1277735651,0.8593817676,0.8691894486,-1.001973828,,,0.4257342795,1,1,1,0,1,1,1,1,0,0,1,8,0.125,-0.182778596,0.013108,0.533730,-0.367013993
250095,,1.3058668337,0.1488871984,0.5957710702,,,,0.6208315229,,,,0,1,1,1,0,0,0,1,0,0,0,4,0.25,0.6678391563,0.013108,0.533730,1.2267088535
250096,,1.0156472177,-1.589477324,0.391905911,,-1.027563445,,-0.55939055,,,-0.257980078,0,1,1,1,0,1,0,1,0,0,1,6,0.1666666667,-0.337809711,0.013108,0.533730,-0.65748128
250097,-1.284609498,0.0450766986,-0.456906499,-1.340947943,,0.2635043322,,-0.854446069,0.0662671,-2.868654858,-0.941694436,1,1,1,1,0,1,0,1,1,1,1,9,0.1111111111,-0.819156797,0.013108,0.533730,-1.55933625
250099,,0.5398773554,1.1804924073,-4.70472307,,-0.233060197,-0.48428557,0.1782482455,,,-0.599837257,0,1,1,1,0,1,1,1,0,0,1,7,0.1428571429,-0.589041155,0.013108,0.533730,-1.128190116
250100,0.9033588317,1.163135875,-0.215466982,-0.321622146,0.8473618335,-0.828937633,-0.991838702,0.6208315229,-0.882865998,-2.752102686,0.0838771007,1,1,1,1,1,1,1,1,1,1,1,11,0.0909090909,-0.215842635,0.013108,0.533730,-0.428962987
250102,-1.042781419,-0.173777438,-1.677273512,-0.015824407,0.0078421871,1.3559462971,1.8842957126,-0.116807273,1.3804513897,0.1617016183,1.4513058159,1,1,1,1,1,1,1,1,1,1,1,11,0.0909090909,0.2922799065,0.013108,0.533730,0.5230586473
250104,-0.697312736,0.4352079857,-1.488511708,1.4112317072,-0.232020569,0.2635043322,1.3767425806,-0.264335032,1.3074411514,0.5113581348,0.0838771007,1,1,1,1,1,1,1,1,1,1,1,11,0.0909090909,0.2461075407,0.013108,0.533730,0.4365498084
250117,,0.6921237113,-2.726437958,-1.544813102,,0.6607559558,,0.4733037638,,,-0.599837257,0,1,1,1,0,1,0,1,0,0,1,6,0.1666666667,-0.507484148,0.013108,0.533730,-0.975384386
250123,,-0.345054588,-0.434957452,-0.933217624,,0.0648785204,,0.0307204863,0.9423899598,-1.003820104,-0.941694436,0,1,1,1,0,1,0,1,1,1,1,8,0.125,-0.327594405,0.013108,0.533730,-0.638341816
250124,,-0.473512451,-1.001242864,-0.219689567,,-0.233060197,,-0.706918309,,,,0,1,1,1,0,1,0,1,0,0,0,5,0.2,-0.526884678,0.013108,0.533730,-1.011733343
250127,,,,,,,,,,,,0,0,0,0,0,0,0,0,0,0,0,0,,,0.013108,0.533730,
250134,,,0.7195624203,,,,,-0.411862791,,,,0,0,1,0,0,0,0,1,0,0,0,2,0.5,0.1538498146,0.013108,0.533730,0.2636951441
250136,,,,,,,,,,,0.4257342795,0,0,0,0,0,0,0,0,0,0,1,1,1,0.4257342795,0.013108,0.533730,0.7730996119
250138,-1.946757808,-0.111927356,-0.496414783,,,-0.332373103,0.1924519392,-1.001973828,,,1.1094486371,1,1,1,0,0,1,1,1,0,0,1,7,0.1428571429,-0.369649472,0.013108,0.533730,-0.717136458
250141,-1.16945327,-1.577298532,-2.309406065,-1.137082783,-0.711746081,-0.928250539,,-1.297029346,-2.197050288,1.4437755123,1.1094486371,1,1,1,1,1,1,0,1,1,1,1,10,0.1,-0.877409275,0.013108,0.533730,-1.668478465
250151,,,,,,,,,,,,0,0,0,0,0,0,0,0,0,0,0,0,,,0.013108,0.533730,
250162,,1.087012697,1.4570503995,0.5957710702,,,,0.1782482455,,,0.0838771007,0,1,1,1,0,0,0,1,0,0,1,5,0.2,0.6803919026,0.013108,0.533730,1.250227759
250167,0.4484917316,1.5056901758,0.0040234882,,,0.7600688617,,1.0634148004,,,,1,1,1,0,0,1,0,1,0,0,0,5,0.2,0.7563378115,0.013108,0.533730,1.3925204985
250168,,0.4970580678,-0.127670794,-0.933217624,,-1.325502162,0.5308206939,0.0307204863,0.7233592449,0.5113581348,0.7675914583,0,1,1,1,0,1,1,1,1,1,1,9,0.1111111111,0.0749463896,0.013108,0.533730,0.1158611836
250172,,,0.9785611749,,,,,-0.854446069,,,,0,0,1,0,0,0,0,1,0,0,0,2,0.5,0.0620575532,0.013108,0.533730,0.0917125776
25042F,,1.9291253532,0.9522223185,,,0.8593817676,,1.9485813553,,,,0,1,1,0,0,1,0,1,0,0,0,4,0.25,1.4223276987,0.013108,0.533730,2.6403233993
25043F,0.9897260025,1.3629592171,-0.241805838,,,-0.729624727,,1.3584703187,,,,1,1,1,0,0,1,0,1,0,0,0,5,0.2,0.5479449947,0.013108,0.533730,1.0020743874
251300,,,,-0.321622146,,,,0.9158870412,,,,0,0,0,1,0,0,0,1,0,0,0,2,0.5,0.2971324474,0.013108,0.533730,0.532150399
251302,,,1.3736440209,,,,,0.1782482455,,,,0,0,1,0,0,0,0,1,0,0,0,2,0.5,0.7759461332,0.013108,0.533730,1.429258775
251304,,,,,,,,-0.411862791,,,,0,0,0,0,0,0,0,1,0,0,0,1,1,-0.411862791,0.013108,0.533730,-0.796227603
251305,,,0.9171038433,,,,,0.0307204863,,,,0,0,1,0,0,0,0,1,0,0,0,2,0.5,0.4739121648,0.013108,0.533730,0.8633660052
251308,,,-0.149619841,,,,,0.4733037638,,,,0,0,1,0,0,0,0,1,0,0,0,2,0.5,0.1618419615,0.013108,0.533730,0.2786692815
251309,,,-1.027581721,,,,,0.6208315229,,,,0,0,1,0,0,0,0,1,0,0,0,2,0.5,-0.203375099,0.013108,0.533730,-0.405603733
251312,,,-0.162789269,,,,,-0.411862791,,,,0,0,1,0,0,0,0,1,0,0,0,2,0.5,-0.28732603,0.013108,0.533730,-0.562894733
251313,,,0.8073586083,-0.117756987,,,,-1.297029346,,,,0,0,1,1,0,0,0,1,0,0,0,3,0.3333333333,-0.202475908,0.013108,0.533730,-0.403919003
251315,,-0.306992999,0.2498528146,0.1880407518,,-0.332373103,,0.1782482455,,,,0,1,1,1,0,1,0,1,0,0,0,5,0.2,-0.004644858,0.013108,0.533730,-0.033261486
251316,,,,,,,,,,,,0,0,0,0,0,0,0,0,0,0,0,0,,,0.013108,0.533730,
251317,,,1.0005102219,,,,,-0.411862791,,,,0,0,1,0,0,0,0,1,0,0,0,2,0.5,0.2943237154,0.013108,0.533730,0.5268879407
251318,,-1.734302586,-0.566651734,-0.117756987,,,,-0.116807273,,,,0,1,1,1,0,0,0,1,0,0,0,4,0.25,-0.633879645,0.013108,0.533730,-1.212199796
251319,,,-0.527143449,,,,,-0.264335032,,,,0,0,1,0,0,0,0,1,0,0,0,2,0.5,-0.395739241,0.013108,0.533730,-0.766018415
251320,,1.0204049163,-0.342771454,,,-0.133747291,,0.4733037638,,,,0,1,1,0,0,1,0,1,0,0,0,4,0.25,0.2542974836,0.013108,0.533730,0.4518945375
251322,,,,,,,,0.0307204863,,,,0,0,0,0,0,0,0,1,0,0,0,1,1,0.0307204863,0.013108,0.533730,0.0329992492
251323,,,,,,,,0.4733037638,,,,0,0,0,0,0,0,0,1,0,0,0,1,1,0.4733037638,0.013108,0.533730,0.8622261011
251324,,,,,,,,-0.55939055,,,,0,0,0,0,0,0,0,1,0,0,0,1,1,-0.55939055,0.013108,0.533730,-1.072636553
251325,,,0.8556465117,,,,,-0.55939055,,,,0,0,1,0,0,0,0,1,0,0,0,2,0.5,0.1481279807,0.013108,0.533730,0.2529746797
251326,,,,,,,,,,,,0,0,0,0,0,0,0,0,0,0,0,0,,,0.013108,0.533730,
251327,,,-0.860768964,-0.423554726,,,,-0.116807273,,,,0,0,1,1,0,0,0,1,0,0,0,3,0.3333333333,-0.467043654,0.013108,0.533730,-0.899614819
251330,,,,,,,,-0.264335032,,,,0,0,0,0,0,0,0,1,0,0,0,1,1,-0.264335032,0.013108,0.533730,-0.519818652
251331,,,0.2454630052,,,,,-0.264335032,,,,0,0,1,0,0,0,0,1,0,0,0,2,0.5,-0.009436013,0.013108,0.533730,-0.042238225
251333,,,,,,,,,,,,0,0,0,0,0,0,0,0,0,0,0,0,,,0.013108,0.533730,
251334,,,-1.453393232,,,,,0.1782482455,,,,0,0,1,0,0,0,0,1,0,0,0,2,0.5,-0.637572493,0.013108,0.533730,-1.219118741
251335,,,,,,,,-0.411862791,,,,0,0,0,0,0,0,0,1,0,0,0,1,1,-0.411862791,0.013108,0.533730,-0.796227603
251336,,,0.0962094856,0.7996362295,,,,1.0634148004,,,,0,0,1,1,0,0,0,1,0,0,0,3,0.3333333333,0.6530868385,0.013108,0.533730,1.1990688167
251337,,-0.188050534,1.2112210731,,,1.5545721089,,0.6208315229,,,,0,1,1,0,0,1,0,1,0,0,0,4,0.25,0.7996435428,0.013108,0.533730,1.4736583927
251338,,,,,,,,-0.411862791,,,,0,0,0,0,0,0,0,1,0,0,0,1,1,-0.411862791,0.013108,0.533730,-0.796227603
260001,0.4024292405,-0.497300944,0.429835,-3.379599535,-1.191471594,-0.034434386,,-1.001973828,-0.298784092,-1.120372276,0.0838771007,1,1,1,1,1,1,0,1,1,1,1,10,0.1,-0.660779531,0.013108,0.533730,-1.262599595
260005,0.2757573898,-1.206198039,-1.115377909,-0.117756987,,-2.517257033,,-1.444557105,,,-0.257980078,1,1,1,1,0,1,0,1,0,0,1,7,0.1428571429,-0.911909966,0.013108,0.533730,-1.733119179
260006,0.1606011619,1.0251626149,0.5351904256,0.4938384906,-0.591814703,2.0511366384,0.3616363166,1.3584703187,-3.584244816,0.9775668235,0.7675914583,1,1,1,1,1,1,1,1,1,1,1,11,0.0909090909,0.3231940663,0.013108,0.533730,0.5809796144
260009,,-0.640031903,-0.786142204,,,-0.630311821,,1.8010535961,0.6503490066,0.3948059626,0.0838771007,0,1,1,0,0,1,0,1,1,1,1,7,0.1428571429,0.1247999626,0.013108,0.533730,0.2092671561
260011,-0.046680048,-0.302235301,0.078650248,-1.646745681,,-0.332373103,1.0383738259,-0.264335032,,,1.1094486371,1,1,1,1,0,1,1,1,0,0,1,8,0.125,-0.045737057,0.013108,0.533730,-0.110252091
260017,0.4772807886,-0.140473548,-0.759803347,-0.627419885,,-1.325502162,0.0232675619,-1.297029346,1.1614206748,1.4437755123,-0.941694436,1,1,1,1,0,1,1,1,1,1,1,10,0.1,-0.198617819,0.013108,0.533730,-0.396690462
260020,-1.163695458,-0.525847136,-1.791408556,1.8189620256,-2.270853996,-0.133747291,-0.145916815,-1.001973828,-1.758988858,1.4437755123,0.7675914583,1,1,1,1,1,1,1,1,1,1,1,11,0.0909090909,-0.432918449,0.013108,0.533730,-0.835677618
260022,,0.8634008617,0.6844439451,-1.340947943,,-0.729624727,,0.9158870412,,,0.0838771007,0,1,1,1,0,1,0,1,0,0,1,6,0.1666666667,0.0795060466,0.013108,0.533730,0.1244041861
260023,-1.157937647,-0.587697218,0.6668847075,1.1054339683,,0.3628172381,-0.48428557,-0.706918309,,,-1.283551615,1,1,1,1,0,1,1,1,0,0,1,8,0.125,-0.260656806,0.013108,0.533730,-0.512927104
260024,,-0.516331739,0.2498528146,0.7996362295,,-0.630311821,,-0.706918309,,,,0,1,1,1,0,1,0,1,0,0,0,5,0.2,-0.160814565,0.013108,0.533730,-0.325862045
260025,0.9954838139,-0.873159136,-0.202297554,0.7996362295,,-2.517257033,-1.161023079,-1.297029346,0.0662671,-0.421059243,1.1094486371,1,1,1,1,0,1,1,1,1,1,1,10,0.1,-0.350098961,0.013108,0.533730,-0.680506496
260027,-1.854632826,-0.816066752,-1.198784287,0.1880407518,-0.351951947,-0.233060197,,-1.001973828,-0.736845521,0.2782537905,-1.967265972,1,1,1,1,1,1,0,1,1,1,1,10,0.1,-0.769428679,0.013108,0.533730,-1.466165331
260032,-2.142523395,-2.015006805,-1.132937146,1.3092991276,0.1277735651,-0.133747291,0.1924519392,-1.001973828,-2.416081003,1.5603276844,0.0838771007,1,1,1,1,1,1,1,1,1,1,1,11,0.0909090909,-0.506230914,0.013108,0.533730,-0.973036319
260034,,1.0965280943,1.1190350757,0.1880407518,,,,0.4733037638,,,,0,1,1,1,0,0,0,1,0,0,0,4,0.25,0.7192269214,0.013108,0.533730,1.3229892979
260040,-0.847015832,-1.092013272,0.5527496632,0.0861081721,0.9672932116,1.455259203,-0.315101193,0.3257760046,-0.152763615,-0.187954898,0.7675914583,1,1,1,1,1,1,1,1,1,1,1,11,0.0909090909,0.1418117184,0.013108,0.533730,0.2411404904
260048,,1.4723862855,-0.22863641,-0.831285044,,,,0.4733037638,-0.079753377,0.627910307,0.0838771007,0,1,1,1,0,0,0,1,1,1,1,7,0.1428571429,0.2168289466,0.013108,0.533730,0.3816932475
26004F,0.3390933151,1.7245443125,0.7063929921,,,0.2635043322,1.5459269579,0.3257760046,,,,1,1,1,0,0,1,1,1,0,0,0,6,0.1666666667,0.8175396524,0.013108,0.533730,1.5071886579
260050,,0.0878959862,0.8863751775,0.9015688091,,,,0.9158870412,-1.028886475,-0.071402726,-0.599837257,0,1,1,1,0,0,0,1,1,1,1,7,0.1428571429,0.1559429366,0.013108,0.533730,0.2676168309
260052,0.5751635822,0.0212882055,-0.048654225,2.2266923441,,0.6607559558,-1.161023079,-0.854446069,,,1.1094486371,1,1,1,1,0,1,1,1,0,0,1,8,0.125,0.316153169,0.013108,0.533730,0.5677877443
260057,,1.7721212987,-0.276924313,0.0861081721,,0.1641914263,0.8691894486,0.1782482455,,,-2.992837509,0,1,1,1,0,1,1,1,0,0,1,7,0.1428571429,-0.028557604,0.013108,0.533730,-0.07806456
260059,,2.2764373527,1.7248287728,1.0035013887,,,,1.3584703187,0.0662671,-0.30450707,-0.257980078,0,1,1,1,0,0,0,1,1,1,1,7,0.1428571429,0.8381453978,0.013108,0.533730,1.5457957139
260061,,,-0.645668303,-0.015824407,,0.7600688617,,-0.706918309,,,,0,0,1,1,0,1,0,1,0,0,0,4,0.25,-0.15208554,0.013108,0.533730,-0.309507287
260062,0.9033588317,0.0260459041,1.0400185065,1.0035013887,,-0.431686009,0.3616363166,1.2109425595,,,0.0838771007,1,1,1,1,0,1,1,1,0,0,1,8,0.125,0.5247118248,0.013108,0.533730,0.9585445722
260065,0.2699995784,0.658819821,-0.224246601,1.717029446,-0.591814703,-1.822066692,-0.145916815,0.0307204863,-0.37179433,0.627910307,1.4513058159,1,1,1,1,1,1,1,1,1,1,1,11,0.0909090909,0.1454496649,0.013108,0.533730,0.2479565701
260068,0.1778745961,1.0061318204,1.0312388877,-0.219689567,-0.112089191,1.7531979207,-0.822654325,1.5059980778,0.7233592449,0.1617016183,-0.599837257,1,1,1,1,1,1,1,1,1,1,1,11,0.0909090909,0.4186574388,0.013108,0.533730,0.759840398
260070,,,-1.374376663,,,-0.431686009,,-0.706918309,,,-0.257980078,0,0,1,0,0,1,0,1,0,0,1,4,0.25,-0.692740265,0.013108,0.533730,-1.322481429
260074,,-0.630516506,-0.355940883,-0.117756987,,-0.431686009,0.5308206939,-0.264335032,,,-0.599837257,0,1,1,1,0,1,1,1,0,0,1,7,0.1428571429,-0.267035997,0.013108,0.533730,-0.524879197
260077,0.8227494721,-0.278446808,-0.540312877,0.5957710702,1.4470187238,-2.020692504,-0.315101193,-1.001973828,0.2122875767,0.627910307,1.1094486371,1,1,1,1,1,1,1,1,1,1,1,11,0.0909090909,0.0598780525,0.013108,0.533730,0.0876290513
260078,1.0012416253,0.7206699031,0.7722401331,-0.015824407,,0.0648785204,,0.0307204863,0.9423899598,-0.537611415,0.4257342795,1,1,1,1,0,1,0,1,1,1,1,9,0.1111111111,0.3782710095,0.013108,0.533730,0.6841721264
26007F,,0.9537971356,1.1585433603,,,1.6538850148,,0.9158870412,,,,0,1,1,0,0,1,0,1,0,0,0,4,0.25,1.170528138,0.013108,0.533730,2.1685501362
260081,0.5118276569,-0.440208561,0.4649534752,0.391905911,,0.462130144,-0.145916815,0.0307204863,,,0.4257342795,1,1,1,1,0,1,1,1,0,0,1,8,0.125,0.2126433221,0.013108,0.533730,0.3738510348
260085,1.2488275152,0.5351196568,-0.294483551,-0.219689567,0.3676363213,0.6607559558,-1.499391834,1.3584703187,,,-2.309123151,1,1,1,1,1,1,1,1,0,0,1,9,0.1111111111,-0.016875371,0.013108,0.533730,-0.056176652
260091,-0.587914319,-1.796152668,-1.580697705,0.1880407518,,-0.928250539,0.3616363166,-0.264335032,-0.152763615,0.8610146514,-1.283551615,1,1,1,1,0,1,1,1,1,1,1,10,0.1,-0.518297377,0.013108,0.533730,-0.995644122
260094,-0.4266956,-0.078623466,0.561529282,0.1880407518,,0.6607559558,,1.0634148004,0.4313182916,-0.770715759,0.0838771007,1,1,1,1,0,1,0,1,1,1,1,9,0.1111111111,0.190322373,0.013108,0.533730,0.3320303623
260095,0.586679205,-0.61624341,0.3244795744,-0.525487306,0.7274304554,-1.027563445,1.2075582032,-0.854446069,-1.612968381,0.5113581348,-1.625408793,1,1,1,1,1,1,1,1,1,1,1,11,0.0909090909,-0.264055621,0.013108,0.533730,-0.519295146
260096,0.3506089379,1.1774089708,0.8424770835,0.5957710702,0.6074990774,-1.424815068,0.8691894486,-0.706918309,,,0.0838771007,1,1,1,1,1,1,1,1,0,0,1,9,0.1111111111,0.2661220346,0.013108,0.533730,0.4740490917
260097,,-1.268048121,-0.127670794,0.0861081721,,-0.133747291,0.0232675619,-1.149501587,0.7963694832,0.2782537905,0.4257342795,0,1,1,1,0,1,1,1,1,1,1,9,0.1111111111,-0.118803834,0.013108,0.533730,-0.247150471
26009F,1.2373118924,1.4961747786,1.6326427754,,,1.1573204853,,1.0634148004,,,,1,1,1,0,0,1,0,1,0,0,0,5,0.2,1.3173729464,0.013108,0.533730,2.443679506
260102,,,-0.439347261,0.1880407518,,,0.0232675619,-0.116807273,,,0.0838771007,0,0,1,1,0,0,1,1,0,0,1,5,0.2,-0.052193824,0.013108,0.533730,-0.122349531
260104,0.5291010911,0.5731812458,-0.408618595,-0.423554726,0.9672932116,0.2635043322,-0.315101193,-0.854446069,0.2122875767,1.2106711679,1.1094486371,1,1,1,1,1,1,1,1,1,1,1,11,0.0909090909,0.2603424254,0.013108,0.533730,0.4632203791
260105,-0.409422166,-1.734302586,-1.251462,-2.054476,-0.471883325,0.0648785204,,-0.854446069,0.5043285299,-0.887267931,0.4257342795,1,1,1,1,1,1,0,1,1,1,1,10,0.1,-0.666831875,0.013108,0.533730,-1.273939304
260108,-0.944898626,-0.145231246,-0.386669548,2.0228271849,-1.311402972,-0.729624727,-0.991838702,0.7683592821,-0.590825045,2.0265363731,0.4257342795,1,1,1,1,1,1,1,1,1,1,1,11,0.0909090909,0.0129969322,0.013108,0.533730,-0.000207715
260110,-0.046680048,-0.901705327,-0.935395723,-0.321622146,-0.112089191,-0.431686009,0.0232675619,-0.706918309,-0.225773853,-0.30450707,0.4257342795,1,1,1,1,1,1,1,1,1,1,1,11,0.0909090909,-0.321579622,0.013108,0.533730,-0.62707248
260113,,1.3962631075,-0.281314123,1.3092991276,,-0.233060197,,0.9158870412,0.5043285299,-0.071402726,-0.257980078,0,1,1,1,0,1,0,1,1,1,1,8,0.125,0.4102525852,0.013108,0.533730,0.7440930108
260119,-1.100359533,0.3448117119,0.7502910861,0.2899733314,,0.1641914263,,0.1782482455,0.0662671,-2.052789653,0.7675914583,1,1,1,1,0,1,0,1,1,1,1,9,0.1111111111,-0.065752759,0.013108,0.533730,-0.147753638
260137,1.4042884228,-0.768489766,-0.496414783,-1.850610841,-0.232020569,1.3559462971,0.8691894486,1.2109425595,1.2344309131,-0.770715759,-0.257980078,1,1,1,1,1,1,1,1,1,1,1,11,0.0909090909,0.1544150768,0.013108,0.533730,0.264754223
260138,0.1951480303,0.0926536849,0.2454630052,-1.442880522,0.3676363213,-0.133747291,-0.653469947,0.6208315229,-0.298784092,-1.470028792,1.1094486371,1,1,1,1,1,1,1,1,1,1,1,11,0.0909090909,-0.12433904,0.013108,0.533730,-0.257521269
260141,-0.415179977,0.7111545058,0.5439700444,-0.219689567,-0.471883325,-0.828937633,-1.668576211,-0.706918309,0.5043285299,-1.35347662,0.4257342795,1,1,1,1,1,1,1,1,1,1,1,11,0.0909090909,-0.316315844,0.013108,0.533730,-0.617210233
260142,,0.154503767,0.5703089008,-0.933217624,,-0.828937633,0.0232675619,-0.854446069,-0.079753377,0.2782537905,-1.283551615,0,1,1,1,0,1,1,1,1,1,1,9,0.1111111111,-0.3281747,0.013108,0.533730,-0.639429061
260160,,-1.315625107,0.3552082402,-0.627419885,,0.8593817676,,-0.116807273,0.9423899598,-0.654163587,,0,1,1,1,0,1,0,1,1,1,0,7,0.1428571429,-0.079576555,0.013108,0.533730,-0.173653991
260162,,-0.345054588,-0.057433843,-1.137082783,,,-0.315101193,-0.264335032,,,1.4513058159,0,1,1,1,0,0,1,1,0,0,1,6,0.1666666667,-0.111283604,0.013108,0.533730,-0.23306052
260163,,1.3106245323,0.9741713655,1.2073665479,,-0.729624727,,1.5059980778,0.5043285299,-2.518998342,-0.599837257,0,1,1,1,0,1,0,1,1,1,1,8,0.125,0.206753591,0.013108,0.533730,0.362815997
260175,,0.5256042595,0.473733094,-2.156408579,,0.8593817676,0.1924519392,0.1782482455,0.5043285299,-1.120372276,1.1094486371,0,1,1,1,0,1,1,1,1,1,1,9,0.1111111111,0.0629350686,0.013108,0.533730,0.0933566961
260176,,-1.748575682,-0.276924313,-1.850610841,,,-0.48428557,-0.411862791,,,0.0838771007,0,1,1,1,0,0,1,1,0,0,1,6,0.1666666667,-0.781397016,0.013108,0.533730,-1.488589284
260177,0.586679205,-0.654304999,-0.175958697,,1.4470187238,-1.12687635,-0.991838702,-0.854446069,,,,1,1,1,0,1,1,1,1,0,0,0,7,0.1428571429,-0.252818127,0.013108,0.533730,-0.498240505
260179,-0.225172201,-0.635274204,-0.803701441,0.5957710702,1.806812858,0.0648785204,-3.360419985,-0.854446069,-3.146183386,1.3272233401,-0.941694436,1,1,1,1,1,1,1,1,1,1,1,11,0.0909090909,-0.56110963,0.013108,0.533730,-1.075857433
260180,-1.929484374,-0.85888604,-1.17683524,-0.117756987,0.3676363213,-1.424815068,-0.145916815,0.0307204863,,,0.4257342795,1,1,1,1,1,1,1,1,0,0,1,9,0.1111111111,-0.536622604,0.013108,0.533730,-1.029978384
260183,-0.593672131,1.9671869422,1.0400185065,0.2899733314,-0.951608837,-0.034434386,0.0232675619,0.9158870412,0.5043285299,-1.35347662,-0.941694436,1,1,1,1,1,1,1,1,1,1,1,11,0.0909090909,0.078706864,0.013108,0.533730,0.1229068325
260186,-1.204000138,0.6445467251,1.4526605901,-2.768004057,0.1277735651,0.6607559558,,0.3257760046,1.891523058,0.2782537905,0.7675914583,1,1,1,1,1,1,0,1,1,1,1,10,0.1,0.2176876952,0.013108,0.533730,0.3833022045
260190,,0.2353846435,-0.557872115,0.9015688091,,0.462130144,0.0232675619,-0.854446069,-0.590825045,-0.071402726,0.0838771007,0,1,1,1,0,1,1,1,1,1,1,9,0.1111111111,-0.040924188,0.013108,0.533730,-0.10123467
260191,0.2009058417,-0.06435037,-0.127670794,-0.423554726,,-0.034434386,-0.315101193,-1.149501587,0.5773387682,0.5113581348,1.1094486371,1,1,1,1,0,1,1,1,1,1,1,10,0.1,0.0284438327,0.013108,0.533730,0.0287336965
260193,-0.225172201,-0.197565931,-0.118891175,,,0.5614430499,0.3616363166,-1.444557105,,,-2.992837509,1,1,1,0,0,1,1,1,0,0,1,7,0.1428571429,-0.579420651,0.013108,0.533730,-1.110165077
260195,-0.374875298,1.4485977923,0.7107828015,0.391905911,,0.9586946735,0.5308206939,1.3584703187,,,0.0838771007,1,1,1,1,0,1,1,1,0,0,1,8,0.125,0.6385342493,0.013108,0.533730,1.1718029927
260200,-3.317116919,0.0878959862,0.6756643263,1.1054339683,,-0.630311821,,0.7683592821,,,0.4257342795,1,1,1,1,0,1,0,1,0,0,1,7,0.1428571429,-0.126334414,0.013108,0.533730,-0.261259814
260210,,,,,,,,0.3257760046,,,,0,0,0,0,0,0,0,1,0,0,0,1,1,0.3257760046,0.013108,0.533730,0.5858171505
260214,,0.5113311637,-0.939785533,-0.117756987,,-1.424815068,-3.191235607,-1.001973828,-1.466947905,0.2782537905,0.7675914583,0,1,1,1,0,1,1,1,1,1,1,9,0.1111111111,-0.731704279,0.013108,0.533730,-1.395484655
260216,-1.157937647,0.5351196568,-0.834430107,0.9015688091,,-0.133747291,-0.822654325,1.0634148004,,,0.4257342795,1,1,1,1,0,1,1,1,0,0,1,8,0.125,-0.002866478,0.013108,0.533730,-0.029929502
260219,,-2.057826093,0.7678503237,-0.627419885,,0.3628172381,0.5308206939,-0.706918309,,,0.4257342795,0,1,1,1,0,1,1,1,0,0,1,7,0.1428571429,-0.18642025,0.013108,0.533730,-0.37383702
26023F,-0.167594087,-0.083381164,-0.483245355,,,0.9586946735,1.7151113352,-1.887140383,,,,1,1,1,0,0,1,1,1,0,0,0,6,0.1666666667,0.0087408365,0.013108,0.533730,-0.008181963
261301,,,,,,,,,,,,0,0,0,0,0,0,0,0,0,0,0,0,,,0.013108,0.533730,
261302,,,0.5308006162,-0.219689567,,,,0.1782482455,,,,0,0,1,1,0,0,0,1,0,0,0,3,0.3333333333,0.163119765,0.013108,0.533730,0.2810633823
261303,,1.3962631075,0.2805814804,,,0.2635043322,,0.4733037638,,,,0,1,1,0,0,1,0,1,0,0,0,4,0.25,0.603413171,0.013108,0.533730,1.1059999164
261305,,,0.3156999556,,,,,0.3257760046,,,,0,0,1,0,0,0,0,1,0,0,0,2,0.5,0.3207379801,0.013108,0.533730,0.5763778756
261306,,,,,,,,0.6208315229,,,,0,0,0,0,0,0,0,1,0,0,0,1,1,0.6208315229,0.013108,0.533730,1.1386350517
261307,,,0.3771572872,0.0861081721,,,,0.6208315229,,,,0,0,1,1,0,0,0,1,0,0,0,3,0.3333333333,0.3613656607,0.013108,0.533730,0.6524981572
261308,,,1.2068312637,,,,,0.3257760046,,,,0,0,1,0,0,0,0,1,0,0,0,2,0.5,0.7663036342,0.013108,0.533730,1.4111925273
261309,,1.7197866138,1.1102554569,,,,,0.6208315229,,,,0,1,1,0,0,0,0,1,0,0,0,3,0.3333333333,1.1502911979,0.013108,0.533730,2.1306340761
261310,,,-0.513974021,-0.117756987,,-0.034434386,,-0.411862791,,,,0,0,1,1,0,1,0,1,0,0,0,4,0.25,-0.269507046,0.013108,0.533730,-0.529508971
261311,,0.2068384518,0.0698706292,-0.015824407,,0.9586946735,-0.145916815,-0.264335032,0.5773387682,-0.537611415,0.4257342795,0,1,1,1,0,1,1,1,1,1,1,9,0.1111111111,0.1416432369,0.013108,0.533730,0.2408248224
261312,,,0.1181585326,,,0.3628172381,,0.9158870412,,,,0,0,1,0,0,1,0,1,0,0,0,3,0.3333333333,0.4656209373,0.013108,0.533730,0.8478315084
261313,,,1.0707471723,0.2899733314,,,,0.1782482455,,,,0,0,1,1,0,0,0,1,0,0,0,3,0.3333333333,0.512989583,0.013108,0.533730,0.9365817052
261314,,,-0.259365076,-0.015824407,,,,-0.116807273,,,,0,0,1,1,0,0,0,1,0,0,0,3,0.3333333333,-0.130665585,0.013108,0.533730,-0.269374724
261316,,,0.1093789138,0.391905911,,,,-0.854446069,,,,0,0,1,1,0,0,0,1,0,0,0,3,0.3333333333,-0.117720415,0.013108,0.533730,-0.24512057
261317,,,0.4473942376,0.391905911,,,,0.1782482455,,,,0,0,1,1,0,0,0,1,0,0,0,3,0.3333333333,0.339182798,0.013108,0.533730,0.6109362041
261318,,-1.658179408,0.6185968041,-0.525487306,,0.2635043322,,0.3257760046,,,0.0838771007,0,1,1,1,0,1,0,1,0,0,1,6,0.1666666667,-0.148652079,0.013108,0.533730,-0.303074333
261319,,,-0.588600781,-0.423554726,,,,0.0307204863,,,,0,0,1,1,0,0,0,1,0,0,0,3,0.3333333333,-0.327145007,0.013108,0.533730,-0.637499821
261320,,,-0.193517935,-0.729352465,,0.3628172381,,-1.001973828,,,,0,0,1,1,0,1,0,1,0,0,0,4,0.25,-0.390506747,0.013108,0.533730,-0.756214783
261321,,1.1916820667,1.2726784047,0.2899733314,,-0.034434386,,0.6208315229,,,,0,1,1,1,0,1,0,1,0,0,0,5,0.2,0.668146188,0.013108,0.533730,1.2272841101
261322,,,0.7941891801,,,,,-0.264335032,,,,0,0,1,0,0,0,0,1,0,0,0,2,0.5,0.2649270741,0.013108,0.533730,0.471810206
261323,,,0.078650248,,,,,-0.55939055,,,,0,0,1,0,0,0,0,1,0,0,0,2,0.5,-0.240370151,0.013108,0.533730,-0.474917898
261324,,,0.5439700444,-1.646745681,,-0.233060197,,-0.55939055,-0.37179433,0.2782537905,0.4257342795,0,0,1,1,0,1,0,1,1,1,1,7,0.1428571429,-0.223290378,0.013108,0.533730,-0.442917126
261325,,1.9005791615,0.4649534752,-1.239015363,,,,-0.264335032,,,,0,1,1,1,0,0,0,1,0,0,0,4,0.25,0.2155455604,0.013108,0.533730,0.3792886871
261327,,,,-0.117756987,,,,-0.116807273,,,,0,0,0,1,0,0,0,1,0,0,0,2,0.5,-0.11728213,0.013108,0.533730,-0.244299397
261328,,,0.9302732715,,,,,0.0307204863,,,,0,0,1,0,0,0,0,1,0,0,0,2,0.5,0.4804968789,0.013108,0.533730,0.8757031675
261329,,-1.058709382,-0.808091251,-1.544813102,,,,-1.149501587,,,,0,1,1,1,0,0,0,1,0,0,0,4,0.25,-1.14027883,0.013108,0.533730,-2.16099254
261330,,0.5541504513,1.0575777441,0.1880407518,,,,0.4733037638,0.5773387682,0.2782537905,1.1094486371,0,1,1,1,0,0,0,1,1,1,1,7,0.1428571429,0.6054448438,0.013108,0.533730,1.1098064716
261331,,-0.735185875,-0.175958697,-0.015824407,,,,0.6208315229,,,,0,1,1,1,0,0,0,1,0,0,0,4,0.25,-0.076534364,0.013108,0.533730,-0.167954123
261332,,,1.0312388877,-0.933217624,,,,0.3257760046,,,0.0838771007,0,0,1,1,0,0,0,1,0,0,1,4,0.25,0.1269185922,0.013108,0.533730,0.2132366341
261333,,,0.2805814804,-0.117756987,,,,0.0307204863,,,,0,0,1,1,0,0,0,1,0,0,0,3,0.3333333333,0.0645149932,0.013108,0.533730,0.0963168529
261335,,,,-0.627419885,,,,-0.264335032,,,,0,0,0,1,0,0,0,1,0,0,0,2,0.5,-0.445877459,0.013108,0.533730,-0.859957701
261336,,,0.5132413786,,,,,0.1782482455,,,,0,0,1,0,0,0,0,1,0,0,0,2,0.5,0.345744812,0.013108,0.533730,0.6232308354
261337,,0.8776739576,-0.834430107,-0.525487306,,0.2635043322,,-0.411862791,,,,0,1,1,1,0,1,0,1,0,0,0,5,0.2,-0.126120383,0.013108,0.533730,-0.260858804
261338,,1.1536204777,-0.478855546,0.5957710702,,,-0.653469947,0.7683592821,,,,0,1,1,1,0,0,1,1,0,0,0,5,0.2,0.2770850674,0.013108,0.533730,0.4945894998
270003,1.7555149178,0.9442817383,-0.061823653,1.1054339683,,-0.034434386,-0.991838702,1.3584703187,0.1392773383,0.1617016183,1.1094486371,1,1,1,1,0,1,1,1,1,1,1,10,0.1,0.5486031797,0.013108,0.533730,1.003307567
270004,-0.069711294,-0.088138863,0.9258834621,1.1054339683,-0.591814703,0.3628172381,1.3767425806,0.3257760046,0.5043285299,0.7444624792,0.4257342795,1,1,1,1,1,1,1,1,1,1,1,11,0.0909090909,0.4565012439,0.013108,0.533730,0.8307447926
270012,-0.501547148,0.8824316562,-0.053044034,0.1880407518,-0.831677459,0.9586946735,0.3616363166,2.0961091144,2.2565742495,0.0451494461,0.4257342795,1,1,1,1,1,1,1,1,1,1,1,11,0.0909090909,0.5298274405,0.013108,0.533730,0.9681292225
270014,-0.196383144,0.7254276017,0.5351904256,-1.646745681,0.0078421871,1.455259203,0.7000050712,1.653525837,1.7455025813,-0.770715759,0.4257342795,1,1,1,1,1,1,1,1,1,1,1,11,0.0909090909,0.4213311456,0.013108,0.533730,0.7648498721
270017,-1.825843769,0.4161771912,-1.163665812,-0.525487306,,,-1.330207457,-0.264335032,-2.197050288,-0.187954898,-0.599837257,1,1,1,1,0,0,1,1,1,1,1,9,0.1111111111,-0.853133847,0.013108,0.533730,-1.622995869
270023,1.3236790633,0.0308036028,0.6054273759,-2.360273739,,0.2635043322,,0.3257760046,1.5264718664,0.627910307,-0.257980078,1,1,1,1,0,1,0,1,1,1,1,9,0.1111111111,0.2317020817,0.013108,0.533730,0.4095596484
27003F,,1.7768789973,0.166446436,,,0.9586946735,0.7000050712,1.3584703187,,,,0,1,1,0,0,1,1,1,0,0,0,5,0.2,0.9920990993,0.013108,0.533730,1.8342443512
270049,-0.173351899,1.1678935736,1.1102554569,1.3092991276,-0.471883325,0.7600688617,0.3616363166,1.8010535961,-1.758988858,-1.586580964,0.4257342795,1,1,1,1,1,1,1,1,1,1,1,11,0.0909090909,0.2677396514,0.013108,0.533730,0.4770798689
270051,1.3524681203,0.4780272733,1.7028797258,1.1054339683,0.3676363213,0.6607559558,-0.991838702,1.0634148004,1.3074411514,0.7444624792,0.4257342795,1,1,1,1,1,1,1,1,1,1,1,11,0.0909090909,0.7469468521,0.013108,0.533730,1.374925537
270057,1.7094524267,-0.416420068,0.5132413786,-0.219689567,,-1.027563445,1.3767425806,0.4733037638,1.1614206748,-1.470028792,0.4257342795,1,1,1,1,0,1,1,1,1,1,1,10,0.1,0.2526193233,0.013108,0.533730,0.4487503256
270074,,,,,,,,0.3257760046,,,,0,0,0,0,0,0,0,1,0,0,0,1,1,0.3257760046,0.013108,0.533730,0.5858171505
270086,,1.2963514364,0.9961204125,1.4112317072,-0.471883325,0.6607559558,1.0383738259,0.3257760046,0.4313182916,-0.887267931,-0.257980078,0,1,1,1,1,1,1,1,1,1,1,10,0.1,0.4542796299,0.013108,0.533730,0.8265823626
271300,,,,,,,,,,,,0,0,0,0,0,0,0,0,0,0,0,0,,,0.013108,0.533730,
271301,,,,,,,,0.3257760046,,,,0,0,0,0,0,0,0,1,0,0,0,1,1,0.3257760046,0.013108,0.533730,0.5858171505
271302,,,,,,,,,,,,0,0,0,0,0,0,0,0,0,0,0,0,,,0.013108,0.533730,
271303,,,,,,,,,,,,0,0,0,0,0,0,0,0,0,0,0,0,,,0.013108,0.533730,
271305,,,,,,,,-0.706918309,,,,0,0,0,0,0,0,0,1,0,0,0,1,1,-0.706918309,0.013108,0.533730,-1.349045504
271306,,,,,,,,,,,,0,0,0,0,0,0,0,0,0,0,0,0,,,0.013108,0.533730,
271307,,,,,,,,,,,,0,0,0,0,0,0,0,0,0,0,0,0,,,0.013108,0.533730,
271308,,,,,,,,,,,,0,0,0,0,0,0,0,0,0,0,0,0,,,0.013108,0.533730,
271309,,,,,,,,,,,,0,0,0,0,0,0,0,0,0,0,0,0,,,0.013108,0.533730,
271310,,,,,,,,,,,,0,0,0,0,0,0,0,0,0,0,0,0,,,0.013108,0.533730,
271311,,,,,,,,,,,,0,0,0,0,0,0,0,0,0,0,0,0,,,0.013108,0.533730,
271312,,,1.1058656475,,,,,-0.55939055,,,,0,0,1,0,0,0,0,1,0,0,0,2,0.5,0.2732375486,0.013108,0.533730,0.4873807641
271313,,,,,,,,-0.116807273,,,,0,0,0,0,0,0,0,1,0,0,0,1,1,-0.116807273,0.013108,0.533730,-0.243409701
271314,,,,,,,,0.6208315229,,,,0,0,0,0,0,0,0,1,0,0,0,1,1,0.6208315229,0.013108,0.533730,1.1386350517
271316,,,0.7371216579,-0.321622146,,,,0.0307204863,-0.079753377,-0.770715759,-0.599837257,0,0,1,1,0,0,0,1,1,1,1,6,0.1666666667,-0.167347732,0.013108,0.533730,-0.338102629
271317,,-0.335539191,0.5000719504,,,-1.325502162,-0.315101193,-0.411862791,0.285297815,-1.003820104,-0.257980078,0,1,1,0,0,1,1,1,1,1,1,8,0.125,-0.358054469,0.013108,0.533730,-0.695411987
271318,,0.3495694105,1.2902376423,,,,0.3616363166,0.4733037638,,,-0.257980078,0,1,1,0,0,0,1,1,0,0,1,5,0.2,0.443353411,0.013108,0.533730,0.8061109291
271319,,,,,,,,,,,,0,0,0,0,0,0,0,0,0,0,0,0,,,0.013108,0.533730,
271320,,,-0.281314123,,,,,0.3257760046,0.4313182916,-0.071402726,,0,0,1,0,0,0,0,1,1,1,0,4,0.25,0.1010943618,0.013108,0.533730,0.1648521913
271321,,,,,,,,,,,,0,0,0,0,0,0,0,0,0,0,0,0,,,0.013108,0.533730,
271322,,,,,,,,0.1782482455,,,,0,0,0,0,0,0,0,1,0,0,0,1,1,0.1782482455,0.013108,0.533730,0.3094081998
271323,,,,,,,0.7000050712,-0.264335032,,,,0,0,0,0,0,0,1,1,0,0,0,2,0.5,0.2178350196,0.013108,0.533730,0.3835782324
271324,,,,-1.137082783,,,,,,,,0,0,0,1,0,0,0,0,0,0,0,1,1,-1.137082783,0.013108,0.533730,-2.155004406
271325,,,0.6361560417,,,,,-0.116807273,,,,0,0,1,0,0,0,0,1,0,0,0,2,0.5,0.2596743845,0.013108,0.533730,0.4619687333
271326,,,,-1.340947943,,,,,,,,0,0,0,1,0,0,0,0,0,0,0,1,1,-1.340947943,0.013108,0.533730,-2.536967469
271327,,,,,,,,,,,,0,0,0,0,0,0,0,0,0,0,0,0,,,0.013108,0.533730,
271328,,,,,,,,-0.264335032,,,,0,0,0,0,0,0,0,1,0,0,0,1,1,-0.264335032,0.013108,0.533730,-0.519818652
271329,,,,,,,,0.1782482455,,,,0,0,0,0,0,0,0,1,0,0,0,1,1,0.1782482455,0.013108,0.533730,0.3094081998
271330,,,,,,,,-0.116807273,,,,0,0,0,0,0,0,0,1,0,0,0,1,1,-0.116807273,0.013108,0.533730,-0.243409701
271331,,,,,,,,0.1782482455,,,,0,0,0,0,0,0,0,1,0,0,0,1,1,0.1782482455,0.013108,0.533730,0.3094081998
271332,,1.9148522574,0.5351904256,,,,-0.315101193,-1.149501587,0.0662671,-1.120372276,,0,1,1,0,0,0,1,1,1,1,0,6,0.1666666667,-0.011444212,0.013108,0.533730,-0.046000799
271333,,,,,,,,,,,,0,0,0,0,0,0,0,0,0,0,0,0,,,0.013108,0.533730,
271334,,,,,,,,,,,,0,0,0,0,0,0,0,0,0,0,0,0,,,0.013108,0.533730,
271335,,1.163135875,1.4043726867,,,0.7600688617,,0.7683592821,1.0154001981,-1.236924448,0.4257342795,0,1,1,0,0,1,0,1,1,1,1,7,0.1428571429,0.6143066765,0.013108,0.533730,1.1264100577
271336,,0.83485467,1.3648644021,,,-0.530998915,,0.4733037638,,,1.1094486371,0,1,1,0,0,1,0,1,0,0,1,5,0.2,0.6502945116,0.013108,0.533730,1.1938370952
271337,,,,,,,,,,,,0,0,0,0,0,0,0,0,0,0,0,0,,,0.013108,0.533730,
271338,,,,,,,,,,,,0,0,0,0,0,0,0,0,0,0,0,0,,,0.013108,0.533730,
271340,,2.1527371885,1.2946274517,-0.933217624,,0.9586946735,0.3616363166,1.3584703187,0.4313182916,-0.537611415,,0,1,1,1,0,1,1,1,1,1,0,8,0.125,0.6358319002,0.013108,0.533730,1.1667398543
271341,,,,0.1880407518,,,,-0.264335032,,,,0,0,0,1,0,0,0,1,0,0,0,2,0.5,-0.03814714,0.013108,0.533730,-0.096031575
271342,,,,,,,,-0.706918309,,,,0,0,0,0,0,0,0,1,0,0,0,1,1,-0.706918309,0.013108,0.533730,-1.349045504
271343,,0.8443700673,,,,,,1.3584703187,,,,0,1,0,0,0,0,0,1,0,0,0,2,0.5,1.101420193,0.013108,0.533730,2.0390690496
271344,,2.0100062298,1.1234248851,,,0.5614430499,0.1924519392,1.0634148004,0.5773387682,0.3948059626,,0,1,1,0,0,1,1,1,1,1,0,7,0.1428571429,0.8461265193,0.013108,0.533730,1.5607491941
271345,,,1.3077968799,,,,,0.1782482455,,,,0,0,1,0,0,0,0,1,0,0,0,2,0.5,0.7430225627,0.013108,0.533730,1.3675729632
271346,,,,,,,,,,,,0,0,0,0,0,0,0,0,0,0,0,0,,,0.013108,0.533730,
271347,,0.8443700673,1.1102554569,,,,,0.9158870412,0.6503490066,-1.703133137,,0,1,1,0,0,0,0,1,1,1,0,5,0.2,0.3635456871,0.013108,0.533730,0.6565826684
271348,,,,,,,,,,,,0,0,0,0,0,0,0,0,0,0,0,0,,,0.013108,0.533730,
271389,,,,,,,,,,,,0,0,0,0,0,0,0,0,0,0,0,0,,,0.013108,0.533730,
280003,0.4772807886,1.2392590529,0.7941891801,0.0861081721,1.3270873457,-0.332373103,-1.161023079,0.7683592821,-0.152763615,0.3948059626,0.4257342795,1,1,1,1,1,1,1,1,1,1,1,11,0.0909090909,0.3515149333,0.013108,0.533730,0.6340417714
280009,0.293030824,-0.392631575,-0.81687087,0.5957710702,-0.591814703,-0.233060197,-0.315101193,-1.149501587,,,1.1094486371,1,1,1,1,1,1,1,1,0,0,1,9,0.1111111111,-0.166747733,0.013108,0.533730,-0.336978465
280013,-0.8815627,-1.125317163,0.6756643263,-1.748678261,-0.951608837,0.7600688617,0.0232675619,0.0307204863,-0.663835283,0.3948059626,0.4257342795,1,1,1,1,1,1,1,1,1,1,1,11,0.0909090909,-0.278249161,0.013108,0.533730,-0.545888252
280020,,0.7397006976,-0.7378543,-0.627419885,,0.1641914263,-0.48428557,-0.116807273,,,-1.283551615,0,1,1,1,0,1,1,1,0,0,1,7,0.1428571429,-0.335146646,0.013108,0.533730,-0.652491743
280023,1.2948900064,-0.568666424,-0.391059358,-0.219689567,,1.1573204853,,0.4733037638,,,0.0838771007,1,1,1,1,0,1,0,1,0,0,1,7,0.1428571429,0.261425144,0.013108,0.533730,0.4652489675
280032,,1.2154705598,1.7687268668,-0.729352465,,0.9586946735,0.5308206939,2.2436368736,-0.298784092,-0.770715759,-0.599837257,0,1,1,1,0,1,1,1,1,1,1,9,0.1111111111,0.4798511217,0.013108,0.533730,0.8744932726
280040,0.2699995784,-0.316508397,0.8556465117,0.391905911,-0.591814703,-0.431686009,1.8842957126,1.3584703187,-0.955876236,-1.236924448,-0.941694436,1,1,1,1,1,1,1,1,1,1,1,11,0.0909090909,0.025983073,0.013108,0.533730,0.0241232015
280060,0.9494213228,-0.245142917,-1.150496384,-0.117756987,0.2477049432,1.2566333912,,1.653525837,-0.590825045,0.1617016183,0.4257342795,1,1,1,1,1,1,0,1,1,1,1,10,0.1,0.2590500059,0.013108,0.533730,0.4607988936
280061,,-1.44408297,-0.869548582,-0.933217624,,-0.133747291,,0.0307204863,-0.955876236,0.2782537905,-0.257980078,0,1,1,1,0,1,0,1,1,1,1,8,0.125,-0.535684813,0.013108,0.533730,-1.028221333
280065,1.127913476,-0.673335793,-0.088162509,-0.627419885,,-0.928250539,0.7000050712,-0.411862791,0.0662671,0.0451494461,0.0838771007,1,1,1,1,0,1,1,1,1,1,1,10,0.1,-0.070581932,0.013108,0.533730,-0.156801609
28006F,1.4273196684,1.9148522574,1.9004211488,,,-0.133747291,1.5459269579,1.0634148004,,,,1,1,1,0,0,1,1,1,0,0,0,6,0.1666666667,1.2863645902,0.013108,0.533730,2.3855820521
280077,,0.6968814099,0.6668847075,1.3092991276,,-0.828937633,1.0383738259,-0.116807273,,,-0.257980078,0,1,1,1,0,1,1,1,0,0,1,7,0.1428571429,0.3582448696,0.013108,0.533730,0.646651023
280081,0.3390933151,0.3115078215,-1.339258188,0.9015688091,,-0.530998915,,0.4733037638,,,0.0838771007,1,1,1,1,0,1,0,1,0,0,1,7,0.1428571429,0.0341562439,0.013108,0.533730,0.0394365065
280105,,-0.116685055,-0.320822407,-0.831285044,,,,-0.264335032,,,0.4257342795,0,1,1,1,0,0,0,1,0,0,1,5,0.2,-0.221478652,0.013108,0.533730,-0.439522665
280111,,1.1488627791,0.0742604386,-0.321622146,,0.3628172381,,0.9158870412,,,0.0838771007,0,1,1,1,0,1,0,1,0,0,1,6,0.1666666667,0.3773470752,0.013108,0.533730,0.6824410373
280125,0.4139448632,1.8006674904,0.407885953,-0.831285044,-0.591814703,1.455259203,-0.315101193,0.7683592821,,,1.1094486371,1,1,1,1,1,1,1,1,0,0,1,9,0.1111111111,0.4685960543,0.013108,0.533730,0.8534057065
280127,,,,,,,0.1924519392,0.4733037638,,,1.4513058159,0,0,0,0,0,0,1,1,0,0,1,3,0.3333333333,0.705687173,0.013108,0.533730,1.297621139
280128,-0.035164425,0.040319,,,0.3676363213,,,0.9158870412,,,-0.257980078,1,1,0,0,1,0,0,1,0,0,1,5,0.2,0.2061395718,0.013108,0.533730,0.3616655667
280129,,,,,,,1.5459269579,1.0634148004,,,1.7931629948,0,0,0,0,0,0,1,1,0,0,1,3,0.3333333333,1.4675015844,0.013108,0.533730,2.7249614797
280130,0.7709291696,0.7730045879,1.5316771593,1.2073665479,,0.1641914263,-0.653469947,-0.411862791,,,-0.599837257,1,1,1,1,0,1,1,1,0,0,1,8,0.125,0.3477498619,0.013108,0.533730,0.6269875097
280131,,,,,,,1.3767425806,1.3584703187,,,-1.283551615,0,0,0,0,0,0,1,1,0,0,1,3,0.3333333333,0.4838870949,0.013108,0.533730,0.8820550978
280132,1.0876087962,0.6445467251,0.1620566266,1.0035013887,,1.1573204853,0.3616363166,0.1782482455,,,0.4257342795,1,1,1,1,0,1,1,1,0,0,1,8,0.125,0.6275816079,0.013108,0.533730,1.151282054
280133,,,,,,,,2.3911646327,,,0.7675914583,0,0,0,0,0,0,0,1,0,0,1,2,0.5,1.5793780455,0.013108,0.533730,2.934573931
280134,-0.253961258,1.7911520932,0.0259725352,-1.442880522,1.3270873457,0.8593817676,-0.991838702,-0.116807273,,,-0.257980078,1,1,1,1,1,1,1,1,0,0,1,9,0.1111111111,0.1044584342,0.013108,0.533730,0.1711551388
280139,,0.7206699031,-1.229512953,-0.015824407,,-0.431686009,-0.145916815,-1.001973828,,,0.4257342795,0,1,1,1,0,1,1,1,0,0,1,7,0.1428571429,-0.239787119,0.013108,0.533730,-0.473825525
281300,,,,,,,,0.3257760046,,,,0,0,0,0,0,0,0,1,0,0,0,1,1,0.3257760046,0.013108,0.533730,0.5858171505
281301,,,0.9390528903,0.1880407518,,,1.3767425806,0.0307204863,,,,0,0,1,1,0,0,1,1,0,0,0,4,0.25,0.6336391772,0.013108,0.533730,1.1626315546
281302,,,,0.391905911,,,,,,,,0,0,0,1,0,0,0,0,0,0,0,1,1,0.391905911,0.013108,0.533730,0.7097185649
281303,,,,,,,,,,,,0,0,0,0,0,0,0,0,0,0,0,0,,,0.013108,0.533730,
281304,,0.9585548342,-0.369110311,,,,,0.3257760046,,,,0,1,1,0,0,0,0,1,0,0,0,3,0.3333333333,0.3050735094,0.013108,0.533730,0.5470288233
281305,,,0.4649534752,,,,,-0.55939055,,,,0,0,1,0,0,0,0,1,0,0,0,2,0.5,-0.047218538,0.013108,0.533730,-0.113027803
281306,,,,,,,,0.1782482455,,,,0,0,0,0,0,0,0,1,0,0,0,1,1,0.1782482455,0.013108,0.533730,0.3094081998
281307,,,-1.953831504,0.4938384906,,,,-0.116807273,,,,0,0,1,1,0,0,0,1,0,0,0,3,0.3333333333,-0.525600095,0.013108,0.533730,-1.009326541
281308,,,,,,,,-0.264335032,,,,0,0,0,0,0,0,0,1,0,0,0,1,1,-0.264335032,0.013108,0.533730,-0.519818652
281309,,,1.6897102976,-0.423554726,,,,0.9158870412,,,,0,0,1,1,0,0,0,1,0,0,0,3,0.3333333333,0.7273475376,0.013108,0.533730,1.3382041363
281310,,,,,,,,-0.116807273,,,,0,0,0,0,0,0,0,1,0,0,0,1,1,-0.116807273,0.013108,0.533730,-0.243409701
281311,,,,,,,,,,,,0,0,0,0,0,0,0,0,0,0,0,0,,,0.013108,0.533730,
281312,,,,,,,,0.3257760046,,,,0,0,0,0,0,0,0,1,0,0,0,1,1,0.3257760046,0.013108,0.533730,0.5858171505
281313,,,1.1585433603,,,,,0.6208315229,,,,0,0,1,0,0,0,0,1,0,0,0,2,0.5,0.8896874416,0.013108,0.533730,1.642365216
281314,,,,-0.015824407,,,,-0.116807273,,,,0,0,0,1,0,0,0,1,0,0,0,2,0.5,-0.06631584,0.013108,0.533730,-0.148808631
281315,,0.9871010259,1.0883064099,,,,-0.48428557,-2.034668142,,,,0,1,1,0,0,0,1,1,0,0,0,4,0.25,-0.110886569,0.013108,0.533730,-0.232316633
281316,,,,,,,,,,,,0,0,0,0,0,0,0,0,0,0,0,0,,,0.013108,0.533730,
281318,,,,-0.729352465,,,,0.4733037638,,,,0,0,0,1,0,0,0,1,0,0,0,2,0.5,-0.128024351,0.013108,0.533730,-0.26442609
281319,,,0.7151726109,-0.015824407,,,,0.4733037638,,,,0,0,1,1,0,0,0,1,0,0,0,3,0.3333333333,0.3908839891,0.013108,0.533730,0.7078038855
281320,,,0.3069203368,0.2899733314,,,,0.4733037638,,,,0,0,1,1,0,0,0,1,0,0,0,3,0.3333333333,0.3567324773,0.013108,0.533730,0.6438173952
281322,,-0.949282314,0.9741713655,,,,0.1924519392,0.3257760046,,,,0,1,1,0,0,0,1,1,0,0,0,4,0.25,0.135779249,0.013108,0.533730,0.2298380171
281323,,,,-0.525487306,,,,,,,,0,0,0,1,0,0,0,0,0,0,0,1,1,-0.525487306,0.013108,0.533730,-1.009115218
281324,,,0.4781229034,0.5957710702,,,,0.3257760046,,,,0,0,1,1,0,0,0,1,0,0,0,3,0.3333333333,0.4665566594,0.013108,0.533730,0.8495846833
281325,,,,0.391905911,,,,0.1782482455,,,,0,0,0,1,0,0,0,1,0,0,0,2,0.5,0.2850770782,0.013108,0.533730,0.5095633824
281326,,,1.1892720261,,,,0.5308206939,0.3257760046,,,,0,0,1,0,0,0,1,1,0,0,0,3,0.3333333333,0.6819562415,0.013108,0.533730,1.2531587144
281327,,,1.5228975405,0.1880407518,,,,0.7683592821,,,,0,0,1,1,0,0,0,1,0,0,0,3,0.3333333333,0.8264325248,0.013108,0.533730,1.5238504003
281328,,,0.7020031827,0.4938384906,,,,0.0307204863,,,,0,0,1,1,0,0,0,1,0,0,0,3,0.3333333333,0.4088540532,0.013108,0.533730,0.7414727123
281329,,0.2449000408,0.0391419634,-0.117756987,,,0.8691894486,0.1782482455,-0.079753377,0.627910307,,0,1,1,1,0,0,1,1,1,1,0,7,0.1428571429,0.2516970916,0.013108,0.533730,0.4470224266
281331,,,,0.2899733314,,,,0.6208315229,,,,0,0,0,1,0,0,0,1,0,0,0,2,0.5,0.4554024271,0.013108,0.533730,0.8286860426
281332,,,0.561529282,-0.525487306,,,,0.1782482455,,,,0,0,1,1,0,0,0,1,0,0,0,3,0.3333333333,0.0714300739,0.013108,0.533730,0.1092729923
281333,,,,0.2899733314,,,,,,,,0,0,0,1,0,0,0,0,0,0,0,1,1,0.2899733314,0.013108,0.533730,0.5187370335
281334,,0.7349429989,-0.140840222,-0.321622146,,-0.828937633,,-0.116807273,,,-0.941694436,0,1,1,1,0,1,0,1,0,0,1,6,0.1666666667,-0.269159785,0.013108,0.533730,-0.52885834
281335,,,0.2937509086,0.2899733314,,,,0.1782482455,,,,0,0,1,1,0,0,0,1,0,0,0,3,0.3333333333,0.2539908285,0.013108,0.533730,0.4513199865
281336,,-0.178535137,0.3113101462,-1.137082783,,-0.630311821,,0.1782482455,0.3583080533,-0.071402726,0.0838771007,0,1,1,1,0,1,0,1,1,1,1,8,0.125,-0.135698615,0.013108,0.533730,-0.278804641
281338,,,,0.2899733314,,,,0.3257760046,,,,0,0,0,1,0,0,0,1,0,0,0,2,0.5,0.307874668,0.013108,0.533730,0.552277092
281339,,0.7397006976,0.2366833864,-0.423554726,,,,-0.411862791,,,0.4257342795,0,1,1,1,0,0,0,1,0,0,1,5,0.2,0.1133401693,0.013108,0.533730,0.1877960142
281340,,,0.6229866135,,,,,-0.55939055,,,,0,0,1,0,0,0,0,1,0,0,0,2,0.5,0.0317980316,0.013108,0.533730,0.035018145
281341,,,,0.391905911,,,,0.1782482455,,,,0,0,0,1,0,0,0,1,0,0,0,2,0.5,0.2850770782,0.013108,0.533730,0.5095633824
281342,,,1.1717127885,0.5957710702,,,,0.4733037638,,,,0,0,1,1,0,0,0,1,0,0,0,3,0.3333333333,0.7469292075,0.013108,0.533730,1.3748924779
281343,,,1.2200006919,-0.015824407,,,,0.6208315229,,,,0,0,1,1,0,0,0,1,0,0,0,3,0.3333333333,0.6083359358,0.013108,0.533730,1.1152232399
281344,,,0.4122757624,,,,-0.145916815,0.3257760046,,,,0,0,1,0,0,0,1,1,0,0,0,3,0.3333333333,0.1973783172,0.013108,0.533730,0.3452504243
281345,,-0.173777438,-0.325212217,0.1880407518,,,,0.1782482455,,,,0,1,1,1,0,0,0,1,0,0,0,4,0.25,-0.033175164,0.013108,0.533730,-0.08671605
281346,,,,0.1880407518,,,,,,,,0,0,0,1,0,0,0,0,0,0,0,1,1,0.1880407518,0.013108,0.533730,0.3277555021
281347,,,0.3595980496,0.2899733314,,,,0.3257760046,,,,0,0,1,1,0,0,0,1,0,0,0,3,0.3333333333,0.3251157952,0.013108,0.533730,0.5845801779
281348,,,0.3903267154,,,,,0.4733037638,,,,0,0,1,0,0,0,0,1,0,0,0,2,0.5,0.4318152396,0.013108,0.533730,0.7844929375
281349,,,-0.672007159,,,,,0.3257760046,,,0.4257342795,0,0,1,0,0,0,0,1,0,0,1,3,0.3333333333,0.0265010416,0.013108,0.533730,0.0250936707
281350,,,0.1752260548,0.2899733314,,0.8593817676,,-0.116807273,,,,0,0,1,1,0,1,0,1,0,0,0,4,0.25,0.3019434702,0.013108,0.533730,0.541164362
281351,,,,,,,,0.4733037638,,,,0,0,0,0,0,0,0,1,0,0,0,1,1,0.4733037638,0.013108,0.533730,0.8622261011
281352,,0.2829616298,0.0040234882,0.2899733314,,1.455259203,,-0.116807273,,,,0,1,1,1,0,1,0,1,0,0,0,5,0.2,0.3830820759,0.013108,0.533730,0.6931861712
281353,,,1.2243905013,-0.729352465,,,,0.4733037638,,,,0,0,1,1,0,0,0,1,0,0,0,3,0.3333333333,0.3227806001,0.013108,0.533730,0.5802049414
281354,,,,,,,,0.3257760046,,,,0,0,0,0,0,0,0,1,0,0,0,1,1,0.3257760046,0.013108,0.533730,0.5858171505
281355,,,1.2243905013,0.2899733314,,,,-0.55939055,,,,0,0,1,1,0,0,0,1,0,0,0,3,0.3333333333,0.3183244275,0.013108,0.533730,0.571855828
281356,,-0.054834972,0.2235139582,,,,,0.0307204863,,,,0,1,1,0,0,0,0,1,0,0,0,3,0.3333333333,0.0664664907,0.013108,0.533730,0.099973191
281357,,,0.8644261305,,,,,-0.264335032,0.7963694832,-1.35347662,,0,0,1,0,0,0,0,1,1,1,0,4,0.25,0.0107459904,0.013108,0.533730,-0.004425094
281358,,,-0.333991836,0.1880407518,,,,0.0307204863,,,,0,0,1,1,0,0,0,1,0,0,0,3,0.3333333333,-0.038410199,0.013108,0.533730,-0.096524444
281359,,,,-0.117756987,,,,0.3257760046,,,,0,0,0,1,0,0,0,1,0,0,0,2,0.5,0.1040095088,0.013108,0.533730,0.1703140292
281360,,-0.121442753,0.2893610992,0.2899733314,,,-0.315101193,0.1782482455,,,,0,1,1,1,0,0,1,1,0,0,0,5,0.2,0.064207746,0.013108,0.533730,0.0957411926
281361,,,-1.475342279,0.391905911,,,,0.4733037638,,,,0,0,1,1,0,0,0,1,0,0,0,3,0.3333333333,-0.203377535,0.013108,0.533730,-0.405608297
281362,,0.8538854645,1.3429153551,-0.219689567,,,,0.7683592821,0.4313182916,0.9775668235,,0,1,1,1,0,0,0,1,1,1,0,6,0.1666666667,0.6923926083,0.013108,0.533730,1.2727123579
281363,,0.8919470535,0.0962094856,-0.525487306,,-0.630311821,,0.6208315229,1.0154001981,-1.586580964,0.4257342795,0,1,1,1,0,1,0,1,1,1,1,8,0.125,0.0384678061,0.013108,0.533730,0.047514677
281364,,0.1021690821,1.0356286971,0.4938384906,,0.2635043322,,1.3584703187,-0.152763615,0.0451494461,,0,1,1,1,0,1,0,1,1,1,0,7,0.1428571429,0.4494281074,0.013108,0.533730,0.817492519
281365,,1.0917703956,0.9127140339,-0.525487306,,,,0.6208315229,,,,0,1,1,1,0,0,0,1,0,0,0,4,0.25,0.5249571617,0.013108,0.533730,0.959004237
290001,0.3448511265,-0.773247464,-0.175958697,0.2899733314,0.7274304554,0.3628172381,,-0.411862791,0.7963694832,-0.421059243,-0.941694436,1,1,1,1,1,1,0,1,1,1,1,10,0.1,-0.0202381,0.013108,0.533730,-0.062477083
290003,-0.017890991,-0.915978423,-0.241805838,,-1.791128484,-2.219318315,-0.145916815,-0.411862791,,,0.4257342795,1,1,1,0,1,1,1,1,0,0,1,8,0.125,-0.664770922,0.013108,0.533730,-1.270077891
290005,,-0.896947629,0.1049891044,,,-0.431686009,,-0.706918309,,,,0,1,1,0,0,1,0,1,0,0,0,4,0.25,-0.482640711,0.013108,0.533730,-0.928837564
290007,,-2.957031132,0.1093789138,-0.423554726,0.1277735651,-2.120005409,0.3616363166,-0.854446069,,,0.0838771007,0,1,1,1,1,1,1,1,0,0,1,8,0.125,-0.70904643,0.013108,0.533730,-1.353032764
290008,0.9954838139,0.1592614656,0.8819853681,0.6977036498,,-0.233060197,0.1924519392,1.0634148004,,,-2.992837509,1,1,1,1,0,1,1,1,0,0,1,8,0.125,0.0955504164,0.013108,0.533730,0.1544650197
290009,0.3103042582,0.8634008617,-0.136450413,-0.219689567,0.2477049432,0.6607559558,-0.145916815,-0.264335032,1.0884104365,0.7444624792,-2.65098033,1,1,1,1,1,1,1,1,1,1,1,11,0.0909090909,0.0452424344,0.013108,0.533730,0.0602076637
290012,,,,,,,,,,,,0,0,0,0,0,0,0,0,0,0,0,0,,,0.013108,0.533730,
290019,0.4772807886,1.4010208061,0.342038812,-1.544813102,-1.551265728,0.9586946735,0.7000050712,1.5059980778,-0.006743138,-0.770715759,0.0838771007,1,1,1,1,1,1,1,1,1,1,1,11,0.0909090909,0.1450343275,0.013108,0.533730,0.2471783913
290021,-0.680039301,-1.829456559,-0.5973804,-0.015824407,0.0078421871,0.5614430499,-0.145916815,-1.739612624,,,-1.967265972,1,1,1,1,1,1,1,1,0,0,1,9,0.1111111111,-0.711801205,0.013108,0.533730,-1.358194127
29002F,0.6615307531,0.7872776838,0.3727674778,,,1.3559462971,0.3616363166,0.0307204863,,,,1,1,1,0,0,1,1,1,0,0,0,6,0.1666666667,0.5949798358,0.013108,0.533730,1.0901991658
290032,1.2315540811,1.3106245323,0.9258834621,-1.035150204,,1.3559462971,-0.48428557,-0.116807273,,,-0.257980078,1,1,1,1,0,1,1,1,0,0,1,8,0.125,0.366223156,0.013108,0.533730,0.6615991913
290039,0.4945542227,0.2782039311,-0.219856791,-0.117756987,-0.951608837,-1.822066692,0.5308206939,0.1782482455,-0.152763615,0.0451494461,-0.599837257,1,1,1,1,1,1,1,1,1,1,1,11,0.0909090909,-0.212446695,0.013108,0.533730,-0.422600332
290041,-0.432453412,-0.316508397,-0.505194402,0.6977036498,-0.232020569,0.0648785204,,-2.034668142,0.5773387682,0.1617016183,0.4257342795,1,1,1,1,1,1,0,1,1,1,1,10,0.1,-0.159348809,0.013108,0.533730,-0.323115794
290045,0.0281714999,-0.273689109,-0.777362585,-1.442880522,1.0872245896,0.1641914263,-0.145916815,-0.55939055,,,0.4257342795,1,1,1,1,1,1,1,1,0,0,1,9,0.1111111111,-0.165990865,0.013108,0.533730,-0.335560394
290046,0.0627183683,0.5018157664,-0.900277248,0.0861081721,0.1277735651,-0.431686009,-0.315101193,-1.592084864,,,-1.967265972,1,1,1,1,1,1,1,1,0,0,1,9,0.1111111111,-0.491999935,0.013108,0.533730,-0.946373067
290047,-0.328812806,0.4447233829,0.1181585326,-0.321622146,,0.3628172381,-0.145916815,-1.149501587,,,0.0838771007,1,1,1,1,0,1,1,1,0,0,1,8,0.125,-0.117034638,0.013108,0.533730,-0.243835693
290049,,-0.492543246,0.4430044282,0.1880407518,,-0.233060197,-2.514498098,-1.444557105,0.7233592449,0.8610146514,-0.941694436,0,1,1,1,0,1,1,1,1,1,1,9,0.1111111111,-0.378992667,0.013108,0.533730,-0.734641929
29004F,,0.5969697389,1.2112210731,,,1.0580075794,0.7000050712,1.3584703187,,,,0,1,1,0,0,1,1,1,0,0,0,5,0.2,0.9849347563,0.013108,0.533730,1.8208211923
290053,1.1624603443,0.4209348898,0.5351904256,-0.219689567,-1.191471594,-0.133747291,,0.1782482455,,,-0.599837257,1,1,1,1,1,1,0,1,0,0,1,8,0.125,0.0190110246,0.013108,0.533730,0.011060327
290054,0.7306244899,-0.915978423,-1.260241619,-0.117756987,,0.1641914263,-1.161023079,-2.182195901,,,-3.676551866,1,1,1,1,0,1,1,1,0,0,1,8,0.125,-1.052366495,0.013108,0.533730,-1.996279428
290057,-0.887320512,-0.111927356,-0.825650488,-0.933217624,,-1.325502162,0.8691894486,-2.034668142,,,-1.283551615,1,1,1,1,0,1,1,1,0,0,1,8,0.125,-0.816581056,0.013108,0.533730,-1.554510326
290058,,,-3.011775569,,,,,-0.55939055,,,,0,0,1,0,0,0,0,1,0,0,0,2,0.5,-1.78558306,0.013108,0.533730,-3.370038661
290061,,-3.951390144,-0.364720501,,,,,-1.297029346,,,-0.257980078,0,1,1,0,0,0,0,1,0,0,1,4,0.25,-1.467780018,0.013108,0.533730,-2.774600854
291300,,,,,,,,-0.411862791,,,,0,0,0,0,0,0,0,1,0,0,0,1,1,-0.411862791,0.013108,0.533730,-0.796227603
291301,,,,,,,,,,,,0,0,0,0,0,0,0,0,0,0,0,0,,,0.013108,0.533730,
291302,,,,,,0.2635043322,,-0.264335032,,,,0,0,0,0,0,1,0,1,0,0,0,2,0.5,-0.00041535,0.013108,0.533730,-0.025337052
291303,,,,,,,,,,,,0,0,0,0,0,0,0,0,0,0,0,0,,,0.013108,0.533730,
291304,,,,,,,,,,,,0,0,0,0,0,0,0,0,0,0,0,0,,,0.013108,0.533730,
291306,,0.6683352182,-0.219856791,,,0.5614430499,,0.6208315229,0.1392773383,-1.936237481,0.4257342795,0,1,1,0,0,1,0,1,1,1,1,7,0.1428571429,0.0370753052,0.013108,0.533730,0.0449056785
291307,,1.0965280943,0.451784047,-0.321622146,,1.0580075794,,0.1782482455,,,0.0838771007,0,1,1,1,0,1,0,1,0,0,1,6,0.1666666667,0.4244704867,0.013108,0.533730,0.7707317617
291308,,-0.026288781,-1.150496384,0.2899733314,,0.9586946735,,0.7683592821,,,,0,1,1,1,0,1,0,1,0,0,0,5,0.2,0.1680484245,0.013108,0.533730,0.2902977502
291309,,,,,,,,0.3257760046,,,,0,0,0,0,0,0,0,1,0,0,0,1,1,0.3257760046,0.013108,0.533730,0.5858171505
291311,,0.0260459041,-0.658837731,-0.015824407,,0.1641914263,,-0.706918309,,,,0,1,1,1,0,1,0,1,0,0,0,5,0.2,-0.238268624,0.013108,0.533730,-0.470980463
291312,,,,,,,,-0.411862791,,,,0,0,0,0,0,0,0,1,0,0,0,1,1,-0.411862791,0.013108,0.533730,-0.796227603
291313,,0.9918587246,-1.264631428,0.6977036498,,-0.431686009,,-1.297029346,,,-0.257980078,0,1,1,1,0,1,0,1,0,0,1,6,0.1666666667,-0.260294081,0.013108,0.533730,-0.512247501
291314,,,,,,,,0.1782482455,,,,0,0,0,0,0,0,0,1,0,0,0,1,1,0.1782482455,0.013108,0.533730,0.3094081998
300001,-0.265476881,-0.578181821,-0.162789269,0.9015688091,-0.112089191,0.462130144,-0.315101193,-0.411862791,0.7963694832,0.5113581348,0.4257342795,1,1,1,1,1,1,1,1,1,1,1,11,0.0909090909,0.1137872459,0.013108,0.533730,0.1886336598
300003,0.5578901481,-1.077740176,0.0215827258,-0.525487306,-0.951608837,-0.233060197,0.1924519392,-0.264335032,1.2344309131,-1.586580964,1.1094486371,1,1,1,1,1,1,1,1,1,1,1,11,0.0909090909,-0.138455286,0.013108,0.533730,-0.283969558
300005,,-0.016773383,-0.513974021,-0.015824407,,0.2635043322,-1.161023079,0.3257760046,0.5043285299,-0.187954898,0.4257342795,0,1,1,1,0,1,1,1,1,1,1,9,0.1111111111,-0.041800738,0.013108,0.533730,-0.10287698
300011,0.9263900772,0.1021690821,0.254242624,1.9208946053,,0.9586946735,0.0232675619,1.2109425595,0.5043285299,-0.887267931,0.0838771007,1,1,1,1,0,1,1,1,1,1,1,10,0.1,0.5097538883,0.013108,0.533730,0.9305192869
300012,0.2181792759,-0.387873876,0.1840056736,0.1880407518,,0.6607559558,0.5308206939,-2.034668142,0.4313182916,0.2782537905,-1.283551615,1,1,1,1,0,1,1,1,1,1,1,10,0.1,-0.12147192,0.013108,0.533730,-0.252149414
300014,,-0.406904671,-0.974904008,-1.544813102,,-0.630311821,,-0.264335032,,,0.7675914583,0,1,1,1,0,1,0,1,0,0,1,6,0.1666666667,-0.508946196,0.013108,0.533730,-0.978123689
300017,0.3333355037,1.1012857929,0.254242624,0.391905911,,-0.630311821,,0.4733037638,1.0884104365,0.627910307,-0.257980078,1,1,1,1,0,1,0,1,1,1,1,9,0.1111111111,0.37578916,0.013108,0.533730,0.6795221174
300018,-1.319156366,-0.559151026,-0.184738316,0.5957710702,,2.2497624502,-0.48428557,-0.264335032,-1.612968381,0.1617016183,-0.257980078,1,1,1,1,0,1,1,1,1,1,1,10,0.1,-0.167537963,0.013108,0.533730,-0.338459046
300019,,-0.659062698,0.7151726109,0.1880407518,,1.7531979207,0.0232675619,2.0961091144,1.2344309131,-0.187954898,0.4257342795,0,1,1,1,0,1,1,1,1,1,1,9,0.1111111111,0.6209928396,0.013108,0.533730,1.1389372957
300020,-1.434312594,-0.007257986,0.3113101462,1.6150968664,,-1.027563445,-1.837760589,-0.411862791,,,-0.941694436,1,1,1,1,0,1,1,1,0,0,1,8,0.125,-0.466755603,0.013108,0.533730,-0.899075126
300023,1.0473041165,0.8443700673,1.2068312637,1.3092991276,,-0.233060197,-1.161023079,0.4733037638,0.0662671,0.9775668235,-0.599837257,1,1,1,1,0,1,1,1,1,1,1,10,0.1,0.3931021729,0.013108,0.533730,0.7119598888
300029,-0.13880503,-1.187167245,0.5790885195,-0.423554726,-0.232020569,-0.729624727,-0.315101193,-0.706918309,0.285297815,0.7444624792,-0.257980078,1,1,1,1,1,1,1,1,1,1,1,11,0.0909090909,-0.216574824,0.013108,0.533730,-0.430334822
300034,0.5636479595,0.5684235471,0.0171929164,2.3286249237,-2.510716752,-0.034434386,0.1924519392,-1.444557105,-1.101896713,-1.35347662,-2.309123151,1,1,1,1,1,1,1,1,1,1,1,11,0.0909090909,-0.462169404,0.013108,0.533730,-0.890482393
301300,,,,,,,,0.6208315229,,,,0,0,0,0,0,0,0,1,0,0,0,1,1,0.6208315229,0.013108,0.533730,1.1386350517
301301,,0.4161771912,1.3034070705,,,,,0.1782482455,,,,0,1,1,0,0,0,0,1,0,0,0,3,0.3333333333,0.6326108357,0.013108,0.533730,1.1607048473
301302,,0.7206699031,0.8249178459,0.391905911,,-0.133747291,-0.48428557,0.4733037638,0.4313182916,0.1617016183,,0,1,1,1,0,1,1,1,1,1,0,8,0.125,0.298223059,0.013108,0.533730,0.5341937758
301303,,,0.9566121279,,,,,-0.116807273,0.5043285299,-1.586580964,,0,0,1,0,0,0,0,1,1,1,0,4,0.25,-0.060611895,0.013108,0.533730,-0.138121683
301304,,-0.20232363,0.6317662323,,,0.9586946735,,0.9158870412,0.0662671,-0.30450707,0.0838771007,0,1,1,0,0,1,0,1,1,1,1,7,0.1428571429,0.3070944925,0.013108,0.533730,0.5508153502
301305,,0.3495694105,0.6932235639,-0.117756987,,,,0.4733037638,,,0.0838771007,0,1,1,1,0,0,0,1,0,0,1,5,0.2,0.2964433704,0.013108,0.533730,0.5308593398
301306,,,0.6624948981,,,,,-0.264335032,,,,0,0,1,0,0,0,0,1,0,0,0,2,0.5,0.1990799331,0.013108,0.533730,0.3484385826
301307,,0.3067501229,-0.772972776,,,,,0.1782482455,-0.079753377,0.1617016183,,0,1,1,0,0,0,0,1,1,1,0,5,0.2,-0.041205233,0.013108,0.533730,-0.101761237
301308,,0.0165305069,1.3648644021,,,0.9586946735,,0.4733037638,,,,0,1,1,0,0,1,0,1,0,0,0,4,0.25,0.7033483366,0.013108,0.533730,1.2932390801
301309,,1.1298319846,0.7371216579,-0.117756987,,-0.233060197,0.0232675619,0.4733037638,-0.152763615,-0.654163587,0.0838771007,0,1,1,1,0,1,1,1,1,1,1,9,0.1111111111,0.1432952981,0.013108,0.533730,0.2439201346
301310,,-0.963555409,0.8380872741,,,0.462130144,,0.3257760046,,,,0,1,1,0,0,1,0,1,0,0,0,4,0.25,0.1656095033,0.013108,0.533730,0.285728172
301311,,0.7444583962,0.9653917467,,,-1.921379598,,0.1782482455,,,,0,1,1,0,0,1,0,1,0,0,0,4,0.25,-0.008320302,0.013108,0.533730,-0.040147821
301312,,0.4019040953,0.3025305274,0.391905911,,0.7600688617,,-0.116807273,,,,0,1,1,1,0,1,0,1,0,0,0,5,0.2,0.3479204245,0.013108,0.533730,0.6273070768
310001,-0.092742539,-1.320382806,-1.343647997,0.4938384906,2.0466756141,1.6538850148,-0.653469947,-0.116807273,-1.758988858,2.3761928897,1.7931629948,1,1,1,1,1,1,1,1,1,1,1,11,0.0909090909,0.2797923257,0.013108,0.533730,0.4996618364
310002,-1.58401569,-3.133065981,-2.752776815,-0.525487306,-1.071540215,1.3559462971,,-1.001973828,-2.343070764,0.627910307,-0.599837257,1,1,1,1,1,1,0,1,1,1,1,10,0.1,-1.102791125,0.013108,0.533730,-2.090755337
310003,,-0.977828505,0.1752260548,0.9015688091,,-0.133747291,,-1.297029346,,,0.4257342795,0,1,1,1,0,1,0,1,0,0,1,6,0.1666666667,-0.151012667,0.013108,0.533730,-0.307497145
310005,1.0242728709,0.4161771912,-0.549092496,0.2899733314,,-0.133747291,-0.822654325,-1.592084864,,,-0.599837257,1,1,1,1,0,1,1,1,0,0,1,8,0.125,-0.245874105,0.013108,0.533730,-0.485230142
310006,0.7594135468,-0.359327684,-0.720295063,1.5131642868,,-0.828937633,,-0.55939055,,,-0.599837257,1,1,1,1,0,1,0,1,0,0,1,7,0.1428571429,-0.113601479,0.013108,0.533730,-0.237403306
310008,-1.514921953,-0.739943574,-1.453393232,1.4112317072,,1.5545721089,-0.991838702,0.1782482455,0.2122875767,0.5113581348,0.7675914583,1,1,1,1,0,1,1,1,1,1,1,10,0.1,-0.006480823,0.013108,0.533730,-0.036701361
310009,0.6097104506,-1.087255574,-1.093428862,-1.137082783,,0.7600688617,-0.822654325,0.7683592821,,,0.0838771007,1,1,1,1,0,1,1,1,0,0,1,8,0.125,-0.239800731,0.013108,0.533730,-0.473851029
310010,-1.722203164,-1.486902258,-0.59299059,0.9015688091,,-1.226189256,-2.176129343,-1.297029346,-0.152763615,-0.654163587,1.7931629948,1,1,1,1,0,1,1,1,1,1,1,10,0.1,-0.661363936,0.013108,0.533730,-1.263694538
310011,,-0.316508397,-0.149619841,2.0228271849,,-1.226189256,,-1.592084864,,,0.7675914583,0,1,1,1,0,1,0,1,0,0,1,6,0.1666666667,-0.082330619,0.013108,0.533730,-0.178814023
310012,-1.054297042,0.1687768628,-0.000366321,0.6977036498,0.6074990774,0.6607559558,-0.315101193,1.2109425595,1.0884104365,1.3272233401,0.7675914583,1,1,1,1,1,1,1,1,1,1,1,11,0.0909090909,0.4690126168,0.013108,0.533730,0.8541861807
310014,-0.455484657,-1.115801765,0.6537152793,-1.035150204,0.2477049432,-1.12687635,-0.48428557,-1.444557105,-1.320927428,1.2106711679,-0.257980078,1,1,1,1,1,1,1,1,1,1,1,11,0.0909090909,-0.466270161,0.013108,0.533730,-0.898165597
310015,1.3524681203,0.5208465609,-0.970514198,1.9208946053,1.4470187238,-0.431686009,2.5610332219,2.2436368736,-2.124040049,1.6768798566,1.1094486371,1,1,1,1,1,1,1,1,1,1,1,11,0.0909090909,0.8459987584,0.013108,0.533730,1.5605098205
310016,0.0684761797,-2.200557051,-0.650058112,-0.321622146,,0.0648785204,,-1.149501587,,,-0.599837257,1,1,1,1,0,1,0,1,0,0,1,7,0.1428571429,-0.684031636,0.013108,0.533730,-1.306164887
310017,0.8860853975,0.6064851361,0.3156999556,-0.423554726,,0.5614430499,-0.315101193,2.2436368736,0.285297815,0.0451494461,1.1094486371,1,1,1,1,0,1,1,1,1,1,1,10,0.1,0.5314590392,0.013108,0.533730,0.9711861961
310019,-0.351844052,-1.020647793,-0.764193157,0.7996362295,0.0078421871,0.2635043322,0.7000050712,-0.264335032,0.9423899598,-0.537611415,0.7675914583,1,1,1,1,1,1,1,1,1,1,1,11,0.0909090909,0.0493034354,0.013108,0.533730,0.0678163812
31001F,,-0.525847136,0.3464286214,,,-0.928250539,,-2.624779178,,,,0,1,1,0,0,1,0,1,0,0,0,4,0.25,-0.933112058,0.013108,0.533730,-1.772843554
310022,0.3333355037,-0.644789602,-0.496414783,0.2899733314,,-1.12687635,-0.653469947,-0.55939055,,,0.0838771007,1,1,1,1,0,1,1,1,0,0,1,8,0.125,-0.346719412,0.013108,0.533730,-0.674174552
310024,,-0.092896561,-1.190004668,0.391905911,,0.3628172381,-0.653469947,-0.411862791,,,-0.257980078,0,1,1,1,0,1,1,1,0,0,1,7,0.1428571429,-0.2644987,0.013108,0.533730,-0.520125301
310025,0.586679205,-0.226112123,-1.734341034,0.5957710702,,-0.530998915,-0.653469947,1.0634148004,,,-0.599837257,1,1,1,1,0,1,1,1,0,0,1,8,0.125,-0.187361775,0.013108,0.533730,-0.375601067
310027,,-0.820824451,-0.566651734,0.391905911,,-0.530998915,,-0.854446069,0.0662671,0.2782537905,0.0838771007,0,1,1,1,0,1,0,1,1,1,1,8,0.125,-0.244077158,0.013108,0.533730,-0.481863371
310028,-0.50730496,-0.154746644,0.1840056736,-0.321622146,,0.2635043322,-0.315101193,0.7683592821,0.1392773383,1.3272233401,-0.257980078,1,1,1,1,0,1,1,1,1,1,1,10,0.1,0.1125614946,0.013108,0.533730,0.1863370844
310029,-0.420937789,-0.173777438,-1.045140958,-1.137082783,1.3270873457,-2.417944127,,-1.001973828,,,-0.599837257,1,1,1,1,1,1,0,1,0,0,1,8,0.125,-0.683700854,0.013108,0.533730,-1.305545132
310031,-0.392148732,-1.011132396,-2.098695214,,-1.071540215,-0.034434386,,-0.706918309,,,-0.257980078,1,1,1,0,1,1,0,1,0,0,1,7,0.1428571429,-0.796121333,0.013108,0.533730,-1.516176858
310032,0.4427339202,-1.79139497,-2.362083778,-1.137082783,,-2.616569939,,-2.477251419,,,0.4257342795,1,1,1,1,0,1,0,1,0,0,1,7,0.1428571429,-1.359416384,0.013108,0.533730,-2.571570059
310034,1.0415463051,-1.149105656,1.2858478329,0.2899733314,,-1.822066692,-2.176129343,0.3257760046,0.0662671,0.2782537905,1.4513058159,1,1,1,1,0,1,1,1,1,1,1,10,0.1,-0.040833151,0.013108,0.533730,-0.101064102
310038,-1.820085957,0.1497460683,-1.633375418,-1.646745681,-4.189756045,0.2635043322,-1.330207457,-1.887140383,-1.028886475,1.6768798566,0.4257342795,1,1,1,1,1,1,1,1,1,1,1,11,0.0909090909,-1.001848444,0.013108,0.533730,-1.901628485
310039,1.1336712874,-1.486902258,0.21034453,0.5957710702,,-1.226189256,,-0.55939055,,,0.4257342795,1,1,1,1,0,1,0,1,0,0,1,7,0.1428571429,-0.129565842,0.013108,0.533730,-0.267314239
310040,,-2.486018969,-3.806331071,,,0.1641914263,0.3616363166,0.0307204863,,,,0,1,1,0,0,1,1,1,0,0,0,5,0.2,-1.147160362,0.013108,0.533730,-2.173885822
310041,-0.818226775,-2.186283955,-1.633375418,-0.219689567,,-2.417944127,-0.991838702,-2.034668142,-1.393937666,0.3948059626,0.0838771007,1,1,1,1,0,1,1,1,1,1,1,10,0.1,-1.121728129,0.013108,0.533730,-2.126235828
310044,-1.117632967,-1.44408297,0.21034453,1.1054339683,,-0.630311821,-1.161023079,-1.001973828,-0.37179433,-0.421059243,0.0838771007,1,1,1,1,0,1,1,1,1,1,1,10,0.1,-0.474822264,0.013108,0.533730,-0.914188872
310045,-1.923726562,0.7730045879,-0.571041543,2.6344226626,1.0872245896,-2.616569939,-1.499391834,-2.182195901,0.3583080533,0.8610146514,0.7675914583,1,1,1,1,1,1,1,1,1,1,1,11,0.0909090909,-0.210123616,0.013108,0.533730,-0.418247797
310047,,-0.954040012,-0.391059358,0.5957710702,,-0.729624727,-0.653469947,-0.411862791,0.4313182916,1.3272233401,0.4257342795,0,1,1,1,0,1,1,1,1,1,1,9,0.1111111111,-0.040001095,0.013108,0.533730,-0.099505156
310048,-0.294265938,-1.434567573,-1.668493893,0.4938384906,,-0.332373103,-0.991838702,0.3257760046,-0.882865998,0.9775668235,0.0838771007,1,1,1,1,0,1,1,1,1,1,1,10,0.1,-0.372334679,0.013108,0.533730,-0.722167479
310050,-0.823984586,-0.61624341,-0.37788993,0.6977036498,,1.5545721089,-0.315101193,0.3257760046,,,0.4257342795,1,1,1,1,0,1,1,1,0,0,1,8,0.125,0.1088208655,0.013108,0.533730,0.1793286179
310051,0.0627183683,0.5208465609,0.122548342,0.2899733314,,1.7531979207,0.8691894486,1.5059980778,-1.393937666,0.8610146514,0.4257342795,1,1,1,1,0,1,1,1,1,1,1,10,0.1,0.5017283314,0.013108,0.533730,0.9154825524
310052,-0.63397681,0.8443700673,-1.299749903,0.7996362295,,-0.133747291,-0.822654325,1.0634148004,-0.882865998,0.0451494461,0.7675914583,1,1,1,1,0,1,1,1,1,1,1,10,0.1,-0.025283233,0.013108,0.533730,-0.071929676
310054,1.3294368747,0.292477027,-0.399838977,0.7996362295,,-0.928250539,0.3616363166,0.1782482455,-0.006743138,0.627910307,-0.941694436,1,1,1,1,0,1,1,1,1,1,1,10,0.1,0.1312817911,0.013108,0.533730,0.2214115513
310057,0.9206322658,-0.26893141,-0.606160018,-0.831285044,,-0.530998915,,-1.739612624,-0.225773853,0.8610146514,0.7675914583,1,1,1,1,0,1,0,1,1,1,1,9,0.1111111111,-0.183724832,0.013108,0.533730,-0.368786867
310058,,,-4.798427995,-0.015824407,,,,0.1782482455,,,,0,0,1,1,0,0,0,1,0,0,0,3,0.3333333333,-1.545334719,0.013108,0.533730,-2.919907837
310060,,-0.492543246,0.1269381514,1.0035013887,,-0.828937633,0.1924519392,-0.411862791,0.3583080533,0.8610146514,-0.257980078,0,1,1,1,0,1,1,1,1,1,1,9,0.1111111111,0.0612100485,0.013108,0.533730,0.0901246874
310061,,0.0593497945,-1.216343525,-0.117756987,,-2.616569939,,-0.854446069,,,0.0838771007,0,1,1,1,0,1,0,1,0,0,1,6,0.1666666667,-0.776981604,0.013108,0.533730,-1.48031654
310064,-0.541851828,-0.321266095,-0.004756131,1.717029446,0.0078421871,-0.729624727,1.2075582032,-1.001973828,-1.393937666,0.0451494461,-0.599837257,1,1,1,1,1,1,1,1,1,1,1,11,0.0909090909,-0.146878932,0.013108,0.533730,-0.299752153
310069,-1.727960975,-1.125317163,-0.426177833,-1.035150204,,0.2635043322,,-2.034668142,-0.517814807,0.2782537905,0.7675914583,1,1,1,1,0,1,0,1,1,1,1,9,0.1111111111,-0.617526616,0.013108,0.533730,-1.181560656
310070,-0.092742539,-0.031046479,-0.399838977,0.7996362295,,0.8593817676,-0.48428557,-1.592084864,,,0.7675914583,1,1,1,1,0,1,1,1,0,0,1,8,0.125,-0.021673622,0.013108,0.533730,-0.065166686
310073,0.5924370164,-1.391748285,-1.023191911,-2.360273739,0.3676363213,0.6607559558,-1.499391834,-0.55939055,-0.225773853,1.3272233401,1.1094486371,1,1,1,1,1,1,1,1,1,1,1,11,0.0909090909,-0.272933537,0.013108,0.533730,-0.535928865
310074,-0.242445636,-0.273689109,0.298140718,0.391905911,1.4470187238,-1.424815068,,-3.509945733,0.0662671,-0.421059243,0.7675914583,1,1,1,1,1,1,0,1,1,1,1,10,0.1,-0.290103088,0.013108,0.533730,-0.568097846
310075,-0.05243786,-0.050077274,-1.699222559,-0.423554726,,-0.133747291,0.0232675619,-0.55939055,-2.124040049,1.6768798566,0.7675914583,1,1,1,1,0,1,1,1,1,1,1,10,0.1,-0.257473143,0.013108,0.533730,-0.506962174
310076,-1.825843769,-0.716155081,-1.010022483,-0.525487306,-0.351951947,-0.928250539,0.1924519392,0.0307204863,-1.758988858,0.627910307,0.0838771007,1,1,1,1,1,1,1,1,1,1,1,11,0.0909090909,-0.561976377,0.013108,0.533730,-1.077481375
310083,,-1.253775025,-2.471829013,,,0.1641914263,,-2.182195901,,,,0,1,1,0,0,1,0,1,0,0,0,4,0.25,-1.435902128,0.013108,0.533730,-2.714874237
310084,,-1.667694806,-2.673760246,-0.219689567,,-0.332373103,,-1.001973828,-0.590825045,-0.187954898,0.4257342795,0,1,1,1,0,1,0,1,1,1,1,8,0.125,-0.781067152,0.013108,0.533730,-1.487971247
310086,-0.029406614,-1.572540833,-1.686053131,-0.525487306,,-2.517257033,-1.161023079,-4.10005677,-0.80985576,0.3948059626,0.0838771007,1,1,1,1,0,1,1,1,1,1,1,10,0.1,-1.192299746,0.013108,0.533730,-2.25845926
310092,,-2.662053818,-0.777362585,0.1880407518,,0.3628172381,,-0.411862791,,,-1.625408793,0,1,1,1,0,1,0,1,0,0,1,6,0.1666666667,-0.820971666,0.013108,0.533730,-1.562736601
310096,,-0.197565931,-0.031094987,-0.117756987,,-0.332373103,,-0.116807273,-0.152763615,0.7444624792,-0.257980078,0,1,1,1,0,1,0,1,1,1,1,8,0.125,-0.057734937,0.013108,0.533730,-0.132731396
310108,0.1490855392,-1.358444395,-0.320822407,1.6150968664,,-0.332373103,,0.1782482455,-1.101896713,1.2106711679,0.7675914583,1,1,1,1,0,1,0,1,1,1,1,9,0.1111111111,0.0896840732,0.013108,0.533730,0.1434738017
310110,0.5060698455,-0.739943574,-1.352427616,0.5957710702,,0.7600688617,-1.837760589,-1.149501587,-0.006743138,0.7444624792,1.1094486371,1,1,1,1,0,1,1,1,1,1,1,10,0.1,-0.137055561,0.013108,0.533730,-0.281347023
310111,-0.213656579,-1.006374697,-1.409495138,0.2899733314,,-0.431686009,-1.668576211,-1.739612624,,,1.1094486371,1,1,1,1,0,1,1,1,0,0,1,8,0.125,-0.633747411,0.013108,0.533730,-1.211952042
310112,-0.651250244,-1.106286368,-1.290970285,-1.137082783,,0.7600688617,-0.315101193,0.1782482455,,,1.1094486371,1,1,1,1,0,1,1,1,0,0,1,8,0.125,-0.306615641,0.013108,0.533730,-0.599035871
310113,-0.939140814,-0.016773383,0.7107828015,1.5131642868,,-0.332373103,,0.3257760046,0.1392773383,0.2782537905,0.4257342795,1,1,1,1,0,1,0,1,1,1,1,9,0.1111111111,0.2338556889,0.013108,0.533730,0.4135946606
310115,,0.3257809174,-0.751023729,-0.219689567,,0.5614430499,,1.5059980778,1.2344309131,0.2782537905,0.4257342795,0,1,1,1,0,1,0,1,1,1,1,8,0.125,0.4201159666,0.013108,0.533730,0.7625731051
310118,,-0.811309053,-1.782628937,0.391905911,,0.0648785204,1.3767425806,-1.444557105,,,-3.334694688,0,1,1,1,0,1,1,1,0,0,1,7,0.1428571429,-0.791380396,0.013108,0.533730,-1.507294208
310119,,-2.319499517,-0.386669548,0.4938384906,,,,-1.592084864,0.3583080533,0.5113581348,-1.283551615,0,1,1,1,0,0,0,1,1,1,1,7,0.1428571429,-0.602614409,0.013108,0.533730,-1.153621051
310130,,1.2725629433,0.3727674778,0.7996362295,,0.6607559558,0.7000050712,0.0307204863,,,-0.941694436,0,1,1,1,0,1,1,1,0,0,1,7,0.1428571429,0.4135362469,0.013108,0.533730,0.7502453002
320001,0.5636479595,-0.887432231,-1.330478569,0.7996362295,,-0.034434386,,1.8010535961,-0.517814807,0.3948059626,1.4513058159,1,1,1,1,0,1,0,1,1,1,1,9,0.1111111111,0.2489210634,0.013108,0.533730,0.4418212424
320002,1.4330774798,2.0813717092,1.8828619112,-1.95254342,,1.2566333912,,1.8010535961,1.3074411514,-0.071402726,1.1094486371,1,1,1,1,0,1,0,1,1,1,1,9,0.1111111111,0.9831046366,0.013108,0.533730,1.8173922685
320004,0.5521323367,0.4019040953,0.2498528146,-1.646745681,,-0.133747291,0.1924519392,1.2109425595,-0.006743138,-0.421059243,-1.967265972,1,1,1,1,0,1,1,1,1,1,1,10,0.1,-0.156827758,0.013108,0.533730,-0.318392338
320005,0.3563667493,0.2449000408,0.0698706292,0.4938384906,,-0.828937633,0.1924519392,1.0634148004,0.5043285299,0.627910307,0.4257342795,1,1,1,1,0,1,1,1,1,1,1,10,0.1,0.3149878133,0.013108,0.533730,0.5656043264
320006,0.0569605569,0.3495694105,0.9083242245,-0.117756987,,0.1641914263,,0.4733037638,,,-1.283551615,1,1,1,1,0,1,0,1,0,0,1,7,0.1428571429,0.0787201115,0.013108,0.533730,0.1229316531
320009,-0.253961258,-0.592454917,-1.190004668,0.1880407518,0.1277735651,-0.332373103,-0.822654325,0.4733037638,,,-0.257980078,1,1,1,1,1,1,1,1,0,0,1,9,0.1111111111,-0.29559003,0.013108,0.533730,-0.578378215
320011,,-3.55174346,1.0575777441,-0.117756987,,,0.5308206939,1.2109425595,,,0.0838771007,0,1,1,1,0,0,1,1,0,0,1,6,0.1666666667,-0.131047058,0.013108,0.533730,-0.270089454
320017,,-0.249900616,0.5790885195,0.7996362295,,,-0.991838702,1.2109425595,,,-0.941694436,0,1,1,1,0,0,1,1,0,0,1,6,0.1666666667,0.0677055924,0.013108,0.533730,0.10229478
320018,-0.795195529,-1.348928998,0.4430044282,-0.627419885,-0.232020569,0.7600688617,,-0.854446069,0.8693797215,-0.30450707,0.4257342795,1,1,1,1,1,1,0,1,1,1,1,10,0.1,-0.166433083,0.013108,0.533730,-0.336388936
320021,-0.576398696,0.9633125328,-0.500804593,1.4112317072,-0.591814703,2.5477011679,-1.837760589,1.5059980778,-0.37179433,-1.35347662,0.4257342795,1,1,1,1,1,1,1,1,1,1,1,11,0.0909090909,0.1474480213,0.013108,0.533730,0.2517007034
320022,,-0.259416013,-2.063576739,-2.360273739,,-0.034434386,0.1924519392,1.3584703187,0.4313182916,-0.654163587,0.7675914583,0,1,1,1,0,1,1,1,1,1,1,9,0.1111111111,-0.29133694,0.013108,0.533730,-0.570409598
320030,,,1.0531879347,-1.239015363,,,-0.48428557,-0.411862791,,,-0.599837257,0,0,1,1,0,0,1,1,0,0,1,5,0.2,-0.336362609,0.013108,0.533730,-0.65476998
320033,,,0.8249178459,1.0035013887,,,,0.3257760046,,,-0.941694436,0,0,1,1,0,0,0,1,0,0,1,4,0.25,0.3031252009,0.013108,0.533730,0.5433784601
320059,,0.1021690821,0.1532770078,,,,,-0.854446069,,,,0,1,1,0,0,0,0,1,0,0,0,3,0.3333333333,-0.19966666,0.013108,0.533730,-0.398655577
32005F,-0.21941439,1.1726512722,-0.312042789,,,-0.133747291,-0.145916815,1.5059980778,,,,1,1,1,0,0,1,1,1,0,0,0,6,0.1666666667,0.3112546774,0.013108,0.533730,0.5586098992
320060,,,,,,,,0.0307204863,,,,0,0,0,0,0,0,0,1,0,0,0,1,1,0.0307204863,0.013108,0.533730,0.0329992492
320061,,0.2306269449,-0.413008405,,,,,-0.264335032,,,,0,1,1,0,0,0,0,1,0,0,0,3,0.3333333333,-0.148905497,0.013108,0.533730,-0.303549139
320062,,,,,,,,0.0307204863,,,,0,0,0,0,0,0,0,1,0,0,0,1,1,0.0307204863,0.013108,0.533730,0.0329992492
320063,-1.877664071,-0.197565931,-0.118891175,-0.423554726,,-1.12687635,,-0.116807273,,,0.4257342795,1,1,1,1,0,1,0,1,0,0,1,7,0.1428571429,-0.490803607,0.013108,0.533730,-0.944131618
320065,,1.1821666695,1.5448465875,,,1.0580075794,,0.6208315229,,,,0,1,1,0,0,1,0,1,0,0,0,4,0.25,1.1014630898,0.013108,0.533730,2.0391494214
320074,,1.6389057373,-0.483245355,-1.239015363,,,,0.4733037638,,,0.7675914583,0,1,1,1,0,0,0,1,0,0,1,5,0.2,0.2315080483,0.013108,0.533730,0.4091961061
320084,,,0.7063929921,-0.423554726,,,,0.3257760046,,,,0,0,1,1,0,0,0,1,0,0,0,3,0.3333333333,0.2028714236,0.013108,0.533730,0.3555423435
320085,-0.121531596,-1.068224779,-0.101331937,-0.117756987,0.1277735651,0.3628172381,,-1.001973828,0.6503490066,0.1617016183,-0.941694436,1,1,1,1,1,1,0,1,1,1,1,10,0.1,-0.204987214,0.013108,0.533730,-0.408624201
320086,,0.1307152738,1.0575777441,-1.544813102,,,-0.145916815,0.1782482455,,,0.0838771007,0,1,1,1,0,0,1,1,0,0,1,6,0.1666666667,-0.040051926,0.013108,0.533730,-0.099600393
320090,,0.9775856287,0.0523113916,0.4938384906,,,,0.3257760046,,,1.1094486371,0,1,1,1,0,0,0,1,0,0,1,5,0.2,0.5917920305,0.013108,0.533730,1.0842264735
320091,,0.1259575752,0.3903267154,,,,0.7000050712,-0.55939055,,,-1.283551615,0,1,1,0,0,0,1,1,0,0,1,5,0.2,-0.125330561,0.013108,0.533730,-0.259378988
321300,,,,,,,,0.0307204863,,,,0,0,0,0,0,0,0,1,0,0,0,1,1,0.0307204863,0.013108,0.533730,0.0329992492
321301,,,0.7897993707,,,,,0.1782482455,,,,0,0,1,0,0,0,0,1,0,0,0,2,0.5,0.4840238081,0.013108,0.533730,0.8823112445
321302,,,,,,,,-0.116807273,,,,0,0,0,0,0,0,0,1,0,0,0,1,1,-0.116807273,0.013108,0.533730,-0.243409701
321304,,,,,,,,-0.264335032,,,,0,0,0,0,0,0,0,1,0,0,0,1,1,-0.264335032,0.013108,0.533730,-0.519818652
321305,,,1.9530988616,,,,,1.3584703187,-0.882865998,-0.770715759,,0,0,1,0,0,0,0,1,1,1,0,4,0.25,0.4144968558,0.013108,0.533730,0.7520451031
321306,,-0.47827015,-1.150496384,,,0.2635043322,,1.3584703187,,,,0,1,1,0,0,1,0,1,0,0,0,4,0.25,-0.001697971,0.013108,0.533730,-0.027740179
321307,,,-0.000366321,,,,,0.3257760046,,,,0,0,1,0,0,0,0,1,0,0,0,2,0.5,0.1627048417,0.013108,0.533730,0.2802859794
321308,,,1.4833892559,0.1880407518,,,,0.0307204863,,,,0,0,1,1,0,0,0,1,0,0,0,3,0.3333333333,0.567383498,0.013108,0.533730,1.0384944912
321309,,,-1.084649243,-0.423554726,,,,0.0307204863,,,,0,0,1,1,0,0,0,1,0,0,0,3,0.3333333333,-0.492494494,0.013108,0.533730,-0.947299676
321310,,0.7111545058,0.3508184308,1.3092991276,,,,0.6208315229,,,0.0838771007,0,1,1,1,0,0,0,1,0,0,1,5,0.2,0.6151961375,0.013108,0.533730,1.1280765577
321311,,0.5113311637,1.3560847833,0.2899733314,,,0.3616363166,0.1782482455,0.3583080533,-0.537611415,0.4257342795,0,1,1,1,0,0,1,1,1,1,1,8,0.125,0.3679630948,0.013108,0.533730,0.6648591517
321312,,,,,,,,,,,,0,0,0,0,0,0,0,0,0,0,0,0,,,0.013108,0.533730,
321313,,,,,,,,,,,,0,0,0,0,0,0,0,0,0,0,0,0,,,0.013108,0.533730,
330005,0.0915074252,-0.882674533,-0.114501366,-0.117756987,-0.591814703,-0.332373103,-0.145916815,-0.116807273,0.6503490066,-0.421059243,1.1094486371,1,1,1,1,1,1,1,1,1,1,1,11,0.0909090909,-0.079236269,0.013108,0.533730,-0.173016428
330006,,-2.600203736,-1.251462,0.5957710702,,,,-0.854446069,,,-0.941694436,0,1,1,1,0,0,0,1,0,0,1,5,0.2,-1.010407034,0.013108,0.533730,-1.917663914
330008,,0.5208465609,-2.006509217,0.2899733314,,-0.530998915,,-0.264335032,,,,0,1,1,1,0,1,0,1,0,0,0,5,0.2,-0.398204654,0.013108,0.533730,-0.77063763
330009,,-1.85800275,-1.119767718,0.1880407518,,-1.524127974,,-1.149501587,,,,0,1,1,1,0,1,0,1,0,0,0,5,0.2,-1.092671856,0.013108,0.533730,-2.071795809
330011,,-0.621001109,-0.268144695,0.5957710702,,0.3628172381,0.5308206939,0.3257760046,0.6503490066,1.2106711679,0.4257342795,0,1,1,1,0,1,1,1,1,1,1,9,0.1111111111,0.3569770731,0.013108,0.533730,0.6442756714
330013,-0.743375227,0.582696643,-1.018802102,0.7996362295,0.0078421871,0.2635043322,0.0232675619,0.7683592821,1.5994821047,1.2106711679,1.4513058159,1,1,1,1,1,1,1,1,1,1,1,11,0.0909090909,0.4495079996,0.013108,0.533730,0.8176422055
330014,-0.950656437,-2.224345544,-2.708878721,-0.015824407,,-0.530998915,,-0.854446069,,,,1,1,1,1,0,1,0,1,0,0,0,6,0.1666666667,-1.214191682,0.013108,0.533730,-2.299476131
330019,,-1.482144559,-3.779992214,-0.117756987,,-2.914508657,,-2.772306938,,,0.7675914583,0,1,1,1,0,1,0,1,0,0,1,6,0.1666666667,-1.716519649,0.013108,0.533730,-3.240641015
330023,-1.215515761,-0.245142917,-1.229512953,-0.321622146,-0.711746081,-2.417944127,,0.0307204863,-1.612968381,1.3272233401,0.7675914583,1,1,1,1,1,1,0,1,1,1,1,10,0.1,-0.562891708,0.013108,0.533730,-1.079196345
330024,-0.202140956,-0.126200452,-0.531533259,-0.525487306,1.9267442361,-2.219318315,2.2226644672,-0.411862791,-0.736845521,1.0941189957,0.0838771007,1,1,1,1,1,1,1,1,1,1,1,11,0.0909090909,0.0521832909,0.013108,0.533730,0.0732120968
330027,,-2.842846365,-3.011775569,-0.015824407,,-1.722753786,,-3.067362456,,,-0.599837257,0,1,1,1,0,1,0,1,0,0,1,6,0.1666666667,-1.876733307,0.013108,0.533730,-3.540818345
330028,-1.503406331,-1.13483256,-2.309406065,1.8189620256,,-0.133747291,-1.330207457,-1.592084864,-0.736845521,0.2782537905,-1.283551615,1,1,1,1,0,1,1,1,1,1,1,10,0.1,-0.792686589,0.013108,0.533730,-1.509741499
330030,,-1.087255574,-2.006509217,-0.423554726,,-1.027563445,,-2.919834697,,,0.0838771007,0,1,1,1,0,1,0,1,0,0,1,6,0.1666666667,-1.230140093,0.013108,0.533730,-2.329357175
330033,,0.1830499587,-1.879204744,0.1880407518,,,,0.0307204863,,,-0.257980078,0,1,1,1,0,0,0,1,0,0,1,5,0.2,-0.347074725,0.013108,0.533730,-0.674840269
330043,-0.587914319,-0.13095815,-0.96173458,-0.831285044,0.1277735651,0.462130144,1.3767425806,-0.116807273,-2.270060526,0.5113581348,-1.283551615,1,1,1,1,1,1,1,1,1,1,1,11,0.0909090909,-0.336755189,0.013108,0.533730,-0.655505521
330044,,-0.992101601,-0.672007159,0.391905911,,-1.424815068,,-0.411862791,-0.663835283,0.2782537905,0.7675914583,0,1,1,1,0,1,0,1,1,1,1,8,0.125,-0.340858843,0.013108,0.533730,-0.663194152
330045,-1.572500067,0.4923003692,-0.575431353,1.717029446,,1.1573204853,0.3616363166,-0.706918309,,,0.4257342795,1,1,1,1,0,1,1,1,0,0,1,8,0.125,0.1623963959,0.013108,0.533730,0.2797080734
330046,-0.84125802,-1.258532724,-0.751023729,-0.321622146,2.0466756141,-2.616569939,-0.653469947,-0.411862791,-0.517814807,0.8610146514,0.7675914583,1,1,1,1,1,1,1,1,1,1,1,11,0.0909090909,-0.336079307,0.013108,0.533730,-0.654239184
330047,,-2.081614586,-0.584210971,-0.015824407,,1.0580075794,,0.1782482455,-0.517814807,-0.071402726,-0.257980078,0,1,1,1,0,1,0,1,1,1,1,8,0.125,-0.286573969,0.013108,0.533730,-0.561485666
330049,,-0.121442753,0.5659190914,0.1880407518,,0.1641914263,-0.822654325,1.0634148004,-0.955876236,0.1617016183,-0.941694436,0,1,1,1,0,1,1,1,1,1,1,9,0.1111111111,-0.077600007,0.013108,0.533730,-0.169950718
330055,-0.472758091,-0.835097547,-1.075869624,-0.219689567,,-0.431686009,0.7000050712,0.9158870412,-0.736845521,0.7444624792,0.4257342795,1,1,1,1,0,1,1,1,1,1,1,10,0.1,-0.098585749,0.013108,0.533730,-0.209269738
330056,-1.313398555,-1.753333381,-3.064453282,0.4938384906,,-0.431686009,0.3616363166,-0.116807273,-1.174906951,-0.537611415,-0.599837257,1,1,1,1,0,1,1,1,1,1,1,10,0.1,-0.813655932,0.013108,0.533730,-1.549029794
330057,-0.904593946,0.002257411,-0.37788993,-0.933217624,0.6074990774,0.6607559558,-0.315101193,0.9158870412,-0.079753377,0.7444624792,0.0838771007,1,1,1,1,1,1,1,1,1,1,1,11,0.0909090909,0.0367439088,0.013108,0.533730,0.044284772
330058,,-1.891306641,-1.870425125,0.6977036498,,-1.12687635,0.8691894486,-1.592084864,,,-1.283551615,0,1,1,1,0,1,1,1,0,0,1,7,0.1428571429,-0.885335928,0.013108,0.533730,-1.683329892
330059,-1.560984445,0.4542387802,-0.702735825,2.4305575034,0.0078421871,-2.417944127,-1.330207457,-0.706918309,-0.590825045,2.2596407175,0.7675914583,1,1,1,1,1,1,1,1,1,1,1,11,0.0909090909,-0.126340415,0.013108,0.533730,-0.261271057
330065,,1.0441934094,-0.215466982,0.5957710702,,0.2635043322,,0.0307204863,,,1.1094486371,0,1,1,1,0,1,0,1,0,0,1,6,0.1666666667,0.4713618256,0.013108,0.533730,0.8585876733
330073,,0.1449883697,-1.312919332,-1.035150204,,-1.325502162,0.1924519392,0.6208315229,0.7233592449,0.3948059626,0.0838771007,0,1,1,1,0,1,1,1,1,1,1,9,0.1111111111,-0.168139729,0.013108,0.533730,-0.339586518
330074,,-4.108394199,-1.304139713,-0.831285044,,-0.928250539,,-0.264335032,,,0.7675914583,0,1,1,1,0,1,0,1,0,0,1,6,0.1666666667,-1.111468845,0.013108,0.533730,-2.107013968
330078,,-0.554393328,-0.693956206,0.9015688091,,0.5614430499,,-0.116807273,,,1.1094486371,0,1,1,1,0,1,0,1,0,0,1,6,0.1666666667,0.2012172815,0.013108,0.533730,0.3524431323
330079,,1.0204049163,-1.431444185,-0.117756987,,1.3559462971,2.7302175992,1.2109425595,0.4313182916,-0.537611415,-0.599837257,0,1,1,1,0,1,1,1,1,1,1,9,0.1111111111,0.4513533133,0.013108,0.533730,0.821099597
330080,,-1.44408297,0.276191671,0.2899733314,,-0.828937633,,-1.297029346,,,,0,1,1,1,0,1,0,1,0,0,0,5,0.2,-0.600776989,0.013108,0.533730,-1.150178449
330085,,-0.692366588,0.0171929164,-0.525487306,,-0.530998915,0.1924519392,0.7683592821,,,0.4257342795,0,1,1,1,0,1,1,1,0,0,1,7,0.1428571429,-0.049302056,0.013108,0.533730,-0.116931496
330086,,,,0.1880407518,,,,0.4733037638,,,,0,0,0,1,0,0,0,1,0,0,0,2,0.5,0.3306722578,0.013108,0.533730,0.5949908016
330090,-0.369117486,0.7349429989,0.4561738564,0.5957710702,,-0.133747291,0.3616363166,0.0307204863,-0.006743138,-0.30450707,-1.967265972,1,1,1,1,0,1,1,1,1,1,1,10,0.1,-0.060213623,0.013108,0.533730,-0.137375478
330094,,-1.263290423,-1.027581721,2.4305575034,,-0.233060197,-1.161023079,1.653525837,0.7963694832,0.7444624792,1.1094486371,0,1,1,1,0,1,1,1,1,1,1,9,0.1111111111,0.3388231689,0.013108,0.533730,0.6102624006
330096,,0.5589081499,1.6765408694,-0.627419885,,-0.630311821,,1.9485813553,0.285297815,0.3948059626,0.4257342795,0,1,1,1,0,1,0,1,1,1,1,8,0.125,0.5040170907,0.013108,0.533730,0.9197707863
33009F,,0.1497460683,-0.004756131,,,-1.226189256,-2.683682475,-0.854446069,,,,0,1,1,0,0,1,1,1,0,0,0,5,0.2,-0.923865573,0.013108,0.533730,-1.75551928
330100,,,,,,,,,,,0.4257342795,0,0,0,0,0,0,0,0,0,0,1,1,1,0.4257342795,0.013108,0.533730,0.7730996119
330101,-1.157937647,0.1687768628,-0.360330692,3.5518158792,0.0078421871,0.462130144,1.3767425806,1.5059980778,-0.079753377,2.0265363731,0.4257342795,1,1,1,1,1,1,1,1,1,1,1,11,0.0909090909,0.720686788,0.013108,0.533730,1.3257245134
330102,,-0.245142917,-1.317309141,0.4938384906,,-1.62344088,0.1924519392,-0.854446069,,,0.4257342795,0,1,1,1,0,1,1,1,0,0,1,7,0.1428571429,-0.418330614,0.013108,0.533730,-0.808345757
330103,0.293030824,-1.329898203,-0.320822407,1.0035013887,,-1.62344088,-0.145916815,-0.55939055,-0.590825045,0.627910307,-0.257980078,1,1,1,1,0,1,1,1,1,1,1,10,0.1,-0.290383146,0.013108,0.533730,-0.568622565
330104,0.3909136177,-1.115801765,-2.708878721,0.5957710702,,0.1641914263,-0.145916815,-0.116807273,-1.466947905,1.3272233401,1.1094486371,1,1,1,1,0,1,1,1,1,1,1,10,0.1,-0.196680439,0.013108,0.533730,-0.393060575
330106,-0.536094017,-1.006374697,-1.69044294,0.6977036498,0.3676363213,-1.62344088,0.8691894486,-0.55939055,1.2344309131,1.0941189957,0.7675914583,1,1,1,1,1,1,1,1,1,1,1,11,0.0909090909,-0.035006572,0.013108,0.533730,-0.090147387
330107,0.4715229772,0.0355613014,-0.487635165,-0.525487306,,-0.630311821,1.3767425806,-1.149501587,,,-6.411409297,1,1,1,1,0,1,1,1,0,0,1,8,0.125,-0.915064789,0.013108,0.533730,-1.739030077
330111,,-0.287962205,-0.246195648,-0.015824407,,,,-0.116807273,,,,0,1,1,1,0,0,0,1,0,0,0,4,0.25,-0.166697383,0.013108,0.533730,-0.33688413
330115,,-1.610602422,-0.391059358,0.0861081721,,0.462130144,,-0.264335032,0.6503490066,0.1617016183,0.7675914583,0,1,1,1,0,1,0,1,1,1,1,8,0.125,-0.017264552,0.013108,0.533730,-0.056905824
330119,1.9224914482,0.0688651917,-0.461296308,-0.321622146,1.2071559677,-0.630311821,1.3767425806,0.4733037638,-0.663835283,-0.421059243,-0.257980078,1,1,1,1,1,1,1,1,1,1,1,11,0.0909090909,0.2084049157,0.013108,0.533730,0.3659099296
33011F,,,0.5439700444,,,,,0.9158870412,,,,0,0,1,0,0,0,0,1,0,0,0,2,0.5,0.7299285428,0.013108,0.533730,1.3430399241
330125,-3.161656012,-0.416420068,-3.266384514,-0.525487306,-2.150922618,-2.517257033,0.0232675619,-0.411862791,-0.152763615,0.9775668235,0.4257342795,1,1,1,1,1,1,1,1,1,1,1,11,0.0909090909,-1.016016845,0.013108,0.533730,-1.928174491
330126,-0.242445636,-0.697124287,-1.17683524,-1.137082783,,0.1641914263,0.5308206939,0.0307204863,-0.444804568,0.5113581348,0.0838771007,1,1,1,1,0,1,1,1,1,1,1,10,0.1,-0.237732467,0.013108,0.533730,-0.469975917
330127,,-0.302235301,-2.445490157,,,0.5614430499,,-1.887140383,-0.079753377,-0.30450707,,0,1,1,0,0,1,0,1,1,1,0,6,0.1666666667,-0.742947206,0.013108,0.533730,-1.416549475
330128,-0.150320653,-1.191924943,-0.22863641,-0.219689567,,0.7600688617,,-1.444557105,,,0.7675914583,1,1,1,1,0,1,0,1,0,0,1,7,0.1428571429,-0.243924051,0.013108,0.533730,-0.481576508
33012F,-0.092742539,-0.040561877,-0.268144695,,,0.6607559558,0.3616363166,0.1782482455,,,,1,1,1,0,0,1,1,1,0,0,0,6,0.1666666667,0.1331985679,0.013108,0.533730,0.2250028366
330135,,-1.58205623,-1.269021238,0.4938384906,,-0.530998915,,0.0307204863,,,0.4257342795,0,1,1,1,0,1,0,1,0,0,1,6,0.1666666667,-0.405297188,0.013108,0.533730,-0.783926246
330136,-0.01213318,0.3495694105,0.1796158642,-0.525487306,-0.232020569,1.2566333912,-0.315101193,0.0307204863,-0.298784092,-1.703133137,-0.257980078,1,1,1,1,1,1,1,1,1,1,1,11,0.0909090909,-0.138918218,0.013108,0.533730,-0.28483691
330140,-0.806711152,-2.10064538,-2.252338543,0.9015688091,-0.951608837,-0.928250539,0.3616363166,-1.887140383,,,0.7675914583,1,1,1,1,1,1,1,1,0,0,1,9,0.1111111111,-0.766210917,0.013108,0.533730,-1.460136511
330141,1.0473041165,-1.13483256,-1.040751149,0.391905911,,0.1641914263,0.1924519392,0.7683592821,,,0.0838771007,1,1,1,1,0,1,1,1,0,0,1,8,0.125,0.0590632584,0.013108,0.533730,0.0861024478
330144,,,,-0.627419885,,,,-0.116807273,,,,0,0,0,1,0,0,0,1,0,0,0,2,0.5,-0.372113579,0.013108,0.533730,-0.721753225
330151,,0.6112428347,0.2015649112,-0.831285044,,-0.729624727,,-1.149501587,,,-0.941694436,0,1,1,1,0,1,0,1,0,0,1,6,0.1666666667,-0.473216341,0.013108,0.533730,-0.911180006
330153,-0.783679907,-1.777121874,-0.145230031,0.0861081721,1.2071559677,-0.828937633,-0.48428557,2.0961091144,0.5043285299,0.2782537905,1.1094486371,1,1,1,1,1,1,1,1,1,1,1,11,0.0909090909,0.1147408361,0.013108,0.533730,0.1904203126
330157,,-1.191924943,-0.057433843,0.9015688091,,-0.034434386,0.0232675619,0.6208315229,0.6503490066,1.7934320288,1.1094486371,0,1,1,1,0,1,1,1,1,1,1,9,0.1111111111,0.4239004882,0.013108,0.533730,0.7696638089
330158,-1.065812665,-0.188050534,-2.370863397,0.2899733314,0.8473618335,-1.62344088,1.3767425806,-0.264335032,0.9423899598,0.5113581348,-0.257980078,1,1,1,1,1,1,1,1,1,1,1,11,0.0909090909,-0.163877886,0.013108,0.533730,-0.331601502
33015F,,0.1307152738,0.2849712898,,,0.6607559558,,1.8010535961,,,,0,1,1,0,0,1,0,1,0,0,0,4,0.25,0.7193740289,0.013108,0.533730,1.3232649195
330160,0.4600073544,-0.073865767,-1.273411047,0.2899733314,1.4470187238,-0.928250539,-1.668576211,-1.297029346,-4.825418867,1.3272233401,0.7675914583,1,1,1,1,1,1,1,1,1,1,1,11,0.0909090909,-0.524976143,0.013108,0.533730,-1.0081575
330162,0.1087808594,0.7825199852,-0.689566397,1.8189620256,,-0.828937633,-0.145916815,-0.264335032,0.7233592449,0.5113581348,0.0838771007,1,1,1,1,0,1,1,1,1,1,1,10,0.1,0.2100101474,0.013108,0.533730,0.3689175018
330164,,-1.691483299,-1.593867133,0.2899733314,,0.462130144,-1.837760589,-0.116807273,0.5773387682,-0.30450707,-1.625408793,0,1,1,1,0,1,1,1,1,1,1,9,0.1111111111,-0.648932435,0.013108,0.533730,-1.240402799
330166,,,,-0.015824407,,,,0.3257760046,,,,0,0,0,1,0,0,0,1,0,0,0,2,0.5,0.1549757986,0.013108,0.533730,0.2658047949
330169,-1.031265796,-1.58205623,-2.86252205,-1.239015363,,-1.226189256,,-1.149501587,-0.517814807,1.7934320288,0.7675914583,1,1,1,1,0,1,0,1,1,1,1,9,0.1111111111,-0.783037956,0.013108,0.533730,-1.491663759
33016F,,-0.211839027,-1.036361339,,,0.2635043322,,-0.264335032,,,,0,1,1,0,0,1,0,1,0,0,0,4,0.25,-0.312257767,0.013108,0.533730,-0.609606993
330175,,-1.900822038,-0.145230031,-0.015824407,,0.462130144,,-0.411862791,-0.079753377,-0.187954898,0.7675914583,0,1,1,1,0,1,0,1,1,1,1,8,0.125,-0.188965743,0.013108,0.533730,-0.378606271
33017F,-0.651250244,-1.915095134,-1.62020599,,,-0.431686009,-0.145916815,-1.149501587,,,,1,1,1,0,0,1,1,1,0,0,0,6,0.1666666667,-0.985609297,0.013108,0.533730,-1.871202715
330180,1.1336712874,-0.37360078,0.4386146188,1.8189620256,,1.455259203,,1.0634148004,-2.051029811,0.5113581348,1.1094486371,1,1,1,1,0,1,0,1,1,1,1,9,0.1111111111,0.5673442351,0.013108,0.533730,1.038420928
330181,,-1.249017327,1.3253561175,0.2899733314,,-0.034434386,,1.2109425595,,,1.1094486371,0,1,1,1,0,1,0,1,0,0,1,6,0.1666666667,0.4420448222,0.013108,0.533730,0.8036591488
330182,-1.198242327,-0.406904671,-0.51836383,-0.831285044,0.2477049432,0.7600688617,1.2075582032,-0.706918309,0.7233592449,1.3272233401,0.4257342795,1,1,1,1,1,1,1,1,1,1,1,11,0.0909090909,0.0936304265,0.013108,0.533730,0.1508677144
330184,,-0.873159136,-1.023191911,2.1247597645,,-0.630311821,0.8691894486,-1.149501587,,,-3.676551866,0,1,1,1,0,1,1,1,0,0,1,7,0.1428571429,-0.622681015,0.013108,0.533730,-1.191217972
330185,-0.328812806,-0.601970314,-0.329602026,-0.933217624,,0.9586946735,-0.145916815,1.3584703187,,,-0.257980078,1,1,1,1,0,1,1,1,0,0,1,8,0.125,-0.035041834,0.013108,0.533730,-0.090213454
330188,,-1.282321217,-1.10659829,0.6977036498,,-0.431686009,,-0.55939055,,,0.4257342795,0,1,1,1,0,1,0,1,0,0,1,6,0.1666666667,-0.376093023,0.013108,0.533730,-0.729209137
330191,-1.3364298,0.078380589,-0.575431353,0.0861081721,,-0.332373103,,-0.411862791,0.8693797215,-0.421059243,0.7675914583,1,1,1,1,0,1,0,1,1,1,1,9,0.1111111111,-0.141744039,0.013108,0.533730,-0.290131385
330193,,0.7730045879,-2.125034071,,,-1.325502162,,-0.264335032,,,0.4257342795,0,1,1,0,0,1,0,1,0,0,1,5,0.2,-0.503226479,0.013108,0.533730,-0.967407192
330194,-2.562843627,-1.924610531,-3.178588326,-0.627419885,-0.471883325,-3.013821563,-0.48428557,-3.067362456,0.2122875767,1.909984201,0.7675914583,1,1,1,1,1,1,1,1,1,1,1,11,0.0909090909,-1.130995641,0.013108,0.533730,-2.143599497
330195,-1.41703916,-1.291836614,-1.229512953,0.4938384906,,-0.729624727,0.0232675619,-1.592084864,-0.955876236,2.7258494062,0.4257342795,1,1,1,1,0,1,1,1,1,1,1,10,0.1,-0.354728482,0.013108,0.533730,-0.689180396
330196,-0.760648661,-2.195799353,-3.657077551,0.2899733314,,-1.424815068,,-1.739612624,,,0.4257342795,1,1,1,1,0,1,0,1,0,0,1,7,0.1428571429,-1.294606521,0.013108,0.533730,-2.450141886
330197,,-1.51544845,1.3955930679,-0.831285044,,0.462130144,,-0.706918309,1.2344309131,-2.052789653,0.4257342795,0,1,1,1,0,1,0,1,1,1,1,8,0.125,-0.198569132,0.013108,0.533730,-0.396599241
330198,-0.495789337,-0.816066752,-2.774725862,0.7996362295,,0.462130144,0.8691894486,0.1782482455,-2.051029811,0.627910307,0.7675914583,1,1,1,1,0,1,1,1,1,1,1,10,0.1,-0.243290593,0.013108,0.533730,-0.480389657
330199,,1.4866593813,,0.2899733314,,,,-0.116807273,,,,0,1,0,1,0,0,0,1,0,0,0,3,0.3333333333,0.5532751466,0.013108,0.533730,1.0120609941
33019F,,0.7539737934,0.4605636658,,,-0.034434386,-0.145916815,0.3257760046,,,,0,1,1,0,0,1,1,1,0,0,0,5,0.2,0.2719924526,0.013108,0.533730,0.4850479443
330202,,-0.830339848,-3.692196026,,,0.2635043322,,-0.55939055,,,,0,1,1,0,0,1,0,1,0,0,0,4,0.25,-1.204605523,0.013108,0.533730,-2.281515442
330203,-0.121531596,-1.287078916,-2.375253206,0.6977036498,,-0.630311821,1.3767425806,-1.297029346,,,0.0838771007,1,1,1,1,0,1,1,1,0,0,1,8,0.125,-0.444110194,0.013108,0.533730,-0.856646543
330204,-2.482234267,0.1354729725,1.7862861044,,,,,-1.001973828,-0.736845521,0.2782537905,,1,1,1,0,0,0,0,1,1,1,0,6,0.1666666667,-0.336840125,0.013108,0.533730,-0.655664657
330205,,1.4010208061,1.4746096371,0.5957710702,,0.1641914263,0.7000050712,0.9158870412,,,-0.257980078,0,1,1,1,0,1,1,1,0,0,1,7,0.1428571429,0.7133578534,0.013108,0.533730,1.3119929748
330208,,-2.233860942,-1.98456017,1.2073665479,,0.8593817676,1.5459269579,0.3257760046,-0.37179433,-0.654163587,-1.625408793,0,1,1,1,0,1,1,1,1,1,1,9,0.1111111111,-0.32570406,0.013108,0.533730,-0.634800055
33020F,,-0.349812287,-0.483245355,,,0.5614430499,0.8691894486,-0.411862791,,,,0,1,1,0,0,1,1,1,0,0,0,5,0.2,0.037142413,0.013108,0.533730,0.0450314121
330211,,1.3677169158,-0.772972776,1.4112317072,,0.9586946735,,0.6208315229,-0.152763615,-0.537611415,-0.599837257,0,1,1,1,0,1,0,1,1,1,1,8,0.125,0.2869112196,0.013108,0.533730,0.5129998414
330214,0.9148744544,0.8396123686,-0.145230031,3.5518158792,0.9672932116,-0.034434386,1.5459269579,3.1288034285,-1.320927428,2.7258494062,0.0838771007,1,1,1,1,1,1,1,1,1,1,1,11,0.0909090909,1.1143146329,0.013108,0.533730,2.0632281545
330215,,-1.743817984,-0.478855546,0.2899733314,,-0.034434386,,-0.411862791,,,0.0838771007,0,1,1,1,0,1,0,1,0,0,1,6,0.1666666667,-0.382520046,0.013108,0.533730,-0.741250848
330218,,1.0108895191,0.0171929164,-0.321622146,,-0.928250539,,-0.264335032,,,0.0838771007,0,1,1,1,0,1,0,1,0,0,1,6,0.1666666667,-0.067041363,0.013108,0.533730,-0.150167976
330219,,-1.287078916,-1.98017036,0.7996362295,,-0.431686009,1.2075582032,0.7683592821,-1.978019573,0.627910307,0.0838771007,0,1,1,1,0,1,1,1,1,1,1,9,0.1111111111,-0.243290415,0.013108,0.533730,-0.480389324
330221,,0.0641074931,-1.905543601,-0.117756987,,0.0648785204,,-1.297029346,,,-0.257980078,0,1,1,1,0,1,0,1,0,0,1,6,0.1666666667,-0.574887333,0.013108,0.533730,-1.101671424
330222,-1.952515619,0.3781156022,-0.070603272,-1.137082783,,-1.424815068,0.5308206939,0.0307204863,0.3583080533,-1.120372276,-0.599837257,1,1,1,1,0,1,1,1,1,1,1,10,0.1,-0.500726144,0.013108,0.533730,-0.962722547
330224,,0.1497460683,-0.474465736,0.391905911,,1.455259203,,0.9158870412,1.0154001981,-0.654163587,-0.257980078,0,1,1,1,0,1,0,1,1,1,1,8,0.125,0.3176986275,0.013108,0.533730,0.5706833252
330226,1.4388352912,-1.420294477,-3.406858415,0.0861081721,,-1.822066692,-0.653469947,-2.32972366,-0.152763615,0.3948059626,-0.257980078,1,1,1,1,0,1,1,1,1,1,1,10,0.1,-0.812340746,0.013108,0.533730,-1.546565653
330229,,-2.20531475,-0.000366321,0.4938384906,,1.2566333912,,0.9158870412,,,,0,1,1,1,0,1,0,1,0,0,0,5,0.2,0.0921355704,0.013108,0.533730,0.1480669425
330231,,-0.26893141,-2.844962812,,,-0.630311821,,0.3257760046,,,,0,1,1,0,0,1,0,1,0,0,0,4,0.25,-0.85460751,0.013108,0.533730,-1.625756932
330233,,-2.119676175,-2.103085024,-0.627419885,,-0.729624727,,-1.592084864,,,0.0838771007,0,1,1,1,0,1,0,1,0,0,1,6,0.1666666667,-1.181335596,0.013108,0.533730,-2.237916758
330234,-1.008234551,-1.572540833,-0.645668303,1.0035013887,-0.831677459,-0.233060197,0.0232675619,0.3257760046,0.5773387682,0.3948059626,-1.967265972,1,1,1,1,1,1,1,1,1,1,1,11,0.0909090909,-0.35761433,0.013108,0.533730,-0.69458734
330235,,-2.124433873,-0.492024974,2.3286249237,,-0.034434386,0.0232675619,-2.919834697,0.7233592449,0.8610146514,0.7675914583,0,1,1,1,0,1,1,1,1,1,1,9,0.1111111111,-0.096318899,0.013108,0.533730,-0.205022553
330238,,1.7816366959,-1.431444185,0.7996362295,,0.462130144,0.3616363166,-0.854446069,,,0.4257342795,0,1,1,1,0,1,1,1,0,0,1,7,0.1428571429,0.2206976302,0.013108,0.533730,0.3889416379
330239,,-0.207081328,0.2805814804,2.0228271849,,-0.828937633,0.3616363166,0.6208315229,1.3804513897,-0.770715759,0.0838771007,0,1,1,1,0,1,1,1,1,1,1,9,0.1111111111,0.3270522528,0.013108,0.533730,0.5882083371
330240,,-2.800027078,-3.626348885,-0.117756987,,-0.431686009,,-2.477251419,,,,0,1,1,1,0,1,0,1,0,0,0,5,0.2,-1.890614076,0.013108,0.533730,-3.566825442
330241,-0.484273714,-1.315625107,-0.992463245,-0.627419885,0.4875676993,-0.729624727,0.7000050712,-1.592084864,-0.736845521,1.0941189957,0.7675914583,1,1,1,1,1,1,1,1,1,1,1,11,0.0909090909,-0.311732167,0.013108,0.533730,-0.608622227
330245,-0.046680048,-1.501175354,1.8740822924,,1.3270873457,-1.722753786,,0.3257760046,,,0.7675914583,1,1,1,0,1,1,0,1,0,0,1,7,0.1428571429,0.1462754162,0.013108,0.533730,0.2495037029
330246,,-2.110160777,0.7151726109,0.2899733314,,0.1641914263,1.2075582032,-1.739612624,,,-0.599837257,0,1,1,1,0,1,1,1,0,0,1,7,0.1428571429,-0.296102155,0.013108,0.533730,-0.579337737
33024F,-0.443969034,-1.125317163,-0.237416029,,,-4.304889339,-0.48428557,-1.149501587,,,,1,1,1,0,0,1,1,1,0,0,0,6,0.1666666667,-1.290896454,0.013108,0.533730,-2.44319068
330250,0.644257319,-1.976945216,0.8117484177,1.6150968664,,0.1641914263,-0.145916815,-0.411862791,0.7233592449,-1.003820104,0.4257342795,1,1,1,1,0,1,1,1,1,1,1,10,0.1,0.0845842628,0.013108,0.533730,0.1339187644
330259,,-0.449723958,-1.334868379,1.9208946053,,0.462130144,0.8691894486,0.6208315229,-1.028886475,1.5603276844,0.4257342795,0,1,1,1,0,1,1,1,1,1,1,9,0.1111111111,0.3384032081,0.013108,0.533730,0.6094755595
330261,,-0.816066752,-0.838819917,-1.646745681,,1.0580075794,0.0232675619,1.8010535961,-0.882865998,0.5113581348,-0.257980078,0,1,1,1,0,1,1,1,1,1,1,9,0.1111111111,-0.116532395,0.013108,0.533730,-0.242894688
330264,-3.317116919,-0.297477602,-0.237416029,0.4938384906,,0.5614430499,0.1924519392,-0.55939055,,,0.0838771007,1,1,1,1,0,1,1,1,0,0,1,8,0.125,-0.384973815,0.013108,0.533730,-0.745848246
330265,,-0.530604835,-1.17683524,0.391905911,,-1.722753786,,-0.854446069,0.4313182916,0.627910307,-0.257980078,0,1,1,1,0,1,0,1,1,1,1,8,0.125,-0.386435687,0.013108,0.533730,-0.748587219
330267,,1.1441050805,0.0215827258,-0.219689567,,0.6607559558,0.8691894486,2.2436368736,-1.393937666,0.8610146514,-1.283551615,0,1,1,1,0,1,1,1,1,1,1,9,0.1111111111,0.3225673209,0.013108,0.533730,0.5798053402
330270,,,,,,,2.7302175992,6.6694696481,,,1.7931629948,0,0,0,0,0,0,1,1,0,0,1,3,0.3333333333,3.7309500807,0.013108,0.533730,6.965773021
330273,,-0.459239355,0.2630222428,-0.219689567,,0.462130144,,0.3257760046,,,0.7675914583,0,1,1,1,0,1,0,1,0,0,1,6,0.1666666667,0.1899318213,0.013108,0.533730,0.331298622
330276,,1.0108895191,1.847743436,-0.117756987,,-0.332373103,,0.7683592821,,,0.7675914583,0,1,1,1,0,1,0,1,0,0,1,6,0.1666666667,0.6574089342,0.013108,0.533730,1.2071667228
330277,,-1.16813645,-1.466562661,-0.627419885,,1.1573204853,-0.315101193,0.9158870412,1.0154001981,-1.120372276,0.4257342795,0,1,1,1,0,1,1,1,1,1,1,9,0.1111111111,-0.131472273,0.013108,0.533730,-0.27088614
330279,-0.455484657,-1.172894149,-1.17683524,-0.627419885,2.0466756141,0.2635043322,,-0.411862791,,,-0.257980078,1,1,1,1,1,1,0,1,0,0,1,8,0.125,-0.224037107,0.013108,0.533730,-0.444316202
330285,1.3294368747,-1.282321217,-1.734341034,1.2073665479,-0.351951947,-1.12687635,,0.1782482455,1.1614206748,0.3948059626,0.7675914583,1,1,1,1,1,1,0,1,1,1,1,10,0.1,0.0543379215,0.013108,0.533730,0.0772490265
330286,-1.549468822,-1.934125928,-1.132937146,-0.321622146,1.5669501019,0.5614430499,-0.145916815,0.0307204863,1.4534616281,-0.421059243,0.4257342795,1,1,1,1,1,1,1,1,1,1,1,11,0.0909090909,-0.133347323,0.013108,0.533730,-0.274399245
330304,0.4427339202,-0.730428177,-0.974904008,-0.219689567,,-1.12687635,0.8691894486,-0.411862791,-1.24791719,0.9775668235,0.0838771007,1,1,1,1,0,1,1,1,1,1,1,10,0.1,-0.233831079,0.013108,0.533730,-0.462666251
330307,1.4445931026,-1.41077908,0.254242624,2.8382878218,,-1.027563445,0.7000050712,1.2109425595,-0.736845521,-1.120372276,1.1094486371,1,1,1,1,0,1,1,1,1,1,1,10,0.1,0.3261959495,0.013108,0.533730,0.5866039618
330331,,-0.145231246,0.363987859,-1.646745681,,-1.722753786,-0.145916815,0.1782482455,,,0.0838771007,0,1,1,1,0,1,1,1,0,0,1,7,0.1428571429,-0.433504903,0.013108,0.533730,-0.836776402
330332,,-0.164262041,-0.900277248,-0.015824407,,0.0648785204,-0.653469947,0.6208315229,-0.955876236,0.7444624792,0.7675914583,0,1,1,1,0,1,1,1,1,1,1,9,0.1111111111,-0.054660655,0.013108,0.533730,-0.126971403
330350,,-2.362318804,-4.995969418,0.391905911,,,-1.161023079,-0.706918309,,,0.4257342795,0,1,1,1,0,0,1,1,0,0,1,6,0.1666666667,-1.40143157,0.013108,0.533730,-2.650289979
330386,,-0.982586204,-1.431444185,-1.442880522,,1.0580075794,,-0.706918309,,,-0.941694436,0,1,1,1,0,1,0,1,0,0,1,6,0.1666666667,-0.74125268,0.013108,0.533730,-1.413374599
330393,0.2527261442,-1.163378752,-0.281314123,1.2073665479,1.6868814799,0.3628172381,1.0383738259,-0.411862791,-2.051029811,1.2106711679,-0.257980078,1,1,1,1,1,1,1,1,1,1,1,11,0.0909090909,0.1448428045,0.013108,0.533730,0.2468195525
330394,-0.628218999,-0.544877931,-0.707125635,1.6150968664,0.1277735651,0.8593817676,0.1924519392,0.6208315229,0.6503490066,1.7934320288,1.1094486371,1,1,1,1,1,1,1,1,1,1,1,11,0.0909090909,0.4625947973,0.013108,0.533730,0.8421617131
330395,,-4.707864225,-4.90817323,-0.015824407,,-0.928250539,,-4.10005677,,,,0,1,1,1,0,1,0,1,0,0,0,5,0.2,-2.932033834,0.013108,0.533730,-5.518036145
330396,,-1.44408297,-1.646544846,,,,,-2.182195901,,,,0,1,1,0,0,0,0,1,0,0,0,3,0.3333333333,-1.757607906,0.013108,0.533730,-3.317624234
330399,,-1.363202094,-1.10220848,-0.729352465,,-0.034434386,,-1.592084864,,,,0,1,1,1,0,1,0,1,0,0,0,5,0.2,-0.964256458,0.013108,0.533730,-1.8311959
330401,0.5003120341,-0.644789602,-0.7378543,0.6977036498,,-0.431686009,0.7000050712,-0.55939055,,,-0.257980078,1,1,1,1,0,1,1,1,0,0,1,8,0.125,-0.091709973,0.013108,0.533730,-0.19638724
330405,,,,,,,,,,,,0,0,0,0,0,0,0,0,0,0,0,0,,,0.013108,0.533730,
330406,,,,,,,,1.653525837,,,,0,0,0,0,0,0,0,1,0,0,0,1,1,1.653525837,0.013108,0.533730,3.0734977061
331301,,,,,,,,,,,,0,0,0,0,0,0,0,0,0,0,0,0,,,0.013108,0.533730,
331302,,,0.4825127128,,,,,-0.854446069,,,,0,0,1,0,0,0,0,1,0,0,0,2,0.5,-0.185966678,0.013108,0.533730,-0.372987204
331303,,,,,,,,,,,,0,0,0,0,0,0,0,0,0,0,0,0,,,0.013108,0.533730,
331304,,,,0.391905911,,,,-0.116807273,,,,0,0,0,1,0,0,0,1,0,0,0,2,0.5,0.1375493191,0.013108,0.533730,0.2331544317
331305,,,,-0.627419885,,,,-0.116807273,,,,0,0,0,1,0,0,0,1,0,0,0,2,0.5,-0.372113579,0.013108,0.533730,-0.721753225
331307,,,,,,,,,,,,0,0,0,0,0,0,0,0,0,0,0,0,,,0.013108,0.533730,
331309,,,,-0.627419885,,,,,,,,0,0,0,1,0,0,0,0,0,0,0,1,1,-0.627419885,0.013108,0.533730,-1.200096749
331310,,,-0.013535749,-0.525487306,,,,0.0307204863,,,,0,0,1,1,0,0,0,1,0,0,0,3,0.3333333333,-0.16943419,0.013108,0.533730,-0.342011828
331311,,-1.567783134,-0.29887336,0.4938384906,,,,0.6208315229,,,,0,1,1,1,0,0,0,1,0,0,0,4,0.25,-0.18799662,0.013108,0.533730,-0.376790517
331312,,,,,,,,-0.264335032,,,,0,0,0,0,0,0,0,1,0,0,0,1,1,-0.264335032,0.013108,0.533730,-0.519818652
331313,,,0.0874298668,,,,,-0.55939055,,,,0,0,1,0,0,0,0,1,0,0,0,2,0.5,-0.235980342,0.013108,0.533730,-0.466693124
331314,,,0.3771572872,,,,,0.3257760046,,,,0,0,1,0,0,0,0,1,0,0,0,2,0.5,0.3514666459,0.013108,0.533730,0.6339512998
331315,,,,,,,,-0.264335032,,,,0,0,0,0,0,0,0,1,0,0,0,1,1,-0.264335032,0.013108,0.533730,-0.519818652
331316,,0.4923003692,-0.983683627,0.391905911,,-0.034434386,1.2075582032,-0.706918309,,,-0.257980078,0,1,1,1,0,1,1,1,0,0,1,7,0.1428571429,0.0155354405,0.013108,0.533730,0.0045484505
331317,,,,0.4938384906,,,,,,,0.4257342795,0,0,0,1,0,0,0,0,0,0,1,2,0.5,0.459786385,0.013108,0.533730,0.8368998541
331319,,,,-0.219689567,,,,0.3257760046,,,,0,0,0,1,0,0,0,1,0,0,0,2,0.5,0.053043219,0.013108,0.533730,0.0748232635
331320,,-0.059592671,-1.062700196,-0.627419885,,-0.034434386,,-0.264335032,,,,0,1,1,1,0,1,0,1,0,0,0,5,0.2,-0.409696434,0.013108,0.533730,-0.792168702
331321,,-0.939766916,-1.848476078,,,-0.034434386,,-0.854446069,,,,0,1,1,0,0,1,0,1,0,0,0,4,0.25,-0.919280862,0.013108,0.533730,-1.746929337
340001,0.6039526392,0.3543271091,-0.031094987,-0.423554726,0.6074990774,0.7600688617,0.8691894486,0.0307204863,0.7233592449,0.627910307,0.7675914583,1,1,1,1,1,1,1,1,1,1,1,11,0.0909090909,0.444542629,0.013108,0.533730,0.8083390556
340002,1.5194446507,1.0346780122,0.8907649869,-0.933217624,0.9672932116,1.2566333912,1.0383738259,2.2436368736,-0.006743138,0.8610146514,-0.257980078,1,1,1,1,1,1,1,1,1,1,1,11,0.0909090909,0.7830817057,0.013108,0.533730,1.4426280292
340003,,0.0926536849,0.517631188,0.5957710702,,0.8593817676,,-0.116807273,,,0.4257342795,0,1,1,1,0,1,0,1,0,0,1,6,0.1666666667,0.3957274529,0.013108,0.533730,0.7168786301
340004,-0.668523679,-0.007257986,0.8512567023,-0.627419885,,-1.325502162,-0.145916815,0.4733037638,0.2122875767,0.3948059626,0.7675914583,1,1,1,1,0,1,1,1,1,1,1,10,0.1,-0.007537506,0.013108,0.533730,-0.03868117
340008,,0.3067501229,-1.54557923,1.4112317072,,1.6538850148,0.8691894486,0.0307204863,-0.517814807,0.8610146514,0.0838771007,0,1,1,1,0,1,1,1,1,1,1,9,0.1111111111,0.3503638328,0.013108,0.533730,0.6318850622
340010,1.1163978532,-0.706639684,0.0084132976,-0.015824407,,-0.828937633,,-0.854446069,,,0.7675914583,1,1,1,1,0,1,0,1,0,0,1,7,0.1428571429,-0.073349312,0.013108,0.533730,-0.161986589
340013,,-0.530604835,0.8161382271,0.0861081721,,0.7600688617,0.1924519392,0.7683592821,,,-0.599837257,0,1,1,1,0,1,1,1,0,0,1,7,0.1428571429,0.2132406272,0.013108,0.533730,0.3749701495
340014,0.3448511265,-0.697124287,-0.325212217,0.1880407518,-0.351951947,0.462130144,2.0534800899,1.3584703187,1.3804513897,1.0941189957,-1.967265972,1,1,1,1,1,1,1,1,1,1,1,11,0.0909090909,0.3218171267,0.013108,0.533730,0.5783997715
340015,1.0242728709,-1.291836614,-0.540312877,0.1880407518,,-1.12687635,-0.315101193,0.6208315229,0.5773387682,0.7444624792,-0.257980078,1,1,1,1,0,1,1,1,1,1,1,10,0.1,-0.037716072,0.013108,0.533730,-0.095223923
340016,,-1.282321217,0.9741713655,-0.321622146,,0.1641914263,-0.822654325,0.6208315229,0.0662671,0.5113581348,-0.599837257,0,1,1,1,0,1,1,1,1,1,1,9,0.1111111111,-0.076623933,0.013108,0.533730,-0.168121939
340017,1.0703353621,1.7959097918,0.6229866135,-1.035150204,,3.0442656974,0.7000050712,1.3584703187,1.1614206748,1.3272233401,-0.257980078,1,1,1,1,0,1,1,1,1,1,1,10,0.1,0.9787486588,0.013108,0.533730,1.8092308806
340020,,-0.13095815,-0.904667058,0.4938384906,,-0.332373103,,-2.624779178,,,-0.599837257,0,1,1,1,0,1,0,1,0,0,1,6,0.1666666667,-0.683129376,0.013108,0.533730,-1.304474406
340021,,-0.121442753,-0.171568888,1.0035013887,,0.5614430499,-1.499391834,0.0307204863,-0.517814807,-0.30450707,-0.257980078,0,1,1,1,0,1,1,1,1,1,1,9,0.1111111111,-0.141893389,0.013108,0.533730,-0.29041121
340023,,-0.297477602,-0.101331937,-0.015824407,,0.1641914263,0.7000050712,1.2109425595,-0.298784092,0.3948059626,0.4257342795,0,1,1,1,0,1,1,1,1,1,1,9,0.1111111111,0.2424734734,0.013108,0.533730,0.4297409966
340024,,-0.316508397,0.0391419634,0.2899733314,,-0.530998915,,-0.411862791,,,0.4257342795,0,1,1,1,0,1,0,1,0,0,1,6,0.1666666667,-0.084086755,0.013108,0.533730,-0.18210433
340027,,-0.387873876,0.6185968041,,,0.2635043322,,-1.592084864,,,1.1094486371,0,1,1,0,0,1,0,1,0,0,1,5,0.2,0.0023182066,0.013108,0.533730,-0.020215443
340028,-0.979445494,0.0593497945,-1.036361339,0.9015688091,0.8473618335,-1.524127974,-1.668576211,-2.034668142,-0.37179433,1.0941189957,0.0838771007,1,1,1,1,1,1,1,1,1,1,1,11,0.0909090909,-0.420790632,0.013108,0.533730,-0.812954863
340030,-0.403664355,0.2353846435,0.4605636658,-1.340947943,0.4875676993,0.3628172381,1.8842957126,1.9485813553,0.3583080533,0.627910307,1.1094486371,1,1,1,1,1,1,1,1,1,1,1,11,0.0909090909,0.5209331832,0.013108,0.533730,0.9514648851
340032,-0.490031525,0.1830499587,-0.096942128,1.1054339683,0.0078421871,-0.928250539,0.0232675619,-0.116807273,-3.438224339,0.8610146514,0.0838771007,1,1,1,1,1,1,1,1,1,1,1,11,0.0909090909,-0.255070034,0.013108,0.533730,-0.502459693
340039,,-0.249900616,-0.127670794,0.9015688091,,0.5614430499,-1.161023079,0.4733037638,,,0.7675914583,0,1,1,1,0,1,1,1,0,0,1,7,0.1428571429,0.1664732274,0.013108,0.533730,0.2873464509
340040,-0.443969034,-1.85800275,-0.808091251,-1.239015363,-0.112089191,0.3628172381,-2.852866853,-1.297029346,-1.978019573,-0.30450707,1.1094486371,1,1,1,1,1,1,1,1,1,1,1,11,0.0909090909,-0.856484051,0.013108,0.533730,-1.629272831
340041,,1.4390823951,-1.782628937,-0.321622146,,0.1641914263,0.0232675619,0.7683592821,,,-0.599837257,0,1,1,1,0,1,1,1,0,0,1,7,0.1428571429,-0.044169668,0.013108,0.533730,-0.107315421
340042,,-1.268048121,-1.571918086,-0.015824407,,1.0580075794,,-1.001973828,,,0.7675914583,0,1,1,1,0,1,0,1,0,0,1,6,0.1666666667,-0.338694234,0.013108,0.533730,-0.659138528
340047,-0.213656579,0.116442178,-0.557872115,-0.015824407,0.3676363213,-1.226189256,0.5308206939,-1.297029346,-0.152763615,-0.421059243,0.7675914583,1,1,1,1,1,1,1,1,1,1,1,11,0.0909090909,-0.191082174,0.013108,0.533730,-0.382571629
340049,,,,,,,0.0232675619,-1.149501587,,,-3.676551866,0,0,0,0,0,0,1,1,0,0,1,3,0.3333333333,-1.60092863,0.013108,0.533730,-3.024068944
340050,-0.305781561,-2.571657544,-0.935395723,-0.117756987,,-0.034434386,,-0.264335032,0.9423899598,-0.30450707,0.7675914583,1,1,1,1,0,1,0,1,1,1,1,9,0.1111111111,-0.313765209,0.013108,0.533730,-0.612431348
340051,0.0684761797,0.4685118761,-0.434957452,1.5131642868,,1.1573204853,-0.48428557,0.3257760046,0.285297815,-0.537611415,-0.941694436,1,1,1,1,0,1,1,1,1,1,1,10,0.1,0.1419997775,0.013108,0.533730,0.241492839
340053,0.1606011619,-0.882674533,-2.287457018,0.5957710702,1.2071559677,0.0648785204,1.3767425806,0.4733037638,-0.517814807,1.2106711679,-1.625408793,1,1,1,1,1,1,1,1,1,1,1,11,0.0909090909,-0.020384629,0.013108,0.533730,-0.062751621
340060,,-0.173777438,-0.983683627,-0.219689567,,-0.133747291,,0.4733037638,,,,0,1,1,1,0,1,0,1,0,0,0,5,0.2,-0.207518832,0.013108,0.533730,-0.413367457
340061,0.9609369456,-0.149988945,-0.118891175,1.1054339683,0.4875676993,0.0648785204,-1.499391834,0.9158870412,1.0884104365,-0.071402726,1.4513058159,1,1,1,1,1,1,1,1,1,1,1,11,0.0909090909,0.3849768861,0.013108,0.533730,0.6967362997
340064,,1.6959981207,-0.101331937,1.3092991276,,-0.530998915,,1.5059980778,-0.37179433,-1.003820104,0.0838771007,0,1,1,1,0,1,0,1,1,1,1,8,0.125,0.3234033926,0.013108,0.533730,0.5813718095
340068,,-2.719146201,-1.154886193,1.6150968664,,-0.332373103,-1.330207457,0.7683592821,-2.051029811,-0.537611415,-0.257980078,0,1,1,1,0,1,1,1,1,1,1,9,0.1111111111,-0.666642012,0.013108,0.533730,-1.273583577
340069,0.1145386708,-0.61624341,-0.439347261,-2.666071478,1.9267442361,-0.729624727,0.3616363166,1.0634148004,1.0884104365,0.0451494461,0.4257342795,1,1,1,1,1,1,1,1,1,1,1,11,0.0909090909,0.0522128464,0.013108,0.533730,0.0732674722
340070,0.8803275861,-1.458356066,0.0391419634,-0.423554726,,0.9586946735,-0.653469947,0.0307204863,0.7963694832,1.2106711679,-0.257980078,1,1,1,1,0,1,1,1,1,1,1,10,0.1,0.1122564543,0.013108,0.533730,0.1857655589
340071,-0.334570618,-0.778005163,0.4473942376,0.4938384906,,0.6607559558,,-1.001973828,,,0.4257342795,1,1,1,1,0,1,0,1,0,0,1,7,0.1428571429,-0.012403806,0.013108,0.533730,-0.047798701
340073,,-0.021531082,-1.484121898,1.4112317072,,0.8593817676,0.1924519392,0.0307204863,0.5773387682,0.5113581348,1.4513058159,0,1,1,1,0,1,1,1,1,1,1,9,0.1111111111,0.392015071,0.013108,0.533730,0.7099230878
340075,,-0.868401437,-0.413008405,1.0035013887,,0.3628172381,,0.4733037638,0.5043285299,-0.187954898,1.1094486371,0,1,1,1,0,1,0,1,1,1,1,8,0.125,0.2480043522,0.013108,0.533730,0.4401036864
340084,,,-0.650058112,,,,,-0.411862791,,,,0,0,1,0,0,0,0,1,0,0,0,2,0.5,-0.530960452,0.013108,0.533730,-1.019369739
340085,,-2.471745873,0.8775955587,0.1880407518,,-0.332373103,,0.1782482455,1.1614206748,1.909984201,1.1094486371,0,1,1,1,0,1,0,1,1,1,1,8,0.125,0.3275773866,0.013108,0.533730,0.5891922312
340087,,-0.597212615,1.6458122036,0.6977036498,,-0.332373103,,-0.264335032,,,0.0838771007,0,1,1,1,0,1,0,1,0,0,1,6,0.1666666667,0.2055787006,0.013108,0.533730,0.3606147149
340090,0.2584839556,-0.364085383,-0.00914594,-1.544813102,,-1.722753786,-0.145916815,0.6208315229,-0.152763615,1.0941189957,-0.257980078,1,1,1,1,0,1,1,1,1,1,1,10,0.1,-0.222402424,0.013108,0.533730,-0.441253451
340091,0.6212260734,0.7254276017,0.8512567023,-1.137082783,0.4875676993,-0.530998915,-0.653469947,1.2109425595,0.5773387682,1.6768798566,-0.599837257,1,1,1,1,1,1,1,1,1,1,1,11,0.0909090909,0.2935682144,0.013108,0.533730,0.5254724293
340096,,-0.411662369,0.7678503237,-0.321622146,,-1.027563445,-0.145916815,0.6208315229,,,0.7675914583,0,1,1,1,0,1,1,1,0,0,1,7,0.1428571429,0.0356440756,0.013108,0.533730,0.0422241176
340097,,-1.363202094,-1.40071552,-0.933217624,,0.1641914263,-0.48428557,0.1782482455,0.4313182916,0.3948059626,0.0838771007,0,1,1,1,0,1,1,1,1,1,1,9,0.1111111111,-0.325442198,0.013108,0.533730,-0.634309428
340098,0.264241767,0.6397890265,-0.241805838,0.1880407518,1.3270873457,1.455259203,-1.499391834,0.0307204863,,,-1.283551615,1,1,1,1,1,1,1,1,0,0,1,9,0.1111111111,0.0978210326,0.013108,0.533730,0.1587192608
340099,,-2.029279901,0.6273764229,-1.442880522,,0.3628172381,,-1.297029346,-0.006743138,0.2782537905,0.7675914583,0,1,1,1,0,1,0,1,1,1,1,8,0.125,-0.34248675,0.013108,0.533730,-0.666244209
340107,,-1.567783134,1.1585433603,0.391905911,,0.462130144,,0.1782482455,0.4313182916,-0.071402726,-0.257980078,0,1,1,1,0,1,0,1,1,1,1,8,0.125,0.0906225017,0.013108,0.533730,0.1452320474
340109,,0.0641074931,0.5527496632,0.391905911,,0.5614430499,,-0.854446069,,,1.1094486371,0,1,1,1,0,1,0,1,0,0,1,6,0.1666666667,0.3042014476,0.013108,0.533730,0.5453949228
340113,-0.610945565,-0.89218993,0.276191671,-2.360273739,0.4875676993,1.7531979207,-1.161023079,0.7683592821,0.1392773383,0.5113581348,-0.941694436,1,1,1,1,1,1,1,1,1,1,1,11,0.0909090909,-0.184561337,0.013108,0.533730,-0.370354147
340114,0.5175854683,0.5922120402,0.6844439451,-1.646745681,0.3676363213,0.8593817676,0.1924519392,1.0634148004,-0.736845521,-0.071402726,0.7675914583,1,1,1,1,1,1,1,1,1,1,1,11,0.0909090909,0.2354294374,0.013108,0.533730,0.4165432458
340115,-0.449726846,0.3067501229,0.100599295,-1.442880522,0.6074990774,1.1573204853,-0.653469947,0.3257760046,-0.225773853,0.2782537905,1.1094486371,1,1,1,1,1,1,1,1,1,1,1,11,0.0909090909,0.101254204,0.013108,0.533730,0.1651516726
340116,-0.121531596,-0.154746644,0.0259725352,0.7996362295,-1.071540215,-0.034434386,,-0.116807273,0.5773387682,-0.187954898,0.4257342795,1,1,1,1,1,1,0,1,1,1,1,10,0.1,0.01416668,0.013108,0.533730,0.0019839322
340119,,0.6255159306,0.8951547963,-0.933217624,,-0.630311821,-0.48428557,-1.297029346,,,0.4257342795,0,1,1,1,0,1,1,1,0,0,1,7,0.1428571429,-0.199777051,0.013108,0.533730,-0.398862406
340120,,-1.772364175,0.7459012767,-0.015824407,,-0.431686009,,0.0307204863,,,,0,1,1,1,0,1,0,1,0,0,0,5,0.2,-0.288650566,0.013108,0.533730,-0.565376391
340123,,-1.087255574,0.5308006162,-0.423554726,,0.0648785204,,-0.706918309,,,1.1094486371,0,1,1,1,0,1,0,1,0,0,1,6,0.1666666667,-0.085433473,0.013108,0.533730,-0.184627549
340126,,-0.625758807,-1.119767718,0.1880407518,,0.0648785204,0.0232675619,0.3257760046,,,0.4257342795,0,1,1,1,0,1,1,1,0,0,1,7,0.1428571429,-0.102547058,0.013108,0.533730,-0.216691672
340127,,2.9710613516,-0.237416029,-0.423554726,,,,0.7683592821,,,-0.257980078,0,1,1,1,0,0,0,1,0,0,1,5,0.2,0.5640939602,0.013108,0.533730,1.0323311922
340129,,-0.035804178,-0.553482306,0.4938384906,,0.2635043322,-1.499391834,-0.706918309,,,0.7675914583,0,1,1,1,0,1,1,1,0,0,1,7,0.1428571429,-0.181523192,0.013108,0.533730,-0.364661861
34012F,-1.186726704,0.7016391086,0.8688159399,,,0.5614430499,-0.653469947,1.9485813553,,,,1,1,1,0,0,1,1,1,0,0,0,6,0.1666666667,0.373380467,0.013108,0.533730,0.6750091749
340130,-1.658867238,-1.320382806,0.4210553812,0.1880407518,,-0.828937633,-0.48428557,-1.001973828,,,-1.967265972,1,1,1,1,0,1,1,1,0,0,1,8,0.125,-0.831577114,0.013108,0.533730,-1.582607036
340131,0.1260542936,-0.23562752,0.8205280365,-0.117756987,-0.232020569,1.7531979207,-1.499391834,0.3257760046,0.285297815,-0.770715759,0.4257342795,1,1,1,1,1,1,1,1,1,1,1,11,0.0909090909,0.0800977891,0.013108,0.533730,0.1255128787
340132,,-0.421177766,-1.449003423,-0.423554726,,-2.318631221,,-1.001973828,-1.831999096,0.627910307,0.7675914583,0,1,1,1,0,1,0,1,1,1,1,8,0.125,-0.756354787,0.013108,0.533730,-1.441670003
34013F,,2.095644805,0.4122757624,,,0.0648785204,,1.3584703187,,,,0,1,1,0,0,1,0,1,0,0,0,4,0.25,0.9828173516,0.013108,0.533730,1.8168540095
340141,0.6500151304,0.2115961504,0.1576668172,-1.137082783,1.5669501019,1.3559462971,1.2075582032,1.9485813553,0.5773387682,-0.770715759,0.4257342795,1,1,1,1,1,1,1,1,1,1,1,11,0.0909090909,0.5630535055,0.013108,0.533730,1.0303817898
340142,-0.501547148,-0.454481657,0.6844439451,-1.137082783,,-0.928250539,-2.345313721,-0.411862791,0.4313182916,-2.052789653,-1.283551615,1,1,1,1,0,1,1,1,1,1,1,10,0.1,-0.799911767,0.013108,0.533730,-1.523278639
340143,-0.023648803,1.9005791615,1.2024414543,-0.831285044,,-0.630311821,0.8691894486,-0.411862791,0.7963694832,0.2782537905,0.7675914583,1,1,1,1,0,1,1,1,1,1,1,10,0.1,0.3917316337,0.013108,0.533730,0.7093920379
340145,,-0.035804178,0.166446436,1.3092991276,,0.2635043322,,0.7683592821,,,0.7675914583,0,1,1,1,0,1,0,1,0,0,1,6,0.1666666667,0.5398994097,0.013108,0.533730,0.9870001281
340147,1.1163978532,-0.306992999,0.6932235639,-0.627419885,,-0.133747291,0.1924519392,-1.001973828,-0.152763615,-0.887267931,0.7675914583,1,1,1,1,0,1,1,1,1,1,1,10,0.1,-0.034050074,0.013108,0.533730,-0.088355285
340148,,,,,,,,0.3257760046,0.6503490066,0.5113581348,0.0838771007,0,0,0,0,0,0,0,1,1,1,1,4,0.25,0.3928400617,0.013108,0.533730,0.7114687956
340151,,-1.353686696,-1.190004668,-0.219689567,,-0.530998915,0.8691894486,0.3257760046,0.285297815,-0.887267931,-0.257980078,0,1,1,1,0,1,1,1,1,1,1,9,0.1111111111,-0.328818288,0.013108,0.533730,-0.640634891
340155,-0.933383003,0.5256042595,0.6185968041,0.5957710702,-0.232020569,0.0648785204,-0.145916815,0.9158870412,-0.079753377,-0.421059243,1.4513058159,1,1,1,1,1,1,1,1,1,1,1,11,0.0909090909,0.2145373186,0.013108,0.533730,0.3773996388
340156,,,,,,,,0.1782482455,,,,0,0,0,0,0,0,0,1,0,0,0,1,1,0.1782482455,0.013108,0.533730,0.3094081998
340158,,0.0974113835,-0.926616104,1.9208946053,,-1.226189256,1.2075582032,0.0307204863,0.6503490066,0.5113581348,0.4257342795,0,1,1,1,0,1,1,1,1,1,1,9,0.1111111111,0.2990245265,0.013108,0.533730,0.5356954104
340159,,-0.254658315,0.232293577,-0.321622146,,,,-0.411862791,,,,0,1,1,1,0,0,0,1,0,0,0,4,0.25,-0.188962419,0.013108,0.533730,-0.378600043
340166,,0.040319,0.5790885195,-0.525487306,,-0.729624727,,0.6208315229,,,0.4257342795,0,1,1,1,0,1,0,1,0,0,1,6,0.1666666667,0.0684768816,0.013108,0.533730,0.1037398723
340168,,,,,,,,-0.116807273,,,,0,0,0,0,0,0,0,1,0,0,0,1,1,-0.116807273,0.013108,0.533730,-0.243409701
340171,-0.104258162,0.1307152738,-0.979293817,1.8189620256,,0.8593817676,-0.653469947,0.3257760046,,,-1.283551615,1,1,1,1,0,1,1,1,0,0,1,8,0.125,0.0142826913,0.013108,0.533730,0.0022012916
340173,1.6518743127,0.6302736292,0.3332591932,0.5957710702,,-0.729624727,1.0383738259,0.7683592821,,,-0.257980078,1,1,1,1,0,1,1,1,0,0,1,8,0.125,0.5037883135,0.013108,0.533730,0.919342148
34017F,,2.3763490238,2.5413333212,,,1.2566333912,,4.1614977426,,,,0,1,1,0,0,1,0,1,0,0,0,4,0.25,2.5839533697,0.013108,0.533730,4.8167526665
340183,1.1221556646,-0.763732067,-0.017925559,2.7363552422,,0.6607559558,-0.48428557,0.0307204863,,,-0.257980078,1,1,1,1,0,1,1,1,0,0,1,8,0.125,0.3782580093,0.013108,0.533730,0.6841477693
340184,0.1606011619,0.4827849719,-0.830040298,1.1054339683,,-0.431686009,,0.0307204863,-0.079753377,0.627910307,-0.941694436,1,1,1,1,0,1,0,1,1,1,1,9,0.1111111111,0.0138085307,0.013108,0.533730,0.0013129013
340187,,1.2630475461,-2.357693969,-0.627419885,,,0.1924519392,-0.116807273,,,1.1094486371,0,1,1,1,0,0,1,1,0,0,1,6,0.1666666667,-0.089495501,0.013108,0.533730,-0.192238191
340188,,-1.358444395,-1.528019992,,,0.7600688617,-0.48428557,-0.264335032,,,0.4257342795,0,1,1,0,0,1,1,1,0,0,1,6,0.1666666667,-0.408213641,0.013108,0.533730,-0.789390532
340190,,0.2972347256,0.3156999556,0.391905911,,0.5614430499,,0.6208315229,,,-0.257980078,0,1,1,1,0,1,0,1,0,0,1,6,0.1666666667,0.3215225145,0.013108,0.533730,0.5778477842
340195,,,,,,,,,,,,0,0,0,0,0,0,0,0,0,0,0,0,,,0.013108,0.533730,
34036F,0.8342650949,0.7444583962,1.5141179217,,,0.3628172381,2.5610332219,2.5386923919,,,,1,1,1,0,0,1,1,1,0,0,0,6,0.1666666667,1.4258973774,0.013108,0.533730,2.6470115723
341303,,,,0.1880407518,,,,0.3257760046,,,,0,0,0,1,0,0,0,1,0,0,0,2,0.5,0.2569083782,0.013108,0.533730,0.4567863263
341304,,1.8625175725,1.4307115431,0.2899733314,,,,0.6208315229,,,,0,1,1,1,0,0,0,1,0,0,0,4,0.25,1.0510084925,0.013108,0.533730,1.944617366
341305,,,,,,,,,,,,0,0,0,0,0,0,0,0,0,0,0,0,,,0.013108,0.533730,
341307,,,,,,,,0.3257760046,,,,0,0,0,0,0,0,0,1,0,0,0,1,1,0.3257760046,0.013108,0.533730,0.5858171505
341311,,1.1774089708,-0.44812688,,,,,-0.411862791,,,,0,1,1,0,0,0,0,1,0,0,0,3,0.3333333333,0.1058064333,0.013108,0.533730,0.1736807584
341314,,-1.082497875,-1.010022483,,,,,-0.706918309,,,,0,1,1,0,0,0,0,1,0,0,0,3,0.3333333333,-0.933146222,0.013108,0.533730,-1.772907565
341315,,,-1.018802102,-0.219689567,,,,-0.116807273,,,,0,0,1,1,0,0,0,1,0,0,0,3,0.3333333333,-0.451766314,0.013108,0.533730,-0.870991097
341316,,,0.9171038433,,,,,-0.706918309,,,,0,0,1,0,0,0,0,1,0,0,0,2,0.5,0.1050927669,0.013108,0.533730,0.1723436286
341317,,,,,,,,-0.116807273,,,,0,0,0,0,0,0,0,1,0,0,0,1,1,-0.116807273,0.013108,0.533730,-0.243409701
341318,,0.5493927526,1.0224592689,0.391905911,,0.5614430499,,-0.116807273,-0.298784092,-2.052789653,-0.257980078,0,1,1,1,0,1,0,1,1,1,1,8,0.125,-0.025145014,0.013108,0.533730,-0.071670709
341319,,-1.053951683,0.1840056736,-0.219689567,,0.1641914263,0.5308206939,-3.509945733,,,-1.283551615,0,1,1,1,0,1,1,1,0,0,1,7,0.1428571429,-0.741160115,0.013108,0.533730,-1.413201169
341320,,,-0.307652979,0.1880407518,,,,-0.55939055,,,,0,0,1,1,0,0,0,1,0,0,0,3,0.3333333333,-0.226334259,0.013108,0.533730,-0.448620162
341322,,0.3448117119,1.1804924073,0.0861081721,,,,0.3257760046,,,0.4257342795,0,1,1,1,0,0,0,1,0,0,1,5,0.2,0.4725845151,0.013108,0.533730,0.8608785122
341323,,,1.4658300183,0.391905911,,,,0.0307204863,,,,0,0,1,1,0,0,0,1,0,0,0,3,0.3333333333,0.6294854719,0.013108,0.533730,1.1548491456
341324,,0.910977848,1.2507293577,1.8189620256,,0.5614430499,,-0.55939055,0.7963694832,-1.586580964,0.7675914583,0,1,1,1,0,1,0,1,1,1,1,8,0.125,0.4950127135,0.013108,0.533730,0.9029001278
341325,,0.7206699031,1.4746096371,-1.544813102,,0.2635043322,,-0.264335032,1.1614206748,0.0451494461,0.4257342795,0,1,1,1,0,1,0,1,1,1,1,8,0.125,0.2852425174,0.013108,0.533730,0.5098733502
341326,,0.1830499587,0.3464286214,-0.627419885,,0.0648785204,-0.315101193,-1.149501587,,,,0,1,1,1,0,1,1,1,0,0,0,6,0.1666666667,-0.249610927,0.013108,0.533730,-0.492231476
341327,,0.7539737934,-0.364720501,1.0035013887,,,0.3616363166,-1.149501587,,,-1.283551615,0,1,1,1,0,0,1,1,0,0,1,6,0.1666666667,-0.113110367,0.013108,0.533730,-0.236483156
341328,,-0.587697218,1.2858478329,1.0035013887,,1.2566333912,,1.0634148004,0.7233592449,-0.421059243,0.0838771007,0,1,1,1,0,1,0,1,1,1,1,8,0.125,0.5509846622,0.013108,0.533730,1.007769528
341329,,1.1916820667,1.4043726867,0.5957710702,,0.1641914263,,-1.592084864,,,0.0838771007,0,1,1,1,0,1,0,1,0,0,1,6,0.1666666667,0.3079682477,0.013108,0.533730,0.5524524235
350002,1.4100462342,0.6921237113,-0.325212217,-0.525487306,0.2477049432,0.3628172381,0.0232675619,0.7683592821,0.4313182916,0.2782537905,1.1094486371,1,1,1,1,1,1,1,1,1,1,1,11,0.0909090909,0.4066036516,0.013108,0.533730,0.7372563455
350006,0.3045464468,-0.007257986,-0.162789269,3.5518158792,0.3676363213,-0.431686009,,-0.706918309,0.4313182916,0.5113581348,0.4257342795,1,1,1,1,1,1,0,1,1,1,1,10,0.1,0.4283757779,0.013108,0.533730,0.7780487402
350011,1.1912494013,1.1964397653,1.2156108825,1.1054339683,-0.471883325,0.0648785204,1.5459269579,0.9158870412,-0.736845521,0.1617016183,-0.599837257,1,1,1,1,1,1,1,1,1,1,1,11,0.0909090909,0.5080510956,0.013108,0.533730,0.9273289237
350015,1.421561857,1.1488627791,0.012803107,0.391905911,-0.232020569,1.0580075794,,1.2109425595,-1.101896713,0.1617016183,0.4257342795,1,1,1,1,1,1,0,1,1,1,1,10,0.1,0.4497602409,0.013108,0.533730,0.8181148064
350019,1.0127572481,0.2306269449,0.0040234882,-0.219689567,1.3270873457,0.8593817676,0.3616363166,1.0634148004,-1.466947905,-0.654163587,0.7675914583,1,1,1,1,1,1,1,1,1,1,1,11,0.0909090909,0.2987016647,0.013108,0.533730,0.5350904945
35002F,,0.1735345614,1.4614402089,,,-2.318631221,1.2075582032,1.5059980778,,,,0,1,1,0,0,1,1,1,0,0,0,5,0.2,0.405979966,0.013108,0.533730,0.7360878042
350063,,,,,,-0.530998915,,-0.411862791,,,,0,0,0,0,0,1,0,1,0,0,0,2,0.5,-0.471430853,0.013108,0.533730,-0.907834703
350070,0.5233432797,0.1735345614,0.7766299425,-0.627419885,-0.711746081,-1.424815068,0.7000050712,1.0634148004,0.3583080533,-0.421059243,0.7675914583,1,1,1,1,1,1,1,1,1,1,1,11,0.0909090909,0.1070715354,0.013108,0.533730,0.1760510619
351300,,,,,,,,-0.706918309,,,,0,0,0,0,0,0,0,1,0,0,0,1,1,-0.706918309,0.013108,0.533730,-1.349045504
351301,,,,,,,,,,,,0,0,0,0,0,0,0,0,0,0,0,0,,,0.013108,0.533730,
351302,,,,,,,1.0383738259,0.0307204863,,,,0,0,0,0,0,0,1,1,0,0,0,2,0.5,0.5345471561,0.013108,0.533730,0.9769721117
351303,,,,,,,,,,,,0,0,0,0,0,0,0,0,0,0,0,0,,,0.013108,0.533730,
351304,,,,,,,,,,,,0,0,0,0,0,0,0,0,0,0,0,0,,,0.013108,0.533730,
351305,,,,,,,,,,,,0,0,0,0,0,0,0,0,0,0,0,0,,,0.013108,0.533730,
351306,,,,,,,,,,,,0,0,0,0,0,0,0,0,0,0,0,0,,,0.013108,0.533730,
351307,,,1.2419497389,0.5957710702,,,,-0.706918309,,,,0,0,1,1,0,0,0,1,0,0,0,3,0.3333333333,0.3769341666,0.013108,0.533730,0.681667409
351308,,,,,,,,0.0307204863,,,,0,0,0,0,0,0,0,1,0,0,0,1,1,0.0307204863,0.013108,0.533730,0.0329992492
351309,,0.544635054,,-0.117756987,,,,-0.411862791,,,,0,1,0,1,0,0,0,1,0,0,0,3,0.3333333333,0.0050050919,0.013108,0.533730,-0.015181278
351310,,,1.8082351514,,,,,0.0307204863,,,,0,0,1,0,0,0,0,1,0,0,0,2,0.5,0.9194778189,0.013108,0.533730,1.6981806569
351311,,,,0.4938384906,,,,0.1782482455,,,,0,0,0,1,0,0,0,1,0,0,0,2,0.5,0.336043368,0.013108,0.533730,0.6050541481
351312,,,,,,,,-0.116807273,,,,0,0,0,0,0,0,0,1,0,0,0,1,1,-0.116807273,0.013108,0.533730,-0.243409701
351313,,,,,,,,-0.55939055,,,,0,0,0,0,0,0,0,1,0,0,0,1,1,-0.55939055,0.013108,0.533730,-1.072636553
351314,,,0.7371216579,,,,,-0.706918309,,,,0,0,1,0,0,0,0,1,0,0,0,2,0.5,0.0151016742,0.013108,0.533730,0.0037357433
351315,,,0.9127140339,-0.219689567,,,,0.9158870412,,,,0,0,1,1,0,0,0,1,0,0,0,3,0.3333333333,0.5363038361,0.013108,0.533730,0.9802634386
351316,,,-1.659714274,,,,,-0.264335032,,,,0,0,1,0,0,0,0,1,0,0,0,2,0.5,-0.962024653,0.013108,0.533730,-1.827014377
351318,,,-0.654447922,,,,,0.0307204863,,,,0,0,1,0,0,0,0,1,0,0,0,2,0.5,-0.311863718,0.013108,0.533730,-0.608868701
351319,,,-0.057433843,,,,,-0.55939055,,,,0,0,1,0,0,0,0,1,0,0,0,2,0.5,-0.308412197,0.013108,0.533730,-0.602401909
351320,,,,,,,,0.6208315229,,,,0,0,0,0,0,0,0,1,0,0,0,1,1,0.6208315229,0.013108,0.533730,1.1386350517
351321,,,0.6098171853,,,,,0.0307204863,,,,0,0,1,0,0,0,0,1,0,0,0,2,0.5,0.3202688358,0.013108,0.533730,0.5754988839
351322,,,,,,,,-0.411862791,,,,0,0,0,0,0,0,0,1,0,0,0,1,1,-0.411862791,0.013108,0.533730,-0.796227603
351323,,,0.9610019373,0.391905911,,,,-0.264335032,,,,0,0,1,1,0,0,0,1,0,0,0,3,0.3333333333,0.3628576054,0.013108,0.533730,0.6552934743
351324,,-0.035804178,0.3244795744,-0.015824407,,,,0.4733037638,,,,0,1,1,1,0,0,0,1,0,0,0,4,0.25,0.1865386882,0.013108,0.533730,0.3249412262
351325,,,,,,,,0.3257760046,,,,0,0,0,0,0,0,0,1,0,0,0,1,1,0.3257760046,0.013108,0.533730,0.5858171505
351326,,,-0.360330692,,,-0.133747291,,-0.264335032,,,,0,0,1,0,0,1,0,1,0,0,0,3,0.3333333333,-0.252804338,0.013108,0.533730,-0.498214671
351327,,-1.520206148,-2.454269776,,,,,-0.411862791,,,,0,1,1,0,0,0,0,1,0,0,0,3,0.3333333333,-1.462112905,0.013108,0.533730,-2.763982915
351328,,,,,,,,0.1782482455,,,,0,0,0,0,0,0,0,1,0,0,0,1,1,0.1782482455,0.013108,0.533730,0.3094081998
351329,,,,,,,,-0.264335032,,,,0,0,0,0,0,0,0,1,0,0,0,1,1,-0.264335032,0.013108,0.533730,-0.519818652
351330,,0.9871010259,0.5922579477,,,0.8593817676,,0.1782482455,,,,0,1,1,0,0,1,0,1,0,0,0,4,0.25,0.6542472467,0.013108,0.533730,1.2012429649
351331,,,0.5659190914,,,,,-0.411862791,,,,0,0,1,0,0,0,0,1,0,0,0,2,0.5,0.0770281501,0.013108,0.533730,0.1197615835
351332,,,-0.399838977,,,,,0.0307204863,,,,0,0,1,0,0,0,0,1,0,0,0,2,0.5,-0.184559245,0.013108,0.533730,-0.370350229
351333,,-0.26893141,1.5228975405,0.1880407518,,,,1.0634148004,,,,0,1,1,1,0,0,0,1,0,0,0,4,0.25,0.6263554205,0.013108,0.533730,1.1489846615
351334,,0.582696643,1.5492363969,,,,,0.4733037638,0.9423899598,-2.635550514,,0,1,1,0,0,0,0,1,1,1,0,5,0.2,0.1824152499,0.013108,0.533730,0.3172155259
351335,,0.6921237113,-0.092552319,-1.340947943,,0.5614430499,-0.145916815,0.3257760046,1.0884104365,-1.470028792,,0,1,1,1,0,1,1,1,1,1,0,8,0.125,-0.047711583,0.013108,0.533730,-0.113951577
351336,,-0.549635629,0.495682141,0.391905911,,,,0.7683592821,,,-0.257980078,0,1,1,1,0,0,0,1,0,0,1,5,0.2,0.1696663253,0.013108,0.533730,0.2933290595
351364,,,,,,,,,,,,0,0,0,0,0,0,0,0,0,0,0,0,,,0.013108,0.533730,
360001,-0.300023749,0.506573465,-0.755413538,-1.442880522,-1.071540215,0.7600688617,1.2075582032,0.4733037638,,,0.4257342795,1,1,1,1,1,1,1,1,0,0,1,9,0.1111111111,-0.021846606,0.013108,0.533730,-0.06549079
360002,,-0.264173712,1.1541535509,0.2899733314,,-1.027563445,,-0.411862791,-0.517814807,0.7444624792,-0.257980078,0,1,1,1,0,1,0,1,1,1,1,8,0.125,-0.036350684,0.013108,0.533730,-0.092665723
360003,-1.566742256,-1.034920889,-0.017925559,-0.423554726,0.2477049432,0.462130144,,-1.149501587,1.3804513897,-0.421059243,-1.283551615,1,1,1,1,1,1,0,1,1,1,1,10,0.1,-0.38069694,0.013108,0.533730,-0.737835065
360006,0.6960776215,0.9204932452,1.1322045039,-1.544813102,0.7274304554,0.8593817676,0.8691894486,1.653525837,1.3804513897,0.5113581348,0.0838771007,1,1,1,1,1,1,1,1,1,1,1,11,0.0909090909,0.6626524002,0.013108,0.533730,1.2169909142
360008,0.0627183683,-0.050077274,0.2366833864,2.1247597645,0.9672932116,1.0580075794,0.5308206939,-0.411862791,0.2122875767,0.5113581348,0.7675914583,1,1,1,1,1,1,1,1,1,1,1,11,0.0909090909,0.5463254644,0.013108,0.533730,0.9990400253
360009,0.1951480303,-0.306992999,1.2156108825,0.4938384906,0.3676363213,-0.828937633,,-1.149501587,-1.612968381,0.1617016183,0.0838771007,1,1,1,1,1,1,0,1,1,1,1,10,0.1,-0.138058816,0.013108,0.533730,-0.283226728
360010,,1.2249859571,0.6185968041,0.1880407518,,-0.530998915,,0.4733037638,,,0.7675914583,0,1,1,1,0,1,0,1,0,0,1,6,0.1666666667,0.45691997,0.013108,0.533730,0.8315293206
360011,1.7497571064,-0.844612944,-0.000366321,1.3092991276,,1.6538850148,,-0.116807273,-0.517814807,-0.421059243,0.7675914583,1,1,1,1,0,1,0,1,1,1,1,9,0.1111111111,0.3977635689,0.013108,0.533730,0.7206935101
360012,0.2412105215,1.8863060656,0.4649534752,0.1880407518,-0.351951947,-0.332373103,-0.145916815,0.9158870412,,,0.4257342795,1,1,1,1,1,1,1,1,0,0,1,9,0.1111111111,0.3657655854,0.013108,0.533730,0.6607418842
360013,,0.9300086425,0.7415114673,-0.729352465,,-0.332373103,,0.3257760046,,,1.1094486371,0,1,1,1,0,1,0,1,0,0,1,6,0.1666666667,0.3408365306,0.013108,0.533730,0.614034648
360014,,0.9014624507,1.5580160157,-0.831285044,,0.5614430499,,0.6208315229,-0.37179433,-0.887267931,-0.257980078,0,1,1,1,0,1,0,1,1,1,1,8,0.125,0.1616782069,0.013108,0.533730,0.2783624699
360016,-0.564883074,0.9395240397,0.2937509086,1.0035013887,-0.351951947,0.5614430499,-1.668576211,-1.001973828,,,-0.941694436,1,1,1,1,1,1,1,1,0,0,1,9,0.1111111111,-0.19231779,0.013108,0.533730,-0.384886688
360017,0.2296948987,-0.621001109,-1.119767718,0.5957710702,0.6074990774,1.0580075794,-1.161023079,0.4733037638,-0.444804568,0.2782537905,0.4257342795,1,1,1,1,1,1,1,1,1,1,1,11,0.0909090909,0.0292425441,0.013108,0.533730,0.0302301673
36001F,-1.042781419,1.1678935736,0.0171929164,,,0.8593817676,0.0232675619,-0.55939055,,,,1,1,1,0,0,1,1,1,0,0,0,6,0.1666666667,0.077593975,0.013108,0.533730,0.1208217166
360020,-1.192484515,0.3781156022,-1.018802102,-2.666071478,-1.551265728,-1.226189256,,-1.297029346,-1.320927428,0.9775668235,-0.257980078,1,1,1,1,1,1,0,1,1,1,1,10,0.1,-0.917506751,0.013108,0.533730,-1.74360535
360025,0.747897924,0.8776739576,-0.540312877,-0.321622146,,0.5614430499,-0.822654325,1.0634148004,-0.37179433,-1.586580964,0.4257342795,1,1,1,1,0,1,1,1,1,1,1,10,0.1,0.0033199369,0.013108,0.533730,-0.018338595
360026,,-0.183292835,0.2630222428,,,,,-0.706918309,,,,0,1,1,0,0,0,0,1,0,0,0,3,0.3333333333,-0.209062967,0.013108,0.533730,-0.416260559
360027,0.0512027455,-0.283204506,-0.786142204,0.1880407518,1.3270873457,0.462130144,-0.145916815,0.9158870412,-0.298784092,-0.887267931,1.1094486371,1,1,1,1,1,1,1,1,1,1,1,11,0.0909090909,0.1502255561,0.013108,0.533730,0.2569047103
360029,,0.6540621223,0.4869025222,0.6977036498,,0.1641914263,0.0232675619,0.1782482455,,,-0.599837257,0,1,1,1,0,1,1,1,0,0,1,7,0.1428571429,0.229219753,0.013108,0.533730,0.4049087415
360032,,0.6730929168,0.3156999556,0.391905911,,1.1573204853,,0.3257760046,,,-0.941694436,0,1,1,1,0,1,0,1,0,0,1,6,0.1666666667,0.3203501396,0.013108,0.533730,0.5756512151
360035,-0.875804889,-0.09765426,-0.15839946,0.6977036498,-0.471883325,-0.828937633,0.8691894486,-0.411862791,,,-0.599837257,1,1,1,1,1,1,1,1,0,0,1,9,0.1111111111,-0.208609613,0.013108,0.533730,-0.415411151
360036,1.0127572481,1.591328751,1.6326427754,-0.219689567,,0.1641914263,0.1924519392,0.1782482455,0.5773387682,0.7444624792,-1.967265972,1,1,1,1,0,1,1,1,1,1,1,10,0.1,0.3906466094,0.013108,0.533730,0.7073591294
360039,1.6173274444,0.368600205,-0.074993081,0.1880407518,-0.951608837,-1.027563445,,1.3584703187,1.0154001981,1.6768798566,1.1094486371,1,1,1,1,1,1,0,1,1,1,1,10,0.1,0.5280002049,0.013108,0.533730,0.9647057021
36003F,-1.083086099,1.5294786689,1.3253561175,,,-2.318631221,-2.345313721,-0.706918309,,,,1,1,1,0,0,1,1,1,0,0,0,6,0.1666666667,-0.599852427,0.013108,0.533730,-1.148446184
360040,-0.000617557,0.0736228904,0.6493254699,-0.015824407,,0.5614430499,,-0.411862791,-0.225773853,-0.770715759,1.4513058159,1,1,1,1,0,1,0,1,1,1,1,9,0.1111111111,0.1456558731,0.013108,0.533730,0.2483429231
360041,0.6384995076,0.9062201493,-0.395449167,0.1880407518,-1.191471594,0.0648785204,-2.683682475,-0.55939055,-0.663835283,0.5113581348,0.4257342795,1,1,1,1,1,1,1,1,1,1,1,11,0.0909090909,-0.250827066,0.013108,0.533730,-0.494510041
360044,,0.9918587246,0.5132413786,0.9015688091,,0.7600688617,,0.7683592821,,,-0.257980078,0,1,1,1,0,1,0,1,0,0,1,6,0.1666666667,0.6128528296,0.013108,0.533730,1.1236861211
360046,,0.5779389444,-0.606160018,-1.239015363,,0.0648785204,0.1924519392,-0.854446069,,,0.7675914583,0,1,1,1,0,1,1,1,0,0,1,7,0.1428571429,-0.156680084,0.013108,0.533730,-0.318115655
360048,0.6327416962,0.1735345614,-0.729074682,-0.321622146,0.2477049432,1.0580075794,,-1.297029346,0.1392773383,-0.654163587,0.4257342795,1,1,1,1,1,1,0,1,1,1,1,10,0.1,-0.032488936,0.013108,0.533730,-0.085430328
360051,0.2412105215,-0.349812287,-0.571041543,-0.627419885,0.8473618335,-1.027563445,-1.161023079,-1.297029346,-0.006743138,0.8610146514,0.0838771007,1,1,1,1,1,1,1,1,1,1,1,11,0.0909090909,-0.273378965,0.013108,0.533730,-0.536763423
360054,0.1951480303,-0.487785547,0.320089765,-1.137082783,,0.462130144,,-0.116807273,0.6503490066,-0.30450707,0.4257342795,1,1,1,1,0,1,0,1,1,1,1,9,0.1111111111,0.0008076168,0.013108,0.533730,-0.023045694
360055,0.6269838848,-1.505933052,0.9346630809,-1.442880522,,0.5614430499,,0.1782482455,,,0.0838771007,1,1,1,1,0,1,0,1,0,0,1,7,0.1428571429,-0.08051403,0.013108,0.533730,-0.175410451
360056,-0.035164425,0.5731812458,-0.211077172,-2.564138898,-0.831677459,1.2566333912,-0.991838702,-0.55939055,,,0.0838771007,1,1,1,1,1,1,1,1,0,0,1,9,0.1111111111,-0.364399497,0.013108,0.533730,-0.707300071
360058,,1.2630475461,0.7020031827,-2.054476,,-0.630311821,,0.0307204863,,,0.0838771007,0,1,1,1,0,1,0,1,0,0,1,6,0.1666666667,-0.100856584,0.013108,0.533730,-0.213524389
360059,0.6039526392,-1.130074861,-0.351551073,-1.442880522,0.6074990774,1.7531979207,0.0232675619,0.3257760046,-0.225773853,-0.770715759,0.0838771007,1,1,1,1,1,1,1,1,1,1,1,11,0.0909090909,-0.04758416,0.013108,0.533730,-0.113712836
360064,1.3064056292,-1.496417655,-0.825650488,0.4938384906,0.8473618335,-0.233060197,0.1924519392,-1.592084864,0.4313182916,0.7444624792,-0.599837257,1,1,1,1,1,1,1,1,1,1,1,11,0.0909090909,-0.0664738,0.013108,0.533730,-0.149104585
360065,0.1375699164,0.5779389444,1.67215106,-2.156408579,,-0.332373103,0.5308206939,0.3257760046,0.6503490066,0.627910307,1.1094486371,1,1,1,1,0,1,1,1,1,1,1,10,0.1,0.3143182887,0.013108,0.533730,0.5643499009
360066,0.6039526392,1.3724746144,-0.066213462,0.4938384906,-0.831677459,0.9586946735,-1.330207457,-0.854446069,0.1392773383,0.9775668235,-0.599837257,1,1,1,1,1,1,1,1,1,1,1,11,0.0909090909,0.0784929887,0.013108,0.533730,0.1225061144
360068,1.1739759671,0.6112428347,-0.290093742,1.6150968664,1.0872245896,0.7600688617,-1.330207457,0.9158870412,-0.444804568,0.2782537905,0.7675914583,1,1,1,1,1,1,1,1,1,1,1,11,0.0909090909,0.4676577857,0.013108,0.533730,0.8516477606
360070,0.1721167847,-0.849370642,-0.053044034,-0.627419885,-1.671197106,-0.233060197,-0.145916815,0.7683592821,-0.444804568,0.1617016183,0.7675914583,1,1,1,1,1,1,1,1,1,1,1,11,0.0909090909,-0.1959131,0.013108,0.533730,-0.391622885
360071,,,2.1681995222,0.4938384906,,,1.2075582032,0.3257760046,,,0.4257342795,0,0,1,1,0,0,1,1,0,0,1,5,0.2,0.9242213,0.013108,0.533730,1.7070680734
360072,-1.347945423,-0.678093492,-0.443737071,-1.544813102,-1.791128484,-0.630311821,-2.006944966,-0.411862791,-1.539958143,-0.887267931,0.4257342795,1,1,1,1,1,1,1,1,1,1,1,11,0.0909090909,-0.986938995,0.013108,0.533730,-1.873694046
360075,1.4273196684,-1.44408297,0.6273764229,-0.729352465,,0.2635043322,,-0.116807273,0.6503490066,0.0451494461,0.7675914583,1,1,1,1,0,1,0,1,1,1,1,9,0.1111111111,0.1656719585,0.013108,0.533730,0.2858451884
360076,0.264241767,-0.873159136,1.1804924073,,-0.591814703,0.5614430499,,-0.854446069,,,0.4257342795,1,1,1,0,1,1,0,1,0,0,1,7,0.1428571429,0.016070228,0.013108,0.533730,0.0055504319
360077,0.3448511265,0.5208465609,-1.045140958,-0.525487306,0.0078421871,1.6538850148,-0.653469947,0.1782482455,-0.663835283,0.5113581348,0.0838771007,1,1,1,1,1,1,1,1,1,1,1,11,0.0909090909,0.0375431705,0.013108,0.533730,0.0457822739
360078,-0.167594087,0.0260459041,-0.184738316,-0.321622146,,0.3628172381,,0.0307204863,,,-0.257980078,1,1,1,1,0,1,0,1,0,0,1,7,0.1428571429,-0.073193,0.013108,0.533730,-0.161693721
360079,0.1087808594,-1.458356066,0.2410731958,0.2899733314,-2.150922618,-1.524127974,,-1.001973828,,,0.7675914583,1,1,1,1,1,1,0,1,0,0,1,8,0.125,-0.590995205,0.013108,0.533730,-1.131851236
36007F,,1.5722979565,-0.070603272,,,2.1504495443,-2.176129343,0.1782482455,,,,0,1,1,0,0,1,1,1,0,0,0,5,0.2,0.3308526263,0.013108,0.533730,0.5953287412
360080,,0.2449000408,1.1234248851,0.2899733314,,0.5614430499,,-1.592084864,,,-0.257980078,0,1,1,1,0,1,0,1,0,0,1,6,0.1666666667,0.0616127274,0.013108,0.533730,0.0908791492
360082,,-0.668578095,-2.634251961,0.1880407518,,0.5614430499,-1.499391834,1.0634148004,,,0.7675914583,0,1,1,1,0,1,1,1,0,0,1,7,0.1428571429,-0.317390261,0.013108,0.533730,-0.619223268
360084,0.293030824,0.7016391086,0.1620566266,0.4938384906,0.7274304554,-0.233060197,,1.2109425595,1.3804513897,-0.537611415,0.4257342795,1,1,1,1,1,1,0,1,1,1,1,10,0.1,0.4624452122,0.013108,0.533730,0.8418814496
360085,0.1433277278,-0.297477602,-0.623719256,-1.035150204,-0.831677459,-0.431686009,-1.330207457,0.0307204863,1.1614206748,0.3948059626,0.4257342795,1,1,1,1,1,1,1,1,1,1,1,11,0.0909090909,-0.217628078,0.013108,0.533730,-0.432308205
360086,0.3736401835,0.3210232188,-0.092552319,0.1880407518,0.6074990774,-0.332373103,,0.7683592821,-2.781132194,0.2782537905,-0.941694436,1,1,1,1,1,1,0,1,1,1,1,10,0.1,-0.161093575,0.013108,0.533730,-0.326384799
360087,,-0.968313108,0.0391419634,,,,0.7000050712,1.653525837,,,1.7931629948,0,1,1,0,0,0,1,1,0,0,1,5,0.2,0.6435045517,0.013108,0.533730,1.181115383
360089,,1.3296553268,0.2191241488,-2.054476,,1.5545721089,-0.145916815,0.0307204863,0.1392773383,0.627910307,-0.599837257,0,1,1,1,0,1,1,1,1,1,1,9,0.1111111111,0.1223366271,0.013108,0.533730,0.204651835
36008F,,,,,,-0.034434386,,,,,,0,0,0,0,0,1,0,0,0,0,0,1,1,-0.034434386,0.013108,0.533730,-0.089075334
360091,,-0.016773383,0.2059547206,1.4112317072,,1.0580075794,0.5308206939,1.3584703187,,,-0.257980078,0,1,1,1,0,1,1,1,0,0,1,7,0.1428571429,0.612818794,0.013108,0.533730,1.1236223517
360092,,1.4343246965,0.5922579477,-0.015824407,,1.7531979207,,1.653525837,0.5043285299,-0.187954898,0.7675914583,0,1,1,1,0,1,0,1,1,1,1,8,0.125,0.8126808855,0.013108,0.533730,1.4980852413
360095,-0.875804889,2.1670102844,1.5624058251,-1.442880522,-1.191471594,0.462130144,-0.145916815,1.3584703187,-1.612968381,0.627910307,-1.283551615,1,1,1,1,1,1,1,1,1,1,1,11,0.0909090909,-0.034060631,0.013108,0.533730,-0.088375065
360096,,1.2820783405,1.2331701201,0.391905911,,-1.12687635,,-0.411862791,,,,0,1,1,1,0,1,0,1,0,0,0,5,0.2,0.273683046,0.013108,0.533730,0.4882154509
360098,-0.432453412,-0.254658315,-0.259365076,-0.321622146,-0.711746081,0.462130144,0.1924519392,-0.264335032,,,0.0838771007,1,1,1,1,1,1,1,1,0,0,1,9,0.1111111111,-0.16730232,0.013108,0.533730,-0.338017543
360107,,1.7483328056,0.8819853681,-0.627419885,,0.6607559558,,1.0634148004,,,-0.257980078,0,1,1,1,0,1,0,1,0,0,1,6,0.1666666667,0.5781814944,0.013108,0.533730,1.0587256862
360109,,1.3962631075,0.8863751775,0.1880407518,,,,0.1782482455,,,,0,1,1,1,0,0,0,1,0,0,0,4,0.25,0.6622318206,0.013108,0.533730,1.2162029135
360112,-1.163695458,-0.192808233,0.5132413786,-0.117756987,-3.230305021,-0.034434386,0.5308206939,-1.149501587,0.3583080533,0.8610146514,-0.941694436,1,1,1,1,1,1,1,1,1,1,1,11,0.0909090909,-0.415164666,0.013108,0.533730,-0.802414017
360118,-0.392148732,-0.368843082,-0.061823653,-5.010520809,0.7274304554,-1.027563445,,-0.264335032,-2.124040049,0.0451494461,1.1094486371,1,1,1,1,1,1,0,1,1,1,1,10,0.1,-0.736724626,0.013108,0.533730,-1.404890809
360121,1.9685539394,0.0260459041,-0.939785533,-0.627419885,,0.1641914263,0.5308206939,0.1782482455,0.4313182916,0.0451494461,-0.257980078,1,1,1,1,0,1,1,1,1,1,1,10,0.1,0.1519142451,0.013108,0.533730,0.2600686487
360123,1.2257962697,-0.054834972,0.6932235639,-0.117756987,,0.7600688617,0.1924519392,-0.116807273,0.7233592449,0.627910307,0.7675914583,1,1,1,1,0,1,1,1,1,1,1,10,0.1,0.4701002412,0.013108,0.533730,0.8562239608
360125,,-0.578181821,0.1269381514,0.5957710702,,-0.431686009,0.5308206939,-1.444557105,-1.174906951,0.0451494461,-6.069552118,0,1,1,1,0,1,1,1,1,1,1,9,0.1111111111,-0.933356071,0.013108,0.533730,-1.773300739
360131,,1.6151172441,0.3464286214,0.391905911,,1.3559462971,,0.9158870412,,,1.1094486371,0,1,1,1,0,1,0,1,0,0,1,6,0.1666666667,0.9557889587,0.013108,0.533730,1.76621344
360132,0.3621245607,0.8110661769,0.2586324334,-0.321622146,,-3.31176028,,0.0307204863,-0.225773853,-0.187954898,0.7675914583,1,1,1,1,0,1,0,1,1,1,1,9,0.1111111111,-0.201886229,0.013108,0.533730,-0.402814177
360133,-0.806711152,0.7872776838,1.5141179217,-0.729352465,-1.551265728,-2.219318315,,-0.55939055,-0.663835283,-1.003820104,0.0838771007,1,1,1,1,1,1,0,1,1,1,1,10,0.1,-0.514842089,0.013108,0.533730,-0.989170272
360134,-1.019750174,1.2963514364,0.6668847075,0.4938384906,,0.3628172381,-1.330207457,0.0307204863,-2.124040049,0.1617016183,0.0838771007,1,1,1,1,0,1,1,1,1,1,1,10,0.1,-0.13778066,0.013108,0.533730,-0.282705574
360137,0.3563667493,-0.730428177,-1.405105329,-0.729352465,-0.232020569,0.2635043322,-1.161023079,-1.887140383,-0.590825045,0.7444624792,0.7675914583,1,1,1,1,1,1,1,1,1,1,1,11,0.0909090909,-0.41854273,0.013108,0.533730,-0.808743178
360143,,0.5589081499,-0.5973804,-0.015824407,,0.462130144,0.8691894486,-0.854446069,,,0.7675914583,0,1,1,1,0,1,1,1,0,0,1,7,0.1428571429,0.1700240464,0.013108,0.533730,0.2939992881
360144,,-1.191924943,-1.247072191,-1.340947943,,0.8593817676,,-1.297029346,-0.152763615,-0.071402726,0.7675914583,0,1,1,1,0,1,0,1,1,1,1,8,0.125,-0.459270942,0.013108,0.533730,-0.885051817
360145,1.3812571773,-0.240385219,0.0303623446,-1.340947943,-0.471883325,0.5614430499,0.7000050712,-1.149501587,,,0.0838771007,1,1,1,1,1,1,1,1,0,0,1,9,0.1111111111,-0.04953037,0.013108,0.533730,-0.117359267
360147,0.1548433506,-0.107169657,-0.509584212,0.7996362295,0.2477049432,-1.62344088,,-0.55939055,1.2344309131,0.2782537905,0.0838771007,1,1,1,1,1,1,0,1,1,1,1,10,0.1,-0.000083897,0.013108,0.533730,-0.02471604
360148,,0.5160888623,0.0259725352,-0.729352465,,,,0.7683592821,,,0.0838771007,0,1,1,1,0,0,0,1,0,0,1,5,0.2,0.1329890631,0.013108,0.533730,0.224610307
360150,,1.3344130254,-2.173321974,0.4938384906,,-0.530998915,,0.0307204863,-0.298784092,0.0451494461,0.0838771007,0,1,1,1,0,1,0,1,1,1,1,8,0.125,-0.126888304,0.013108,0.533730,-0.262297586
360152,-0.662765867,1.2773206419,-0.15400965,0.6977036498,,0.2635043322,,-0.264335032,0.5043285299,0.0451494461,0.4257342795,1,1,1,1,0,1,0,1,1,1,1,9,0.1111111111,0.2369589256,0.013108,0.533730,0.4194089046
360155,-0.213656579,-0.673335793,-0.733464491,1.717029446,0.4875676993,-0.630311821,0.3616363166,-1.149501587,-0.444804568,0.2782537905,1.4513058159,1,1,1,1,1,1,1,1,1,1,1,11,0.0909090909,0.0409743845,0.013108,0.533730,0.0522110182
360156,,1.3439284226,1.7731166762,-0.423554726,,0.1641914263,,0.1782482455,0.0662671,-0.537611415,-0.599837257,0,1,1,1,0,1,0,1,1,1,1,8,0.125,0.2455935591,0.013108,0.533730,0.4355868091
360159,-0.576398696,-0.083381164,0.7283420391,0.9015688091,0.3676363213,0.0648785204,0.3616363166,0.1782482455,0.0662671,-0.770715759,0.4257342795,1,1,1,1,1,1,1,1,1,1,1,11,0.0909090909,0.1512560011,0.013108,0.533730,0.2588353585
360161,,0.4589964788,0.0479215822,-0.321622146,,-0.630311821,-0.315101193,-1.149501587,-0.079753377,1.4437755123,-0.257980078,0,1,1,1,0,1,1,1,1,1,1,9,0.1111111111,-0.089286292,0.013108,0.533730,-0.191846216
360163,1.0530619279,0.6921237113,0.1269381514,-2.666071478,0.9672932116,-1.027563445,0.5308206939,0.4733037638,-0.006743138,1.0941189957,0.0838771007,1,1,1,1,1,1,1,1,1,1,1,11,0.0909090909,0.1201054087,0.013108,0.533730,0.20047141
360170,,0.5731812458,0.6449356605,-0.117756987,,-0.332373103,,-0.116807273,,,0.0838771007,0,1,1,1,0,1,0,1,0,0,1,6,0.1666666667,0.1225094406,0.013108,0.533730,0.2049756195
360172,-1.422796971,1.0299203135,0.8293076553,-0.729352465,,-0.928250539,0.1924519392,-0.55939055,,,-0.599837257,1,1,1,1,0,1,1,1,0,0,1,8,0.125,-0.273493484,0.013108,0.533730,-0.536977987
360174,-0.25971907,-0.050077274,-0.333991836,1.0035013887,,-2.914508657,,-0.854446069,,,-0.599837257,1,1,1,1,0,1,0,1,0,0,1,7,0.1428571429,-0.572725539,0.013108,0.533730,-1.097621073
360175,,0.0070151097,0.3332591932,-0.219689567,,-0.034434386,,-0.706918309,-0.225773853,-0.071402726,0.0838771007,0,1,1,1,0,1,0,1,1,1,1,8,0.125,-0.10425843,0.013108,0.533730,-0.219898109
360179,0.2987886354,0.3210232188,0.3508184308,0.9015688091,0.3676363213,0.0648785204,-0.991838702,-1.887140383,-0.006743138,0.627910307,-0.599837257,1,1,1,1,1,1,1,1,1,1,1,11,0.0909090909,-0.05026684,0.013108,0.533730,-0.118739122
360180,0.0684761797,-0.521089437,-1.703612368,-0.219689567,2.5264011264,-0.828937633,0.8691894486,-0.411862791,-0.517814807,1.7934320288,1.1094486371,1,1,1,1,1,1,1,1,1,1,1,11,0.0909090909,0.1967218925,0.013108,0.533730,0.3440205428
360185,,-0.525847136,0.5878681383,-1.137082783,,0.462130144,0.5308206939,0.9158870412,1.1614206748,0.2782537905,0.4257342795,0,1,1,1,0,1,1,1,1,1,1,9,0.1111111111,0.299909427,0.013108,0.533730,0.5373533656
360189,,1.0727396011,0.2191241488,0.391905911,,,,-1.001973828,0.5043285299,-1.35347662,,0,1,1,1,0,0,0,1,1,1,0,6,0.1666666667,-0.027892043,0.013108,0.533730,-0.076817559
360197,,0.5018157664,-1.958221313,1.1054339683,,0.462130144,,0.6208315229,,,0.4257342795,0,1,1,1,0,1,0,1,0,0,1,6,0.1666666667,0.1929540613,0.013108,0.533730,0.3369611102
360203,,0.8205815741,0.6273764229,-0.423554726,,0.9586946735,,-0.116807273,-1.320927428,1.0941189957,-0.257980078,0,1,1,1,0,1,0,1,1,1,1,8,0.125,0.1726877702,0.013108,0.533730,0.2989900578
360210,,0.1687768628,0.1488871984,0.5957710702,,0.9586946735,,1.0634148004,-0.590825045,0.3948059626,0.7675914583,0,1,1,1,0,1,0,1,1,1,1,8,0.125,0.4383896227,0.013108,0.533730,0.7968107436
360211,-0.38639092,-0.178535137,1.2595089765,-0.729352465,0.3676363213,-0.133747291,0.1924519392,-1.001973828,0.4313182916,1.0941189957,-0.941694436,1,1,1,1,1,1,1,1,1,1,1,11,0.0909090909,-0.002423596,0.013108,0.533730,-0.029099714
360218,1.127913476,0.2972347256,-0.145230031,-2.564138898,,0.3628172381,0.8691894486,-0.854446069,0.285297815,0.5113581348,-0.941694436,1,1,1,1,0,1,1,1,1,1,1,10,0.1,-0.10516986,0.013108,0.533730,-0.22160577
360230,0.8457807177,-0.264173712,-0.101331937,-2.462206318,0.3676363213,-0.034434386,0.8691894486,-0.116807273,-0.444804568,2.0265363731,0.7675914583,1,1,1,1,1,1,1,1,1,1,1,11,0.0909090909,0.1320887386,0.013108,0.533730,0.2229234534
360234,0.6845619987,0.4827849719,0.1620566266,0.4938384906,,-1.822066692,0.3616363166,-1.001973828,,,0.7675914583,1,1,1,1,0,1,1,1,0,0,1,8,0.125,0.0160536679,0.013108,0.533730,0.0055194047
360236,,-0.06435037,0.4430044282,0.2899733314,,-1.424815068,,-1.149501587,,,-0.257980078,0,1,1,1,0,1,0,1,0,0,1,6,0.1666666667,-0.360611557,0.013108,0.533730,-0.700202964
360239,,-0.387873876,0.7459012767,-0.117756987,,-0.530998915,,-0.264335032,,,1.1094486371,0,1,1,1,0,1,0,1,0,0,1,6,0.1666666667,0.0923975173,0.013108,0.533730,0.1485577279
360245,,,,,,,,0.9158870412,,,,0,0,0,0,0,0,0,1,0,0,0,1,1,0.9158870412,0.013108,0.533730,1.691452953
360259,,-0.987343903,-0.654447922,-0.219689567,,0.0648785204,,-0.411862791,,,1.1094486371,0,1,1,1,0,1,0,1,0,0,1,6,0.1666666667,-0.183169504,0.013108,0.533730,-0.367746401
360263,,,,,,,0.0232675619,0.6208315229,,,0.0838771007,0,0,0,0,0,0,1,1,0,0,1,3,0.3333333333,0.2426587285,0.013108,0.533730,0.4300880917
360266,,,,,,,1.5459269579,0.7683592821,,,0.4257342795,0,0,0,0,0,0,1,1,0,0,1,3,0.3333333333,0.9133401732,0.013108,0.533730,1.6866811247
360270,,0.5160888623,1.3209663081,-3.073801796,,0.9586946735,,0.6208315229,-0.663835283,-1.470028792,-1.283551615,0,1,1,1,0,1,0,1,1,1,1,8,0.125,-0.384329515,0.013108,0.533730,-0.744641081
360276,1.1221556646,1.0156472177,-0.715905253,-0.729352465,,1.455259203,0.5308206939,-2.182195901,0.285297815,0.2782537905,-0.257980078,1,1,1,1,0,1,1,1,1,1,1,10,0.1,0.0802000687,0.013108,0.533730,0.1257045105
360348,,-0.977828505,-0.505194402,-1.239015363,,1.455259203,,1.2109425595,,,0.4257342795,0,1,1,1,0,1,0,1,0,0,1,6,0.1666666667,0.0616496286,0.013108,0.533730,0.0909482875
360351,,,,,,,1.8842957126,1.5059980778,,,-0.257980078,0,0,0,0,0,0,1,1,0,0,1,3,0.3333333333,1.0441045708,0.013108,0.533730,1.9316821342
360352,,,,-0.015824407,,,0.8691894486,-0.55939055,0.4313182916,0.627910307,0.0838771007,0,0,0,1,0,0,1,1,1,1,1,6,0.1666666667,0.239513365,0.013108,0.533730,0.4241949186
360354,0.4484917316,-1.353686696,-0.95734477,-1.850610841,,0.462130144,0.3616363166,-1.444557105,0.9423899598,0.627910307,-0.257980078,1,1,1,1,0,1,1,1,1,1,1,10,0.1,-0.302162103,0.013108,0.533730,-0.590691694
360355,,,,0.2899733314,,,,0.6208315229,,,1.1094486371,0,0,0,1,0,0,0,1,0,0,1,3,0.3333333333,0.6734178305,0.013108,0.533730,1.237161093
360358,,,,,,,,,,,,0,0,0,0,0,0,0,0,0,0,0,0,,,0.013108,0.533730,
360359,-0.472758091,-0.183292835,0.4869025222,-2.360273739,-0.351951947,0.0648785204,1.3767425806,-1.592084864,,,0.7675914583,1,1,1,1,1,1,1,1,0,0,1,9,0.1111111111,-0.251582933,0.013108,0.533730,-0.495926238
360360,-1.111875156,-1.277563518,0.9610019373,0.0861081721,,-1.722753786,,-0.854446069,,,-0.257980078,1,1,1,1,0,1,0,1,0,0,1,7,0.1428571429,-0.596786928,0.013108,0.533730,-1.142702646
360361,,,,0.1880407518,,,-0.822654325,,,,0.4257342795,0,0,0,1,0,0,1,0,0,0,1,3,0.3333333333,-0.069626431,0.013108,0.533730,-0.155011375
360364,,0.6540621223,0.4430044282,0.7996362295,,0.9586946735,0.5308206939,0.9158870412,,,0.7675914583,0,1,1,1,0,1,1,1,0,0,1,7,0.1428571429,0.7242423781,0.013108,0.533730,1.3323862897
360365,,0.3638425064,-0.764193157,-0.627419885,,,,-0.854446069,,,0.7675914583,0,1,1,1,0,0,0,1,0,0,1,5,0.2,-0.222925029,0.013108,0.533730,-0.442232607
360367,,,,,,,,0.1782482455,,,0.0838771007,0,0,0,0,0,0,0,1,0,0,1,2,0.5,0.1310626731,0.013108,0.533730,0.2210010104
360368,,0.3543271091,-0.492024974,,,0.462130144,,0.1782482455,,,0.0838771007,0,1,1,0,0,1,0,1,0,0,1,5,0.2,0.1173115251,0.013108,0.533730,0.1952367718
361300,,,-0.276924313,-0.729352465,,,,0.6208315229,,,,0,0,1,1,0,0,0,1,0,0,0,3,0.3333333333,-0.128481752,0.013108,0.533730,-0.26528308
361301,,,,-0.525487306,,,,0.3257760046,,,0.4257342795,0,0,0,1,0,0,0,1,0,0,1,3,0.3333333333,0.0753409928,0.013108,0.533730,0.1166005149
361302,,,,,,,,,,,,0,0,0,0,0,0,0,0,0,0,0,0,,,0.013108,0.533730,
361303,,,,,,,,,,,,0,0,0,0,0,0,0,0,0,0,0,0,,,0.013108,0.533730,
361304,,,,,,,,-0.411862791,,,,0,0,0,0,0,0,0,1,0,0,0,1,1,-0.411862791,0.013108,0.533730,-0.796227603
361306,,,0.0654808198,0.4938384906,,,,0.6208315229,,,,0,0,1,1,0,0,0,1,0,0,0,3,0.3333333333,0.3933836111,0.013108,0.533730,0.7124871933
361307,,-0.102411959,-1.756290081,0.6977036498,,0.0648785204,,-0.706918309,0.7233592449,0.2782537905,-0.599837257,0,1,1,1,0,1,0,1,1,1,1,8,0.125,-0.1751578,0.013108,0.533730,-0.352735621
361308,,0.949039437,0.8380872741,-0.015824407,,-1.524127974,,-1.592084864,,,,0,1,1,1,0,1,0,1,0,0,0,5,0.2,-0.268982107,0.013108,0.533730,-0.528525441
361309,,0.910977848,0.1971751018,0.1880407518,,1.0580075794,,-0.116807273,,,,0,1,1,1,0,1,0,1,0,0,0,5,0.2,0.4474788016,0.013108,0.533730,0.8138402873
361310,,,0.2849712898,-0.219689567,,0.0648785204,,0.0307204863,,,-0.599837257,0,0,1,1,0,1,0,1,0,0,1,5,0.2,-0.087791305,0.013108,0.533730,-0.1890452
361311,,,,,,,,-0.706918309,,,,0,0,0,0,0,0,0,1,0,0,0,1,1,-0.706918309,0.013108,0.533730,-1.349045504
361312,,0.1973230546,1.2682885953,,,-0.133747291,,0.1782482455,,,,0,1,1,0,0,1,0,1,0,0,0,4,0.25,0.377528151,0.013108,0.533730,0.682780302
361313,,,-1.238292572,0.5957710702,,,,0.0307204863,,,,0,0,1,1,0,0,0,1,0,0,0,3,0.3333333333,-0.203933672,0.013108,0.533730,-0.406650278
361314,,0.5398773554,-1.10659829,0.391905911,,,,-0.55939055,0.3583080533,-1.703133137,-0.257980078,0,1,1,1,0,0,0,1,1,1,1,7,0.1428571429,-0.333858676,0.013108,0.533730,-0.650078596
361315,,1.4914170799,0.561529282,-1.035150204,,,,0.1782482455,,,,0,1,1,1,0,0,0,1,0,0,0,4,0.25,0.2990111009,0.013108,0.533730,0.5356702562
361316,,,1.3253561175,-1.850610841,,,,0.4733037638,,,0.4257342795,0,0,1,1,0,0,0,1,0,0,1,4,0.25,0.09344583,0.013108,0.533730,0.1505218533
361318,,1.2915937378,-0.790532013,-0.729352465,,-0.034434386,,0.6208315229,,,-0.257980078,0,1,1,1,0,1,0,1,0,0,1,6,0.1666666667,0.0166877199,0.013108,0.533730,0.0067073685
361319,,,,,,,-0.48428557,-0.264335032,,,-0.599837257,0,0,0,0,0,0,1,1,0,0,1,3,0.3333333333,-0.449485953,0.013108,0.533730,-0.866718599
361320,,0.6778506155,0.7678503237,,,,,0.9158870412,,,0.0838771007,0,1,1,0,0,0,0,1,0,0,1,4,0.25,0.6113662703,0.013108,0.533730,1.120900894
361321,,,0.2937509086,-0.831285044,,,,0.0307204863,,,,0,0,1,1,0,0,0,1,0,0,0,3,0.3333333333,-0.168937883,0.013108,0.533730,-0.341081945
361322,,,,0.391905911,,,,,,,-0.599837257,0,0,0,1,0,0,0,0,0,0,1,2,0.5,-0.103965673,0.013108,0.533730,-0.219349598
361323,,-0.730428177,0.7415114673,-0.219689567,,,,-0.55939055,,,0.0838771007,0,1,1,1,0,0,0,1,0,0,1,5,0.2,-0.136823945,0.013108,0.533730,-0.280913066
361324,,1.5152055731,0.4386146188,-0.321622146,,,,-0.116807273,,,0.0838771007,0,1,1,1,0,0,0,1,0,0,1,5,0.2,0.3198535747,0.013108,0.533730,0.5747208479
361325,0.8803275861,-1.729544888,1.3034070705,-0.321622146,,,,-0.706918309,,,0.0838771007,1,1,1,1,0,0,0,1,0,0,1,6,0.1666666667,-0.081745598,0.013108,0.533730,-0.177717923
361326,,-0.606728013,-0.15400965,0.2899733314,,0.3628172381,,-0.264335032,,,-0.257980078,0,1,1,1,0,1,0,1,0,0,1,6,0.1666666667,-0.105043701,0.013108,0.533730,-0.221369397
361327,,,,,,,,,,,,0,0,0,0,0,0,0,0,0,0,0,0,,,0.013108,0.533730,
361328,,0.8919470535,0.6098171853,0.0861081721,,0.2635043322,,0.0307204863,0.7233592449,0.0451494461,0.4257342795,0,1,1,1,0,1,0,1,1,1,1,8,0.125,0.384542525,0.013108,0.533730,0.6959224779
361329,,0.5969697389,0.2674120522,-0.525487306,,0.6607559558,0.0232675619,0.7683592821,-0.590825045,-0.654163587,0.0838771007,0,1,1,1,0,1,1,1,1,1,1,9,0.1111111111,0.0700184171,0.013108,0.533730,0.1066281031
361330,,,-0.035484796,,,,,-0.854446069,,,,0,0,1,0,0,0,0,1,0,0,0,2,0.5,-0.444965432,0.013108,0.533730,-0.858248923
361331,,1.7768789973,0.6273764229,0.0861081721,,-0.530998915,,0.3257760046,1.0884104365,-0.421059243,,0,1,1,1,0,1,0,1,1,1,0,7,0.1428571429,0.4217845537,0.013108,0.533730,0.7656993804
361332,,0.7682468893,1.0531879347,-0.627419885,,1.2566333912,,0.3257760046,1.0154001981,-0.187954898,0.4257342795,0,1,1,1,0,1,0,1,1,1,1,8,0.125,0.5037004892,0.013108,0.533730,0.9191775998
361333,,1.1488627791,0.4912923316,-0.321622146,,0.0648785204,,-0.706918309,0.7233592449,-0.187954898,0.7675914583,0,1,1,1,0,1,0,1,1,1,1,8,0.125,0.2474361225,0.013108,0.533730,0.4390390476
361334,,,0.7371216579,0.2899733314,,,,-0.55939055,,,,0,0,1,1,0,0,0,1,0,0,0,3,0.3333333333,0.1559014797,0.013108,0.533730,0.2675391569
370001,1.2373118924,0.1640191642,0.385936906,0.2899733314,-0.951608837,0.8593817676,-0.653469947,0.7683592821,-1.393937666,0.5113581348,-0.941694436,1,1,1,1,1,1,1,1,1,1,1,11,0.0909090909,0.0250572356,0.013108,0.533730,0.0223885465
370002,,1.2154705598,0.9653917467,-2.462206318,,1.5545721089,0.1924519392,1.0634148004,,,-2.992837509,0,1,1,1,0,1,1,1,0,0,1,7,0.1428571429,-0.066248953,0.013108,0.533730,-0.148683311
370004,,-0.454481657,0.407885953,-1.137082783,,0.0648785204,,-0.116807273,,,0.0838771007,0,1,1,1,0,1,0,1,0,0,1,6,0.1666666667,-0.191955023,0.013108,0.533730,-0.384207006
370006,,0.2686885339,-0.22863641,0.2899733314,,1.455259203,0.3616363166,0.0307204863,,,0.7675914583,0,1,1,1,0,1,1,1,0,0,1,7,0.1428571429,0.4207475599,0.013108,0.533730,0.7637564623
370008,0.9263900772,0.6540621223,1.2946274517,-0.219689567,-0.471883325,0.8593817676,-0.315101193,-0.264335032,-0.006743138,0.3948059626,0.0838771007,1,1,1,1,1,1,1,1,1,1,1,11,0.0909090909,0.2668538388,0.013108,0.533730,0.4754202048
370013,,1.3915054089,1.1453739321,0.6977036498,,-0.034434386,-1.499391834,1.0634148004,0.3583080533,-1.470028792,0.4257342795,0,1,1,1,0,1,1,1,1,1,1,9,0.1111111111,0.2309094569,0.013108,0.533730,0.4080745815
370014,-0.904593946,-1.37747519,-0.211077172,-1.137082783,,-3.31176028,-0.653469947,-2.182195901,,,-0.257980078,1,1,1,1,0,1,1,1,0,0,1,8,0.125,-1.254454412,0.013108,0.533730,-2.374912639
370015,,-0.463997054,1.4351013525,-0.117756987,,-0.233060197,,-0.55939055,,,0.0838771007,0,1,1,1,0,1,0,1,0,0,1,6,0.1666666667,0.0241289441,0.013108,0.533730,0.0206492936
370016,0.5751635822,1.5389940662,0.298140718,-0.525487306,,-0.034434386,,0.7683592821,0.2122875767,-1.35347662,-0.257980078,1,1,1,1,0,1,0,1,1,1,1,9,0.1111111111,0.1357296484,0.013108,0.533730,0.2297450852
370018,1.8649133343,0.6730929168,0.8161382271,-0.423554726,,2.1504495443,0.1924519392,0.3257760046,,,-0.599837257,1,1,1,1,0,1,1,1,0,0,1,8,0.125,0.6249287479,0.013108,0.533730,1.1463116386
370019,,0.83485467,0.5922579477,-1.137082783,,,-2.006944966,0.9158870412,,,-0.257980078,0,1,1,1,0,0,1,1,0,0,1,6,0.1666666667,-0.176501361,0.013108,0.533730,-0.355252927
370020,,0.5969697389,0.3332591932,-1.239015363,,-1.226189256,-0.145916815,-0.264335032,-0.006743138,0.2782537905,0.7675914583,0,1,1,1,0,1,1,1,1,1,1,9,0.1111111111,-0.100680603,0.013108,0.533730,-0.213194669
370022,,-0.20232363,1.1804924073,-0.831285044,,0.7600688617,0.8691894486,0.3257760046,,,0.0838771007,0,1,1,1,0,1,1,1,0,0,1,7,0.1428571429,0.3122564498,0.013108,0.533730,0.5604868263
370023,,1.6246326414,0.8556465117,-3.583464694,,0.9586946735,-0.145916815,-0.55939055,,,0.7675914583,0,1,1,1,0,1,1,1,0,0,1,7,0.1428571429,-0.011743825,0.013108,0.533730,-0.046562155
370025,0.7594135468,0.9680702314,-0.241805838,0.391905911,,-0.133747291,-2.176129343,0.4733037638,-3.073173148,1.2106711679,0.7675914583,1,1,1,1,0,1,1,1,1,1,1,10,0.1,-0.105389954,0.013108,0.533730,-0.22201814
370026,,1.5437517648,0.3991063342,-0.015824407,,0.0648785204,0.3616363166,2.3911646327,0.7963694832,-0.654163587,0.4257342795,0,1,1,1,0,1,1,1,1,1,1,9,0.1111111111,0.5902948152,0.013108,0.533730,1.0814212814
370028,-0.190625333,0.4209348898,0.078650248,-2.360273739,0.1277735651,0.0648785204,-0.48428557,1.5059980778,2.0375435346,-2.169341825,0.0838771007,1,1,1,1,1,1,1,1,1,1,1,11,0.0909090909,-0.080442776,0.013108,0.533730,-0.175276947
370034,0.4139448632,0.910977848,0.5483598538,0.2899733314,,-1.722753786,0.1924519392,0.1782482455,,,0.4257342795,1,1,1,1,0,1,1,1,0,0,1,8,0.125,0.1546170718,0.013108,0.533730,0.2651326822
370037,0.3621245607,-0.716155081,-0.966124389,-1.544813102,0.9672932116,0.7600688617,1.8842957126,1.8010535961,0.7233592449,-1.35347662,-0.599837257,1,1,1,1,1,1,1,1,1,1,1,11,0.0909090909,0.1197989762,0.013108,0.533730,0.1998972762
370039,,0.292477027,0.6537152793,-1.544813102,,0.7600688617,-0.653469947,-0.264335032,,,0.4257342795,0,1,1,1,0,1,1,1,0,0,1,7,0.1428571429,-0.047231805,0.013108,0.533730,-0.113052661
370047,0.9551791342,0.0308036028,0.1488871984,-1.95254342,,-0.630311821,,-1.149501587,-1.393937666,-0.770715759,0.7675914583,1,1,1,1,0,1,0,1,1,1,1,9,0.1111111111,-0.443838762,0.013108,0.533730,-0.856137986
370049,0.4139448632,-1.177651847,-0.658837731,-1.239015363,,-1.62344088,1.5459269579,-0.264335032,0.2122875767,-0.537611415,0.7675914583,1,1,1,1,0,1,1,1,1,1,1,10,0.1,-0.256114141,0.013108,0.533730,-0.504415939
370054,,-1.16813645,1.6458122036,2.0228271849,,-0.729624727,0.8691894486,0.9158870412,,,0.0838771007,0,1,1,1,0,1,1,1,0,0,1,7,0.1428571429,0.5199759717,0.013108,0.533730,0.9496714476
370056,-1.716445352,-0.687608889,-0.772972776,0.391905911,-0.471883325,-0.233060197,-2.006944966,-3.362417974,-0.152763615,-1.120372276,0.4257342795,1,1,1,1,1,1,1,1,1,1,1,11,0.0909090909,-0.882439016,0.013108,0.533730,-1.67790222
370057,,,0.232293577,0.391905911,,,,0.1782482455,,,,0,0,1,1,0,0,0,1,0,0,0,3,0.3333333333,0.2674825778,0.013108,0.533730,0.4765982142
370078,0.8515385291,-0.397389273,0.0040234882,0.6977036498,-1.311402972,0.0648785204,,-1.149501587,,,-1.625408793,1,1,1,1,1,1,0,1,0,0,1,8,0.125,-0.358194805,0.013108,0.533730,-0.695674921
370083,,-1.244259628,0.8556465117,,,,,0.1782482455,,,,0,1,1,0,0,0,0,1,0,0,0,3,0.3333333333,-0.070121624,0.013108,0.533730,-0.155939171
370089,-0.438211223,-0.459239355,0.5834783289,-0.015824407,,-1.027563445,0.0232675619,-1.001973828,1.3074411514,-0.887267931,-1.283551615,1,1,1,1,0,1,1,1,1,1,1,10,0.1,-0.319944476,0.013108,0.533730,-0.624008861
370091,0.131812105,-0.121442753,-0.276924313,0.5957710702,1.2071559677,-0.530998915,-0.822654325,0.3257760046,-1.320927428,0.9775668235,-0.257980078,1,1,1,1,1,1,1,1,1,1,1,11,0.0909090909,-0.008440531,0.013108,0.533730,-0.040373083
370093,1.3236790633,0.2353846435,-1.409495138,1.3092991276,,0.6607559558,0.8691894486,-1.592084864,1.5264718664,-0.887267931,0.7675914583,1,1,1,1,0,1,1,1,1,1,1,10,0.1,0.2803523629,0.013108,0.533730,0.5007111257
370094,-1.307640743,0.1211998766,0.4693432846,-0.627419885,,-0.133747291,-1.161023079,0.4733037638,,,-1.625408793,1,1,1,1,0,1,1,1,0,0,1,8,0.125,-0.473924108,0.013108,0.533730,-0.912506083
370097,,-0.735185875,0.8424770835,0.7996362295,,0.2635043322,,-0.264335032,,,0.7675914583,0,1,1,1,0,1,0,1,0,0,1,6,0.1666666667,0.2789480327,0.013108,0.533730,0.4980799635
370099,,,-0.294483551,0.2899733314,,,,-0.116807273,,,,0,0,1,1,0,0,0,1,0,0,0,3,0.3333333333,-0.040439164,0.013108,0.533730,-0.100325926
370100,,-0.354569986,0.8161382271,-0.015824407,,0.6607559558,,-1.297029346,,,,0,1,1,1,0,1,0,1,0,0,0,5,0.2,-0.038105911,0.013108,0.533730,-0.095954328
370106,0.0051402543,0.0355613014,1.0575777441,-0.219689567,0.6074990774,-0.233060197,,0.0307204863,0.5773387682,-1.236924448,-0.599837257,1,1,1,1,1,1,0,1,1,1,1,10,0.1,0.0024326163,0.013108,0.533730,-0.020001085
370112,,1.1441050805,0.9917306031,0.391905911,,,,0.6208315229,,,,0,1,1,1,0,0,0,1,0,0,0,4,0.25,0.7871432794,0.013108,0.533730,1.4502378195
370113,,0.3448117119,0.276191671,-0.933217624,,0.8593817676,,0.4733037638,-0.444804568,0.3948059626,0.4257342795,0,1,1,1,0,1,0,1,1,1,1,8,0.125,0.1745258705,0.013108,0.533730,0.3024339344
370114,0.7075932443,0.4923003692,0.100599295,0.6977036498,0.8473618335,-1.424815068,,0.4733037638,0.7963694832,0.2782537905,0.0838771007,1,1,1,1,1,1,0,1,1,1,1,10,0.1,0.3052547462,0.013108,0.533730,0.5473683897
37012F,,1.5627825593,1.7687268668,,,0.9586946735,,1.3584703187,,,,0,1,1,0,0,1,0,1,0,0,0,4,0.25,1.4121686046,0.013108,0.533730,2.6212892558
370149,,1.6341480386,1.1409841227,-2.156408579,,0.462130144,,-0.116807273,2.1835640112,-0.887267931,0.7675914583,0,1,1,1,0,1,0,1,1,1,1,8,0.125,0.3784917489,0.013108,0.533730,0.6845857052
37014F,0.9321478886,-0.040561877,-0.000366321,,,-0.034434386,,0.4733037638,,,,1,1,1,0,0,1,0,1,0,0,0,5,0.2,0.2660178138,0.013108,0.533730,0.473853823
370153,,,,-0.117756987,,-0.133747291,0.0232675619,-1.001973828,,,,0,0,0,1,0,1,1,1,0,0,0,4,0.25,-0.307552636,0.013108,0.533730,-0.600791431
370158,,1.4485977923,0.5571394726,0.2899733314,,,,-0.264335032,,,,0,1,1,1,0,0,0,1,0,0,0,4,0.25,0.5078438911,0.013108,0.533730,0.9269407039
370166,,1.4581131896,0.3464286214,-0.219689567,,,,0.4733037638,,,,0,1,1,1,0,0,0,1,0,0,0,4,0.25,0.514539002,0.013108,0.533730,0.9394847065
370170,,,,,,,,-0.116807273,,,,0,0,0,0,0,0,0,1,0,0,0,1,1,-0.116807273,0.013108,0.533730,-0.243409701
370171,,1.201197464,0.4781229034,,,-1.226189256,,-0.854446069,,,,0,1,1,0,0,1,0,1,0,0,0,4,0.25,-0.100328739,0.013108,0.533730,-0.212535416
370172,,1.6008441483,1.0663573629,,,,,0.4733037638,,,,0,1,1,0,0,0,0,1,0,0,0,3,0.3333333333,1.0468350916,0.013108,0.533730,1.9367980556
370173,,,,,,,,0.4733037638,,,,0,0,0,0,0,0,0,1,0,0,0,1,1,0.4733037638,0.013108,0.533730,0.8622261011
370178,,-0.254658315,-0.285703932,,,1.1573204853,,0.0307204863,,,,0,1,1,0,0,1,0,1,0,0,0,4,0.25,0.1619196812,0.013108,0.533730,0.2788148977
370180,,-0.078623466,0.9346630809,,,0.0648785204,,1.8010535961,,,,0,1,1,0,0,1,0,1,0,0,0,4,0.25,0.680492933,0.013108,0.533730,1.2504170502
370183,,,-0.922226295,0.1880407518,,,,-0.116807273,,,,0,0,1,1,0,0,0,1,0,0,0,3,0.3333333333,-0.283664272,0.013108,0.533730,-0.55603404
370192,,,,,,,,0.0307204863,,,0.4257342795,0,0,0,0,0,0,0,1,0,0,1,2,0.5,0.2282273829,0.013108,0.533730,0.4030494306
370199,,,,0.5957710702,,,,,,,-0.599837257,0,0,0,1,0,0,0,0,0,0,1,2,0.5,-0.002033093,0.013108,0.533730,-0.028368067
370201,,,,,,,0.0232675619,0.3257760046,,,0.4257342795,0,0,0,0,0,0,1,1,0,0,1,3,0.3333333333,0.258259282,0.013108,0.533730,0.4593173883
370202,0.2699995784,0.7349429989,1.3560847833,1.1054339683,,-1.325502162,-1.330207457,0.4733037638,,,-0.257980078,1,1,1,1,0,1,1,1,0,0,1,8,0.125,0.1282594244,0.013108,0.533730,0.2157488259
370203,,,,0.9015688091,,,-0.653469947,0.6208315229,,,0.0838771007,0,0,0,1,0,0,1,1,0,0,1,4,0.25,0.2382018713,0.013108,0.533730,0.4217376957
370206,,,,,,,,0.9158870412,,,0.4257342795,0,0,0,0,0,0,0,1,0,0,1,2,0.5,0.6708106604,0.013108,0.533730,1.2322762824
370210,,,,-0.015824407,,,2.0534800899,2.2436368736,0.1392773383,0.3948059626,-1.967265972,0,0,0,1,0,0,1,1,1,1,1,6,0.1666666667,0.4746849808,0.013108,0.533730,0.8648139581
370211,,0.4875426705,-0.241805838,-1.340947943,,0.2635043322,,1.0634148004,,,0.0838771007,0,1,1,1,0,1,0,1,0,0,1,6,0.1666666667,0.0525975205,0.013108,0.533730,0.0739882
370212,,,,-1.137082783,,,1.2075582032,0.4733037638,,,1.1094486371,0,0,0,1,0,0,1,1,0,0,1,4,0.25,0.4133069552,0.013108,0.533730,0.7498156979
370214,,,,,,,,,,,,0,0,0,0,0,0,0,0,0,0,0,0,,,0.013108,0.533730,
370215,-0.271234693,-0.26893141,-1.141716765,,0.3676363213,-0.530998915,,-0.55939055,,,-0.941694436,1,1,1,0,1,1,0,1,0,0,1,7,0.1428571429,-0.478047207,0.013108,0.533730,-0.920231146
370216,,,,0.1880407518,,,0.1924519392,-0.116807273,,,-0.941694436,0,0,0,1,0,0,1,1,0,0,1,4,0.25,-0.169502254,0.013108,0.533730,-0.342139355
370218,,1.0251626149,0.2191241488,0.2899733314,,-0.630311821,-1.668576211,1.0634148004,,,-0.257980078,0,1,1,1,0,1,1,1,0,0,1,7,0.1428571429,0.0058295407,0.013108,0.533730,-0.013636585
370220,,,,,,,0.0232675619,0.4733037638,,,0.0838771007,0,0,0,0,0,0,1,1,0,0,1,3,0.3333333333,0.1934828088,0.013108,0.533730,0.3379517749
370222,,,,,,,2.3918488446,2.5386923919,0.6503490066,-0.421059243,0.0838771007,0,0,0,0,0,0,1,1,1,1,1,5,0.2,1.0487416202,0.013108,0.533730,1.9403701396
370225,,,,,,,,,,,1.1094486371,0,0,0,0,0,0,0,0,0,0,1,1,1,1.1094486371,0.013108,0.533730,2.0541111938
370227,,1.2963514364,0.7722401331,0.391905911,,,,0.4733037638,,,-0.257980078,0,1,1,1,0,0,0,1,0,0,1,5,0.2,0.5351642332,0.013108,0.533730,0.9781282713
370228,,,-1.339258188,0.391905911,,,0.3616363166,1.0634148004,,,0.7675914583,0,0,1,1,0,0,1,1,0,0,1,5,0.2,0.2490580596,0.013108,0.533730,0.4420779194
370234,0.2296948987,1.6389057373,1.5887446814,,-0.351951947,0.5614430499,,0.0307204863,,,-0.941694436,1,1,1,0,1,1,0,1,0,0,1,7,0.1428571429,0.3936946387,0.013108,0.533730,0.7130699365
370235,,1.3915054089,0.7020031827,0.0861081721,,,0.7000050712,1.2109425595,,,1.1094486371,0,1,1,1,0,0,1,1,0,0,1,6,0.1666666667,0.8666688386,0.013108,0.533730,1.5992374146
370236,0.3678823721,0.5018157664,0.7546808955,1.0035013887,,1.1573204853,,0.7683592821,,,0.0838771007,1,1,1,1,0,1,0,1,0,0,1,7,0.1428571429,0.6624910415,0.013108,0.533730,1.2166885915
370237,,1.0727396011,-0.474465736,-0.117756987,,,,0.6208315229,,,,0,1,1,1,0,0,0,1,0,0,0,4,0.25,0.2753371002,0.013108,0.533730,0.4913144973
370240,,,-0.329602026,,,,,0.3257760046,,,,0,0,1,0,0,0,0,1,0,0,0,2,0.5,-0.001913011,0.013108,0.533730,-0.028143079
370243,,,,,,,,-0.411862791,,,,0,0,0,0,0,0,0,1,0,0,0,1,1,-0.411862791,0.013108,0.533730,-0.796227603
370244,,,,,,,,,,,,0,0,0,0,0,0,0,0,0,0,0,0,,,0.013108,0.533730,
371300,,1.0679819025,1.0839166005,,,-0.233060197,,0.6208315229,,,,0,1,1,0,0,1,0,1,0,0,0,4,0.25,0.6349174572,0.013108,0.533730,1.1650265479
371301,,,,,,,,,,,,0,0,0,0,0,0,0,0,0,0,0,0,,,0.013108,0.533730,
371302,,,,,,,,0.4733037638,,,,0,0,0,0,0,0,0,1,0,0,0,1,1,0.4733037638,0.013108,0.533730,0.8622261011
371303,,,0.6624948981,,,,,0.6208315229,,,,0,0,1,0,0,0,0,1,0,0,0,2,0.5,0.6416632105,0.013108,0.533730,1.1776654345
371304,,,,,,,,,,,,0,0,0,0,0,0,0,0,0,0,0,0,,,0.013108,0.533730,
371305,,,,,,,,-0.264335032,,,,0,0,0,0,0,0,0,1,0,0,0,1,1,-0.264335032,0.013108,0.533730,-0.519818652
371306,,,,,,,,-0.116807273,,,,0,0,0,0,0,0,0,1,0,0,0,1,1,-0.116807273,0.013108,0.533730,-0.243409701
371307,,,,,,,,-0.264335032,,,,0,0,0,0,0,0,0,1,0,0,0,1,1,-0.264335032,0.013108,0.533730,-0.519818652
371309,,,,,,,,-0.116807273,,,,0,0,0,0,0,0,0,1,0,0,0,1,1,-0.116807273,0.013108,0.533730,-0.243409701
371310,,,,,,,,0.1782482455,,,,0,0,0,0,0,0,0,1,0,0,0,1,1,0.1782482455,0.013108,0.533730,0.3094081998
371311,,,,,,,,,0.4313182916,0.3948059626,,0,0,0,0,0,0,0,0,1,1,0,2,0.5,0.4130621271,0.013108,0.533730,0.7493569864
371312,,,0.0215827258,,,,,0.1782482455,,,,0,0,1,0,0,0,0,1,0,0,0,2,0.5,0.0999154856,0.013108,0.533730,0.1626434413
371313,,,1.2551191671,,,,,-0.411862791,,,,0,0,1,0,0,0,0,1,0,0,0,2,0.5,0.421628188,0.013108,0.533730,0.7654064126
371314,,,,0.1880407518,,,,-0.264335032,,,,0,0,0,1,0,0,0,1,0,0,0,2,0.5,-0.03814714,0.013108,0.533730,-0.096031575
371316,,,,,,,,,,,,0,0,0,0,0,0,0,0,0,0,0,0,,,0.013108,0.533730,
371317,,,0.5088515692,,,,,0.1782482455,,,,0,0,1,0,0,0,0,1,0,0,0,2,0.5,0.3435499073,0.013108,0.533730,0.6191184479
371318,,,,,,,,0.1782482455,,,,0,0,0,0,0,0,0,1,0,0,0,1,1,0.1782482455,0.013108,0.533730,0.3094081998
371319,,1.125074286,0.7590707049,,,,,0.0307204863,,,,0,1,1,0,0,0,0,1,0,0,0,3,0.3333333333,0.6382884924,0.013108,0.533730,1.1713425411
371320,,,,,,,,,,,,0,0,0,0,0,0,0,0,0,0,0,0,,,0.013108,0.533730,
371321,,2.0718563119,1.1892720261,,,,,1.0634148004,,,,0,1,1,0,0,0,0,1,0,0,0,3,0.3333333333,1.4415143795,0.013108,0.533730,2.6762716869
371322,,,,,,,,0.3257760046,,,,0,0,0,0,0,0,0,1,0,0,0,1,1,0.3257760046,0.013108,0.533730,0.5858171505
371323,,,0.6800541357,0.2899733314,,,,0.3257760046,,,,0,0,1,1,0,0,0,1,0,0,0,3,0.3333333333,0.4319344906,0.013108,0.533730,0.7847163669
371325,,,,,,,,-0.116807273,,,,0,0,0,0,0,0,0,1,0,0,0,1,1,-0.116807273,0.013108,0.533730,-0.243409701
371326,,,0.2937509086,-0.117756987,,,,0.0307204863,,,,0,0,1,1,0,0,0,1,0,0,0,3,0.3333333333,0.0689048026,0.013108,0.533730,0.1045416278
371327,,,,-0.729352465,,,,0.0307204863,,,,0,0,0,1,0,0,0,1,0,0,0,2,0.5,-0.349315989,0.013108,0.533730,-0.679039516
371328,,,0.122548342,,,-0.233060197,,-0.411862791,,,,0,0,1,0,0,1,0,1,0,0,0,3,0.3333333333,-0.174124882,0.013108,0.533730,-0.35080034
371329,,,1.3253561175,,,,,0.0307204863,,,,0,0,1,0,0,0,0,1,0,0,0,2,0.5,0.6780383019,0.013108,0.533730,1.2458180377
371330,,,1.606303919,,,,,0.4733037638,,,,0,0,1,0,0,0,0,1,0,0,0,2,0.5,1.0398038414,0.013108,0.533730,1.9236242603
371331,,,,,,,,-0.411862791,,,,0,0,0,0,0,0,0,1,0,0,0,1,1,-0.411862791,0.013108,0.533730,-0.796227603
371332,,,0.2235139582,,,,,-0.264335032,,,,0,0,1,0,0,0,0,1,0,0,0,2,0.5,-0.020410537,0.013108,0.533730,-0.062800162
371333,,,0.3376490026,,,,,0.4733037638,,,,0,0,1,0,0,0,0,1,0,0,0,2,0.5,0.4054763832,0.013108,0.533730,0.7351442881
371334,,,1.3868134491,,,,,0.0307204863,,,,0,0,1,0,0,0,0,1,0,0,0,2,0.5,0.7087669677,0.013108,0.533730,1.303391462
371335,,,1.2814580235,,,,,-0.411862791,,,,0,0,1,0,0,0,0,1,0,0,0,2,0.5,0.4347976162,0.013108,0.533730,0.7900807373
371336,,,0.9214936527,0.1880407518,,,,0.4733037638,,,,0,0,1,1,0,0,0,1,0,0,0,3,0.3333333333,0.5276127227,0.013108,0.533730,0.9639797131
371337,,1.2202282585,1.3341357363,,,,,0.3257760046,,,,0,1,1,0,0,0,0,1,0,0,0,3,0.3333333333,0.9600466664,0.013108,0.533730,1.7741907085
371338,,,0.3552082402,,,,,-0.264335032,,,,0,0,1,0,0,0,0,1,0,0,0,2,0.5,0.0454366041,0.013108,0.533730,0.0605714614
371340,,,-1.528019992,-0.219689567,,,,-1.444557105,,,,0,0,1,1,0,0,0,1,0,0,0,3,0.3333333333,-1.064088888,0.013108,0.533730,-2.018242578
371341,,,-0.439347261,-1.137082783,,,,0.7683592821,,,,0,0,1,1,0,0,0,1,0,0,0,3,0.3333333333,-0.269356921,0.013108,0.533730,-0.529227695
371342,,-3.271039241,0.1840056736,,,0.3628172381,,1.0634148004,,,,0,1,1,0,0,1,0,1,0,0,0,4,0.25,-0.415200382,0.013108,0.533730,-0.802480935
380001,,1.5580248607,0.0171929164,-0.831285044,,0.0648785204,,1.5059980778,0.0662671,-1.586580964,0.7675914583,0,1,1,1,0,1,0,1,1,1,1,8,0.125,0.1952608656,0.013108,0.533730,0.3412831534
380002,,1.3248976282,0.5966477571,0.2899733314,,0.3628172381,,1.5059980778,0.9423899598,0.5113581348,1.1094486371,0,1,1,1,0,1,0,1,1,1,1,8,0.125,0.8304413455,0.013108,0.533730,1.5313613525
380004,0.9321478886,-0.154746644,-0.917836486,-1.035150204,0.8473618335,0.9586946735,-0.145916815,1.3584703187,,,0.0838771007,1,1,1,1,1,1,1,1,0,0,1,9,0.1111111111,0.2141001852,0.013108,0.533730,0.3765806228
380005,,-1.672452504,0.122548342,0.7996362295,,,,0.3257760046,,,0.7675914583,0,1,1,1,0,0,0,1,0,0,1,5,0.2,0.068619906,0.013108,0.533730,0.1040078438
380007,0.6615307531,-0.140473548,-3.279553943,-0.729352465,1.0872245896,0.2635043322,,0.6208315229,,,0.7675914583,1,1,1,1,1,1,0,1,0,0,1,8,0.125,-0.093587162,0.013108,0.533730,-0.199904354
380009,1.0876087962,0.5256042595,-1.03197153,2.0228271849,-0.351951947,,1.3767425806,0.3257760046,0.5773387682,1.0941189957,1.1094486371,1,1,1,1,1,0,1,1,1,1,1,10,0.1,0.673554175,0.013108,0.533730,1.2374165489
380014,0.4772807886,0.2211115477,-0.202297554,-0.729352465,0.0078421871,1.455259203,-0.315101193,1.3584703187,0.8693797215,0.5113581348,-0.941694436,1,1,1,1,1,1,1,1,1,1,1,11,0.0909090909,0.2465687504,0.013108,0.533730,0.4374139337
380017,1.2315540811,0.6350313279,-0.636888684,0.4938384906,,0.462130144,0.7000050712,0.7683592821,0.0662671,0.2782537905,0.7675914583,1,1,1,1,0,1,1,1,1,1,1,10,0.1,0.4766142061,0.013108,0.533730,0.868428567
380018,0.3736401835,1.5104478744,1.2024414543,-0.015824407,1.5669501019,0.0648785204,-0.991838702,0.9158870412,-0.882865998,-1.703133137,0.0838771007,1,1,1,1,1,1,1,1,1,1,1,11,0.0909090909,0.1931327302,0.013108,0.533730,0.3372958654
380020,0.2124214645,0.4637541774,1.1848822167,0.391905911,0.9672932116,0.3628172381,0.7000050712,1.2109425595,,,-0.941694436,1,1,1,1,1,1,1,1,0,0,1,9,0.1111111111,0.5058141571,0.013108,0.533730,0.9231377815
380021,,0.9680702314,-0.689566397,0.6977036498,,-0.233060197,,0.9158870412,1.0884104365,-1.703133137,0.0838771007,0,1,1,1,0,1,0,1,1,1,1,8,0.125,0.1410235911,0.013108,0.533730,0.23966385
380022,,-0.540120232,0.7415114673,0.7996362295,,0.5614430499,0.1924519392,1.2109425595,0.7963694832,0.0451494461,-0.257980078,0,1,1,1,0,1,1,1,1,1,1,9,0.1111111111,0.3943782072,0.013108,0.533730,0.7143506748
380025,,-0.920736122,1.2946274517,0.1880407518,,0.462130144,,2.0961091144,,,0.0838771007,0,1,1,1,0,1,0,1,0,0,1,6,0.1666666667,0.5340080735,0.013108,0.533730,0.9759620829
380027,0.5694057709,0.9680702314,1.4131523055,1.9208946053,,1.8525108266,,2.2436368736,,,1.4513058159,1,1,1,1,0,1,0,1,0,0,1,7,0.1428571429,1.4884252042,0.013108,0.533730,2.7641641073
380029,,,,0.391905911,,,,0.0307204863,,,-0.257980078,0,0,0,1,0,0,0,1,0,0,1,3,0.3333333333,0.0548821064,0.013108,0.533730,0.0782686147
380033,,0.0498343973,1.2726784047,,,,,0.4733037638,,,,0,1,1,0,0,0,0,1,0,0,0,3,0.3333333333,0.5986055219,0.013108,0.533730,1.0969922744
380037,,0.292477027,0.8556465117,-0.627419885,,0.7600688617,,1.3584703187,,,-0.599837257,0,1,1,1,0,1,0,1,0,0,1,6,0.1666666667,0.3399009295,0.013108,0.533730,0.6122816998
380038,,0.7872776838,1.3165764987,0.1880407518,,,-0.653469947,1.0634148004,,,0.0838771007,0,1,1,1,0,0,1,1,0,0,1,6,0.1666666667,0.464286148,0.013108,0.533730,0.8453306386
38003F,0.0108980657,0.2449000408,-0.140840222,,,1.1573204853,1.5459269579,2.686220151,,,,1,1,1,0,0,1,1,1,0,0,0,6,0.1666666667,0.9174042465,0.013108,0.533730,1.6942955984
380047,0.2699995784,1.7816366959,0.8380872741,2.9402204015,0.6074990774,1.2566333912,-0.145916815,2.3911646327,0.4313182916,0.5113581348,0.4257342795,1,1,1,1,1,1,1,1,1,1,1,11,0.0909090909,1.0279759038,0.013108,0.533730,1.9014633609
38004F,,,,,,,,,,,,0,0,0,0,0,0,0,0,0,0,0,0,,,0.013108,0.533730,
380050,0.747897924,-0.830339848,1.2463395483,-1.137082783,,1.9518237325,0.8691894486,2.2436368736,2.0375435346,-0.30450707,0.0838771007,1,1,1,1,0,1,1,1,1,1,1,10,0.1,0.6908378461,0.013108,0.533730,1.2697993453
380051,1.64035869,-0.506816342,-0.421788024,0.5957710702,0.6074990774,1.1573204853,1.0383738259,1.653525837,,,0.0838771007,1,1,1,1,1,1,1,1,0,0,1,9,0.1111111111,0.6497913024,0.013108,0.533730,1.1928942792
380052,,-1.120559464,-0.22863641,-1.035150204,,0.3628172381,,0.9158870412,-0.882865998,-1.003820104,-1.283551615,0,1,1,1,0,1,0,1,1,1,1,8,0.125,-0.534484939,0.013108,0.533730,-1.025973242
380056,,,0.7941891801,0.4938384906,,,0.5308206939,0.0307204863,,,0.7675914583,0,0,1,1,0,0,1,1,0,0,1,5,0.2,0.5234320619,0.013108,0.533730,0.9561468002
380060,1.9858273735,0.7634891907,-1.47095247,1.0035013887,0.1277735651,-0.729624727,,0.0307204863,,,0.4257342795,1,1,1,1,1,1,0,1,0,0,1,8,0.125,0.2670586359,0.013108,0.533730,0.4758039138
380061,0.6615307531,1.0441934094,0.4122757624,-0.729352465,,0.7600688617,-1.330207457,1.0634148004,0.1392773383,-0.537611415,0.7675914583,1,1,1,1,0,1,1,1,1,1,1,10,0.1,0.2251181047,0.013108,0.533730,0.3972238671
380071,,-0.483027848,1.2595089765,-0.219689567,,-1.524127974,,0.4733037638,,,0.4257342795,0,1,1,1,0,1,0,1,0,0,1,6,0.1666666667,-0.011383062,0.013108,0.533730,-0.045886227
380075,0.0972652366,-1.406021381,-0.074993081,-1.95254342,,0.7600688617,0.1924519392,1.5059980778,0.7233592449,0.1617016183,-0.599837257,1,1,1,1,0,1,1,1,1,1,1,10,0.1,-0.059255016,0.013108,0.533730,-0.135579426
380082,,1.3201399295,-0.413008405,-0.117756987,,,,1.0634148004,,,0.7675914583,0,1,1,1,0,0,0,1,0,0,1,5,0.2,0.5240761593,0.013108,0.533730,0.9573535852
380089,0.909116643,-2.181526257,-0.663227541,-1.95254342,,-0.630311821,-0.822654325,1.3584703187,,,0.0838771007,1,1,1,1,0,1,1,1,0,0,1,8,0.125,-0.487349913,0.013108,0.533730,-0.937660755
380090,-0.438211223,-0.75421667,0.8863751775,0.0861081721,,-0.928250539,0.1924519392,-0.116807273,1.0884104365,-1.586580964,0.4257342795,1,1,1,1,0,1,1,1,1,1,1,10,0.1,-0.114498666,0.013108,0.533730,-0.239084282
380091,,-0.306992999,0.2410731958,,,,,1.2109425595,,,,0,1,1,0,0,0,0,1,0,0,0,3,0.3333333333,0.381674252,0.013108,0.533730,0.6905484633
380102,0.0742339911,0.5589081499,1.2946274517,0.2899733314,-0.351951947,1.1573204853,0.1924519392,2.5386923919,,,-0.257980078,1,1,1,1,1,1,1,1,0,0,1,9,0.1111111111,0.6106973017,0.013108,0.533730,1.1196475102
380103,,-1.249017327,,,,,,0.4733037638,,,,0,1,0,0,0,0,0,1,0,0,0,2,0.5,-0.387856781,0.013108,0.533730,-0.75124979
381301,,,,,,,,0.0307204863,,,,0,0,0,0,0,0,0,1,0,0,0,1,1,0.0307204863,0.013108,0.533730,0.0329992492
381302,,-0.378358479,-0.873938392,-0.219689567,,,,0.0307204863,-0.225773853,-0.421059243,0.0838771007,0,1,1,1,0,0,0,1,1,1,1,7,0.1428571429,-0.286317421,0.013108,0.533730,-0.561004996
381303,,-1.891306641,0.6888337545,,,,,0.7683592821,-1.539958143,-0.071402726,,0,1,1,0,0,0,0,1,1,1,0,5,0.2,-0.409094895,0.013108,0.533730,-0.791041654
381304,,,1.5975243002,0.1880407518,,,,0.6208315229,,,,0,0,1,1,0,0,0,1,0,0,0,3,0.3333333333,0.8021321916,0.013108,0.533730,1.4783211411
381305,,,-0.909056867,,,,,0.4733037638,,,,0,0,1,0,0,0,0,1,0,0,0,2,0.5,-0.217876552,0.013108,0.533730,-0.432773747
381306,,,0.4342248094,0.2899733314,,,,0.3257760046,,,,0,0,1,1,0,0,0,1,0,0,0,3,0.3333333333,0.3499913818,0.013108,0.533730,0.6311872356
381307,,,1.1365943133,0.2899733314,,,,0.1782482455,,,,0,0,1,1,0,0,0,1,0,0,0,3,0.3333333333,0.53493863,0.013108,0.533730,0.9777055797
381308,,,,-0.627419885,,,,,,,,0,0,0,1,0,0,0,0,0,0,0,1,1,-0.627419885,0.013108,0.533730,-1.200096749
381309,,,0.3595980496,,,,,0.0307204863,,,,0,0,1,0,0,0,0,1,0,0,0,2,0.5,0.1951592679,0.013108,0.533730,0.3410927994
381310,,,,,,,,,,,,0,0,0,0,0,0,0,0,0,0,0,0,,,0.013108,0.533730,
381311,,,,,,,,-0.55939055,,,,0,0,0,0,0,0,0,1,0,0,0,1,1,-0.55939055,0.013108,0.533730,-1.072636553
381312,,,1.2243905013,0.1880407518,,,-0.315101193,0.1782482455,,,,0,0,1,1,0,0,1,1,0,0,0,4,0.25,0.3188945764,0.013108,0.533730,0.5729240627
381313,,-0.725670478,1.4175421149,-0.627419885,,,,0.6208315229,,,,0,1,1,1,0,0,0,1,0,0,0,4,0.25,0.1713208186,0.013108,0.533730,0.2964289286
381314,,1.2868360392,0.4693432846,0.2899733314,,-0.034434386,,-0.411862791,0.7233592449,-1.819685309,,0,1,1,1,0,1,0,1,1,1,0,7,0.1428571429,0.0719327735,0.013108,0.533730,0.1102148534
381315,,1.1726512722,1.1673229791,0.5957710702,,,,-0.55939055,,,,0,1,1,1,0,0,0,1,0,0,0,4,0.25,0.5940886928,0.013108,0.533730,1.0885295146
381316,,0.5018157664,0.9697815561,,,,0.5308206939,1.3584703187,,,,0,1,1,0,0,0,1,1,0,0,0,4,0.25,0.8402220838,0.013108,0.533730,1.549686606
381317,,0.1592614656,0.4781229034,,,,0.3616363166,-0.854446069,1.0154001981,-1.470028792,,0,1,1,0,0,0,1,1,1,1,0,6,0.1666666667,-0.051675663,0.013108,0.533730,-0.121378701
381318,,0.0165305069,0.6888337545,,,-0.034434386,0.1924519392,0.4733037638,-0.006743138,-0.654163587,,0,1,1,0,0,1,1,1,1,1,0,7,0.1428571429,0.0965398362,0.013108,0.533730,0.1563188031
381319,,-0.502058643,-0.312042789,0.6977036498,,0.462130144,,0.9158870412,1.0884104365,-2.169341825,-1.967265972,0,1,1,1,0,1,0,1,1,1,1,8,0.125,-0.223322245,0.013108,0.533730,-0.442976832
381320,,,,,,,,,0.6503490066,-2.752102686,,0,0,0,0,0,0,0,0,1,1,0,2,0.5,-1.05087684,0.013108,0.533730,-1.993488401
381321,,1.5770556552,1.4087624961,,,0.5614430499,2.0534800899,-0.264335032,0.1392773383,-0.30450707,,0,1,1,0,0,1,1,1,1,1,0,7,0.1428571429,0.7387395038,0.013108,0.533730,1.3595481969
381322,,0.2020807532,0.7020031827,,,0.3628172381,,-0.854446069,,,,0,1,1,0,0,1,0,1,0,0,0,4,0.25,0.1031137764,0.013108,0.533730,0.1686357792
381323,,-1.130074861,-1.409495138,0.7996362295,,0.5614430499,,1.0634148004,0.4313182916,0.0451494461,0.4257342795,0,1,1,1,0,1,0,1,1,1,1,8,0.125,0.0983907622,0.013108,0.533730,0.1597867097
381324,,-0.492543246,0.2674120522,-0.627419885,,,,0.0307204863,,,,0,1,1,1,0,0,0,1,0,0,0,4,0.25,-0.205457648,0.013108,0.533730,-0.40950561
381325,,-0.021531082,1.0575777441,-1.239015363,,0.0648785204,,-0.116807273,0.1392773383,0.3948059626,,0,1,1,1,0,1,0,1,1,1,0,7,0.1428571429,0.0398836925,0.013108,0.533730,0.0501674908
390001,0.6730463759,0.6635775196,0.012803107,0.391905911,0.1277735651,1.6538850148,0.1924519392,-1.149501587,-3.511234578,0.8610146514,0.7675914583,1,1,1,1,1,1,1,1,1,1,1,11,0.0909090909,0.062119398,0.013108,0.533730,0.0918284504
390002,,0.6255159306,0.5483598538,0.2899733314,,0.0648785204,,-0.264335032,-0.882865998,0.5113581348,0.0838771007,0,1,1,1,0,1,0,1,1,1,1,8,0.125,0.1220952302,0.013108,0.533730,0.2041995522
390003,,0.7063968072,2.4008594204,-1.137082783,,0.1641914263,,0.4733037638,1.0154001981,0.627910307,0.4257342795,0,1,1,1,0,1,0,1,1,1,1,8,0.125,0.5845891774,0.013108,0.533730,1.0707311619
390004,-0.420937789,-0.368843082,-0.061823653,0.1880407518,-0.471883325,1.0580075794,,-1.001973828,,,1.7931629948,1,1,1,1,1,1,0,1,0,0,1,8,0.125,0.0892187062,0.013108,0.533730,0.1426018872
390006,-0.190625333,-0.630516506,-1.686053131,-1.035150204,-0.591814703,0.6607559558,0.7000050712,-0.55939055,0.1392773383,1.0941189957,0.7675914583,1,1,1,1,1,1,1,1,1,1,1,11,0.0909090909,-0.121072873,0.013108,0.533730,-0.251401758
390009,0.0915074252,-0.069108068,0.5483598538,-0.933217624,1.0872245896,-0.431686009,-0.48428557,-0.116807273,1.3074411514,-0.187954898,0.0838771007,1,1,1,1,1,1,1,1,1,1,1,11,0.0909090909,0.0813955162,0.013108,0.533730,0.1279443084
390012,,-0.321266095,-1.387546091,0.2899733314,,-1.424815068,-0.48428557,0.0307204863,,,0.7675914583,0,1,1,1,0,1,1,1,0,0,1,7,0.1428571429,-0.361375364,0.013108,0.533730,-0.701634037
390013,0.2699995784,1.3724746144,1.1541535509,1.4112317072,,-0.431686009,0.5308206939,0.3257760046,-0.079753377,0.8610146514,0.4257342795,1,1,1,1,0,1,1,1,1,1,1,10,0.1,0.5839765694,0.013108,0.533730,1.0695833758
390016,1.2948900064,1.3677169158,-0.878328201,-0.627419885,,-0.133747291,-0.145916815,-0.854446069,1.0154001981,0.9775668235,0.0838771007,1,1,1,1,0,1,1,1,1,1,1,10,0.1,0.2099592783,0.013108,0.533730,0.3688221932
39001F,,-1.672452504,1.2200006919,,,0.1641914263,,1.9485813553,,,,0,1,1,0,0,1,0,1,0,0,0,4,0.25,0.4150802423,0.013108,0.533730,0.7531381399
390025,,,,,,,,,,,,0,0,0,0,0,0,0,0,0,0,0,0,,,0.013108,0.533730,
390026,,0.5018157664,0.0654808198,-0.015824407,,0.0648785204,-1.330207457,0.9158870412,,,-2.65098033,0,1,1,1,0,1,1,1,0,0,1,7,0.1428571429,-0.349850007,0.013108,0.533730,-0.680040054
390027,-1.250062629,-0.254658315,0.1708362454,2.2266923441,1.0872245896,-2.715882845,1.0383738259,-2.034668142,0.0662671,0.627910307,0.4257342795,1,1,1,1,1,1,1,1,1,1,1,11,0.0909090909,-0.055657567,0.013108,0.533730,-0.128839223
390028,,0.3543271091,-0.51836383,-1.544813102,,-0.034434386,,-1.001973828,0.3583080533,0.627910307,-0.257980078,0,1,1,1,0,1,0,1,1,1,1,8,0.125,-0.252127469,0.013108,0.533730,-0.496946485
390030,,0.078380589,0.8424770835,0.391905911,,0.2635043322,-0.48428557,-0.411862791,0.6503490066,0.7444624792,-1.967265972,0,1,1,1,0,1,1,1,1,1,1,9,0.1111111111,0.0119627853,0.013108,0.533730,-0.002145299
390032,,-0.216596726,0.473733094,0.2899733314,,0.1641914263,,0.3257760046,-0.079753377,0.8610146514,-0.257980078,0,1,1,1,0,1,0,1,1,1,1,8,0.125,0.1950447909,0.013108,0.533730,0.3408783145
390035,,-0.207081328,-1.198784287,-1.035150204,,-0.630311821,,0.0307204863,-1.028886475,0.627910307,0.0838771007,0,1,1,1,0,1,0,1,1,1,1,8,0.125,-0.419713278,0.013108,0.533730,-0.810936324
390036,1.1048822304,-0.078623466,1.4789994465,-0.933217624,0.1277735651,0.1641914263,-1.668576211,0.1782482455,1.0154001981,1.6768798566,-4.702123403,1,1,1,1,1,1,1,1,1,1,1,11,0.0909090909,-0.14874234,0.013108,0.533730,-0.303243446
390037,,0.8015507796,1.9048109582,-0.219689567,,1.2566333912,-0.653469947,0.9158870412,1.3074411514,1.0941189957,-4.360266224,0,1,1,1,0,1,1,1,1,1,1,9,0.1111111111,0.2274462866,0.013108,0.533730,0.4015859635
390039,,0.1735345614,0.2015649112,1.5131642868,,,-0.145916815,-0.116807273,-0.80985576,0.1617016183,0.4257342795,0,1,1,1,0,0,1,1,1,1,1,8,0.125,0.1753899761,0.013108,0.533730,0.3040529282
390041,0.0569605569,-0.525847136,-0.175958697,-0.525487306,,0.1641914263,,-0.116807273,0.5773387682,0.2782537905,0.4257342795,1,1,1,1,0,1,0,1,1,1,1,9,0.1111111111,0.0175976011,0.013108,0.533730,0.0084121277
390042,1.2833743836,0.4019040953,0.8161382271,-0.117756987,-0.351951947,-0.332373103,0.8691894486,-1.149501587,,,-0.941694436,1,1,1,1,1,1,1,1,0,0,1,9,0.1111111111,0.0530364549,0.013108,0.533730,0.0748105904
390044,0.3506089379,0.254415438,-0.197907744,1.8189620256,-2.03099124,-3.113134468,2.5610332219,-0.854446069,-0.517814807,-0.30450707,-0.941694436,1,1,1,1,1,1,1,1,1,1,1,11,0.0909090909,-0.270497837,0.013108,0.533730,-0.531365323
390045,0.4369761088,-1.244259628,0.7897993707,-1.239015363,0.8473618335,-0.630311821,1.2075582032,-0.411862791,-0.37179433,1.2106711679,0.0838771007,1,1,1,1,1,1,1,1,1,1,1,11,0.0909090909,0.0617272593,0.013108,0.533730,0.0910937368
390046,-0.50730496,0.6540621223,0.4342248094,-0.933217624,0.0078421871,-0.133747291,,1.653525837,-0.37179433,1.2106711679,0.0838771007,1,1,1,1,1,1,0,1,1,1,1,10,0.1,0.2098139019,0.013108,0.533730,0.3685498152
390048,,1.2630475461,0.1137687232,-0.015824407,,0.8593817676,,0.3257760046,0.1392773383,0.0451494461,1.1094486371,0,1,1,1,0,1,0,1,1,1,1,8,0.125,0.4800031319,0.013108,0.533730,0.87477808
390049,-0.328812806,-0.116685055,-0.268144695,0.7996362295,-0.831677459,0.462130144,1.8842957126,-2.034668142,-1.101896713,1.7934320288,-0.941694436,1,1,1,1,1,1,1,1,1,1,1,11,0.0909090909,-0.062189563,0.013108,0.533730,-0.141077611
39004F,,,,,,,,,,,,0,0,0,0,0,0,0,0,0,0,0,0,,,0.013108,0.533730,
390050,-0.242445636,-1.296594313,-0.720295063,-1.646745681,0.4875676993,-2.120005409,-1.161023079,-0.411862791,1.4534616281,-1.703133137,1.4513058159,1,1,1,1,1,1,1,1,1,1,1,11,0.0909090909,-0.537251815,0.013108,0.533730,-1.031157278
390056,,-0.345054588,-0.285703932,-0.015824407,,0.9586946735,0.1924519392,0.6208315229,,,1.1094486371,0,1,1,1,0,1,1,1,0,0,1,7,0.1428571429,0.3192634064,0.013108,0.533730,0.5736151049
390057,0.9494213228,0.910977848,0.561529282,-0.423554726,,0.6607559558,-0.48428557,0.6208315229,,,0.7675914583,1,1,1,1,0,1,1,1,0,0,1,8,0.125,0.4454083867,0.013108,0.533730,0.8099611447
390058,,1.1393473819,0.4342248094,0.2899733314,,-0.034434386,0.8691894486,0.0307204863,-0.882865998,0.5113581348,0.0838771007,0,1,1,1,0,1,1,1,1,1,1,9,0.1111111111,0.2712655899,0.013108,0.533730,0.4836860898
39005F,,,,,,,,0.7683592821,,,,0,0,0,0,0,0,0,1,0,0,0,1,1,0.7683592821,0.013108,0.533730,1.4150440023
390062,1.2430697038,1.201197464,0.0742604386,0.0861081721,,,,0.0307204863,,,0.4257342795,1,1,1,1,0,0,0,1,0,0,1,6,0.1666666667,0.5101817574,0.013108,0.533730,0.9313209452
390063,1.1912494013,-0.012015685,1.1322045039,0.5957710702,-0.591814703,-0.530998915,0.3616363166,1.2109425595,0.7233592449,2.0265363731,-1.283551615,1,1,1,1,1,1,1,1,1,1,1,11,0.0909090909,0.4384835047,0.013108,0.533730,0.7969866416
390065,2.0721945444,1.2963514364,1.4570503995,1.0035013887,,0.7600688617,,2.3911646327,-1.978019573,-0.421059243,0.7675914583,1,1,1,1,0,1,0,1,1,1,1,9,0.1111111111,0.8165382118,0.013108,0.533730,1.5053123524
390066,0.1375699164,-0.544877931,-0.386669548,1.3092991276,1.4470187238,0.3628172381,,0.3257760046,0.285297815,0.2782537905,0.7675914583,1,1,1,1,1,1,0,1,1,1,1,10,0.1,0.3982076595,0.013108,0.533730,0.7215255611
390067,-0.651250244,0.5541504513,0.1840056736,-0.117756987,0.3676363213,-0.729624727,0.3616363166,-0.706918309,0.9423899598,2.1430885453,-0.599837257,1,1,1,1,1,1,1,1,1,1,1,11,0.0909090909,0.1588654312,0.013108,0.533730,0.2730924354
390068,1.1970072127,0.5684235471,-1.440223804,0.391905911,,,0.0232675619,0.3257760046,,,-1.283551615,1,1,1,1,0,0,1,1,0,0,1,7,0.1428571429,-0.031056455,0.013108,0.533730,-0.082746421
39006F,,1.2297436557,1.0312388877,,,0.0648785204,2.0534800899,0.4733037638,,,,0,1,1,0,0,1,1,1,0,0,0,5,0.2,0.9705289835,0.013108,0.533730,1.7938304446
390070,0.4657651658,-0.854128341,1.7687268668,,,-0.530998915,,-0.116807273,,,,1,1,1,0,0,1,0,1,0,0,0,5,0.2,0.1465115007,0.013108,0.533730,0.2499460325
390073,-0.334570618,0.5874543416,0.5044617598,-0.525487306,0.3676363213,0.0648785204,0.0232675619,0.3257760046,1.0154001981,1.909984201,0.4257342795,1,1,1,1,1,1,1,1,1,1,1,11,0.0909090909,0.3967759332,0.013108,0.533730,0.7188430695
390079,0.5406167139,-0.506816342,0.2718018616,-5.010520809,1.3270873457,-0.034434386,1.2075582032,-0.264335032,-1.612968381,-0.421059243,0.0838771007,1,1,1,1,1,1,1,1,1,1,1,11,0.0909090909,-0.401744815,0.013108,0.533730,-0.777270498
390086,0.7709291696,0.2401423422,0.5088515692,-0.627419885,-0.112089191,0.0648785204,-0.48428557,1.0634148004,1.5264718664,-0.887267931,0.0838771007,1,1,1,1,1,1,1,1,1,1,1,11,0.0909090909,0.1952275265,0.013108,0.533730,0.341220689
390090,,0.5636658485,1.2375599295,-1.544813102,,,,-1.297029346,-1.612968381,-0.421059243,-0.257980078,0,1,1,1,0,0,0,1,1,1,1,7,0.1428571429,-0.476089196,0.013108,0.533730,-0.916562604
390091,,1.4438400937,-0.413008405,-0.117756987,,-0.332373103,0.8691894486,-0.706918309,1.0884104365,-0.421059243,-0.941694436,0,1,1,1,0,1,1,1,1,1,1,9,0.1111111111,0.052069944,0.013108,0.533730,0.0729997293
390093,,-1.23950193,1.8872517206,-0.831285044,,,,-1.149501587,0.5043285299,-0.187954898,-0.599837257,0,1,1,1,0,0,0,1,1,1,1,7,0.1428571429,-0.230928638,0.013108,0.533730,-0.457228219
390096,1.0818509848,0.8396123686,-0.566651734,-0.117756987,0.2477049432,0.7600688617,,1.3584703187,-1.831999096,1.3272233401,-0.257980078,1,1,1,1,1,1,0,1,1,1,1,10,0.1,0.2840542922,0.013108,0.533730,0.5076470839
390097,-1.474617274,-0.054834972,0.1971751018,0.4938384906,,-0.034434386,0.5308206939,-1.887140383,-0.444804568,0.5113581348,-0.257980078,1,1,1,1,0,1,1,1,1,1,1,10,0.1,-0.242061924,0.013108,0.533730,-0.478087615
39009F,0.9206322658,0.8110661769,1.0224592689,,,0.9586946735,-0.315101193,-0.116807273,,,,1,1,1,0,0,1,1,1,0,0,0,6,0.1666666667,0.5468239866,0.013108,0.533730,0.9999740595
390100,0.0684761797,1.957671545,0.7590707049,2.0228271849,-0.591814703,0.0648785204,0.0232675619,3.2763311877,0.8693797215,1.6768798566,0.0838771007,1,1,1,1,1,1,1,1,1,1,1,11,0.0909090909,0.9282586236,0.013108,0.533730,1.7146324287
390101,-0.392148732,0.6968814099,1.2024414543,1.2073665479,,0.0648785204,-0.822654325,-0.854446069,,,0.7675914583,1,1,1,1,0,1,1,1,0,0,1,8,0.125,0.2337387832,0.013108,0.533730,0.4133756253
390102,,-0.801793656,0.3025305274,1.5131642868,,-1.12687635,-2.514498098,-2.034668142,0.2122875767,0.2782537905,-0.257980078,0,1,1,1,0,1,1,1,1,1,1,9,0.1111111111,-0.492175571,0.013108,0.533730,-0.94670214
390104,,-1.044436286,1.5404567781,-0.219689567,,,,0.0307204863,,,0.0838771007,0,1,1,1,0,0,0,1,0,0,1,5,0.2,0.0781857025,0.013108,0.533730,0.121930381
390107,-0.253961258,0.4161771912,1.3736440209,-0.015824407,-0.232020569,-0.133747291,1.0383738259,0.4733037638,1.5264718664,1.2106711679,-0.257980078,1,1,1,1,1,1,1,1,1,1,1,11,0.0909090909,0.467737112,0.013108,0.533730,0.8517963867
390110,-0.150320653,-0.126200452,-0.96173458,-0.933217624,0.2477049432,-0.233060197,,-0.55939055,,,0.4257342795,1,1,1,1,1,1,0,1,0,0,1,8,0.125,-0.286310604,0.013108,0.533730,-0.560992224
390111,-0.196383144,-1.577298532,-1.699222559,0.391905911,-0.112089191,0.8593817676,,0.1782482455,-0.517814807,1.3272233401,1.1094486371,1,1,1,1,1,1,0,1,1,1,1,10,0.1,-0.023660033,0.013108,0.533730,-0.068888439
390112,,0.1116844794,-0.15839946,0.0861081721,,,-0.653469947,-0.116807273,,,,0,1,1,1,0,0,1,1,0,0,0,5,0.2,-0.146176806,0.013108,0.533730,-0.298436645
390113,-1.025507985,0.078380589,-0.680786778,1.1054339683,,1.0580075794,1.5459269579,1.2109425595,-0.079753377,0.7444624792,1.1094486371,1,1,1,1,0,1,1,1,1,1,1,10,0.1,0.5066554631,0.013108,0.533730,0.9247140576
390114,,0.872916259,0.4166655718,1.4112317072,,,-0.653469947,-1.739612624,-0.225773853,1.7934320288,-0.257980078,0,1,1,1,0,0,1,1,1,1,1,8,0.125,0.202176133,0.013108,0.533730,0.3542396427
390115,-0.967929871,-1.800910367,-0.988073436,-1.137082783,-0.591814703,-2.318631221,0.0232675619,-1.739612624,-1.028886475,-0.071402726,-0.941694436,1,1,1,1,1,1,1,1,1,1,1,11,0.0909090909,-1.051161007,0.013108,0.533730,-1.994020819
390116,,-0.035804178,1.6150835378,,,,,-0.264335032,,,1.1094486371,0,1,1,0,0,0,0,1,0,0,1,4,0.25,0.6060982413,0.013108,0.533730,1.1110306812
390117,,1.2154705598,1.3429153551,0.0861081721,,,,0.7683592821,0.2122875767,-0.537611415,0.4257342795,0,1,1,1,0,0,0,1,1,1,1,7,0.1428571429,0.5018948301,0.013108,0.533730,0.9157945053
390123,,-0.211839027,-0.193517935,1.2073665479,,0.1641914263,-0.315101193,0.3257760046,-0.663835283,0.8610146514,-0.599837257,0,1,1,1,0,1,1,1,1,1,1,9,0.1111111111,0.0638019928,0.013108,0.533730,0.0949809709
390125,-0.518820582,1.1345896832,0.3771572872,,,0.6607559558,0.0232675619,-0.411862791,,,0.0838771007,1,1,1,0,0,1,1,1,0,0,1,7,0.1428571429,0.1927091736,0.013108,0.533730,0.336502287
390127,0.8688119633,-1.068224779,-0.312042789,-0.729352465,,-1.325502162,,-0.264335032,1.3074411514,0.0451494461,-0.941694436,1,1,1,1,0,1,0,1,1,1,1,9,0.1111111111,-0.268861011,0.013108,0.533730,-0.528298556
39012F,-0.035164425,0.1687768628,0.1971751018,,,1.1573204853,0.1924519392,-1.444557105,,,,1,1,1,0,0,1,1,1,0,0,0,6,0.1666666667,0.0393338098,0.013108,0.533730,0.049137227
390133,0.6212260734,0.0070151097,0.0171929164,1.4112317072,0.1277735651,-3.510386092,-1.499391834,-1.149501587,-0.590825045,1.3272233401,0.0838771007,1,1,1,1,1,1,1,1,1,1,1,11,0.0909090909,-0.286778613,0.013108,0.533730,-0.561869089
390137,-2.177070264,-0.164262041,0.2718018616,1.2073665479,0.1277735651,-0.133747291,-0.315101193,0.6208315229,0.4313182916,0.627910307,0.7675914583,1,1,1,1,1,1,1,1,1,1,1,11,0.0909090909,0.1149466151,0.013108,0.533730,0.1908058614
390138,,1.1012857929,0.1840056736,0.4938384906,,-1.524127974,,-0.411862791,,,0.0838771007,0,1,1,1,0,1,0,1,0,0,1,6,0.1666666667,-0.012163951,0.013108,0.533730,-0.047349307
390139,0.966694757,-0.273689109,0.3727674778,1.2073665479,,-1.722753786,-0.653469947,-1.001973828,0.9423899598,1.4437755123,-0.941694436,1,1,1,1,0,1,1,1,1,1,1,10,0.1,0.0339413149,0.013108,0.533730,0.0390338142
39013F,,2.0337947229,1.5404567781,,,-1.226189256,0.0232675619,2.8337479102,,,,0,1,1,0,0,1,1,1,0,0,0,5,0.2,1.0410155434,0.013108,0.533730,1.9258945127
390142,0.0108980657,-0.221354424,-1.646544846,-1.748678261,,0.5614430499,-0.315101193,-1.739612624,0.8693797215,0.8610146514,0.4257342795,1,1,1,1,0,1,1,1,1,1,1,10,0.1,-0.294282158,0.013108,0.533730,-0.575927778
390145,0.6269838848,-1.891306641,-0.329602026,-0.423554726,0.0078421871,1.1573204853,-1.330207457,-0.116807273,,,0.4257342795,1,1,1,1,1,1,1,1,0,0,1,9,0.1111111111,-0.208177476,0.013108,0.533730,-0.414601497
390146,,0.3257809174,-0.535923068,-0.933217624,,-0.928250539,0.5308206939,1.0634148004,1.2344309131,0.9775668235,-0.599837257,0,1,1,1,0,1,1,1,1,1,1,9,0.1111111111,0.1260872956,0.013108,0.533730,0.2116791115
390147,,-2.224345544,-0.781752394,0.4938384906,,0.8593817676,-0.315101193,-0.264335032,,,0.0838771007,0,1,1,1,0,1,1,1,0,0,1,7,0.1428571429,-0.306919544,0.013108,0.533730,-0.599605264
390150,,,-0.320822407,,,,,-0.116807273,,,,0,0,1,0,0,0,0,1,0,0,0,2,0.5,-0.21881484,0.013108,0.533730,-0.43453173
390151,0.0684761797,1.1012857929,0.3552082402,,,0.6607559558,,0.0307204863,0.0662671,0.0451494461,0.0838771007,1,1,1,0,0,1,0,1,1,1,1,8,0.125,0.3014675377,0.013108,0.533730,0.5402726518
390153,1.3351946861,0.1735345614,-0.316432598,1.0035013887,,-0.928250539,0.7000050712,-1.592084864,0.4313182916,0.9775668235,-0.257980078,1,1,1,1,0,1,1,1,1,1,1,10,0.1,0.1526372744,0.013108,0.533730,0.261423321
390156,,-0.573424122,-2.906420144,1.2073665479,,-2.318631221,,-2.32972366,-0.444804568,0.3948059626,0.4257342795,0,1,1,1,0,1,0,1,1,1,1,8,0.125,-0.818137116,0.013108,0.533730,-1.557425769
390157,,,,0.4938384906,,,,,,,-1.967265972,0,0,0,1,0,0,0,0,0,0,1,2,0.5,-0.736713741,0.013108,0.533730,-1.404870414
390160,,-0.259416013,-0.851989345,-0.729352465,,0.0648785204,,-0.264335032,,,-0.257980078,0,1,1,1,0,1,0,1,0,0,1,6,0.1666666667,-0.383032402,0.013108,0.533730,-0.742210802
390162,,0.8110661769,1.2375599295,-0.933217624,,-1.325502162,,-1.444557105,,,0.0838771007,0,1,1,1,0,1,0,1,0,0,1,6,0.1666666667,-0.261795614,0.013108,0.533730,-0.515060782
390163,,1.1583781764,-0.588600781,-0.117756987,,-0.431686009,-0.991838702,-1.297029346,0.0662671,-0.654163587,0.0838771007,0,1,1,1,0,1,1,1,1,1,1,9,0.1111111111,-0.308061448,0.013108,0.533730,-0.601744745
390164,1.0876087962,1.0965280943,-0.891497629,1.1054339683,-0.232020569,-0.332373103,0.5308206939,-0.411862791,2.3295844879,1.6768798566,-0.941694436,1,1,1,1,1,1,1,1,1,1,1,11,0.0909090909,0.4561279426,0.013108,0.533730,0.830045373
390168,-0.017890991,-1.158621053,-0.909056867,-0.219689567,-0.112089191,-0.630311821,0.3616363166,0.1782482455,1.2344309131,0.627910307,-0.257980078,1,1,1,1,1,1,1,1,1,1,1,11,0.0909090909,-0.082128526,0.013108,0.533730,-0.17843538
390173,-0.046680048,0.5493927526,0.7371216579,1.2073665479,,0.462130144,-0.48428557,-0.706918309,-0.444804568,-1.470028792,-1.967265972,1,1,1,1,0,1,1,1,1,1,1,10,0.1,-0.216397216,0.013108,0.533730,-0.430002054
390174,-1.797054712,-2.176768558,-0.259365076,1.0035013887,0.0078421871,-1.027563445,-0.991838702,-1.592084864,-1.028886475,1.909984201,-0.599837257,1,1,1,1,1,1,1,1,1,1,1,11,0.0909090909,-0.595642847,0.013108,0.533730,-1.140559087
390178,,0.2829616298,-0.30326317,0.7996362295,,,-0.145916815,-0.264335032,0.8693797215,1.3272233401,0.0838771007,0,1,1,1,0,0,1,1,1,1,1,8,0.125,0.3311953755,0.013108,0.533730,0.5959709184
390179,-0.38639092,0.796793081,-0.048654225,-0.729352465,-1.071540215,-0.233060197,0.1924519392,-0.116807273,-0.882865998,2.4927450619,1.4513058159,1,1,1,1,1,1,1,1,1,1,1,11,0.0909090909,0.1331476913,0.013108,0.533730,0.2249075139
390180,-0.017890991,0.040319,0.8161382271,0.0861081721,,0.6607559558,,0.4733037638,0.0662671,0.7444624792,0.4257342795,1,1,1,1,0,1,0,1,1,1,1,9,0.1111111111,0.3661331096,0.013108,0.533730,0.6614304798
390183,,0.4637541774,0.9697815561,0.5957710702,,-0.034434386,,-1.001973828,-0.444804568,0.627910307,0.4257342795,0,1,1,1,0,1,0,1,1,1,1,8,0.125,0.2002173261,0.013108,0.533730,0.3505696095
390184,,,,-0.525487306,,,,0.0307204863,,,,0,0,0,1,0,0,0,1,0,0,0,2,0.5,-0.24738341,0.013108,0.533730,-0.488057984
390185,,0.3400540132,-0.575431353,-0.423554726,,-0.233060197,-0.315101193,-0.116807273,-0.298784092,-1.35347662,-1.967265972,0,1,1,1,0,1,1,1,1,1,1,9,0.1111111111,-0.549269712,0.013108,0.533730,-1.053674087
390195,-0.190625333,0.6160005334,-0.246195648,-1.442880522,1.0872245896,-0.034434386,-1.837760589,-0.411862791,0.0662671,0.627910307,-0.257980078,1,1,1,1,1,1,1,1,1,1,1,11,0.0909090909,-0.18403062,0.013108,0.533730,-0.369359793
390198,,-0.944524615,0.3727674778,-0.321622146,,,,0.0307204863,,,0.0838771007,0,1,1,1,0,0,0,1,0,0,1,5,0.2,-0.155756339,0.013108,0.533730,-0.316384921
390199,,1.3439284226,0.8907649869,0.2899733314,,,,0.7683592821,-0.80985576,0.7444624792,0.0838771007,0,1,1,1,0,0,0,1,1,1,1,7,0.1428571429,0.4730728347,0.013108,0.533730,0.861793431
390201,0.3448511265,0.506573465,-0.926616104,0.4938384906,-0.232020569,-1.524127974,-0.991838702,0.1782482455,-0.882865998,0.5113581348,-1.283551615,1,1,1,1,1,1,1,1,1,1,1,11,0.0909090909,-0.346013773,0.013108,0.533730,-0.672852462
390203,-0.420937789,0.6445467251,0.9346630809,1.8189620256,-0.232020569,0.1641914263,-0.48428557,-0.411862791,1.0154001981,0.7444624792,-2.309123151,1,1,1,1,1,1,1,1,1,1,1,11,0.0909090909,0.1330905514,0.013108,0.533730,0.2248004561
390204,-0.288508127,-0.012015685,0.1269381514,0.5957710702,,-1.62344088,,-0.411862791,,,0.7675914583,1,1,1,1,0,1,0,1,0,0,1,7,0.1428571429,-0.120789543,0.013108,0.533730,-0.250870909
390211,1.1048822304,0.4589964788,0.6537152793,-0.015824407,,0.1641914263,1.2075582032,-0.116807273,,,0.0838771007,1,1,1,1,0,1,1,1,0,0,1,8,0.125,0.4425736298,0.013108,0.533730,0.8046499261
390217,,0.1592614656,-0.184738316,1.2073665479,,-0.332373103,,-0.116807273,-0.152763615,0.2782537905,,0,1,1,1,0,1,0,1,1,1,0,7,0.1428571429,0.1225999281,0.013108,0.533730,0.2051451575
390219,,0.040319,0.5439700444,-0.627419885,,0.6607559558,0.8691894486,-0.264335032,1.3804513897,0.0451494461,0.4257342795,0,1,1,1,0,1,1,1,1,1,1,9,0.1111111111,0.3415349608,0.013108,0.533730,0.6153432312
390222,0.586679205,1.743575107,0.1576668172,-0.627419885,,0.462130144,-1.330207457,0.6208315229,,,-0.941694436,1,1,1,1,0,1,1,1,0,0,1,8,0.125,0.0839451273,0.013108,0.533730,0.1327212761
390223,0.0972652366,-0.259416013,-2.208440449,0.1880407518,0.0078421871,-0.828937633,1.0383738259,0.9158870412,-1.174906951,0.1617016183,0.7675914583,1,1,1,1,1,1,1,1,1,1,1,11,0.0909090909,-0.117727175,0.013108,0.533730,-0.245133236
390225,-0.242445636,0.4780272733,0.0435317728,0.2899733314,,0.5614430499,,1.653525837,-1.174906951,1.0941189957,1.1094486371,1,1,1,1,0,1,0,1,1,1,1,9,0.1111111111,0.4236351456,0.013108,0.533730,0.7691666612
390226,,-1.006374697,-0.843209726,0.0861081721,,-0.332373103,-0.315101193,-0.706918309,-0.882865998,1.4437755123,1.1094486371,0,1,1,1,0,1,1,1,1,1,1,9,0.1111111111,-0.160834523,0.013108,0.533730,-0.325899438
390228,-0.271234693,0.7111545058,1.1058656475,0.2899733314,0.3676363213,-0.630311821,0.3616363166,0.4733037638,-0.37179433,0.8610146514,0.0838771007,1,1,1,1,1,1,1,1,1,1,1,11,0.0909090909,0.2710109814,0.013108,0.533730,0.4832090535
390231,-0.743375227,-0.430693164,-1.378766473,0.0861081721,-0.232020569,0.6607559558,0.5308206939,-2.477251419,0.5773387682,0.627910307,-0.257980078,1,1,1,1,1,1,1,1,1,1,1,11,0.0909090909,-0.276104821,0.013108,0.533730,-0.541870604
390233,0.7363823013,0.2972347256,0.6098171853,-0.321622146,,1.0580075794,0.8691894486,-0.116807273,-0.955876236,0.7444624792,0.7675914583,1,1,1,1,0,1,1,1,1,1,1,10,0.1,0.3688379522,0.013108,0.533730,0.6664982902
390237,1.1048822304,-1.034920889,-0.571041543,-0.729352465,1.2071559677,1.1573204853,-2.345313721,0.1782482455,,,0.0838771007,1,1,1,1,1,1,1,1,0,0,1,9,0.1111111111,-0.10546051,0.013108,0.533730,-0.222150334
390256,0.1721167847,0.3781156022,-1.694832749,-1.442880522,0.2477049432,1.3559462971,-1.330207457,0.6208315229,-0.444804568,-1.120372276,0.0838771007,1,1,1,1,1,1,1,1,1,1,1,11,0.0909090909,-0.288591393,0.013108,0.533730,-0.565265524
390258,0.5175854683,-0.544877931,-0.048654225,0.2899733314,0.1277735651,-3.510386092,-1.837760589,-0.411862791,0.285297815,0.5113581348,0.4257342795,1,1,1,1,1,1,1,1,1,1,1,11,0.0909090909,-0.381438094,0.013108,0.533730,-0.739223696
390265,-0.443969034,0.0926536849,-0.698346016,-0.729352465,-0.471883325,0.1641914263,-1.837760589,0.0307204863,0.7963694832,-0.071402726,-0.941694436,1,1,1,1,1,1,1,1,1,1,1,11,0.0909090909,-0.37367941,0.013108,0.533730,-0.724686976
390266,,-0.349812287,0.8336974647,-0.627419885,,,,1.0634148004,-0.590825045,0.9775668235,1.1094486371,0,1,1,1,0,0,0,1,1,1,1,7,0.1428571429,0.3451529298,0.013108,0.533730,0.6221218811
390267,0.2757573898,-0.78752056,-0.07938289,0.391905911,-0.591814703,-1.524127974,-0.822654325,-1.297029346,1.1614206748,0.3948059626,0.0838771007,1,1,1,1,1,1,1,1,1,1,1,11,0.0909090909,-0.254069342,0.013108,0.533730,-0.500584789
390268,0.805476038,0.5779389444,0.6581050887,1.6150968664,,0.0648785204,1.0383738259,-0.411862791,,,0.0838771007,1,1,1,1,0,1,1,1,0,0,1,8,0.125,0.5539854492,0.013108,0.533730,1.0133918215
390270,0.0051402543,0.2163538491,-0.202297554,-0.117756987,-0.471883325,0.462130144,0.0232675619,0.0307204863,-1.24791719,1.7934320288,0.0838771007,1,1,1,1,1,1,1,1,1,1,1,11,0.0909090909,0.0522787609,0.013108,0.533730,0.0733909699
390272,,,,,,,,,,,,0,0,0,0,0,0,0,0,0,0,0,0,,,0.013108,0.533730,
390278,,,,,,,,,,,,0,0,0,0,0,0,0,0,0,0,0,0,,,0.013108,0.533730,
390304,,-1.191924943,-1.655324465,-0.321622146,,-0.233060197,,0.6208315229,,,,0,1,1,1,0,1,0,1,0,0,0,5,0.2,-0.556220046,0.013108,0.533730,-1.066696276
390307,,,,,,,0.7000050712,0.6208315229,,,-2.309123151,0,0,0,0,0,0,1,1,0,0,1,3,0.3333333333,-0.329428852,0.013108,0.533730,-0.641778849
390316,,,,0.7996362295,,,0.0232675619,-0.55939055,,,-0.257980078,0,0,0,1,0,0,1,1,0,0,1,4,0.25,0.0013832907,0.013108,0.533730,-0.021967108
390322,,,,,,,1.7151113352,2.2436368736,,,1.4513058159,0,0,0,0,0,0,1,1,0,0,1,3,0.3333333333,1.8033513416,0.013108,0.533730,3.3542117273
390323,,,,,,,1.2075582032,0.7683592821,,,-2.65098033,0,0,0,0,0,0,1,1,0,0,1,3,0.3333333333,-0.225020948,0.013108,0.533730,-0.446159534
390324,,,,,,,3.0685863539,0.7683592821,,,-1.625408793,0,0,0,0,0,0,1,1,0,0,1,3,0.3333333333,0.7371789475,0.013108,0.533730,1.3566243286
390325,,,,,,,2.0534800899,1.3584703187,,,1.7931629948,0,0,0,0,0,0,1,1,0,0,1,3,0.3333333333,1.7350378011,0.013108,0.533730,3.2262190421
390326,-0.294265938,0.4019040953,0.5966477571,0.7996362295,,-0.630311821,0.0232675619,-2.034668142,-0.444804568,0.7444624792,-0.257980078,1,1,1,1,0,1,1,1,1,1,1,10,0.1,-0.109611242,0.013108,0.533730,-0.229927173
390327,,,,,,,,0.3257760046,,,1.4513058159,0,0,0,0,0,0,0,1,0,0,1,2,0.5,0.8885409103,0.013108,0.533730,1.6402170676
390328,-0.000617557,-1.039678587,-0.579821162,1.4112317072,,0.3628172381,-0.315101193,-0.264335032,,,1.1094486371,1,1,1,1,0,1,1,1,0,0,1,8,0.125,0.0854930064,0.013108,0.533730,0.1356213923
390329,0.3851558063,-1.401263683,0.6054273759,0.1880407518,-0.591814703,-0.133747291,-0.48428557,-1.444557105,0.4313182916,0.9775668235,0.4257342795,1,1,1,1,1,1,1,1,1,1,1,11,0.0909090909,-0.094765911,0.013108,0.533730,-0.202112866
390330,0.2699995784,-0.116685055,-0.206687363,0.7996362295,,-3.411073186,-0.991838702,-3.214890215,-1.101896713,-1.936237481,-0.599837257,1,1,1,1,0,1,1,1,1,1,1,10,0.1,-1.050951016,0.013108,0.533730,-1.993627378
390331,,,,,,,,,,,0.7675914583,0,0,0,0,0,0,0,0,0,0,1,1,1,0.7675914583,0.013108,0.533730,1.4136054028
390332,,0.7254276017,-0.59299059,-0.015824407,,0.2635043322,,0.0307204863,,,-0.257980078,0,1,1,1,0,1,0,1,0,0,1,6,0.1666666667,0.0254762241,0.013108,0.533730,0.023173566
390333,,,,,,,,0.3257760046,,,,0,0,0,0,0,0,0,1,0,0,0,1,1,0.3257760046,0.013108,0.533730,0.5858171505
390334,,0.7301853003,0.5308006162,,,,,-1.297029346,0.9423899598,0.3948059626,0.4257342795,0,1,1,0,0,0,0,1,1,1,1,6,0.1666666667,0.2878144621,0.013108,0.533730,0.5146921622
390335,,0.4542387802,1.4833892559,0.0861081721,,-1.12687635,-0.991838702,-1.149501587,,,-1.967265972,0,1,1,1,0,1,1,1,0,0,1,7,0.1428571429,-0.458820915,0.013108,0.533730,-0.884208643
390336,,-1.729544888,0.473733094,,,,,-1.149501587,,,-0.257980078,0,1,1,0,0,0,0,1,0,0,1,4,0.25,-0.665823365,0.013108,0.533730,-1.272049753
390337,,,,0.391905911,,,,-0.411862791,,,0.4257342795,0,0,0,1,0,0,0,1,0,0,1,3,0.3333333333,0.1352591331,0.013108,0.533730,0.2288635247
390338,,,,,,,0.3616363166,0.0307204863,,,0.4257342795,0,0,0,0,0,0,1,1,0,0,1,3,0.3333333333,0.2726970275,0.013108,0.533730,0.4863680403
390339,,-0.483027848,,,,,,-1.592084864,,,,0,1,0,0,0,0,0,1,0,0,0,2,0.5,-1.037556356,0.013108,0.533730,-1.968531058
391300,,-0.659062698,0.232293577,-0.219689567,,,,-0.264335032,,,-0.257980078,0,1,1,1,0,0,0,1,0,0,1,5,0.2,-0.233754759,0.013108,0.533730,-0.462523258
391301,,1.0774972998,0.0962094856,-0.015824407,,,,-1.444557105,,,0.4257342795,0,1,1,1,0,0,0,1,0,0,1,5,0.2,0.0278119104,0.013108,0.533730,0.0275497229
391302,,,,0.4938384906,,,,-0.411862791,,,,0,0,0,1,0,0,0,1,0,0,0,2,0.5,0.0409878497,0.013108,0.533730,0.0522362468
391303,,-0.359327684,0.7854095613,-0.015824407,,-0.431686009,,-0.264335032,,,,0,1,1,1,0,1,0,1,0,0,0,5,0.2,-0.057152714,0.013108,0.533730,-0.13164054
391304,,,,,,,,,,,,0,0,0,0,0,0,0,0,0,0,0,0,,,0.013108,0.533730,
391305,,-0.487785547,0.7590707049,-0.729352465,,-0.233060197,,-0.264335032,,,,0,1,1,1,0,1,0,1,0,0,0,5,0.2,-0.191092507,0.013108,0.533730,-0.38259099
391306,,0.4780272733,0.4254451906,0.5957710702,,0.1641914263,,0.1782482455,,,,0,1,1,1,0,1,0,1,0,0,0,5,0.2,0.3683366412,0.013108,0.533730,0.6655590306
391307,,,,0.1880407518,,,,-1.149501587,,,0.4257342795,0,0,0,1,0,0,0,1,0,0,1,3,0.3333333333,-0.178575519,0.013108,0.533730,-0.359139081
391308,,0.078380589,0.7020031827,,,,,0.0307204863,,,,0,1,1,0,0,0,0,1,0,0,0,3,0.3333333333,0.270368086,0.013108,0.533730,0.4820045207
391309,,0.7539737934,,-0.525487306,,,,0.0307204863,,,,0,1,0,1,0,0,0,1,0,0,0,3,0.3333333333,0.0864023247,0.013108,0.533730,0.1373250969
391312,,,1.6238631566,0.7996362295,,,,0.0307204863,0.5773387682,0.3948059626,0.0838771007,0,0,1,1,0,0,0,1,1,1,1,6,0.1666666667,0.585040284,0.013108,0.533730,1.0715763582
391313,,-0.778005163,0.5571394726,,,1.5545721089,2.0534800899,0.4733037638,0.7963694832,-1.236924448,,0,1,1,0,0,1,1,1,1,1,0,7,0.1428571429,0.4885621868,0.013108,0.533730,0.8908143797
391314,,1.1488627791,1.2419497389,,,,,-1.739612624,,,,0,1,1,0,0,0,0,1,0,0,0,3,0.3333333333,0.2170666315,0.013108,0.533730,0.3821385755
391315,,1.7578482028,0.6142069947,-0.729352465,,0.6607559558,0.3616363166,-0.116807273,,,0.4257342795,0,1,1,1,0,1,1,1,0,0,1,7,0.1428571429,0.4248602874,0.013108,0.533730,0.7714620947
391316,,-0.149988945,0.1313279608,-1.544813102,,0.462130144,0.8691894486,-0.854446069,0.5773387682,-0.30450707,0.7675914583,0,1,1,1,0,1,1,1,1,1,1,9,0.1111111111,-0.005130823,0.013108,0.533730,-0.034171992
391317,,,,0.1880407518,,,,-0.264335032,,,,0,0,0,1,0,0,0,1,0,0,0,2,0.5,-0.03814714,0.013108,0.533730,-0.096031575
400001,,,,,,,0.0232675619,-0.55939055,,,,0,0,0,0,0,0,1,1,0,0,0,2,0.5,-0.268061494,0.013108,0.533730,-0.526800575
400003,,,,,,,,-0.55939055,,,,0,0,0,0,0,0,0,1,0,0,0,1,1,-0.55939055,0.013108,0.533730,-1.072636553
400004,,-2.852361763,,,,,,0.3257760046,,,,0,1,0,0,0,0,0,1,0,0,0,2,0.5,-1.263292879,0.013108,0.533730,-2.391472447
400005,,,,,,,,-0.55939055,,,,0,0,0,0,0,0,0,1,0,0,0,1,1,-0.55939055,0.013108,0.533730,-1.072636553
400006,,,-1.290970285,,,,,-3.362417974,,,,0,0,1,0,0,0,0,1,0,0,0,2,0.5,-2.326694129,0.013108,0.533730,-4.383867813
400007,,,,,,,,-0.411862791,,,,0,0,0,0,0,0,0,1,0,0,0,1,1,-0.411862791,0.013108,0.533730,-0.796227603
400011,,,,,,,,-1.297029346,,,,0,0,0,0,0,0,0,1,0,0,0,1,1,-1.297029346,0.013108,0.533730,-2.454681306
400012,,,,,,,,0.1782482455,,,,0,0,0,0,0,0,0,1,0,0,0,1,1,0.1782482455,0.013108,0.533730,0.3094081998
400013,,,,,,,,-0.55939055,,,,0,0,0,0,0,0,0,1,0,0,0,1,1,-0.55939055,0.013108,0.533730,-1.072636553
400014,,,,,,,0.5308206939,-0.411862791,,,,0,0,0,0,0,0,1,1,0,0,0,2,0.5,0.0594789514,0.013108,0.533730,0.0868812928
400015,,,,,,,,-3.067362456,,,,0,0,0,0,0,0,0,1,0,0,0,1,1,-3.067362456,0.013108,0.533730,-5.771588714
400016,-1.388250103,-2.319499517,-1.76067989,,,0.3628172381,1.2075582032,-1.001973828,,,,1,1,1,0,0,1,1,1,0,0,0,6,0.1666666667,-0.816671316,0.013108,0.533730,-1.554679437
400018,,,,,,,,-1.001973828,,,,0,0,0,0,0,0,0,1,0,0,0,1,1,-1.001973828,0.013108,0.533730,-1.901863405
400019,,-0.102411959,0.9258834621,,,,,-1.297029346,,,,0,1,1,0,0,0,0,1,0,0,0,3,0.3333333333,-0.157852614,0.013108,0.533730,-0.320312515
400021,,,-2.313795875,,,,-0.315101193,-0.116807273,,,,0,0,1,0,0,0,1,1,0,0,0,3,0.3333333333,-0.91523478,0.013108,0.533730,-1.739348572
400022,,,,-1.137082783,,,,-0.411862791,,,,0,0,0,1,0,0,0,1,0,0,0,2,0.5,-0.774472787,0.013108,0.533730,-1.475616004
400032,,,,,,,,-2.32972366,,,,0,0,0,0,0,0,0,1,0,0,0,1,1,-2.32972366,0.013108,0.533730,-4.389543961
40003F,-1.463101651,-1.258532724,-0.935395723,,,-4.602828057,0.1924519392,-0.706918309,,,,1,1,1,0,0,1,1,1,0,0,0,6,0.1666666667,-1.462387421,0.013108,0.533730,-2.76449725
400044,,,1.1804924073,,,,,-2.32972366,,,,0,0,1,0,0,0,0,1,0,0,0,2,0.5,-0.574615626,0.013108,0.533730,-1.101162353
400048,,,,,,,,-0.706918309,,,,0,0,0,0,0,0,0,1,0,0,0,1,1,-0.706918309,0.013108,0.533730,-1.349045504
400061,,,,,,,,-0.854446069,,,,0,0,0,0,0,0,0,1,0,0,0,1,1,-0.854446069,0.013108,0.533730,-1.625454455
400079,,,,,,,,0.0307204863,,,,0,0,0,0,0,0,0,1,0,0,0,1,1,0.0307204863,0.013108,0.533730,0.0329992492
400087,,,,,,,,-0.55939055,,,,0,0,0,0,0,0,0,1,0,0,0,1,1,-0.55939055,0.013108,0.533730,-1.072636553
400098,,,,,,,,-0.264335032,,,,0,0,0,0,0,0,0,1,0,0,0,1,1,-0.264335032,0.013108,0.533730,-0.519818652
400102,,,,,,,,-2.034668142,,,,0,0,0,0,0,0,0,1,0,0,0,1,1,-2.034668142,0.013108,0.533730,-3.83672606
400103,,-1.401263683,,,,,,-1.444557105,,,,0,1,0,0,0,0,0,1,0,0,0,2,0.5,-1.422910394,0.013108,0.533730,-2.690532841
400104,,,,,,,0.0232675619,-2.182195901,,,,0,0,0,0,0,0,1,1,0,0,0,2,0.5,-1.07946417,0.013108,0.533730,-2.047049804
400105,,,,,,,,-0.264335032,,,,0,0,0,0,0,0,0,1,0,0,0,1,1,-0.264335032,0.013108,0.533730,-0.519818652
400106,,,,,,,,-1.297029346,,,,0,0,0,0,0,0,0,1,0,0,0,1,1,-1.297029346,0.013108,0.533730,-2.454681306
400109,-1.940999997,-0.406904671,-2.208440449,,,,,-1.887140383,,,,1,1,1,0,0,0,0,1,0,0,0,4,0.25,-1.610871375,0.013108,0.533730,-3.042697733
400110,,,,,,,,-0.264335032,,,,0,0,0,0,0,0,0,1,0,0,0,1,1,-0.264335032,0.013108,0.533730,-0.519818652
400111,,,,,,,,-1.149501587,,,,0,0,0,0,0,0,0,1,0,0,0,1,1,-1.149501587,0.013108,0.533730,-2.178272356
400112,,,,,,,,-0.55939055,,,,0,0,0,0,0,0,0,1,0,0,0,1,1,-0.55939055,0.013108,0.533730,-1.072636553
400113,,,,,,,,-1.444557105,,,,0,0,0,0,0,0,0,1,0,0,0,1,1,-1.444557105,0.013108,0.533730,-2.731090257
400114,,-1.163378752,,,,,,-1.297029346,,,,0,1,0,0,0,0,0,1,0,0,0,2,0.5,-1.230204049,0.013108,0.533730,-2.329477003
400115,,,,,,,,-1.149501587,,,,0,0,0,0,0,0,0,1,0,0,0,1,1,-1.149501587,0.013108,0.533730,-2.178272356
400117,,,,,,,,-0.854446069,,,,0,0,0,0,0,0,0,1,0,0,0,1,1,-0.854446069,0.013108,0.533730,-1.625454455
400118,,,,,,,,-2.477251419,,,,0,0,0,0,0,0,0,1,0,0,0,1,1,-2.477251419,0.013108,0.533730,-4.665952911
400120,,,0.1488871984,,,,,-2.182195901,,,,0,0,1,0,0,0,0,1,0,0,0,2,0.5,-1.016654351,0.013108,0.533730,-1.929368928
400123,,,,,,,,-0.116807273,,,,0,0,0,0,0,0,0,1,0,0,0,1,1,-0.116807273,0.013108,0.533730,-0.243409701
400124,-0.075469105,1.201197464,,,,,,0.1782482455,,,,1,1,0,0,0,0,0,1,0,0,0,3,0.3333333333,0.4346588681,0.013108,0.533730,0.789820778
400126,,,,,,,,0.0307204863,,,,0,0,0,0,0,0,0,1,0,0,0,1,1,0.0307204863,0.013108,0.533730,0.0329992492
400127,,,,,,,,,,,,0,0,0,0,0,0,0,0,0,0,0,0,,,0.013108,0.533730,
400128,,,,,,,,0.1782482455,,,,0,0,0,0,0,0,0,1,0,0,0,1,1,0.1782482455,0.013108,0.533730,0.3094081998
400132,,,,,,,,-0.411862791,,,,0,0,0,0,0,0,0,1,0,0,0,1,1,-0.411862791,0.013108,0.533730,-0.796227603
400137,,,,,,,,,,,,0,0,0,0,0,0,0,0,0,0,0,0,,,0.013108,0.533730,
410004,,0.116442178,1.5141179217,1.2073665479,,0.462130144,,1.2109425595,0.6503490066,-0.421059243,1.1094486371,0,1,1,1,0,1,0,1,1,1,1,8,0.125,0.731217219,0.013108,0.533730,1.3454543961
410005,,-0.13095815,0.1620566266,0.1880407518,,0.2635043322,,0.1782482455,,,0.0838771007,0,1,1,1,0,1,0,1,0,0,1,6,0.1666666667,0.124128151,0.013108,0.533730,0.2080084457
410006,,0.6302736292,-0.127670794,-0.729352465,,0.9586946735,0.5308206939,1.5059980778,,,0.4257342795,0,1,1,1,0,1,1,1,0,0,1,7,0.1428571429,0.4563568708,0.013108,0.533730,0.8304742943
410007,-0.576398696,-0.773247464,-0.268144695,1.0035013887,0.8473618335,0.5614430499,0.3616363166,-1.001973828,0.9423899598,2.1430885453,0.0838771007,1,1,1,1,1,1,1,1,1,1,1,11,0.0909090909,0.3021394101,0.013108,0.533730,0.5415314762
410008,,0.0926536849,0.5351904256,-1.748678261,,0.2635043322,-0.145916815,0.7683592821,1.3074411514,1.5603276844,-1.625408793,0,1,1,1,0,1,1,1,1,1,1,9,0.1111111111,0.1119414101,0.013108,0.533730,0.1851752901
410009,-1.071570476,0.330538616,0.0610910104,0.0861081721,,-3.907637716,0.7000050712,-1.739612624,0.7963694832,-0.071402726,0.0838771007,1,1,1,1,0,1,1,1,1,1,1,10,0.1,-0.473223409,0.013108,0.533730,-0.911193247
410010,,,,1.3092991276,,,,0.0307204863,-1.758988858,-0.071402726,0.7675914583,0,0,0,1,0,0,0,1,1,1,1,5,0.2,0.0554438976,0.013108,0.533730,0.0793211904
410011,0.1606011619,-0.083381164,0.0830400574,,,-1.424815068,,-1.444557105,-0.663835283,0.5113581348,-0.599837257,1,1,1,0,0,1,0,1,1,1,1,8,0.125,-0.432678315,0.013108,0.533730,-0.835227702
410012,0.909116643,0.6778506155,0.1357177702,0.391905911,,-2.020692504,1.2075582032,-0.55939055,1.1614206748,0.7444624792,-0.257980078,1,1,1,1,0,1,1,1,1,1,1,10,0.1,0.2389969165,0.013108,0.533730,0.4232272974
410013,,0.7111545058,0.5308006162,0.2899733314,,0.0648785204,,1.9485813553,0.1392773383,0.7444624792,0.7675914583,0,1,1,1,0,1,0,1,1,1,1,8,0.125,0.6495899506,0.013108,0.533730,1.1925170253
41005F,,-1.225228834,-0.711515444,,,-0.828937633,-0.145916815,-2.624779178,,,,0,1,1,0,0,1,1,1,0,0,0,5,0.2,-1.107275581,0.013108,0.533730,-2.099157441
420002,-0.455484657,0.3400540132,0.6361560417,-0.219689567,0.4875676993,-0.828937633,0.5308206939,1.0634148004,,,0.7675914583,1,1,1,1,1,1,1,1,0,0,1,9,0.1111111111,0.25794365,0.013108,0.533730,0.4587260182
420004,0.2009058417,0.292477027,-0.149619841,-0.729352465,-0.831677459,-0.928250539,-0.48428557,-0.264335032,-1.320927428,-0.187954898,1.1094486371,1,1,1,1,1,1,1,1,1,1,1,11,0.0909090909,-0.299415611,0.013108,0.533730,-0.58554585
420005,,0.0355613014,-0.922226295,-0.015824407,,0.5614430499,,-0.411862791,,,0.7675914583,0,1,1,1,0,1,0,1,0,0,1,6,0.1666666667,0.0024470526,0.013108,0.533730,-0.019974036
420007,-0.708828358,-1.667694806,-0.355940883,-0.525487306,-0.951608837,0.7600688617,0.1924519392,0.9158870412,1.0154001981,-0.30450707,0.0838771007,1,1,1,1,1,1,1,1,1,1,1,11,0.0909090909,-0.140580193,0.013108,0.533730,-0.287950796
420009,,-0.492543246,-0.430567642,0.2899733314,,-1.524127974,-0.822654325,0.3257760046,,,-0.599837257,0,1,1,1,0,1,1,1,0,0,1,7,0.1428571429,-0.464854444,0.013108,0.533730,-0.895513101
420010,,-0.278446808,-0.948565151,-0.219689567,,-1.325502162,,-1.149501587,,,0.4257342795,0,1,1,1,0,1,0,1,0,0,1,6,0.1666666667,-0.582661833,0.013108,0.533730,-1.116237776
420011,,,1.0795267911,0.391905911,,,,0.1782482455,,,,0,0,1,1,0,0,0,1,0,0,0,3,0.3333333333,0.5498936492,0.013108,0.533730,1.005725399
420015,,-0.230869821,0.8819853681,0.1880407518,,-0.332373103,,0.3257760046,,,0.4257342795,0,1,1,1,0,1,0,1,0,0,1,6,0.1666666667,0.2097155799,0.013108,0.533730,0.3683655983
420018,-0.242445636,-0.126200452,-0.988073436,-0.117756987,0.0078421871,-0.133747291,,1.3584703187,,,0.4257342795,1,1,1,1,1,1,0,1,0,0,1,8,0.125,0.0229778729,0.013108,0.533730,0.0184926393
420019,,,-1.879204744,-0.015824407,,,,0.0307204863,,,-0.599837257,0,0,1,1,0,0,0,1,0,0,1,4,0.25,-0.616036481,0.013108,0.533730,-1.17876873
420020,0.3275776923,-1.039678587,-0.206687363,0.391905911,,-0.133747291,,-0.411862791,-0.152763615,0.627910307,-0.257980078,1,1,1,1,0,1,0,1,1,1,1,9,0.1111111111,-0.095036202,0.013108,0.533730,-0.202619284
420023,0.0108980657,0.0165305069,0.0874298668,1.1054339683,0.1277735651,1.5545721089,0.3616363166,0.0307204863,-2.124040049,1.6768798566,0.4257342795,1,1,1,1,1,1,1,1,1,1,1,11,0.0909090909,0.2975971792,0.013108,0.533730,0.5330211234
420026,0.586679205,1.1345896832,-0.408618595,-0.015824407,0.7274304554,2.0511366384,1.7151113352,-1.149501587,,,-1.625408793,1,1,1,1,1,1,1,1,0,0,1,9,0.1111111111,0.3350659927,0.013108,0.533730,0.6032229314
420027,0.1433277278,0.1211998766,-0.553482306,2.532490083,0.4875676993,1.1573204853,,0.1782482455,-0.006743138,0.0451494461,0.4257342795,1,1,1,1,1,1,0,1,1,1,1,10,0.1,0.4530812399,0.013108,0.533730,0.8243370514
420030,,-0.901705327,-1.247072191,0.7996362295,,-0.233060197,-1.330207457,-1.149501587,,,-0.257980078,0,1,1,1,0,1,1,1,0,0,1,7,0.1428571429,-0.61712723,0.013108,0.533730,-1.180812364
420033,,-0.192808233,0.7371216579,2.1247597645,,0.5614430499,,1.2109425595,,,-0.599837257,0,1,1,1,0,1,0,1,0,0,1,6,0.1666666667,0.6402702571,0.013108,0.533730,1.175055588
420036,,-0.896947629,-0.189128125,0.7996362295,,0.0648785204,,-0.55939055,,,0.4257342795,0,1,1,1,0,1,0,1,0,0,1,6,0.1666666667,-0.059202879,0.013108,0.533730,-0.135481742
420037,,-1.044436286,1.9926071462,-1.544813102,,0.6607559558,,0.1782482455,,,-0.599837257,0,1,1,1,0,1,0,1,0,0,1,6,0.1666666667,-0.059579216,0.013108,0.533730,-0.136186849
420038,,0.8967047521,0.012803107,-1.035150204,,-0.828937633,,-0.55939055,,,,0,1,1,1,0,1,0,1,0,0,0,5,0.2,-0.302794106,0.013108,0.533730,-0.591875818
420043,,-0.411662369,-0.351551073,0.1880407518,,0.3628172381,,1.2109425595,,,,0,1,1,1,0,1,0,1,0,0,0,5,0.2,0.1997174214,0.013108,0.533730,0.3496329848
420048,,0.2591731367,1.716049154,0.4938384906,,-0.034434386,0.1924519392,0.0307204863,-0.079753377,-0.187954898,0.4257342795,0,1,1,1,0,1,1,1,1,1,1,9,0.1111111111,0.3128694251,0.013108,0.533730,0.5616353008
420049,0.0857496138,-0.135715849,-0.571041543,1.6150968664,,-0.034434386,0.0232675619,-2.182195901,0.7963694832,-1.35347662,0.4257342795,1,1,1,1,0,1,1,1,1,1,1,10,0.1,-0.133064649,0.013108,0.533730,-0.273869626
420051,0.4369761088,-1.096770971,-0.720295063,1.1054339683,-1.43133435,-0.828937633,0.3616363166,-0.55939055,-1.028886475,-0.537611415,1.4513058159,1,1,1,1,1,1,1,1,1,1,1,11,0.0909090909,-0.258897659,0.013108,0.533730,-0.509631155
420053,,0.1259575752,0.6888337545,-0.423554726,,,1.7151113352,1.2109425595,0.4313182916,-0.887267931,-0.257980078,0,1,1,1,0,0,1,1,1,1,1,8,0.125,0.3254200976,0.013108,0.533730,0.5851503208
420055,,-1.291836614,-0.895887439,-1.239015363,,0.0648785204,,0.6208315229,,,0.0838771007,0,1,1,1,0,1,0,1,0,0,1,6,0.1666666667,-0.442858712,0.013108,0.533730,-0.854301758
420065,,-0.844612944,0.0742604386,-0.321622146,,0.8593817676,,0.3257760046,3.059686871,1.7934320288,-0.599837257,0,1,1,1,0,1,0,1,1,1,1,8,0.125,0.5433080954,0.013108,0.533730,0.9933866635
420067,0.6672885645,0.7111545058,0.2279037676,2.4305575034,,-0.133747291,0.8691894486,-0.116807273,-0.298784092,-0.421059243,-0.599837257,1,1,1,1,0,1,1,1,1,1,1,10,0.1,0.3335858634,0.013108,0.533730,0.6004497518
420070,,0.4114194926,-1.510460755,1.0035013887,,0.6607559558,,0.0307204863,,,0.7675914583,0,1,1,1,0,1,0,1,0,0,1,6,0.1666666667,0.2272546712,0.013108,0.533730,0.4012269517
420071,0.0915074252,-0.121442753,-0.215466982,,0.4875676993,1.3559462971,-1.330207457,0.4733037638,0.6503490066,-0.30450707,-1.283551615,1,1,1,0,1,1,1,1,1,1,1,10,0.1,-0.019650168,0.013108,0.533730,-0.061375531
420072,,0.6350313279,1.8521332454,-0.729352465,,,,0.0307204863,,,,0,1,1,1,0,0,0,1,0,0,0,4,0.25,0.4471331487,0.013108,0.533730,0.8131926697
420073,-0.645492433,-0.330781493,-0.211077172,0.9015688091,-0.591814703,-2.120005409,-1.161023079,0.4733037638,0.2122875767,1.2106711679,0.7675914583,1,1,1,1,1,1,1,1,1,1,1,11,0.0909090909,-0.135888319,0.013108,0.533730,-0.279160072
420078,-0.495789337,0.2972347256,-0.30326317,1.6150968664,-2.150922618,0.0648785204,,1.2109425595,0.6503490066,0.8610146514,0.0838771007,1,1,1,1,1,1,0,1,1,1,1,10,0.1,0.1833418306,0.013108,0.533730,0.3189515734
420079,-0.196383144,-0.820824451,0.539580235,1.1054339683,0.3676363213,0.8593817676,-2.683682475,-0.264335032,1.0154001981,0.9775668235,-0.257980078,1,1,1,1,1,1,1,1,1,1,1,11,0.0909090909,0.0583449212,0.013108,0.533730,0.0847565666
420080,0.7882026038,-0.102411959,0.5308006162,-0.933217624,0.0078421871,-1.12687635,-0.315101193,-0.411862791,0.7963694832,0.3948059626,0.7675914583,1,1,1,1,1,1,1,1,1,1,1,11,0.0909090909,0.0360129449,0.013108,0.533730,0.0429152334
420082,1.9858273735,-0.506816342,0.7459012767,-0.933217624,-1.43133435,0.5614430499,-2.683682475,0.0307204863,,,-0.257980078,1,1,1,1,1,1,1,1,0,0,1,9,0.1111111111,-0.276570965,0.013108,0.533730,-0.542743974
420085,0.644257319,-0.316508397,-0.790532013,-2.258341159,0.7274304554,0.5614430499,0.5308206939,-0.854446069,,,-0.599837257,1,1,1,1,1,1,1,1,0,0,1,9,0.1111111111,-0.261745931,0.013108,0.533730,-0.514967695
420086,,0.6017274375,-0.413008405,0.391905911,,0.3628172381,1.0383738259,1.0634148004,,,1.1094486371,0,1,1,1,0,1,1,1,0,0,1,7,0.1428571429,0.593525635,0.013108,0.533730,1.087474566
420087,1.6979368039,-0.85888604,0.3727674778,-1.035150204,0.1277735651,-0.034434386,-1.161023079,0.1782482455,-0.955876236,0.0451494461,-0.599837257,1,1,1,1,1,1,1,1,1,1,1,11,0.0909090909,-0.20212106,0.013108,0.533730,-0.403254158
420089,,0.6873660127,0.7546808955,1.0035013887,,0.5614430499,-0.48428557,0.6208315229,,,0.7675914583,0,1,1,1,0,1,1,1,0,0,1,7,0.1428571429,0.5587326797,0.013108,0.533730,1.0222862629
420091,0.0857496138,-0.454481657,-0.483245355,0.6977036498,0.3676363213,0.7600688617,,-1.444557105,-2.343070764,-0.654163587,0.4257342795,1,1,1,1,1,1,0,1,1,1,1,10,0.1,-0.304262574,0.013108,0.533730,-0.59462715
420098,-0.236687824,-0.61624341,0.8688159399,1.3092991276,,0.8593817676,-1.837760589,-0.55939055,0.6503490066,-0.071402726,0.0838771007,1,1,1,1,0,1,1,1,1,1,1,10,0.1,0.0450237843,0.013108,0.533730,0.0597979996
420101,,0.9537971356,1.3780338303,2.0228271849,,0.6607559558,,0.3257760046,0.7963694832,0.3948059626,0.4257342795,0,1,1,1,0,1,0,1,1,1,1,8,0.125,0.8697624796,0.013108,0.533730,1.60503368
420102,,,,0.5957710702,,,1.3767425806,0.9158870412,,,1.1094486371,0,0,0,1,0,0,1,1,0,0,1,4,0.25,0.9994623323,0.013108,0.533730,1.8480401514
420103,,-0.502058643,0.1532770078,0.391905911,,0.5614430499,,0.3257760046,,,1.1094486371,0,1,1,1,0,1,0,1,0,0,1,6,0.1666666667,0.3399653279,0.013108,0.533730,0.6124023571
420104,,-1.282321217,0.7985789895,0.1880407518,,0.0648785204,-0.991838702,0.4733037638,,,-0.257980078,0,1,1,1,0,1,1,1,0,0,1,7,0.1428571429,-0.143905425,0.013108,0.533730,-0.294180971
420105,0.9782103798,0.0545920959,-0.219856791,-1.544813102,,0.5614430499,-0.653469947,-0.116807273,,,0.4257342795,1,1,1,1,0,1,1,1,0,0,1,8,0.125,-0.064370914,0.013108,0.533730,-0.145164604
420106,,0.2449000408,-0.382279739,,,0.1641914263,0.1924519392,0.7683592821,,,0.7675914583,0,1,1,0,0,1,1,1,0,0,1,6,0.1666666667,0.2925357346,0.013108,0.533730,0.5235379686
420107,,0.1640191642,-2.243558924,-0.627419885,,1.455259203,,-1.592084864,,,0.4257342795,0,1,1,1,0,1,0,1,0,0,1,6,0.1666666667,-0.403008505,0.013108,0.533730,-0.779638155
420108,,,-0.900277248,,,,,0.0307204863,,,,0,0,1,0,0,0,0,1,0,0,0,2,0.5,-0.434778381,0.013108,0.533730,-0.839162398
420109,,-0.801793656,0.3815470966,1.1054339683,,-0.630311821,,1.2109425595,,,1.1094486371,0,1,1,1,0,1,0,1,0,0,1,6,0.1666666667,0.3958777974,0.013108,0.533730,0.7171603166
420110,,0.3400540132,-0.189128125,0.1880407518,,0.0648785204,0.3616363166,1.5059980778,,,0.0838771007,0,1,1,1,0,1,1,1,0,0,1,7,0.1428571429,0.3364795222,0.013108,0.533730,0.6058713292
42011F,,-0.816066752,0.6185968041,,,-2.120005409,0.5308206939,1.3584703187,,,,0,1,1,0,0,1,1,1,0,0,0,5,0.2,-0.085636869,0.013108,0.533730,-0.185008634
42029F,-0.582156508,0.6397890265,0.6361560417,,,1.6538850148,-0.145916815,-0.55939055,,,,1,1,1,0,0,1,1,1,0,0,0,6,0.1666666667,0.2737277016,0.013108,0.533730,0.4882991179
421300,,,,,,,,,,,,0,0,0,0,0,0,0,0,0,0,0,0,,,0.013108,0.533730,
421301,,,-2.515727107,-0.219689567,,,,0.0307204863,,,,0,0,1,1,0,0,0,1,0,0,0,3,0.3333333333,-0.901565396,0.013108,0.533730,-1.713737527
421304,,,,-0.219689567,,,,,,,,0,0,0,1,0,0,0,0,0,0,0,1,1,-0.219689567,0.013108,0.533730,-0.436170624
430005,,0.6350313279,1.4833892559,0.6977036498,,-0.133747291,0.7000050712,0.9158870412,-0.590825045,0.627910307,0.0838771007,0,1,1,1,0,1,1,1,1,1,1,9,0.1111111111,0.491025713,0.013108,0.533730,0.8954300583
430008,,0.9728279301,2.1594199034,-0.015824407,,,0.7000050712,0.4733037638,0.4313182916,-0.537611415,0.0838771007,0,1,1,1,0,0,1,1,1,1,1,8,0.125,0.5334145298,0.013108,0.533730,0.9748500158
430012,,0.6540621223,0.7634605143,0.5957710702,,,0.1924519392,-0.411862791,,,-0.599837257,0,1,1,1,0,0,1,1,0,0,1,6,0.1666666667,0.1990075997,0.013108,0.533730,0.3483030583
430014,-0.334570618,1.3629592171,0.5834783289,,,0.1641914263,0.5308206939,1.2109425595,0.7963694832,-0.654163587,-0.599837257,1,1,1,0,0,1,1,1,1,1,1,9,0.1111111111,0.3400211386,0.013108,0.533730,0.6125069243
430015,,0.8919470535,-0.211077172,-1.646745681,,0.462130144,0.7000050712,0.9158870412,0.5773387682,-0.187954898,0.4257342795,0,1,1,1,0,1,1,1,1,1,1,9,0.1111111111,0.2141405117,0.013108,0.533730,0.3766561789
430016,,-0.026288781,0.4693432846,0.391905911,,0.6607559558,-0.653469947,0.3257760046,-0.37179433,-0.770715759,0.4257342795,0,1,1,1,0,1,1,1,1,1,1,9,0.1111111111,0.0501385131,0.013108,0.533730,0.0693809881
430027,0.7191088671,0.4209348898,0.5527496632,1.4112317072,1.0872245896,-0.034434386,-1.499391834,0.1782482455,0.4313182916,-0.187954898,0.7675914583,1,1,1,1,1,1,1,1,1,1,1,11,0.0909090909,0.3496933268,0.013108,0.533730,0.6306287978
43002F,,0.8871893549,1.0356286971,,,0.1641914263,,0.6208315229,,,,0,1,1,0,0,1,0,1,0,0,0,4,0.25,0.6769602503,0.013108,0.533730,1.2437981934
430048,,-0.306992999,1.4482707807,2.0228271849,,,,0.4733037638,,,1.1094486371,0,1,1,1,0,0,0,1,0,0,1,5,0.2,0.9493714734,0.013108,0.533730,1.7541895987
43005F,,2.1241909968,1.584354872,,,0.5614430499,1.0383738259,1.5059980778,,,,0,1,1,0,0,1,1,1,0,0,0,5,0.2,1.3628721645,0.013108,0.533730,2.5289271312
430077,-0.161836276,1.5389940662,0.5088515692,-1.544813102,-0.351951947,0.462130144,0.8691894486,1.3584703187,-0.225773853,-1.003820104,1.1094486371,1,1,1,1,1,1,1,1,1,1,1,11,0.0909090909,0.2326262638,0.013108,0.533730,0.4112912019
430084,,,,,,,,-0.854446069,,,,0,0,0,0,0,0,0,1,0,0,0,1,1,-0.854446069,0.013108,0.533730,-1.625454455
430089,,,,-0.321622146,,,-2.176129343,0.9158870412,,,0.7675914583,0,0,0,1,0,0,1,1,0,0,1,4,0.25,-0.203568248,0.013108,0.533730,-0.405965617
430090,,,,-0.525487306,,,-0.145916815,-0.264335032,,,1.1094486371,0,0,0,1,0,0,1,1,0,0,1,4,0.25,0.043427371,0.013108,0.533730,0.0568069495
430091,,,,,,,2.0534800899,2.686220151,,,1.1094486371,0,0,0,0,0,0,1,1,0,0,1,3,0.3333333333,1.9497162927,0.013108,0.533730,3.6284420333
430093,,,,0.1880407518,,,,,,,0.7675914583,0,0,0,1,0,0,0,0,0,0,1,2,0.5,0.477816105,0.013108,0.533730,0.8706804525
430095,0.9839681912,0.8253392728,,,-0.232020569,,,2.2436368736,,,0.4257342795,1,1,0,0,1,0,0,1,0,0,1,5,0.2,0.8493316096,0.013108,0.533730,1.5667542717
430097,,1.2345013543,0.9434426997,1.4112317072,,0.2635043322,,-0.706918309,0.7963694832,0.0451494461,-0.599837257,0,1,1,1,0,1,0,1,1,1,1,8,0.125,0.423430432,0.013108,0.533730,0.7687831086
430098,,,1.1936618355,,,0.6607559558,,0.1782482455,,,,0,0,1,0,0,1,0,1,0,0,0,3,0.3333333333,0.6775553456,0.013108,0.533730,1.2449131677
431300,,,0.0523113916,,,,,0.6208315229,,,,0,0,1,0,0,0,0,1,0,0,0,2,0.5,0.3365714573,0.013108,0.533730,0.6060435794
431301,,,1.8126249608,,,,,0.4733037638,,,,0,0,1,0,0,0,0,1,0,0,0,2,0.5,1.1429643623,0.013108,0.533730,2.1169064703
431302,,,,,,,,0.0307204863,,,,0,0,0,0,0,0,0,1,0,0,0,1,1,0.0307204863,0.013108,0.533730,0.0329992492
431305,,,,,,,,-0.116807273,,,,0,0,0,0,0,0,0,1,0,0,0,1,1,-0.116807273,0.013108,0.533730,-0.243409701
431306,,,0.4649534752,0.5957710702,,,,0.1782482455,,,,0,0,1,1,0,0,0,1,0,0,0,3,0.3333333333,0.4129909303,0.013108,0.533730,0.7492235915
431307,,,,,,,,,,,,0,0,0,0,0,0,0,0,0,0,0,0,,,0.013108,0.533730,
431308,,,,0.2899733314,,,,0.3257760046,,,,0,0,0,1,0,0,0,1,0,0,0,2,0.5,0.307874668,0.013108,0.533730,0.552277092
431309,,,,,,,,-0.411862791,,,,0,0,0,0,0,0,0,1,0,0,0,1,1,-0.411862791,0.013108,0.533730,-0.796227603
431310,,,1.4482707807,-0.219689567,,,,0.0307204863,,,,0,0,1,1,0,0,0,1,0,0,0,3,0.3333333333,0.4197672334,0.013108,0.533730,0.7619197163
431311,,,,-0.525487306,,,,0.3257760046,,,,0,0,0,1,0,0,0,1,0,0,0,2,0.5,-0.09985565,0.013108,0.533730,-0.211649034
431312,,,,-0.321622146,,,,0.4733037638,,,,0,0,0,1,0,0,0,1,0,0,0,2,0.5,0.0758408087,0.013108,0.533730,0.1175369731
431313,,,,,,,,0.4733037638,,,,0,0,0,0,0,0,0,1,0,0,0,1,1,0.4733037638,0.013108,0.533730,0.8622261011
431314,,,,,,,,,,,,0,0,0,0,0,0,0,0,0,0,0,0,,,0.013108,0.533730,
431315,,,,,,,,-0.116807273,,,,0,0,0,0,0,0,0,1,0,0,0,1,1,-0.116807273,0.013108,0.533730,-0.243409701
431316,,0.9300086425,,0.1880407518,,-0.133747291,,-0.116807273,,,,0,1,0,1,0,1,0,1,0,0,0,4,0.25,0.2168737075,0.013108,0.533730,0.3817771119
431317,,,,,,,,,,,,0,0,0,0,0,0,0,0,0,0,0,0,,,0.013108,0.533730,
431318,,,,,,,,,,,,0,0,0,0,0,0,0,0,0,0,0,0,,,0.013108,0.533730,
431319,,,-0.391059358,,,,,0.4733037638,,,,0,0,1,0,0,0,0,1,0,0,0,2,0.5,0.041122203,0.013108,0.533730,0.052487972
431320,,,,,,,,0.0307204863,,,,0,0,0,0,0,0,0,1,0,0,0,1,1,0.0307204863,0.013108,0.533730,0.0329992492
431321,,0.0355613014,1.8126249608,,,-1.226189256,,-0.264335032,,,,0,1,1,0,0,1,0,1,0,0,0,4,0.25,0.0894154935,0.013108,0.533730,0.142970589
431322,,,0.1971751018,,,,,-0.55939055,,,,0,0,1,0,0,0,0,1,0,0,0,2,0.5,-0.181107724,0.013108,0.533730,-0.363883437
431323,,,0.7327318485,,,,,-0.411862791,,,,0,0,1,0,0,0,0,1,0,0,0,2,0.5,0.1604345287,0.013108,0.533730,0.2760323065
431324,,,,,,,,0.1782482455,,,,0,0,0,0,0,0,0,1,0,0,0,1,1,0.1782482455,0.013108,0.533730,0.3094081998
431325,,,-1.080259433,,,,,-0.55939055,,,,0,0,1,0,0,0,0,1,0,0,0,2,0.5,-0.819824992,0.013108,0.533730,-1.560588184
431326,,,,-0.321622146,,,,-0.116807273,,,,0,0,0,1,0,0,0,1,0,0,0,2,0.5,-0.21921471,0.013108,0.533730,-0.435280928
431327,,,,0.2899733314,,,,0.3257760046,,,,0,0,0,1,0,0,0,1,0,0,0,2,0.5,0.307874668,0.013108,0.533730,0.552277092
431328,,,,,,,,,,,,0,0,0,0,0,0,0,0,0,0,0,0,,,0.013108,0.533730,
431329,,,0.7107828015,,,,,-0.411862791,,,,0,0,1,0,0,0,0,1,0,0,0,2,0.5,0.1494600052,0.013108,0.533730,0.2554703692
431330,,0.8253392728,-0.057433843,,,,,0.6208315229,,,,0,1,1,0,0,0,0,1,0,0,0,3,0.3333333333,0.4629123174,0.013108,0.533730,0.8427566209
431331,,,,0.2899733314,,,,0.3257760046,,,,0,0,0,1,0,0,0,1,0,0,0,2,0.5,0.307874668,0.013108,0.533730,0.552277092
431332,,,,,,,,,,,,0,0,0,0,0,0,0,0,0,0,0,0,,,0.013108,0.533730,
431333,,,,,,,,0.0307204863,,,,0,0,0,0,0,0,0,1,0,0,0,1,1,0.0307204863,0.013108,0.533730,0.0329992492
431334,,,0.5703089008,0.1880407518,,,,0.0307204863,,,,0,0,1,1,0,0,0,1,0,0,0,3,0.3333333333,0.2630233796,0.013108,0.533730,0.4682434319
431335,,,0.2015649112,-0.933217624,,0.5614430499,,0.1782482455,,,,0,0,1,1,0,1,0,1,0,0,0,4,0.25,0.0020096456,0.013108,0.533730,-0.020793565
431336,,,,-0.219689567,,,,0.1782482455,,,,0,0,0,1,0,0,0,1,0,0,0,2,0.5,-0.020720661,0.013108,0.533730,-0.063381212
431337,,0.8871893549,0.8205280365,0.391905911,,,,0.3257760046,,,,0,1,1,1,0,0,0,1,0,0,0,4,0.25,0.6063498267,0.013108,0.533730,1.1115020534
431338,,1.1108011901,-0.013535749,0.2899733314,,,,1.2109425595,,,,0,1,1,1,0,0,0,1,0,0,0,4,0.25,0.6495453329,0.013108,0.533730,1.1924334293
431339,,0.4589964788,1.3955930679,,,,,0.3257760046,,,,0,1,1,0,0,0,0,1,0,0,0,3,0.3333333333,0.7267885171,0.013108,0.533730,1.3371567519
431340,,,,,,,,1.2109425595,,,,0,0,0,0,0,0,0,1,0,0,0,1,1,1.2109425595,0.013108,0.533730,2.2442708542
431383,,,,,,,,,,,,0,0,0,0,0,0,0,0,0,0,0,0,,,0.013108,0.533730,
440001,,,-1.387546091,,,,,0.7683592821,,,,0,0,1,0,0,0,0,1,0,0,0,2,0.5,-0.309593405,0.013108,0.533730,-0.604615028
440002,-0.847015832,-0.354569986,-0.290093742,-0.729352465,0.9672932116,-0.530998915,,0.7683592821,0.5773387682,-0.187954898,1.1094486371,1,1,1,1,1,1,0,1,1,1,1,10,0.1,0.0482454062,0.013108,0.533730,0.0658340509
440003,0.9263900772,-0.454481657,1.1278146945,-0.321622146,,-0.729624727,,0.1782482455,,,-0.599837257,1,1,1,1,0,1,0,1,0,0,1,7,0.1428571429,0.0181267472,0.013108,0.533730,0.0094035392
440006,0.3333355037,-1.27280582,-0.729074682,1.0035013887,,-0.332373103,0.3616363166,-0.264335032,,,-0.257980078,1,1,1,1,0,1,1,1,0,0,1,8,0.125,-0.144761938,0.013108,0.533730,-0.295785741
440007,,,1.0707471723,-0.423554726,,-0.729624727,,-0.55939055,,,-0.599837257,0,0,1,1,0,1,0,1,0,0,1,5,0.2,-0.248332018,0.013108,0.533730,-0.489835302
440008,,,,0.1880407518,,,,-0.116807273,,,,0,0,0,1,0,0,0,1,0,0,0,2,0.5,0.0356167395,0.013108,0.533730,0.0421729003
440009,,0.1402306711,0.5834783289,2.3286249237,,0.8593817676,0.5308206939,0.6208315229,,,-0.257980078,0,1,1,1,0,1,1,1,0,0,1,7,0.1428571429,0.6864839757,0.013108,0.533730,1.2616419061
440010,,-0.839855245,0.6800541357,-0.423554726,,,,-0.55939055,,,,0,1,1,1,0,0,0,1,0,0,0,4,0.25,-0.285686596,0.013108,0.533730,-0.559823079
440011,0.3506089379,-0.411662369,0.276191671,1.0035013887,,0.7600688617,,-1.297029346,-0.152763615,0.7444624792,0.7675914583,1,1,1,1,0,1,0,1,1,1,1,9,0.1111111111,0.2267743852,0.013108,0.533730,0.4003270848
440012,0.7191088671,-2.162495462,-0.838819917,-0.423554726,0.3676363213,-0.332373103,0.8691894486,-1.592084864,,,0.0838771007,1,1,1,1,1,1,1,1,0,0,1,9,0.1111111111,-0.367724037,0.013108,0.533730,-0.713528952
440015,0.6960776215,0.6160005334,-0.044264415,-0.321622146,-0.471883325,2.2497624502,-0.48428557,-0.116807273,0.6503490066,1.4437755123,1.1094486371,1,1,1,1,1,1,1,1,1,1,1,11,0.0909090909,0.4842319119,0.013108,0.533730,0.8827011492
440016,,0.9204932452,0.9610019373,-0.933217624,,,,0.6208315229,,,0.0838771007,0,1,1,1,0,0,0,1,0,0,1,5,0.2,0.3305972364,0.013108,0.533730,0.5948502411
440017,0.7075932443,0.5256042595,0.2937509086,0.5957710702,0.4875676993,0.9586946735,-0.145916815,0.1782482455,,,0.4257342795,1,1,1,1,1,1,1,1,0,0,1,9,0.1111111111,0.4474497294,0.013108,0.533730,0.8137858174
440018,,0.7539737934,-1.159276003,0.0861081721,,0.8593817676,-1.330207457,-0.116807273,,,-1.625408793,0,1,1,1,0,1,1,1,0,0,1,7,0.1428571429,-0.36174797,0.013108,0.533730,-0.702332155
440020,,1.4010208061,1.1102554569,-0.117756987,,,-0.145916815,-0.264335032,,,-0.257980078,0,1,1,1,0,0,1,1,0,0,1,6,0.1666666667,0.2875478917,0.013108,0.533730,0.5141927143
440029,2.0031008077,1.2630475461,1.3604745927,1.3092991276,,1.0580075794,0.5308206939,0.7683592821,,,0.0838771007,1,1,1,1,0,1,1,1,0,0,1,8,0.125,1.0471233413,0.013108,0.533730,1.9373381219
440030,-0.720343981,-0.78752056,-0.364720501,-0.117756987,,-0.332373103,,-2.034668142,0.7963694832,0.627910307,-0.257980078,1,1,1,1,0,1,0,1,1,1,1,9,0.1111111111,-0.35456484,0.013108,0.533730,-0.688873797
440031,,-0.083381164,0.6449356605,0.6977036498,,0.1641914263,,-2.034668142,,,-0.599837257,0,1,1,1,0,1,0,1,0,0,1,6,0.1666666667,-0.201842638,0.013108,0.533730,-0.402732503
440032,,,,0.1880407518,,,,0.3257760046,,,,0,0,0,1,0,0,0,1,0,0,0,2,0.5,0.2569083782,0.013108,0.533730,0.4567863263
440033,,0.4209348898,-0.865158773,-0.015824407,,0.6607559558,,-0.264335032,,,,0,1,1,1,0,1,0,1,0,0,0,5,0.2,-0.012725473,0.013108,0.533730,-0.048401378
440034,0.1375699164,-0.354569986,0.5571394726,2.1247597645,0.4875676993,-0.928250539,-0.48428557,-0.706918309,,,0.4257342795,1,1,1,1,1,1,1,1,0,0,1,9,0.1111111111,0.1398607476,0.013108,0.533730,0.237485139
440035,1.1048822304,-0.249900616,-0.553482306,0.1880407518,,-4.602828057,,-1.887140383,,,-0.599837257,1,1,1,1,0,1,0,1,0,0,1,7,0.1428571429,-0.942895091,0.013108,0.533730,-1.791173107
440039,-1.388250103,0.6302736292,0.122548342,0.2899733314,0.4875676993,0.462130144,2.0534800899,0.9158870412,-0.517814807,-0.30450707,0.7675914583,1,1,1,1,1,1,1,1,1,1,1,11,0.0909090909,0.3198981596,0.013108,0.533730,0.5748043825
440046,0.3909136177,0.9062201493,1.2595089765,-0.219689567,,-0.332373103,0.1924519392,0.9158870412,,,-0.599837257,1,1,1,1,0,1,1,1,0,0,1,8,0.125,0.3141352246,0.013108,0.533730,0.5640069108
440048,0.3909136177,-1.896064339,-1.308529522,2.2266923441,1.2071559677,-1.524127974,-1.499391834,-1.592084864,0.5043285299,0.1617016183,0.4257342795,1,1,1,1,1,1,1,1,1,1,1,11,0.0909090909,-0.263970198,0.013108,0.533730,-0.519135097
440049,-0.081226917,0.0641074931,-0.215466982,2.0228271849,-0.951608837,0.462130144,1.0383738259,-0.55939055,-0.079753377,0.627910307,0.7675914583,1,1,1,1,1,1,1,1,1,1,1,11,0.0909090909,0.2814085228,0.013108,0.533730,0.5026899535
440050,,0.3448117119,-0.364720501,-0.423554726,,-0.630311821,,-0.55939055,,,0.4257342795,0,1,1,1,0,1,0,1,0,0,1,6,0.1666666667,-0.201238601,0.013108,0.533730,-0.401600777
440053,-1.422796971,0.0070151097,0.6844439451,0.1880407518,,0.1641914263,-1.668576211,0.0307204863,,,-0.941694436,1,1,1,1,0,1,1,1,0,0,1,8,0.125,-0.369831987,0.013108,0.533730,-0.717478421
440056,,-0.135715849,1.3955930679,-0.015824407,,0.0648785204,,-1.297029346,,,0.4257342795,0,1,1,1,0,1,0,1,0,0,1,6,0.1666666667,0.0729393775,0.013108,0.533730,0.1121008331
440057,,,0.9741713655,-0.117756987,,,,-0.411862791,,,,0,0,1,1,0,0,0,1,0,0,0,3,0.3333333333,0.1481838624,0.013108,0.533730,0.25307938
440058,,0.5684235471,-0.189128125,-1.340947943,,0.3628172381,-0.991838702,0.4733037638,,,-0.257980078,0,1,1,1,0,1,1,1,0,0,1,7,0.1428571429,-0.196478614,0.013108,0.533730,-0.392682435
440059,-0.098500351,-0.749458971,-1.528019992,1.2073665479,-1.311402972,-1.12687635,0.3616363166,-0.264335032,-1.539958143,0.2782537905,0.0838771007,1,1,1,1,1,1,1,1,1,1,1,11,0.0909090909,-0.426128914,0.013108,0.533730,-0.822956702
440060,,,0.5308006162,0.6977036498,,,,-0.706918309,,,-0.257980078,0,0,1,1,0,0,0,1,0,0,1,4,0.25,0.0659014696,0.013108,0.533730,0.0989145639
440061,,0.6017274375,0.2015649112,0.6977036498,,0.3628172381,,0.0307204863,,,0.4257342795,0,1,1,1,0,1,0,1,0,0,1,6,0.1666666667,0.3867113337,0.013108,0.533730,0.6999859718
440063,-0.777922095,-0.758974369,-1.010022483,0.0861081721,-2.150922618,-0.133747291,-0.315101193,-1.297029346,-1.831999096,1.6768798566,0.0838771007,1,1,1,1,1,1,1,1,1,1,1,11,0.0909090909,-0.584441215,0.013108,0.533730,-1.119571638
440065,,1.1869243681,-0.15400965,-1.239015363,,0.1641914263,0.0232675619,0.0307204863,,,-0.257980078,0,1,1,1,0,1,1,1,0,0,1,7,0.1428571429,-0.03512875,0.013108,0.533730,-0.0903763
440068,,1.0822549984,0.4781229034,0.2899733314,,0.462130144,,0.1782482455,0.0662671,0.3948059626,0.4257342795,0,1,1,1,0,1,0,1,1,1,1,8,0.125,0.4221921206,0.013108,0.533730,0.7664630004
440072,,0.8110661769,-1.422664567,1.2073665479,,-0.431686009,,-0.116807273,,,0.4257342795,0,1,1,1,0,1,0,1,0,0,1,6,0.1666666667,0.0788348593,0.013108,0.533730,0.1231466453
440073,0.4024292405,0.2258692463,0.3815470966,-0.627419885,,-1.524127974,-0.653469947,0.3257760046,-1.24791719,-1.35347662,0.7675914583,1,1,1,1,0,1,1,1,1,1,1,10,0.1,-0.330319857,0.013108,0.533730,-0.643448241
440081,,1.1821666695,1.0619675535,0.2899733314,,1.455259203,,-0.55939055,-0.444804568,0.8610146514,-0.257980078,0,1,1,1,0,1,0,1,1,1,1,8,0.125,0.4485257765,0.013108,0.533730,0.8158019061
440082,0.2009058417,0.7634891907,0.8644261305,-0.423554726,0.9672932116,-0.034434386,0.5308206939,0.3257760046,-0.663835283,-1.470028792,-0.941694436,1,1,1,1,1,1,1,1,1,1,1,11,0.0909090909,0.0108330409,0.013108,0.533730,-0.004261995
440084,,-0.449723958,-0.979293817,-0.015824407,,-0.034434386,,-2.182195901,,,0.0838771007,0,1,1,1,0,1,0,1,0,0,1,6,0.1666666667,-0.596265895,0.013108,0.533730,-1.141726434
440091,0.805476038,1.0584665053,0.407885953,-0.321622146,-0.591814703,2.5477011679,2.5610332219,1.8010535961,0.7233592449,-0.887267931,0.0838771007,1,1,1,1,1,1,1,1,1,1,1,11,0.0909090909,0.7443770952,0.013108,0.533730,1.370110824
440102,,0.4447233829,0.5000719504,-0.219689567,,0.8593817676,,-0.264335032,,,,0,1,1,1,0,1,0,1,0,0,0,5,0.2,0.2640305004,0.013108,0.533730,0.47013038
440104,-2.010093733,0.4304502871,0.8424770835,1.3092991276,-0.831677459,1.2566333912,1.8842957126,0.7683592821,-1.978019573,1.4437755123,0.4257342795,1,1,1,1,1,1,1,1,1,1,1,11,0.0909090909,0.3219303555,0.013108,0.533730,0.5786119177
440109,,,-0.382279739,0.1880407518,,-0.034434386,,-0.854446069,0.1392773383,0.2782537905,,0,0,1,1,0,1,0,1,1,1,0,6,0.1666666667,-0.110931385,0.013108,0.533730,-0.232400601
440110,,0.1211998766,0.1093789138,1.4112317072,,0.0648785204,,-0.264335032,,,0.4257342795,0,1,1,1,0,1,0,1,0,0,1,6,0.1666666667,0.3113480442,0.013108,0.533730,0.5587848319
440111,,,,,,,,0.1782482455,,,,0,0,0,0,0,0,0,1,0,0,0,1,1,0.1782482455,0.013108,0.533730,0.3094081998
440120,0.2296948987,0.3923886981,-0.145230031,0.4938384906,-1.551265728,0.0648785204,0.1924519392,-1.001973828,,,0.0838771007,1,1,1,1,1,1,1,1,0,0,1,9,0.1111111111,-0.13792666,0.013108,0.533730,-0.28297912
440125,-1.399765726,-1.658179408,-1.444613614,0.0861081721,0.0078421871,-2.616569939,-0.653469947,-0.411862791,0.4313182916,1.6768798566,1.7931629948,1,1,1,1,1,1,1,1,1,1,1,11,0.0909090909,-0.380831811,0.013108,0.533730,-0.738087761
440130,,0.5731812458,1.3824236397,0.4938384906,,0.5614430499,,0.0307204863,,,-0.257980078,0,1,1,1,0,1,0,1,0,0,1,6,0.1666666667,0.4639378057,0.013108,0.533730,0.8446779823
440131,,-0.178535137,0.9697815561,-0.117756987,,0.0648785204,,-0.55939055,-2.416081003,0.5113581348,,0,1,1,1,0,1,0,1,1,1,0,7,0.1428571429,-0.246535066,0.013108,0.533730,-0.486468523
440132,,0.758731492,1.4789994465,-0.321622146,,-0.233060197,,0.6208315229,,,0.7675914583,0,1,1,1,0,1,0,1,0,0,1,6,0.1666666667,0.5119119293,0.013108,0.533730,0.9345626064
440137,,0.2306269449,1.3560847833,-0.219689567,,,,-0.264335032,,,0.0838771007,0,1,1,1,0,0,0,1,0,0,1,5,0.2,0.237312846,0.013108,0.533730,0.4200720122
44013F,-1.013992362,-0.782762862,0.1401075796,,,-0.828937633,,0.1782482455,,,,1,1,1,0,0,1,0,1,0,0,0,5,0.2,-0.461467406,0.013108,0.533730,-0.889167126
440144,0.8745697747,0.1259575752,-0.338381645,-0.729352465,,0.0648785204,,-0.55939055,,,0.0838771007,1,1,1,1,0,1,0,1,0,0,1,7,0.1428571429,-0.068263098,0.013108,0.533730,-0.152457027
440148,,,-0.939785533,0.4938384906,,,,0.4733037638,,,,0,0,1,1,0,0,0,1,0,0,0,3,0.3333333333,0.0091189072,0.013108,0.533730,-0.007473607
440150,0.9206322658,-0.525847136,-0.149619841,-0.219689567,,-2.020692504,0.5308206939,-0.411862791,,,-0.257980078,1,1,1,1,0,1,1,1,0,0,1,8,0.125,-0.26677987,0.013108,0.533730,-0.524399315
440151,,-0.449723958,0.6581050887,0.1880407518,,1.3559462971,,-0.411862791,,,0.4257342795,0,1,1,1,0,1,0,1,0,0,1,6,0.1666666667,0.294373278,0.013108,0.533730,0.5269808015
440152,,,,0.1880407518,,,,-0.116807273,0.285297815,0.2782537905,0.4257342795,0,0,0,1,0,0,0,1,1,1,1,5,0.2,0.2121038728,0.013108,0.533730,0.3728403191
440153,,1.2487744502,0.7854095613,-0.219689567,,,,0.0307204863,,,,0,1,1,1,0,0,0,1,0,0,0,4,0.25,0.4613037328,0.013108,0.533730,0.8397427665
440156,0.0454449341,-0.216596726,0.2674120522,0.7996362295,-0.471883325,-0.928250539,0.1924519392,0.0307204863,,,-0.599837257,1,1,1,1,1,1,1,1,0,0,1,9,0.1111111111,-0.097878023,0.013108,0.533730,-0.207943738
440159,,,,,,,,,,,,0,0,0,0,0,0,0,0,0,0,0,0,,,0.013108,0.533730,
440161,1.1912494013,0.1973230546,-1.010022483,1.717029446,-0.232020569,-0.034434386,1.0383738259,-0.264335032,0.7233592449,0.7444624792,-2.309123151,1,1,1,1,1,1,1,1,1,1,1,11,0.0909090909,0.1601692574,0.013108,0.533730,0.2755352924
44016F,0.5118276569,1.3915054089,-0.096942128,,,-0.034434386,0.3616363166,0.9158870412,,,,1,1,1,0,0,1,1,1,0,0,0,6,0.1666666667,0.5082466517,0.013108,0.533730,0.9276953188
440173,0.3563667493,-0.792278259,-0.022315368,1.6150968664,-0.591814703,0.1641914263,-2.514498098,-0.55939055,,,1.1094486371,1,1,1,1,1,1,1,1,0,0,1,9,0.1111111111,-0.1372437,0.013108,0.533730,-0.281699522
440175,,0.4209348898,0.7722401331,0.2899733314,,0.1641914263,,0.7683592821,,,-0.257980078,0,1,1,1,0,1,0,1,0,0,1,6,0.1666666667,0.3596198308,0.013108,0.533730,0.649227159
440176,,,-1.084649243,,,,,0.0307204863,-0.736845521,1.0941189957,0.7675914583,0,0,1,0,0,0,0,1,1,1,1,5,0.2,0.0141872352,0.013108,0.533730,0.0020224445
44017F,,1.9005791615,0.4869025222,,,1.0580075794,,1.2109425595,,,,0,1,1,0,0,1,0,1,0,0,0,4,0.25,1.1641079556,0.013108,0.533730,2.1565212416
440183,-2.942859179,-0.930251519,-0.0837727,,-1.071540215,1.3559462971,0.3616363166,0.1782482455,-0.079753377,0.5113581348,0.4257342795,1,1,1,0,1,1,1,1,1,1,1,10,0.1,-0.227525372,0.013108,0.533730,-0.450851838
440184,,-0.126200452,-0.254975266,,,0.1641914263,,-0.116807273,,,-0.941694436,0,1,1,0,0,1,0,1,0,0,1,5,0.2,-0.2550972,0.013108,0.533730,-0.502510591
440185,-0.616703376,-1.344171299,1.0575777441,0.9015688091,,-0.630311821,-1.161023079,0.6208315229,,,0.7675914583,1,1,1,1,0,1,1,1,0,0,1,8,0.125,-0.050580005,0.013108,0.533730,-0.11932587
440187,,0.4352079857,0.1181585326,-0.219689567,,-0.630311821,,-1.149501587,,,,0,1,1,1,0,1,0,1,0,0,0,5,0.2,-0.289227291,0.013108,0.533730,-0.566456948
44018F,-0.357601863,0.9442817383,0.7371216579,,,0.2635043322,0.8691894486,0.1782482455,,,,1,1,1,0,0,1,1,1,0,0,0,6,0.1666666667,0.4391239265,0.013108,0.533730,0.79818654
440192,,,0.4210553812,-0.933217624,,,,0.1782482455,,,-0.257980078,0,0,1,1,0,0,0,1,0,0,1,4,0.25,-0.147973519,0.013108,0.533730,-0.301802979
440193,,0.4019040953,-0.360330692,-0.729352465,,0.0648785204,-0.48428557,0.1782482455,0.4313182916,0.1617016183,0.0838771007,0,1,1,1,0,1,1,1,1,1,1,9,0.1111111111,-0.028004539,0.013108,0.533730,-0.077028334
440194,1.8418820887,-0.411662369,0.3508184308,-0.117756987,,-0.034434386,-0.145916815,-0.706918309,,,-0.599837257,1,1,1,1,0,1,1,1,0,0,1,8,0.125,0.0220217995,0.013108,0.533730,0.0167013341
440197,,-0.126200452,1.2946274517,1.2073665479,,,,0.1782482455,,,-1.283551615,0,1,1,1,0,0,0,1,0,0,1,5,0.2,0.2540980357,0.013108,0.533730,0.4515208507
440200,,,1.2946274517,,,,,0.4733037638,,,,0,0,1,0,0,0,0,1,0,0,0,2,0.5,0.8839656077,0.013108,0.533730,1.6316447515
440218,,,,,,,0.5308206939,-2.182195901,,,1.1094486371,0,0,0,0,0,0,1,1,0,0,1,3,0.3333333333,-0.18064219,0.013108,0.533730,-0.363011209
440227,1.0185150595,-0.297477602,-0.553482306,-0.729352465,,-0.729624727,,-0.854446069,,,-0.941694436,1,1,1,1,0,1,0,1,0,0,1,7,0.1428571429,-0.441080363,0.013108,0.533730,-0.850969833
440228,2.256444509,-0.920736122,0.2279037676,0.5957710702,,0.8593817676,,-1.297029346,,,1.7931629948,1,1,1,1,0,1,0,1,0,0,1,7,0.1428571429,0.5021283773,0.013108,0.533730,0.9162320809
440231,,,,,,,,,,,,0,0,0,0,0,0,0,0,0,0,0,0,,,0.013108,0.533730,
441300,,,,,,,,,,,,0,0,0,0,0,0,0,0,0,0,0,0,,,0.013108,0.533730,
441301,,,,,,,,,,,,0,0,0,0,0,0,0,0,0,0,0,0,,,0.013108,0.533730,
441303,,,-0.355940883,,,,,-0.55939055,,,,0,0,1,0,0,0,0,1,0,0,0,2,0.5,-0.457665716,0.013108,0.533730,-0.882044256
441304,,,,,,,,,,,,0,0,0,0,0,0,0,0,0,0,0,0,,,0.013108,0.533730,
441305,,0.1449883697,0.7590707049,0.4938384906,,0.462130144,,-1.297029346,,,,0,1,1,1,0,1,0,1,0,0,0,5,0.2,0.1125996726,0.013108,0.533730,0.186408615
441306,,,1.9267600052,,,,,0.3257760046,,,,0,0,1,0,0,0,0,1,0,0,0,2,0.5,1.1262680049,0.013108,0.533730,2.0856240686
441307,,0.796793081,0.7151726109,-0.219689567,,0.2635043322,,-1.297029346,,,,0,1,1,1,0,1,0,1,0,0,0,5,0.2,0.0517502223,0.013108,0.533730,0.0724006967
441309,,0.7016391086,1.4438809713,0.4938384906,,,,0.6208315229,,,,0,1,1,1,0,0,0,1,0,0,0,4,0.25,0.8150475233,0.013108,0.533730,1.502519389
441310,,,1.2024414543,-0.627419885,,,,-0.706918309,,,,0,0,1,1,0,0,0,1,0,0,0,3,0.3333333333,-0.04396558,0.013108,0.533730,-0.106933041
441313,,,,,,,,,,,,0,0,0,0,0,0,0,0,0,0,0,0,,,0.013108,0.533730,
441314,,,,,,,,0.0307204863,,,,0,0,0,0,0,0,0,1,0,0,0,1,1,0.0307204863,0.013108,0.533730,0.0329992492
441316,,,1.0619675535,,,,,0.4733037638,,,,0,0,1,0,0,0,0,1,0,0,0,2,0.5,0.7676356586,0.013108,0.533730,1.4136882169
441320,,,,,,,,,,,,0,0,0,0,0,0,0,0,0,0,0,0,,,0.013108,0.533730,
441322,,,,,,,,0.0307204863,,,,0,0,0,0,0,0,0,1,0,0,0,1,1,0.0307204863,0.013108,0.533730,0.0329992492
441323,,,,,,,,,,,,0,0,0,0,0,0,0,0,0,0,0,0,,,0.013108,0.533730,
450002,,-2.157737764,-0.360330692,-0.015824407,,,-0.48428557,-0.854446069,0.4313182916,-0.071402726,0.4257342795,0,1,1,1,0,0,1,1,1,1,1,8,0.125,-0.385871832,0.013108,0.533730,-0.747530776
450007,0.3851558063,1.0013741218,0.6054273759,-0.015824407,,0.3628172381,0.7000050712,0.0307204863,,,0.7675914583,1,1,1,1,0,1,1,1,0,0,1,8,0.125,0.4796583938,0.013108,0.533730,0.8741321765
450010,-0.173351899,-0.207081328,0.5659190914,-0.219689567,-0.351951947,-0.233060197,0.7000050712,-1.444557105,0.7963694832,-0.187954898,0.4257342795,1,1,1,1,1,1,1,1,1,1,1,11,0.0909090909,-0.029965365,0.013108,0.533730,-0.080702149
450011,0.3103042582,0.3162655201,1.2068312637,-0.423554726,-1.191471594,-1.921379598,1.7151113352,-0.264335032,0.5773387682,0.1617016183,-0.941694436,1,1,1,1,1,1,1,1,1,1,1,11,0.0909090909,-0.041352966,0.013108,0.533730,-0.10203803
450015,,-0.297477602,-0.535923068,-1.239015363,,-0.233060197,,-0.411862791,-0.663835283,-1.003820104,-0.257980078,0,1,1,1,0,1,0,1,1,1,1,8,0.125,-0.580371811,0.013108,0.533730,-1.111947177
450018,-1.077328288,-1.106286368,-0.830040298,0.2899733314,-0.471883325,-1.424815068,,-0.55939055,1.0154001981,0.7444624792,0.4257342795,1,1,1,1,1,1,0,1,1,1,1,10,0.1,-0.299417361,0.013108,0.533730,-0.585549127
450021,-2.724062346,1.6341480386,-1.089039052,-1.544813102,-1.911059862,0.6607559558,0.1924519392,0.9158870412,0.1392773383,0.1617016183,-1.283551615,1,1,1,1,1,1,1,1,1,1,1,11,0.0909090909,-0.440754913,0.013108,0.533730,-0.850360067
450023,-0.305781561,-0.054834972,-0.057433843,1.4112317072,0.2477049432,0.3628172381,,-1.297029346,0.7233592449,0.0451494461,0.0838771007,1,1,1,1,1,1,0,1,1,1,1,10,0.1,0.1159059957,0.013108,0.533730,0.1926033631
450024,,-0.264173712,-1.940662076,-0.423554726,,,,-1.149501587,,,0.4257342795,0,1,1,1,0,0,0,1,0,0,1,5,0.2,-0.670431564,0.013108,0.533730,-1.280683705
450028,1.3351946861,-1.510690751,0.4825127128,0.1880407518,,0.3628172381,,0.4733037638,,,0.4257342795,1,1,1,1,0,1,0,1,0,0,1,7,0.1428571429,0.2509875259,0.013108,0.533730,0.4456929796
450029,-0.766406472,0.078380589,0.4122757624,0.1880407518,,0.1641914263,,-0.264335032,-2.489091241,0.2782537905,0.0838771007,1,1,1,1,0,1,0,1,1,1,1,9,0.1111111111,-0.257201481,0.013108,0.533730,-0.506453185
450032,-0.305781561,-0.259416013,-0.136450413,-1.340947943,-0.232020569,-0.332373103,,-1.149501587,0.5773387682,0.3948059626,0.7675914583,1,1,1,1,1,1,0,1,1,1,1,10,0.1,-0.2016755,0.013108,0.533730,-0.402419353
450033,0.3103042582,0.7825199852,-0.571041543,-1.340947943,,0.2635043322,0.1924519392,0.0307204863,,,0.7675914583,1,1,1,1,0,1,1,1,0,0,1,8,0.125,0.0543878717,0.013108,0.533730,0.0773426135
450034,-0.639734622,0.6968814099,-0.329602026,-0.933217624,-0.112089191,0.6607559558,0.8691894486,0.1782482455,,,1.4513058159,1,1,1,1,1,1,1,1,0,0,1,9,0.1111111111,0.2046374903,0.013108,0.533730,0.3588512573
450035,,0.1640191642,-0.118891175,0.1880407518,,-2.120005409,,0.9158870412,,,-0.941694436,0,1,1,1,0,1,0,1,0,0,1,6,0.1666666667,-0.318774011,0.013108,0.533730,-0.621815869
450039,,-0.012015685,-1.211953715,0.0861081721,,0.5614430499,,0.3257760046,0.5773387682,0.7444624792,0.0838771007,0,1,1,1,0,1,0,1,1,1,1,8,0.125,0.1443795218,0.013108,0.533730,0.2459515431
450040,0.3736401835,0.3019924243,1.0883064099,-0.831285044,-0.112089191,-0.034434386,0.1924519392,1.9485813553,,,0.7675914583,1,1,1,1,1,1,1,1,0,0,1,9,0.1111111111,0.4105283499,0.013108,0.533730,0.7446096853
450042,0.4945542227,-0.644789602,-0.167179078,-1.748678261,0.6074990774,-2.120005409,0.3616363166,0.4733037638,,,-2.309123151,1,1,1,1,1,1,1,1,0,0,1,9,0.1111111111,-0.561420236,0.013108,0.533730,-1.076439385
450044,-0.110015974,0.1687768628,-0.917836486,0.391905911,-0.112089191,-1.226189256,0.7000050712,-1.149501587,-2.489091241,0.3948059626,0.4257342795,1,1,1,1,1,1,1,1,1,1,1,11,0.0909090909,-0.356681422,0.013108,0.533730,-0.692839438
450046,-0.720343981,0.9347663411,0.8380872741,0.1880407518,-0.232020569,1.9518237325,,1.2109425595,0.9423899598,0.1617016183,0.0838771007,1,1,1,1,1,1,0,1,1,1,1,10,0.1,0.5359264788,0.013108,0.533730,0.9795564193
450051,-0.006375368,-1.020647793,-0.30326317,-0.933217624,1.0872245896,-1.027563445,,0.3257760046,,,-0.257980078,1,1,1,1,1,1,0,1,0,0,1,8,0.125,-0.26700586,0.013108,0.533730,-0.524822733
450054,-0.207898767,-0.730428177,0.6317662323,0.4938384906,-1.311402972,1.0580075794,-1.161023079,-0.55939055,-0.225773853,-0.071402726,0.7675914583,1,1,1,1,1,1,1,1,1,1,1,11,0.0909090909,-0.119646942,0.013108,0.533730,-0.248730124
450055,,,-0.061823653,0.391905911,,0.462130144,,0.4733037638,,,,0,0,1,1,0,1,0,1,0,0,0,4,0.25,0.3163790415,0.013108,0.533730,0.5682109404
450056,0.4715229772,-0.06435037,-0.882718011,0.2899733314,0.8473618335,0.9586946735,0.1924519392,0.9158870412,-0.079753377,0.3948059626,0.7675914583,1,1,1,1,1,1,1,1,1,1,1,11,0.0909090909,0.3464970418,0.013108,0.533730,0.624640218
450058,0.0396871227,0.8491277659,0.0830400574,0.7996362295,0.3676363213,2.448388262,-1.330207457,0.3257760046,,,0.4257342795,1,1,1,1,1,1,1,1,0,0,1,9,0.1111111111,0.4454242873,0.013108,0.533730,0.8099909362
450064,,0.8205815741,-0.013535749,-0.831285044,,-1.524127974,,1.5059980778,,,-0.941694436,0,1,1,1,0,1,0,1,0,0,1,6,0.1666666667,-0.164010592,0.013108,0.533730,-0.331850141
450068,0.1375699164,0.1735345614,-0.145230031,0.391905911,0.3676363213,-0.431686009,,0.6208315229,0.285297815,0.627910307,1.1094486371,1,1,1,1,1,1,0,1,1,1,1,10,0.1,0.3137218952,0.013108,0.533730,0.5632324941
450072,,-0.378358479,-0.360330692,-0.423554726,,-0.729624727,,-2.624779178,1.0884104365,-0.30450707,-0.257980078,0,1,1,1,0,1,0,1,1,1,1,8,0.125,-0.498840564,0.013108,0.533730,-0.959189713
450079,1.3006478178,-0.644789602,0.1927852924,-0.015824407,,0.9586946735,,0.0307204863,,,-0.257980078,1,1,1,1,0,1,0,1,0,0,1,7,0.1428571429,0.2234648832,0.013108,0.533730,0.3941263808
450080,1.6058118216,-0.316508397,1.0400185065,-0.831285044,,0.8593817676,,0.6208315229,,,-2.65098033,1,1,1,1,0,1,0,1,0,0,1,7,0.1428571429,0.0467528354,0.013108,0.533730,0.0630375607
450082,,2.0575832161,0.3683776684,-0.015824407,,,,0.4733037638,,,,0,1,1,1,0,0,0,1,0,0,0,4,0.25,0.7208600602,0.013108,0.533730,1.3260491572
450083,-0.829742398,-0.820824451,-1.067090005,-0.831285044,-1.671197106,-2.020692504,0.0232675619,-0.55939055,1.1614206748,0.0451494461,-0.941694436,1,1,1,1,1,1,1,1,1,1,1,11,0.0909090909,-0.682916256,0.013108,0.533730,-1.304075103
450087,-2.355562417,-0.730428177,-0.241805838,-0.933217624,0.4875676993,-0.928250539,,-1.592084864,,,0.0838771007,1,1,1,1,1,1,0,1,0,0,1,8,0.125,-0.776238082,0.013108,0.533730,-1.478923473
450090,,2.0433101202,-0.663227541,0.9015688091,,0.9586946735,0.0232675619,0.3257760046,,,0.0838771007,0,1,1,1,0,1,1,1,0,0,1,7,0.1428571429,0.5247523899,0.013108,0.533730,0.9586205752
450092,,-0.121442753,1.4175421149,-0.933217624,,,,0.3257760046,,,,0,1,1,1,0,0,0,1,0,0,0,4,0.25,0.1721644356,0.013108,0.533730,0.2980095348
450097,,-0.140473548,0.4122757624,-0.321622146,,0.462130144,,0.1782482455,,,-0.599837257,0,1,1,1,0,1,0,1,0,0,1,6,0.1666666667,-0.001546467,0.013108,0.533730,-0.027456319
450101,0.0281714999,0.2306269449,0.342038812,1.0035013887,,0.0648785204,0.3616363166,-0.55939055,0.9423899598,0.0451494461,1.1094486371,1,1,1,1,0,1,1,1,1,1,1,10,0.1,0.3568450975,0.013108,0.533730,0.6440284011
450102,0.454249543,-0.973070807,0.012803107,2.532490083,3.1260580167,1.2566333912,0.5308206939,0.6208315229,0.7233592449,0.0451494461,0.7675914583,1,1,1,1,1,1,1,1,1,1,1,11,0.0909090909,0.8269923364,0.013108,0.533730,1.5248992669
450104,,0.8015507796,-1.216343525,0.1880407518,,0.7600688617,-3.360419985,-0.706918309,,,0.0838771007,0,1,1,1,0,1,1,1,0,0,1,7,0.1428571429,-0.492877761,0.013108,0.533730,-0.948017767
450107,-0.893078323,-1.158621053,-1.343647997,-0.729352465,-0.831677459,-0.431686009,-0.991838702,-0.55939055,,,-1.625408793,1,1,1,1,1,1,1,1,0,0,1,9,0.1111111111,-0.951633484,0.013108,0.533730,-1.807545415
450108,,-0.454481657,-0.843209726,1.0035013887,,,,0.4733037638,,,-0.257980078,0,1,1,1,0,0,0,1,0,0,1,5,0.2,-0.015773262,0.013108,0.533730,-0.054111734
450119,1.2315540811,0.0878959862,-0.544702687,0.391905911,0.6074990774,-0.332373103,,-0.706918309,,,0.0838771007,1,1,1,1,1,1,0,1,0,0,1,8,0.125,0.1023422571,0.013108,0.533730,0.1671902559
450124,,0.2020807532,-2.770336052,-1.137082783,,,-1.161023079,-0.55939055,,,-0.257980078,0,1,1,1,0,0,1,1,0,0,1,6,0.1666666667,-0.947288632,0.013108,0.533730,-1.799404873
450128,,1.3819900116,0.2366833864,0.391905911,,0.6607559558,,0.1782482455,,,,0,1,1,1,0,1,0,1,0,0,0,5,0.2,0.569916702,0.013108,0.533730,1.0432407185
450132,-0.587914319,-0.544877931,-0.693956206,-0.117756987,-0.831677459,1.1573204853,0.0232675619,0.9158870412,,,0.4257342795,1,1,1,1,1,1,1,1,0,0,1,9,0.1111111111,-0.028219282,0.013108,0.533730,-0.077430676
450133,-0.478515903,-1.020647793,-0.948565151,0.1880407518,0.1277735651,-0.828937633,,0.7683592821,,,1.1094486371,1,1,1,1,1,1,0,1,0,0,1,8,0.125,-0.13538053,0.013108,0.533730,-0.278208675
450135,-0.317297184,0.6635775196,-0.044264415,0.6977036498,1.4470187238,-0.233060197,,0.7683592821,,,-0.599837257,1,1,1,1,1,1,0,1,0,0,1,8,0.125,0.2977750153,0.013108,0.533730,0.5333543182
450137,0.5636479595,-1.096770971,-0.5973804,0.5957710702,-0.831677459,-0.133747291,,-1.297029346,0.1392773383,0.627910307,-0.257980078,1,1,1,1,1,1,0,1,1,1,1,10,0.1,-0.228797887,0.013108,0.533730,-0.453236031
450143,,,,-0.933217624,,,,0.6208315229,,,,0,0,0,1,0,0,0,1,0,0,0,2,0.5,-0.156193051,0.013108,0.533730,-0.317203146
450144,,,-1.014412292,-0.219689567,,,,-0.116807273,,,,0,0,1,1,0,0,0,1,0,0,0,3,0.3333333333,-0.450303044,0.013108,0.533730,-0.868249506
450147,0.7939604152,0.4304502871,1.2156108825,0.0861081721,,-1.12687635,,0.4733037638,0.4313182916,0.0451494461,-0.257980078,1,1,1,1,0,1,0,1,1,1,1,9,0.1111111111,0.2323383144,0.013108,0.533730,0.4107516981
450148,,1.2868360392,0.7459012767,-0.015824407,,-0.630311821,,-0.55939055,,,0.4257342795,0,1,1,1,0,1,0,1,0,0,1,6,0.1666666667,0.2088241361,0.013108,0.533730,0.3666953836
450152,-0.697312736,0.544635054,-1.734341034,0.7996362295,,-0.332373103,,-1.444557105,,,0.0838771007,1,1,1,1,0,1,0,1,0,0,1,7,0.1428571429,-0.397205085,0.013108,0.533730,-0.768764831
450154,,-1.672452504,-0.856379154,0.6977036498,,,,1.0634148004,,,-0.257980078,0,1,1,1,0,0,0,1,0,0,1,5,0.2,-0.205138657,0.013108,0.533730,-0.408907947
450155,,,0.6756643263,,,,,0.7683592821,,,,0,0,1,0,0,0,0,1,0,0,0,2,0.5,0.7220118042,0.013108,0.533730,1.3282070722
450162,,,,-0.729352465,,,0.5308206939,-0.264335032,,,0.7675914583,0,0,0,1,0,0,1,1,0,0,1,4,0.25,0.0761811639,0.013108,0.533730,0.1181746647
450163,,-1.044436286,0.2586324334,0.2899733314,,,,-0.411862791,,,,0,1,1,1,0,0,0,1,0,0,0,4,0.25,-0.226923328,0.013108,0.533730,-0.449723845
450165,,1.3629592171,0.9829509843,0.1880407518,,,,-0.706918309,,,,0,1,1,1,0,0,0,1,0,0,0,4,0.25,0.4567581609,0.013108,0.533730,0.8312261541
450176,-1.578257879,-1.27280582,-0.250585457,-0.219689567,,-0.630311821,,-2.182195901,,,0.0838771007,1,1,1,1,0,1,0,1,0,0,1,7,0.1428571429,-0.864281335,0.013108,0.533730,-1.643881872
450184,-1.848875014,-0.873159136,-0.610549828,1.0035013887,-0.711746081,0.0648785204,-1.161023079,-0.264335032,,,0.7675914583,1,1,1,1,1,1,1,1,0,0,1,9,0.1111111111,-0.403746311,0.013108,0.533730,-0.781020514
450193,-0.783679907,-0.226112123,-1.514850564,1.3092991276,1.2071559677,0.0648785204,,-1.001973828,0.6503490066,0.0451494461,-1.625408793,1,1,1,1,1,1,0,1,1,1,1,10,0.1,-0.187519315,0.013108,0.533730,-0.375896234
450194,,0.7397006976,-1.352427616,0.2899733314,,,,0.3257760046,,,-0.257980078,0,1,1,1,0,0,0,1,0,0,1,5,0.2,-0.050991532,0.013108,0.533730,-0.12009691
450196,0.6500151304,0.7254276017,0.5264108068,-0.117756987,,-1.722753786,0.7000050712,-0.854446069,,,-0.941694436,1,1,1,1,0,1,1,1,0,0,1,8,0.125,-0.129349083,0.013108,0.533730,-0.266908118
450200,0.9954838139,0.9918587246,0.3508184308,-1.95254342,,-0.530998915,,1.3584703187,,,0.0838771007,1,1,1,1,0,1,0,1,0,0,1,7,0.1428571429,0.1852808648,0.013108,0.533730,0.3225845602
450203,-2.177070264,-0.26893141,-0.465686118,-1.95254342,,-0.729624727,-1.330207457,0.1782482455,,,0.0838771007,1,1,1,1,0,1,1,1,0,0,1,8,0.125,-0.832742256,0.013108,0.533730,-1.584790053
450209,1.5021712165,1.5818133538,-0.140840222,-0.525487306,-0.711746081,1.5545721089,,1.653525837,,,0.0838771007,1,1,1,1,1,1,0,1,0,0,1,8,0.125,0.624735751,0.013108,0.533730,1.1459500383
450210,,0.406661794,-0.070603272,-0.321622146,,,,0.0307204863,,,,0,1,1,1,0,0,0,1,0,0,0,4,0.25,0.0112892156,0.013108,0.533730,-0.003407304
450211,-1.66462505,-0.459239355,0.2498528146,-0.525487306,-0.711746081,0.2635043322,,-1.001973828,,,0.7675914583,1,1,1,1,1,1,0,1,0,0,1,8,0.125,-0.385265377,0.013108,0.533730,-0.746394518
450213,0.2412105215,0.0545920959,-0.663227541,-1.646745681,-0.711746081,0.5614430499,,0.0307204863,0.3583080533,-2.518998342,0.0838771007,1,1,1,1,1,1,0,1,1,1,1,10,0.1,-0.421056634,0.013108,0.533730,-0.813453245
450222,-1.964031242,-0.378358479,0.320089765,-0.627419885,0.2477049432,-0.233060197,-0.145916815,-2.624779178,,,0.0838771007,1,1,1,1,1,1,1,1,0,0,1,9,0.1111111111,-0.591321554,0.013108,0.533730,-1.132462686
450229,-0.017890991,1.0204049163,0.4781229034,-2.971869216,0.6074990774,0.6607559558,-1.668576211,0.0307204863,1.7455025813,-0.30450707,0.0838771007,1,1,1,1,1,1,1,1,1,1,1,11,0.0909090909,-0.030541861,0.013108,0.533730,-0.081782275
450231,-0.75489085,-0.544877931,0.4869025222,-1.137082783,-1.911059862,0.7600688617,-0.991838702,-0.55939055,-0.079753377,-0.187954898,-0.599837257,1,1,1,1,1,1,1,1,1,1,1,11,0.0909090909,-0.501792257,0.013108,0.533730,-0.964720023
450235,,,1.1190350757,0.391905911,,,,0.3257760046,,,0.4257342795,0,0,1,1,0,0,0,1,0,0,1,4,0.25,0.5656128177,0.013108,0.533730,1.0351769334
450236,1.2200384583,0.2877193284,0.4561738564,-2.971869216,,0.3628172381,,0.4733037638,0.2122875767,0.1617016183,0.7675914583,1,1,1,1,0,1,0,1,1,1,1,9,0.1111111111,0.1077515646,0.013108,0.533730,0.1773251689
450237,0.2469683328,0.5160888623,0.4254451906,0.4938384906,-1.311402972,-1.12687635,0.1924519392,-1.149501587,0.4313182916,0.5113581348,0.7675914583,1,1,1,1,1,1,1,1,1,1,1,11,0.0909090909,-0.000247292,0.013108,0.533730,-0.025022177
450241,,,0.3903267154,,,,,0.4733037638,,,,0,0,1,0,0,0,0,1,0,0,0,2,0.5,0.4318152396,0.013108,0.533730,0.7844929375
450253,,,,-0.117756987,,,,,,,0.7675914583,0,0,0,1,0,0,0,0,0,0,1,2,0.5,0.3249172356,0.013108,0.533730,0.5842081554
450272,-1.307640743,0.4352079857,-0.233026219,,,0.2635043322,,1.0634148004,,,-0.941694436,1,1,1,0,0,1,0,1,0,0,1,6,0.1666666667,-0.120039047,0.013108,0.533730,-0.249464774
450289,,-1.886548942,,-1.035150204,,0.3628172381,,-0.264335032,0.0662671,0.0451494461,,0,1,0,1,0,1,0,1,1,1,0,6,0.1666666667,-0.451966732,0.013108,0.533730,-0.871366603
450292,,1.1155588888,0.7722401331,0.4938384906,,,,0.3257760046,,,0.4257342795,0,1,1,1,0,0,0,1,0,0,1,5,0.2,0.6266295593,0.013108,0.533730,1.1494982897
450324,-0.438211223,-0.26893141,-0.268144695,-0.219689567,0.3676363213,-0.828937633,0.0232675619,-2.182195901,,,-1.283551615,1,1,1,1,1,1,1,1,0,0,1,9,0.1111111111,-0.566528684,0.013108,0.533730,-1.086010607
450330,,1.0774972998,0.4034961436,0.7996362295,,-0.233060197,,0.1782482455,,,0.4257342795,0,1,1,1,0,1,0,1,0,0,1,6,0.1666666667,0.4419253334,0.013108,0.533730,0.8034352738
450346,-0.294265938,-1.001616998,-0.571041543,-1.646745681,0.2477049432,1.1573204853,,-0.116807273,0.0662671,0.5113581348,0.7675914583,1,1,1,1,1,1,0,1,1,1,1,10,0.1,-0.088023531,0.013108,0.533730,-0.1894803
450347,,-1.106286368,-0.404228786,-0.933217624,,0.6607559558,,-0.706918309,,,0.0838771007,0,1,1,1,0,1,0,1,0,0,1,6,0.1666666667,-0.401003005,0.013108,0.533730,-0.775880638
450351,,-0.159504342,1.2902376423,0.4938384906,,,,0.7683592821,,,1.4513058159,0,1,1,1,0,0,0,1,0,0,1,5,0.2,0.7688473778,0.013108,0.533730,1.4159585015
450352,0.7363823013,-1.072982478,-0.329602026,1.2073665479,,0.3628172381,1.0383738259,-1.297029346,,,0.0838771007,1,1,1,1,0,1,1,1,0,0,1,8,0.125,0.0911503955,0.013108,0.533730,0.1462211125
450358,-1.434312594,-0.259416013,-1.747510462,0.0861081721,-0.711746081,0.6607559558,0.7000050712,0.6208315229,-0.80985576,-0.187954898,1.4513058159,1,1,1,1,1,1,1,1,1,1,1,11,0.0909090909,-0.148344479,0.013108,0.533730,-0.302498012
450369,,,1.5799650626,-0.423554726,,0.5614430499,-0.145916815,1.0634148004,,,-0.257980078,0,0,1,1,0,1,1,1,0,0,1,6,0.1666666667,0.3962285489,0.013108,0.533730,0.7178174868
450370,,1.2630475461,1.5580160157,-0.015824407,,,,0.1782482455,,,-0.257980078,0,1,1,1,0,0,0,1,0,0,1,5,0.2,0.5451014643,0.013108,0.533730,0.9967467308
450372,,0.1925653559,0.8029687989,0.7996362295,,1.0580075794,,0.6208315229,-1.393937666,0.0451494461,0.0838771007,0,1,1,1,0,1,0,1,1,1,1,8,0.125,0.2761372959,0.013108,0.533730,0.4928137491
450379,,0.3400540132,-1.071479815,,,,,-0.411862791,,,,0,1,1,0,0,0,0,1,0,0,0,3,0.3333333333,-0.381096198,0.013108,0.533730,-0.738583117
450388,0.3506089379,-0.121442753,-0.338381645,-0.729352465,0.2477049432,0.1641914263,0.0232675619,-1.149501587,-0.517814807,0.8610146514,-0.941694436,1,1,1,1,1,1,1,1,1,1,1,11,0.0909090909,-0.195581834,0.013108,0.533730,-0.391002221
450389,,-0.173777438,0.100599295,0.5957710702,,-2.517257033,0.1924519392,-0.55939055,,,-0.941694436,0,1,1,1,0,1,1,1,0,0,1,7,0.1428571429,-0.471899593,0.013108,0.533730,-0.908712938
450395,,0.2829616298,0.1708362454,0.6977036498,,0.2635043322,,0.0307204863,,,0.7675914583,0,1,1,1,0,1,0,1,0,0,1,6,0.1666666667,0.3688863003,0.013108,0.533730,0.6665888755
450399,,,-0.211077172,,,,,-0.411862791,,,,0,0,1,0,0,0,0,1,0,0,0,2,0.5,-0.311469982,0.013108,0.533730,-0.608130995
450400,,,-1.883594554,,,,,-0.116807273,,,0.4257342795,0,0,1,0,0,0,0,1,0,0,1,3,0.3333333333,-0.524889182,0.013108,0.533730,-1.00799457
450403,-1.048539231,-0.378358479,0.012803107,0.4938384906,,1.1573204853,-0.48428557,-1.297029346,,,-7.436980833,1,1,1,1,0,1,1,1,0,0,1,8,0.125,-1.122653922,0.013108,0.533730,-2.1279704
450411,,,-0.215466982,,,,,-0.116807273,,,,0,0,1,0,0,0,0,1,0,0,0,2,0.5,-0.166137127,0.013108,0.533730,-0.335834431
450419,,1.6246326414,1.3121866893,-1.442880522,,0.6607559558,,0.6208315229,,,,0,1,1,1,0,1,0,1,0,0,0,5,0.2,0.5551052574,0.013108,0.533730,1.0154899015
450422,,,,,,,,0.1782482455,,,0.4257342795,0,0,0,0,0,0,0,1,0,0,1,2,0.5,0.3019912625,0.013108,0.533730,0.5412539059
450424,-0.587914319,1.0013741218,0.8512567023,0.0861081721,0.6074990774,-0.034434386,,1.5059980778,-1.24791719,0.8610146514,0.0838771007,1,1,1,1,1,1,0,1,1,1,1,10,0.1,0.3126862009,0.013108,0.533730,0.5612920107
450431,0.8688119633,1.339170724,-0.0837727,-0.627419885,1.6868814799,0.1641914263,0.8691894486,0.6208315229,,,0.0838771007,1,1,1,1,1,1,1,1,0,0,1,9,0.1111111111,0.5468623423,0.013108,0.533730,1.0000459231
450447,,1.5056901758,-0.395449167,0.6977036498,,,-0.145916815,-0.116807273,,,0.0838771007,0,1,1,1,0,0,1,1,0,0,1,6,0.1666666667,0.2715162785,0.013108,0.533730,0.4841557815
450451,,,-1.479732089,0.4938384906,,,,-0.264335032,,,-0.599837257,0,0,1,1,0,0,0,1,0,0,1,4,0.25,-0.462516472,0.013108,0.533730,-0.891132662
450460,,,-0.531533259,,,,,0.4733037638,,,,0,0,1,0,0,0,0,1,0,0,0,2,0.5,-0.029114747,0.013108,0.533730,-0.079108426
450462,-0.789437718,0.8919470535,0.9829509843,0.6977036498,1.3270873457,0.1641914263,2.2226644672,1.5059980778,,,-1.283551615,1,1,1,1,1,1,1,1,0,0,1,9,0.1111111111,0.6355059636,0.013108,0.533730,1.1661291773
450465,,1.1726512722,0.8775955587,-0.627419885,,1.3559462971,,0.7683592821,,,0.0838771007,0,1,1,1,0,1,0,1,0,0,1,6,0.1666666667,0.6051682709,0.013108,0.533730,1.1092882829
450469,,-1.458356066,0.429835,-0.015824407,,1.455259203,,0.6208315229,,,,0,1,1,1,0,1,0,1,0,0,0,5,0.2,0.2063490504,0.013108,0.533730,0.3620580473
450475,,0.0641074931,0.3288693838,,,,,-0.116807273,,,,0,1,1,0,0,0,0,1,0,0,0,3,0.3333333333,0.0920565347,0.013108,0.533730,0.1479188607
450484,1.2545853266,0.7730045879,1.0487981253,-0.525487306,-1.311402972,0.3628172381,0.0232675619,-0.706918309,,,-0.599837257,1,1,1,1,1,1,1,1,0,0,1,9,0.1111111111,0.0354252218,0.013108,0.533730,0.0418140716
450489,,,0.561529282,,,,,0.4733037638,,,,0,0,1,0,0,0,0,1,0,0,0,2,0.5,0.5174165229,0.013108,0.533730,0.9448760479
450498,,,0.0523113916,,,,,0.1782482455,,,,0,0,1,0,0,0,0,1,0,0,0,2,0.5,0.1152798185,0.013108,0.533730,0.1914301535
450508,,-1.020647793,-2.735217577,,,0.9586946735,0.5308206939,-1.001973828,,,-1.283551615,0,1,1,0,0,1,1,1,0,0,1,6,0.1666666667,-0.758645907,0.013108,0.533730,-1.445962662
450518,-0.046680048,-0.935009218,0.9917306031,-0.423554726,-0.831677459,0.8593817676,,0.4733037638,,,0.0838771007,1,1,1,1,1,1,0,1,0,0,1,8,0.125,0.021421473,0.013108,0.533730,0.0155765585
450537,-0.023648803,-0.073865767,-0.900277248,0.4938384906,0.8473618335,0.0648785204,,1.5059980778,0.5773387682,-0.537611415,0.0838771007,1,1,1,1,1,1,0,1,1,1,1,10,0.1,0.2037889559,0.013108,0.533730,0.3572614378
450539,,-0.578181821,1.1804924073,-1.646745681,,,,0.4733037638,,,0.4257342795,0,1,1,1,0,0,0,1,0,0,1,5,0.2,-0.02907941,0.013108,0.533730,-0.079042219
450563,0.0108980657,1.2345013543,-0.136450413,-0.015824407,,0.3628172381,-0.48428557,1.3584703187,,,-1.283551615,1,1,1,1,0,1,1,1,0,0,1,8,0.125,0.1308218715,0.013108,0.533730,0.2205498431
450565,,-0.116685055,0.495682141,-0.117756987,,0.0648785204,,-0.116807273,,,0.0838771007,0,1,1,1,0,1,0,1,0,0,1,6,0.1666666667,0.0488647413,0.013108,0.533730,0.066994441
450571,0.2296948987,0.6493044237,0.5703089008,0.0861081721,0.2477049432,-0.928250539,-2.345313721,1.653525837,-1.905009335,-1.003820104,0.0838771007,1,1,1,1,1,1,1,1,1,1,1,11,0.0909090909,-0.241988129,0.013108,0.533730,-0.477949352
450573,,,0.9390528903,0.5957710702,,0.3628172381,,0.9158870412,,,,0,0,1,1,0,1,0,1,0,0,0,4,0.25,0.70338206,0.013108,0.533730,1.2933022645
450584,,,0.9610019373,-0.015824407,,-0.828937633,,-1.149501587,,,,0,0,1,1,0,1,0,1,0,0,0,4,0.25,-0.258315422,0.013108,0.533730,-0.508540273
450587,,1.3058668337,0.2366833864,-0.933217624,,0.1641914263,-2.345313721,-1.001973828,0.7233592449,-2.285893997,0.4257342795,0,1,1,1,0,1,1,1,1,1,1,9,0.1111111111,-0.412284889,0.013108,0.533730,-0.797018448
450596,1.450350914,0.4637541774,0.4473942376,-0.321622146,,0.6607559558,,0.6208315229,,,-0.257980078,1,1,1,1,0,1,0,1,0,0,1,7,0.1428571429,0.4376406547,0.013108,0.533730,0.7954074725
450597,,1.7007558193,0.7810197519,0.5957710702,,,,0.0307204863,,,0.0838771007,0,1,1,1,0,0,0,1,0,0,1,5,0.2,0.6384288457,0.013108,0.533730,1.1716055079
450604,,0.6826083141,1.7248287728,-0.933217624,,,0.5308206939,1.3584703187,,,0.4257342795,0,1,1,1,0,0,1,1,0,0,1,6,0.1666666667,0.6315407925,0.013108,0.533730,1.1587000075
45060F,,1.8577598739,0.2366833864,,,0.0648785204,0.8691894486,1.5059980778,,,,0,1,1,0,0,1,1,1,0,0,0,5,0.2,0.9069018614,0.013108,0.533730,1.6746182628
450610,0.3333355037,0.5351196568,-0.869548582,0.4938384906,0.8473618335,0.3628172381,,1.0634148004,,,1.1094486371,1,1,1,1,1,1,0,1,0,0,1,8,0.125,0.4844734472,0.013108,0.533730,0.8831536913
450617,-0.524578394,-1.13483256,-1.747510462,-0.015824407,-0.831677459,0.1641914263,0.0232675619,-1.149501587,,,0.0838771007,1,1,1,1,1,1,1,1,0,0,1,9,0.1111111111,-0.570287642,0.013108,0.533730,-1.093053414
450634,1.1739759671,-1.268048121,-0.838819917,-0.219689567,,0.0648785204,-0.145916815,-1.887140383,,,-0.599837257,1,1,1,1,0,1,1,1,0,0,1,8,0.125,-0.465074697,0.013108,0.533730,-0.895925768
450638,,-0.92549382,-0.95734477,0.4938384906,,0.6607559558,,0.0307204863,,,0.0838771007,0,1,1,1,0,1,0,1,0,0,1,6,0.1666666667,-0.102274426,0.013108,0.533730,-0.216180867
450639,0.909116643,0.0212882055,-0.391059358,-2.156408579,0.2477049432,-1.226189256,,0.1782482455,,,-0.257980078,1,1,1,1,1,1,0,1,0,0,1,8,0.125,-0.334409904,0.013108,0.533730,-0.65111138
450641,,,0.4693432846,0.2899733314,,,,-0.116807273,,,,0,0,1,1,0,0,0,1,0,0,0,3,0.3333333333,0.214169781,0.013108,0.533730,0.376711018
450643,1.962796128,1.3296553268,-1.945051885,0.7996362295,,0.7600688617,,-1.297029346,,,0.7675914583,1,1,1,1,0,1,0,1,0,0,1,7,0.1428571429,0.3396666819,0.013108,0.533730,0.6118428119
450644,-1.687656295,-2.015006805,-0.290093742,,0.2477049432,,,0.4733037638,,,-0.599837257,1,1,1,0,1,0,0,1,0,0,1,6,0.1666666667,-0.645264232,0.013108,0.533730,-1.233530031
450647,-1.094601722,-0.240385219,-0.557872115,-0.831285044,0.4875676993,1.455259203,-1.668576211,-0.55939055,0.6503490066,-0.421059243,-1.625408793,1,1,1,1,1,1,1,1,1,1,1,11,0.0909090909,-0.400491181,0.013108,0.533730,-0.774921681
450651,0.0857496138,0.4827849719,0.012803107,0.1880407518,-0.591814703,-0.332373103,-1.330207457,-1.592084864,,,-2.309123151,1,1,1,1,1,1,1,1,0,0,1,9,0.1111111111,-0.598469426,0.013108,0.533730,-1.145854984
450653,,-1.401263683,0.3069203368,0.391905911,,,,0.1782482455,,,,0,1,1,1,0,0,0,1,0,0,0,4,0.25,-0.131047297,0.013108,0.533730,-0.270089902
450654,,,-0.268144695,0.6977036498,,,,0.1782482455,,,,0,0,1,1,0,0,0,1,0,0,0,3,0.3333333333,0.2026024002,0.013108,0.533730,0.3550382996
450656,0.5463745253,0.6493044237,0.3069203368,,,-0.828937633,0.3616363166,-0.264335032,-1.539958143,0.627910307,-0.257980078,1,1,1,0,0,1,1,1,1,1,1,9,0.1111111111,-0.044340553,0.013108,0.533730,-0.107635593
450658,,,0.8732057493,0.391905911,,0.5614430499,,-0.116807273,,,,0,0,1,1,0,1,0,1,0,0,0,4,0.25,0.4274368593,0.013108,0.533730,0.7762895764
450659,,0.5493927526,-0.101331937,0.5957710702,,,,-0.411862791,,,0.4257342795,0,1,1,1,0,0,0,1,0,0,1,5,0.2,0.2115406748,0.013108,0.533730,0.3717851078
450661,1.4906555937,0.3590848077,0.1313279608,-0.831285044,0.0078421871,-0.233060197,,-0.264335032,,,-0.257980078,1,1,1,1,1,1,0,1,0,0,1,8,0.125,0.0502812747,0.013108,0.533730,0.0696484671
450662,1.4445931026,-2.581172941,-1.119767718,1.1054339683,,,,-1.887140383,,,0.0838771007,1,1,1,1,0,0,0,1,0,0,1,6,0.1666666667,-0.492362812,0.013108,0.533730,-0.947052955
450668,1.4964134051,0.5541504513,-0.509584212,0.7996362295,-1.791128484,,-2.345313721,0.3257760046,,,0.0838771007,1,1,1,1,1,0,1,1,0,0,1,8,0.125,-0.173271653,0.013108,0.533730,-0.349201725
450669,-0.184867522,-0.135715849,-0.000366321,0.391905911,,-1.12687635,,-0.264335032,,,-0.941694436,1,1,1,1,0,1,0,1,0,0,1,7,0.1428571429,-0.323135657,0.013108,0.533730,-0.629987878
45066F,-2.505265513,-0.102411959,0.188395483,,,-3.013821563,,1.0634148004,,,,1,1,1,0,0,1,0,1,0,0,0,5,0.2,-0.87393775,0.013108,0.533730,-1.661974193
450670,-0.967929871,-1.739060285,-1.844086269,1.0035013887,,-0.630311821,-0.822654325,-0.116807273,,,-1.283551615,1,1,1,1,0,1,1,1,0,0,1,8,0.125,-0.800112509,0.013108,0.533730,-1.52365475
450672,-1.474617274,-0.977828505,0.0610910104,-1.442880522,1.3270873457,0.1641914263,0.0232675619,-0.55939055,,,-2.309123151,1,1,1,1,1,1,1,1,0,0,1,9,0.1111111111,-0.576466962,0.013108,0.533730,-1.104631027
450674,,,,,,,,-0.411862791,,,0.7675914583,0,0,0,0,0,0,0,1,0,0,1,2,0.5,0.1778643336,0.013108,0.533730,0.3086889001
450675,-0.501547148,-1.149105656,-1.611426371,,-0.471883325,-0.034434386,-0.315101193,-1.149501587,,,0.4257342795,1,1,1,0,1,1,1,1,0,0,1,8,0.125,-0.600908173,0.013108,0.533730,-1.150424236
450677,-2.470718645,0.2258692463,0.3376490026,-1.035150204,,-1.12687635,,1.0634148004,,,0.7675914583,1,1,1,1,0,1,0,1,0,0,1,7,0.1428571429,-0.319745813,0.013108,0.533730,-0.623636645
450678,,0.8063084783,-0.81248106,,,-0.630311821,,-0.706918309,,,-0.257980078,0,1,1,0,0,1,0,1,0,0,1,5,0.2,-0.320276558,0.013108,0.533730,-0.624631052
450684,0.5348589025,-1.310867409,-0.268144695,-0.525487306,,1.3559462971,,-0.116807273,-0.517814807,0.3948059626,0.0838771007,1,1,1,1,0,1,0,1,1,1,1,9,0.1111111111,-0.041070358,0.013108,0.533730,-0.101508535
450686,-0.829742398,-1.463113765,0.1840056736,-1.035150204,-0.112089191,0.3628172381,,-1.887140383,-0.517814807,-1.236924448,0.4257342795,1,1,1,1,1,1,0,1,1,1,1,10,0.1,-0.6109418,0.013108,0.533730,-1.169223304
450688,,0.8253392728,-1.049530768,0.2899733314,,-0.729624727,,-0.55939055,,,,0,1,1,1,0,1,0,1,0,0,0,5,0.2,-0.244646688,0.013108,0.533730,-0.482930445
450690,,1.1155588888,0.7283420391,0.9015688091,,0.6607559558,,-0.854446069,-2.197050288,0.0451494461,,0,1,1,1,0,1,0,1,1,1,0,7,0.1428571429,0.0571255404,0.013108,0.533730,0.0824719269
450694,,-0.178535137,1.4658300183,-0.729352465,,,,-0.55939055,,,,0,1,1,1,0,0,0,1,0,0,0,4,0.25,-0.000362033,0.013108,0.533730,-0.025237158
450698,,,,,,,,,,,,0,0,0,0,0,0,0,0,0,0,0,0,,,0.013108,0.533730,
450702,-1.514921953,0.0165305069,0.2937509086,1.0035013887,-0.351951947,0.2635043322,-0.653469947,-1.001973828,,,-0.257980078,1,1,1,1,1,1,1,1,0,0,1,9,0.1111111111,-0.244778958,0.013108,0.533730,-0.483178266
450709,-0.040922237,-0.887432231,-0.37350012,0.9015688091,,2.0511366384,,0.0307204863,0.4313182916,0.3948059626,1.1094486371,1,1,1,1,0,1,0,1,1,1,1,9,0.1111111111,0.4019049152,0.013108,0.533730,0.728452763
450711,1.1394290988,-0.58293952,-1.282190666,-0.219689567,-0.232020569,,,0.0307204863,,,1.1094486371,1,1,1,1,1,0,0,1,0,0,1,7,0.1428571429,-0.0053203,0.013108,0.533730,-0.034526998
450713,-0.196383144,0.9680702314,-0.219856791,1.1054339683,0.2477049432,-0.729624727,1.2075582032,0.3257760046,,,-1.283551615,1,1,1,1,1,1,1,1,0,0,1,9,0.1111111111,0.1583474526,0.013108,0.533730,0.2721219475
450718,0.8630541519,0.6064851361,0.7107828015,0.1880407518,-0.471883325,0.1641914263,,1.0634148004,,,-1.967265972,1,1,1,1,1,1,0,1,0,0,1,8,0.125,0.1446024713,0.013108,0.533730,0.2463692628
450723,-0.334570618,-0.383116177,-1.668493893,0.7996362295,-0.232020569,0.1641914263,,0.6208315229,,,0.4257342795,1,1,1,1,1,1,0,1,0,0,1,8,0.125,-0.075975975,0.013108,0.533730,-0.166907921
450730,,1.0727396011,-0.088162509,,,,1.0383738259,0.1782482455,,,-2.992837509,0,1,1,0,0,0,1,1,0,0,1,5,0.2,-0.158327669,0.013108,0.533730,-0.321202581
450742,0.6615307531,0.5541504513,-0.22863641,-1.035150204,,-0.729624727,,-0.116807273,,,-0.599837257,1,1,1,1,0,1,0,1,0,0,1,7,0.1428571429,-0.213482095,0.013108,0.533730,-0.424540265
450743,1.450350914,-0.078623466,0.4166655718,-1.340947943,0.0078421871,1.1573204853,,0.7683592821,,,-0.257980078,1,1,1,1,1,1,0,1,0,0,1,8,0.125,0.2653733692,0.013108,0.533730,0.4726463875
450747,,0.6540621223,0.3683776684,-2.156408579,,-1.921379598,,-0.264335032,,,-0.257980078,0,1,1,1,0,1,0,1,0,0,1,6,0.1666666667,-0.596277249,0.013108,0.533730,-1.141747708
45074F,0.3390933151,0.3067501229,-0.931005914,,,-0.133747291,-0.48428557,-0.854446069,,,,1,1,1,0,0,1,1,1,0,0,0,6,0.1666666667,-0.292940234,0.013108,0.533730,-0.573413542
450755,,,0.8775955587,,,,,0.4733037638,,,,0,0,1,0,0,0,0,1,0,0,0,2,0.5,0.6754496612,0.013108,0.533730,1.2409679441
450771,-1.981304676,-0.230869821,0.0742604386,0.9015688091,0.4875676993,0.2635043322,1.5459269579,-0.116807273,,,1.1094486371,1,1,1,1,1,1,1,1,0,0,1,9,0.1111111111,0.2281439004,0.013108,0.533730,0.4028930172
450774,,,,-0.015824407,,,-0.48428557,-0.116807273,,,-3.334694688,0,0,0,1,0,0,1,1,0,0,1,4,0.25,-0.987902984,0.013108,0.533730,-1.875500183
450775,-1.704929729,0.0641074931,0.1137687232,1.5131642868,-2.03099124,-0.233060197,-0.315101193,-0.854446069,,,0.0838771007,1,1,1,1,1,1,1,1,0,0,1,9,0.1111111111,-0.373734536,0.013108,0.533730,-0.724790261
450779,0.7306244899,0.3448117119,0.2718018616,-0.729352465,,-0.729624727,-0.991838702,-0.55939055,,,1.4513058159,1,1,1,1,0,1,1,1,0,0,1,8,0.125,-0.026457821,0.013108,0.533730,-0.074130391
450788,0.966694757,0.7777622865,0.7151726109,0.0861081721,-0.591814703,-0.233060197,,0.7683592821,,,0.4257342795,1,1,1,1,1,1,0,1,0,0,1,8,0.125,0.3643695609,0.013108,0.533730,0.6581262838
450801,0.103023048,-0.102411959,-0.316432598,-0.015824407,0.1277735651,0.462130144,1.2075582032,-0.264335032,0.2122875767,1.0941189957,-0.257980078,1,1,1,1,1,1,1,1,1,1,1,11,0.0909090909,0.2045370417,0.013108,0.533730,0.3586630561
450804,,,,,,,3.2377707312,2.686220151,,,-0.257980078,0,0,0,0,0,0,1,1,0,0,1,3,0.3333333333,1.888670268,0.013108,0.533730,3.5140658121
450808,,,,-0.831285044,,,,1.2109425595,,,-0.941694436,0,0,0,1,0,0,0,1,0,0,1,3,0.3333333333,-0.18734564,0.013108,0.533730,-0.375570837
450809,0.2584839556,0.9062201493,-0.540312877,0.5957710702,,0.0648785204,-1.837760589,-0.55939055,,,-1.625408793,1,1,1,1,0,1,1,1,0,0,1,8,0.125,-0.342189889,0.013108,0.533730,-0.665688009
450820,-2.223132755,-0.744701273,-0.37350012,-0.219689567,-0.112089191,0.8593817676,-0.653469947,0.0307204863,-3.511234578,0.2782537905,1.1094486371,1,1,1,1,1,1,1,1,1,1,1,11,0.0909090909,-0.505455704,0.013108,0.533730,-0.971583882
450822,,-1.006374697,-0.017925559,0.4938384906,,,,-0.116807273,,,-1.625408793,0,1,1,1,0,0,0,1,0,0,1,5,0.2,-0.454535566,0.013108,0.533730,-0.876179586
450825,,,,,,,,,,,1.1094486371,0,0,0,0,0,0,0,0,0,0,1,1,1,1.1094486371,0.013108,0.533730,2.0541111938
450827,,,0.6229866135,,,,0.3616363166,1.2109425595,,,0.7675914583,0,0,1,0,0,0,1,1,0,0,1,4,0.25,0.740789237,0.013108,0.533730,1.36338859
450828,,2.4667452976,-0.197907744,,,,,0.3257760046,,,,0,1,1,0,0,0,0,1,0,0,0,3,0.3333333333,0.864871186,0.013108,0.533730,1.5958693212
450831,,,,,,,,,,,,0,0,0,0,0,0,0,0,0,0,0,0,,,0.013108,0.533730,
450833,,,0.5088515692,0.6977036498,,,,-0.264335032,,,-0.257980078,0,0,1,1,0,0,0,1,0,0,1,4,0.25,0.1710600272,0.013108,0.533730,0.2959403083
450834,,,,,,,2.0534800899,1.5059980778,,,-5.727694939,0,0,0,0,0,0,1,1,0,0,1,3,0.3333333333,-0.722738924,0.013108,0.533730,-1.378687108
450840,1.1912494013,0.9252509438,1.0751369817,0.9015688091,,0.3628172381,-0.315101193,1.3584703187,,,0.0838771007,1,1,1,1,0,1,1,1,0,0,1,8,0.125,0.6979087001,0.013108,0.533730,1.2830473425
450844,0.103023048,-0.421177766,-0.342771454,2.3286249237,0.1277735651,0.0648785204,0.5308206939,0.1782482455,-0.006743138,-0.537611415,0.0838771007,1,1,1,1,1,1,1,1,1,1,1,11,0.0909090909,0.1917220294,0.013108,0.533730,0.3346527674
450847,0.9551791342,-0.397389273,0.8775955587,-0.831285044,,0.2635043322,,0.7683592821,,,0.0838771007,1,1,1,1,0,1,0,1,0,0,1,7,0.1428571429,0.2456915843,0.013108,0.533730,0.4357704697
450848,1.2315540811,-0.987343903,0.4649534752,-0.831285044,,0.1641914263,,1.2109425595,,,0.0838771007,1,1,1,1,0,1,0,1,0,0,1,7,0.1428571429,0.1909842423,0.013108,0.533730,0.3332704447
450851,0.4945542227,0.6064851361,,,,,,0.7683592821,,,-0.599837257,1,1,0,0,0,0,0,1,0,0,1,4,0.25,0.317390346,0.013108,0.533730,0.570105727
450853,,,,-3.583464694,,,-1.837760589,1.3584703187,,,-0.941694436,0,0,0,1,0,0,1,1,0,0,1,4,0.25,-1.25111235,0.013108,0.533730,-2.36865093
450855,1.7958195976,0.0688651917,0.9873407937,,-0.351951947,0.462130144,0.7000050712,1.3584703187,,,-1.283551615,1,1,1,0,1,1,1,1,0,0,1,8,0.125,0.4671409444,0.013108,0.533730,0.8506794034
450856,,,,,,,1.3767425806,2.2436368736,,,-1.625408793,0,0,0,0,0,0,1,1,0,0,1,3,0.3333333333,0.6649902202,0.013108,0.533730,1.2213710687
450860,,,,-0.015824407,,,0.5308206939,,,,-0.941694436,0,0,0,1,0,0,1,0,0,0,1,3,0.3333333333,-0.142232716,0.013108,0.533730,-0.291046975
450862,-0.288508127,-0.816066752,0.1752260548,0.0861081721,-1.311402972,-0.034434386,,-1.444557105,0.285297815,0.1617016183,0.4257342795,1,1,1,1,1,1,0,1,1,1,1,10,0.1,-0.27609014,0.013108,0.533730,-0.541843098
450864,,,,,,,2.0534800899,3.4238589468,,,-2.65098033,0,0,0,0,0,0,1,1,0,0,1,3,0.3333333333,0.9421195689,0.013108,0.533730,1.7406023842
450865,,,0.7283420391,-0.525487306,,,,0.0307204863,,,-0.257980078,0,0,1,1,0,0,0,1,0,0,1,4,0.25,-0.006101215,0.013108,0.533730,-0.035990124
450867,,0.254415438,0.012803107,0.2899733314,,-0.034434386,-0.315101193,-0.706918309,,,-0.257980078,0,1,1,1,0,1,1,1,0,0,1,7,0.1428571429,-0.108177441,0.013108,0.533730,-0.227240794
450869,-3.317116919,0.5113311637,-0.162789269,1.9208946053,0.1277735651,0.7600688617,-1.161023079,-0.706918309,-1.905009335,0.9775668235,0.7675914583,1,1,1,1,1,1,1,1,1,1,1,11,0.0909090909,-0.198875494,0.013108,0.533730,-0.397173244
45086F,0.4772807886,1.1012857929,0.8556465117,,,1.7531979207,0.0232675619,0.4733037638,,,,1,1,1,0,0,1,1,1,0,0,0,6,0.1666666667,0.7806637233,0.013108,0.533730,1.4380976818
450871,,,,,,,0.8691894486,,,,-1.967265972,0,0,0,0,0,0,1,0,0,0,1,2,0.5,-0.549038262,0.013108,0.533730,-1.05324044
450872,,,,-0.117756987,,,,0.4733037638,,,0.4257342795,0,0,0,1,0,0,0,1,0,0,1,3,0.3333333333,0.2604270187,0.013108,0.533730,0.4633788736
450874,,,,,,,-0.653469947,-0.411862791,,,-0.257980078,0,0,0,0,0,0,1,1,0,0,1,3,0.3333333333,-0.441104272,0.013108,0.533730,-0.851014628
450875,,,,,,,0.8691894486,-0.411862791,,,-0.257980078,0,0,0,0,0,0,1,1,0,0,1,3,0.3333333333,0.0664488598,0.013108,0.533730,0.0999401576
450876,-1.630078181,-0.901705327,-0.022315368,-0.117756987,-1.43133435,,0.1924519392,0.1782482455,,,0.4257342795,1,1,1,1,1,0,1,1,0,0,1,8,0.125,-0.413344469,0.013108,0.533730,-0.799003683
450880,,,,,,,-0.822654325,0.3257760046,,,-0.257980078,0,0,0,0,0,0,1,1,0,0,1,3,0.3333333333,-0.251619466,0.013108,0.533730,-0.495994687
450883,,,,,,,1.7151113352,0.4733037638,,,-1.967265972,0,0,0,0,0,0,1,1,0,0,1,3,0.3333333333,0.0737163756,0.013108,0.533730,0.1135566216
450885,,0.2020807532,0.3595980496,0.5957710702,,-0.332373103,0.0232675619,-0.854446069,,,0.4257342795,0,1,1,1,0,1,1,1,0,0,1,7,0.1428571429,0.0599475061,0.013108,0.533730,0.0877591799
450888,,,,,,,0.5308206939,0.3257760046,,,0.7675914583,0,0,0,0,0,0,1,1,0,0,1,3,0.3333333333,0.5413960523,0.013108,0.533730,0.9898042472
450889,,,,,,,0.7000050712,0.6208315229,,,-0.257980078,0,0,0,0,0,0,1,1,0,0,1,3,0.3333333333,0.3542855053,0.013108,0.533730,0.6392327329
450890,,0.4542387802,-0.391059358,-0.117756987,,0.0648785204,-0.653469947,0.4733037638,,,-0.257980078,0,1,1,1,0,1,1,1,0,0,1,7,0.1428571429,-0.061120758,0.013108,0.533730,-0.139075092
450891,,,,-0.117756987,,,,-0.706918309,,,0.0838771007,0,0,0,1,0,0,0,1,0,0,1,3,0.3333333333,-0.246932732,0.013108,0.533730,-0.487213592
450893,-1.41703916,-0.44496626,,,1.6868814799,,,-0.116807273,,,-0.257980078,1,1,0,0,1,0,0,1,0,0,1,5,0.2,-0.109982258,0.013108,0.533730,-0.23062231
45090F,0.4081870518,0.154503767,0.9697815561,,,0.0648785204,-0.145916815,1.2109425595,,,,1,1,1,0,0,1,1,1,0,0,0,6,0.1666666667,0.4437294399,0.013108,0.533730,0.8068154592
451300,,,0.6142069947,,,,,0.1782482455,,,,0,0,1,0,0,0,0,1,0,0,0,2,0.5,0.3962276201,0.013108,0.533730,0.7178157467
451301,,,,,,,,,,,,0,0,0,0,0,0,0,0,0,0,0,0,,,0.013108,0.533730,
451303,,,,,,,,-0.116807273,,,,0,0,0,0,0,0,0,1,0,0,0,1,1,-0.116807273,0.013108,0.533730,-0.243409701
451304,,,,,,,,,,,,0,0,0,0,0,0,0,0,0,0,0,0,,,0.013108,0.533730,
451305,,,,,,,,,,,,0,0,0,0,0,0,0,0,0,0,0,0,,,0.013108,0.533730,
451306,,,,,,,,0.3257760046,,,,0,0,0,0,0,0,0,1,0,0,0,1,1,0.3257760046,0.013108,0.533730,0.5858171505
451307,,,,,,,,,,,,0,0,0,0,0,0,0,0,0,0,0,0,,,0.013108,0.533730,
451308,,,,,,,,0.3257760046,,,,0,0,0,0,0,0,0,1,0,0,0,1,1,0.3257760046,0.013108,0.533730,0.5858171505
451310,,,,,,,,0.1782482455,,,,0,0,0,0,0,0,0,1,0,0,0,1,1,0.1782482455,0.013108,0.533730,0.3094081998
451311,,,,,,,,,,,,0,0,0,0,0,0,0,0,0,0,0,0,,,0.013108,0.533730,
451312,,,,-0.117756987,,,,,,,,0,0,0,1,0,0,0,0,0,0,0,1,1,-0.117756987,0.013108,0.533730,-0.245189092
451313,,,,,,,,,,,,0,0,0,0,0,0,0,0,0,0,0,0,,,0.013108,0.533730,
451314,,,,,,,,,,,,0,0,0,0,0,0,0,0,0,0,0,0,,,0.013108,0.533730,
451315,,,1.3297459269,,,,,0.3257760046,,,,0,0,1,0,0,0,0,1,0,0,0,2,0.5,0.8277609657,0.013108,0.533730,1.5263393758
451316,,,,,,,,,,,,0,0,0,0,0,0,0,0,0,0,0,0,,,0.013108,0.533730,
451317,,,,,,,,,,,,0,0,0,0,0,0,0,0,0,0,0,0,,,0.013108,0.533730,
451318,,,,,,,,,,,,0,0,0,0,0,0,0,0,0,0,0,0,,,0.013108,0.533730,
451319,,,0.7107828015,-0.219689567,,,,0.9158870412,,,0.4257342795,0,0,1,1,0,0,0,1,0,0,1,4,0.25,0.4581786389,0.013108,0.533730,0.8338875706
451320,,,,,,,,,,,,0,0,0,0,0,0,0,0,0,0,0,0,,,0.013108,0.533730,
451322,,,,,,,,,,,,0,0,0,0,0,0,0,0,0,0,0,0,,,0.013108,0.533730,
451323,,0.0736228904,1.781896295,-0.219689567,,,,-0.411862791,,,,0,1,1,1,0,0,0,1,0,0,0,4,0.25,0.3059917069,0.013108,0.533730,0.548749164
451324,,,,,,,,,,,,0,0,0,0,0,0,0,0,0,0,0,0,,,0.013108,0.533730,
451329,,,,,,,,,,,,0,0,0,0,0,0,0,0,0,0,0,0,,,0.013108,0.533730,
451330,,,,0.5957710702,,,,0.0307204863,,,,0,0,0,1,0,0,0,1,0,0,0,2,0.5,0.3132457783,0.013108,0.533730,0.5623404385
451331,,,1.3824236397,,,,,-0.116807273,,,,0,0,1,0,0,0,0,1,0,0,0,2,0.5,0.6328081834,0.013108,0.533730,1.1610745992
451332,,,,,,,,,,,,0,0,0,0,0,0,0,0,0,0,0,0,,,0.013108,0.533730,
451333,,,,,,,,0.4733037638,,,,0,0,0,0,0,0,0,1,0,0,0,1,1,0.4733037638,0.013108,0.533730,0.8622261011
451334,,,,,,,,,,,,0,0,0,0,0,0,0,0,0,0,0,0,,,0.013108,0.533730,
451337,,,-0.37350012,,,,,-0.55939055,,,,0,0,1,0,0,0,0,1,0,0,0,2,0.5,-0.466445335,0.013108,0.533730,-0.898493805
451338,,,,,,,,,,,,0,0,0,0,0,0,0,0,0,0,0,0,,,0.013108,0.533730,
451340,,,,,,,,,,,,0,0,0,0,0,0,0,0,0,0,0,0,,,0.013108,0.533730,
451341,,,,,,,,-0.55939055,,,,0,0,0,0,0,0,0,1,0,0,0,1,1,-0.55939055,0.013108,0.533730,-1.072636553
451342,,,,,,,,0.1782482455,,,,0,0,0,0,0,0,0,1,0,0,0,1,1,0.1782482455,0.013108,0.533730,0.3094081998
451343,,,0.6405458511,,,0.1641914263,,0.1782482455,,,,0,0,1,0,0,1,0,1,0,0,0,3,0.3333333333,0.327661841,0.013108,0.533730,0.5893504655
451344,,,-0.132060603,,,,,-0.116807273,,,,0,0,1,0,0,0,0,1,0,0,0,2,0.5,-0.124433938,0.013108,0.533730,-0.25769907
451346,,0.3448117119,0.9214936527,-0.321622146,,,,-0.116807273,,,,0,1,1,1,0,0,0,1,0,0,0,4,0.25,0.2069689864,0.013108,0.533730,0.3632195632
451347,,0.8538854645,0.6361560417,,,,,-1.887140383,,,,0,1,1,0,0,0,0,1,0,0,0,3,0.3333333333,-0.132366292,0.013108,0.533730,-0.272561179
451349,,,,,,,,0.0307204863,,,,0,0,0,0,0,0,0,1,0,0,0,1,1,0.0307204863,0.013108,0.533730,0.0329992492
451350,,,,,,,,0.3257760046,,,,0,0,0,0,0,0,0,1,0,0,0,1,1,0.3257760046,0.013108,0.533730,0.5858171505
451351,,,,,,,,-0.55939055,,,,0,0,0,0,0,0,0,1,0,0,0,1,1,-0.55939055,0.013108,0.533730,-1.072636553
451352,,,,,,,,,,,,0,0,0,0,0,0,0,0,0,0,0,0,,,0.013108,0.533730,
451353,,,,,,,,,,,,0,0,0,0,0,0,0,0,0,0,0,0,,,0.013108,0.533730,
451354,,,-0.500804593,,,,,1.0634148004,,,,0,0,1,0,0,0,0,1,0,0,0,2,0.5,0.2813051038,0.013108,0.533730,0.502496187
451355,,,,,,,,0.1782482455,,,,0,0,0,0,0,0,0,1,0,0,0,1,1,0.1782482455,0.013108,0.533730,0.3094081998
451356,,-1.03016319,0.8512567023,0.1880407518,,,,-0.55939055,,,,0,1,1,1,0,0,0,1,0,0,0,4,0.25,-0.137564072,0.013108,0.533730,-0.282299772
451359,,,1.0926962193,,,,,0.3257760046,,,,0,0,1,0,0,0,0,1,0,0,0,2,0.5,0.709236112,0.013108,0.533730,1.3042704537
451361,,0.4923003692,0.8556465117,,,,,0.1782482455,,,,0,1,1,0,0,0,0,1,0,0,0,3,0.3333333333,0.5087317088,0.013108,0.533730,0.9286041249
451362,,,2.0584542872,,,,,0.0307204863,,,,0,0,1,0,0,0,0,1,0,0,0,2,0.5,1.0445873868,0.013108,0.533730,1.9325867413
451363,,,,-0.321622146,,,,,,,,0,0,0,1,0,0,0,0,0,0,0,1,1,-0.321622146,0.013108,0.533730,-0.627152155
451364,,,,,,,,,,,,0,0,0,0,0,0,0,0,0,0,0,0,,,0.013108,0.533730,
451365,,,0.9083242245,-1.340947943,,0.7600688617,-0.145916815,0.1782482455,,,-0.257980078,0,0,1,1,0,1,1,1,0,0,1,6,0.1666666667,0.0169660826,0.013108,0.533730,0.0072289107
451366,,,,,,,,,,,,0,0,0,0,0,0,0,0,0,0,0,0,,,0.013108,0.533730,
451367,,0.5256042595,0.8117484177,-0.423554726,,0.2635043322,,0.3257760046,,,0.4257342795,0,1,1,1,0,1,0,1,0,0,1,6,0.1666666667,0.3214687613,0.013108,0.533730,0.5777470718
451369,,,,,,,,0.4733037638,,,,0,0,0,0,0,0,0,1,0,0,0,1,1,0.4733037638,0.013108,0.533730,0.8622261011
451370,,-3.199673762,-1.097818671,0.1880407518,,,,-0.116807273,,,,0,1,1,1,0,0,0,1,0,0,0,4,0.25,-1.056564739,0.013108,0.533730,-2.004145284
451371,,,,,,,,0.7683592821,,,,0,0,0,0,0,0,0,1,0,0,0,1,1,0.7683592821,0.013108,0.533730,1.4150440023
451372,,,,,,,,,,,,0,0,0,0,0,0,0,0,0,0,0,0,,,0.013108,0.533730,
451373,,,0.342038812,,,,,0.0307204863,,,,0,0,1,0,0,0,0,1,0,0,0,2,0.5,0.1863796491,0.013108,0.533730,0.3246432496
451374,,,,-0.117756987,,,,-0.116807273,,,,0,0,0,1,0,0,0,1,0,0,0,2,0.5,-0.11728213,0.013108,0.533730,-0.244299397
451375,,,,,,,,0.3257760046,,,,0,0,0,0,0,0,0,1,0,0,0,1,1,0.3257760046,0.013108,0.533730,0.5858171505
451376,,1.0965280943,0.3332591932,,,,,0.6208315229,,,,0,1,1,0,0,0,0,1,0,0,0,3,0.3333333333,0.6835396035,0.013108,0.533730,1.2561253114
451377,,,1.5053383029,,,,,0.1782482455,,,,0,0,1,0,0,0,0,1,0,0,0,2,0.5,0.8417932742,0.013108,0.533730,1.5526303984
451378,,,-0.017925559,0.1880407518,,,,0.0307204863,,,,0,0,1,1,0,0,0,1,0,0,0,3,0.3333333333,0.0669452264,0.013108,0.533730,0.1008701534
451379,,,0.0918196762,,,,0.3616363166,0.4733037638,,,,0,0,1,0,0,0,1,1,0,0,0,3,0.3333333333,0.3089199189,0.013108,0.533730,0.5542354806
451380,,0.796793081,1.2375599295,-0.627419885,,1.2566333912,,-0.55939055,,,-0.941694436,0,1,1,1,0,1,0,1,0,0,1,6,0.1666666667,0.1937469217,0.013108,0.533730,0.3384466186
451381,,,,-0.321622146,,,,,,,,0,0,0,1,0,0,0,0,0,0,0,1,1,-0.321622146,0.013108,0.533730,-0.627152155
451382,,0.6493044237,0.473733094,-0.321622146,,0.1641914263,,-0.55939055,,,,0,1,1,1,0,1,0,1,0,0,0,5,0.2,0.0812432495,0.013108,0.533730,0.1276590205
451384,,,0.6800541357,,,,0.1924519392,0.0307204863,,,,0,0,1,0,0,0,1,1,0,0,0,3,0.3333333333,0.3010755204,0.013108,0.533730,0.5395381657
451385,,,1.2902376423,,,,,0.4733037638,,,,0,0,1,0,0,0,0,1,0,0,0,2,0.5,0.881770703,0.013108,0.533730,1.6275323641
451386,,0.0688651917,-1.646544846,-0.627419885,,,,0.6208315229,,,-0.257980078,0,1,1,1,0,0,0,1,0,0,1,5,0.2,-0.368449619,0.013108,0.533730,-0.714888406
451387,,0.5208465609,0.6756643263,-1.035150204,,-0.332373103,0.1924519392,-0.55939055,-0.152763615,-0.071402726,-2.309123151,0,1,1,1,0,1,1,1,1,1,1,9,0.1111111111,-0.341248947,0.013108,0.533730,-0.663925054
451389,,,,,,,,,,,,0,0,0,0,0,0,0,0,0,0,0,0,,,0.013108,0.533730,
451390,,,,,,,,,,,,0,0,0,0,0,0,0,0,0,0,0,0,,,0.013108,0.533730,
451391,,,-0.579821162,,,,,0.3257760046,,,,0,0,1,0,0,0,0,1,0,0,0,2,0.5,-0.127022579,0.013108,0.533730,-0.262549164
451392,,,0.2586324334,-0.423554726,,,,0.1782482455,,,,0,0,1,1,0,0,0,1,0,0,0,3,0.3333333333,0.0044419843,0.013108,0.533730,-0.01623632
451393,,,,0.1880407518,,,,,,,,0,0,0,1,0,0,0,0,0,0,0,1,1,0.1880407518,0.013108,0.533730,0.3277555021
451394,,,,,,,,,,,,0,0,0,0,0,0,0,0,0,0,0,0,,,0.013108,0.533730,
451395,,0.7825199852,0.8249178459,-0.423554726,,0.7600688617,,-0.854446069,,,,0,1,1,1,0,1,0,1,0,0,0,5,0.2,0.2179011796,0.013108,0.533730,0.3837021903
451396,,,,,,,,,,,,0,0,0,0,0,0,0,0,0,0,0,0,,,0.013108,0.533730,
451397,,,2.023335812,,,,,1.0634148004,,,,0,0,1,0,0,0,0,1,0,0,0,2,0.5,1.5433753062,0.013108,0.533730,2.8671189689
451398,,,,0.0861081721,,,,,,,0.0838771007,0,0,0,1,0,0,0,0,0,0,1,2,0.5,0.0849926364,0.013108,0.533730,0.1346838958
451399,,,,,,,,,,,,0,0,0,0,0,0,0,0,0,0,0,0,,,0.013108,0.533730,
460001,1.4273196684,0.2829616298,0.4342248094,0.2899733314,1.806812858,,0.3616363166,3.1288034285,0.0662671,-0.187954898,-0.257980078,1,1,1,1,1,0,1,1,1,1,1,10,0.1,0.7352064166,0.013108,0.533730,1.352928582
460003,,-0.368843082,1.4175421149,0.1880407518,0.0078421871,,-0.315101193,0.6208315229,,,0.4257342795,0,1,1,1,1,0,1,1,0,0,1,7,0.1428571429,0.2822923688,0.013108,0.533730,0.5043459331
460004,0.805476038,2.0337947229,1.8609128642,1.5131642868,1.806812858,1.2566333912,1.7151113352,2.9812756694,1.3074411514,-1.236924448,1.1094486371,1,1,1,1,1,1,1,1,1,1,1,11,0.0909090909,1.3775587733,0.013108,0.533730,2.5564440552
460005,0.615468262,0.7492160948,0.9785611749,,0.1277735651,,-0.653469947,0.1782482455,,,0.7675914583,1,1,1,0,1,0,1,1,0,0,1,7,0.1428571429,0.3947698362,0.013108,0.533730,0.7150844334
460006,,0.8158238755,1.0707471723,-1.544813102,,,0.7000050712,1.9485813553,0.285297815,0.5113581348,0.4257342795,0,1,1,1,0,0,1,1,1,1,1,8,0.125,0.5265918252,0.013108,0.533730,0.962066953
460007,,0.0070151097,2.1286912376,-2.869936637,,,,1.2109425595,-0.444804568,0.0451494461,-0.599837257,0,1,1,1,0,0,0,1,1,1,1,7,0.1428571429,-0.074682873,0.013108,0.533730,-0.164485157
460009,0.586679205,1.2249859571,0.6756643263,2.2266923441,-0.112089191,0.9586946735,1.2075582032,0.1782482455,0.7963694832,-0.187954898,0.4257342795,1,1,1,1,1,1,1,1,1,1,1,11,0.0909090909,0.7255075117,0.013108,0.533730,1.3347566519
460010,1.9685539394,2.5238376811,1.9223701958,-1.442880522,0.6074990774,0.2635043322,,3.2763311877,0.6503490066,0.7444624792,0.7675914583,1,1,1,1,1,1,0,1,1,1,1,10,0.1,1.1281618835,0.013108,0.533730,2.0891724516
460011,,1.6198749428,1.2682885953,0.2899733314,,,0.0232675619,0.9158870412,,,-0.257980078,0,1,1,1,0,0,1,1,0,0,1,6,0.1666666667,0.6432185657,0.013108,0.533730,1.1805795579
460013,,1.4295669979,1.0268490783,0.1880407518,,,-0.822654325,-0.264335032,,,-1.625408793,0,1,1,1,0,0,1,1,0,0,1,6,0.1666666667,-0.011323554,0.013108,0.533730,-0.045774732
460014,,0.7397006976,1.1848822167,0.0861081721,,,-0.653469947,0.3257760046,,,-1.967265972,0,1,1,1,0,0,1,1,0,0,1,6,0.1666666667,-0.047378138,0.013108,0.533730,-0.113326832
460015,,2.538110777,1.4702198277,-1.850610841,,,,0.3257760046,1.2344309131,1.2106711679,0.4257342795,0,1,1,1,0,0,0,1,1,1,1,7,0.1428571429,0.7649045899,0.013108,0.533730,1.408571269
460017,,1.6008441483,0.9214936527,-0.015824407,,,,0.9158870412,,,0.0838771007,0,1,1,1,0,0,0,1,0,0,1,5,0.2,0.7012555071,0.013108,0.533730,1.2893179415
460019,,1.9719446408,0.8468668929,-1.340947943,,,-0.315101193,0.3257760046,,,-0.257980078,0,1,1,1,0,0,1,1,0,0,1,6,0.1666666667,0.2050930542,0.013108,0.533730,0.3597048047
460021,1.6633899355,1.5722979565,0.6712745169,-1.340947943,2.8861952605,1.455259203,-3.02205123,0.9158870412,-0.298784092,-0.770715759,0.4257342795,1,1,1,1,1,1,1,1,1,1,1,11,0.0909090909,0.3779581064,0.013108,0.533730,0.6835858692
460023,,1.9005791615,0.5834783289,-1.239015363,,,,0.9158870412,,,1.4513058159,0,1,1,1,0,0,0,1,0,0,1,5,0.2,0.7224469969,0.013108,0.533730,1.329022452
460026,,,0.8951547963,-0.525487306,,,,0.4733037638,0.7963694832,0.0451494461,1.1094486371,0,0,1,1,0,0,0,1,1,1,1,6,0.1666666667,0.4656564702,0.013108,0.533730,0.847898083
46002F,1.2430697038,-0.078623466,2.4228084674,,,-0.233060197,0.5308206939,1.653525837,,,,1,1,1,0,0,1,1,1,0,0,0,6,0.1666666667,0.9230901732,0.013108,0.533730,1.704948787
460030,,0.5636658485,0.4693432846,0.1880407518,,,,0.6208315229,,,-0.257980078,0,1,1,1,0,0,0,1,0,0,1,5,0.2,0.3167802659,0.013108,0.533730,0.5689626771
460039,,,,0.4938384906,,,,0.6208315229,,,,0,0,0,1,0,0,0,1,0,0,0,2,0.5,0.5573350068,0.013108,0.533730,1.019667574
460041,0.9551791342,0.9585548342,1.5492363969,0.1880407518,,,1.0383738259,0.6208315229,,,0.4257342795,1,1,1,1,0,0,1,1,0,0,1,7,0.1428571429,0.819421535,0.013108,0.533730,1.5107145652
460042,,-0.059592671,1.6150835378,,,,,0.1782482455,,,1.4513058159,0,1,1,0,0,0,0,1,0,0,1,4,0.25,0.796261232,0.013108,0.533730,1.4673212738
460043,,,,,,,,,,,0.7675914583,0,0,0,0,0,0,0,0,0,0,1,1,1,0.7675914583,0.013108,0.533730,1.4136054028
460044,,1.4581131896,1.6194733472,-0.219689567,,,-1.837760589,2.3911646327,,,0.7675914583,0,1,1,1,0,0,1,1,0,0,1,6,0.1666666667,0.6964820787,0.013108,0.533730,1.2803744157
460047,0.909116643,1.9386407505,1.0531879347,-0.525487306,-0.471883325,-0.630311821,0.0232675619,0.4733037638,,,0.4257342795,1,1,1,1,1,1,1,1,0,0,1,9,0.1111111111,0.3550631646,0.013108,0.533730,0.6406897603
460051,0.9321478886,0.0070151097,0.8688159399,0.9015688091,,-0.332373103,0.3616363166,0.9158870412,,,-0.941694436,1,1,1,1,0,1,1,1,0,0,1,8,0.125,0.3391254458,0.013108,0.533730,0.6108287485
460052,,1.6531788331,0.9566121279,-0.729352465,,,0.0232675619,0.4733037638,,,0.7675914583,0,1,1,1,0,0,1,1,0,0,1,6,0.1666666667,0.5241002134,0.013108,0.533730,0.9573986531
460054,,,,,,,,0.4733037638,,,0.0838771007,0,0,0,0,0,0,0,1,0,0,1,2,0.5,0.2785904322,0.013108,0.533730,0.497409961
460057,,,0.298140718,-0.321622146,,,0.5308206939,0.1782482455,,,0.0838771007,0,0,1,1,0,0,1,1,0,0,1,5,0.2,0.1538929223,0.013108,0.533730,0.2637759111
460058,,0.4447233829,1.0487981253,1.0035013887,,,,1.8010535961,,,0.7675914583,0,1,1,1,0,0,0,1,0,0,1,5,0.2,1.0131335903,0.013108,0.533730,1.8736547076
460060,,1.995733134,0.9829509843,0.2899733314,,,0.0232675619,0.4733037638,,,1.4513058159,0,1,1,1,0,0,1,1,0,0,1,6,0.1666666667,0.8694224319,0.013108,0.533730,1.6043965645
460061,,-0.154746644,1.2595089765,1.2073665479,,,,1.2109425595,,,0.4257342795,0,1,1,1,0,0,0,1,0,0,1,5,0.2,0.789761144,0.013108,0.533730,1.4551426673
460062,,,1.847743436,0.6977036498,,,,0.9158870412,,,0.4257342795,0,0,1,1,0,0,0,1,0,0,1,4,0.25,0.9717671016,0.013108,0.533730,1.7961501906
461300,,,,0.4938384906,,,,0.3257760046,,,,0,0,0,1,0,0,0,1,0,0,0,2,0.5,0.4098072476,0.013108,0.533730,0.7432586234
461301,,,,-0.321622146,,,,-0.264335032,,,,0,0,0,1,0,0,0,1,0,0,0,2,0.5,-0.292978589,0.013108,0.533730,-0.573485403
461302,,,,,,,,0.1782482455,,,,0,0,0,0,0,0,0,1,0,0,0,1,1,0.1782482455,0.013108,0.533730,0.3094081998
461303,,,,-0.933217624,,,,-0.264335032,,,-0.257980078,0,0,0,1,0,0,0,1,0,0,1,3,0.3333333333,-0.485177578,0.013108,0.533730,-0.933590655
461304,,0.5256042595,0.5922579477,0.0861081721,,,-0.48428557,0.1782482455,,,0.7675914583,0,1,1,1,0,0,1,1,0,0,1,6,0.1666666667,0.2775874189,0.013108,0.533730,0.4955307088
461305,,,,,,,,,,,,0,0,0,0,0,0,0,0,0,0,0,0,,,0.013108,0.533730,
461306,,,1.5492363969,-0.627419885,,,-0.653469947,0.4733037638,,,-1.967265972,0,0,1,1,0,0,1,1,0,0,1,5,0.2,-0.245123129,0.013108,0.533730,-0.483823108
461307,,,0.407885953,0.2899733314,,,,-0.116807273,,,0.4257342795,0,0,1,1,0,0,0,1,0,0,1,4,0.25,0.2516965727,0.013108,0.533730,0.4470214544
461308,,,,,,,0.8691894486,0.4733037638,,,,0,0,0,0,0,0,1,1,0,0,0,2,0.5,0.6712466062,0.013108,0.533730,1.2330930733
461309,,,,-1.137082783,,,,-0.264335032,,,,0,0,0,1,0,0,0,1,0,0,0,2,0.5,-0.700708908,0.013108,0.533730,-1.337411529
461310,,,,,,,,0.1782482455,,,,0,0,0,0,0,0,0,1,0,0,0,1,1,0.1782482455,0.013108,0.533730,0.3094081998
461333,,,0.3332591932,,,,,0.6208315229,,,,0,0,1,0,0,0,0,1,0,0,0,2,0.5,0.477045358,0.013108,0.533730,0.869236376
461335,,,0.7678503237,-0.729352465,,,,-0.264335032,,,,0,0,1,1,0,0,0,1,0,0,0,3,0.3333333333,-0.075279058,0.013108,0.533730,-0.165602173
470001,,-1.677210203,0.1576668172,2.0228271849,,1.6538850148,-0.991838702,-1.001973828,-1.24791719,-0.421059243,0.7675914583,0,1,1,1,0,1,1,1,1,1,1,9,0.1111111111,-0.082003188,0.013108,0.533730,-0.178200546
470003,0.6039526392,-0.744701273,0.363987859,1.6150968664,1.806812858,1.1573204853,-0.822654325,0.4733037638,0.0662671,-0.30450707,1.1094486371,1,1,1,1,1,1,1,1,1,1,1,11,0.0909090909,0.4840297764,0.013108,0.533730,0.8823224269
470005,,0.506573465,1.1453739321,-1.95254342,,-1.722753786,-1.837760589,-0.116807273,-0.590825045,-1.936237481,1.4513058159,0,1,1,1,0,1,1,1,1,1,1,9,0.1111111111,-0.561519376,0.013108,0.533730,-1.076625134
470011,,-0.178535137,1.0575777441,-0.423554726,,0.6607559558,-0.145916815,0.6208315229,-0.663835283,0.2782537905,1.1094486371,0,1,1,1,0,1,1,1,1,1,1,9,0.1111111111,0.2572250766,0.013108,0.533730,0.4573796944
470012,,-0.259416013,1.1234248851,0.391905911,,-0.133747291,0.5308206939,0.6208315229,1.0154001981,-1.003820104,0.4257342795,0,1,1,1,0,1,1,1,1,1,1,9,0.1111111111,0.3012371203,0.013108,0.533730,0.5398409402
47001F,,-0.516331739,1.3209663081,,,0.2635043322,-0.315101193,0.0307204863,,,,0,1,1,0,0,1,1,1,0,0,0,5,0.2,0.156751639,0.013108,0.533730,0.2691320208
470024,,0.5731812458,1.1673229791,1.9208946053,,-0.133747291,0.7000050712,0.9158870412,,,0.4257342795,0,1,1,1,0,1,1,1,0,0,1,7,0.1428571429,0.7956111329,0.013108,0.533730,1.466103244
471300,,,,,,,,-0.706918309,,,,0,0,0,0,0,0,0,1,0,0,0,1,1,-0.706918309,0.013108,0.533730,-1.349045504
471301,,-1.463113765,0.8732057493,,,-0.233060197,0.7000050712,-0.116807273,,,,0,1,1,0,0,1,1,1,0,0,0,5,0.2,-0.047954083,0.013108,0.533730,-0.114405925
471302,,1.0204049163,-0.909056867,,,,,-0.264335032,,,,0,1,1,0,0,0,0,1,0,0,0,3,0.3333333333,-0.050995661,0.013108,0.533730,-0.120104645
471303,,-0.392631575,0.5746987102,,,-1.424815068,,0.3257760046,,,,0,1,1,0,0,1,0,1,0,0,0,4,0.25,-0.229242982,0.013108,0.533730,-0.454069963
471304,,0.1116844794,-0.456906499,-0.015824407,,-1.027563445,,0.3257760046,,,-0.257980078,0,1,1,1,0,1,0,1,0,0,1,6,0.1666666667,-0.220135657,0.013108,0.533730,-0.437006422
471305,,0.9918587246,0.6976133733,-0.321622146,,-0.530998915,0.7000050712,-0.854446069,0.2122875767,0.5113581348,-6.753266476,0,1,1,1,0,1,1,1,1,1,1,9,0.1111111111,-0.594134525,0.013108,0.533730,-1.137733086
471306,,0.4732695747,-0.540312877,,,0.5614430499,,0.3257760046,,,,0,1,1,0,0,1,0,1,0,0,0,4,0.25,0.205043938,0.013108,0.533730,0.3596127802
471307,,-0.06435037,-0.531533259,-0.015824407,,0.5614430499,0.5308206939,-0.116807273,,,-0.599837257,0,1,1,1,0,1,1,1,0,0,1,7,0.1428571429,-0.033726975,0.013108,0.533730,-0.087749925
480001,,-1.039678587,0.3069203368,0.4938384906,,,,1.0634148004,,,0.0838771007,0,1,1,1,0,0,0,1,0,0,1,5,0.2,0.1816744282,0.013108,0.533730,0.3158275177
480002,,-0.887432231,-1.093428862,,,,,0.4733037638,,,,0,1,1,0,0,0,0,1,0,0,0,3,0.3333333333,-0.50251911,0.013108,0.533730,-0.96608186
490002,,-0.806551355,0.5132413786,,,-0.729624727,,-1.149501587,,,,0,1,1,0,0,1,0,1,0,0,0,4,0.25,-0.543109073,0.013108,0.533730,-1.042131473
490004,0.1951480303,0.3733579036,0.3771572872,1.1054339683,0.6074990774,0.462130144,0.3616363166,0.9158870412,0.6503490066,-2.052789653,0.0838771007,1,1,1,1,1,1,1,1,1,1,1,11,0.0909090909,0.2799714748,0.013108,0.533730,0.4999974912
490005,0.0281714999,0.1830499587,-0.707125635,-0.015824407,0.0078421871,0.6607559558,-0.822654325,-0.264335032,0.6503490066,0.3948059626,-0.599837257,1,1,1,1,1,1,1,1,1,1,1,11,0.0909090909,-0.044072917,0.013108,0.533730,-0.107134148
490007,0.3045464468,-1.120559464,-1.10659829,-0.423554726,0.3676363213,0.462130144,,0.4733037638,0.0662671,-0.071402726,-0.599837257,1,1,1,1,1,1,0,1,1,1,1,10,0.1,-0.164806869,0.013108,0.533730,-0.33334205
490009,-0.559125262,0.1497460683,-0.680786778,4.1634113569,1.806812858,-0.729624727,0.1924519392,1.653525837,1.5994821047,-2.052789653,1.4513058159,1,1,1,1,1,1,1,1,1,1,1,11,0.0909090909,0.6358554145,0.013108,0.533730,1.1667839109
490013,,0.1116844794,-0.562261924,-0.525487306,,-1.325502162,,0.4733037638,0.7233592449,-0.537611415,-0.599837257,0,1,1,1,0,1,0,1,1,1,1,8,0.125,-0.280294072,0.013108,0.533730,-0.549719611
490017,0.7133510557,-0.830339848,0.4122757624,1.3092991276,0.3676363213,-1.325502162,-0.315101193,0.4733037638,-0.444804568,-0.421059243,0.4257342795,1,1,1,1,1,1,1,1,1,1,1,11,0.0909090909,0.0331630269,0.013108,0.533730,0.0375756089
490018,0.6845619987,0.6350313279,1.7292185822,0.391905911,,2.2497624502,2.0534800899,1.9485813553,1.2344309131,-4.03417658,0.0838771007,1,1,1,1,0,1,1,1,1,1,1,10,0.1,0.6976673149,0.013108,0.533730,1.2825950817
490019,,-0.13095815,-0.52275364,-1.137082783,,0.462130144,,0.4733037638,-0.444804568,0.9775668235,0.0838771007,0,1,1,1,0,1,0,1,1,1,1,8,0.125,-0.029840164,0.013108,0.533730,-0.080467571
490020,,-0.159504342,0.2849712898,0.7996362295,,-2.020692504,0.1924519392,-0.854446069,,,-0.941694436,0,1,1,1,0,1,1,1,0,0,1,7,0.1428571429,-0.385611127,0.013108,0.533730,-0.747042318
490021,0.1606011619,1.7388174083,-0.00914594,-1.442880522,0.8473618335,1.0580075794,1.3767425806,0.9158870412,-1.612968381,0.9775668235,-0.941694436,1,1,1,1,1,1,1,1,1,1,1,11,0.0909090909,0.2789359227,0.013108,0.533730,0.4980572741
490022,-1.08884391,-1.315625107,-1.61581618,-0.015824407,-0.471883325,-2.815195751,-0.48428557,-2.182195901,1.5264718664,2.0265363731,0.7675914583,1,1,1,1,1,1,1,1,1,1,1,11,0.0909090909,-0.515370041,0.013108,0.533730,-0.990159447
490023,,-0.045319575,1.1014758381,0.0861081721,,1.0580075794,-0.653469947,0.1782482455,,,0.0838771007,0,1,1,1,0,1,1,1,0,0,1,7,0.1428571429,0.2584182019,0.013108,0.533730,0.4596151416
490024,0.2354527101,0.7349429989,0.7590707049,1.1054339683,0.9672932116,1.8525108266,1.2075582032,1.3584703187,0.6503490066,1.0941189957,1.1094486371,1,1,1,1,1,1,1,1,1,1,1,11,0.0909090909,1.0067863256,0.013108,0.533730,1.861762432
490032,0.0108980657,0.1449883697,-0.755413538,-1.340947943,-1.551265728,0.3628172381,1.2075582032,0.6208315229,-0.225773853,0.2782537905,0.0838771007,1,1,1,1,1,1,1,1,1,1,1,11,0.0909090909,-0.105834252,0.013108,0.533730,-0.222850579
490033,,1.3344130254,0.6185968041,-0.117756987,,1.1573204853,,0.3257760046,,,-0.599837257,0,1,1,1,0,1,0,1,0,0,1,6,0.1666666667,0.4530853459,0.013108,0.533730,0.8243447444
490037,,0.2020807532,0.6712745169,-0.423554726,,0.7600688617,,1.0634148004,-0.298784092,-0.770715759,0.7675914583,0,1,1,1,0,1,0,1,1,1,1,8,0.125,0.2464219767,0.013108,0.533730,0.4371389376
490038,,-0.816066752,-1.084649243,0.2899733314,,0.6607559558,,0.1782482455,-1.101896713,-0.30450707,-0.599837257,0,1,1,1,0,1,0,1,1,1,1,8,0.125,-0.347247438,0.013108,0.533730,-0.675163865
490040,0.293030824,-1.700998696,-1.348037807,3.5518158792,,1.3559462971,0.3616363166,1.3584703187,,,-1.967265972,1,1,1,1,0,1,1,1,0,0,1,8,0.125,0.2380746451,0.013108,0.533730,0.4214993237
490041,0.0166558771,-0.045319575,-0.698346016,1.0035013887,,0.0648785204,-1.330207457,-0.264335032,,,0.7675914583,1,1,1,1,0,1,1,1,0,0,1,8,0.125,-0.060697604,0.013108,0.533730,-0.138282269
490042,1.3639837431,-0.601970314,0.0610910104,3.0421529811,,-0.133747291,,1.0634148004,0.4313182916,0.3948059626,0.4257342795,1,1,1,1,0,1,0,1,1,1,1,9,0.1111111111,0.6718648292,0.013108,0.533730,1.23425138
490043,0.2239370873,0.6683352182,0.2586324334,-1.340947943,,2.0511366384,-0.48428557,0.9158870412,0.4313182916,0.0451494461,-0.941694436,1,1,1,1,0,1,1,1,1,1,1,10,0.1,0.1827468208,0.013108,0.533730,0.3178367592
490044,-0.115773785,-0.692366588,0.3991063342,0.6977036498,,1.3559462971,0.0232675619,-0.706918309,,,0.4257342795,1,1,1,1,0,1,1,1,0,0,1,8,0.125,0.17333743,0.013108,0.533730,0.3002072647
490045,0.9551791342,0.83485467,-0.500804593,1.0035013887,,-0.034434386,,0.3257760046,,,0.4257342795,1,1,1,1,0,1,0,1,0,0,1,7,0.1428571429,0.429972357,0.013108,0.533730,0.7810401009
490046,0.3793979949,-0.773247464,-0.856379154,2.3286249237,,-0.729624727,-0.653469947,-1.149501587,,,1.4513058159,1,1,1,1,0,1,1,1,0,0,1,8,0.125,-0.000361768,0.013108,0.533730,-0.025236661
490048,-1.566742256,-1.41077908,0.1576668172,0.391905911,-1.191471594,-0.332373103,-1.161023079,0.0307204863,-1.174906951,0.627910307,0.0838771007,1,1,1,1,1,1,1,1,1,1,1,11,0.0909090909,-0.504110495,0.013108,0.533730,-0.969063488
490050,0.3793979949,0.5303619582,-0.680786778,2.4305575034,-0.951608837,1.5545721089,0.5308206939,1.653525837,,,0.0838771007,1,1,1,1,1,1,1,1,0,0,1,9,0.1111111111,0.6145241757,0.013108,0.533730,1.1268175657
490052,0.3045464468,-0.192808233,-0.044264415,1.2073665479,-0.232020569,-0.828937633,,-1.149501587,-0.006743138,-0.537611415,0.4257342795,1,1,1,1,1,1,0,1,1,1,1,10,0.1,-0.105423972,0.013108,0.533730,-0.222081875
490053,-1.12914859,1.1964397653,0.144497389,-2.564138898,,0.6607559558,,-0.264335032,-1.466947905,-1.35347662,-0.257980078,1,1,1,1,0,1,0,1,1,1,1,9,0.1111111111,-0.559370446,0.013108,0.533730,-1.072598885
490057,0.293030824,-1.001616998,-0.562261924,0.391905911,0.2477049432,0.462130144,,0.7683592821,,,0.4257342795,1,1,1,1,1,1,0,1,0,0,1,8,0.125,0.1281233076,0.013108,0.533730,0.2154937966
490059,1.6058118216,0.116442178,0.2586324334,2.8382878218,1.4470187238,1.0580075794,-1.330207457,0.0307204863,1.3074411514,-0.421059243,-0.599837257,1,1,1,1,1,1,1,1,1,1,1,11,0.0909090909,0.573750749,0.013108,0.533730,1.0504242134
490060,,0.078380589,0.4473942376,0.0861081721,,-0.233060197,,0.4733037638,-1.101896713,0.2782537905,0.7675914583,0,1,1,1,0,1,0,1,1,1,1,8,0.125,0.0995093876,0.013108,0.533730,0.1618825735
490063,-0.081226917,0.0974113835,-0.904667058,0.6977036498,1.4470187238,2.5477011679,0.1924519392,0.4733037638,-0.006743138,0.627910307,-0.257980078,1,1,1,1,1,1,1,1,1,1,1,11,0.0909090909,0.4393530677,0.013108,0.533730,0.7986158603
490066,0.0742339911,0.5113311637,-0.777362585,-0.117756987,,0.462130144,0.0232675619,1.8010535961,,,0.4257342795,1,1,1,1,0,1,1,1,0,0,1,8,0.125,0.3003288955,0.013108,0.533730,0.5381392845
490067,0.2815152012,-0.259416013,-0.636888684,-2.666071478,,0.0648785204,,-1.592084864,,,-0.599837257,1,1,1,1,0,1,0,1,0,0,1,7,0.1428571429,-0.772557796,0.013108,0.533730,-1.472028065
490069,-0.524578394,-0.13095815,0.451784047,2.1247597645,1.3270873457,0.6607559558,0.3616363166,1.5059980778,0.2122875767,-0.071402726,-0.257980078,1,1,1,1,1,1,1,1,1,1,1,11,0.0909090909,0.514489976,0.013108,0.533730,0.939392851
49006F,,1.2440167516,-3.038114426,,,1.1573204853,-0.315101193,1.2109425595,,,,0,1,1,0,0,1,1,1,0,0,0,5,0.2,0.0518128356,0.013108,0.533730,0.0725180094
490075,0.4715229772,-1.125317163,0.2191241488,-0.831285044,,1.1573204853,-0.653469947,0.4733037638,1.5264718664,0.627910307,0.0838771007,1,1,1,1,0,1,1,1,1,1,1,10,0.1,0.1949458495,0.013108,0.533730,0.3406929372
490077,1.1106400418,0.7682468893,0.3025305274,-0.933217624,,0.6607559558,0.8691894486,1.8010535961,-0.517814807,1.7934320288,1.1094486371,1,1,1,1,0,1,1,1,1,1,1,10,0.1,0.6964264694,0.013108,0.533730,1.2802702257
490084,,-0.197565931,0.0084132976,0.2899733314,,0.0648785204,0.8691894486,-1.001973828,-0.37179433,0.0451494461,0.0838771007,0,1,1,1,0,1,1,1,1,1,1,9,0.1111111111,-0.023316994,0.013108,0.533730,-0.068245718
490088,,0.7349429989,0.8512567023,-0.831285044,,-0.233060197,,-0.116807273,,,0.0838771007,0,1,1,1,0,1,0,1,0,0,1,6,0.1666666667,0.0814873812,0.013108,0.533730,0.1281164274
490089,,0.1592614656,0.0391419634,-0.525487306,,1.2566333912,,2.3911646327,,,0.0838771007,0,1,1,1,0,1,0,1,0,0,1,6,0.1666666667,0.5674318747,0.013108,0.533730,1.0385851301
490090,,1.2297436557,0.3332591932,-2.054476,,0.2635043322,,0.6208315229,0.1392773383,-0.071402726,-0.599837257,0,1,1,1,0,1,0,1,1,1,1,8,0.125,-0.017387493,0.013108,0.533730,-0.057136167
490092,,0.4875426705,0.561529282,0.2899733314,,,,0.3257760046,,,0.0838771007,0,1,1,1,0,0,0,1,0,0,1,5,0.2,0.3497396778,0.013108,0.533730,0.6307156415
490093,0.2757573898,-1.634390915,-0.417398214,0.4938384906,,-0.630311821,,0.6208315229,,,0.0838771007,1,1,1,1,0,1,0,1,0,0,1,7,0.1428571429,-0.172542349,0.013108,0.533730,-0.347835297
490094,,,,,,,,0.0307204863,-0.663835283,0.3948059626,,0,0,0,0,0,0,0,1,1,1,0,3,0.3333333333,-0.079436278,0.013108,0.533730,-0.173391167
490097,,0.4637541774,-0.382279739,0.1880407518,,,,-0.411862791,,,,0,1,1,1,0,0,0,1,0,0,0,4,0.25,-0.0355869,0.013108,0.533730,-0.091234693
490098,,-1.406021381,1.1936618355,-0.933217624,,0.0648785204,,-0.264335032,0.4313182916,0.0451494461,0.4257342795,0,1,1,1,0,1,0,1,1,1,1,8,0.125,-0.055353958,0.013108,0.533730,-0.128270379
490101,,0.4019040953,-1.242682381,1.2073665479,,0.7600688617,0.8691894486,1.653525837,,,0.4257342795,0,1,1,1,0,1,1,1,0,0,1,7,0.1428571429,0.5821580984,0.013108,0.533730,1.0661762768
490104,,,,,,,,,,,,0,0,0,0,0,0,0,0,0,0,0,0,,,0.013108,0.533730,
490107,-1.319156366,-0.240385219,-0.623719256,0.9015688091,,-0.530998915,-0.48428557,0.9158870412,,,-0.941694436,1,1,1,1,0,1,1,1,0,0,1,8,0.125,-0.290347989,0.013108,0.533730,-0.568556694
49010F,0.9609369456,1.453355491,1.0092898407,,,0.9586946735,2.5610332219,1.2109425595,,,,1,1,1,0,0,1,1,1,0,0,0,6,0.1666666667,1.359042122,0.013108,0.533730,2.5217511392
490110,1.1624603443,-1.453598368,-0.628109065,-0.423554726,,-1.226189256,-1.668576211,-1.001973828,,,0.0838771007,1,1,1,1,0,1,1,1,0,0,1,8,0.125,-0.644458001,0.013108,0.533730,-1.232019472
490111,,0.5493927526,0.5088515692,-0.831285044,,0.9586946735,0.1924519392,1.0634148004,,,-0.257980078,0,1,1,1,0,1,1,1,0,0,1,7,0.1428571429,0.3119343732,0.013108,0.533730,0.5598833815
490112,-0.265476881,-0.502058643,-0.167179078,2.2266923441,1.2071559677,-0.630311821,-0.315101193,-0.55939055,0.0662671,0.1617016183,-0.941694436,1,1,1,1,1,1,1,1,1,1,1,11,0.0909090909,0.0255094934,0.013108,0.533730,0.0232358997
490113,-0.71458617,-0.559151026,-0.939785533,0.7996362295,,-0.133747291,,0.0307204863,,,0.7675914583,1,1,1,1,0,1,0,1,0,0,1,7,0.1428571429,-0.107045978,0.013108,0.533730,-0.225120877
490114,,1.6436634359,-0.553482306,-1.442880522,,-0.133747291,,0.1782482455,-0.444804568,1.0941189957,0.0838771007,0,1,1,1,0,1,0,1,1,1,1,8,0.125,0.0531241363,0.013108,0.533730,0.0749748707
490115,,0.2163538491,-1.286580475,-1.850610841,,0.7600688617,,0.4733037638,,,-0.257980078,0,1,1,1,0,1,0,1,0,0,1,6,0.1666666667,-0.32424082,0.013108,0.533730,-0.632058518
490116,,-0.164262041,0.2718018616,-0.321622146,,-0.530998915,,-1.001973828,-0.006743138,-0.537611415,0.0838771007,0,1,1,1,0,1,0,1,1,1,1,8,0.125,-0.275941565,0.013108,0.533730,-0.541564726
490117,,,-1.646544846,,,0.3628172381,,-0.411862791,,,,0,0,1,0,0,1,0,1,0,0,0,3,0.3333333333,-0.5651968,0.013108,0.533730,-1.083515179
490118,0.0051402543,-0.054834972,0.166446436,1.1054339683,-1.551265728,-0.828937633,-0.315101193,-0.411862791,0.6503490066,0.8610146514,-0.941694436,1,1,1,1,1,1,1,1,1,1,1,11,0.0909090909,-0.119573858,0.013108,0.533730,-0.248593193
490119,1.0530619279,-0.578181821,-0.088162509,1.1054339683,,-1.822066692,-0.145916815,-0.264335032,,,-0.257980078,1,1,1,1,0,1,1,1,0,0,1,8,0.125,-0.124768381,0.013108,0.533730,-0.258325685
49011F,1.9973429963,0.6017274375,0.4166655718,,,3.0442656974,-0.822654325,0.9158870412,,,,1,1,1,0,0,1,1,1,0,0,0,6,0.1666666667,1.0255390699,0.013108,0.533730,1.8968976934
490120,0.2009058417,-0.958797711,-0.711515444,0.4938384906,,0.6607559558,0.3616363166,0.0307204863,,,-0.257980078,1,1,1,1,0,1,1,1,0,0,1,8,0.125,-0.022554518,0.013108,0.533730,-0.066817138
490122,,0.2496577394,-1.738730843,-1.340947943,,-0.133747291,0.3616363166,-0.116807273,,,0.0838771007,0,1,1,1,0,1,1,1,0,0,1,7,0.1428571429,-0.376437456,0.013108,0.533730,-0.729854469
490126,,1.3867477102,1.3165764987,-3.175734376,,-0.034434386,,0.9158870412,,,0.7675914583,0,1,1,1,0,1,0,1,0,0,1,6,0.1666666667,0.1961056579,0.013108,0.533730,0.3428659617
490127,,-4.431917705,0.3025305274,,,-0.332373103,,0.0307204863,,,,0,1,1,0,0,1,0,1,0,0,0,4,0.25,-1.107759949,0.013108,0.533730,-2.100064956
490130,,0.2401423422,0.1752260548,-2.054476,,-0.431686009,1.5459269579,1.0634148004,,,0.0838771007,0,1,1,1,0,1,1,1,0,0,1,7,0.1428571429,0.0889178924,0.013108,0.533730,0.1420382805
490136,-0.092742539,0.7777622865,0.1532770078,0.1880407518,,-0.034434386,-0.48428557,0.3257760046,,,-0.941694436,1,1,1,1,0,1,1,1,0,0,1,8,0.125,-0.01353761,0.013108,0.533730,-0.049923002
490140,,-0.463997054,-1.141716765,0.1880407518,,-1.027563445,,-0.55939055,,,0.0838771007,0,1,1,1,0,1,0,1,0,0,1,6,0.1666666667,-0.48679166,0.013108,0.533730,-0.93661481
490141,1.289132195,-1.529721545,-0.715905253,0.391905911,,0.2635043322,0.8691894486,-0.706918309,,,0.4257342795,1,1,1,1,0,1,1,1,0,0,1,8,0.125,0.0358651322,0.013108,0.533730,0.0426382907
490143,,0.1259575752,0.9039344151,-0.831285044,,-0.332373103,0.5308206939,0.4733037638,,,-0.599837257,0,1,1,1,0,1,1,1,0,0,1,7,0.1428571429,0.0386458633,0.013108,0.533730,0.0478482862
490144,,-0.692366588,0.3025305274,1.2073665479,,0.8593817676,0.8691894486,0.7683592821,,,-1.283551615,0,1,1,1,0,1,1,1,0,0,1,7,0.1428571429,0.2901299101,0.013108,0.533730,0.5190304005
490145,,-1.096770971,1.5887446814,-0.321622146,,,,0.1782482455,,,-0.257980078,0,1,1,1,0,0,0,1,0,0,1,5,0.2,0.0181239463,0.013108,0.533730,0.0093982915
491300,,-0.278446808,-0.882718011,,,,,-0.411862791,,,,0,1,1,0,0,0,0,1,0,0,0,3,0.3333333333,-0.524342536,0.013108,0.533730,-1.006970371
491302,,-0.568666424,0.4034961436,,,-0.133747291,,0.0307204863,,,,0,1,1,0,0,1,0,1,0,0,0,4,0.25,-0.067049271,0.013108,0.533730,-0.150182792
491303,,,,,,,,,,,,0,0,0,0,0,0,0,0,0,0,0,0,,,0.013108,0.533730,
491304,,-0.107169657,-0.15400965,0.5957710702,,0.5614430499,,0.3257760046,,,-0.257980078,0,1,1,1,0,1,0,1,0,0,1,6,0.1666666667,0.1606384565,0.013108,0.533730,0.2764143869
491305,,0.7539737934,1.628252966,-0.321622146,,0.8593817676,,1.0634148004,,,0.7675914583,0,1,1,1,0,1,0,1,0,0,1,6,0.1666666667,0.7918321066,0.013108,0.533730,1.459022836
491307,,1.8720329698,-0.285703932,-0.321622146,,0.7600688617,,0.3257760046,,,,0,1,1,1,0,1,0,1,0,0,0,5,0.2,0.4701103515,0.013108,0.533730,0.8562429035
491308,,-1.125317163,-0.241805838,1.1054339683,,0.5614430499,,0.1782482455,-0.079753377,-4.03417658,-0.599837257,0,1,1,1,0,1,0,1,1,1,1,8,0.125,-0.529470619,0.013108,0.533730,-1.016578379
491309,,,,,,,,,,,,0,0,0,0,0,0,0,0,0,0,0,0,,,0.013108,0.533730,
500002,0.644257319,0.3115078215,0.3595980496,-3.481532115,,-0.431686009,0.8691894486,1.3584703187,-0.80985576,-0.421059243,0.4257342795,1,1,1,1,0,1,1,1,1,1,1,10,0.1,-0.117537589,0.013108,0.533730,-0.244778026
500003,0.1721167847,-0.092896561,-0.790532013,0.0861081721,,-0.233060197,0.1924519392,0.7683592821,1.4534616281,0.7444624792,1.1094486371,1,1,1,1,0,1,1,1,1,1,1,10,0.1,0.3409920151,0.013108,0.533730,0.6143259647
500005,0.909116643,0.4780272733,-0.456906499,0.4938384906,1.5669501019,0.462130144,1.3767425806,0.6208315229,-1.393937666,0.5113581348,1.1094486371,1,1,1,1,1,1,1,1,1,1,1,11,0.0909090909,0.5161453967,0.013108,0.533730,0.9424944577
500007,,0.078380589,1.9882173368,1.4112317072,,0.9586946735,0.7000050712,-0.706918309,0.9423899598,-0.071402726,-0.599837257,0,1,1,1,0,1,1,1,1,1,1,9,0.1111111111,0.5223067828,0.013108,0.533730,0.9540384701
500008,-0.173351899,0.6397890265,-0.342771454,-0.219689567,-0.351951947,0.2635043322,-1.330207457,0.9158870412,1.5264718664,-0.421059243,1.1094486371,1,1,1,1,1,1,1,1,1,1,1,11,0.0909090909,0.1469153943,0.013108,0.533730,0.25070277
500011,,-0.183292835,-0.698346016,-0.117756987,,-0.332373103,,-0.55939055,-1.612968381,0.0451494461,0.0838771007,0,1,1,1,0,1,0,1,1,1,1,8,0.125,-0.421887666,0.013108,0.533730,-0.815010272
500014,0.0684761797,0.2591731367,0.6756643263,-1.340947943,-0.112089191,-0.530998915,1.0383738259,1.9485813553,,,-0.257980078,1,1,1,1,1,1,1,1,0,0,1,9,0.1111111111,0.1942502997,0.013108,0.533730,0.3393897507
500015,-0.990961117,-0.387873876,-1.194394478,-0.831285044,,-0.630311821,,0.0307204863,,,-0.257980078,1,1,1,1,0,1,0,1,0,0,1,7,0.1428571429,-0.608869418,0.013108,0.533730,-1.165340476
500016,0.6557729418,1.2915937378,0.5088515692,,1.5669501019,0.3628172381,0.1924519392,1.9485813553,2.4025947262,-3.917624408,0.0838771007,1,1,1,0,1,1,1,1,1,1,1,10,0.1,0.5095866302,0.013108,0.533730,0.9302059111
500019,,0.9918587246,-0.29887336,-0.219689567,,0.7600688617,0.5308206939,1.9485813553,0.0662671,-0.187954898,0.7675914583,0,1,1,1,0,1,1,1,1,1,1,9,0.1111111111,0.4842967076,0.013108,0.533730,0.8828225508
500021,,-0.930251519,0.9478325091,0.4938384906,,1.7531979207,0.0232675619,2.2436368736,,,1.4513058159,0,1,1,1,0,1,1,1,0,0,1,7,0.1428571429,0.8546896647,0.013108,0.533730,1.5767931579
500024,0.6903198101,-1.06346708,-1.804577984,-1.137082783,0.8473618335,-0.828937633,0.1924519392,2.686220151,0.4313182916,0.5113581348,0.0838771007,1,1,1,1,1,1,1,1,1,1,1,11,0.0909090909,0.0553492527,0.013108,0.533730,0.0791438631
500025,-0.098500351,-0.430693164,0.1488871984,,1.4470187238,,,1.3584703187,,,-0.257980078,1,1,1,0,1,0,0,1,0,0,1,6,0.1666666667,0.3612004414,0.013108,0.533730,0.6521886012
500026,-0.67428149,0.4780272733,-0.66761735,-1.137082783,,-1.722753786,,2.2436368736,,,0.4257342795,1,1,1,1,0,1,0,1,0,0,1,7,0.1428571429,-0.150619569,0.013108,0.533730,-0.306760635
500027,,0.2734462325,0.8468668929,0.4938384906,,-0.828937633,1.2075582032,1.3584703187,-0.225773853,0.0451494461,0.0838771007,0,1,1,1,0,1,1,1,1,1,1,9,0.1111111111,0.3616105776,0.013108,0.533730,0.6529570351
500030,0.7421401126,0.7920353824,0.3903267154,-1.442880522,1.0872245896,0.2635043322,0.7000050712,2.9812756694,-2.270060526,0.627910307,0.4257342795,1,1,1,1,1,1,1,1,1,1,1,11,0.0909090909,0.3906559465,0.013108,0.533730,0.7073766234
500031,0.6960776215,0.5636658485,-0.781752394,-0.219689567,,0.2635043322,1.2075582032,0.1782482455,,,-0.941694436,1,1,1,1,0,1,1,1,0,0,1,8,0.125,0.1207397318,0.013108,0.533730,0.2016598817
500033,,0.4732695747,1.5492363969,0.1880407518,,1.6538850148,0.7000050712,0.1782482455,,,0.7675914583,0,1,1,1,0,1,1,1,0,0,1,7,0.1428571429,0.787182359,0.013108,0.533730,1.4503110394
500036,0.7191088671,-0.573424122,0.4210553812,-0.321622146,,-0.233060197,0.3616363166,1.2109425595,-0.006743138,-1.470028792,0.4257342795,1,1,1,1,0,1,1,1,1,1,1,10,0.1,0.0533599007,0.013108,0.533730,0.0754166005
500037,,,-0.768582966,-0.117756987,,,,0.1782482455,,,0.7675914583,0,0,1,1,0,0,0,1,0,0,1,4,0.25,0.0148749376,0.013108,0.533730,0.0033109281
500039,0.2815152012,0.040319,-0.426177833,-0.423554726,-0.112089191,1.2566333912,1.0383738259,1.8010535961,0.6503490066,1.0941189957,0.0838771007,1,1,1,1,1,1,1,1,1,1,1,11,0.0909090909,0.4804016698,0.013108,0.533730,0.8755247831
500041,-0.144562842,0.8110661769,0.6888337545,-0.015824407,,1.3559462971,-0.145916815,2.5386923919,1.672492343,0.1617016183,0.0838771007,1,1,1,1,0,1,1,1,1,1,1,10,0.1,0.7006305618,0.013108,0.533730,1.2881470399
500044,0.6097104506,0.3352963146,0.9390528903,-1.748678261,0.2477049432,0.8593817676,0.7000050712,1.8010535961,-0.079753377,0.1617016183,0.0838771007,1,1,1,1,1,1,1,1,1,1,1,11,0.0909090909,0.3553956468,0.013108,0.533730,0.641312701
500050,0.264241767,0.3115078215,0.385936906,0.2899733314,-0.711746081,-1.722753786,1.7151113352,2.5386923919,1.1614206748,-0.421059243,0.7675914583,1,1,1,1,1,1,1,1,1,1,1,11,0.0909090909,0.4162651433,0.013108,0.533730,0.7553581779
500051,1.0530619279,0.4732695747,-0.81248106,-0.015824407,-0.591814703,0.6607559558,-0.48428557,1.5059980778,0.5773387682,-0.537611415,0.7675914583,1,1,1,1,1,1,1,1,1,1,1,11,0.0909090909,0.2359998734,0.013108,0.533730,0.4176120183
500052,,,,,,,,,,,,0,0,0,0,0,0,0,0,0,0,0,0,,,0.013108,0.533730,
500053,0.2584839556,-0.23562752,-0.320822407,-0.117756987,,-2.020692504,0.7000050712,0.6208315229,-0.298784092,-1.470028792,-0.941694436,1,1,1,1,0,1,1,1,1,1,1,10,0.1,-0.382608619,0.013108,0.533730,-0.741416799
500054,1.1163978532,-1.363202094,-0.061823653,-1.748678261,2.2865383702,0.3628172381,0.5308206939,3.1288034285,0.7233592449,-1.003820104,0.7675914583,1,1,1,1,1,1,1,1,1,1,1,11,0.0909090909,0.4308003796,0.013108,0.533730,0.7825914895
500058,0.9148744544,1.0394357108,-0.505194402,2.1247597645,1.3270873457,-0.034434386,-0.315101193,1.0634148004,0.285297815,-2.752102686,0.7675914583,1,1,1,1,1,1,1,1,1,1,1,11,0.0909090909,0.3559662439,0.013108,0.533730,0.6423817753
500060,,0.254415438,0.9346630809,0.0861081721,,,,0.7683592821,,,1.1094486371,0,1,1,1,0,0,0,1,0,0,1,5,0.2,0.6305989221,0.013108,0.533730,1.156935313
500064,,-0.302235301,-1.40071552,-0.219689567,,-0.133747291,,1.3584703187,,,-1.625408793,0,1,1,1,0,1,0,1,0,0,1,6,0.1666666667,-0.387221026,0.013108,0.533730,-0.750058633
500072,,1.2773206419,0.9917306031,1.5131642868,,0.2635043322,,0.4733037638,1.5994821047,1.0941189957,1.4513058159,0,1,1,1,0,1,0,1,1,1,1,8,0.125,1.082991318,0.013108,0.533730,2.0045405919
500077,,-0.016773383,0.9741713655,-0.525487306,,1.2566333912,0.8691894486,1.9485813553,0.5043285299,-3.567967891,0.4257342795,0,1,1,1,0,1,1,1,1,1,1,9,0.1111111111,0.2076010877,0.013108,0.533730,0.3644038723
500079,0.2987886354,-0.226112123,0.3595980496,0.0861081721,,-2.616569939,-0.653469947,0.1782482455,,,0.7675914583,1,1,1,1,0,1,1,1,0,0,1,8,0.125,-0.225727181,0.013108,0.533730,-0.447482736
500084,,0.9395240397,1.0224592689,0.0861081721,,,,-0.411862791,,,,0,1,1,1,0,0,0,1,0,0,0,4,0.25,0.4090571724,0.013108,0.533730,0.7418532777
500088,-0.593672131,-0.611485711,-0.395449167,-0.219689567,,-0.133747291,,1.2109425595,-1.758988858,0.0451494461,1.1094486371,1,1,1,1,0,1,0,1,1,1,1,9,0.1111111111,-0.149721342,0.013108,0.533730,-0.305077712
500108,-0.559125262,1.3582015185,-1.036361339,0.4938384906,1.0872245896,-0.729624727,,1.653525837,0.6503490066,0.0451494461,0.7675914583,1,1,1,1,1,1,0,1,1,1,1,10,0.1,0.3730769018,0.013108,0.533730,0.6744404132
500119,,1.3248976282,0.6185968041,2.0228271849,,1.3559462971,0.5308206939,1.9485813553,,,-0.257980078,0,1,1,1,0,1,1,1,0,0,1,7,0.1428571429,1.0776699836,0.013108,0.533730,1.9945705058
50011F,,1.7911520932,1.9399294334,,,0.462130144,,1.8010535961,,,,0,1,1,0,0,1,0,1,0,0,0,4,0.25,1.4985663167,0.013108,0.533730,2.7831645604
500124,0.0915074252,0.5684235471,0.8775955587,0.9015688091,,0.6607559558,0.7000050712,2.9812756694,0.7963694832,0.627910307,0.7675914583,1,1,1,1,0,1,1,1,1,1,1,10,0.1,0.8973003285,0.013108,0.533730,1.6566287694
500129,-0.605187753,0.3162655201,-0.654447922,-0.423554726,-4.309687423,-0.928250539,0.3616363166,1.2109425595,-0.882865998,0.2782537905,0.0838771007,1,1,1,1,1,1,1,1,1,1,1,11,0.0909090909,-0.504819916,0.013108,0.533730,-0.970392664
500139,0.1433277278,-0.059592671,0.7634605143,0.1880407518,,1.8525108266,-0.48428557,-0.411862791,,,-1.283551615,1,1,1,1,0,1,1,1,0,0,1,8,0.125,0.0885058967,0.013108,0.533730,0.1412663627
500141,0.3851558063,-0.378358479,0.3552082402,-0.321622146,,-0.034434386,,0.9158870412,,,0.0838771007,1,1,1,1,0,1,0,1,0,0,1,7,0.1428571429,0.1436733111,0.013108,0.533730,0.2446283823
500150,-0.133047219,-1.210955738,0.6142069947,0.0861081721,,0.5614430499,-0.991838702,1.5059980778,0.2122875767,-1.003820104,0.4257342795,1,1,1,1,0,1,1,1,1,1,1,10,0.1,0.0066116388,0.013108,0.533730,-0.012171241
500151,,0.2115961504,0.6098171853,-1.239015363,,1.1573204853,-0.145916815,1.653525837,-0.079753377,-1.003820104,0.0838771007,0,1,1,1,0,1,1,1,1,1,1,9,0.1111111111,0.1386256778,0.013108,0.533730,0.2351711043
500152,-0.029406614,0.0450766986,0.7327318485,-0.219689567,,,,2.686220151,,,0.4257342795,1,1,1,1,0,0,0,1,0,0,1,6,0.1666666667,0.6067777995,0.013108,0.533730,1.1123039059
500154,,-0.483027848,-0.088162509,0.4938384906,,0.7600688617,,-0.411862791,,,0.7675914583,0,1,1,1,0,1,0,1,0,0,1,6,0.1666666667,0.173074277,0.013108,0.533730,0.2997142195
50030F,-0.870047077,1.1155588888,0.9434426997,,,-1.027563445,,1.5059980778,,,,1,1,1,0,0,1,0,1,0,0,0,5,0.2,0.3334778289,0.013108,0.533730,0.6002473375
501302,,,,,,,,-0.264335032,,,,0,0,0,0,0,0,0,1,0,0,0,1,1,-0.264335032,0.013108,0.533730,-0.519818652
501303,,,0.9302732715,,,,,0.6208315229,,,,0,0,1,0,0,0,0,1,0,0,0,2,0.5,0.7755523972,0.013108,0.533730,1.4285210688
501304,,-0.630516506,-0.0837727,,,-0.332373103,,-0.264335032,,,,0,1,1,0,0,1,0,1,0,0,0,4,0.25,-0.327749335,0.013108,0.533730,-0.638632095
501305,,,0.1927852924,,,,,0.1782482455,,,,0,0,1,0,0,0,0,1,0,0,0,2,0.5,0.1855167689,0.013108,0.533730,0.3230265518
501307,,,,,,,,,,,,0,0,0,0,0,0,0,0,0,0,0,0,,,0.013108,0.533730,
501308,,,,,,,,-0.854446069,,,,0,0,0,0,0,0,0,1,0,0,0,1,1,-0.854446069,0.013108,0.533730,-1.625454455
501309,,,,,,,,-0.264335032,,,,0,0,0,0,0,0,0,1,0,0,0,1,1,-0.264335032,0.013108,0.533730,-0.519818652
501310,,1.6389057373,0.8293076553,,,,,0.7683592821,,,,0,1,1,0,0,0,0,1,0,0,0,3,0.3333333333,1.0788575582,0.013108,0.533730,1.9967955532
501312,,0.9300086425,1.0049000313,,,,,0.7683592821,,,,0,1,1,0,0,0,0,1,0,0,0,3,0.3333333333,0.9010893186,0.013108,0.533730,1.6637278455
501313,,,,,,,,0.4733037638,,,,0,0,0,0,0,0,0,1,0,0,0,1,1,0.4733037638,0.013108,0.533730,0.8622261011
501314,,1.1203165874,0.0391419634,,,0.0648785204,,0.4733037638,,,,0,1,1,0,0,1,0,1,0,0,0,4,0.25,0.4244102087,0.013108,0.533730,0.7706188245
501315,,,,0.2899733314,,,,0.7683592821,,,,0,0,0,1,0,0,0,1,0,0,0,2,0.5,0.5291663067,0.013108,0.533730,0.9668905179
501316,,,,,,,,0.3257760046,,,,0,0,0,0,0,0,0,1,0,0,0,1,1,0.3257760046,0.013108,0.533730,0.5858171505
501317,,,,,,,,0.1782482455,,,,0,0,0,0,0,0,0,1,0,0,0,1,1,0.1782482455,0.013108,0.533730,0.3094081998
501318,,,,,,,,0.1782482455,,,,0,0,0,0,0,0,0,1,0,0,0,1,1,0.1782482455,0.013108,0.533730,0.3094081998
501319,,,,,,,,0.4733037638,,,,0,0,0,0,0,0,0,1,0,0,0,1,1,0.4733037638,0.013108,0.533730,0.8622261011
501320,,,,,,,,,,,,0,0,0,0,0,0,0,0,0,0,0,0,,,0.013108,0.533730,
501321,,,,,,,,0.1782482455,,,,0,0,0,0,0,0,0,1,0,0,0,1,1,0.1782482455,0.013108,0.533730,0.3094081998
501322,,,,,,,,-0.55939055,,,,0,0,0,0,0,0,0,1,0,0,0,1,1,-0.55939055,0.013108,0.533730,-1.072636553
501323,,0.1735345614,1.1717127885,,,0.1641914263,0.3616363166,1.0634148004,1.4534616281,-1.703133137,,0,1,1,0,0,1,1,1,1,1,0,7,0.1428571429,0.3835454835,0.013108,0.533730,0.6940544146
501324,,,,,,,,0.0307204863,,,,0,0,0,0,0,0,0,1,0,0,0,1,1,0.0307204863,0.013108,0.533730,0.0329992492
501325,,,,-0.729352465,,,,0.0307204863,,,,0,0,0,1,0,0,0,1,0,0,0,2,0.5,-0.349315989,0.013108,0.533730,-0.679039516
501326,,1.163135875,1.5316771593,,,-0.431686009,,1.0634148004,,,0.7675914583,0,1,1,0,0,1,0,1,0,0,1,5,0.2,0.8188266568,0.013108,0.533730,1.5095999975
501327,,0.7920353824,-1.089039052,,,,,0.6208315229,,,,0,1,1,0,0,0,0,1,0,0,0,3,0.3333333333,0.1079426177,0.013108,0.533730,0.1776831271
501328,,,0.1971751018,,,,,-0.264335032,,,,0,0,1,0,0,0,0,1,0,0,0,2,0.5,-0.033579965,0.013108,0.533730,-0.087474487
501329,,0.6873660127,0.8644261305,-0.831285044,,0.0648785204,,-0.264335032,0.1392773383,-0.071402726,0.4257342795,0,1,1,1,0,1,0,1,1,1,1,8,0.125,0.1268324349,0.013108,0.533730,0.2130752091
501330,,-0.687608889,-1.001242864,,,0.7600688617,,0.3257760046,,,,0,1,1,0,0,1,0,1,0,0,0,4,0.25,-0.150751722,0.013108,0.533730,-0.307008238
501331,,1.7863943946,1.8345740078,-0.117756987,,0.462130144,,0.9158870412,,,0.0838771007,0,1,1,1,0,1,0,1,0,0,1,6,0.1666666667,0.8275176169,0.013108,0.533730,1.5258834358
501332,,0.4637541774,1.6326427754,-3.175734376,,0.9586946735,,0.7683592821,0.0662671,-0.071402726,0.0838771007,0,1,1,1,0,1,0,1,1,1,1,8,0.125,0.0908072509,0.013108,0.533730,0.1455781947
501333,,,0.188395483,2.1247597645,,,,0.0307204863,,,0.4257342795,0,0,1,1,0,0,0,1,0,0,1,4,0.25,0.6924025033,0.013108,0.533730,1.2727308971
501334,,,,0.4938384906,,,,0.0307204863,,,,0,0,0,1,0,0,0,1,0,0,0,2,0.5,0.2622794885,0.013108,0.533730,0.4668496728
501335,,1.0204049163,1.4263217337,0.7996362295,,,,1.9485813553,,,-0.257980078,0,1,1,1,0,0,0,1,0,0,1,5,0.2,0.9873928313,0.013108,0.533730,1.8254266574
501336,,0.0308036028,0.7371216579,,,-0.332373103,,-0.55939055,,,,0,1,1,0,0,1,0,1,0,0,0,4,0.25,-0.030959598,0.013108,0.533730,-0.082564951
501337,,0.078380589,0.9917306031,0.4938384906,,0.6607559558,0.8691894486,0.4733037638,,,-0.257980078,0,1,1,1,0,1,1,1,0,0,1,7,0.1428571429,0.472745539,0.013108,0.533730,0.8611802075
501338,,,,,,,,,,,,0,0,0,0,0,0,0,0,0,0,0,0,,,0.013108,0.533730,
501339,,0.2877193284,0.2498528146,0.6977036498,,0.6607559558,,0.6208315229,1.0884104365,-0.770715759,0.4257342795,0,1,1,1,0,1,0,1,1,1,1,8,0.125,0.4075365285,0.013108,0.533730,0.7390041896
501340,,,,0.9015688091,,,,0.3257760046,0.1392773383,-0.770715759,,0,0,0,1,0,0,0,1,1,1,0,4,0.25,0.1489765982,0.013108,0.533730,0.2545646548
510001,0.0972652366,0.5922120402,0.0040234882,-0.015824407,-1.551265728,-3.013821563,0.8691894486,-0.854446069,-1.174906951,-1.819685309,-0.257980078,1,1,1,1,1,1,1,1,1,1,1,11,0.0909090909,-0.647749081,0.013108,0.533730,-1.23818566
510002,,0.254415438,-0.483245355,-0.423554726,,-0.233060197,,0.6208315229,,,-0.599837257,0,1,1,1,0,1,0,1,0,0,1,6,0.1666666667,-0.144075096,0.013108,0.533730,-0.294498868
510006,-1.267336064,-1.772364175,-0.421788024,1.1054339683,,1.455259203,0.3616363166,-0.854446069,-0.590825045,-0.887267931,1.1094486371,1,1,1,1,0,1,1,1,1,1,1,10,0.1,-0.176224918,0.013108,0.533730,-0.354734981
510007,-0.081226917,-2.219587846,-0.895887439,2.4305575034,0.9672932116,-0.530998915,-0.48428557,0.4733037638,0.7963694832,-0.30450707,-0.257980078,1,1,1,1,1,1,1,1,1,1,1,11,0.0909090909,-0.009722716,0.013108,0.533730,-0.042775392
510008,-0.639734622,0.7206699031,-0.939785533,1.4112317072,,-0.431686009,1.2075582032,0.3257760046,-1.320927428,0.3948059626,0.4257342795,1,1,1,1,0,1,1,1,1,1,1,10,0.1,0.1153642469,0.013108,0.533730,0.1915883389
510012,,-2.252891736,0.2674120522,0.391905911,,0.0648785204,,-0.264335032,,,0.7675914583,0,1,1,1,0,1,0,1,0,0,1,6,0.1666666667,-0.170906471,0.013108,0.533730,-0.344770304
510013,,-0.678093492,-0.333991836,-1.340947943,,0.2635043322,,-0.55939055,-0.37179433,-0.770715759,1.1094486371,0,1,1,1,0,1,0,1,1,1,1,8,0.125,-0.335247618,0.013108,0.533730,-0.652680925
510022,-0.294265938,-1.253775025,-1.154886193,2.2266923441,-1.43133435,0.2635043322,0.5308206939,-1.149501587,-0.80985576,-0.30450707,-0.257980078,1,1,1,1,1,1,1,1,1,1,1,11,0.0909090909,-0.330462603,0.013108,0.533730,-0.643715691
510023,0.4081870518,0.8205815741,0.7546808955,0.4938384906,,-1.12687635,,-1.297029346,-0.37179433,0.5113581348,0.7675914583,1,1,1,1,0,1,0,1,1,1,1,9,0.1111111111,0.1067263977,0.013108,0.533730,0.1754044095
510024,-0.248203447,-0.249900616,1.1804924073,0.1880407518,0.0078421871,-0.332373103,0.0232675619,-0.854446069,0.0662671,-0.887267931,0.7675914583,1,1,1,1,1,1,1,1,1,1,1,11,0.0909090909,-0.030789973,0.013108,0.533730,-0.082247139
510029,,,,-1.646745681,,,,,-1.320927428,0.627910307,0.4257342795,0,0,0,1,0,0,0,0,1,1,1,4,0.25,-0.478507131,0.013108,0.533730,-0.921092862
51002F,,1.7388174083,1.9838275274,,,0.1641914263,,1.653525837,,,,0,1,1,0,0,1,0,1,0,0,0,4,0.25,1.3850905497,0.013108,0.533730,2.5705556396
510030,,0.2639308353,0.8468668929,0.6977036498,,0.6607559558,,0.6208315229,0.285297815,-1.470028792,-0.257980078,0,1,1,1,0,1,0,1,1,1,1,8,0.125,0.2059222252,0.013108,0.533730,0.3612583447
510031,,,,-0.525487306,,,,,,,1.1094486371,0,0,0,1,0,0,0,0,0,0,1,2,0.5,0.2919806658,0.013108,0.533730,0.522497988
510038,,0.3162655201,-0.632498875,0.391905911,,-0.233060197,0.5308206939,-1.149501587,,,0.0838771007,0,1,1,1,0,1,1,1,0,0,1,7,0.1428571429,-0.09888449,0.013108,0.533730,-0.209829462
51003F,,1.2963514364,1.2243905013,,,-0.233060197,0.3616363166,0.4733037638,,,,0,1,1,0,0,1,1,1,0,0,0,5,0.2,0.6245243641,0.013108,0.533730,1.1455539826
510046,,-0.58293952,-0.066213462,-0.117756987,,-0.332373103,-0.145916815,-1.444557105,-0.80985576,-1.003820104,-0.257980078,0,1,1,1,0,1,1,1,1,1,1,9,0.1111111111,-0.529045882,0.013108,0.533730,-1.015782588
510048,,-0.525847136,-0.070603272,-1.035150204,,0.8593817676,,1.2109425595,,,-0.257980078,0,1,1,1,0,1,0,1,0,0,1,6,0.1666666667,0.0301239396,0.013108,0.533730,0.0318815555
51004F,,1.591328751,1.5580160157,,,0.2635043322,1.5459269579,0.7683592821,,,,0,1,1,0,0,1,1,1,0,0,0,5,0.2,1.1454270678,0.013108,0.533730,2.1215206109
510050,-0.726101793,-0.673335793,-0.566651734,-1.748678261,0.7274304554,-2.616569939,-0.822654325,-2.32972366,0.7233592449,0.7444624792,-1.625408793,1,1,1,1,1,1,1,1,1,1,1,11,0.0909090909,-0.810352011,0.013108,0.533730,-1.542839547
510055,,-1.881791244,-0.461296308,2.3286249237,,0.462130144,-0.315101193,-0.411862791,0.7233592449,-2.285893997,0.4257342795,0,1,1,1,0,1,1,1,1,1,1,9,0.1111111111,-0.157344105,0.013108,0.533730,-0.319359768
510058,0.1548433506,-1.877033545,-0.851989345,1.8189620256,-0.591814703,-0.630311821,0.3616363166,-1.001973828,-0.663835283,-0.187954898,-0.257980078,1,1,1,1,1,1,1,1,1,1,1,11,0.0909090909,-0.338859255,0.013108,0.533730,-0.659447712
51005F,,-0.20232363,0.2498528146,,,-0.133747291,-0.315101193,0.3257760046,,,,0,1,1,0,0,1,1,1,0,0,0,5,0.2,-0.015108659,0.013108,0.533730,-0.05286653
510062,-1.370976669,-1.282321217,-1.571918086,0.7996362295,,1.1573204853,0.3616363166,0.0307204863,,,-0.257980078,1,1,1,1,0,1,1,1,0,0,1,8,0.125,-0.266735317,0.013108,0.533730,-0.524315841
510070,-0.541851828,-0.896947629,-1.075869624,0.2899733314,,0.1641914263,,-2.034668142,,,-0.941694436,1,1,1,1,0,1,0,1,0,0,1,7,0.1428571429,-0.719552414,0.013108,0.533730,-1.372716844
510072,,-0.692366588,0.7020031827,-0.219689567,,,,0.3257760046,,,,0,1,1,1,0,0,0,1,0,0,0,4,0.25,0.0289307582,0.013108,0.533730,0.0296460032
510086,,,,,,,,-0.264335032,,,,0,0,0,0,0,0,0,1,0,0,0,1,1,-0.264335032,0.013108,0.533730,-0.519818652
510091,,,,1.4112317072,,,0.1924519392,0.0307204863,,,-0.599837257,0,0,0,1,0,0,1,1,0,0,1,4,0.25,0.2586417189,0.013108,0.533730,0.4600339246
510093,,,,,,,,0.0307204863,,,,0,0,0,0,0,0,0,1,0,0,0,1,1,0.0307204863,0.013108,0.533730,0.0329992492
511300,,,,,,,,,,,,0,0,0,0,0,0,0,0,0,0,0,0,,,0.013108,0.533730,
511301,,,,,,,,,,,,0,0,0,0,0,0,0,0,0,0,0,0,,,0.013108,0.533730,
511303,,,,,,,,,,,,0,0,0,0,0,0,0,0,0,0,0,0,,,0.013108,0.533730,
511304,,,,,,,,,,,,0,0,0,0,0,0,0,0,0,0,0,0,,,0.013108,0.533730,
511306,,,,,,,,0.4733037638,,,,0,0,0,0,0,0,0,1,0,0,0,1,1,0.4733037638,0.013108,0.533730,0.8622261011
511307,,,0.7415114673,-0.015824407,,,,0.1782482455,,,,0,0,1,1,0,0,0,1,0,0,0,3,0.3333333333,0.3013117684,0.013108,0.533730,0.5399808015
511308,,,,,,,,-0.264335032,,,,0,0,0,0,0,0,0,1,0,0,0,1,1,-0.264335032,0.013108,0.533730,-0.519818652
511309,,-0.782762862,-0.746633919,,,,,-0.116807273,,,,0,1,1,0,0,0,0,1,0,0,0,3,0.3333333333,-0.548734685,0.013108,0.533730,-1.052671655
511310,,,,,,,,-0.264335032,,,,0,0,0,0,0,0,0,1,0,0,0,1,1,-0.264335032,0.013108,0.533730,-0.519818652
511311,,,1.7248287728,,,,,0.3257760046,,,,0,0,1,0,0,0,0,1,0,0,0,2,0.5,1.0253023887,0.013108,0.533730,1.896454246
511312,,,-0.566651734,,,,,-0.55939055,,,,0,0,1,0,0,0,0,1,0,0,0,2,0.5,-0.563021142,0.013108,0.533730,-1.079438853
511313,,-1.386990587,1.5536262063,,,0.6607559558,,0.1782482455,,,,0,1,1,0,0,1,0,1,0,0,0,4,0.25,0.2514099552,0.013108,0.533730,0.4464844458
511314,,,,,,0.8593817676,,-0.264335032,,,,0,0,0,0,0,1,0,1,0,0,0,2,0.5,0.2975233678,0.013108,0.533730,0.5328828299
511315,,1.4248092992,0.9478325091,,,-0.332373103,,1.2109425595,,,,0,1,1,0,0,1,0,1,0,0,0,4,0.25,0.8128028162,0.013108,0.533730,1.4983136913
511316,,-0.245142917,1.5185077311,,,-0.729624727,,0.3257760046,,,,0,1,1,0,0,1,0,1,0,0,0,4,0.25,0.2173790229,0.013108,0.533730,0.382723874
511317,,0.6397890265,0.1576668172,-1.239015363,,,1.2075582032,0.6208315229,,,-2.309123151,0,1,1,1,0,0,1,1,0,0,1,6,0.1666666667,-0.153715491,0.013108,0.533730,-0.312561174
511318,,,,,,,,,,,,0,0,0,0,0,0,0,0,0,0,0,0,,,0.013108,0.533730,
511319,,-0.397389273,0.9566121279,0.4938384906,,-0.431686009,,-0.706918309,,,0.4257342795,0,1,1,1,0,1,0,1,0,0,1,6,0.1666666667,0.056698551,0.013108,0.533730,0.081671917
511320,,0.2591731367,0.320089765,,,-0.530998915,,-0.55939055,,,,0,1,1,0,0,1,0,1,0,0,0,4,0.25,-0.127781641,0.013108,0.533730,-0.263971347
511321,,0.544635054,1.1629331697,,,,,-1.739612624,0.285297815,-3.101759203,,0,1,1,0,0,0,0,1,1,1,0,5,0.2,-0.569701158,0.013108,0.533730,-1.091954573
511322,,,,,,,,,,,,0,0,0,0,0,0,0,0,0,0,0,0,,,0.013108,0.533730,
520002,,0.6968814099,-0.22863641,1.8189620256,,0.6607559558,,0.6208315229,0.8693797215,0.2782537905,0.7675914583,0,1,1,1,0,1,0,1,1,1,1,8,0.125,0.6855024343,0.013108,0.533730,1.2598028839
520004,0.8976010203,1.4676285868,0.1971751018,-0.525487306,,0.6607559558,,3.1288034285,0.3583080533,-4.267280925,0.4257342795,1,1,1,1,0,1,0,1,1,1,1,9,0.1111111111,0.2603597995,0.013108,0.533730,0.4632529313
520008,0.9263900772,0.9680702314,0.3727674778,-0.321622146,1.0872245896,0.5614430499,,-0.264335032,-1.393937666,1.4437755123,0.4257342795,1,1,1,1,1,1,0,1,1,1,1,10,0.1,0.3805510373,0.013108,0.533730,0.6884440011
520009,0.966694757,2.0670986133,0.7151726109,-0.831285044,0.3676363213,0.5614430499,2.3918488446,1.8010535961,0.2122875767,-0.537611415,-0.257980078,1,1,1,1,1,1,1,1,1,1,1,11,0.0909090909,0.6778508029,0.013108,0.533730,1.2454667385
520011,,0.1307152738,-1.826527031,-0.423554726,,,,-0.854446069,-0.079753377,-2.518998342,0.0838771007,0,1,1,1,0,0,0,1,1,1,1,7,0.1428571429,-0.784098167,0.013108,0.533730,-1.493650178
520019,,-0.592454917,1.1717127885,-0.627419885,,0.462130144,,0.9158870412,1.0884104365,-1.470028792,0.0838771007,0,1,1,1,0,1,0,1,1,1,1,8,0.125,0.1290142396,0.013108,0.533730,0.2171630523
520021,-2.557085816,-0.701881985,-1.554358849,0.5957710702,0.1277735651,0.6607559558,,-0.706918309,0.8693797215,-0.770715759,1.4513058159,1,1,1,1,1,1,0,1,1,1,1,10,0.1,-0.258597459,0.013108,0.533730,-0.509068699
520028,0.8860853975,-0.768489766,-0.781752394,0.0861081721,,1.5545721089,,-0.116807273,0.7233592449,-0.770715759,0.7675914583,1,1,1,1,0,1,0,1,1,1,1,9,0.1111111111,0.1755501322,0.013108,0.533730,0.3043529976
52002F,,,-0.935395723,,,,,0.3257760046,,,,0,0,1,0,0,0,0,1,0,0,0,2,0.5,-0.304809859,0.013108,0.533730,-0.595652547
520030,0.0684761797,1.5342363676,0.5088515692,0.2899733314,1.5669501019,-0.431686009,0.5308206939,0.9158870412,-0.955876236,-0.421059243,-0.599837257,1,1,1,1,1,1,1,1,1,1,1,11,0.0909090909,0.2733396854,0.013108,0.533730,0.4875721283
520033,,-0.739943574,1.4043726867,-0.831285044,,-0.630311821,,1.2109425595,1.1614206748,-0.537611415,0.7675914583,0,1,1,1,0,1,0,1,1,1,1,8,0.125,0.2256469406,0.013108,0.533730,0.3982146974
520034,,0.7063968072,2.023335812,0.2899733314,,,,0.6208315229,,,1.1094486371,0,1,1,1,0,0,0,1,0,0,1,5,0.2,0.9499972221,0.013108,0.533730,1.7553620055
520035,,1.4200516006,0.6888337545,-0.321622146,,0.9586946735,,-0.116807273,-1.393937666,0.0451494461,1.1094486371,0,1,1,1,0,1,0,1,1,1,1,8,0.125,0.2987263783,0.013108,0.533730,0.535136798
520037,-0.13880503,-0.107169657,-0.421788024,-0.933217624,-1.911059862,0.3628172381,0.5308206939,-0.854446069,-1.101896713,0.5113581348,-0.257980078,1,1,1,1,1,1,1,1,1,1,1,11,0.0909090909,-0.392851545,0.013108,0.533730,-0.76060801
520038,,1.843486778,1.584354872,-1.340947943,,0.9586946735,,0.7683592821,,,0.0838771007,0,1,1,1,0,1,0,1,0,0,1,6,0.1666666667,0.6496374606,0.013108,0.533730,1.1926060404
52003F,-0.691554924,-0.306992999,-2.05918693,,,-3.80832481,0.8691894486,-1.592084864,,,,1,1,1,0,0,1,1,1,0,0,0,6,0.1666666667,-1.264825846,0.013108,0.533730,-2.394344624
520041,,1.415293902,0.561529282,-2.054476,,0.0648785204,0.0232675619,-0.116807273,,,0.4257342795,0,1,1,1,0,1,1,1,0,0,1,7,0.1428571429,0.0456314676,0.013108,0.533730,0.0609365588
520044,,0.6397890265,0.6185968041,-2.666071478,,,,-0.116807273,,,0.7675914583,0,1,1,1,0,0,0,1,0,0,1,5,0.2,-0.151380292,0.013108,0.533730,-0.308185931
520045,,1.3153822309,0.9653917467,0.9015688091,,,,1.653525837,1.0884104365,0.5113581348,-0.599837257,0,1,1,1,0,0,0,1,1,1,1,7,0.1428571429,0.8336857054,0.013108,0.533730,1.5374400059
520049,-0.731859604,0.5589081499,0.144497389,0.2899733314,1.0872245896,1.2566333912,,1.9485813553,1.8185128196,-1.120372276,1.1094486371,1,1,1,1,1,1,0,1,1,1,1,10,0.1,0.6361547783,0.013108,0.533730,1.1673448008
52004F,-2.044640602,0.6683352182,0.1049891044,,,0.7600688617,0.3616363166,-0.411862791,,,,1,1,1,0,0,1,1,1,0,0,0,6,0.1666666667,-0.093578982,0.013108,0.533730,-0.199889027
520051,-1.065812665,-0.102411959,-0.658837731,-1.748678261,-1.071540215,0.9586946735,,0.4733037638,0.7963694832,-0.30450707,-1.625408793,1,1,1,1,1,1,0,1,1,1,1,10,0.1,-0.434882877,0.013108,0.533730,-0.839358183
520057,,0.4780272733,1.1717127885,-0.627419885,,0.3628172381,,1.2109425595,0.8693797215,0.5113581348,0.0838771007,0,1,1,1,0,1,0,1,1,1,1,8,0.125,0.5075868664,0.013108,0.533730,0.9264591409
520059,,2.1622525858,1.4131523055,0.391905911,,0.5614430499,,0.0307204863,,,1.1094486371,0,1,1,1,0,1,0,1,0,0,1,6,0.1666666667,0.9448204959,0.013108,0.533730,1.7456628583
520062,,0.6112428347,0.1752260548,0.1880407518,,1.455259203,0.0232675619,0.0307204863,0.8693797215,-0.071402726,0.7675914583,0,1,1,1,0,1,1,1,1,1,1,9,0.1111111111,0.4499250385,0.013108,0.533730,0.8184235722
520063,,0.6112428347,0.6581050887,-0.933217624,,1.0580075794,-0.145916815,0.6208315229,0.5043285299,0.2782537905,0.4257342795,0,1,1,1,0,1,1,1,1,1,1,9,0.1111111111,0.3419299096,0.013108,0.533730,0.6160832098
520066,-1.353703234,-1.372717491,-0.909056867,-0.627419885,-0.471883325,1.6538850148,0.5308206939,0.7683592821,-0.152763615,-1.236924448,-0.599837257,1,1,1,1,1,1,1,1,1,1,1,11,0.0909090909,-0.342840103,0.013108,0.533730,-0.666906254
520070,0.425460486,0.6302736292,-0.434957452,-2.360273739,-0.471883325,1.7531979207,-0.48428557,1.8010535961,0.8693797215,-1.470028792,0.4257342795,1,1,1,1,1,1,1,1,1,1,1,11,0.0909090909,0.0621518868,0.013108,0.533730,0.0918893217
520071,,0.2782039311,1.5053383029,-0.117756987,,,,1.3584703187,,,0.7675914583,0,1,1,1,0,0,0,1,0,0,1,5,0.2,0.7583694048,0.013108,0.533730,1.3963269045
520075,0.2066636531,1.2773206419,-0.167179078,1.4112317072,1.2071559677,-0.233060197,,1.5059980778,0.7233592449,-0.537611415,0.0838771007,1,1,1,1,1,1,0,1,1,1,1,10,0.1,0.5477755703,0.013108,0.533730,1.0017569528
520076,,0.9204932452,1.1761025979,-0.117756987,,,-0.48428557,-0.411862791,,,-0.257980078,0,1,1,1,0,0,1,1,0,0,1,6,0.1666666667,0.1374517361,0.013108,0.533730,0.2329715997
520078,,0.7539737934,-1.76067989,0.2899733314,,0.6607559558,,0.0307204863,0.2122875767,-0.071402726,0.7675914583,0,1,1,1,0,1,0,1,1,1,1,8,0.125,0.1104024982,0.013108,0.533730,0.1822919749
520083,0.1721167847,0.6635775196,0.0523113916,-1.442880522,1.0872245896,-0.729624727,0.0232675619,1.2109425595,-0.37179433,0.3948059626,-1.283551615,1,1,1,1,1,1,1,1,1,1,1,11,0.0909090909,-0.020327711,0.013108,0.533730,-0.062644979
520087,0.1087808594,-0.611485711,0.4122757624,-0.321622146,1.0872245896,-0.729624727,-0.315101193,0.6208315229,0.9423899598,-1.35347662,0.4257342795,1,1,1,1,1,1,1,1,1,1,1,11,0.0909090909,0.0241751433,0.013108,0.533730,0.0207358528
520088,1.4330774798,0.3257809174,-0.382279739,0.1880407518,-0.711746081,0.3628172381,,1.5059980778,,,0.4257342795,1,1,1,1,1,1,0,1,0,0,1,8,0.125,0.3934278655,0.013108,0.533730,0.7125701086
520089,1.3524681203,-0.292719904,-0.00914594,-2.360273739,,0.8593817676,,-1.739612624,0.4313182916,0.627910307,0.4257342795,1,1,1,1,0,1,0,1,1,1,1,9,0.1111111111,-0.078326604,0.013108,0.533730,-0.171312076
520091,,-0.335539191,2.1243014282,0.1880407518,,-0.034434386,,-0.706918309,,,,0,1,1,1,0,1,0,1,0,0,0,5,0.2,0.2470900588,0.013108,0.533730,0.4383906604
520095,,0.5018157664,1.5799650626,-1.442880522,,,1.2075582032,0.4733037638,,,0.7675914583,0,1,1,1,0,0,1,1,0,0,1,6,0.1666666667,0.5145589554,0.013108,0.533730,0.9395220912
520096,0.8400229063,0.4209348898,0.2586324334,-0.525487306,,-0.630311821,0.1924519392,-0.55939055,-0.006743138,-1.35347662,-0.257980078,1,1,1,1,0,1,1,1,1,1,1,10,0.1,-0.162134734,0.013108,0.533730,-0.328335523
520097,1.582780576,0.4732695747,-0.891497629,-1.035150204,,0.3628172381,,1.0634148004,,,0.7675914583,1,1,1,1,0,1,0,1,0,0,1,7,0.1428571429,0.3318894021,0.013108,0.533730,0.5972712509
520098,-0.443969034,-0.264173712,0.232293577,-0.117756987,0.3676363213,0.7600688617,1.0383738259,0.6208315229,-0.298784092,-0.071402726,0.7675914583,1,1,1,1,1,1,1,1,1,1,1,11,0.0909090909,0.2355190015,0.013108,0.533730,0.4167110536
520100,0.6039526392,-0.040561877,0.4693432846,-0.831285044,,1.5545721089,,-1.149501587,-0.079753377,-0.654163587,-1.283551615,1,1,1,1,0,1,0,1,1,1,1,9,0.1111111111,-0.156772117,0.013108,0.533730,-0.318288088
520102,,2.0861294078,1.2375599295,0.391905911,,-0.630311821,,-0.411862791,,,0.4257342795,0,1,1,1,0,1,0,1,0,0,1,6,0.1666666667,0.5165258193,0.013108,0.533730,0.94320722
520103,-2.747093592,-1.344171299,-0.00914594,-3.073801796,,0.7600688617,-1.330207457,0.7683592821,,,0.7675914583,1,1,1,1,0,1,1,1,0,0,1,8,0.125,-0.77605006,0.013108,0.533730,-1.478571193
520107,,0.2258692463,0.2630222428,-1.748678261,,,-0.653469947,0.6208315229,0.0662671,-0.654163587,0.4257342795,0,1,1,1,0,0,1,1,1,1,1,8,0.125,-0.181823425,0.013108,0.533730,-0.36522438
520109,,0.658819821,0.9390528903,0.1880407518,,,,0.3257760046,0.285297815,0.2782537905,-0.257980078,0,1,1,1,0,0,0,1,1,1,1,7,0.1428571429,0.3453229993,0.013108,0.533730,0.6224405243
520113,,-1.829456559,0.1971751018,-0.219689567,,1.0580075794,,-0.55939055,-1.68597862,0.1617016183,0.7675914583,0,1,1,1,0,1,0,1,1,1,1,8,0.125,-0.263754942,0.013108,0.533730,-0.518731792
520116,,1.4866593813,1.1146452663,-0.933217624,,-0.133747291,-1.161023079,-0.411862791,,,-0.941694436,0,1,1,1,0,1,1,1,0,0,1,7,0.1428571429,-0.140034368,0.013108,0.533730,-0.286928135
520136,-0.685797113,1.3582015185,-0.30326317,1.0035013887,,-0.431686009,0.5308206939,0.7683592821,-1.028886475,0.5113581348,0.7675914583,1,1,1,1,0,1,1,1,1,1,1,10,0.1,0.249019971,0.013108,0.533730,0.4420065562
520138,-0.311539372,0.1307152738,-0.224246601,-3.277666955,0.1277735651,1.2566333912,0.1924519392,0.0307204863,-1.101896713,0.5113581348,-0.599837257,1,1,1,1,1,1,1,1,1,1,1,11,0.0909090909,-0.296866737,0.013108,0.533730,-0.580770262
520139,,0.9062201493,-0.105721747,-1.442880522,,1.8525108266,-0.48428557,0.6208315229,,,0.7675914583,0,1,1,1,0,1,1,1,0,0,1,7,0.1428571429,0.3020380169,0.013108,0.533730,0.5413415052
520160,1.1739759671,2.1384640926,2.0057765744,0.391905911,0.8473618335,0.8593817676,0.8691894486,1.5059980778,0.5043285299,0.5113581348,0.7675914583,1,1,1,1,1,1,1,1,1,1,1,11,0.0909090909,1.0523028905,0.013108,0.533730,1.9470425584
520177,-0.92186738,0.154503767,-0.382279739,1.4112317072,-1.671197106,-1.722753786,,-1.297029346,-1.612968381,0.1617016183,0.0838771007,1,1,1,1,1,1,0,1,1,1,1,10,0.1,-0.579678154,0.013108,0.533730,-1.110647538
520189,,1.7293020111,0.1137687232,-0.015824407,,0.6607559558,,1.2109425595,,,0.0838771007,0,1,1,1,0,1,0,1,0,0,1,6,0.1666666667,0.6304703238,0.013108,0.533730,1.1566943705
520193,1.7670305406,0.7492160948,1.0487981253,-1.95254342,-0.471883325,-0.133747291,-0.315101193,0.3257760046,0.6503490066,0.627910307,0.7675914583,1,1,1,1,1,1,1,1,1,1,1,11,0.0909090909,0.2784905734,0.013108,0.533730,0.4972228649
520194,,,,,,,1.2075582032,1.0634148004,,,0.7675914583,0,0,0,0,0,0,1,1,0,0,1,3,0.3333333333,1.0128548206,0.013108,0.533730,1.873132403
520196,,,,0.0861081721,,,0.3616363166,0.4733037638,,,0.7675914583,0,0,0,1,0,0,1,1,0,0,1,4,0.25,0.4221599277,0.013108,0.533730,0.7664026836
520198,,0.872916259,0.276191671,-2.869936637,,0.9586946735,,0.9158870412,1.0884104365,0.3948059626,0.0838771007,0,1,1,1,0,1,0,1,1,1,1,8,0.125,0.2151058135,0.013108,0.533730,0.3784647743
520202,0.6039526392,0.6826083141,0.8819853681,-0.423554726,,0.1641914263,,0.4733037638,-1.101896713,-1.586580964,0.4257342795,1,1,1,1,0,1,0,1,1,1,1,9,0.1111111111,0.0133048208,0.013108,0.533730,0.0003691473
520205,,,,,,,-0.315101193,-1.001973828,,,0.7675914583,0,0,0,0,0,0,1,1,0,0,1,3,0.3333333333,-0.183161187,0.013108,0.533730,-0.367730819
520206,1.8246086545,1.7007558193,0.9741713655,0.4938384906,,-0.431686009,,0.7683592821,,,-1.625408793,1,1,1,1,0,1,0,1,0,0,1,7,0.1428571429,0.5292341156,0.013108,0.533730,0.9670175651
520207,-0.864289266,-1.41077908,-0.988073436,-1.239015363,-0.112089191,0.9586946735,0.0232675619,-0.264335032,,,0.4257342795,1,1,1,1,1,1,1,1,0,0,1,9,0.1111111111,-0.385653873,0.013108,0.533730,-0.747122406
520208,,-0.135715849,1.0487981253,-0.321622146,,0.1641914263,1.0383738259,-0.411862791,,,1.1094486371,0,1,1,1,0,1,1,1,0,0,1,7,0.1428571429,0.3559444612,0.013108,0.533730,0.6423409631
520210,0.3448511265,-0.611485711,-1.242682381,-2.462206318,,1.0580075794,,0.0307204863,1.1614206748,-1.120372276,-0.257980078,1,1,1,1,0,1,0,1,1,1,1,9,0.1111111111,-0.3444141,0.013108,0.533730,-0.669855304
520212,,0.6255159306,0.9171038433,1.3092991276,,,,0.7683592821,0.285297815,-2.052789653,0.0838771007,0,1,1,1,0,0,0,1,1,1,1,7,0.1428571429,0.2766662066,0.013108,0.533730,0.4938047196
520213,,,0.8161382271,,,,,0.0307204863,,,,0,0,1,0,0,0,0,1,0,0,0,2,0.5,0.4234293567,0.013108,0.533730,0.7687810939
520214,,,,,,,,-0.264335032,,,,0,0,0,0,0,0,0,1,0,0,0,1,1,-0.264335032,0.013108,0.533730,-0.519818652
520215,,,,0.1880407518,,,,0.0307204863,-0.152763615,0.0451494461,,0,0,0,1,0,0,0,1,1,1,0,4,0.25,0.0277867673,0.013108,0.533730,0.0275026146
521300,,-0.273689109,-1.729951225,,,,,0.0307204863,,,,0,1,1,0,0,0,0,1,0,0,0,3,0.3333333333,-0.657639949,0.013108,0.533730,-1.256717254
521302,,1.5580248607,,,,,,0.7683592821,,,,0,1,0,0,0,0,0,1,0,0,0,2,0.5,1.1631920714,0.013108,0.533730,2.154805235
521303,,,,,,,,0.3257760046,,,,0,0,0,0,0,0,0,1,0,0,0,1,1,0.3257760046,0.013108,0.533730,0.5858171505
521304,,,,,,,,0.3257760046,,,,0,0,0,0,0,0,0,1,0,0,0,1,1,0.3257760046,0.013108,0.533730,0.5858171505
521305,,,,,,,,,,,,0,0,0,0,0,0,0,0,0,0,0,0,,,0.013108,0.533730,
521307,,,,0.1880407518,,,,,,,,0,0,0,1,0,0,0,0,0,0,0,1,1,0.1880407518,0.013108,0.533730,0.3277555021
521308,,-0.364085383,0.0435317728,,,,,-0.264335032,1.0154001981,0.2782537905,,0,1,1,0,0,0,0,1,1,1,0,5,0.2,0.1417530693,0.013108,0.533730,0.241030605
521309,,,,,,,,0.1782482455,,,,0,0,0,0,0,0,0,1,0,0,0,1,1,0.1782482455,0.013108,0.533730,0.3094081998
521310,,,,0.0861081721,,,,0.0307204863,,,,0,0,0,1,0,0,0,1,0,0,0,2,0.5,0.0584143292,0.013108,0.533730,0.08488661
521311,,0.9823433273,,-0.117756987,,,,0.0307204863,,,,0,1,0,1,0,0,0,1,0,0,0,3,0.3333333333,0.2984356088,0.013108,0.533730,0.5345920105
521312,,,1.6633714412,,,,0.5308206939,0.3257760046,,,,0,0,1,0,0,0,1,1,0,0,0,3,0.3333333333,0.8399893799,0.013108,0.533730,1.5492506106
521313,,,,,,,,-0.264335032,,,,0,0,0,0,0,0,0,1,0,0,0,1,1,-0.264335032,0.013108,0.533730,-0.519818652
521314,,0.506573465,-1.558748658,,,,,0.6208315229,,,,0,1,1,0,0,0,0,1,0,0,0,3,0.3333333333,-0.143781223,0.013108,0.533730,-0.293948267
521315,,1.0965280943,0.2059547206,,,,,0.1782482455,0.9423899598,-0.537611415,,0,1,1,0,0,0,0,1,1,1,0,5,0.2,0.3771019211,0.013108,0.533730,0.6819817149
521316,,,,0.2899733314,,,,-0.116807273,,,,0,0,0,1,0,0,0,1,0,0,0,2,0.5,0.0865830293,0.013108,0.533730,0.137663666
521317,,,,,,,,,,,,0,0,0,0,0,0,0,0,0,0,0,0,,,0.013108,0.533730,
521318,,,,,,,,0.1782482455,,,,0,0,0,0,0,0,0,1,0,0,0,1,1,0.1782482455,0.013108,0.533730,0.3094081998
521319,,,,,,,,,,,,0,0,0,0,0,0,0,0,0,0,0,0,,,0.013108,0.533730,
521320,,1.0346780122,1.1980516449,-0.423554726,,,,0.6208315229,0.5773387682,-0.770715759,-1.283551615,0,1,1,1,0,0,0,1,1,1,1,7,0.1428571429,0.1361539784,0.013108,0.533730,0.2305401125
521321,,,,-0.015824407,,,,-0.411862791,,,,0,0,0,1,0,0,0,1,0,0,0,2,0.5,-0.213843599,0.013108,0.533730,-0.425217582
521322,,,-0.500804593,-0.627419885,,,,0.6208315229,,,,0,0,1,1,0,0,0,1,0,0,0,3,0.3333333333,-0.169130985,0.013108,0.533730,-0.341443742
521323,,,,,,,,-0.854446069,,,,0,0,0,0,0,0,0,1,0,0,0,1,1,-0.854446069,0.013108,0.533730,-1.625454455
521324,,0.3638425064,,,,,,0.0307204863,-0.298784092,0.627910307,,0,1,0,0,0,0,0,1,1,1,0,4,0.25,0.180922302,0.013108,0.533730,0.3144183293
521325,,,-0.465686118,-1.035150204,,0.3628172381,,-0.706918309,,,,0,0,1,1,0,1,0,1,0,0,0,4,0.25,-0.461234348,0.013108,0.533730,-0.888730467
521326,,,,-0.321622146,,,,0.9158870412,,,-0.257980078,0,0,0,1,0,0,0,1,0,0,1,3,0.3333333333,0.1120949389,0.013108,0.533730,0.1854629427
521327,,0.8110661769,-0.59299059,0.2899733314,,,,0.4733037638,,,-0.257980078,0,1,1,1,0,0,0,1,0,0,1,5,0.2,0.1446745207,0.013108,0.533730,0.246504255
521328,,,,,,,,0.0307204863,,,,0,0,0,0,0,0,0,1,0,0,0,1,1,0.0307204863,0.013108,0.533730,0.0329992492
521329,,,,,,,,0.0307204863,,,,0,0,0,0,0,0,0,1,0,0,0,1,1,0.0307204863,0.013108,0.533730,0.0329992492
521330,,-0.687608889,1.5404567781,-1.544813102,,,,-0.116807273,,,,0,1,1,1,0,0,0,1,0,0,0,4,0.25,-0.202193121,0.013108,0.533730,-0.403389172
521331,,,,,,,,-0.116807273,,,,0,0,0,0,0,0,0,1,0,0,0,1,1,-0.116807273,0.013108,0.533730,-0.243409701
521332,,0.8300969714,-0.031094987,0.1880407518,,,,0.3257760046,,,,0,1,1,1,0,0,0,1,0,0,0,4,0.25,0.3282046852,0.013108,0.533730,0.5903675419
521333,,0.4970580678,1.1322045039,-0.729352465,,,,0.9158870412,,,,0,1,1,1,0,0,0,1,0,0,0,4,0.25,0.453949287,0.013108,0.533730,0.82596343
521334,,1.2915937378,1.935539624,-0.729352465,,,,-0.411862791,-0.444804568,-0.421059243,,0,1,1,1,0,0,0,1,1,1,0,6,0.1666666667,0.2033423825,0.013108,0.533730,0.3564247351
521335,,0.0450766986,2.0496746684,-0.219689567,,,,-0.706918309,-1.320927428,-0.071402726,-0.257980078,0,1,1,1,0,0,0,1,1,1,1,7,0.1428571429,-0.068880963,0.013108,0.533730,-0.153614662
521336,,0.5636658485,1.2200006919,-0.933217624,,,,0.7683592821,0.1392773383,0.3948059626,,0,1,1,1,0,0,0,1,1,1,0,6,0.1666666667,0.3588152499,0.013108,0.533730,0.6477196912
521337,,1.2868360392,1.1058656475,,,0.462130144,-0.822654325,0.1782482455,0.6503490066,-1.236924448,,0,1,1,0,0,1,1,1,1,1,0,7,0.1428571429,0.2319786157,0.013108,0.533730,0.4100777643
521338,,0.9204932452,0.451784047,,,,0.1924519392,0.1782482455,0.8693797215,-1.236924448,,0,1,1,0,0,0,1,1,1,1,0,6,0.1666666667,0.2292387918,0.013108,0.533730,0.4049444126
521339,,0.9537971356,0.9346630809,,,,,-0.264335032,,,,0,1,1,0,0,0,0,1,0,0,0,3,0.3333333333,0.5413750615,0.013108,0.533730,0.9897649187
521340,,0.2163538491,1.0136796501,,,0.5614430499,,-0.116807273,0.285297815,-2.052789653,,0,1,1,0,0,1,0,1,1,1,0,6,0.1666666667,-0.015470427,0.013108,0.533730,-0.053544341
521341,,-0.183292835,0.6712745169,,,-0.928250539,-0.991838702,0.3257760046,,,,0,1,1,0,0,1,1,1,0,0,0,5,0.2,-0.221266311,0.013108,0.533730,-0.439124821
521342,,,,,,,,-0.264335032,,,,0,0,0,0,0,0,0,1,0,0,0,1,1,-0.264335032,0.013108,0.533730,-0.519818652
521343,,-0.463997054,0.2718018616,-0.015824407,,,,-0.264335032,,,,0,1,1,1,0,0,0,1,0,0,0,4,0.25,-0.118088658,0.013108,0.533730,-0.245810513
521344,,,,,,,,-0.264335032,,,,0,0,0,0,0,0,0,1,0,0,0,1,1,-0.264335032,0.013108,0.533730,-0.519818652
521345,,-0.045319575,0.8380872741,,,,,-0.55939055,-0.444804568,-1.703133137,,0,1,1,0,0,0,0,1,1,1,0,5,0.2,-0.382912111,0.013108,0.533730,-0.741985424
521346,,1.6198749428,-0.513974021,0.5957710702,,,,0.9158870412,0.285297815,-0.071402726,0.4257342795,0,1,1,1,0,0,0,1,1,1,1,7,0.1428571429,0.4653126288,0.013108,0.533730,0.8472538597
521347,,1.7293020111,,,,,,0.6208315229,,,,0,1,0,0,0,0,0,1,0,0,0,2,0.5,1.175066767,0.013108,0.533730,2.1770537405
521348,,-1.268048121,1.2770682141,-0.933217624,,,1.8842957126,-0.116807273,,,1.7931629948,0,1,1,1,0,0,1,1,0,0,1,6,0.1666666667,0.4394089839,0.013108,0.533730,0.7987206253
521349,,0.0641074931,-0.281314123,,,,,0.1782482455,,,,0,1,1,0,0,0,0,1,0,0,0,3,0.3333333333,-0.012986128,0.013108,0.533730,-0.048889742
521350,,0.0070151097,0.4781229034,0.391905911,,,,0.9158870412,-1.831999096,-0.887267931,,0,1,1,1,0,0,0,1,1,1,0,6,0.1666666667,-0.154389344,0.013108,0.533730,-0.313823709
521351,,-0.088138863,0.6712745169,,,,,-0.264335032,,,,0,1,1,0,0,0,0,1,0,0,0,3,0.3333333333,0.1062668741,0.013108,0.533730,0.1745434432
521352,,0.7730045879,1.3473051645,-0.219689567,,0.462130144,,0.3257760046,,,,0,1,1,1,0,1,0,1,0,0,0,5,0.2,0.5377052669,0.013108,0.533730,0.9828891681
521353,,,,,,,,-0.411862791,,,,0,0,0,0,0,0,0,1,0,0,0,1,1,-0.411862791,0.013108,0.533730,-0.796227603
521354,,,,,,,2.0534800899,0.9158870412,,,,0,0,0,0,0,0,1,1,0,0,0,2,0.5,1.4846835656,0.013108,0.533730,2.7571537493
521355,,-0.031046479,0.4869025222,-2.768004057,,,,0.7683592821,-0.079753377,0.7444624792,0.0838771007,0,1,1,1,0,0,0,1,1,1,1,7,0.1428571429,-0.113600361,0.013108,0.533730,-0.237401211
521356,,,,,,,,,,,0.4257342795,0,0,0,0,0,0,0,0,0,0,1,1,1,0.4257342795,0.013108,0.533730,0.7730996119
521357,,0.7920353824,1.0751369817,,,-1.027563445,1.0383738259,0.3257760046,0.4313182916,-0.537611415,,0,1,1,0,0,1,1,1,1,1,0,7,0.1428571429,0.2996379467,0.013108,0.533730,0.5368447184
521358,,-0.383116177,-0.650058112,,,0.8593817676,,1.653525837,,,,0,1,1,0,0,1,0,1,0,0,0,4,0.25,0.3699333287,0.013108,0.533730,0.6685505946
521359,,-1.615360121,1.3034070705,-0.525487306,,-1.325502162,-0.315101193,-0.264335032,1.1614206748,0.2782537905,,0,1,1,1,0,1,1,1,1,1,0,8,0.125,-0.162838035,0.013108,0.533730,-0.32965323
530002,,0.4161771912,-0.224246601,0.2899733314,,0.0648785204,,0.6208315229,-0.006743138,-0.071402726,-1.283551615,0,1,1,1,0,1,0,1,1,1,1,8,0.125,-0.024260439,0.013108,0.533730,-0.070013364
530006,0.8342650949,0.8586431631,-0.022315368,0.0861081721,,0.9586946735,0.3616363166,0.3257760046,0.5043285299,-1.003820104,-1.625408793,1,1,1,1,0,1,1,1,1,1,1,10,0.1,0.127790769,0.013108,0.533730,0.21487075
530008,,-0.002500288,-0.184738316,-3.583464694,,0.1641914263,-1.161023079,1.3584703187,,,-3.676551866,0,1,1,1,0,1,1,1,0,0,1,7,0.1428571429,-1.012230928,0.013108,0.533730,-1.921081174
530011,,0.6683352182,1.4877790653,0.9015688091,,-0.034434386,,0.6208315229,0.5043285299,0.7444624792,0.7675914583,0,1,1,1,0,1,0,1,1,1,1,8,0.125,0.7075578372,0.013108,0.533730,1.3011260273
530012,0.0339293113,0.3733579036,-0.531533259,-1.340947943,0.7274304554,1.9518237325,0.1924519392,0.7683592821,,,1.1094486371,1,1,1,1,1,1,1,1,0,0,1,9,0.1111111111,0.3649244511,0.013108,0.533730,0.6591659296
530014,0.1087808594,0.3971463967,0.7766299425,-1.340947943,,1.2566333912,-2.176129343,0.3257760046,-1.174906951,-2.169341825,-0.599837257,1,1,1,1,0,1,1,1,1,1,1,10,0.1,-0.459619673,0.013108,0.533730,-0.8857052
530015,,1.4200516006,0.407885953,-0.525487306,,1.1573204853,,-0.116807273,-1.831999096,0.627910307,0.4257342795,0,1,1,1,0,1,0,1,1,1,1,8,0.125,0.1955761188,0.013108,0.533730,0.3418738139
530025,,-0.887432231,0.6888337545,-0.015824407,,0.1641914263,,0.0307204863,1.4534616281,-0.537611415,0.7675914583,0,1,1,1,0,1,0,1,1,1,1,8,0.125,0.2079913375,0.013108,0.533730,0.3651350468
530032,,,1.0400185065,-0.525487306,,,0.0232675619,0.3257760046,,,-4.702123403,0,0,1,1,0,0,1,1,0,0,1,5,0.2,-0.767709727,0.013108,0.533730,-1.462944692
530034,,,,-0.015824407,,,0.3616363166,0.4733037638,,,-0.257980078,0,0,0,1,0,0,1,1,0,0,1,4,0.25,0.1402838987,0.013108,0.533730,0.2382779575
53004F,,2.209829572,0.2410731958,,,0.1641914263,,0.1782482455,,,,0,1,1,0,0,1,0,1,0,0,0,4,0.25,0.6983356099,0.013108,0.533730,1.2838472034
53005F,,,,,,,,0.4733037638,,,,0,0,0,0,0,0,0,1,0,0,0,1,1,0.4733037638,0.013108,0.533730,0.8622261011
531301,,,,,,,,0.0307204863,,,,0,0,0,0,0,0,0,1,0,0,0,1,1,0.0307204863,0.013108,0.533730,0.0329992492
531302,,,0.254242624,-0.015824407,,0.1641914263,0.1924519392,-0.55939055,,,0.0838771007,0,0,1,1,0,1,1,1,0,0,1,6,0.1666666667,0.0199246887,0.013108,0.533730,0.012772174
531303,,,0.8995446057,,,,,-0.264335032,,,,0,0,1,0,0,0,0,1,0,0,0,2,0.5,0.3176047869,0.013108,0.533730,0.5705075048
531304,,-0.254658315,0.1093789138,-0.117756987,,,,-0.55939055,,,,0,1,1,1,0,0,0,1,0,0,0,4,0.25,-0.205606735,0.013108,0.533730,-0.409784939
531305,,0.1259575752,0.5439700444,0.2899733314,,-0.133747291,,0.0307204863,,,,0,1,1,1,0,1,0,1,0,0,0,5,0.2,0.1713748292,0.013108,0.533730,0.2965301232
531306,,1.7530905042,0.166446436,-0.627419885,,,,-0.411862791,,,-0.599837257,0,1,1,1,0,0,0,1,0,0,1,5,0.2,0.0560834014,0.013108,0.533730,0.0805193687
531307,,-0.502058643,-0.794921823,-1.035150204,,,,0.0307204863,,,-0.599837257,0,1,1,1,0,0,0,1,0,0,1,5,0.2,-0.580249488,0.013108,0.533730,-1.111717992
531308,,,-0.061823653,,,,,-0.116807273,,,,0,0,1,0,0,0,0,1,0,0,0,2,0.5,-0.089315463,0.013108,0.533730,-0.191900871
531309,,1.4057785047,1.0092898407,,,,,0.9158870412,,,,0,1,1,0,0,0,0,1,0,0,0,3,0.3333333333,1.1103184622,0.013108,0.533730,2.0557409036
531310,,1.2154705598,0.3069203368,,,,0.7000050712,-0.55939055,-0.225773853,0.2782537905,0.0838771007,0,1,1,0,0,0,1,1,1,1,1,7,0.1428571429,0.2570517793,0.013108,0.533730,0.4570550036
531311,,,-0.799311632,,,,,-0.411862791,,,,0,0,1,0,0,0,0,1,0,0,0,2,0.5,-0.605587212,0.013108,0.533730,-1.159190912
531312,,1.4628708882,0.6976133733,-2.360273739,,,,0.3257760046,-0.590825045,0.2782537905,-0.941694436,0,1,1,1,0,0,0,1,1,1,1,7,0.1428571429,-0.161182738,0.013108,0.533730,-0.326551855
531313,,1.1441050805,0.0962094856,,,,1.2075582032,0.0307204863,,,,0,1,1,0,0,0,1,1,0,0,0,4,0.25,0.6196483139,0.013108,0.533730,1.1364181838
531314,,,,,,,,-0.55939055,,,,0,0,0,0,0,0,0,1,0,0,0,1,1,-0.55939055,0.013108,0.533730,-1.072636553
531315,,,,,,,,0.0307204863,,,,0,0,0,0,0,0,0,1,0,0,0,1,1,0.0307204863,0.013108,0.533730,0.0329992492
531316,,,,0.391905911,,,,0.0307204863,,,,0,0,0,1,0,0,0,1,0,0,0,2,0.5,0.2113131987,0.013108,0.533730,0.3713589071
650001,-2.672242043,-1.976945216,-1.624595799,-0.117756987,,0.2635043322,,-1.592084864,,,-0.257980078,1,1,1,1,0,1,0,1,0,0,1,7,0.1428571429,-1.139728665,0.013108,0.533730,-2.159961747
660001,-2.689515478,0.1925653559,-0.369110311,,,,,0.0307204863,,,,1,1,1,0,0,0,0,1,0,0,0,4,0.25,-0.708834987,0.013108,0.533730,-1.352636602
670005,,,,-0.117756987,,,-0.48428557,0.0307204863,,,-5.38583776,0,0,0,1,0,0,1,1,0,0,1,4,0.25,-1.489289958,0.013108,0.533730,-2.814902015
670006,,,,-0.525487306,,,-0.315101193,1.653525837,,,0.0838771007,0,0,0,1,0,0,1,1,0,0,1,4,0.25,0.2242036098,0.013108,0.533730,0.3955104637
670008,,,,,,,2.0534800899,1.0634148004,,,-0.941694436,0,0,0,0,0,0,1,1,0,0,1,3,0.3333333333,0.7250668182,0.013108,0.533730,1.3339309658
670010,,,,,,,,,,,,0,0,0,0,0,0,0,0,0,0,0,0,,,0.013108,0.533730,
670023,-0.553367451,-1.015890094,0.254242624,-0.423554726,0.3676363213,-0.431686009,0.1924519392,1.2109425595,,,-0.257980078,1,1,1,1,1,1,1,1,0,0,1,9,0.1111111111,-0.073022768,0.013108,0.533730,-0.161374774
670025,0.131812105,0.5922120402,1.5185077311,,1.4470187238,,,1.0634148004,,,-0.257980078,1,1,1,0,1,0,0,1,0,0,1,6,0.1666666667,0.7491642204,0.013108,0.533730,1.3790800123
670031,,0.4970580678,-2.024068454,-1.340947943,,0.3628172381,,1.0634148004,,,0.0838771007,0,1,1,1,0,1,0,1,0,0,1,6,0.1666666667,-0.226308198,0.013108,0.533730,-0.448571334
670034,0.1836324075,0.6302736292,1.1497637415,-1.544813102,-0.471883325,-0.630311821,-0.315101193,-0.411862791,-0.079753377,-1.35347662,-0.941694436,1,1,1,1,1,1,1,1,1,1,1,11,0.0909090909,-0.344111535,0.013108,0.533730,-0.669288417
670041,1.421561857,0.5779389444,0.8732057493,1.2073665479,0.4875676993,0.0648785204,,1.0634148004,,,0.0838771007,1,1,1,1,1,1,0,1,0,0,1,8,0.125,0.7224764024,0.013108,0.533730,1.3290775463
670043,0.3045464468,0.5684235471,0.188395483,-1.340947943,,-0.630311821,,0.1782482455,,,0.4257342795,1,1,1,1,0,1,0,1,0,0,1,7,0.1428571429,-0.04370168,0.013108,0.533730,-0.106438597
670044,,0.7730045879,0.9171038433,0.6977036498,,-0.630311821,,0.1782482455,,,0.7675914583,0,1,1,1,0,1,0,1,0,0,1,6,0.1666666667,0.4505566607,0.013108,0.533730,0.8196069836
670047,-0.71458617,2.1812833802,-1.304139713,0.391905911,,,,0.1782482455,,,0.4257342795,1,1,1,1,0,0,0,1,0,0,1,6,0.1666666667,0.1930743223,0.013108,0.533730,0.3371864319
670049,,,,0.0861081721,,,1.8842957126,1.9485813553,,,-1.283551615,0,0,0,1,0,0,1,1,0,0,1,4,0.25,0.6588584063,0.013108,0.533730,1.2098824631
670053,,0.5303619582,-2.089915595,0.391905911,,,,-1.149501587,,,-0.941694436,0,1,1,1,0,0,0,1,0,0,1,5,0.2,-0.65176875,0.013108,0.533730,-1.245716937
670054,,,,,,,-0.653469947,1.2109425595,,,-2.309123151,0,0,0,0,0,0,1,1,0,0,1,3,0.3333333333,-0.583883513,0.013108,0.533730,-1.118526724
670055,-0.916109569,0.9585548342,-0.338381645,0.7996362295,-0.351951947,-0.530998915,1.2075582032,-1.444557105,,,-1.283551615,1,1,1,1,1,1,1,1,0,0,1,9,0.1111111111,-0.211089059,0.013108,0.533730,-0.420056657
670056,-0.559125262,1.1488627791,0.3332591932,0.391905911,0.6074990774,0.2635043322,,1.2109425595,,,0.4257342795,1,1,1,1,1,1,0,1,0,0,1,8,0.125,0.4778228587,0.013108,0.533730,0.8706931062
670059,,,,,,,0.5308206939,0.7683592821,,,0.4257342795,0,0,0,0,0,0,1,1,0,0,1,3,0.3333333333,0.5749714185,0.013108,0.533730,1.0527112675
670060,,0.7063968072,-0.246195648,-0.015824407,,0.2635043322,,-0.854446069,,,0.4257342795,0,1,1,1,0,1,0,1,0,0,1,6,0.1666666667,0.0465282159,0.013108,0.533730,0.0626167121
670062,,,0.3815470966,,,,,0.3257760046,,,,0,0,1,0,0,0,0,1,0,0,0,2,0.5,0.3536615506,0.013108,0.533730,0.6380636873
670067,,,,,,,0.3616363166,2.0961091144,,,-2.65098033,0,0,0,0,0,0,1,1,0,0,1,3,0.3333333333,-0.064411633,0.013108,0.533730,-0.145240896
670068,,0.116442178,-0.544702687,0.9015688091,,0.7600688617,-0.48428557,0.4733037638,,,0.4257342795,0,1,1,1,0,1,1,1,0,0,1,7,0.1428571429,0.2354470907,0.013108,0.533730,0.4165763212
670069,,,,,,,-0.145916815,0.1782482455,,,-0.941694436,0,0,0,0,0,0,1,1,0,0,1,3,0.3333333333,-0.303121002,0.013108,0.533730,-0.592488293
670071,-0.628218999,0.3400540132,,,-0.591814703,,,0.6208315229,,,0.4257342795,1,1,0,0,1,0,0,1,0,0,1,5,0.2,0.0333172227,0.013108,0.533730,0.0378645111
670073,,,,,,,-0.653469947,1.3584703187,,,-0.257980078,0,0,0,0,0,0,1,1,0,0,1,3,0.3333333333,0.1490067644,0.013108,0.533730,0.2546211743
670075,,-0.935009218,-0.320822407,-0.219689567,,-0.530998915,,0.6208315229,,,1.1094486371,0,1,1,1,0,1,0,1,0,0,1,6,0.1666666667,-0.046039991,0.013108,0.533730,-0.110819671
670076,,,,-2.258341159,,,-1.330207457,0.1782482455,,,0.4257342795,0,0,0,1,0,0,1,1,0,0,1,4,0.25,-0.746141523,0.013108,0.533730,-1.422534367
670077,1.4273196684,0.6730929168,0.7371216579,1.4112317072,0.0078421871,1.1573204853,-1.161023079,-0.411862791,0.5773387682,0.1617016183,0.4257342795,1,1,1,1,1,1,1,1,1,1,1,11,0.0909090909,0.4550743107,0.013108,0.533730,0.8280712816
670078,,,0.6449356605,,,0.5614430499,,0.9158870412,,,,0,0,1,0,0,1,0,1,0,0,0,3,0.3333333333,0.7074219172,0.013108,0.533730,1.3008713668
670080,0.747897924,0.1021690821,-0.720295063,0.6977036498,,-1.62344088,,0.1782482455,,,-1.625408793,1,1,1,1,0,1,0,1,0,0,1,7,0.1428571429,-0.320446548,0.013108,0.533730,-0.624949546
670082,-0.71458617,0.3495694105,0.0084132976,-2.156408579,,0.7600688617,0.0232675619,0.1782482455,,,-0.941694436,1,1,1,1,0,1,1,1,0,0,1,8,0.125,-0.311640226,0.013108,0.533730,-0.608449965
670085,0.2239370873,1.3867477102,0.6800541357,0.0861081721,,0.3628172381,,0.4733037638,,,-0.257980078,1,1,1,1,0,1,0,1,0,0,1,7,0.1428571429,0.422141147,0.013108,0.533730,0.766367496
670088,0.5578901481,-1.51544845,-0.891497629,1.5131642868,-0.831677459,0.0648785204,-1.161023079,-0.55939055,-1.101896713,0.8610146514,-0.257980078,1,1,1,1,1,1,1,1,1,1,1,11,0.0909090909,-0.301996941,0.013108,0.533730,-0.590382245
670090,,,,0.1880407518,,,-1.330207457,-0.116807273,,,,0,0,0,1,0,0,1,1,0,0,0,3,0.3333333333,-0.419657993,0.013108,0.533730,-0.810832742
670093,,,,,,,,,,,,0,0,0,0,0,0,0,0,0,0,0,0,,,0.013108,0.533730,
670098,-1.785539089,1.1821666695,0.254242624,-1.442880522,,0.5614430499,-0.653469947,-0.116807273,,,-1.625408793,1,1,1,1,0,1,1,1,0,0,1,8,0.125,-0.45328166,0.013108,0.533730,-0.87383026
670102,,,,-0.423554726,,,,-0.116807273,,,-0.599837257,0,0,0,1,0,0,0,1,0,0,1,3,0.3333333333,-0.380066419,0.013108,0.533730,-0.736653716
670103,,0.5256042595,0.6010375665,-0.219689567,,0.462130144,,0.0307204863,,,-0.257980078,0,1,1,1,0,1,0,1,0,0,1,6,0.1666666667,0.1903038019,0.013108,0.533730,0.3319955673
670106,,-2.176768558,-0.895887439,0.391905911,,,,-0.854446069,,,0.4257342795,0,1,1,1,0,0,0,1,0,0,1,5,0.2,-0.621892375,0.013108,0.533730,-1.189740371
670107,,,,,,,,-0.411862791,,,,0,0,0,0,0,0,0,1,0,0,0,1,1,-0.411862791,0.013108,0.533730,-0.796227603
670108,,0.6921237113,0.7722401331,0.6977036498,,0.9586946735,-0.48428557,1.2109425595,0.6503490066,0.3948059626,-0.599837257,0,1,1,1,0,1,1,1,1,1,1,9,0.1111111111,0.4769707633,0.013108,0.533730,0.8690966148
670109,,,,,,,,,,,,0,0,0,0,0,0,0,0,0,0,0,0,,,0.013108,0.533730,
670112,,,,,,,2.2226644672,1.8010535961,,,-2.992837509,0,0,0,0,0,0,1,1,0,0,1,3,0.3333333333,0.3436268516,0.013108,0.533730,0.6192626111
670120,,-0.459239355,-2.436710538,-0.525487306,,,,-0.854446069,,,0.0838771007,0,1,1,1,0,0,0,1,0,0,1,5,0.2,-0.838401233,0.013108,0.533730,-1.595392749
670122,0.8745697747,0.7825199852,0.2498528146,-1.035150204,-1.311402972,-0.233060197,-0.653469947,-0.55939055,-0.37179433,0.1617016183,0.0838771007,1,1,1,1,1,1,1,1,1,1,1,11,0.0909090909,-0.182886082,0.013108,0.533730,-0.367215381
670124,,,0.9653917467,,,,,0.0307204863,,,,0,0,1,0,0,0,0,1,0,0,0,2,0.5,0.4980561165,0.013108,0.533730,0.9086022671
670128,,0.7492160948,-0.948565151,0.5957710702,,0.5614430499,,0.1782482455,,,0.4257342795,0,1,1,1,0,1,0,1,0,0,1,6,0.1666666667,0.2603079314,0.013108,0.533730,0.4631557509
670131,,,,,,,,0.3257760046,,,,0,0,0,0,0,0,0,1,0,0,0,1,1,0.3257760046,0.013108,0.533730,0.5858171505
670132,,,,-0.219689567,,,,-0.55939055,,,0.4257342795,0,0,0,1,0,0,0,1,0,0,1,3,0.3333333333,-0.117781946,0.013108,0.533730,-0.245235855
670134,,,,,,,,0.0307204863,,,,0,0,0,0,0,0,0,1,0,0,0,1,1,0.0307204863,0.013108,0.533730,0.0329992492
670136,,,-0.096942128,-0.015824407,,,,-0.411862791,,,0.4257342795,0,0,1,1,0,0,0,1,0,0,1,4,0.25,-0.024723762,0.013108,0.533730,-0.070881448
670143,,,,,,,,-0.411862791,,,,0,0,0,0,0,0,0,1,0,0,0,1,1,-0.411862791,0.013108,0.533730,-0.796227603
670259,,,,,,,,0.1782482455,,,,0,0,0,0,0,0,0,1,0,0,0,1,1,0.1782482455,0.013108,0.533730,0.3094081998
670260,,0.330538616,1.7511676292,-0.219689567,,-0.233060197,,0.9158870412,,,0.0838771007,0,1,1,1,0,1,0,1,0,0,1,6,0.1666666667,0.4381201038,0.013108,0.533730,0.7963057714
670265,,,,,,,0.3616363166,0.1782482455,,,-0.599837257,0,0,0,0,0,0,1,1,0,0,1,3,0.3333333333,-0.019984232,0.013108,0.533730,-0.062001434
670266,,,,,,,,,,,0.4257342795,0,0,0,0,0,0,0,0,0,0,1,1,1,0.4257342795,0.013108,0.533730,0.7730996119
670267,,,,,,,,,,,,0,0,0,0,0,0,0,0,0,0,0,0,,,0.013108,0.533730,
670280,,,,,,,,-0.854446069,,,,0,0,0,0,0,0,0,1,0,0,0,1,1,-0.854446069,0.013108,0.533730,-1.625454455
670285,,,,,,,,,,,,0,0,0,0,0,0,0,0,0,0,0,0,,,0.013108,0.533730,
670300,,0.3115078215,-0.149619841,-0.321622146,,,,-0.264335032,,,,0,1,1,1,0,0,0,1,0,0,0,4,0.25,-0.106017299,0.013108,0.533730,-0.223193538
670309,,1.7721212987,0.21034453,0.2899733314,,,,0.6208315229,,,-0.941694436,0,1,1,1,0,0,0,1,0,0,1,5,0.2,0.3903152494,0.013108,0.533730,0.7067382912
670314,,,,,,,,,,,,0,0,0,0,0,0,0,0,0,0,0,0,,,0.013108,0.533730,
670322,,,,,,,,,,,,0,0,0,0,0,0,0,0,0,0,0,0,,,0.013108,0.533730,
671300,,,0.8732057493,,,,1.0383738259,0.1782482455,,,,0,0,1,0,0,0,1,1,0,0,0,3,0.3333333333,0.6966092736,0.013108,0.533730,1.2806127287
671301,,,,,,,,,,,,0,0,0,0,0,0,0,0,0,0,0,0,,,0.013108,0.533730,
