PROVIDER_ID,std_COMP_HIP_KNEE,std_HAI_1,std_HAI_2,std_HAI_3,std_HAI_4,std_HAI_5,std_HAI_6,std_PSI_90_SAFETY,C1,C2,C3,C4,C5,C6,C7,C8,total_cnt,measure_wt,score_before_std,Mean,StdDev,grp_score
010001,0.6987290924,0.3036701043,0.7390780677,-0.467783407,,0.4764461302,-0.105703392,0.1030011909,1,1,1,1,0,1,1,1,7,0.1428571429,0.2496339695,-0.019030,0.779001,0.3448829171
010005,1.1586924721,-0.332255344,-1.072825303,1.149255,,-2.749027367,-0.428085753,-0.058779638,1,1,1,1,0,1,1,1,7,0.1428571429,-0.333289419,-0.019030,0.779001,-0.40341359
010006,-0.834482173,0.9776423739,1.0287769037,1.149255,1.1084136071,0.5953724076,0.9650665944,-0.867683783,1,1,1,1,1,1,1,1,8,0.125,0.5152951163,-0.019030,0.779001,0.6859111072
010007,0.0854445862,,,,,,-1.284701742,0.3726359059,1,0,0,0,0,0,1,1,3,0.3333333333,-0.275540417,-0.019030,0.779001,-0.329281418
010008,,,,,,,,,0,0,0,0,0,0,0,0,0,,,-0.019030,0.779001,
010011,-0.52783992,-0.03331603,0.5162328092,1.149255,,0.2707358125,-0.12182251,0.2647820199,1,1,1,1,0,1,1,1,7,0.1428571429,0.2168610259,-0.019030,0.779001,0.3028124157
010012,-0.681161047,,1.0287769037,,,,-0.287619153,0.3187089629,1,0,1,0,0,0,1,1,4,0.25,0.0946764168,-0.019030,0.779001,0.1459645039
010016,-0.834482173,-0.113486119,0.7425064563,0.2558044989,,-1.212628431,-0.264591841,-1.946222643,1,1,1,1,0,1,1,1,7,0.1428571429,-0.481871465,-0.019030,0.779001,-0.594147789
010018,,,,,,,,0.0490742479,0,0,0,0,0,0,0,1,1,1,0.0490742479,-0.019030,0.779001,0.0874251755
010019,-1.907730059,-3.203431565,0.3019585222,1.149255,,1.1916109066,-1.333059096,0.3187089629,1,1,1,1,0,1,1,1,7,0.1428571429,-0.497526761,-0.019030,0.779001,-0.614244433
010021,,,,,,,0.101542412,-0.705902954,0,0,0,0,0,0,1,1,2,0.5,-0.302180271,-0.019030,0.779001,-0.363478897
010022,,,,,,,1.0249376044,,0,0,0,0,0,0,1,0,1,1,1.0249376044,-0.019030,0.779001,1.3401372048
010023,-0.52783992,-0.711364745,-0.657990284,-0.166845738,,-1.15959374,0.1107533366,-4.426862022,1,1,1,1,0,1,1,1,7,0.1428571429,-1.077106159,-0.019030,0.779001,-1.358248272
010024,,-1.27119655,-0.423145665,-0.034433164,,-1.955114109,-0.62151517,-0.004852695,0,1,1,1,0,1,1,1,6,0.1666666667,-0.718376226,-0.019030,0.779001,-0.897748039
010029,-1.44776668,-0.59994191,-0.675132227,0.1100169171,-0.743970043,0.9232232265,-0.835669167,0.0490742479,1,1,1,1,1,1,1,1,8,0.125,-0.402520704,-0.019030,0.779001,-0.492285524
010033,-0.221197667,-0.246649995,0.0773990695,0.3253545379,-0.456281409,-0.301396009,0.2028625827,-1.299099327,1,1,1,1,1,1,1,1,8,0.125,-0.239876027,-0.019030,0.779001,-0.283499179
010034,,,,,,,,,0,0,0,0,0,0,0,0,0,,,-0.019030,0.779001,
010035,-0.374518794,0.9776423739,-0.479714077,-0.292570809,,1.1916109066,0.1245697235,0.3187089629,1,1,1,1,0,1,1,1,7,0.1428571429,0.2093897554,-0.019030,0.779001,0.2932215746
010036,0.3920868393,,,,,,0.191348927,0.3726359059,1,0,0,0,0,0,1,1,3,0.3333333333,0.3186905574,-0.019030,0.779001,0.4335305928
010039,1.0053713456,-0.190938577,-0.082021,0.0431418796,0.8621190211,-0.728887763,-0.738954459,-3.833665649,1,1,1,1,1,1,1,1,8,0.125,-0.4579794,-0.019030,0.779001,-0.563477638
010040,-0.681161047,-0.868987292,0.1459668413,0.6115796984,,-0.759422888,0.5413640622,-5.073985338,1,1,1,1,0,1,1,1,7,0.1428571429,-0.869235137,-0.019030,0.779001,-1.091405043
010044,,,,,,,,,0,0,0,0,0,0,0,0,0,,,-0.019030,0.779001,
010045,,,,,,,-2.666340434,0.1030011909,0,0,0,0,0,0,1,1,2,0.5,-1.281669622,-0.019030,0.779001,-1.6208456
010046,,-0.029239585,0.4476650374,,,-2.313500053,0.582813223,1.289393937,0,1,1,0,0,1,1,1,5,0.2,-0.004573488,-0.019030,0.779001,0.0185577834
010049,0.6987290924,,1.0287769037,,,,0.5114285572,0.5883436779,1,0,1,0,0,0,1,1,4,0.25,0.7068195578,-0.019030,0.779001,0.9317702946
010051,,,,,,,,,0,0,0,0,0,0,0,0,0,,,-0.019030,0.779001,
010052,,,,,,,,,0,0,0,0,0,0,0,0,0,,,-0.019030,0.779001,
010055,-1.141124426,0.6719089855,0.7819329251,1.149255,1.1084136071,0.7175129088,0.928222896,1.5051017091,1,1,1,1,1,1,1,1,8,0.125,0.7151529506,-0.019030,0.779001,0.9424678388
010056,-2.214372312,-0.118921379,0.2419617219,0.1421169351,-0.486292094,0.5230523741,-0.167877133,0.1569281339,1,1,1,1,1,1,1,1,8,0.125,-0.240425469,-0.019030,0.779001,-0.284204495
010058,,,,,,,,0.0490742479,0,0,0,0,0,0,0,1,1,1,0.0490742479,-0.019030,0.779001,0.0874251755
010059,,,,,,,,,0,0,0,0,0,0,0,0,0,,,-0.019030,0.779001,
010061,,,1.0287769037,,,,-1.252463506,0.2647820199,0,0,1,0,0,0,1,1,3,0.3333333333,0.0136984725,-0.019030,0.779001,0.042013429
010062,,,,,,,1.0249376044,0.1569281339,0,0,0,0,0,0,1,1,2,0.5,0.5909328691,-0.019030,0.779001,0.783006999
010065,0.2387657127,,1.0287769037,,,,-2.675551359,-0.490195182,1,0,1,0,0,0,1,1,4,0.25,-0.474550981,-0.019030,0.779001,-0.584750513
010069,,,,,,,1.0249376044,-0.058779638,0,0,0,0,0,0,1,1,2,0.5,0.4830789831,-0.019030,0.779001,0.6445553812
010073,,,,,,,,,0,0,0,0,0,0,0,0,0,,,-0.019030,0.779001,
010078,-0.834482173,-1.536165486,-1.751646244,0.3226795364,,-1.984042123,-1.547213094,-1.083391555,1,1,1,1,0,1,1,1,7,0.1428571429,-1.202037306,-0.019030,0.779001,-1.518621903
010079,0.2387657127,,0.2265339732,0.3093045289,,1.1916109066,0.2696417862,-0.004852695,1,0,1,1,0,1,1,1,6,0.1666666667,0.3718340354,-0.019030,0.779001,0.5017506707
010083,-1.601087806,0.9776423739,1.0287769037,,,0.0553828237,0.0854232939,-0.598049068,1,1,1,0,0,1,1,1,6,0.1666666667,-0.008651913,-0.019030,0.779001,0.013322325
010085,-3.594262451,0.9776423739,1.0287769037,1.149255,,1.1916109066,-0.108006123,-0.921610726,1,1,1,1,0,1,1,1,7,0.1428571429,-0.039513445,-0.019030,0.779001,-0.026294505
010086,,,,,,,,0.2647820199,0,0,0,0,0,0,0,1,1,1,0.2647820199,-0.019030,0.779001,0.364328411
010087,,-0.643423992,0.3653837112,0.8697173432,,-1.935828767,-0.411966635,-0.598049068,0,1,1,1,0,1,1,1,6,0.1666666667,-0.392361235,-0.019030,0.779001,-0.479243852
010089,,-1.552471267,0.480234729,1.149255,,,0.8269027252,0.3726359059,0,1,1,1,0,0,1,1,5,0.2,0.2553114186,-0.019030,0.779001,0.3521710366
010090,0.3920868393,-0.349919939,0.5522308895,0.6851422397,,-0.312645792,0.5321531376,-0.867683783,1,1,1,1,0,1,1,1,7,0.1428571429,0.0901947988,-0.019030,0.779001,0.1402114683
010091,,,,,,,,,0,0,0,0,0,0,0,0,0,,,-0.019030,0.779001,
010092,-0.52783992,-0.905675299,0.555659278,0.1394419336,1.1084136071,-0.48460676,-0.550130504,0.0490742479,1,1,1,1,1,1,1,1,8,0.125,-0.076957927,-0.019030,0.779001,-0.074361842
010095,,,,,,,,,0,0,0,0,0,0,0,0,0,,,-0.019030,0.779001,
010097,,,,,,,,,0,0,0,0,0,0,0,0,0,,,-0.019030,0.779001,
010099,,,,,,,-0.446507602,-0.220560467,0,0,0,0,0,0,1,1,2,0.5,-0.333534035,-0.019030,0.779001,-0.403727602
010100,1.0053713456,0.252035132,-0.909976845,-1.107108766,,-0.362466259,0.4216220423,0.3187089629,1,1,1,1,0,1,1,1,7,0.1428571429,-0.054544912,-0.019030,0.779001,-0.045590341
010101,,,,,,,-3.792375968,-0.112706581,0,0,0,0,0,0,1,1,2,0.5,-1.952541275,-0.019030,0.779001,-2.482040955
010102,,,,,,,,,0,0,0,0,0,0,0,0,0,,,-0.019030,0.779001,
010103,0.0854445862,0.4830336922,0.1459668413,0.0525043849,,-1.337983156,0.3156964092,-0.27448741,1,1,1,1,0,1,1,1,7,0.1428571429,-0.075689236,-0.019030,0.779001,-0.072733228
010104,-0.681161047,-0.010216174,-0.085449389,-0.047808171,0.61996384,-0.730494874,0.3318155273,-0.112706581,1,1,1,1,1,1,1,1,8,0.125,-0.089507109,-0.019030,0.779001,-0.090471178
010108,,,-1.389951248,,,,0.5574831803,0.2647820199,0,0,1,0,0,0,1,1,3,0.3333333333,-0.189228683,-0.019030,0.779001,-0.218483378
010110,,,,,,,,,0,0,0,0,0,0,0,0,0,,,-0.019030,0.779001,
010112,,,,,,,1.0249376044,-2.000149586,0,0,0,0,0,0,1,1,2,0.5,-0.487605991,-0.019030,0.779001,-0.601509179
010113,-0.9878033,-0.753488012,-0.121447469,-0.038445666,-0.791573199,-0.095685691,0.3617510323,-1.8922957,1,1,1,1,1,1,1,1,8,0.125,-0.539873501,-0.019030,0.779001,-0.668604779
010114,,-0.741258677,0.2625320534,0.6129171992,,-1.027810568,-0.948502994,-0.490195182,0,1,1,1,0,1,1,1,6,0.1666666667,-0.388719695,-0.019030,0.779001,-0.474569221
010118,,,-1.926494063,,,,1.0249376044,0.4265628489,0,0,1,0,0,0,1,1,3,0.3333333333,-0.158331203,-0.019030,0.779001,-0.178820402
010120,,,,,,,,0.1030011909,0,0,0,0,0,0,0,1,1,1,0.1030011909,-0.019030,0.779001,0.1566509843
010125,,,,,,,,,0,0,0,0,0,0,0,0,0,,,-0.019030,0.779001,
010126,,,,,,,1.0249376044,-0.220560467,0,0,0,0,0,0,1,1,2,0.5,0.4021885686,-0.019030,0.779001,0.5407166679
010128,,,,,,,,,0,0,0,0,0,0,0,0,0,,,-0.019030,0.779001,
010129,,,,,,,1.0249376044,0.1030011909,0,0,0,0,0,0,1,1,2,0.5,0.5639693976,-0.019030,0.779001,0.7483940946
010130,,,,,,,-0.02280507,-0.436268239,0,0,0,0,0,0,1,1,2,0.5,-0.229536655,-0.019030,0.779001,-0.270226566
010131,-0.374518794,-4.609805151,-0.159159743,-0.0986332,,-2.464568568,0.3456319142,-0.058779638,1,1,1,1,0,1,1,1,7,0.1428571429,-1.059976169,-0.019030,0.779001,-1.336258569
010138,,,,,,,,,0,0,0,0,0,0,0,0,0,,,-0.019030,0.779001,
010139,,-0.381172686,0.3465275739,0.8750673462,0.3954011293,-0.590676143,0.433135698,0.0490742479,0,1,1,1,1,1,1,1,7,0.1428571429,0.1610510238,-0.019030,0.779001,0.2311693312
010144,-0.9878033,0.0604422086,0.5505166952,1.149255,1.1084136071,-0.306217344,0.5482722557,-0.220560467,1,1,1,1,1,1,1,1,8,0.125,0.2377898319,-0.019030,0.779001,0.3296786433
010148,,,,,,,,,0,0,0,0,0,0,0,0,0,,,-0.019030,0.779001,
010149,,-1.05106851,-0.952831702,1.149255,0.4492133918,0.209665562,0.5782077607,-0.651976011,0,1,1,1,1,1,1,1,7,0.1428571429,-0.03850493,-0.019030,0.779001,-0.024999877
01014F,-0.52783992,0.3539462615,-1.269957647,,,,,-0.544122125,1,1,1,0,0,0,0,1,4,0.25,-0.496993358,-0.019030,0.779001,-0.613559705
010150,,,,,,,1.0249376044,0.2108550769,0,0,0,0,0,0,1,1,2,0.5,0.6178963406,-0.019030,0.779001,0.8176199034
010157,,,,,,,1.0249376044,0.0490742479,0,0,0,0,0,0,1,1,2,0.5,0.5370059261,-0.019030,0.779001,0.7137811901
010158,-0.52783992,,,,,,1.0249376044,0.2108550769,1,0,0,0,0,0,1,1,3,0.3333333333,0.2359842537,-0.019030,0.779001,0.3273608295
010164,,,1.0287769037,,,,1.0249376044,0.2108550769,0,0,1,0,0,0,1,1,3,0.3333333333,0.7548565283,-0.019030,0.779001,0.9934351685
010168,-0.374518794,,,,,,,-0.112706581,1,0,0,0,0,0,0,1,2,0.5,-0.243612687,-0.019030,0.779001,-0.288295915
010169,,,,,,,-0.738954459,0.1030011909,0,0,0,0,0,0,1,1,2,0.5,-0.317976634,-0.019030,0.779001,-0.383756627
010173,,,,,,,-0.338279238,-0.975537669,0,0,0,0,0,0,1,1,2,0.5,-0.656908454,-0.019030,0.779001,-0.818842097
010174,,,,,,,,,0,0,0,0,0,0,0,0,0,,,-0.019030,0.779001,
010175,,,,,,,,,0,0,0,0,0,0,0,0,0,,,-0.019030,0.779001,
01019F,,,,,,,,0.2647820199,0,0,0,0,0,0,0,1,1,1,0.2647820199,-0.019030,0.779001,0.364328411
01021F,,,,,,,,,0,0,0,0,0,0,0,0,0,,,-0.019030,0.779001,
011300,,,,,,,,,0,0,0,0,0,0,0,0,0,,,-0.019030,0.779001,
011302,,,,,,,,,0,0,0,0,0,0,0,0,0,,,-0.019030,0.779001,
011304,,,,,,,,,0,0,0,0,0,0,0,0,0,,,-0.019030,0.779001,
011305,,,1.0287769037,,,,-0.365912012,,0,0,1,0,0,0,1,0,2,0.5,0.3314324458,-0.019030,0.779001,0.4498873058
011306,,,,,,,,,0,0,0,0,0,0,0,0,0,,,-0.019030,0.779001,
020001,-0.834482173,0.0156013117,-0.94768912,-0.038445666,1.1084136071,0.7303698036,0.0739096381,-0.112706581,1,1,1,1,1,1,1,1,8,0.125,-0.000628647,-0.019030,0.779001,0.0236217603
020006,-3.594262451,0.9776423739,1.0287769037,1.149255,,,1.0249376044,0.2108550769,1,1,1,1,0,0,1,1,6,0.1666666667,0.1328674179,-0.019030,0.779001,0.1949901449
020008,0.3920868393,,,,,,0.373264688,0.2108550769,1,0,0,0,0,0,1,1,3,0.3333333333,0.3254022014,-0.019030,0.779001,0.4421463043
020012,1.0053713456,,1.0287769037,-2.161059357,,,0.0071304347,-1.568734042,1,0,1,1,0,0,1,1,5,0.2,-0.337702943,-0.019030,0.779001,-0.409079214
020017,1.0053713456,0.6583208349,0.0756848752,-0.787446086,,1.1916109066,0.1038451431,0.2108550769,1,1,1,1,0,1,1,1,7,0.1428571429,0.3511774423,-0.019030,0.779001,0.4752338817
020018,,,,,,,1.0249376044,,0,0,0,0,0,0,1,0,1,1,1.0249376044,-0.019030,0.779001,1.3401372048
020024,-0.52783992,,,-2.427222006,,,-1.489644815,-1.137318498,1,0,0,1,0,0,1,1,4,0.25,-1.39550631,-0.019030,0.779001,-1.766977318
020026,0.0854445862,-0.057774702,0.3139578823,0.1488044389,,0.4957314725,0.2120735073,-3.617957877,1,1,1,1,0,1,1,1,7,0.1428571429,-0.345674384,-0.019030,0.779001,-0.419312122
021301,,,,,,,,,0,0,0,0,0,0,0,0,0,,,-0.019030,0.779001,
021302,,,,,,,,,0,0,0,0,0,0,0,0,0,,,-0.019030,0.779001,
021304,,,,,,,,,0,0,0,0,0,0,0,0,0,,,-0.019030,0.779001,
021305,,,,,,,,,0,0,0,0,0,0,0,0,0,,,-0.019030,0.779001,
021306,,,,,,,,,0,0,0,0,0,0,0,0,0,,,-0.019030,0.779001,
021307,,,,,,,,,0,0,0,0,0,0,0,0,0,,,-0.019030,0.779001,
021308,,,,,,,,,0,0,0,0,0,0,0,0,0,,,-0.019030,0.779001,
021309,,,,,,,,,0,0,0,0,0,0,0,0,0,,,-0.019030,0.779001,
021310,,,,,,,,,0,0,0,0,0,0,0,0,0,,,-0.019030,0.779001,
021311,0.852050219,,,,,,1.0249376044,,1,0,0,0,0,0,1,0,2,0.5,0.9384939117,-0.019030,0.779001,1.2291697697
021312,,,,,,,,,0,0,0,0,0,0,0,0,0,,,-0.019030,0.779001,
021313,,,,,,,,,0,0,0,0,0,0,0,0,0,,,-0.019030,0.779001,
021314,,,,,,,,,0,0,0,0,0,0,0,0,0,,,-0.019030,0.779001,
030002,,-0.102615599,0.3979534028,-0.820883605,-1.509759932,-0.108542586,0.0347632085,-2.485492073,0,1,1,1,1,1,1,1,7,0.1428571429,-0.656368169,-0.019030,0.779001,-0.818148536
030006,0.0854445862,-1.05650377,0.236819139,0.0391293774,-0.66325165,0.288414043,-0.400452979,-0.705902954,1,1,1,1,1,1,1,1,8,0.125,-0.272038026,-0.019030,0.779001,-0.324785413
030007,,,,-4.828035853,,,0.17753254,0.4804897919,0,0,0,1,0,0,1,1,3,0.3333333333,-1.390004507,-0.019030,0.779001,-1.759914675
030010,,0.9776423739,0.5368031408,1.149255,,-0.061936342,-0.451113065,0.750124507,0,1,1,1,0,1,1,1,6,0.1666666667,0.4834626025,-0.019030,0.779001,0.645047832
030011,-0.06787654,0.9776423739,0.8590716684,0.3213420357,,0.7464409222,0.7209770922,0.4265628489,1,1,1,1,0,1,1,1,7,0.1428571429,0.5691657716,-0.019030,0.779001,0.7550646597
030012,0.3920868393,0.9776423739,0.2762456078,1.149255,,1.1916109066,-0.365912012,-3.725811763,1,1,1,1,0,1,1,1,7,0.1428571429,-0.014983292,-0.019030,0.779001,0.0051947579
030013,-0.374518794,-0.063209962,-0.609992843,0.6182672022,-0.695332037,0.2803784837,-0.137941628,0.1030011909,1,1,1,1,1,1,1,1,8,0.125,-0.109918548,-0.019030,0.779001,-0.116673264
030014,0.3920868393,-0.472213295,-0.028880977,0.0953044089,-1.121690732,-0.539248563,0.0670014447,0.1030011909,1,1,1,1,1,1,1,1,8,0.125,-0.18807996,-0.019030,0.779001,-0.217008768
030016,,0.1419711122,1.0287769037,0.1608419456,,-2.233144461,-0.639937019,0.1569281339,0,1,1,1,0,1,1,1,6,0.1666666667,-0.230760564,-0.019030,0.779001,-0.271797694
030022,,0.4911865825,0.5419457237,-0.049145672,,0.8444747455,0.2696417862,0.5883436779,0,1,1,1,0,1,1,1,6,0.1666666667,0.4477411406,-0.019030,0.779001,0.599192329
030023,-0.06787654,0.9776423739,1.0287769037,-0.303270815,,0.7673333763,0.1729270777,0.6422706209,1,1,1,1,0,1,1,1,7,0.1428571429,0.4596861425,-0.019030,0.779001,0.6145260819
030024,,0.045495243,0.769933565,-0.136083221,,0.3398416224,0.3433291831,-2.323711244,0,1,1,1,0,1,1,1,6,0.1666666667,-0.160199142,-0.019030,0.779001,-0.181218268
030030,,0.9776423739,1.0287769037,,,1.1916109066,-0.734348997,0.3726359059,0,1,1,0,0,1,1,1,5,0.2,0.5672634187,-0.019030,0.779001,0.7526226167
030036,,0.6012506024,0.3722404884,0.7934798005,1.1084136071,-0.889598948,-0.225445412,-0.058779638,0,1,1,1,1,1,1,1,7,0.1428571429,0.2430800714,-0.019030,0.779001,0.3364697034
030037,,,,,,,-0.828760974,0.3187089629,0,0,0,0,0,0,1,1,2,0.5,-0.255026005,-0.019030,0.779001,-0.302947148
030038,0.2387657127,0.6325033487,0.5916573583,-0.903808652,,-0.098899915,0.387081075,0.5883436779,1,1,1,1,0,1,1,1,7,0.1428571429,0.2050918009,-0.019030,0.779001,0.287704307
030043,-0.221197667,0.9776423739,1.0287769037,,,,0.672619738,-0.058779638,1,1,1,0,0,0,1,1,5,0.2,0.4798123421,-0.019030,0.779001,0.6403620067
030055,-1.141124426,0.5632037807,0.6619393244,1.149255,,-0.245147094,0.4791903211,0.0490742479,1,1,1,1,0,1,1,1,7,0.1428571429,0.2166273077,-0.019030,0.779001,0.3025123926
030061,1.0053713456,0.0332659074,0.7202219305,0.4390421017,,-2.326356948,-0.669872524,-0.81375684,1,1,1,1,0,1,1,1,7,0.1428571429,-0.230297861,-0.019030,0.779001,-0.271203724
030062,,0.9776423739,-0.011739034,1.149255,,,-0.345187432,-1.730514871,0,1,1,1,0,0,1,1,5,0.2,0.0078912074,-0.019030,0.779001,0.0345586651
030064,,-0.026521955,0.1408242584,-0.141433224,0.5526985119,-0.309431568,-0.460323989,0.4265628489,0,1,1,1,1,1,1,1,7,0.1428571429,0.0260535547,-0.019030,0.779001,0.0578736004
030065,,-0.485801445,-0.09402036,0.4537546099,-1.047181445,0.1887731078,0.3156964092,-0.651976011,0,1,1,1,1,1,1,1,7,0.1428571429,-0.188679305,-0.019030,0.779001,-0.217778144
030069,0.2387657127,0.9776423739,1.0287769037,,,,0.1821380023,0.1030011909,1,1,1,0,0,0,1,1,5,0.2,0.5060648367,-0.019030,0.779001,0.6740622329
030071,,,,,,,-0.976135768,0.1569281339,0,0,0,0,0,0,1,1,2,0.5,-0.409603817,-0.019030,0.779001,-0.501378088
030073,,,,,,,1.0249376044,-0.436268239,0,0,0,0,0,0,1,1,2,0.5,0.2943346826,-0.019030,0.779001,0.4022650502
030078,,,,,,,1.0249376044,-0.81375684,0,0,0,0,0,0,1,1,2,0.5,0.1055903821,-0.019030,0.779001,0.1599747191
030083,,-0.181426872,1.0287769037,1.149255,,,0.2949718288,0.0490742479,0,1,1,1,0,0,1,1,5,0.2,0.4681302217,-0.019030,0.779001,0.6253657138
030084,,,,,,,1.0249376044,-0.759829897,0,0,0,0,0,0,1,1,2,0.5,0.1325538536,-0.019030,0.779001,0.1945876235
030085,0.2387657127,0.9776423739,1.0287769037,0.1889294614,0.4626664574,1.1916109066,-0.075767887,0.857978393,1,1,1,1,1,1,1,1,8,0.125,0.6088252902,-0.019030,0.779001,0.805975431
030087,1.0053713456,0.2764938031,0.2231055846,-0.586820974,-0.401434296,0.2000228908,0.0439741331,-0.166633524,1,1,1,1,1,1,1,1,8,0.125,0.0742598705,-0.019030,0.779001,0.1197558621
030088,,0.9776423739,0.3825256541,-0.328683329,,-0.468535642,-0.957713918,1.181540051,0,1,1,1,0,1,1,1,6,0.1666666667,0.1311291983,-0.019030,0.779001,0.1927587991
030089,,0.1881708242,0.295101745,0.1300794284,0.491642291,0.2273437924,-0.211629025,-0.921610726,0,1,1,1,1,1,1,1,7,0.1428571429,0.0284426186,-0.019030,0.779001,0.0609404325
030092,0.5454079659,-0.682829629,0.6345122157,0.3521045529,,-0.31103868,0.1890461958,-1.029464612,1,1,1,1,0,1,1,1,7,0.1428571429,-0.043180284,-0.019030,0.779001,-0.031001612
030093,0.2387657127,0.4680867265,0.5950857469,-0.997433704,,-0.291753337,-0.257683648,0.911905336,1,1,1,1,0,1,1,1,7,0.1428571429,0.0952818333,-0.019030,0.779001,0.1467416747
030094,0.2387657127,0.7833318204,1.0287769037,1.149255,,0.6050150788,0.2535226681,-0.651976011,1,1,1,1,0,1,1,1,7,0.1428571429,0.4866701675,-0.019030,0.779001,0.6491653708
030101,,0.9776423739,1.0287769037,,,,-0.071162425,0.6961975639,0,1,1,0,0,0,1,1,4,0.25,0.6578636043,-0.019030,0.779001,0.8689257257
030103,-0.52783992,-0.133868345,0.4922340891,0.3293670402,1.1084136071,0.3350202868,-0.190904444,1.019759222,1,1,1,1,1,1,1,1,8,0.125,0.304022692,-0.019030,0.779001,0.4147015104
030105,,-0.351278754,0.0773990695,,,,-0.616909708,-0.81375684,0,1,1,0,0,0,1,1,4,0.25,-0.426136558,-0.019030,0.779001,-0.522601105
030107,1.1586924721,,,,,,,0.857978393,1,0,0,0,0,0,0,1,2,0.5,1.0083354326,-0.019030,0.779001,1.3188250608
030108,-0.06787654,,,,,,,0.5883436779,1,0,0,0,0,0,0,1,2,0.5,0.2602335688,-0.019030,0.779001,0.3584895818
030110,,0.7534378891,-0.011739034,0.4858546279,,-0.243539982,-0.586974203,0.1030011909,0,1,1,1,0,1,1,1,6,0.1666666667,0.0833400816,-0.019030,0.779001,0.1314120941
030111,,0.411016494,0.1545378128,0.3026170252,,-3.157233778,-0.207023563,0.5344167349,0,1,1,1,0,1,1,1,6,0.1666666667,-0.326944879,-0.019030,0.779001,-0.395269128
030112,-3.594262451,,,,,,,0.2647820199,1,0,0,0,0,0,0,1,2,0.5,-1.664740216,-0.019030,0.779001,-2.112591846
030113,,,,,,,,,0,0,0,0,0,0,0,0,0,,,-0.019030,0.779001,
030114,-0.681161047,0.9776423739,-1.619653284,1.149255,,,-1.358389139,0.857978393,1,1,1,1,0,0,1,1,6,0.1666666667,-0.11238795,-0.019030,0.779001,-0.119843226
030115,,-0.523848267,0.3430991853,-0.121370713,0.5154438686,-0.243539982,-0.12182251,-0.921610726,0,1,1,1,1,1,1,1,7,0.1428571429,-0.153378449,-0.019030,0.779001,-0.172462571
030117,,,,,,,1.0249376044,0.2647820199,0,0,0,0,0,0,1,1,2,0.5,0.6448598121,-0.019030,0.779001,0.8522328079
030119,0.852050219,-0.998074723,-0.537996683,0.4430546039,1.1084136071,0.6676924412,0.3985947307,-0.382341296,1,1,1,1,1,1,1,1,8,0.125,0.1939241125,-0.019030,0.779001,0.2733683884
030121,-0.834482173,0.2887231387,0.5916573583,1.149255,0.3653904444,0.1469881995,0.8660491548,0.6422706209,1,1,1,1,1,1,1,1,8,0.125,0.4019814679,-0.019030,0.779001,0.5404508136
030122,,-0.618965321,-1.56651326,0.2838920147,0.7876097346,0.8123325083,0.4078056553,-0.27448741,0,1,1,1,1,1,1,1,7,0.1428571429,-0.024046583,-0.019030,0.779001,-0.006439753
030123,-0.06787654,0.0047307912,-0.042594531,-2.658609636,,0.1550237588,-0.697505298,1.451174766,1,1,1,1,0,1,1,1,7,0.1428571429,-0.265093813,-0.019030,0.779001,-0.315871153
03012F,-0.06787654,0.4368339802,0.0911126238,,,,,0.6961975639,1,1,1,0,0,0,0,1,4,0.25,0.2890669069,-0.019030,0.779001,0.3955028268
030130,,,-1.259672481,0.2972670222,,,0.7969672202,0.0490742479,0,0,1,1,0,0,1,1,4,0.25,-0.029090998,-0.019030,0.779001,-0.012915249
030131,2.6919037378,,,,,,,1.289393937,1,0,0,0,0,0,0,1,2,0.5,1.9906488374,-0.019030,0.779001,2.5798169923
030134,,,,,,,,,0,0,0,0,0,0,0,0,0,,,-0.019030,0.779001,
030136,,,,,,,,,0,0,0,0,0,0,0,0,0,,,-0.019030,0.779001,
030138,,,,-0.101308201,,,1.0249376044,0.3187089629,0,0,0,1,0,0,1,1,3,0.3333333333,0.4141127886,-0.019030,0.779001,0.5560237432
030139,,,,,,,-4.100941943,0.1030011909,0,0,0,0,0,0,1,1,2,0.5,-1.998970376,-0.019030,0.779001,-2.541641814
03013F,-0.221197667,-0.142021235,0.17339395,,,,,-1.460880156,1,1,1,0,0,0,0,1,4,0.25,-0.412676277,-0.019030,0.779001,-0.505322194
030146,,0.9776423739,1.0287769037,0.0739043969,,,1.0249376044,0.5883436779,0,1,1,1,0,0,1,1,5,0.2,0.7387209914,-0.019030,0.779001,0.9727220419
030147,,,,,,,-0.259986379,0.2108550769,0,0,0,0,0,0,1,1,2,0.5,-0.024565651,-0.019030,0.779001,-0.007106079
030148,,,1.0287769037,,,,0.6173541903,0.2647820199,0,0,1,0,0,0,1,1,3,0.3333333333,0.636971038,-0.019030,0.779001,0.8421060189
030152,,,,,,,,,0,0,0,0,0,0,0,0,0,,,-0.019030,0.779001,
030153,,,,,,,,,0,0,0,0,0,0,0,0,0,,,-0.019030,0.779001,
030154,,,,,,,,,0,0,0,0,0,0,0,0,0,,,-0.019030,0.779001,
03033F,,,,,,,,,0,0,0,0,0,0,0,0,0,,,-0.019030,0.779001,
031300,,,,,,,,,0,0,0,0,0,0,0,0,0,,,-0.019030,0.779001,
031301,,,,,,,,,0,0,0,0,0,0,0,0,0,,,-0.019030,0.779001,
031302,,,,,,,,,0,0,0,0,0,0,0,0,0,,,-0.019030,0.779001,
031304,,,,,,,,,0,0,0,0,0,0,0,0,0,,,-0.019030,0.779001,
031305,,,,,,,,,0,0,0,0,0,0,0,0,0,,,-0.019030,0.779001,
031308,,,,,,,,,0,0,0,0,0,0,0,0,0,,,-0.019030,0.779001,
031309,,,,,,,,,0,0,0,0,0,0,0,0,0,,,-0.019030,0.779001,
031311,,,,,,,,,0,0,0,0,0,0,0,0,0,,,-0.019030,0.779001,
031312,,,,,,,,,0,0,0,0,0,0,0,0,0,,,-0.019030,0.779001,
031313,,,,,,,,,0,0,0,0,0,0,0,0,0,,,-0.019030,0.779001,
031314,,,,,,,,,0,0,0,0,0,0,0,0,0,,,-0.019030,0.779001,
031315,,,,,,,,,0,0,0,0,0,0,0,0,0,,,-0.019030,0.779001,
031317,,,,,,,,,0,0,0,0,0,0,0,0,0,,,-0.019030,0.779001,
031318,,,,,,,1.0249376044,,0,0,0,0,0,0,1,0,1,1,1.0249376044,-0.019030,0.779001,1.3401372048
031319,,,,,,,,,0,0,0,0,0,0,0,0,0,,,-0.019030,0.779001,
031320,,,,,,,,,0,0,0,0,0,0,0,0,0,,,-0.019030,0.779001,
040001,,,,-0.11602071,,,1.0249376044,0.5344167349,0,0,0,1,0,0,1,1,3,0.3333333333,0.4811112099,-0.019030,0.779001,0.6420293583
040002,,,,,,,1.0249376044,0.1569281339,0,0,0,0,0,0,1,1,2,0.5,0.5909328691,-0.019030,0.779001,0.783006999
040004,0.852050219,-0.142021235,0.6447973814,-0.340720836,0.784505181,-0.339966693,0.3041827535,1.397247823,1,1,1,1,1,1,1,1,8,0.125,0.3950093242,-0.019030,0.779001,0.5315006996
040007,,0.0604422086,0.6636535187,0.4617796144,,-0.012115874,0.101542412,-1.245172384,0,1,1,1,0,1,1,1,6,0.1666666667,0.0050215825,-0.019030,0.779001,0.0308749388
040010,,0.478957247,-0.169444909,-1.932346728,1.1084136071,0.7657262645,0.2235871631,1.451174766,0,1,1,1,1,1,1,1,7,0.1428571429,0.2751524872,-0.019030,0.779001,0.3776409398
040011,,,,,,,,,0,0,0,0,0,0,0,0,0,,,-0.019030,0.779001,
040014,1.3120135987,0.9776423739,-0.260297207,0.0083668601,1.1084136071,0.2353793517,-0.078070618,0.911905336,1,1,1,1,1,1,1,1,8,0.125,0.5269191628,-0.019030,0.779001,0.7008328509
040015,,,,,,,1.0249376044,0.1030011909,0,0,0,0,0,0,1,1,2,0.5,0.5639693976,-0.019030,0.779001,0.7483940946
040016,0.3920868393,-0.875781367,-0.116304886,0.1541544419,-0.857803676,-0.815671803,0.2604308615,0.3187089629,1,1,1,1,1,1,1,1,8,0.125,-0.192522578,-0.019030,0.779001,-0.222711739
040017,-0.681161047,,,,,,1.0249376044,0.6422706209,1,0,0,0,0,0,1,1,3,0.3333333333,0.3286823929,-0.019030,0.779001,0.4463570735
040018,,,,,,,,,0,0,0,0,0,0,0,0,0,,,-0.019030,0.779001,
040019,,,,,,,,0.1569281339,0,0,0,0,0,0,0,1,1,1,0.1569281339,-0.019030,0.779001,0.2258767932
040020,,0.5414627397,0.1459668413,0.5299921527,,0.1341313047,-0.492562226,-3.294396219,0,1,1,1,0,1,1,1,6,0.1666666667,-0.405900901,-0.019030,0.779001,-0.496624669
040022,,0.2180647556,0.295101745,-0.882408639,-0.694297186,-0.2596111,0.2811554419,0.5883436779,0,1,1,1,1,1,1,1,7,0.1428571429,-0.064807329,-0.019030,0.779001,-0.058764166
040026,0.5454079659,0.6950088415,0.8693568342,0.1193794224,,0.6757280005,0.6495924264,1.6668825381,1,1,1,1,0,1,1,1,7,0.1428571429,0.7459080041,-0.019030,0.779001,0.9819479824
040027,-2.521014566,0.1107183658,0.2522468876,0.0511668841,,1.1916109066,0.3824756127,0.2647820199,1,1,1,1,0,1,1,1,7,0.1428571429,-0.038287698,-0.019030,0.779001,-0.024721018
040029,1.0053713456,-0.273826296,0.6276554385,0.2317294854,1.1084136071,0.4668034591,0.4446493538,-1.406953213,1,1,1,1,1,1,1,1,8,0.125,0.2754803975,-0.019030,0.779001,0.3780618771
040036,0.3920868393,0.4952630277,0.8693568342,-1.678221586,,-0.288539114,0.2949718288,-1.245172384,1,1,1,1,0,1,1,1,7,0.1428571429,-0.165750651,-0.019030,0.779001,-0.188344719
040039,,,0.1973926702,,,,-2.323233492,0.2108550769,0,0,1,0,0,0,1,1,3,0.3333333333,-0.638328582,-0.019030,0.779001,-0.794991187
040041,0.852050219,0.9776423739,-1.588797786,-4.121835456,,,0.6449869641,0.6422706209,1,1,1,1,0,0,1,1,6,0.1666666667,-0.432280511,-0.019030,0.779001,-0.530488073
040050,,,,,,,-2.033089367,0.3187089629,0,0,0,0,0,0,1,1,2,0.5,-0.857190202,-0.019030,0.779001,-1.075943006
040051,,,,,,,-3.592038358,0.2647820199,0,0,0,0,0,0,1,1,2,0.5,-1.663628169,-0.019030,0.779001,-2.111164315
040055,,0.4843925072,-0.136875218,-0.4557459,,-0.474964089,0.2696417862,-3.294396219,0,1,1,1,0,1,1,1,6,0.1666666667,-0.601324522,-0.019030,0.779001,-0.747489218
040062,0.6987290924,-0.330896529,0.6036567183,0.6262922067,,0.0505614881,0.7370962102,1.127613108,1,1,1,1,0,1,1,1,7,0.1428571429,0.5018646136,-0.019030,0.779001,0.6686704227
040067,,,,,,,,0.2647820199,0,0,0,0,0,0,0,1,1,1,0.2647820199,-0.019030,0.779001,0.364328411
040069,,,,,,,,-0.867683783,0,0,0,0,0,0,0,1,1,1,-0.867683783,-0.019030,0.779001,-1.089413575
040071,0.0854445862,-0.60265954,0.1116829554,-1.192708814,,-1.598335277,-0.259986379,0.5344167349,1,1,1,1,0,1,1,1,7,0.1428571429,-0.417449391,-0.019030,0.779001,-0.511449421
040072,,,,,,,,0.1030011909,0,0,0,0,0,0,0,1,1,1,0.1030011909,-0.019030,0.779001,0.1566509843
040076,,,,,,,,0.1030011909,0,0,0,0,0,0,0,1,1,1,0.1030011909,-0.019030,0.779001,0.1566509843
040078,-0.681161047,-1.128520969,-0.212299767,-0.374158354,,0.0939535083,1.0249376044,-0.921610726,1,1,1,1,0,1,1,1,7,0.1428571429,-0.314122821,-0.019030,0.779001,-0.378809502
040084,-0.06787654,0.9776423739,1.0287769037,,,,0.1383861104,1.019759222,1,1,1,0,0,0,1,1,5,0.2,0.6193376139,-0.019030,0.779001,0.8194700604
040088,-0.681161047,,1.0287769037,,,,-3.974291729,0.80405145,1,0,1,0,0,0,1,1,4,0.25,-0.705656106,-0.019030,0.779001,-0.88141927
04009F,,,,,,,,0.4265628489,0,0,0,0,0,0,0,1,1,1,0.4265628489,-0.019030,0.779001,0.5720058376
04010F,,0.2819290634,-0.957974285,,,,,0.2647820199,0,1,1,0,0,0,0,1,3,0.3333333333,-0.137087734,-0.019030,0.779001,-0.151550243
040114,-0.834482173,0.0604422086,0.3550985454,-0.59885848,-0.380737272,0.2900211548,0.6449869641,0.0490742479,1,1,1,1,1,1,1,1,8,0.125,-0.051806851,-0.019030,0.779001,-0.042075502
040118,-3.287620198,-0.605377171,0.5316605579,0.764054784,,-3.350087201,-0.211629025,-1.191245441,1,1,1,1,0,1,1,1,7,0.1428571429,-1.050034813,-0.019030,0.779001,-1.32349689
040119,1.1586924721,-1.229073283,-0.05802228,-0.351420842,,1.1916109066,0.5851159541,-4.21115425,1,1,1,1,0,1,1,1,7,0.1428571429,-0.416321617,-0.019030,0.779001,-0.510001703
040132,,,,,,,,,0,0,0,0,0,0,0,0,0,,,-0.019030,0.779001,
040134,,0.0169601267,-1.155106629,,,,-0.384333861,0.857978393,0,1,1,0,0,0,1,1,4,0.25,-0.166125493,-0.019030,0.779001,-0.188825902
040137,,0.9776423739,0.8419297255,,,,0.3156964092,0.2108550769,0,1,1,0,0,0,1,1,4,0.25,0.5865308964,-0.019030,0.779001,0.7773562035
040147,1.3120135987,,,,,,,1.289393937,1,0,0,0,0,0,0,1,2,0.5,1.3007037679,-0.019030,0.779001,1.6941371659
040153,,,,,,,,,0,0,0,0,0,0,0,0,0,,,-0.019030,0.779001,
040154,,-0.966821976,1.0287769037,,,,0.688738856,-0.759829897,0,1,1,0,0,0,1,1,4,0.25,-0.002284028,-0.019030,0.779001,0.0214967541
040156,,,,,,,,,0,0,0,0,0,0,0,0,0,,,-0.019030,0.779001,
040161,,,,,,,-1.464314772,0.857978393,0,0,0,0,0,0,1,1,2,0.5,-0.30316819,-0.019030,0.779001,-0.364747084
040164,,,,,,,,,0,0,0,0,0,0,0,0,0,,,-0.019030,0.779001,
041300,,,,,,,,,0,0,0,0,0,0,0,0,0,,,-0.019030,0.779001,
041302,,,,,,,,,0,0,0,0,0,0,0,0,0,,,-0.019030,0.779001,
041303,,,,,,,,,0,0,0,0,0,0,0,0,0,,,-0.019030,0.779001,
041305,,,,,,,,,0,0,0,0,0,0,0,0,0,,,-0.019030,0.779001,
041306,,,,,,,,,0,0,0,0,0,0,0,0,0,,,-0.019030,0.779001,
041307,,,,,,,,,0,0,0,0,0,0,0,0,0,,,-0.019030,0.779001,
041308,,,,,,,,,0,0,0,0,0,0,0,0,0,,,-0.019030,0.779001,
041309,,,,,,,,,0,0,0,0,0,0,0,0,0,,,-0.019030,0.779001,
041310,0.6987290924,,,,,,,,1,0,0,0,0,0,0,0,1,1,0.6987290924,-0.019030,0.779001,0.9213845953
041311,,,,,,,,,0,0,0,0,0,0,0,0,0,,,-0.019030,0.779001,
041312,,,,,,,,,0,0,0,0,0,0,0,0,0,,,-0.019030,0.779001,
041313,,,,,,,,,0,0,0,0,0,0,0,0,0,,,-0.019030,0.779001,
041317,,,,,,,,,0,0,0,0,0,0,0,0,0,,,-0.019030,0.779001,
041318,,,,,,,-1.024493122,,0,0,0,0,0,0,1,0,1,1,-1.024493122,-0.019030,0.779001,-1.290709119
041320,,,,,,,,,0,0,0,0,0,0,0,0,0,,,-0.019030,0.779001,
041321,,,,,,,,,0,0,0,0,0,0,0,0,0,,,-0.019030,0.779001,
041322,,,,,,,,,0,0,0,0,0,0,0,0,0,,,-0.019030,0.779001,
041323,,,,,,,1.0249376044,,0,0,0,0,0,0,1,0,1,1,1.0249376044,-0.019030,0.779001,1.3401372048
041324,,,,,,,,,0,0,0,0,0,0,0,0,0,,,-0.019030,0.779001,
041326,,,,,,,,,0,0,0,0,0,0,0,0,0,,,-0.019030,0.779001,
041327,,,,,,,,,0,0,0,0,0,0,0,0,0,,,-0.019030,0.779001,
041328,,,,,,,,,0,0,0,0,0,0,0,0,0,,,-0.019030,0.779001,
041329,,,,,,,,,0,0,0,0,0,0,0,0,0,,,-0.019030,0.779001,
041330,,,,,,,,,0,0,0,0,0,0,0,0,0,,,-0.019030,0.779001,
041331,,,,,,,,,0,0,0,0,0,0,0,0,0,,,-0.019030,0.779001,
041332,,,,,,,,,0,0,0,0,0,0,0,0,0,,,-0.019030,0.779001,
050002,1.1586924721,-0.067286407,-1.662508141,,,,-0.752770846,0.4804897919,1,1,1,0,0,0,1,1,5,0.2,-0.168676626,-0.019030,0.779001,-0.192100782
050006,0.5454079659,0.5536920753,0.0722564866,-0.787446086,,1.1916109066,0.4953094392,1.397247823,1,1,1,1,0,1,1,1,7,0.1428571429,0.4954398015,-0.019030,0.779001,0.6604229161
050007,0.852050219,0.9776423739,1.0287769037,0.4671296174,,0.6580497701,0.3525401077,1.9904441961,1,1,1,1,0,1,1,1,7,0.1428571429,0.9038047411,-0.019030,0.779001,1.1846394151
050008,0.6987290924,0.3145406248,0.5213753921,,,,-0.538616849,0.4804897919,1,1,1,0,0,0,1,1,5,0.2,0.2953036105,-0.019030,0.779001,0.4035088592
050009,,-1.283425885,1.0287769037,0.1019919126,,-0.166398613,0.2489172058,1.5051017091,0,1,1,1,0,1,1,1,6,0.1666666667,0.2391605389,-0.019030,0.779001,0.3314382146
050013,0.0854445862,0.2207823857,1.0287769037,,,,-0.356701087,-1.083391555,1,1,1,0,0,0,1,1,5,0.2,-0.021017753,-0.019030,0.779001,-0.002551656
050014,-1.141124426,,,,,,0.5045203638,-0.651976011,1,0,0,0,0,0,1,1,3,0.3333333333,-0.429526691,-0.019030,0.779001,-0.526953005
050017,0.5454079659,0.5564097054,0.7185077362,0.0056918586,0.1811869306,1.1916109066,0.7301880168,-0.382341296,1,1,1,1,1,1,1,1,8,0.125,0.443332728,-0.019030,0.779001,0.5935332667
050022,0.852050219,-0.359431645,-0.433430831,-0.150795729,-0.855733973,-0.807636243,0.3801728815,1.019759222,1,1,1,1,1,1,1,1,8,0.125,-0.044380762,-0.019030,0.779001,-0.032542661
050024,,,-0.832838102,,,1.1916109066,1.0249376044,0.750124507,0,0,1,0,0,1,1,1,4,0.25,0.533458729,-0.019030,0.779001,0.7092276669
050025,0.6987290924,0.0957714002,-0.397432751,1.0502799445,0.4036799389,-0.346395141,-0.685991642,0.3187089629,1,1,1,1,1,1,1,1,8,0.125,0.1421687257,-0.019030,0.779001,0.2069301978
050026,1.1586924721,0.2438822417,0.3722404884,0.3761795664,,-0.055507894,-0.393544786,0.5883436779,1,1,1,1,0,1,1,1,7,0.1428571429,0.3271836809,-0.019030,0.779001,0.4444331827
050028,,,,,,,-1.144235142,0.1569281339,0,0,0,0,0,0,1,1,2,0.5,-0.493653504,-0.019030,0.779001,-0.609272348
050030,-0.834482173,-0.01157499,-0.424859859,1.149255,,0.3816265307,-0.170179864,1.397247823,1,1,1,1,0,1,1,1,7,0.1428571429,0.2124332097,-0.019030,0.779001,0.297128445
050036,0.0854445862,0.0183189418,-0.399146945,-0.859671127,1.1084136071,-0.330324022,0.4515575473,1.019759222,1,1,1,1,1,1,1,1,8,0.125,0.1367939763,-0.019030,0.779001,0.2000306528
050038,-0.06787654,-0.680111999,-0.80026841,-1.184683809,1.1084136071,-0.513534774,0.0255522839,0.2647820199,1,1,1,1,1,1,1,1,8,0.125,-0.230965953,-0.019030,0.779001,-0.272061351
050039,0.6987290924,0.0713127291,0.1991068645,0.8911173552,,0.8412605218,-1.625505953,0.750124507,1,1,1,1,0,1,1,1,7,0.1428571429,0.2608778739,-0.019030,0.779001,0.3593166738
050040,,-0.92469871,-2.569316924,1.149255,1.1084136071,-1.41030319,-0.094189736,-0.220560467,0,1,1,1,1,1,1,1,7,0.1428571429,-0.423057203,-0.019030,0.779001,-0.518648148
050042,,,,,0.1584202042,,1.0249376044,0.4804897919,0,0,0,0,1,0,1,1,3,0.3333333333,0.5546158668,-0.019030,0.779001,0.7363870031
050043,-0.374518794,0.7914847107,1.0287769037,0.8095298095,,1.1916109066,0.5851159541,-0.27448741,1,1,1,1,0,1,1,1,7,0.1428571429,0.5367874401,-0.019030,0.779001,0.7135007205
050045,,-0.328178898,-5.000044435,0.1474669381,,,-2.035392098,0.2108550769,0,1,1,1,0,0,1,1,5,0.2,-1.401058683,-0.019030,0.779001,-1.774104879
050047,,-0.018369065,0.787075508,-2.297484433,,-0.24193287,0.5459695245,-0.436268239,0,1,1,1,0,1,1,1,6,0.1666666667,-0.276834929,-0.019030,0.779001,-0.330943179
050054,,,0.2505326934,,,,0.2834581731,0.2647820199,0,0,1,0,0,0,1,1,3,0.3333333333,0.2662576288,-0.019030,0.779001,0.3662226444
050055,1.7719769784,0.9776423739,-0.22944171,-1.06163374,,-0.671031736,-0.084978811,0.4265628489,1,1,1,1,0,1,1,1,7,0.1428571429,0.1612994578,-0.019030,0.779001,0.2314882449
050056,-0.374518794,0.2696997278,-1.105394995,0.5380171572,0.1905005914,-0.462107194,-0.329068314,0.1030011909,1,1,1,1,1,1,1,1,8,0.125,-0.146233829,-0.019030,0.779001,-0.163291049
050057,0.852050219,-0.676035554,0.3036727165,-0.799483593,,-0.544069899,-0.253078186,-0.27448741,1,1,1,1,0,1,1,1,7,0.1428571429,-0.198775958,-0.019030,0.779001,-0.230739178
050058,-1.907730059,0.4395516103,0.4168095401,-0.731271055,,1.1916109066,0.868351886,-0.759829897,1,1,1,1,0,1,1,1,7,0.1428571429,-0.068929581,-0.019030,0.779001,-0.064055885
050060,,-0.352637569,-0.649419312,-0.256458288,0.2794977947,-0.526391669,-1.344572752,-0.004852695,0,1,1,1,1,1,1,1,7,0.1428571429,-0.407833499,-0.019030,0.779001,-0.499105538
050063,1.0053713456,0.9776423739,-0.051165503,1.149255,,0.6580497701,0.8614436925,1.019759222,1,1,1,1,0,1,1,1,7,0.1428571429,0.8029079859,-0.019030,0.779001,1.0551186393
050067,,,,,,,,0.1030011909,0,0,0,0,0,0,0,1,1,1,0.1030011909,-0.019030,0.779001,0.1566509843
050069,,0.8023552312,-0.160873938,0.0123793624,0.3208918428,-0.346395141,0.373264688,-0.27448741,0,1,1,1,1,1,1,1,7,0.1428571429,0.1038763766,-0.019030,0.779001,0.1577744569
050070,,0.0590833936,0.4236663173,-0.772733578,,1.1916109066,0.5183367507,0.3187089629,0,1,1,1,0,1,1,1,6,0.1666666667,0.2897787922,-0.019030,0.779001,0.3964166712
050071,,-0.165121091,-1.023113669,-0.582808471,,-0.495856543,-0.057346038,0.3726359059,0,1,1,1,0,1,1,1,6,0.1666666667,-0.325268318,-0.019030,0.779001,-0.393116933
050072,,0.3335640356,-0.657990284,-0.2765208,,0.7946542779,-0.467232183,-0.759829897,0,1,1,1,0,1,1,1,6,0.1666666667,-0.172225808,-0.019030,0.779001,-0.196656854
050073,,0.6569620198,-0.80026841,-0.467783407,,1.1916109066,0.3156964092,0.2108550769,0,1,1,1,0,1,1,1,6,0.1666666667,0.1845120992,-0.019030,0.779001,0.2612862232
050075,,-0.286055632,-0.354577893,-1.152583791,,0.1373455284,0.4699793965,0.3187089629,0,1,1,1,0,1,1,1,6,0.1666666667,-0.144530571,-0.019030,0.779001,-0.161104585
050076,,-0.58907139,-0.438573414,-1.404033932,,1.1916109066,0.0646987135,-0.27448741,0,1,1,1,0,1,1,1,6,0.1666666667,-0.241642754,-0.019030,0.779001,-0.28576712
050077,-0.221197667,-0.23985592,-0.04602292,-0.174870743,,0.3430558461,0.7854535645,-0.058779638,1,1,1,1,0,1,1,1,7,0.1428571429,0.0553975033,-0.019030,0.779001,0.0955423141
050078,,,-1.496231294,,,,0.373264688,0.5883436779,0,0,1,0,0,0,1,1,3,0.3333333333,-0.178207643,-0.019030,0.779001,-0.204335711
050082,0.2387657127,-0.542871678,0.589943164,0.6476922187,,-0.693531302,0.1568079597,1.127613108,1,1,1,1,0,1,1,1,7,0.1428571429,0.2177741691,-0.019030,0.779001,0.3039846141
050084,,-0.518413007,0.0088312976,0.5406921587,,-1.053524358,0.327210065,0.857978393,0,1,1,1,0,1,1,1,6,0.1666666667,0.0271290916,-0.019030,0.779001,0.059254263
050089,,-0.003422099,0.0191164634,,,1.1916109066,-0.386636592,0.2647820199,0,1,1,0,0,1,1,1,5,0.2,0.2170901396,-0.019030,0.779001,0.3031065281
050090,,,,,,,-2.194280548,0.4265628489,0,0,0,0,0,0,1,1,2,0.5,-0.883858849,-0.019030,0.779001,-1.110177445
050091,,,,,,,-1.874200917,0.4265628489,0,0,0,0,0,0,1,1,2,0.5,-0.723819034,-0.019030,0.779001,-0.904734952
050093,0.5454079659,-1.05106851,-0.188301046,0.4189795904,-0.49146635,0.0714539423,-0.289921884,-0.112706581,1,1,1,1,1,1,1,1,8,0.125,-0.137202859,-0.019030,0.779001,-0.151698029
050099,,-0.226267769,0.115111344,-0.711208543,-0.873326444,0.4957314725,-0.078070618,-1.083391555,0,1,1,1,1,1,1,1,7,0.1428571429,-0.337346016,-0.019030,0.779001,-0.408621028
050100,-0.834482173,-0.306437857,0.3602411283,-0.31263332,0.7917491394,0.3912692018,-0.646845213,-1.299099327,1,1,1,1,1,1,1,1,8,0.125,-0.232029803,-0.019030,0.779001,-0.273427011
050101,0.2387657127,0.0903361399,-0.186586852,-0.566758462,,,0.4860985146,0.6422706209,1,1,1,1,0,0,1,1,6,0.1666666667,0.1173542789,-0.019030,0.779001,0.1750759882
050102,,-0.170556352,0.3259572424,,,1.1916109066,0.7417016726,0.3726359059,0,1,1,0,0,1,1,1,5,0.2,0.4922698752,-0.019030,0.779001,0.656353694
050103,,0.8037140463,-0.55685282,0.6209422037,1.1084136071,0.3060922734,0.4814930522,0.1569281339,0,1,1,1,1,1,1,1,7,0.1428571429,0.4172472138,-0.019030,0.779001,0.5600473927
050104,,0.9776423739,0.16139459,1.149255,,0.5535874994,0.1844407335,1.019759222,0,1,1,1,0,1,1,1,6,0.1666666667,0.6743465698,-0.019030,0.779001,0.890084845
050107,0.852050219,0.250676317,0.601942524,-1.886871703,,0.5487661638,0.6657115445,1.34332088,1,1,1,1,0,1,1,1,7,0.1428571429,0.3393708494,-0.019030,0.779001,0.4600778038
050108,-0.06787654,0.1161536261,-0.551710237,-0.786108585,0.0321683576,0.7930471661,0.2512199369,1.073686165,1,1,1,1,1,1,1,1,8,0.125,0.1075724861,-0.019030,0.779001,0.1625191384
050110,-0.221197667,,-0.112876497,,,,0.2696417862,0.6422706209,1,0,1,0,0,0,1,1,4,0.25,0.1444595607,-0.019030,0.779001,0.2098709339
050112,-0.9878033,-0.595865465,-1.568227455,-3.225709954,,-0.111756809,-0.250775454,0.2647820199,1,1,1,1,0,1,1,1,7,0.1428571429,-0.925050917,-0.019030,0.779001,-1.163055544
050113,,,,,,,-1.736037048,0.2108550769,0,0,0,0,0,0,1,1,2,0.5,-0.762590986,-0.019030,0.779001,-0.954506356
050115,0.0854445862,-0.25344407,-0.090591972,0.8523298335,,0.5535874994,-0.02280507,0.80405145,1,1,1,1,0,1,1,1,7,0.1428571429,0.2755103224,-0.019030,0.779001,0.3781002916
050116,0.0854445862,0.4911865825,-0.037451948,1.149255,,-0.121399481,0.6150514591,0.2108550769,1,1,1,1,0,1,1,1,7,0.1428571429,0.3418487537,-0.019030,0.779001,0.4632586801
050118,,,-3.935529778,,,,0.3318155273,0.2647820199,0,0,1,0,0,0,1,1,3,0.3333333333,-1.11297741,-0.019030,0.779001,-1.404296059
050121,0.0854445862,-0.002063284,-0.109448109,0.1608419456,,0.6114435262,-0.011291415,0.6961975639,1,1,1,1,0,1,1,1,7,0.1428571429,0.2044464021,-0.019030,0.779001,0.2868758109
050122,-0.374518794,-0.212679618,1.0287769037,1.149255,,,-0.368214743,0.3187089629,1,1,1,1,0,0,1,1,6,0.1666666667,0.2568879519,-0.019030,0.779001,0.3541948263
050124,-1.141124426,-1.495401035,-0.683703198,,,-2.175288434,-0.785009082,0.2647820199,1,1,1,0,0,1,1,1,6,0.1666666667,-1.002624026,-0.019030,0.779001,-1.262635845
050125,0.6987290924,0.3919930832,0.4305230944,0.0364543759,,-0.711209532,0.8269027252,0.911905336,1,1,1,1,0,1,1,1,7,0.1428571429,0.3693283107,-0.019030,0.779001,0.4985340815
050126,0.3920868393,-0.753488012,0.6447973814,-0.878396137,,0.6082293025,0.7347934791,0.3187089629,1,1,1,1,0,1,1,1,7,0.1428571429,0.1523902594,-0.019030,0.779001,0.2200515413
050127,,0.9776423739,-0.07002164,1.149255,,,-0.897842908,0.4804897919,0,1,1,1,0,0,1,1,5,0.2,0.3279045235,-0.019030,0.779001,0.4453585255
050128,-1.141124426,0.3865578229,-0.825981325,,,-0.06032923,-2.026181174,-1.029464612,1,1,1,0,0,1,1,1,6,0.1666666667,-0.782753824,-0.019030,0.779001,-0.980389314
050129,,0.7602319644,0.5248037807,0.662404727,,0.0650254948,0.1429915727,-0.382341296,0,1,1,1,0,1,1,1,6,0.1666666667,0.2955193739,-0.019030,0.779001,0.4037858338
050131,1.925298105,,,,,,1.0249376044,0.857978393,1,0,0,0,0,0,1,1,3,0.3333333333,1.2694047008,-0.019030,0.779001,1.6539586741
050132,0.2387657127,-1.760369971,0.6259412442,,,0.3205562801,0.5689968361,-0.921610726,1,1,1,0,0,1,1,1,6,0.1666666667,-0.154620104,-0.019030,0.779001,-0.174056479
050133,-1.294445553,0.3593815218,0.7356496791,0.5554046669,,-1.337983156,0.5943268788,-0.328414353,1,1,1,1,0,1,1,1,7,0.1428571429,-0.102297188,-0.019030,0.779001,-0.106889753
050135,,0.9776423739,1.0287769037,,,1.1916109066,0.928222896,1.451174766,0,1,1,0,0,1,1,1,5,0.2,1.1154855692,-0.019030,0.779001,1.4563732782
050136,0.0854445862,,,,,,0.2719445173,0.750124507,1,0,0,0,0,0,1,1,3,0.3333333333,0.3691712035,-0.019030,0.779001,0.4983324036
050137,,0.3960695284,-1.321383476,1.149255,,1.1916109066,0.4999149015,-0.705902954,0,1,1,1,0,1,1,1,6,0.1666666667,0.2015939844,-0.019030,0.779001,0.2832141733
050138,,0.1664297833,-0.565423792,-0.653696011,,0.119667298,0.3249073338,-0.705902954,0,1,1,1,0,1,1,1,6,0.1666666667,-0.219003057,-0.019030,0.779001,-0.256704627
050139,,-0.106692044,-0.095734554,0.1996294674,0.0156107384,-0.564962353,-0.388939324,0.5344167349,0,1,1,1,1,1,1,1,7,0.1428571429,-0.058095905,-0.019030,0.779001,-0.050148737
050140,,0.20583542,-0.152302966,-0.338045834,0.4792240766,0.7866187186,-0.340581969,-0.27448741,0,1,1,1,1,1,1,1,7,0.1428571429,0.0523228622,-0.019030,0.779001,0.0915954091
050145,-2.367693439,-0.114844934,0.6122276898,1.149255,,0.4137687678,-1.31924271,-1.568734042,1,1,1,1,0,1,1,1,7,0.1428571429,-0.456466238,-0.019030,0.779001,-0.561535198
050149,-0.06787654,0.3485110013,0.3602411283,0.8202298155,1.1084136071,-0.362466259,0.3133936781,0.2647820199,1,1,1,1,1,1,1,1,8,0.125,0.3481535563,-0.019030,0.779001,0.4713521309
050150,-2.061051186,,,-0.103983203,,,1.0249376044,1.181540051,1,0,0,1,0,0,1,1,4,0.25,0.0103608167,-0.019030,0.779001,0.0377288931
050152,-1.141124426,0.1243065164,-1.155106629,,,-0.238718646,1.0249376044,0.2108550769,1,1,1,0,0,1,1,1,6,0.1666666667,-0.195808417,-0.019030,0.779001,-0.226929758
050158,,,-2.355042637,,,,0.5643913738,0.5344167349,0,0,1,0,0,0,1,1,3,0.3333333333,-0.418744843,-0.019030,0.779001,-0.513112388
050159,0.5454079659,-1.123085708,-0.832838102,0.6704297315,,-2.525638819,-1.323848172,0.4804897919,1,1,1,1,0,1,1,1,7,0.1428571429,-0.587011902,-0.019030,0.779001,-0.729116163
050167,,-0.748052752,0.2248197789,-0.070545684,,-0.815671803,0.5782077607,-2.054076529,0,1,1,1,0,1,1,1,6,0.1666666667,-0.480886538,-0.019030,0.779001,-0.592883443
050168,,0.4205281994,-0.738557415,-0.022395657,1.1084136071,0.3816265307,-0.117217048,1.6129555951,0,1,1,1,1,1,1,1,7,0.1428571429,0.3779076874,-0.019030,0.779001,0.5095473944
050169,-0.06787654,0.2846466935,-1.331668642,0.0953044089,-0.190324651,0.4844816895,-1.455103848,-0.867683783,1,1,1,1,1,1,1,1,8,0.125,-0.381028084,-0.019030,0.779001,-0.46469553
050174,0.0854445862,-0.290132077,0.3602411283,-0.380845858,,-1.027810568,0.5643913738,1.34332088,1,1,1,1,0,1,1,1,7,0.1428571429,0.0935156379,-0.019030,0.779001,0.1444744166
050179,,0.0441364279,1.0287769037,-1.572559027,,1.1916109066,0.5689968361,0.965832279,0,1,1,1,0,1,1,1,6,0.1666666667,0.3711323878,-0.019030,0.779001,0.5008499683
050180,1.0053713456,-0.856757957,-0.035737754,0.7185797585,0.1770475258,-0.012115874,-0.365912012,-1.029464612,1,1,1,1,1,1,1,1,8,0.125,-0.049873697,-0.019030,0.779001,-0.039593921
050191,,0.2330117212,-0.027166783,1.149255,,-0.905670067,0.5782077607,0.3726359059,0,1,1,1,0,1,1,1,6,0.1666666667,0.2333789231,-0.019030,0.779001,0.3240163766
050192,,,,,,,-0.826458243,,0,0,0,0,0,0,1,0,1,1,-0.826458243,-0.019030,0.779001,-1.036492508
050194,,,,,,,-2.083749452,0.5883436779,0,0,0,0,0,0,1,1,2,0.5,-0.747702887,-0.019030,0.779001,-0.935394562
050195,0.852050219,0.9776423739,-0.123161663,1.149255,,-0.17282706,0.4676766653,-1.137318498,1,1,1,1,0,1,1,1,7,0.1428571429,0.2876167195,-0.019030,0.779001,0.3936412269
050197,1.1586924721,0.0020131611,-2.835017039,-0.083920692,,,0.4446493538,0.2647820199,1,1,1,1,0,0,1,1,6,0.1666666667,-0.174800121,-0.019030,0.779001,-0.199961489
050204,-0.9878033,0.5414627397,-0.275724956,1.149255,,0.5166239267,0.2834581731,0.4265628489,1,1,1,1,0,1,1,1,7,0.1428571429,0.2362620619,-0.019030,0.779001,0.3277174508
050211,,0.9776423739,1.0287769037,,,1.1916109066,-0.667569793,0.5883436779,0,1,1,0,0,1,1,1,5,0.2,0.6237608138,-0.019030,0.779001,0.825148105
050222,-1.141124426,-0.624400581,1.0287769037,0.1340919306,-1.914386752,0.3012709378,0.2327980877,0.1030011909,1,1,1,1,1,1,1,1,8,0.125,-0.234996589,-0.019030,0.779001,-0.277235462
050224,,0.1623533381,0.589943164,-0.109333206,0.7006822337,0.2691287007,-0.147152553,0.5344167349,0,1,1,1,1,1,1,1,7,0.1428571429,0.2857197733,-0.019030,0.779001,0.3912061243
050226,,0.3716108573,0.3310998253,,,-0.701566861,-0.402755711,-0.328414353,0,1,1,0,0,1,1,1,5,0.2,-0.146005248,-0.019030,0.779001,-0.162997622
050228,0.3920868393,0.6202740132,-0.801982604,-0.720571049,,0.7785831593,0.1982571204,-0.436268239,1,1,1,1,0,1,1,1,7,0.1428571429,0.0043398914,-0.019030,0.779001,0.0299998545
050230,,-1.355443084,1.0287769037,,,,0.0992396808,0.80405145,0,1,1,0,0,0,1,1,4,0.25,0.1441562378,-0.019030,0.779001,0.2094815594
050231,0.5454079659,-0.029239585,0.1476810356,-0.802158594,,0.4523394524,-0.552433236,1.8825903101,1,1,1,1,0,1,1,1,7,0.1428571429,0.2348839069,-0.019030,0.779001,0.3259483186
050232,1.4653347253,0.9776423739,-0.224299127,-0.744646062,,,0.8245999941,1.6668825381,1,1,1,1,0,0,1,1,6,0.1666666667,0.6609190737,-0.019030,0.779001,0.8728480201
050234,0.6987290924,,1.0287769037,,,,-0.133336166,-0.867683783,1,0,1,0,0,0,1,1,4,0.25,0.1816215118,-0.019030,0.779001,0.2575755873
050235,-0.9878033,0.616197568,-0.448858579,1.149255,1.1084136071,0.7898329423,0.2949718288,0.1030011909,1,1,1,1,1,1,1,1,8,0.125,0.3281262822,-0.019030,0.779001,0.4456431964
050236,-2.061051186,-0.417860692,0.1425384527,1.149255,,-1.299412472,0.1498997662,-1.245172384,1,1,1,1,0,1,1,1,7,0.1428571429,-0.511686216,-0.019030,0.779001,-0.632420871
050238,-0.374518794,-0.979051312,-0.342578533,-0.039783167,,0.355912741,-0.985346692,-0.382341296,1,1,1,1,0,1,1,1,7,0.1428571429,-0.392529579,-0.019030,0.779001,-0.479459955
050239,0.0854445862,0.6202740132,0.4390940659,1.149255,,-0.491035208,0.658803351,1.397247823,1,1,1,1,0,1,1,1,7,0.1428571429,0.5512976617,-0.019030,0.779001,0.7321274359
050242,-0.52783992,0.6895735812,-0.111162303,1.149255,,1.1916109066,-0.568552354,-0.112706581,1,1,1,1,0,1,1,1,7,0.1428571429,0.24431119,-0.019030,0.779001,0.3380500855
050243,,0.4762396169,-0.548281849,1.149255,,0.3719838595,-0.428085753,0.857978393,0,1,1,1,0,1,1,1,6,0.1666666667,0.3131815446,-0.019030,0.779001,0.4264586943
050245,,-0.01429262,-0.352863699,0.3320420417,0.1128867513,0.0360974814,0.4722821276,0.6422706209,0,1,1,1,1,1,1,1,7,0.1428571429,0.1754889578,-0.019030,0.779001,0.2497032513
050248,,0.1052831056,-0.212299767,0.2772045109,,1.1916109066,-0.213931756,-0.112706581,0,1,1,1,0,1,1,1,6,0.1666666667,0.1725267366,-0.019030,0.779001,0.2459006594
050254,-2.827656819,0.9776423739,1.0287769037,,,,-1.673863307,0.6422706209,1,1,1,0,0,0,1,1,5,0.2,-0.370566045,-0.019030,0.779001,-0.451265452
050257,,,,,,,1.0249376044,-0.27448741,0,0,0,0,0,0,1,1,2,0.5,0.3752250971,-0.019030,0.779001,0.5061037635
05025F,-0.221197667,,0.3036727165,,,,,0.4804897919,1,0,1,0,0,0,0,1,3,0.3333333333,0.1876549472,-0.019030,0.779001,0.265320685
050261,-0.834482173,-0.25887933,0.3619553226,,,-4.364174783,0.3502373765,0.1569281339,1,1,1,0,0,1,1,1,6,0.1666666667,-0.764735909,-0.019030,0.779001,-0.957259786
050262,,-0.411066617,-0.04602292,-0.578795969,,0.6114435262,-0.354398356,0.5883436779,0,1,1,1,0,1,1,1,6,0.1666666667,-0.031749443,-0.019030,0.779001,-0.016327885
050272,,0.1324594068,0.4785205347,-0.795471091,,-0.275682219,-0.658358869,-0.382341296,0,1,1,1,0,1,1,1,6,0.1666666667,-0.250145589,-0.019030,0.779001,-0.296682176
050276,,,-0.371719836,0.3708295634,,1.1916109066,-0.084978811,-0.81375684,0,0,1,1,0,1,1,1,5,0.2,0.0583969964,-0.019030,0.779001,0.0993927519
050278,0.0854445862,0.5767919313,-0.992258171,1.149255,1.1084136071,0.8316178506,0.5183367507,-0.112706581,1,1,1,1,1,1,1,1,8,0.125,0.3956118717,-0.019030,0.779001,0.5322741874
050279,,,,,,,1.0249376044,0.1030011909,0,0,0,0,0,0,1,1,2,0.5,0.5639693976,-0.019030,0.779001,0.7483940946
05027F,0.2387657127,-1.306525741,-1.424235134,,,,,-0.27448741,1,1,1,0,0,0,0,1,4,0.25,-0.691620643,-0.019030,0.779001,-0.863402001
050280,-0.834482173,0.546898,0.6036567183,-1.099083761,,0.3960905374,0.0347632085,-1.568734042,1,1,1,1,0,1,1,1,7,0.1428571429,-0.274413073,-0.019030,0.779001,-0.327834252
050281,,-0.197732653,-0.903120068,1.149255,,,-0.137941628,0.3187089629,0,1,1,1,0,0,1,1,5,0.2,0.0458339229,-0.019030,0.779001,0.0832655828
050283,-1.44776668,-0.286055632,-0.757413553,0.4430546039,,-0.389787161,0.29727456,0.4265628489,1,1,1,1,0,1,1,1,7,0.1428571429,-0.244875859,-0.019030,0.779001,-0.289917443
050289,,0.9776423739,0.3345282139,,,,-2.09986857,0.6422706209,0,1,1,0,0,0,1,1,4,0.25,-0.03635684,-0.019030,0.779001,-0.022242383
050290,2.998545991,0.0876185098,0.3516701568,1.149255,,-1.759046463,-1.595570448,0.5883436779,1,1,1,1,0,1,1,1,7,0.1428571429,0.2601166321,-0.019030,0.779001,0.3583394707
050291,1.4653347253,0.6719089855,1.0287769037,1.149255,,0.4716247947,0.4262275046,-0.058779638,1,1,1,1,0,1,1,1,7,0.1428571429,0.7363354679,-0.019030,0.779001,0.9696597546
050292,,0.752079074,0.2711030249,1.149255,1.1084136071,-0.695138414,-0.084978811,-0.382341296,0,1,1,1,1,1,1,1,7,0.1428571429,0.302627455,-0.019030,0.779001,0.4129104501
050295,,0.3974283434,-0.711130307,0.9740424017,0.8134810147,-1.559764593,0.5851159541,-0.004852695,0,1,1,1,1,1,1,1,7,0.1428571429,0.0706171599,-0.019030,0.779001,0.1150797287
050298,,,1.0287769037,,,,-6.288536538,-0.651976011,0,0,1,0,0,0,1,1,3,0.3333333333,-1.970578548,-0.019030,0.779001,-2.505195334
050300,-0.834482173,-1.260326029,1.0287769037,-0.573445966,,-0.209790633,-0.545525042,-0.867683783,1,1,1,1,0,1,1,1,7,0.1428571429,-0.466068103,-0.019030,0.779001,-0.573861075
050301,0.5454079659,,1.0287769037,0.1474669381,,,-0.296830078,0.750124507,1,0,1,1,0,0,1,1,5,0.2,0.4349892474,-0.019030,0.779001,0.5828227729
050305,-0.221197667,0.3620991519,-0.030595171,,,0.2643073651,0.5505749868,0.5883436779,1,1,1,0,0,1,1,1,6,0.1666666667,0.2522553906,-0.019030,0.779001,0.3482480252
050308,-1.601087806,0.7615907794,-0.611707038,0.3868795724,-0.485257243,0.4459110049,-0.059648769,0.6961975639,1,1,1,1,1,1,1,1,8,0.125,-0.058390242,-0.019030,0.779001,-0.050526576
050309,-4.207546958,0.6270680885,-1.328240253,0.1060044149,0.2805326459,0.0023481324,0.4907039769,0.2108550769,1,1,1,1,1,1,1,1,8,0.125,-0.477284359,-0.019030,0.779001,-0.58825934
05030F,,-0.0305984,-0.825981325,,,,,1.235466994,0,1,1,0,0,0,0,1,3,0.3333333333,0.1262957564,-0.019030,0.779001,0.1865541283
050313,-0.52783992,-0.133868345,-0.515712157,,,,-0.365912012,0.857978393,1,1,1,0,0,0,1,1,5,0.2,-0.137070808,-0.019030,0.779001,-0.151528516
050315,-0.06787654,-0.387966761,0.6670819073,0.5701171752,1.1084136071,0.4234114389,0.2351008189,-0.058779638,1,1,1,1,1,1,1,1,8,0.125,0.311187751,-0.019030,0.779001,0.4238992691
05031F,0.5454079659,0.6433738692,0.3191004652,,,,,0.1030011909,1,1,1,0,0,0,0,1,4,0.25,0.4027208728,-0.019030,0.779001,0.5413999847
050320,,-0.112127304,-2.896728034,-3.002347329,,0.5648372824,-0.856393748,0.4265628489,0,1,1,1,0,1,1,1,6,0.1666666667,-0.979366047,-0.019030,0.779001,-1.232779667
050324,0.852050219,0.20583542,0.1545378128,-0.279195801,0.6334169056,0.1293099691,0.2949718288,-1.35302627,1,1,1,1,1,1,1,1,8,0.125,0.0797375105,-0.019030,0.779001,0.1267874875
050327,,0.5659214108,0.265960442,0.2223669801,0.8859205988,0.4700176828,-0.24156453,1.9365172531,0,1,1,1,1,1,1,1,7,0.1428571429,0.5864485483,-0.019030,0.779001,0.7772504936
050329,,,1.0287769037,1.149255,,1.1916109066,0.552877718,-0.058779638,0,0,1,1,0,1,1,1,5,0.2,0.772748178,-0.019030,0.779001,1.0164026102
050334,,0.4599338362,-0.95968848,-0.15213323,,1.1916109066,0.3295127961,0.3187089629,0,1,1,1,0,1,1,1,6,0.1666666667,0.1979907987,-0.019030,0.779001,0.2785887778
050335,-1.141124426,,1.0287769037,-2.468684529,,,0.5436667934,0.857978393,1,0,1,1,0,0,1,1,5,0.2,-0.235877373,-0.019030,0.779001,-0.278366122
050336,,-1.451918953,1.0287769037,0.4243295934,,-1.191735977,-0.108006123,0.0490742479,0,1,1,1,0,1,1,1,6,0.1666666667,-0.208246718,-0.019030,0.779001,-0.242896757
050342,,,0.3242430481,,,,-1.462012041,0.1030011909,0,0,1,0,0,0,1,1,3,0.3333333333,-0.344922601,-0.019030,0.779001,-0.41834706
050348,1.0053713456,0.160994523,0.1476810356,0.699854748,1.1084136071,0.6869777835,0.1130560677,0.3187089629,1,1,1,1,1,1,1,1,8,0.125,0.5301322592,-0.019030,0.779001,0.7049574903
050350,0.5454079659,0.9776423739,1.0287769037,,,,-2.5972585,-2.269784301,1,1,1,0,0,0,1,1,5,0.2,-0.463043111,-0.019030,0.779001,-0.569977905
050351,2.8452248644,0.2004001598,-1.695077833,0.6369922127,1.1084136071,0.142166864,0.1360833793,-0.705902954,1,1,1,1,1,1,1,1,8,0.125,0.3335375375,-0.019030,0.779001,0.452589604
050352,,,,1.149255,,,0.17753254,-0.058779638,0,0,0,1,0,0,1,1,3,0.3333333333,0.4226693006,-0.019030,0.779001,0.5670077047
050353,0.852050219,-0.36894335,-0.555138626,0.764054784,1.1084136071,0.2128797857,0.1038451431,1.5590286521,1,1,1,1,1,1,1,1,8,0.125,0.4595237769,-0.019030,0.779001,0.6143176538
050357,0.3920868393,,,,,,1.0249376044,0.5344167349,1,0,0,0,0,0,1,1,3,0.3333333333,0.6504803929,-0.019030,0.779001,0.8594479257
050360,-1.294445553,0.3797637477,0.421952123,1.149255,,0.4507323405,0.1936516581,-0.436268239,1,1,1,1,0,1,1,1,7,0.1428571429,0.1235201539,-0.019030,0.779001,0.1829910981
050367,0.5454079659,0.9776423739,-0.985401394,0.5179546459,,-0.325502686,0.7025552429,-0.112706581,1,1,1,1,0,1,1,1,7,0.1428571429,0.1885642239,-0.019030,0.779001,0.26648792
050373,,0.3974283434,0.0379726006,0.678454736,,-1.084059483,0.7025552429,-0.058779638,0,1,1,1,0,1,1,1,6,0.1666666667,0.112261967,-0.019030,0.779001,0.168539007
050376,,-1.613617945,-1.065968526,-0.608220986,,-0.656567729,-0.089584274,-1.946222643,0,1,1,1,0,1,1,1,6,0.1666666667,-0.996697017,-0.019030,0.779001,-1.255027366
050378,,-3.655916979,-3.33384758,,,,-0.333673776,0.2108550769,0,1,1,0,0,0,1,1,4,0.25,-1.778145815,-0.019030,0.779001,-2.258170176
050380,0.3920868393,-0.034674846,-1.724219136,-1.671534082,-0.953009986,0.5198381504,0.2005598516,0.5344167349,1,1,1,1,1,1,1,1,8,0.125,-0.342067059,-0.019030,0.779001,-0.414681413
050382,0.6987290924,0.9776423739,-0.256868818,0.7185797585,,0.849296081,-0.483351301,-0.436268239,1,1,1,1,0,1,1,1,7,0.1428571429,0.2953941353,-0.019030,0.779001,0.4036250656
050390,,0.6501679445,0.8487865027,1.149255,,-0.75299444,-0.909356564,0.2108550769,0,1,1,1,0,1,1,1,6,0.1666666667,0.1994522532,-0.019030,0.779001,0.2804648413
050393,0.0854445862,-0.128433085,1.0287769037,1.149255,,0.2241295687,-0.078070618,0.80405145,1,1,1,1,0,1,1,1,7,0.1428571429,0.440736258,-0.019030,0.779001,0.5902001882
050394,0.852050219,-1.148903194,-0.945974925,-1.468233968,,1.1916109066,-0.810339125,1.127613108,1,1,1,1,0,1,1,1,7,0.1428571429,-0.171739568,-0.019030,0.779001,-0.196032669
050396,-0.221197667,0.2004001598,0.3790972656,0.4925421317,-0.624962155,0.5728728416,-0.467232183,-0.112706581,1,1,1,1,1,1,1,1,8,0.125,0.0273517265,-0.019030,0.779001,0.0595400586
050407,,,,,,,1.0249376044,0.2647820199,0,0,0,0,0,0,1,1,2,0.5,0.6448598121,-0.019030,0.779001,0.8522328079
050411,,-1.336419673,-0.81226777,-0.503895927,,0.1148459624,-0.08267608,-0.112706581,0,1,1,1,0,1,1,1,6,0.1666666667,-0.455520012,-0.019030,0.779001,-0.56032053
050414,0.2387657127,0.0291894623,-0.870550376,1.149255,,1.1916109066,1.0249376044,-0.81375684,1,1,1,1,0,1,1,1,7,0.1428571429,0.2784930671,-0.019030,0.779001,0.3819292294
050417,-1.754408933,,1.0287769037,,,,0.2765499796,0.3187089629,1,0,1,0,0,0,1,1,4,0.25,-0.032593272,-0.019030,0.779001,-0.017411104
050424,0.6987290924,-1.215485132,-1.736218496,0.5286546519,,0.4089474322,-0.384333861,-0.004852695,1,1,1,1,0,1,1,1,7,0.1428571429,-0.24350843,-0.019030,0.779001,-0.28816208
050425,,-0.405631357,-0.178015881,-1.29302137,,0.3157349445,0.1798352712,-0.058779638,0,1,1,1,0,1,1,1,6,0.1666666667,-0.239979672,-0.019030,0.779001,-0.283632227
050426,,0.9776423739,0.1236823154,,,-2.106182624,0.8407191121,1.019759222,0,1,1,0,0,1,1,1,5,0.2,0.1711240799,-0.019030,0.779001,0.2441000744
050438,-1.294445553,-1.795699163,-1.520230014,-1.167296299,-0.748109448,-0.164791501,-1.116602368,-0.598049068,1,1,1,1,1,1,1,1,8,0.125,-1.050652927,-0.019030,0.779001,-1.32429036
050441,1.1586924721,-0.091745078,-0.303152064,-0.360783347,-1.083401238,-0.042651,-0.174785326,0.3187089629,1,1,1,1,1,1,1,1,8,0.125,-0.072389577,-0.019030,0.779001,-0.068497469
050444,,-0.151532941,0.5470883066,-1.228821334,,0.5182310385,0.3479346454,1.5051017091,0,1,1,1,0,1,1,1,6,0.1666666667,0.2563335708,-0.019030,0.779001,0.3534831695
050454,0.3920868393,-0.162403461,-0.306580453,0.3320420417,0.1666990138,0.2755571481,-0.557038698,0.80405145,1,1,1,1,1,1,1,1,8,0.125,0.1180517351,-0.019030,0.779001,0.17597131
050455,,-0.295567337,0.283102385,0.5246421497,,0.209665562,0.3525401077,0.80405145,0,1,1,1,0,1,1,1,6,0.1666666667,0.3130723862,-0.019030,0.779001,0.4263185681
050457,-1.44776668,0.1908884544,1.0287769037,,,-0.270860883,1.0249376044,1.451174766,1,1,1,0,0,1,1,1,6,0.1666666667,0.3295250276,-0.019030,0.779001,0.4474387604
050464,,0.0713127291,0.4288089001,0.6289672082,,0.7641191526,0.2857609042,-1.245172384,0,1,1,1,0,1,1,1,6,0.1666666667,0.1556327517,-0.019030,0.779001,0.2242139161
050468,,-3.09744399,0.3636695169,,,-0.012115874,0.5805104918,0.80405145,0,1,1,0,0,1,1,1,5,0.2,-0.272265681,-0.019030,0.779001,-0.325077653
050471,-0.06787654,0.1555592628,0.068828098,1.149255,,0.6226933092,0.2995772911,-0.436268239,1,1,1,1,0,1,1,1,7,0.1428571429,0.2559668831,-0.019030,0.779001,0.3530124538
050481,0.5454079659,-0.042827736,0.1116829554,1.149255,,-0.643710834,-0.24156453,0.5344167349,1,1,1,1,0,1,1,1,7,0.1428571429,0.2018085081,-0.019030,0.779001,0.2834895566
050485,-1.294445553,-0.199091468,0.1836791158,-0.007683149,-0.293809771,-1.103344825,-0.363609281,0.2647820199,1,1,1,1,1,1,1,1,8,0.125,-0.351690364,-0.019030,0.779001,-0.427034812
050488,0.3920868393,-0.02516314,0.3396707967,0.5487171632,,-0.886384724,0.9673693256,0.6961975639,1,1,1,1,0,1,1,1,7,0.1428571429,0.2903562606,-0.019030,0.779001,0.3971579652
050492,-0.681161047,-0.413784247,-0.097448749,-1.317096383,,-0.949062087,-0.294527346,-0.112706581,1,1,1,1,0,1,1,1,7,0.1428571429,-0.552255206,-0.019030,0.779001,-0.684499126
050496,1.6186558519,0.0319070924,0.4613785918,-1.643446566,,-0.31103868,-0.614606977,-1.838368757,1,1,1,1,0,1,1,1,7,0.1428571429,-0.327931349,-0.019030,0.779001,-0.396535456
050498,0.2387657127,-0.136585975,,1.149255,,,0.3502373765,0.2108550769,1,1,0,1,0,0,1,1,5,0.2,0.3625054382,-0.019030,0.779001,0.4897755864
050503,-0.374518794,0.022395387,0.3208146595,0.7145672562,,1.1916109066,0.6703170068,-0.058779638,1,1,1,1,0,1,1,1,7,0.1428571429,0.3552009692,-0.019030,0.779001,0.4803988677
050506,-1.141124426,0.9776423739,1.0287769037,1.149255,,1.1916109066,0.2558253992,0.6961975639,1,1,1,1,0,1,1,1,7,0.1428571429,0.5940262459,-0.019030,0.779001,0.7869779548
050510,,0.4477045006,0.3019585222,-1.026858721,,,-0.432691216,0.2108550769,0,1,1,1,0,0,1,1,5,0.2,-0.099806367,-0.019030,0.779001,-0.103692296
050512,,-0.339049419,-1.904209537,1.149255,,1.1916109066,-0.476443107,0.2647820199,0,1,1,1,0,1,1,1,6,0.1666666667,-0.019009023,-0.019030,0.779001,0.0000269434
050515,,0.8077904914,-1.424235134,-1.799934154,,0.153416647,-0.370517474,0.0490742479,0,1,1,1,0,1,1,1,6,0.1666666667,-0.430734229,-0.019030,0.779001,-0.528503117
050516,-0.374518794,0.4939042127,0.6430831871,0.2477794944,,0.8332249625,0.7716371775,1.127613108,1,1,1,1,0,1,1,1,7,0.1428571429,0.5346747641,-0.019030,0.779001,0.7107886864
050517,0.3920868393,-1.824234279,0.3362424082,,,,1.0249376044,0.3187089629,1,1,1,0,0,0,1,1,5,0.2,0.0495483071,-0.019030,0.779001,0.0880337235
050523,,0.9776423739,-0.131732635,1.149255,,-0.375323154,-0.400452979,0.1030011909,0,1,1,1,0,1,1,1,6,0.1666666667,0.2203982995,-0.019030,0.779001,0.3073532001
050526,,,,,,,-0.591579665,0.6961975639,0,0,0,0,0,0,1,1,2,0.5,0.0523089494,-0.019030,0.779001,0.0915775494
050528,,,,,,,1.0249376044,0.3187089629,0,0,0,0,0,0,1,1,2,0.5,0.6718232836,-0.019030,0.779001,0.8868457123
050534,,0.9776423739,1.0287769037,,,,0.5275476753,0.5883436779,0,1,1,0,0,0,1,1,4,0.25,0.7805776577,-0.019030,0.779001,1.0264532831
050537,,,,,,,0.5759050295,0.5344167349,0,0,0,0,0,0,1,1,2,0.5,0.5551608822,-0.019030,0.779001,0.7370866373
050541,,-0.621682951,1.0287769037,-2.924772285,,1.1916109066,0.3110909469,0.3726359059,0,1,1,1,0,1,1,1,6,0.1666666667,-0.107056762,-0.019030,0.779001,-0.1129996
050543,,,,,,,1.0249376044,,0,0,0,0,0,0,1,0,1,1,1.0249376044,-0.019030,0.779001,1.3401372048
050549,1.6186558519,0.2588292073,-0.467714717,-0.007683149,1.1084136071,1.1916109066,-0.045832382,0.3187089629,1,1,1,1,1,1,1,1,8,0.125,0.496873536,-0.019030,0.779001,0.6622633957
050551,,0.3919930832,-1.48251774,0.5941921887,,-0.388180049,-0.962319381,-0.382341296,0,1,1,1,0,1,1,1,6,0.1666666667,-0.371528866,-0.019030,0.779001,-0.45250142
050557,-0.221197667,0.3444345561,0.8470723084,-2.567659585,,0.4475181168,0.8153890695,-0.81375684,1,1,1,1,0,1,1,1,7,0.1428571429,-0.164028577,-0.019030,0.779001,-0.1861341
050561,,0.0346247225,0.7442206506,-0.354095843,,-1.29780536,-0.269197304,-0.490195182,0,1,1,1,0,1,1,1,6,0.1666666667,-0.272074719,-0.019030,0.779001,-0.324832516
050567,0.0854445862,-0.03331603,0.3910966256,0.3628045589,,1.1916109066,0.0347632085,0.965832279,1,1,1,1,0,1,1,1,7,0.1428571429,0.4283194478,-0.019030,0.779001,0.5742607768
050570,0.5454079659,0.1311005917,-1.527086792,0.3681545619,0.2774280923,0.0152050273,-0.117217048,-0.220560467,1,1,1,1,1,1,1,1,8,0.125,-0.065946008,-0.019030,0.779001,-0.060225884
050573,1.4653347253,0.0414187978,-0.255154624,-0.263145792,0.4047147901,0.9007236605,0.2258898942,1.6668825381,1,1,1,1,1,1,1,1,8,0.125,0.5233329987,-0.019030,0.779001,0.6962293059
050580,,,1.0287769037,,,,-0.796522738,0.5344167349,0,0,1,0,0,0,1,1,3,0.3333333333,0.255556967,-0.019030,0.779001,0.3524862461
050581,,0.9776423739,-0.015167423,1.149255,,0.0023481324,0.493006708,-0.436268239,0,1,1,1,0,1,1,1,6,0.1666666667,0.3618027588,-0.019030,0.779001,0.4888735595
050586,,,,,,,0.2512199369,0.6961975639,0,0,0,0,0,0,1,1,2,0.5,0.4737087504,-0.019030,0.779001,0.6325268497
050588,,0.1868120092,-0.419717276,,,,0.0646987135,0.80405145,0,1,1,0,0,0,1,1,4,0.25,0.1589612241,-0.019030,0.779001,0.2284866633
050589,,,1.0287769037,,,,0.0739096381,0.4804897919,0,0,1,0,0,0,1,1,3,0.3333333333,0.5277254446,-0.019030,0.779001,0.7018678718
050590,,0.9776423739,-1.621367478,,,-0.127827928,1.0249376044,0.857978393,0,1,1,0,0,1,1,1,5,0.2,0.2222725931,-0.019030,0.779001,0.3097592236
050597,,0.9776423739,0.4956624777,0.4831796264,,-1.858687398,-1.277793549,-0.705902954,0,1,1,1,0,1,1,1,6,0.1666666667,-0.31431657,-0.019030,0.779001,-0.379058217
050599,-0.06787654,-0.151532941,-0.418003082,-0.395558366,-0.576324149,-1.135487062,-2.231124246,-1.191245441,1,1,1,1,1,1,1,1,8,0.125,-0.770893979,-0.019030,0.779001,-0.965164876
050603,,0.3063877344,-1.024827863,0.678454736,,-0.317467127,0.2719445173,-0.112706581,0,1,1,1,0,1,1,1,6,0.1666666667,-0.033035764,-0.019030,0.779001,-0.01797913
050604,,-0.472213295,-0.195157824,-0.445045894,,-0.163184389,0.0186440905,0.750124507,0,1,1,1,0,1,1,1,6,0.1666666667,-0.084472134,-0.019030,0.779001,-0.0840078
050608,,,,,,,1.0249376044,-0.598049068,0,0,0,0,0,0,1,1,2,0.5,0.2134442681,-0.019030,0.779001,0.2984263369
050609,,-0.748052752,-0.150588772,-0.378170857,-0.195498907,0.9473299043,-0.264591841,0.750124507,0,1,1,1,1,1,1,1,7,0.1428571429,-0.005635531,-0.019030,0.779001,0.0171944432
050624,,0.5849448217,-0.503712797,-0.691146032,-0.918859896,-2.265286698,-0.225445412,-0.328414353,0,1,1,1,1,1,1,1,7,0.1428571429,-0.621131481,-0.019030,0.779001,-0.772915335
050625,-0.221197667,-0.216756064,-0.071735834,-0.136083221,-0.497675458,0.4539465642,-0.499470419,-0.058779638,1,1,1,1,1,1,1,1,8,0.125,-0.155968967,-0.019030,0.779001,-0.175788009
050633,-1.601087806,,0.005402909,,,,0.3295127961,-0.27448741,1,0,1,0,0,0,1,1,4,0.25,-0.385164878,-0.019030,0.779001,-0.470005916
050636,,0.9776423739,1.0287769037,-0.976033692,,,0.7463071349,0.5344167349,0,1,1,1,0,0,1,1,5,0.2,0.4622218911,-0.019030,0.779001,0.6177812126
050641,,,,,,,0.4515575473,-0.112706581,0,0,0,0,0,0,1,1,2,0.5,0.1694254831,-0.019030,0.779001,0.2419195922
050663,,0.9776423739,-1.362524139,,,-6.585203369,0.6380787707,1.5590286521,0,1,1,0,0,1,1,1,5,0.2,-0.954595542,-0.019030,0.779001,-1.200981866
050668,,,,,,,1.0249376044,,0,0,0,0,0,0,1,0,1,1,1.0249376044,-0.019030,0.779001,1.3401372048
050674,,-0.167838721,-1.137964686,-0.144108225,,-0.704781085,-0.315251927,0.3726359059,0,1,1,1,0,1,1,1,6,0.1666666667,-0.349551456,-0.019030,0.779001,-0.424289105
050677,,-2.712899328,-0.123161663,0.7332922667,,-1.934221655,0.3064854846,-0.651976011,0,1,1,1,0,1,1,1,6,0.1666666667,-0.730413484,-0.019030,0.779001,-0.913200222
050678,,-0.81191706,0.4682353689,-1.088383755,-0.453176856,0.2080584501,-0.368214743,-0.705902954,0,1,1,1,1,1,1,1,7,0.1428571429,-0.393043078,-0.019030,0.779001,-0.480119132
050684,,,,,,,0.1061478743,-0.220560467,0,0,0,0,0,0,1,1,2,0.5,-0.057206296,-0.019030,0.779001,-0.04900675
050686,,-2.095997291,0.4545218146,-1.41740894,,-0.066757677,0.3594483011,0.4265628489,0,1,1,1,0,1,1,1,6,0.1666666667,-0.389938491,-0.019030,0.779001,-0.476133785
050689,-0.06787654,,,1.149255,,,-0.391242055,0.1569281339,1,0,0,1,0,0,1,1,4,0.25,0.2117661347,-0.019030,0.779001,0.2962721235
050690,,0.1419711122,-0.543139266,-1.139208784,,1.1916109066,-0.315251927,0.2647820199,0,1,1,1,0,1,1,1,6,0.1666666667,-0.066539323,-0.019030,0.779001,-0.06098752
050696,1.6186558519,-0.106692044,-0.599707677,0.3213420357,-2.402836519,-0.478178313,-0.738954459,1.127613108,1,1,1,1,1,1,1,1,8,0.125,-0.157344752,-0.019030,0.779001,-0.177554099
050697,,,,,,,,0.0490742479,0,0,0,0,0,0,0,1,1,1,0.0490742479,-0.019030,0.779001,0.0874251755
050701,,0.9776423739,0.2796739964,0.5366796564,0.5257923807,0.7528693696,0.2166789696,-0.436268239,0,1,1,1,1,1,1,1,7,0.1428571429,0.4075812153,-0.019030,0.779001,0.5476391878
050704,-0.374518794,-1.286143515,-3.34584694,,,-0.727280651,-3.288077845,-0.058779638,1,1,1,0,0,1,1,1,6,0.1666666667,-1.51344123,-0.019030,0.779001,-1.918369921
050708,0.852050219,,,,,,,0.5883436779,1,0,0,0,0,0,0,1,2,0.5,0.7201969485,-0.019030,0.779001,0.9489427994
050709,-0.52783992,0.2316529061,0.3808114598,,,1.1916109066,0.4239247734,1.019759222,1,1,1,0,0,1,1,1,6,0.1666666667,0.4533198913,-0.019030,0.779001,0.6063537498
050710,,-1.825593094,0.5282321693,0.5861671842,,-1.474587664,0.403200193,0.4265628489,0,1,1,1,0,1,1,1,6,0.1666666667,-0.22600306,-0.019030,0.779001,-0.265690505
050714,,,,,,,,0.1030011909,0,0,0,0,0,0,0,1,1,1,0.1030011909,-0.019030,0.779001,0.1566509843
050717,,0.3226935151,-5.899996441,,,,-2.072235797,0.3187089629,0,1,1,0,0,0,1,1,4,0.25,-1.83270744,-0.019030,0.779001,-2.328210724
050723,,-0.169197536,0.0551145436,-0.441033392,,0.6467999871,-1.28009628,0.5883436779,0,1,1,1,0,1,1,1,6,0.1666666667,-0.1000115,-0.019030,0.779001,-0.103955624
050724,,,,,,,-2.875888969,-0.058779638,0,0,0,0,0,0,1,1,2,0.5,-1.467334304,-0.019030,0.779001,-1.859182637
050726,0.852050219,,,,,,,0.2108550769,1,0,0,0,0,0,0,1,2,0.5,0.5314526479,-0.019030,0.779001,0.7066524683
050735,,0.9776423739,0.3482417682,,,,0.4907039769,0.5883436779,0,1,1,0,0,0,1,1,4,0.25,0.6012329492,-0.019030,0.779001,0.7962291721
050736,,-0.315949563,-5.181749031,,,,-2.247243364,0.4804897919,0,1,1,0,0,0,1,1,4,0.25,-1.816113041,-0.019030,0.779001,-2.306908558
050737,,-1.836463615,-1.767073993,-1.692934094,,-0.163184389,0.1061478743,0.2647820199,0,1,1,1,0,1,1,1,6,0.1666666667,-0.848121033,-0.019030,0.779001,-1.064300948
050738,,0.9776423739,1.0287769037,,,,0.5574831803,0.3187089629,0,1,1,0,0,0,1,1,4,0.25,0.7206528552,-0.019030,0.779001,0.9495280451
050739,,0.343075741,0.589943164,1.149255,,-1.546907698,1.0249376044,1.289393937,0,1,1,1,0,1,1,1,6,0.1666666667,0.4749496248,-0.019030,0.779001,0.6341197553
050740,-2.214372312,0.9776423739,0.2128204188,1.149255,,,0.1038451431,0.5344167349,1,1,1,1,0,0,1,1,6,0.1666666667,0.1272678931,-0.019030,0.779001,0.1878020564
050744,,,,,,,0.7094634364,0.2108550769,0,0,0,0,0,0,1,1,2,0.5,0.4601592566,-0.019030,0.779001,0.6151334167
050745,1.1586924721,,,,,,-0.669872524,-0.058779638,1,0,0,0,0,0,1,1,3,0.3333333333,0.1433467699,-0.019030,0.779001,0.2084424486
050746,,-0.01429262,-1.316240893,,,-0.505499214,-1.415957418,0.965832279,0,1,1,0,0,1,1,1,5,0.2,-0.457231573,-0.019030,0.779001,-0.562517656
050747,,,,,,,-0.011291415,0.4265628489,0,0,0,0,0,0,1,1,2,0.5,0.2076357172,-0.019030,0.779001,0.2909699225
050748,,0.20583542,0.1168255383,0.6704297315,,-0.465321418,0.4078056553,0.4804897919,0,1,1,1,0,1,1,1,6,0.1666666667,0.2360107865,-0.019030,0.779001,0.3273948896
050755,0.5454079659,,0.1631087843,,,1.1916109066,0.5851159541,1.127613108,1,0,1,0,0,1,1,1,5,0.2,0.7225713438,-0.019030,0.779001,0.9519908015
050757,0.5454079659,-1.532089041,-1.105394995,,,,-0.091887005,0.965832279,1,1,1,0,0,0,1,1,5,0.2,-0.243626159,-0.019030,0.779001,-0.288313209
050758,,,1.0287769037,,,,1.0249376044,0.5883436779,0,0,1,0,0,0,1,1,3,0.3333333333,0.880686062,-0.019030,0.779001,1.1549620558
050760,,-0.560536274,1.0287769037,-0.388870863,,1.1916109066,-0.165574402,-0.004852695,0,1,1,1,0,1,1,1,6,0.1666666667,0.1834255962,-0.019030,0.779001,0.2598914834
050761,-0.374518794,0.114794811,-0.09402036,0.3079670282,1.1084136071,-1.143522622,-0.554735967,1.235466994,1,1,1,1,1,1,1,1,8,0.125,0.0749805873,-0.019030,0.779001,0.1206810435
050763,,,1.0287769037,,,,-0.497167688,1.181540051,0,0,1,0,0,0,1,1,3,0.3333333333,0.5710497556,-0.019030,0.779001,0.7574831228
050764,-0.9878033,0.9776423739,-0.695702558,0.3694920627,,,0.2581281304,1.073686165,1,1,1,1,0,0,1,1,6,0.1666666667,0.1659071457,-0.019030,0.779001,0.2374031161
050765,,-0.142021235,1.0287769037,1.149255,,-0.258003988,-0.149455284,0.2108550769,0,1,1,1,0,1,1,1,6,0.1666666667,0.3065677455,-0.019030,0.779001,0.4179685859
050766,-2.214372312,,,,,,,0.2108550769,1,0,0,0,0,0,0,1,2,0.5,-1.001758618,-0.019030,0.779001,-1.261524924
050767,,-0.262955776,-0.48485666,-1.571221526,,1.1916109066,0.1360833793,0.4804897919,0,1,1,1,0,1,1,1,6,0.1666666667,-0.085141647,-0.019030,0.779001,-0.084867252
050769,0.3920868393,,,,,,,0.5883436779,1,0,0,0,0,0,0,1,2,0.5,0.4902152586,-0.019030,0.779001,0.6537161906
050770,,0.9776423739,-0.133446829,-0.649683509,,-1.500301454,1.0249376044,0.5883436779,0,1,1,1,0,1,1,1,6,0.1666666667,0.0512486441,-0.019030,0.779001,0.0902164395
050771,,,-0.680274809,,,,0.0232495528,0.5883436779,0,0,1,0,0,0,1,1,3,0.3333333333,-0.02289386,-0.019030,0.779001,-0.004960007
050772,,0.3539462615,0.740792262,-0.140095723,,0.6676924412,-0.628423364,-0.166633524,0,1,1,1,0,1,1,1,6,0.1666666667,0.1378797256,-0.019030,0.779001,0.201424425
050775,-1.294445553,0.5333098494,0.6585109358,0.3454170492,,-1.061559917,0.1545052285,-0.81375684,1,1,1,1,0,1,1,1,7,0.1428571429,-0.211145607,-0.019030,0.779001,-0.246618049
050776,,-0.075439297,-1.077967886,,,,-0.745862652,0.4265628489,0,1,1,0,0,0,1,1,4,0.25,-0.368176747,-0.019030,0.779001,-0.448198318
050777,,0.0115248665,-0.837980685,-0.107995705,,-0.058722118,0.4976121703,-0.112706581,0,1,1,1,0,1,1,1,6,0.1666666667,-0.101378009,-0.019030,0.779001,-0.105709806
050778,,0.4178105693,0.4099527629,,,0.8460818573,0.6242623837,,0,1,1,0,0,1,1,0,4,0.25,0.5745268933,-0.019030,0.779001,0.7619467111
050779,,0.9776423739,1.0287769037,1.149255,,1.1916109066,0.1798352712,0.4804897919,0,1,1,1,0,1,1,1,6,0.1666666667,0.8346017079,-0.019030,0.779001,1.0958037481
050780,,,,,,,1.0249376044,0.857978393,0,0,0,0,0,0,1,1,2,0.5,0.9414579987,-0.019030,0.779001,1.2329747567
050782,1.0053713456,,,0.0284293714,,,1.0249376044,1.019759222,1,0,0,1,0,0,1,1,4,0.25,0.7696243858,-0.019030,0.779001,1.0123926102
050783,,,,,,,-0.273802766,,0,0,0,0,0,0,1,0,1,1,-0.273802766,-0.019030,0.779001,-0.327050803
050784,,,,,,,-0.059648769,0.4804897919,0,0,0,0,0,0,1,1,2,0.5,0.2104205116,-0.019030,0.779001,0.2945447523
050785,1.6186558519,,,,,,,0.5883436779,1,0,0,0,0,0,0,1,2,0.5,1.1034997649,-0.019030,0.779001,1.4409871474
050855,,,,,,,0.3962919996,,0,0,0,0,0,0,1,0,1,1,0.3962919996,-0.019030,0.779001,0.533147265
05114F,1.4653347253,-0.686906074,-0.320294007,,,,,0.1569281339,1,1,1,0,0,0,0,1,4,0.25,0.1537656944,-0.019030,0.779001,0.2218171819
05127F,-0.52783992,0.0414187978,-0.234584292,,,,,0.911905336,1,1,1,0,0,0,0,1,4,0.25,0.0477249803,-0.019030,0.779001,0.0856931259
05128F,0.2387657127,-2.147632263,-0.999114948,,,,,-1.514807099,1,1,1,0,0,0,0,1,4,0.25,-1.10569715,-0.019030,0.779001,-1.394950416
051300,,,,,,,,,0,0,0,0,0,0,0,0,0,,,-0.019030,0.779001,
051301,,,1.0287769037,,,,,,0,0,1,0,0,0,0,0,1,1,1.0287769037,-0.019030,0.779001,1.3450656985
051302,,,,,,,,,0,0,0,0,0,0,0,0,0,,,-0.019030,0.779001,
051303,-0.06787654,,,,,,,,1,0,0,0,0,0,0,0,1,1,-0.06787654,-0.019030,0.779001,-0.062704101
051304,,,,,,,,,0,0,0,0,0,0,0,0,0,,,-0.019030,0.779001,
051305,,,,,,,,,0,0,0,0,0,0,0,0,0,,,-0.019030,0.779001,
051306,,,,,,,1.0249376044,,0,0,0,0,0,0,1,0,1,1,1.0249376044,-0.019030,0.779001,1.3401372048
051307,,,,,,,,,0,0,0,0,0,0,0,0,0,,,-0.019030,0.779001,
051309,,,,,,,,,0,0,0,0,0,0,0,0,0,,,-0.019030,0.779001,
05130F,0.2387657127,0.1243065164,-1.237387956,,,,,0.80405145,1,1,1,0,0,0,0,1,4,0.25,-0.017566069,-0.019030,0.779001,0.0018792574
051310,0.852050219,,1.0287769037,,,,-0.416572097,,1,0,1,0,0,0,1,0,3,0.3333333333,0.4880850084,-0.019030,0.779001,0.6509815966
051311,,,,,,,,,0,0,0,0,0,0,0,0,0,,,-0.019030,0.779001,
051312,,,,,,,,,0,0,0,0,0,0,0,0,0,,,-0.019030,0.779001,
051314,,,,,,,,,0,0,0,0,0,0,0,0,0,,,-0.019030,0.779001,
051315,,,,,,,,,0,0,0,0,0,0,0,0,0,,,-0.019030,0.779001,
051316,0.5454079659,,-0.311723036,,,,-2.786082454,,1,0,1,0,0,0,1,0,3,0.3333333333,-0.850799175,-0.019030,0.779001,-1.067738868
051317,,,,,,,-2.719303251,,0,0,0,0,0,0,1,0,1,1,-2.719303251,-0.019030,0.779001,-3.466330349
051318,,,-0.779698079,,,,,,0,0,1,0,0,0,0,0,1,1,-0.779698079,-0.019030,0.779001,-0.976466665
051319,,,,,,,,,0,0,0,0,0,0,0,0,0,,,-0.019030,0.779001,
051320,,,,,,,,,0,0,0,0,0,0,0,0,0,,,-0.019030,0.779001,
051321,,,,,,,,,0,0,0,0,0,0,0,0,0,,,-0.019030,0.779001,
051323,,,,,,,,,0,0,0,0,0,0,0,0,0,,,-0.019030,0.779001,
051324,,,,,,,,,0,0,0,0,0,0,0,0,0,,,-0.019030,0.779001,
051325,,,,,,,-0.319857389,,0,0,0,0,0,0,1,0,1,1,-0.319857389,-0.019030,0.779001,-0.386170945
051326,,,,,,,,,0,0,0,0,0,0,0,0,0,,,-0.019030,0.779001,
051327,,,,,,,,,0,0,0,0,0,0,0,0,0,,,-0.019030,0.779001,
051328,-2.980977945,,,,,,1.0249376044,,1,0,0,0,0,0,1,0,2,0.5,-0.97802017,-0.019030,0.779001,-1.23105197
051329,,,,,,,1.0249376044,,0,0,0,0,0,0,1,0,1,1,1.0249376044,-0.019030,0.779001,1.3401372048
051330,,,,,,,,,0,0,0,0,0,0,0,0,0,,,-0.019030,0.779001,
051331,,,,,,,,,0,0,0,0,0,0,0,0,0,,,-0.019030,0.779001,
051332,-0.06787654,,,,,,,,1,0,0,0,0,0,0,0,1,1,-0.06787654,-0.019030,0.779001,-0.062704101
051333,,,,,,,,,0,0,0,0,0,0,0,0,0,,,-0.019030,0.779001,
051334,,,,,,,,,0,0,0,0,0,0,0,0,0,,,-0.019030,0.779001,
051335,,,,,,,,,0,0,0,0,0,0,0,0,0,,,-0.019030,0.779001,
051336,,,,,,,,,0,0,0,0,0,0,0,0,0,,,-0.019030,0.779001,
051337,,,,,,,,,0,0,0,0,0,0,0,0,0,,,-0.019030,0.779001,
060001,-0.52783992,0.7031617318,-0.090591972,-2.183796869,,0.5616230586,-0.006685952,-0.382341296,1,1,1,1,0,1,1,1,7,0.1428571429,-0.275210174,-0.019030,0.779001,-0.328857487
060003,,,1.0287769037,,,,1.0249376044,0.4265628489,0,0,1,0,0,0,1,1,3,0.3333333333,0.826759119,-0.019030,0.779001,1.085736247
060004,,-0.314590748,,-0.049145672,,,1.0249376044,0.2108550769,0,1,0,1,0,0,1,1,4,0.25,0.2180140653,-0.019030,0.779001,0.304292568
060006,,,,,,,0.4676766653,-0.112706581,0,0,0,0,0,0,1,1,2,0.5,0.1774850421,-0.019030,0.779001,0.2522656171
060008,-2.214372312,,,,,,-0.842577361,0.3726359059,1,0,0,0,0,0,1,1,3,0.3333333333,-0.894771256,-0.019030,0.779001,-1.124185659
060009,,0.9776423739,-0.152302966,0.2250419816,,-0.404251167,0.3156964092,0.1030011909,0,1,1,1,0,1,1,1,6,0.1666666667,0.1774713037,-0.019030,0.779001,0.2522479811
060010,1.0053713456,0.7914847107,1.0287769037,-0.129395717,,1.1916109066,0.6403815018,1.34332088,1,1,1,1,0,1,1,1,7,0.1428571429,0.838792933,-0.019030,0.779001,1.1011840077
060011,,0.3389992959,-0.239726875,-1.049596233,,0.5246594859,-0.234656336,-0.544122125,0,1,1,1,0,1,1,1,6,0.1666666667,-0.200740465,-0.019030,0.779001,-0.233261008
060012,0.6987290924,,,0.4015920807,,,-0.524800462,0.2647820199,1,0,0,1,0,0,1,1,4,0.25,0.2100756828,-0.019030,0.779001,0.294102097
060013,,-0.629835842,-0.370005642,1.149255,,,1.0249376044,1.127613108,0,1,1,1,0,0,1,1,5,0.2,0.4603928458,-0.019030,0.779001,0.6154332742
060014,-0.52783992,0.6094034927,0.5128044206,-1.844071679,,0.0891321727,0.0048277035,-1.191245441,1,1,1,1,0,1,1,1,7,0.1428571429,-0.335284179,-0.019030,0.779001,-0.405974255
060015,,0.3933518982,0.5865147754,0.967354898,,-3.020629271,0.0094331659,-0.004852695,0,1,1,1,0,1,1,1,6,0.1666666667,-0.178137871,-0.019030,0.779001,-0.204246146
060020,0.3920868393,0.7371321083,0.3225288538,-1.569884025,,0.4635892354,-1.141932411,-0.058779638,1,1,1,1,0,1,1,1,7,0.1428571429,-0.122179862,-0.019030,0.779001,-0.132413066
060022,0.5454079659,0.1283829616,0.1133971497,-0.780758582,-1.663952762,0.6339430922,0.1153587989,0.4804897919,1,1,1,1,1,1,1,1,8,0.125,-0.053466448,-0.019030,0.779001,-0.044205921
060023,0.3920868393,0.1963237146,0.1596803957,0.2879045169,,0.8332249625,0.552877718,-0.544122125,1,1,1,1,0,1,1,1,7,0.1428571429,0.2682822888,-0.019030,0.779001,0.3688216927
060024,-0.52783992,-0.102615599,0.4768063404,-0.517270935,0.1428974361,0.5166239267,0.1084506054,-0.81375684,1,1,1,1,1,1,1,1,8,0.125,-0.089588123,-0.019030,0.779001,-0.090575176
060027,-1.44776668,-2.004956682,0.4596643975,-0.858333626,,-0.07800746,0.2926690977,-0.705902954,1,1,1,1,0,1,1,1,7,0.1428571429,-0.620376272,-0.019030,0.779001,-0.771945877
060028,,0.3661755971,0.619084467,-0.158820734,-0.984055522,0.0312761458,-0.015896877,-0.867683783,0,1,1,1,1,1,1,1,7,0.1428571429,-0.144274387,-0.019030,0.779001,-0.160775721
060030,,,,1.149255,,,-0.598487859,0.5344167349,0,0,0,1,0,0,1,1,3,0.3333333333,0.3617279588,-0.019030,0.779001,0.4887775391
060031,-0.374518794,0.4028636037,0.572801221,0.2223669801,1.1084136071,1.1916109066,0.6518951576,-0.598049068,1,1,1,1,1,1,1,1,8,0.125,0.3971729518,-0.019030,0.779001,0.5342781399
060032,0.852050219,0.4449868705,0.1991068645,0.2705170072,,0.5471590519,0.8038754137,0.80405145,1,1,1,1,0,1,1,1,7,0.1428571429,0.5602495538,-0.019030,0.779001,0.7436189454
060034,-0.221197667,0.8064316764,0.2025352531,1.149255,0.2070582106,0.4764461302,0.23740355,1.6129555951,1,1,1,1,1,1,1,1,8,0.125,0.5588609686,-0.019030,0.779001,0.7418364238
060044,0.0854445862,,,,,,,0.1569281339,1,0,0,0,0,0,0,1,2,0.5,0.12118636,-0.019030,0.779001,0.1799952159
060049,-0.9878033,,,,,,,0.3187089629,1,0,0,0,0,0,0,1,2,0.5,-0.334547168,-0.019030,0.779001,-0.405028158
060054,0.5454079659,,,-2.408496995,,,-0.128730703,0.3187089629,1,0,0,1,0,0,1,1,4,0.25,-0.418277693,-0.019030,0.779001,-0.512512709
06005F,-0.374518794,-1.442407247,-0.753985164,,,,,-0.112706581,1,1,1,0,0,0,0,1,4,0.25,-0.670904447,-0.019030,0.779001,-0.836808699
060064,-1.601087806,0.7452849987,0.2128204188,1.149255,,-0.468535642,-0.015896877,0.5344167349,1,1,1,1,0,1,1,1,7,0.1428571429,0.0794652611,-0.019030,0.779001,0.126438002
060065,,-1.366313604,-0.921976205,0.2156794764,,-0.463714306,0.23740355,0.4265628489,0,1,1,1,0,1,1,1,6,0.1666666667,-0.312059707,-0.019030,0.779001,-0.37616109
060071,0.6987290924,,,,,,1.0249376044,0.6961975639,1,0,0,0,0,0,1,1,3,0.3333333333,0.8066214203,-0.019030,0.779001,1.0598855607
060075,,,1.0287769037,,,,-1.471222966,0.1030011909,0,0,1,0,0,0,1,1,3,0.3333333333,-0.11314829,-0.019030,0.779001,-0.120819272
060076,,,,,,,,0.2647820199,0,0,0,0,0,0,0,1,1,1,0.2647820199,-0.019030,0.779001,0.364328411
06007F,0.852050219,,,,,,,0.2647820199,1,0,0,0,0,0,0,1,2,0.5,0.5584161194,-0.019030,0.779001,0.7412653728
060096,0.3920868393,,,,,,-0.60079059,0.750124507,1,0,0,0,0,0,1,1,3,0.3333333333,0.1804735855,-0.019030,0.779001,0.2561019987
060100,-0.221197667,0.1066419207,-0.537996683,-0.43835839,,0.8428676336,0.5160340195,-1.730514871,1,1,1,1,0,1,1,1,7,0.1428571429,-0.208932005,-0.019030,0.779001,-0.243776457
060103,,,1.0287769037,1.149255,,,0.5966296099,-0.759829897,0,0,1,1,0,0,1,1,4,0.25,0.5037079041,-0.019030,0.779001,0.6710366476
060104,,0.3539462615,0.295101745,-2.091509318,,1.1916109066,0.522942213,0.80405145,0,1,1,1,0,1,1,1,6,0.1666666667,0.1793572097,-0.019030,0.779001,0.2546689115
060107,,,,,,,,,0,0,0,0,0,0,0,0,0,,,-0.019030,0.779001,
060112,-0.681161047,-0.326820083,0.17339395,-0.850308621,-1.474574992,1.1916109066,0.5114285572,-0.382341296,1,1,1,1,1,1,1,1,8,0.125,-0.229846578,-0.019030,0.779001,-0.270624414
060113,0.2387657127,0.9776423739,-0.464286328,-0.815533602,,0.3141278327,0.3433291831,1.235466994,1,1,1,1,0,1,1,1,7,0.1428571429,0.2613588809,-0.019030,0.779001,0.3599341406
060114,-0.221197667,0.9776423739,-0.683703198,-0.449058396,-0.542174059,-0.306217344,0.8821682729,-1.191245441,1,1,1,1,1,1,1,1,8,0.125,-0.191723182,-0.019030,0.779001,-0.221685558
060116,,-0.151532941,-1.444805465,-1.624721556,,0.3607340765,-0.26228911,0.4265628489,0,1,1,1,0,1,1,1,6,0.1666666667,-0.449342024,-0.019030,0.779001,-0.552389872
060117,0.6987290924,,,,,,,0.2108550769,1,0,0,0,0,0,0,1,2,0.5,0.4547920847,-0.019030,0.779001,0.6082435987
060118,,,,,,,1.0249376044,0.2108550769,0,0,0,0,0,0,1,1,2,0.5,0.6178963406,-0.019030,0.779001,0.8176199034
060119,0.852050219,0.1093595508,-1.557942289,-0.083920692,,0.0778823897,0.1406888416,-1.137318498,1,1,1,1,0,1,1,1,7,0.1428571429,-0.228457211,-0.019030,0.779001,-0.268840889
060124,0.852050219,,,,,,,1.073686165,1,0,0,0,0,0,0,1,2,0.5,0.962868192,-0.019030,0.779001,1.2604589393
060125,,0.9776423739,-1.664222335,-0.029083161,,,0.718674361,0.6422706209,0,1,1,1,0,0,1,1,5,0.2,0.1290563719,-0.019030,0.779001,0.1900979198
060126,,,,,,,1.0249376044,0.1569281339,0,0,0,0,0,0,1,1,2,0.5,0.5909328691,-0.019030,0.779001,0.783006999
060128,,0.4463456856,-0.109448109,0.0511668841,,,0.3594483011,0.6422706209,0,1,1,1,0,0,1,1,5,0.2,0.2779566766,-0.019030,0.779001,0.381240667
060129,-0.221197667,,,,,,1.0249376044,0.1030011909,1,0,0,0,0,0,1,1,3,0.3333333333,0.3022470428,-0.019030,0.779001,0.4124221164
060130,-0.221197667,,,,,,,0.3187089629,1,0,0,0,0,0,0,1,2,0.5,0.048755648,-0.019030,0.779001,0.08701619
060131,,0.9776423739,-4.245798945,-0.564083461,,,0.2397062812,0.4804897919,0,1,1,1,0,0,1,1,5,0.2,-0.622408792,-0.019030,0.779001,-0.774555014
060132,,0.068595099,0.3602411283,-0.328683329,,1.1916109066,0.1245697235,0.857978393,0,1,1,1,0,1,1,1,6,0.1666666667,0.3790519869,-0.019030,0.779001,0.5110163272
060133,,,,,,,,,0,0,0,0,0,0,0,0,0,,,-0.019030,0.779001,
061300,,,,,,,,,0,0,0,0,0,0,0,0,0,,,-0.019030,0.779001,
061301,,,,,,,,,0,0,0,0,0,0,0,0,0,,,-0.019030,0.779001,
061302,,,,,,,1.0249376044,,0,0,0,0,0,0,1,0,1,1,1.0249376044,-0.019030,0.779001,1.3401372048
061303,,,,,,,,,0,0,0,0,0,0,0,0,0,,,-0.019030,0.779001,
061304,,,,,,,1.0249376044,,0,0,0,0,0,0,1,0,1,1,1.0249376044,-0.019030,0.779001,1.3401372048
061305,,,,,,,,,0,0,0,0,0,0,0,0,0,,,-0.019030,0.779001,
061306,,,,,,,,,0,0,0,0,0,0,0,0,0,,,-0.019030,0.779001,
061307,,,,,,,1.0249376044,,0,0,0,0,0,0,1,0,1,1,1.0249376044,-0.019030,0.779001,1.3401372048
061308,,,,,,,,,0,0,0,0,0,0,0,0,0,,,-0.019030,0.779001,
061309,0.3920868393,,,,,,,,1,0,0,0,0,0,0,0,1,1,0.3920868393,-0.019030,0.779001,0.5277491169
061310,,,,,,,,,0,0,0,0,0,0,0,0,0,,,-0.019030,0.779001,
061311,,,,,,,,,0,0,0,0,0,0,0,0,0,,,-0.019030,0.779001,
061312,,,,,,,,,0,0,0,0,0,0,0,0,0,,,-0.019030,0.779001,
061313,,,,,,,,,0,0,0,0,0,0,0,0,0,,,-0.019030,0.779001,
061314,-0.221197667,,,,,,,,1,0,0,0,0,0,0,0,1,1,-0.221197667,-0.019030,0.779001,-0.25952184
061315,,,,,,,,,0,0,0,0,0,0,0,0,0,,,-0.019030,0.779001,
061316,,,,,,,1.0249376044,,0,0,0,0,0,0,1,0,1,1,1.0249376044,-0.019030,0.779001,1.3401372048
061317,,,,,,,-0.649147944,,0,0,0,0,0,0,1,0,1,1,-0.649147944,-0.019030,0.779001,-0.808879961
061318,,,,,,,-1.084364132,,0,0,0,0,0,0,1,0,1,1,-1.084364132,-0.019030,0.779001,-1.367565304
061319,,,,,,,,,0,0,0,0,0,0,0,0,0,,,-0.019030,0.779001,
061320,,,,,,,,,0,0,0,0,0,0,0,0,0,,,-0.019030,0.779001,
061321,,,,,,,,,0,0,0,0,0,0,0,0,0,,,-0.019030,0.779001,
061322,,,,,,,-0.386636592,,0,0,0,0,0,0,1,0,1,1,-0.386636592,-0.019030,0.779001,-0.471895151
061323,,,,,,,,,0,0,0,0,0,0,0,0,0,,,-0.019030,0.779001,
061324,,,,,,,,,0,0,0,0,0,0,0,0,0,,,-0.019030,0.779001,
061325,1.6186558519,,,,,,,,1,0,0,0,0,0,0,0,1,1,1.6186558519,-0.019030,0.779001,2.1022910305
061326,,,,,,,,,0,0,0,0,0,0,0,0,0,,,-0.019030,0.779001,
061327,,,,,,,-1.065942283,,0,0,0,0,0,0,1,0,1,1,-1.065942283,-0.019030,0.779001,-1.343917247
061328,,,,,,,,,0,0,0,0,0,0,0,0,0,,,-0.019030,0.779001,
061336,,,,,,,,,0,0,0,0,0,0,0,0,0,,,-0.019030,0.779001,
061343,,,,,,,,,0,0,0,0,0,0,0,0,0,,,-0.019030,0.779001,
061344,,,,,,,-0.973833037,,0,0,0,0,0,0,1,0,1,1,-0.973833037,-0.019030,0.779001,-1.225676963
070002,-0.374518794,-0.13250953,0.4390940659,0.4015920807,-0.88781436,0.9634010229,-0.430388484,-0.490195182,1,1,1,1,1,1,1,1,8,0.125,-0.063917398,-0.019030,0.779001,-0.057621764
070003,0.3920868393,,,,,,0.3640537634,0.4265628489,1,0,0,0,0,0,1,1,3,0.3333333333,0.3942344839,-0.019030,0.779001,0.53050604
070004,0.6987290924,,,,,,1.0249376044,0.4265628489,1,0,0,0,0,0,1,1,3,0.3333333333,0.7167431819,-0.019030,0.779001,0.9445092126
070005,,0.4178105693,0.6996515989,1.149255,,-0.810850467,0.1660188843,-1.029464612,0,1,1,1,0,1,1,1,6,0.1666666667,0.0987368288,-0.019030,0.779001,0.1511768392
070006,0.2387657127,0.7738201149,0.3670979055,0.6396672142,0.2867417531,0.6950133428,-0.232353605,-0.81375684,1,1,1,1,1,1,1,1,8,0.125,0.2443744497,-0.019030,0.779001,0.3381312918
070007,-0.374518794,0.6202740132,0.5625160552,-1.105771265,,0.6516213226,-0.653753406,-0.81375684,1,1,1,1,0,1,1,1,7,0.1428571429,-0.159055559,-0.019030,0.779001,-0.179750256
070008,,,,,,,-0.048135113,0.2108550769,0,0,0,0,0,0,1,1,2,0.5,0.081359982,-0.019030,0.779001,0.1288702479
070010,0.0854445862,0.0740303592,0.6722244902,0.3547795544,-1.654639101,-0.646925058,-0.283013691,-1.245172384,1,1,1,1,1,1,1,1,8,0.125,-0.330408905,-0.019030,0.779001,-0.399715886
070011,,0.2642644676,0.4648069804,0.2838920147,,-0.245147094,0.1982571204,-0.328414353,0,1,1,1,0,1,1,1,6,0.1666666667,0.1062765227,-0.019030,0.779001,0.1608555152
070012,,,,,,,,,0,0,0,0,0,0,0,0,0,,,-0.019030,0.779001,
070016,,0.1514828176,0.6499399643,0.1969544659,,0.1293099691,0.29727456,0.80405145,0,1,1,1,0,1,1,1,6,0.1666666667,0.3715022045,-0.019030,0.779001,0.5013247006
070017,-0.52783992,0.6053270476,1.0287769037,-0.161495735,,0.5793012891,0.6795279314,1.5051017091,1,1,1,1,0,1,1,1,7,0.1428571429,0.5298141751,-0.019030,0.779001,0.704549167
070018,2.6919037378,-0.12707427,0.1048261782,-1.046921232,,-0.266039548,0.0278550151,-0.166633524,1,1,1,1,0,1,1,1,7,0.1428571429,0.1739880511,-0.019030,0.779001,0.2477765432
070020,0.6987290924,0.6460914993,0.6310838271,-0.435683389,,1.1916109066,0.0186440905,0.750124507,1,1,1,1,0,1,1,1,7,0.1428571429,0.5000857906,-0.019030,0.779001,0.6663869544
070021,0.5454079659,,,,,,1.0249376044,0.4265628489,1,0,0,0,0,0,1,1,3,0.3333333333,0.6656361397,-0.019030,0.779001,0.8789032995
070022,-0.834482173,-0.061851147,0.1476810356,0.1073419156,0.3902268733,-0.111756809,-0.471837645,-0.436268239,1,1,1,1,1,1,1,1,8,0.125,-0.158868274,-0.019030,0.779001,-0.179509838
070024,0.0854445862,0.0196777568,1.0287769037,0.9004798605,,-0.388180049,0.8015726825,1.019759222,1,1,1,1,0,1,1,1,7,0.1428571429,0.4953615661,-0.019030,0.779001,0.6603224857
070025,1.4653347253,0.2221412007,0.5796579982,0.1608419456,0.3602161884,0.5519803875,0.1038451431,1.289393937,1,1,1,1,1,1,1,1,8,0.125,0.5916764407,-0.019030,0.779001,0.783961519
070027,0.2387657127,0.9776423739,0.0705422923,0.2772045109,,1.1916109066,0.327210065,0.3726359059,1,1,1,1,0,1,1,1,7,0.1428571429,0.4936588239,-0.019030,0.779001,0.6581366821
070028,-0.9878033,-0.559177459,1.0287769037,0.4764921227,,-0.667817512,0.433135698,0.3726359059,1,1,1,1,0,1,1,1,7,0.1428571429,0.0137489086,-0.019030,0.779001,0.0420781736
070029,,0.9776423739,0.2505326934,1.149255,,,-1.977823819,0.1030011909,0,1,1,1,0,0,1,1,5,0.2,0.1005214878,-0.019030,0.779001,0.153467799
070031,-0.834482173,-0.59450665,0.2882449679,-0.578795969,,-0.564962353,0.0278550151,-0.058779638,1,1,1,1,0,1,1,1,7,0.1428571429,-0.330775257,-0.019030,0.779001,-0.40018617
070033,0.6987290924,0.0998478454,0.6379406043,0.4176420897,1.1084136071,0.3703767477,-0.055043306,0.4804897919,1,1,1,1,1,1,1,1,8,0.125,0.469799559,-0.019030,0.779001,0.6275086357
070034,,0.9776423739,0.4099527629,1.149255,,-0.825314474,0.373264688,-1.137318498,0,1,1,1,0,1,1,1,6,0.1666666667,0.1579136421,-0.019030,0.779001,0.2271418863
070035,,0.7153910674,0.7922180909,-0.039783167,-0.736726085,-0.773886894,0.4791903211,-0.220560467,0,1,1,1,1,1,1,1,7,0.1428571429,0.0308346951,-0.019030,0.779001,0.0640111319
070036,,-0.405631357,-0.904834262,-0.087933194,,-0.534427228,0.3617510323,0.3187089629,0,1,1,1,0,1,1,1,6,0.1666666667,-0.208727674,-0.019030,0.779001,-0.243514158
07003F,,0.9776423739,-3.67325805,,,,,0.5344167349,0,1,1,0,0,0,0,1,3,0.3333333333,-0.720399647,-0.019030,0.779001,-0.900345498
080001,0.2387657127,-0.260238145,-0.489999243,-0.22435827,1.1084136071,0.1180601861,0.3433291831,1.289393937,1,1,1,1,1,1,1,1,8,0.125,0.265420871,-0.019030,0.779001,0.3651485016
080003,,0.2071942351,1.0287769037,,,,0.2443117435,0.6961975639,0,1,1,0,0,0,1,1,4,0.25,0.5441201116,-0.019030,0.779001,0.7229136425
080004,-0.52783992,0.7167498824,1.0287769037,0.8456423297,,0.6275146448,0.4008974619,-1.784441814,1,1,1,1,0,1,1,1,7,0.1428571429,0.1867570697,-0.019030,0.779001,0.2641680832
080006,,0.9776423739,1.0287769037,1.149255,,,0.4676766653,0.5344167349,0,1,1,1,0,0,1,1,5,0.2,0.8315535356,-0.019030,0.779001,1.091890821
080007,,0.9776423739,0.4956624777,0.5995421917,,-1.726904226,-0.195509907,-8.633163576,0,1,1,1,0,1,1,1,6,0.1666666667,-1.413788444,-0.019030,0.779001,-1.790446024
080009,-0.9878033,,-0.387147585,-1.278308862,,1.1916109066,0.3985947307,-1.299099327,1,0,1,1,0,1,1,1,6,0.1666666667,-0.393692239,-0.019030,0.779001,-0.480952458
08002F,,,,,,,,-0.328414353,0,0,0,0,0,0,0,1,1,1,-0.328414353,-0.019030,0.779001,-0.397155487
090001,0.3920868393,-0.068645222,0.0019745204,-0.22435827,,0.4330541101,0.3018800223,-1.299099327,1,1,1,1,0,1,1,1,7,0.1428571429,-0.06615819,-0.019030,0.779001,-0.06049826
090003,,-0.012933805,-0.267153984,1.149255,,-1.606370836,-0.462626721,-4.966131452,0,1,1,1,0,1,1,1,6,0.1666666667,-1.0276603,-0.019030,0.779001,-1.294774813
090004,-1.141124426,0.1311005917,0.619084467,0.8469798305,,0.1855588841,-0.287619153,-1.622660985,1,1,1,1,0,1,1,1,7,0.1428571429,-0.181240113,-0.019030,0.779001,-0.208228482
090005,-0.374518794,-1.000792353,0.4013817914,0.3788545679,-1.677405827,-0.256396877,-0.174785326,1.127613108,1,1,1,1,1,1,1,1,8,0.125,-0.197006214,-0.019030,0.779001,-0.228467364
090008,,,-0.174587492,,,0.0055623561,-0.02280507,-0.166633524,0,0,1,0,0,1,1,1,4,0.25,-0.089615933,-0.019030,0.779001,-0.090610875
090011,-1.44776668,-0.235779474,0.6670819073,-0.164170737,1.1084136071,0.5037670318,0.6979497806,1.127613108,1,1,1,1,1,1,1,1,8,0.125,0.282138568,-0.019030,0.779001,0.3866089449
09002F,1.1586924721,0.1215888863,-3.200140425,,,,,-0.867683783,1,1,1,0,0,0,0,1,4,0.25,-0.696885712,-0.019030,0.779001,-0.87016075
100001,,-0.055057071,-0.112876497,0.1086794164,0.1925702938,-1.00370389,0.0693041758,-0.81375684,0,1,1,1,1,1,1,1,7,0.1428571429,-0.230691488,-0.019030,0.779001,-0.271709021
100002,-0.52783992,-0.002063284,0.3139578823,0.1060044149,-1.658778506,-0.348002252,0.1729270777,-0.382341296,1,1,1,1,1,1,1,1,8,0.125,-0.290766985,-0.019030,0.779001,-0.348827706
100006,0.3920868393,0.1908884544,0.2848165793,-0.231045774,-0.011295393,0.1325241928,0.5989323411,-0.436268239,1,1,1,1,1,1,1,1,8,0.125,0.1150798751,-0.019030,0.779001,0.1721563447
100007,-1.601087806,0.5591273355,0.6825096559,0.6864797405,0.5971971136,0.220915345,0.4768875899,-0.27448741,1,1,1,1,1,1,1,1,8,0.125,0.1684426955,-0.019030,0.779001,0.2406579916
100008,,0.7670260396,0.2573894705,-0.093283197,-3.511162156,-0.489428096,0.3663564946,-1.299099327,0,1,1,1,1,1,1,1,7,0.1428571429,-0.571742967,-0.019030,0.779001,-0.709515491
100012,-2.061051186,0.455857391,0.3910966256,0.4310170972,,0.9071521079,0.4907039769,0.5344167349,1,1,1,1,0,1,1,1,7,0.1428571429,0.1641703925,-0.019030,0.779001,0.2351736527
100014,,0.9776423739,0.2488184991,-1.013483713,,0.1566308707,-0.204720831,0.750124507,0,1,1,1,0,1,1,1,6,0.1666666667,0.152501951,-0.019030,0.779001,0.2201949194
100017,1.1586924721,0.4191693844,0.2402475276,-0.189583251,1.1084136071,0.1341313047,-0.428085753,-3.13261539,1,1,1,1,1,1,1,1,8,0.125,-0.086203762,-0.019030,0.779001,-0.086230685
100018,1.0053713456,-0.272467481,0.1305390926,0.1514794404,0.3364146108,-1.031024792,0.6035378034,-0.166633524,1,1,1,1,1,1,1,1,8,0.125,0.094652062,-0.019030,0.779001,0.1459332398
100019,-0.06787654,0.548256815,0.5865147754,0.1180419216,0.1025382393,-0.849421152,0.6449869641,0.911905336,1,1,1,1,1,1,1,1,8,0.125,0.2493682949,-0.019030,0.779001,0.3445418716
100022,,0.682779506,0.5505166952,0.5567421677,1.1084136071,-0.28532489,0.3548428388,-1.730514871,0,1,1,1,1,1,1,1,7,0.1428571429,0.1767792933,-0.019030,0.779001,0.2513596501
100023,-0.374518794,-0.93013397,0.2025352531,-0.871708633,,-1.241556445,0.8407191121,-1.029464612,1,1,1,1,0,1,1,1,7,0.1428571429,-0.486304013,-0.019030,0.779001,-0.599837834
100025,1.1586924721,0.8730136143,0.1956784759,0.1073419156,-0.303123432,0.3848407544,-0.2024181,0.857978393,1,1,1,1,1,1,1,1,8,0.125,0.3840005117,-0.019030,0.779001,0.5173687293
100026,,-0.207244358,-0.767698718,1.149255,,-2.575459286,0.5160340195,-0.598049068,0,1,1,1,0,1,1,1,6,0.1666666667,-0.413860402,-0.019030,0.779001,-0.50684225
100028,-0.681161047,-2.760457855,-0.839694879,-0.721908549,,-1.636905962,-0.18169352,0.1569281339,1,1,1,1,0,1,1,1,7,0.1428571429,-0.952127668,-0.019030,0.779001,-1.197813865
100029,-0.06787654,-1.041556805,0.4082385686,,,-2.276536481,0.9765802502,-0.058779638,1,1,1,0,0,1,1,1,6,0.1666666667,-0.343321774,-0.019030,0.779001,-0.416292086
100030,-0.06787654,-0.386607946,-0.042594531,,,-0.39782272,0.8038754137,0.6422706209,1,1,1,0,0,1,1,1,6,0.1666666667,0.0918740495,-0.019030,0.779001,0.1423671159
100032,-1.601087806,0.4708043566,0.2916733565,-0.49185842,,-0.669424624,0.9374338206,0.4804897919,1,1,1,1,0,1,1,1,7,0.1428571429,-0.083138504,-0.019030,0.779001,-0.082295824
100034,0.5454079659,-1.608182685,-0.064879057,-1.753121628,,0.6982275665,0.0623959824,-0.975537669,1,1,1,1,0,1,1,1,7,0.1428571429,-0.442241361,-0.019030,0.779001,-0.543274777
100035,0.5454079659,0.0699539141,0.7853613137,-1.092396257,-0.925069004,-0.860670935,0.5505749868,0.1030011909,1,1,1,1,1,1,1,1,8,0.125,-0.102979603,-0.019030,0.779001,-0.107765767
100038,,0.1949648995,-0.219156544,0.2143419756,1.1084136071,0.0055623561,0.1130560677,-0.058779638,0,1,1,1,1,1,1,1,7,0.1428571429,0.194057532,-0.019030,0.779001,0.2735396585
100039,,0.5305922193,0.5573734723,1.149255,-0.821583884,0.1116317387,0.6565006199,-0.651976011,0,1,1,1,1,1,1,1,7,0.1428571429,0.2188275936,-0.019030,0.779001,0.3053368911
100040,-0.9878033,-0.216756064,0.2848165793,0.2277169831,1.1084136071,-1.278520018,0.2880636354,0.6422706209,1,1,1,1,1,1,1,1,8,0.125,0.0085252556,-0.019030,0.779001,0.0353725904
100043,1.0053713456,,,,,0.265914477,-0.230050874,-0.27448741,1,0,0,0,0,1,1,1,4,0.25,0.1916868846,-0.019030,0.779001,0.2704964675
100044,-2.827656819,0.9776423739,0.068828098,0.2116669741,,0.1614522063,-0.110308854,-0.490195182,1,1,1,1,0,1,1,1,7,0.1428571429,-0.286938743,-0.019030,0.779001,-0.343913406
100045,,0.5523332602,1.0287769037,0.0591918886,,-0.603533038,0.3387237208,-0.867683783,0,1,1,1,0,1,1,1,6,0.1666666667,0.0846348254,-0.019030,0.779001,0.1330741518
100046,0.2387657127,0.9776423739,-0.080306806,,,0.3478771817,0.8867737352,0.4804897919,1,1,1,0,0,1,1,1,6,0.1666666667,0.4752069983,-0.019030,0.779001,0.6344501446
100047,,,1.0287769037,,,,0.2650363239,0.3726359059,0,0,1,0,0,0,1,1,3,0.3333333333,0.5554830445,-0.019030,0.779001,0.7375001958
100049,-0.374518794,-0.223550139,1.0287769037,,,,1.0249376044,0.3726359059,1,1,1,0,0,0,1,1,5,0.2,0.3656562963,-0.019030,0.779001,0.4938203308
100050,,,0.0139738805,,,1.1916109066,-0.665267062,0.5344167349,0,0,1,0,0,1,1,1,4,0.25,0.268683615,-0.019030,0.779001,0.3693368736
100051,-2.674335692,0.9776423739,1.0287769037,0.4243295934,,0.265914477,0.4699793965,0.80405145,1,1,1,1,0,1,1,1,7,0.1428571429,0.1851940718,-0.019030,0.779001,0.2621616687
100052,,0.7344144782,0.3465275739,0.0244168691,,0.6226933092,0.1867434646,0.911905336,0,1,1,1,0,1,1,1,6,0.1666666667,0.4711168385,-0.019030,0.779001,0.6291996223
100053,,0.9776423739,0.0311158235,1.149255,1.1084136071,-3.52204817,1.0249376044,0.1030011909,0,1,1,1,1,1,1,1,7,0.1428571429,0.1246167757,-0.019030,0.779001,0.1843988272
100054,,,,1.149255,,,1.0249376044,0.2108550769,0,0,0,1,0,0,1,1,3,0.3333333333,0.7950158938,-0.019030,0.779001,1.0449875911
100055,,,0.0534003493,-2.035334286,,-0.783529566,-0.273802766,0.3187089629,0,0,1,1,0,1,1,1,5,0.2,-0.544111461,-0.019030,0.779001,-0.674045033
100057,1.1586924721,0.3281287754,-0.486570854,0.0056918586,,0.3944834255,0.4400438915,-0.544122125,1,1,1,1,0,1,1,1,7,0.1428571429,0.185192492,-0.019030,0.779001,0.2621596408
100062,,0.7316968481,1.0287769037,1.149255,,0.8139396202,0.8015726825,1.235466994,0,1,1,1,0,1,1,1,6,0.1666666667,0.9601180081,-0.019030,0.779001,1.2569285389
100063,,0.9776423739,0.711650959,0.6476922187,,1.1916109066,-0.057346038,0.4804897919,0,1,1,1,0,1,1,1,6,0.1666666667,0.6586233687,-0.019030,0.779001,0.8699010324
100067,,-0.534718787,-1.78593013,0.4751546219,,0.4523394524,0.5160340195,1.451174766,0,1,1,1,0,1,1,1,6,0.1666666667,0.095675657,-0.019030,0.779001,0.1472472248
100068,-1.294445553,0.5074923633,-0.50885538,0.4992296354,,0.3751980832,-0.253078186,-0.544122125,1,1,1,1,0,1,1,1,7,0.1428571429,-0.174083023,-0.019030,0.779001,-0.199040953
100069,-0.374518794,0.9776423739,1.0287769037,0.7988298035,,1.1916109066,0.3985947307,0.2108550769,1,1,1,1,0,1,1,1,7,0.1428571429,0.6045415717,-0.019030,0.779001,0.800476438
100071,,0.9776423739,1.0287769037,,,-1.842616279,-0.167877133,0.5883436779,0,1,1,0,0,1,1,1,5,0.2,0.1168539086,-0.019030,0.779001,0.1744336648
100072,,-0.216756064,0.5693728324,0.6209422037,,0.4234114389,0.5966296099,0.5344167349,0,1,1,1,0,1,1,1,6,0.1666666667,0.4213361261,-0.019030,0.779001,0.5652963136
100073,1.3120135987,0.3607403368,0.3191004652,1.149255,,1.1916109066,0.3203018715,-0.166633524,1,1,1,1,0,1,1,1,7,0.1428571429,0.640912665,-0.019030,0.779001,0.8471658702
100075,,0.4531397609,-0.154017161,0.5701171752,-0.894023468,0.1710948774,0.4884012457,0.6422706209,0,1,1,1,1,1,1,1,7,0.1428571429,0.1824261503,-0.019030,0.779001,0.2586084986
100077,0.5454079659,0.9776423739,1.0287769037,1.149255,,0.5326950452,0.5482722557,-1.730514871,1,1,1,1,0,1,1,1,7,0.1428571429,0.4359335247,-0.019030,0.779001,0.584034938
100080,-0.221197667,-0.234420659,0.9173542745,0.1942794644,,0.1325241928,0.778545371,-0.651976011,1,1,1,1,0,1,1,1,7,0.1428571429,0.1307298522,-0.019030,0.779001,0.19224616
100084,-0.834482173,-0.578200869,-0.255154624,0.1675294494,,-1.084059483,0.6058405345,1.289393937,1,1,1,1,0,1,1,1,7,0.1428571429,-0.098447604,-0.019030,0.779001,-0.101948057
100086,-0.06787654,0.1922472694,0.8916413601,0.2852295154,,-0.407465391,0.9719747879,0.3187089629,1,1,1,1,0,1,1,1,7,0.1428571429,0.3120657092,-0.019030,0.779001,0.4250263006
100087,2.2319403581,0.1338182219,0.4699495632,0.2143419756,0.5982319648,0.1437739758,-0.165574402,2.0443711391,1,1,1,1,1,1,1,1,8,0.125,0.7088565996,-0.019030,0.779001,0.9343852373
100088,1.0053713456,-0.219473694,-0.452286968,0.6316422097,0.0197501432,-0.158363053,0.6841333937,-0.544122125,1,1,1,1,1,1,1,1,8,0.125,0.1208314065,-0.019030,0.779001,0.1795395634
100090,0.3920868393,-0.605377171,-0.318579813,0.6904922427,,-1.723690002,0.6495924264,0.3726359059,1,1,1,1,0,1,1,1,7,0.1428571429,-0.07754851,-0.019030,0.779001,-0.075119971
100092,,0.9776423739,1.0287769037,1.149255,,-0.59710459,0.6081432657,0.750124507,0,1,1,1,0,1,1,1,6,0.1666666667,0.6528062433,-0.019030,0.779001,0.862433611
100093,1.3120135987,0.6080446777,1.0287769037,0.7185797585,,0.4748390184,0.0048277035,0.3187089629,1,1,1,1,0,1,1,1,7,0.1428571429,0.6379700891,-0.019030,0.779001,0.8433884969
100099,,,,1.149255,,,0.3985947307,0.4265628489,0,0,0,1,0,0,1,1,3,0.3333333333,0.6581375266,-0.019030,0.779001,0.8692773587
10009F,1.7719769784,0.4490633157,0.497376672,,,,,-1.299099327,1,1,1,0,0,0,0,1,4,0.25,0.3548294097,-0.019030,0.779001,0.4799218982
100105,-0.52783992,0.6134799379,0.0088312976,-0.000995645,,0.0216334747,-0.26228911,0.0490742479,1,1,1,1,0,1,1,1,7,0.1428571429,-0.014015102,-0.019030,0.779001,0.0064376196
100107,,,,,,,-1.13962968,0.4265628489,0,0,0,0,0,0,1,1,2,0.5,-0.356533415,-0.019030,0.779001,-0.433251818
100109,,0.4300399049,1.0287769037,1.149255,,0.2578789177,-0.057346038,-0.975537669,0,1,1,1,0,1,1,1,6,0.1666666667,0.3055111699,-0.019030,0.779001,0.4166122639
100110,,0.7697436698,1.0287769037,-0.680446026,-0.546313464,-0.375323154,0.9811857125,0.2108550769,0,1,1,1,1,1,1,1,7,0.1428571429,0.1983541027,-0.019030,0.779001,0.2790551497
100113,0.2387657127,0.4123753091,0.64822577,0.5273171512,0.5154438686,-0.28532489,-0.216234487,-0.975537669,1,1,1,1,1,1,1,1,8,0.125,0.1081288457,-0.019030,0.779001,0.163233335
100117,0.2387657127,0.9776423739,1.0287769037,-0.192258252,0.2505219611,-0.920134073,0.838416381,0.2108550769,1,1,1,1,1,1,1,1,8,0.125,0.3040732604,-0.019030,0.779001,0.414766425
100118,-0.834482173,-0.038751291,-3.13842943,0.3347170432,,-0.926562521,0.0693041758,-0.759829897,1,1,1,1,0,1,1,1,7,0.1428571429,-0.756290585,-0.019030,0.779001,-0.946418556
100121,,-0.873063737,-1.647080392,,,,0.1291751858,-0.436268239,0,1,1,0,0,0,1,1,4,0.25,-0.706809296,-0.019030,0.779001,-0.882899616
100122,,0.1392534821,-0.284295927,-1.741084121,,-0.950669199,0.207468045,-0.058779638,0,1,1,1,0,1,1,1,6,0.1666666667,-0.448017893,-0.019030,0.779001,-0.55069009
100124,0.852050219,0.0332659074,0.2179630017,1.149255,,,-2.588047575,0.5344167349,1,1,1,1,0,0,1,1,6,0.1666666667,0.033150548,-0.019030,0.779001,0.0669839834
100125,,,,-0.423645882,,1.1916109066,1.0249376044,-0.112706581,0,0,0,1,0,1,1,1,4,0.25,0.4200490119,-0.019030,0.779001,0.5636440501
100126,0.5454079659,,1.0287769037,1.149255,,,1.0249376044,-0.004852695,1,0,1,1,0,0,1,1,5,0.2,0.7487049558,-0.019030,0.779001,0.9855384185
100127,0.5454079659,-0.234420659,-0.284295927,-0.406258372,-1.262430495,0.5053741437,0.3709619569,0.5883436779,1,1,1,1,1,1,1,1,8,0.125,-0.022164714,-0.019030,0.779001,-0.004024005
100128,-0.221197667,-0.818711135,0.3773830713,0.0819294014,0.0435517208,-0.491035208,0.147597035,-2.269784301,1,1,1,1,1,1,1,1,8,0.125,-0.393783385,-0.019030,0.779001,-0.481069461
100130,,,,,,,1.0249376044,0.1569281339,0,0,0,0,0,0,1,1,2,0.5,0.5909328691,-0.019030,0.779001,0.783006999
100131,0.0854445862,0.5890212668,1.0287769037,0.2237044809,,0.8139396202,0.9673693256,0.911905336,1,1,1,1,0,1,1,1,7,0.1428571429,0.6600230742,-0.019030,0.779001,0.8716978289
100132,,-0.700494225,-0.287724316,0.2344044869,,0.3125207208,0.8522327679,0.1030011909,0,1,1,1,0,1,1,1,6,0.1666666667,0.085656771,-0.019030,0.779001,0.1343860194
100134,,,,,,,,,0,0,0,0,0,0,0,0,0,,,-0.019030,0.779001,
100135,-2.521014566,-0.186862132,0.7013657932,0.1153669201,1.1084136071,-0.635675275,-0.257683648,-0.112706581,1,1,1,1,1,1,1,1,8,0.125,-0.223599485,-0.019030,0.779001,-0.262605045
100137,0.0854445862,-0.018369065,0.2848165793,-0.589495975,,-0.672638848,0.6818306626,-1.406953213,1,1,1,1,0,1,1,1,7,0.1428571429,-0.23362361,-0.019030,0.779001,-0.275472976
100140,,,,0.0979794104,,,1.0249376044,0.4265628489,0,0,0,1,0,0,1,1,3,0.3333333333,0.5164932879,-0.019030,0.779001,0.6874491955
100142,-0.52783992,,,,,,-0.86099921,-0.382341296,1,0,0,0,0,0,1,1,3,0.3333333333,-0.590393475,-0.019030,0.779001,-0.733457076
100150,0.3920868393,,1.0287769037,-1.048258733,,,0.4999149015,0.4804897919,1,0,1,1,0,0,1,1,5,0.2,0.2706019408,-0.019030,0.779001,0.371799421
100151,-1.294445553,0.2601880224,0.2539610819,0.4484046069,1.1084136071,0.5069812555,0.1429915727,1.289393937,1,1,1,1,1,1,1,1,8,0.125,0.3394860663,-0.019030,0.779001,0.4602257074
100154,,0.4708043566,1.0287769037,0.5019046369,1.1084136071,0.8010827253,0.4976121703,1.34332088,0,1,1,1,1,1,1,1,7,0.1428571429,0.8217021829,-0.019030,0.779001,1.0792446775
100156,,-0.82822284,-0.702559335,1.149255,,1.1916109066,0.552877718,0.911905336,0,1,1,1,0,1,1,1,6,0.1666666667,0.3791444642,-0.019030,0.779001,0.5111350399
100157,-0.221197667,-0.48444263,0.190535893,0.3962420777,-0.894023468,-0.065150566,0.0969369497,-1.245172384,1,1,1,1,1,1,1,1,8,0.125,-0.278283974,-0.019030,0.779001,-0.332803313
10015F,,,,,,,,0.2647820199,0,0,0,0,0,0,0,1,1,1,0.2647820199,-0.019030,0.779001,0.364328411
100161,0.2387657127,-2.135402928,0.2488184991,0.2919170192,,-1.328340485,0.7324907479,-0.544122125,1,1,1,1,0,1,1,1,7,0.1428571429,-0.356553366,-0.019030,0.779001,-0.433277428
100166,1.7719769784,0.9776423739,1.0287769037,0.5915171872,,0.2450220228,0.6749224691,0.965832279,1,1,1,1,0,1,1,1,7,0.1428571429,0.8936700306,-0.019030,0.779001,1.1716295263
100167,-0.374518794,-1.703299739,1.0287769037,-1.159271295,-1.848156275,0.3205562801,0.7992699514,-1.029464612,1,1,1,1,1,1,1,1,8,0.125,-0.495763447,-0.019030,0.779001,-0.611980874
100168,-1.141124426,0.5197216988,0.0499719607,0.9606673942,1.1084136071,0.2948424904,0.5505749868,-0.27448741,1,1,1,1,1,1,1,1,8,0.125,0.2585725377,-0.019030,0.779001,0.3563573226
100173,0.0854445862,-0.553742198,-0.729986444,0.1982919666,0.3022645212,-0.516748997,0.0831205628,-1.784441814,1,1,1,1,1,1,1,1,8,0.125,-0.364474727,-0.019030,0.779001,-0.44344605
100175,,,,,,,-1.991640206,0.1569281339,0,0,0,0,0,0,1,1,2,0.5,-0.917356036,-0.019030,0.779001,-1.153177655
100176,-1.294445553,0.1677885983,-0.270582373,0.4657921167,,0.7448338103,0.1153587989,-1.838368757,1,1,1,1,0,1,1,1,7,0.1428571429,-0.272803337,-0.019030,0.779001,-0.325767839
100177,0.0854445862,0.9776423739,1.0287769037,1.149255,,1.1916109066,0.628867846,-0.81375684,1,1,1,1,0,1,1,1,7,0.1428571429,0.6068343966,-0.019030,0.779001,0.8034197285
100179,0.0854445862,0.9776423739,1.0287769037,1.0007924167,,0.0537757118,0.9098010467,-1.083391555,1,1,1,1,0,1,1,1,7,0.1428571429,0.4246916405,-0.019030,0.779001,0.5696037746
100180,,,1.0287769037,-0.101308201,1.1084136071,,0.7670317152,0.3726359059,0,0,1,1,1,0,1,1,5,0.2,0.6351099861,-0.019030,0.779001,0.8397169938
100181,,-0.269749851,1.0287769037,,,,1.0249376044,0.1569281339,0,1,1,0,0,0,1,1,4,0.25,0.4852231978,-0.019030,0.779001,0.6473079013
100183,,,,,,,0.5574831803,0.5344167349,0,0,0,0,0,0,1,1,2,0.5,0.5459499576,-0.019030,0.779001,0.7252626089
100187,-0.221197667,0.2982348441,-0.657990284,-0.097295699,,0.3012709378,0.8061781448,0.3187089629,1,1,1,1,0,1,1,1,7,0.1428571429,0.1068441771,-0.019030,0.779001,0.161584211
100189,,0.3281287754,0.2385333333,-0.047808171,-0.015434798,-0.716030868,0.3686592257,0.4265628489,0,1,1,1,1,1,1,1,7,0.1428571429,0.0832300495,-0.019030,0.779001,0.1312708464
100191,-1.141124426,0.1664297833,1.0287769037,0.5139421437,0.5040605054,-0.904062955,0.3456319142,1.235466994,1,1,1,1,1,1,1,1,8,0.125,0.2186401079,-0.019030,0.779001,0.3050962164
100200,,0.2452410567,-0.760841941,0.4510796084,1.1084136071,0.344662958,0.8407191121,-1.35302627,0,1,1,1,1,1,1,1,7,0.1428571429,0.1251783044,-0.019030,0.779001,0.1851196595
100204,0.5454079659,0.9776423739,0.0602571265,0.1916044629,-1.330730675,-0.264432436,0.7255825545,2.2600789112,1,1,1,1,1,1,1,1,8,0.125,0.3956762855,-0.019030,0.779001,0.5323568752
100206,,,,1.149255,,,1.0249376044,0.5883436779,0,0,0,1,0,0,1,1,3,0.3333333333,0.9208454274,-0.019030,0.779001,1.2065144784
100209,,0.4640102813,1.0287769037,0.860354838,-0.598056024,0.0537757118,0.8867737352,0.857978393,0,1,1,1,1,1,1,1,7,0.1428571429,0.5076591199,-0.019030,0.779001,0.676108808
100211,,,,1.149255,,,1.0249376044,0.750124507,0,0,0,1,0,0,1,1,3,0.3333333333,0.9747723705,-0.019030,0.779001,1.2757402873
100212,1.3120135987,0.7507202589,0.9447813832,0.5701171752,,0.6853706716,0.9167092402,-5.020058395,1,1,1,1,0,1,1,1,7,0.1428571429,0.0228077047,-0.019030,0.779001,0.0537069153
100213,1.925298105,0.8105081216,0.5008050606,1.149255,,0.8428676336,0.4791903211,0.2647820199,1,1,1,1,0,1,1,1,7,0.1428571429,0.8532437517,-0.019030,0.779001,1.1197344678
100217,0.5454079659,0.9776423739,-0.068307446,0.1902669621,,,0.5160340195,-0.166633524,1,1,1,1,0,0,1,1,6,0.1666666667,0.3324017253,-0.019030,0.779001,0.4511315661
100220,-0.221197667,0.4395516103,0.9413529946,0.0337793744,1.1084136071,0.4668034591,0.3087882158,-0.436268239,1,1,1,1,1,1,1,1,8,0.125,0.3301529194,-0.019030,0.779001,0.4482447827
100223,0.6987290924,0.252035132,0.7750761479,0.646354718,,-0.502284991,0.6058405345,0.6961975639,1,1,1,1,0,1,1,1,7,0.1428571429,0.4531354569,-0.019030,0.779001,0.606116992
100224,0.3920868393,-1.643511876,1.0287769037,,,1.1916109066,0.5091258261,0.911905336,1,1,1,0,0,1,1,1,6,0.1666666667,0.3983323226,-0.019030,0.779001,0.5357664198
100226,-1.141124426,0.5034159181,-0.24144107,0.0337793744,,0.4941243607,0.6173541903,1.5590286521,1,1,1,1,0,1,1,1,7,0.1428571429,0.2607338571,-0.019030,0.779001,0.3591318
100228,,0.707238177,0.601942524,0.865704841,,0.3430558461,0.9051955844,0.80405145,0,1,1,1,0,1,1,1,6,0.1666666667,0.7045314038,-0.019030,0.779001,0.928833
100230,,-0.394760836,0.2916733565,0.4497421077,,-2.246001355,-0.411966635,0.3726359059,0,1,1,1,0,1,1,1,6,0.1666666667,-0.323112909,-0.019030,0.779001,-0.390350044
100231,0.3920868393,0.7031617318,0.8059316453,-0.86635863,0.2463825563,0.7930471661,1.0249376044,-0.058779638,1,1,1,1,1,1,1,1,8,0.125,0.3800511593,-0.019030,0.779001,0.5122989609
100232,-1.294445553,-0.71272356,-0.083735194,,,-1.980827899,0.7509125972,0.6422706209,1,1,1,0,0,1,1,1,6,0.1666666667,-0.446424831,-0.019030,0.779001,-0.548645083
100236,1.7719769784,-0.318667193,0.387668237,0.1809044569,,0.4957314725,0.387081075,0.4804897919,1,1,1,1,0,1,1,1,7,0.1428571429,0.4835978312,-0.019030,0.779001,0.6452214246
100238,-0.9878033,0.343075741,0.6036567183,,,0.2803784837,0.6910415872,-0.27448741,1,1,1,0,0,1,1,1,6,0.1666666667,0.1093103034,-0.019030,0.779001,0.1647499677
100242,-2.367693439,-1.489965774,0.7476490392,1.149255,,-0.31103868,0.4837957834,1.6129555951,1,1,1,1,0,1,1,1,7,0.1428571429,-0.025006068,-0.019030,0.779001,-0.00767144
100243,0.3920868393,0.31861707,0.5042334492,0.4550921107,1.1084136071,-0.012115874,0.8269027252,0.965832279,1,1,1,1,1,1,1,1,8,0.125,0.5698827758,-0.019030,0.779001,0.7559850753
100244,-1.754408933,-0.097180338,1.0287769037,0.8643673402,,0.8316178506,0.6657115445,0.911905336,1,1,1,1,0,1,1,1,7,0.1428571429,0.3501128149,-0.019030,0.779001,0.4738672236
100246,,0.5672802259,0.2693888306,-1.152583791,,0.0152050273,0.4814930522,0.5883436779,0,1,1,1,0,1,1,1,6,0.1666666667,0.1281878372,-0.019030,0.779001,0.1889829851
100248,,0.3240523302,0.1339674812,-0.787446086,,-0.679067295,0.4446493538,-0.81375684,0,1,1,1,0,1,1,1,6,0.1666666667,-0.229600176,-0.019030,0.779001,-0.270308108
100249,1.7719769784,0.9776423739,1.0287769037,1.149255,,,-0.90014564,0.1569281339,1,1,1,1,0,0,1,1,6,0.1666666667,0.6974056251,-0.019030,0.779001,0.9196856654
100252,,,,1.149255,,,1.0249376044,0.5883436779,0,0,0,1,0,0,1,1,3,0.3333333333,0.9208454274,-0.019030,0.779001,1.2065144784
100253,1.925298105,0.9776423739,1.0287769037,1.149255,1.1084136071,1.1916109066,1.0249376044,-0.004852695,1,1,1,1,1,1,1,1,8,0.125,1.0501352257,-0.019030,0.779001,1.3724832941
100254,0.3920868393,0.9776423739,1.0287769037,-0.189583251,0.214302169,0.6966204546,0.8591409614,0.750124507,1,1,1,1,1,1,1,1,8,0.125,0.5911388698,-0.019030,0.779001,0.7832714412
100256,0.6987290924,0.3172582549,0.1682513671,0.2571419996,,-0.010508762,0.3594483011,-0.058779638,1,1,1,1,0,1,1,1,7,0.1428571429,0.247362945,-0.019030,0.779001,0.3419676116
100258,-2.674335692,-1.029327469,0.5642302495,-1.623384055,,-0.290146226,0.3709619569,-0.166633524,1,1,1,1,0,1,1,1,7,0.1428571429,-0.692662109,-0.019030,0.779001,-0.864738926
100259,,-0.290132077,0.0448293778,,,0.0666326067,0.5874186853,0.3187089629,0,1,1,0,0,1,1,1,5,0.2,0.1454915112,-0.019030,0.779001,0.2111956448
100260,0.6987290924,0.9776423739,0.3139578823,-0.019720656,,-0.357644924,0.8637464237,1.073686165,1,1,1,1,0,1,1,1,7,0.1428571429,0.5071994797,-0.019030,0.779001,0.6755187698
100264,-3.287620198,0.5455391849,0.6825096559,0.7011922487,,-0.192112402,0.6219596526,0.6422706209,1,1,1,1,0,1,1,1,7,0.1428571429,-0.040894463,-0.019030,0.779001,-0.028067311
100265,,-0.261596961,0.5470883066,0.0685543939,0.2474174075,0.0328832577,-0.025107801,1.127613108,0,1,1,1,1,1,1,1,7,0.1428571429,0.2481216731,-0.019030,0.779001,0.342941588
100266,-0.52783992,,,0.3855420717,,,-2.076841259,0.2647820199,1,0,0,1,0,0,1,1,4,0.25,-0.488589272,-0.019030,0.779001,-0.602771412
100267,0.2387657127,,,,,,0.6956470495,0.3726359059,1,0,0,0,0,0,1,1,3,0.3333333333,0.4356828894,-0.019030,0.779001,0.5837131984
100268,,-0.576842054,-0.037451948,-2.758922192,,-0.926562521,0.5689968361,0.4265628489,0,1,1,1,0,1,1,1,6,0.1666666667,-0.550703172,-0.019030,0.779001,-0.682506786
100269,,0.2126294953,1.0287769037,-0.688471031,-0.353831141,-0.073186125,0.8545354991,-0.27448741,0,1,1,1,1,1,1,1,7,0.1428571429,0.1008523131,-0.019030,0.779001,0.1538924783
100275,-0.681161047,-0.24529118,0.7733619536,0.1407794344,1.1084136071,0.0891321727,0.3502373765,0.4265628489,1,1,1,1,1,1,1,1,8,0.125,0.2452543958,-0.019030,0.779001,0.3392608752
100276,,0.3498698163,0.7630767879,-0.737958558,0.0269941016,0.7287626918,0.8061781448,0.5883436779,0,1,1,1,1,1,1,1,7,0.1428571429,0.3607523803,-0.019030,0.779001,0.4875251927
100277,,,,,,,,,0,0,0,0,0,0,0,0,0,,,-0.019030,0.779001,
100281,0.0854445862,0.6365797939,-0.148874578,0.1795669561,-1.410414217,-0.454071635,-0.133336166,-2.809053732,1,1,1,1,1,1,1,1,8,0.125,-0.506769874,-0.019030,0.779001,-0.626109781
100284,,,1.0287769037,,1.1084136071,,0.4078056553,0.4804897919,0,0,1,0,1,0,1,1,4,0.25,0.7563714895,-0.019030,0.779001,0.9953799183
100285,,-0.303720227,1.0287769037,0.5661046729,-0.356935694,1.1916109066,0.1821380023,0.0490742479,0,1,1,1,1,1,1,1,7,0.1428571429,0.3367212589,-0.019030,0.779001,0.4566765347
100286,1.0053713456,-1.091832962,-0.795125827,0.7453297735,,0.4909101369,-0.276105497,-0.27448741,1,1,1,1,0,1,1,1,7,0.1428571429,-0.027991492,-0.019030,0.779001,-0.011503817
100287,0.3920868393,0.2465998718,-1.657365558,-1.09640876,-0.285530961,1.1916109066,0.4492548161,-0.004852695,1,1,1,1,1,1,1,1,8,0.125,-0.095575693,-0.019030,0.779001,-0.098261395
100288,0.0854445862,0.6664737252,-1.057397555,0.6757797345,,-0.140684823,0.1729270777,0.4804897919,1,1,1,1,0,1,1,1,7,0.1428571429,0.1261475054,-0.019030,0.779001,0.1863638191
100289,-1.141124426,0.6229916433,0.6465115757,-0.511920932,-0.498710309,-1.161200852,0.3755674192,0.2647820199,1,1,1,1,1,1,1,1,8,0.125,-0.175387983,-0.019030,0.779001,-0.200716125
100290,-0.374518794,-1.485889329,-0.424859859,0.4430546039,,-1.686726429,0.2558253992,1.6129555951,1,1,1,1,0,1,1,1,7,0.1428571429,-0.237165545,-0.019030,0.779001,-0.280019743
100291,-1.907730059,,,-0.506570929,,,1.0249376044,-0.220560467,1,0,0,1,0,0,1,1,4,0.25,-0.402480963,-0.019030,0.779001,-0.492234508
100292,,-0.147456495,-0.030595171,-0.172195741,,,0.1222669924,0.6961975639,0,1,1,1,0,0,1,1,5,0.2,0.0936434297,-0.019030,0.779001,0.1446384624
100296,1.6186558519,,,,,,0.2604308615,0.5344167349,1,0,0,0,0,0,1,1,3,0.3333333333,0.8045011494,-0.019030,0.779001,1.0571637772
100299,0.852050219,0.1895296393,1.0287769037,0.1488044389,,-0.082828796,0.7624262529,1.34332088,1,1,1,1,0,1,1,1,7,0.1428571429,0.6060113626,-0.019030,0.779001,0.8023632029
100302,,,,,,,-0.004383221,0.1030011909,0,0,0,0,0,0,1,1,2,0.5,0.0493089849,-0.019030,0.779001,0.0877265065
100307,0.2387657127,0.0020131611,0.589943164,0.7225922607,,0.2691287007,0.5874186853,0.6961975639,1,1,1,1,0,1,1,1,7,0.1428571429,0.4437227498,-0.019030,0.779001,0.5940339362
100313,,,,,,,,0.0490742479,0,0,0,0,0,0,0,1,1,1,0.0490742479,-0.019030,0.779001,0.0874251755
100314,,0.9776423739,0.0791132637,0.3895545739,1.1084136071,-0.759422888,0.6012350722,0.5883436779,0,1,1,1,1,1,1,1,7,0.1428571429,0.426411383,-0.019030,0.779001,0.5718114014
100315,1.1586924721,0.0142424966,-1.77393077,-0.006345648,,0.0312761458,0.207468045,-0.867683783,1,1,1,1,0,1,1,1,7,0.1428571429,-0.176611577,-0.019030,0.779001,-0.202286849
100316,0.5454079659,,1.0287769037,0.6222797044,,-0.3544307,0.4699793965,0.857978393,1,0,1,1,0,1,1,1,6,0.1666666667,0.5283319439,-0.019030,0.779001,0.7026464326
100319,-0.52783992,0.3851990079,0.5779438039,0.5607546699,,0.5953724076,0.6956470495,0.3187089629,1,1,1,1,0,1,1,1,7,0.1428571429,0.3722551402,-0.019030,0.779001,0.5022912413
100320,,,,,,,1.0249376044,0.4265628489,0,0,0,0,0,0,1,1,2,0.5,0.7257502267,-0.019030,0.779001,0.9560715212
100321,0.6987290924,0.9776423739,1.0287769037,0.3654795604,,0.1228815217,0.0025249724,0.4265628489,1,1,1,1,0,1,1,1,7,0.1428571429,0.5175138962,-0.019030,0.779001,0.6887593464
100329,-1.141124426,,,1.149255,-0.097188043,,1.0249376044,0.5344167349,1,0,0,1,1,0,1,1,5,0.2,0.2940593741,-0.019030,0.779001,0.4019116377
100330,,,,,,,-0.255380917,-0.598049068,0,0,0,0,0,0,1,1,2,0.5,-0.426714992,-0.019030,0.779001,-0.523343638
100350,,,,,,,1.0249376044,0.3726359059,0,0,0,0,0,0,1,1,2,0.5,0.6987867551,-0.019030,0.779001,0.9214586167
100359,1.0053713456,0.9776423739,-0.28943851,0.5447046609,,0.4298398864,-0.884026522,1.397247823,1,1,1,1,0,1,1,1,7,0.1428571429,0.4544772941,-0.019030,0.779001,0.6078395032
100360,,0.9776423739,,0.0725668961,0.784505181,1.1916109066,0.7693344464,0.1030011909,0,1,0,1,1,1,1,1,6,0.1666666667,0.6497768325,-0.019030,0.779001,0.8585447679
100361,,,,,,,1.0249376044,0.2647820199,0,0,0,0,0,0,1,1,2,0.5,0.6448598121,-0.019030,0.779001,0.8522328079
100362,,,,,,,1.0249376044,-0.004852695,0,0,0,0,0,0,1,1,2,0.5,0.5100424546,-0.019030,0.779001,0.6791682857
100363,,,,,,,1.0249376044,,0,0,0,0,0,0,1,0,1,1,1.0249376044,-0.019030,0.779001,1.3401372048
10057F,0.0854445862,-0.175991612,0.127110704,,,,,-0.382341296,1,1,1,0,0,0,0,1,4,0.25,-0.086444404,-0.019030,0.779001,-0.086539596
10063F,0.3920868393,0.8648607239,-0.620278009,,,,,0.6961975639,1,1,1,0,0,0,0,1,4,0.25,0.3332167795,-0.019030,0.779001,0.4521778482
10064F,-0.221197667,-2.551200336,-0.803696799,,,,,1.181540051,1,1,1,0,0,0,0,1,4,0.25,-0.598638688,-0.019030,0.779001,-0.744041423
10065F,0.0854445862,-1.354084268,-0.60485026,,,,,-1.838368757,1,1,1,0,0,0,0,1,4,0.25,-0.927964675,-0.019030,0.779001,-1.166795924
10099F,1.7719769784,-0.307796673,0.1356816755,,,,,0.5883436779,1,1,1,0,0,0,0,1,4,0.25,0.5470514148,-0.019030,0.779001,0.7266765452
101300,,,,,,,-0.264591841,,0,0,0,0,0,0,1,0,1,1,-0.264591841,-0.019030,0.779001,-0.315226774
101303,,,,,,,,,0,0,0,0,0,0,0,0,0,,,-0.019030,0.779001,
101304,,,,,,,,,0,0,0,0,0,0,0,0,0,,,-0.019030,0.779001,
101307,,,,,,,,,0,0,0,0,0,0,0,0,0,,,-0.019030,0.779001,
101308,,,,,,,,,0,0,0,0,0,0,0,0,0,,,-0.019030,0.779001,
101309,,,,,,,,,0,0,0,0,0,0,0,0,0,,,-0.019030,0.779001,
101311,,,,,,,,,0,0,0,0,0,0,0,0,0,,,-0.019030,0.779001,
101312,,,,,,,,,0,0,0,0,0,0,0,0,0,,,-0.019030,0.779001,
101313,,,,,,,,,0,0,0,0,0,0,0,0,0,,,-0.019030,0.779001,
110001,,-0.673317924,1.0287769037,-0.416958378,,-1.231913774,0.1959543893,-1.029464612,0,1,1,1,0,1,1,1,6,0.1666666667,-0.354487233,-0.019030,0.779001,-0.430625141
110002,,,0.0825416523,1.149255,,,0.071606907,-0.058779638,0,0,1,1,0,0,1,1,4,0.25,0.3111559803,-0.019030,0.779001,0.4238584852
110003,,0.9776423739,-0.080306806,-0.93590867,,1.1916109066,0.8269027252,0.5883436779,0,1,1,1,0,1,1,1,6,0.1666666667,0.4280473681,-0.019030,0.779001,0.5739115091
110005,0.5454079659,0.0088072364,-1.103680801,-0.422308381,-0.235858104,0.4234114389,-0.294527346,-0.436268239,1,1,1,1,1,1,1,1,8,0.125,-0.189377029,-0.019030,0.779001,-0.218673809
110006,-4.207546958,-1.049709695,-3.037291966,-0.34874584,,-1.02941768,0.3110909469,-2.970834561,1,1,1,1,0,1,1,1,7,0.1428571429,-1.761779393,-0.019030,0.779001,-2.237160664
110007,,0.0984890303,0.8213593939,1.149255,1.1084136071,-0.213004856,0.9834884436,-2.161930415,0,1,1,1,1,1,1,1,7,0.1428571429,0.2551528862,-0.019030,0.779001,0.3519675291
110008,-0.221197667,0.593097712,-0.711130307,-0.818208603,-1.001647993,0.5391234927,-0.785009082,-1.299099327,1,1,1,1,1,1,1,1,8,0.125,-0.463008972,-0.019030,0.779001,-0.56993408
110010,-0.52783992,-0.379813871,-0.380290808,-0.165508237,-0.101327447,-0.134256375,0.1982571204,-3.024761504,1,1,1,1,1,1,1,1,8,0.125,-0.56444263,-0.019030,0.779001,-0.700144076
110011,,-0.398837282,-0.152302966,-0.021058156,,-1.787974476,-0.335976507,-2.539419016,0,1,1,1,0,1,1,1,6,0.1666666667,-0.872594734,-0.019030,0.779001,-1.095717744
110015,,,-0.573994763,,,,0.3640537634,-1.299099327,0,0,1,0,0,0,1,1,3,0.3333333333,-0.503013442,-0.019030,0.779001,-0.621287664
110016,,-1.019815764,-0.140303606,-0.9907462,,-6.956446208,0.8614436925,0.6422706209,0,1,1,1,0,1,1,1,6,0.1666666667,-1.267266244,-0.019030,0.779001,-1.60235604
110018,,0.2724173579,1.0287769037,1.149255,0.321926694,1.1916109066,0.3364209896,0.2108550769,0,1,1,1,1,1,1,1,7,0.1428571429,0.6444661327,-0.019030,0.779001,0.8517274431
110023,,0.9776423739,-5.944565492,-4.049610416,,-0.126220816,0.4907039769,0.6422706209,0,1,1,1,0,1,1,1,6,0.1666666667,-1.334963292,-0.019030,0.779001,-1.68925848
110024,,-0.287414447,-0.457429551,0.6008796924,-0.029922714,-0.51032055,-1.250160775,-1.460880156,0,1,1,1,1,1,1,1,7,0.1428571429,-0.4850355,-0.019030,0.779001,-0.598209449
110025,0.2387657127,-1.371748864,-0.897977485,-4.886885886,1.1084136071,-0.208183521,-0.204720831,-1.8922957,1,1,1,1,1,1,1,1,8,0.125,-1.014329121,-0.019030,0.779001,-1.27766163
110027,,,,,,,1.0249376044,-1.083391555,0,0,0,0,0,0,1,1,2,0.5,-0.029226975,-0.019030,0.779001,-0.013089803
110028,-0.681161047,0.2873643236,0.2899591622,0.790804799,0.4088541949,-0.209790633,0.0439741331,0.2647820199,1,1,1,1,1,1,1,1,8,0.125,0.1493483692,-0.019030,0.779001,0.2161466785
110029,0.0854445862,0.3498698163,-1.192818904,-0.268495795,-0.106501703,-0.547284123,-0.856393748,-0.220560467,1,1,1,1,1,1,1,1,8,0.125,-0.344592542,-0.019030,0.779001,-0.417923366
110030,0.6987290924,0.2656232826,0.3191004652,0.3895545739,,0.6098364144,0.8176918006,0.6422706209,1,1,1,1,0,1,1,1,7,0.1428571429,0.5346866072,-0.019030,0.779001,0.7108038893
110031,,0.6691913554,0.4099527629,1.149255,-0.587707512,-2.053147933,0.8591409614,0.2647820199,0,1,1,1,1,1,1,1,7,0.1428571429,0.1016380935,-0.019030,0.779001,0.1549011816
110032,,,,,,,-1.144235142,0.2108550769,0,0,0,0,0,0,1,1,2,0.5,-0.466690032,-0.019030,0.779001,-0.574659443
110034,,-0.480366185,-0.371719836,-1.702296599,-1.622558713,-0.764244223,0.3249073338,-2.215857358,0,1,1,1,1,1,1,1,7,0.1428571429,-0.976019369,-0.019030,0.779001,-1.228483549
110035,-0.06787654,0.2248588309,0.4853773119,-0.007683149,0.4212724093,-0.675853071,0.2258898942,-0.058779638,1,1,1,1,1,1,1,1,8,0.125,0.068400756,-0.019030,0.779001,0.1122345394
110036,0.6987290924,0.1637121532,0.1493952299,0.6276297074,-1.006822249,0.1839517723,0.3226046027,-1.029464612,1,1,1,1,1,1,1,1,8,0.125,0.0137169621,-0.019030,0.779001,0.042037164
110038,0.2387657127,-0.483083815,-0.380290808,0.3681545619,,0.1212744098,0.2949718288,0.911905336,1,1,1,1,0,1,1,1,7,0.1428571429,0.1530996038,-0.019030,0.779001,0.2209621239
110041,,,,,,,1.0249376044,0.1030011909,0,0,0,0,0,0,1,1,2,0.5,0.5639693976,-0.019030,0.779001,0.7483940946
110042,,0.9776423739,-0.675132227,-1.124496275,,-1.071202588,0.7025552429,0.6961975639,0,1,1,1,0,1,1,1,6,0.1666666667,-0.082405985,-0.019030,0.779001,-0.081355492
110043,-2.061051186,0.4640102813,0.0002603261,0.1421169351,,0.6259075329,-0.679083449,-3.617957877,1,1,1,1,0,1,1,1,7,0.1428571429,-0.732256777,-0.019030,0.779001,-0.915566449
110044,,,-6.373114066,,,,1.0249376044,-0.166633524,0,0,1,0,0,0,1,1,3,0.3333333333,-1.838269995,-0.019030,0.779001,-2.335351355
110045,,,,,,,-4.09633648,,0,0,0,0,0,0,1,0,1,1,-4.09633648,-0.019030,0.779001,-5.234022598
110046,,,,,,,0.4285302357,0.4265628489,0,0,0,0,0,0,1,1,2,0.5,0.4275465423,-0.019030,0.779001,0.573268601
110050,,,,,,,,,0,0,0,0,0,0,0,0,0,,,-0.019030,0.779001,
110051,-0.681161047,,1.0287769037,1.149255,,,-2.670945896,-0.058779638,1,0,1,1,0,0,1,1,5,0.2,-0.246570935,-0.019030,0.779001,-0.292093407
110054,-0.9878033,-0.434166473,-0.171159103,-0.788783587,-1.039937487,-1.58387127,0.0232495528,0.4265628489,1,1,1,1,1,1,1,1,8,0.125,-0.569488602,-0.019030,0.779001,-0.706621571
110064,,-0.057774702,0.1391100641,-0.138758222,-1.301754841,0.1614522063,0.7578207906,-1.514807099,0,1,1,1,1,1,1,1,7,0.1428571429,-0.279244543,-0.019030,0.779001,-0.334036391
110069,-0.9878033,0.1664297833,-0.442001802,0.8670423417,,-1.841009168,-0.630726095,-0.382341296,1,1,1,1,0,1,1,1,7,0.1428571429,-0.464344219,-0.019030,0.779001,-0.571648132
110071,,,,,,,,,0,0,0,0,0,0,0,0,0,,,-0.019030,0.779001,
110073,,,,,,,,-0.867683783,0,0,0,0,0,0,0,1,1,1,-0.867683783,-0.019030,0.779001,-1.089413575
110074,,0.3634579669,-0.160873938,0.1501419396,-2.665688724,0.7448338103,0.5390613311,0.4804897919,0,1,1,1,1,1,1,1,7,0.1428571429,-0.07836826,-0.019030,0.779001,-0.076172281
110075,0.2387657127,-0.94372212,0.5933715526,0.6824672382,,1.1916109066,0.6334733084,0.80405145,1,1,1,1,0,1,1,1,7,0.1428571429,0.4571454354,-0.019030,0.779001,0.611264586
110076,-0.681161047,-0.122997824,0.8659284456,0.5727921767,-0.294844622,-0.280503554,0.5068230949,-1.083391555,1,1,1,1,1,1,1,1,8,0.125,-0.064669361,-0.019030,0.779001,-0.058587056
110078,-0.9878033,-0.101256783,0.0294016292,-1.173983803,-0.030957566,0.2305580161,0.4308329669,-0.382341296,1,1,1,1,1,1,1,1,8,0.125,-0.248193767,-0.019030,0.779001,-0.294176629
110079,,-0.261596961,0.190535893,0.908504865,1.1084136071,-0.601925926,0.1660188843,-2.377638187,0,1,1,1,1,1,1,1,7,0.1428571429,-0.123955403,-0.019030,0.779001,-0.134692321
110082,-0.374518794,0.1025654755,0.1031119839,0.2049794704,,0.8203680676,0.7992699514,0.0490742479,1,1,1,1,0,1,1,1,7,0.1428571429,0.2435500576,-0.019030,0.779001,0.3370730228
110083,-0.9878033,-0.13250953,0.8127884224,-0.047808171,0.2598356219,0.1903802197,0.6035378034,-0.112706581,1,1,1,1,1,1,1,1,8,0.125,0.0732143106,-0.019030,0.779001,0.118413681
110086,,,,,,,,,0,0,0,0,0,0,0,0,0,,,-0.019030,0.779001,
110087,1.3120135987,0.1066419207,-0.527711517,-0.538670947,-0.101327447,-0.008901651,-0.462626721,-1.299099327,1,1,1,1,1,1,1,1,8,0.125,-0.189960261,-0.019030,0.779001,-0.219422503
110089,,0.9776423739,1.0287769037,,,,0.5989323411,0.911905336,0,1,1,0,0,0,1,1,4,0.25,0.8793142387,-0.019030,0.779001,1.1532010515
110091,,-1.977780381,0.1493952299,-0.148120728,-1.307963948,-0.055507894,0.8453245744,0.6422706209,0,1,1,1,1,1,1,1,7,0.1428571429,-0.264626075,-0.019030,0.779001,-0.31527072
110092,,,,,,,-3.062410192,0.1030011909,0,0,0,0,0,0,1,1,2,0.5,-1.479704501,-0.019030,0.779001,-1.875062211
110095,,0.9776423739,0.1373958698,1.149255,,1.1916109066,-0.42117756,-0.220560467,0,1,1,1,0,1,1,1,6,0.1666666667,0.4690276872,-0.019030,0.779001,0.6265177869
110100,,,,,,,,,0,0,0,0,0,0,0,0,0,,,-0.019030,0.779001,
110101,,,,,,,,0.0490742479,0,0,0,0,0,0,0,1,1,1,0.0490742479,-0.019030,0.779001,0.0874251755
110104,,,-0.356292087,,,,0.2903663665,0.1030011909,0,0,1,0,0,0,1,1,3,0.3333333333,0.01235849,-0.019030,0.779001,0.0402932986
110105,,0.9776423739,0.40481018,1.149255,-1.971303568,1.1916109066,0.3179991404,0.750124507,0,1,1,1,1,1,1,1,7,0.1428571429,0.4028769342,-0.019030,0.779001,0.5416003202
110107,0.852050219,-0.076798112,0.3499559625,-0.673758522,-1.134108946,0.3237705038,-0.273802766,-1.245172384,1,1,1,1,1,1,1,1,8,0.125,-0.234733006,-0.019030,0.779001,-0.276897102
110109,,,,,,,1.0249376044,,0,0,0,0,0,0,1,0,1,1,1.0249376044,-0.019030,0.779001,1.3401372048
110111,,,,,,,1.0249376044,0.1569281339,0,0,0,0,0,0,1,1,2,0.5,0.5909328691,-0.019030,0.779001,0.783006999
110113,,,,,,,,0.1569281339,0,0,0,0,0,0,0,1,1,1,0.1569281339,-0.019030,0.779001,0.2258767932
110121,,,,,,,1.0249376044,,0,0,0,0,0,0,1,0,1,1,1.0249376044,-0.019030,0.779001,1.3401372048
110122,,0.2099118652,0.5950857469,0.924554874,0.6075456256,-0.042651,-1.031401315,0.5344167349,0,1,1,1,1,1,1,1,7,0.1428571429,0.2567803617,-0.019030,0.779001,0.3540567131
110124,,,1.0287769037,,,,-2.516662909,0.1569281339,0,0,1,0,0,0,1,1,3,0.3333333333,-0.443652624,-0.019030,0.779001,-0.545086411
110125,,0.9776423739,1.0287769037,1.149255,,0.2273437924,1.0249376044,0.911905336,0,1,1,1,0,1,1,1,6,0.1666666667,0.8866435017,-0.019030,0.779001,1.1626095982
110128,,,,,,1.1916109066,0.2489172058,0.4804897919,0,0,0,0,0,1,1,1,3,0.3333333333,0.6403393014,-0.019030,0.779001,0.8464298457
110129,-0.52783992,-0.860834402,-0.503712797,0.0270918706,,0.2675215888,0.8637464237,-0.27448741,1,1,1,1,0,1,1,1,7,0.1428571429,-0.144073521,-0.019030,0.779001,-0.160517871
110132,,,,,,,-0.080373349,0.2108550769,0,0,0,0,0,0,1,1,2,0.5,0.0652408639,-0.019030,0.779001,0.1081781981
110135,,,,,,,-0.384333861,-0.81375684,0,0,0,0,0,0,1,1,2,0.5,-0.599045351,-0.019030,0.779001,-0.744563455
110142,,,,,,,,0.0490742479,0,0,0,0,0,0,0,1,1,1,0.0490742479,-0.019030,0.779001,0.0874251755
110143,-0.681161047,0.250676317,-0.678560615,0.0016793564,0.1159913049,-0.797993572,-0.197812638,0.965832279,1,1,1,1,1,1,1,1,8,0.125,-0.127668577,-0.019030,0.779001,-0.139458907
110146,,,,,,,1.0249376044,0.1030011909,0,0,0,0,0,0,1,1,2,0.5,0.5639693976,-0.019030,0.779001,0.7483940946
110150,,,,,,,-0.167877133,-0.382341296,0,0,0,0,0,0,1,1,2,0.5,-0.275109215,-0.019030,0.779001,-0.328727886
110153,0.5454079659,,,,,,,0.2647820199,1,0,0,0,0,0,0,1,2,0.5,0.4050949929,-0.019030,0.779001,0.5444476336
110161,-1.44776668,-1.322831522,-1.100252412,-0.632295999,-0.391085784,-0.544069899,-0.453415796,-0.058779638,1,1,1,1,1,1,1,1,8,0.125,-0.743812216,-0.019030,0.779001,-0.930400122
110164,,-0.474930925,-0.24144107,0.7707422877,-0.788468645,-0.238718646,0.2189817008,-0.705902954,0,1,1,1,1,1,1,1,7,0.1428571429,-0.208534036,-0.019030,0.779001,-0.243265585
110165,,0.0251130171,1.0287769037,1.149255,,-2.274929369,0.4814930522,0.2647820199,0,1,1,1,0,1,1,1,6,0.1666666667,0.112415104,-0.019030,0.779001,0.1687355884
110168,0.0854445862,0.4368339802,-0.609992843,-0.589495975,,-0.936205192,0.2028625827,0.80405145,1,1,1,1,0,1,1,1,7,0.1428571429,-0.086643059,-0.019030,0.779001,-0.086794608
110177,-0.221197667,0.6352209789,0.6619393244,0.2384169891,0.2370688955,0.6018008551,0.7025552429,0.80405145,1,1,1,1,1,1,1,1,8,0.125,0.4574820086,-0.019030,0.779001,0.6116966437
110184,,0.1963237146,0.6379406043,-0.252445786,,1.1916109066,-0.356701087,0.6961975639,0,1,1,1,0,1,1,1,6,0.1666666667,0.3521543193,-0.019030,0.779001,0.4764878949
110190,,,,,,,,,0,0,0,0,0,0,0,0,0,,,-0.019030,0.779001,
110191,0.0854445862,-0.074080482,0.6842238502,-0.153470731,-0.830897544,0.6451928752,0.6219596526,1.073686165,1,1,1,1,1,1,1,1,8,0.125,0.2565072965,-0.019030,0.779001,0.3537061804
110192,,-0.352637569,-1.998490223,-0.090608195,,1.1916109066,0.7117661676,0.4265628489,0,1,1,1,0,1,1,1,6,0.1666666667,-0.018632677,-0.019030,0.779001,0.0005100564
110194,,,,,,,,0.1030011909,0,0,0,0,0,0,0,1,1,1,0.1030011909,-0.019030,0.779001,0.1566509843
110198,,0.1080007357,0.7236503191,0.801504805,,0.7416195866,0.2926690977,-2.108003472,0,1,1,1,0,1,1,1,6,0.1666666667,0.0932401786,-0.019030,0.779001,0.1441208105
110200,0.5454079659,0.0577245785,-1.047112389,1.149255,,,1.0249376044,1.019759222,1,1,1,1,0,0,1,1,6,0.1666666667,0.4583286637,-0.019030,0.779001,0.6127834916
110201,,,,,,,1.0249376044,0.4804897919,0,0,0,0,0,0,1,1,2,0.5,0.7527136982,-0.019030,0.779001,0.9906844256
110209,,,,,,,1.0249376044,,0,0,0,0,0,0,1,0,1,1,1.0249376044,-0.019030,0.779001,1.3401372048
110215,-1.601087806,0.4775984319,0.4768063404,0.4323545979,-1.358671657,1.1916109066,0.7370962102,-0.004852695,1,1,1,1,1,1,1,1,8,0.125,0.0438567911,-0.019030,0.779001,0.0807275463
110225,,0.9776423739,-0.418003082,,,,0.7393989414,-0.328414353,0,1,1,0,0,0,1,1,4,0.25,0.24265597,-0.019030,0.779001,0.335925286
110226,,0.3009524742,1.0287769037,,,-0.767458447,0.7877562956,0.4265628489,0,1,1,0,0,1,1,1,5,0.2,0.3553180151,-0.019030,0.779001,0.480549119
110229,-0.52783992,-0.152891756,0.4853773119,0.2678420057,,-0.476571201,0.8222972629,0.1569281339,1,1,1,1,0,1,1,1,7,0.1428571429,0.0821631196,-0.019030,0.779001,0.1299012326
110230,0.5454079659,0.4979806578,-2.019060555,-1.081696251,,1.1916109066,0.8038754137,1.073686165,1,1,1,1,0,1,1,1,7,0.1428571429,0.1445434719,-0.019030,0.779001,0.2099786503
110233,,,,0.4898671302,0.162559609,,0.1959543893,0.4265628489,0,0,0,1,1,0,1,1,4,0.25,0.3187359943,-0.019030,0.779001,0.43358892
110234,,,,,,,,,0,0,0,0,0,0,0,0,0,,,-0.019030,0.779001,
110236,,,,,,,,,0,0,0,0,0,0,0,0,0,,,-0.019030,0.779001,
110237,,,,,,,1.0249376044,,0,0,0,0,0,0,1,0,1,1,1.0249376044,-0.019030,0.779001,1.3401372048
110252,,0.4422692404,-2.116769629,,,0.3382345105,-0.531708655,-0.27448741,0,1,1,0,0,1,1,1,5,0.2,-0.428492389,-0.019030,0.779001,-0.525625275
11029F,0.6987290924,0.2547527622,-1.052254972,,,,,-0.598049068,1,1,1,0,0,0,0,1,4,0.25,-0.174205546,-0.019030,0.779001,-0.199198236
11030F,-0.374518794,0.2398057965,-0.553424431,,,,,-0.975537669,1,1,1,0,0,0,0,1,4,0.25,-0.415918774,-0.019030,0.779001,-0.509484575
11031F,,,,,,,,,0,0,0,0,0,0,0,0,0,,,-0.019030,0.779001,
111302,,,,,,,0.2604308615,,0,0,0,0,0,0,1,0,1,1,0.2604308615,-0.019030,0.779001,0.3587428458
111303,,,,,,,,,0,0,0,0,0,0,0,0,0,,,-0.019030,0.779001,
111304,,,,,,,-3.67723941,,0,0,0,0,0,0,1,0,1,1,-3.67723941,-0.019030,0.779001,-4.696029304
111305,,,,,,,1.0249376044,,0,0,0,0,0,0,1,0,1,1,1.0249376044,-0.019030,0.779001,1.3401372048
111306,,,,,,,,,0,0,0,0,0,0,0,0,0,,,-0.019030,0.779001,
111308,,,,,,,,,0,0,0,0,0,0,0,0,0,,,-0.019030,0.779001,
111310,,,,,,,-0.246169992,,0,0,0,0,0,0,1,0,1,1,-0.246169992,-0.019030,0.779001,-0.291578717
111311,,,,,,,,,0,0,0,0,0,0,0,0,0,,,-0.019030,0.779001,
111312,,,,,,,,,0,0,0,0,0,0,0,0,0,,,-0.019030,0.779001,
111313,,,,,,,,,0,0,0,0,0,0,0,0,0,,,-0.019030,0.779001,
111314,,,,,,,,,0,0,0,0,0,0,0,0,0,,,-0.019030,0.779001,
111316,,,,,,,,,0,0,0,0,0,0,0,0,0,,,-0.019030,0.779001,
111318,,,,,,,-10.71438581,,0,0,0,0,0,0,1,0,1,1,-10.71438581,-0.019030,0.779001,-13.72958702
111319,,,,,,,1.0249376044,,0,0,0,0,0,0,1,0,1,1,1.0249376044,-0.019030,0.779001,1.3401372048
111320,,,,,,,-3.697963991,,0,0,0,0,0,0,1,0,1,1,-3.697963991,-0.019030,0.779001,-4.722633368
111323,0.5454079659,,,,,,,,1,0,0,0,0,0,0,0,1,1,0.5454079659,-0.019030,0.779001,0.7245668561
111324,,,,,,,,,0,0,0,0,0,0,0,0,0,,,-0.019030,0.779001,
111325,,,,,,,,,0,0,0,0,0,0,0,0,0,,,-0.019030,0.779001,
111326,,,,,,,,,0,0,0,0,0,0,0,0,0,,,-0.019030,0.779001,
111327,,,,,,,,,0,0,0,0,0,0,0,0,0,,,-0.019030,0.779001,
111328,,,,,,,,,0,0,0,0,0,0,0,0,0,,,-0.019030,0.779001,
111329,,,-0.488285048,,,,1.0249376044,,0,0,1,0,0,0,1,0,2,0.5,0.2683262781,-0.019030,0.779001,0.3688781615
111330,,,,,,,0.0278550151,,0,0,0,0,0,0,1,0,1,1,0.0278550151,-0.019030,0.779001,0.0601861281
111331,,,,,,,-3.21669318,,0,0,0,0,0,0,1,0,1,1,-3.21669318,-0.019030,0.779001,-4.104827883
111332,,,,,,,,,0,0,0,0,0,0,0,0,0,,,-0.019030,0.779001,
111333,,,,,,,-0.757376308,,0,0,0,0,0,0,1,0,1,1,-0.757376308,-0.019030,0.779001,-0.947812295
111334,,,,,,,,,0,0,0,0,0,0,0,0,0,,,-0.019030,0.779001,
111335,,,,,,,,,0,0,0,0,0,0,0,0,0,,,-0.019030,0.779001,
111336,,,,,,,,,0,0,0,0,0,0,0,0,0,,,-0.019030,0.779001,
111337,,,,,,,-2.574231188,,0,0,0,0,0,0,1,0,1,1,-2.574231188,-0.019030,0.779001,-3.280101901
120001,-2.214372312,-0.379813871,0.1408242584,-2.460659525,1.1084136071,0.3960905374,-0.057346038,-0.921610726,1,1,1,1,1,1,1,1,8,0.125,-0.548559259,-0.019030,0.779001,-0.679754653
120002,,-2.002239052,-1.768788187,0.6744422337,,-1.331554709,-0.133336166,-0.490195182,0,1,1,1,0,1,1,1,6,0.1666666667,-0.841945177,-0.019030,0.779001,-1.056373026
120004,,,,,,,1.0249376044,,0,0,0,0,0,0,1,0,1,1,1.0249376044,-0.019030,0.779001,1.3401372048
120005,,0.9776423739,0.5282321693,1.149255,,-1.36691117,-0.582368741,-2.215857358,0,1,1,1,0,1,1,1,6,0.1666666667,-0.251667954,-0.019030,0.779001,-0.29863643
120006,0.852050219,0.046854058,0.5796579982,1.149255,,-0.15514883,0.4653739342,0.3726359059,1,1,1,1,0,1,1,1,7,0.1428571429,0.4729540408,-0.019030,0.779001,0.6315580318
120007,-0.221197667,0.9776423739,-0.501998603,1.149255,,-0.053900783,-1.059034089,-0.651976011,1,1,1,1,0,1,1,1,7,0.1428571429,-0.051601397,-0.019030,0.779001,-0.041811762
120011,,0.0319070924,-1.065968526,-1.350533902,,1.1916109066,-1.24094985,0.1569281339,0,1,1,1,0,1,1,1,6,0.1666666667,-0.379501024,-0.019030,0.779001,-0.462735249
120014,,-0.113486119,-0.573994763,,,,1.0249376044,0.1569281339,0,1,1,0,0,0,1,1,4,0.25,0.1235962141,-0.019030,0.779001,0.1830887362
120019,,-0.790176019,-0.94768912,,,0.3125207208,-0.036621457,0.4804897919,0,1,1,0,0,1,1,1,5,0.2,-0.196295217,-0.019030,0.779001,-0.22755466
120022,0.2387657127,-0.499389596,-0.272296567,-1.888209204,,1.1916109066,-0.084978811,-0.220560467,1,1,1,1,0,1,1,1,7,0.1428571429,-0.219294004,-0.019030,0.779001,-0.257078115
120026,,-1.337778488,1.0287769037,0.6797922367,,-0.319074239,0.4837957834,1.34332088,0,1,1,1,0,1,1,1,6,0.1666666667,0.3131388462,-0.019030,0.779001,0.4264038825
120028,,,,,,,-2.55811207,0.3726359059,0,0,0,0,0,0,1,1,2,0.5,-1.092738082,-0.019030,0.779001,-1.378314911
121300,,,,,,,1.0249376044,,0,0,0,0,0,0,1,0,1,1,1.0249376044,-0.019030,0.779001,1.3401372048
121301,,,,,,,,,0,0,0,0,0,0,0,0,0,,,-0.019030,0.779001,
121302,,,,,,,,,0,0,0,0,0,0,0,0,0,,,-0.019030,0.779001,
121303,,,,,,,,,0,0,0,0,0,0,0,0,0,,,-0.019030,0.779001,
121304,,,,,,,,,0,0,0,0,0,0,0,0,0,,,-0.019030,0.779001,
121305,,,,,,,,,0,0,0,0,0,0,0,0,0,,,-0.019030,0.779001,
121306,,,,,,,,,0,0,0,0,0,0,0,0,0,,,-0.019030,0.779001,
121307,,,,,,,,,0,0,0,0,0,0,0,0,0,,,-0.019030,0.779001,
121308,,,,,,,,,0,0,0,0,0,0,0,0,0,,,-0.019030,0.779001,
130002,,0.5958153421,-0.219156544,1.149255,,1.1916109066,0.6541978887,-0.705902954,0,1,1,1,0,1,1,1,6,0.1666666667,0.4443032732,-0.019030,0.779001,0.5947791519
130003,,,-2.488749792,,,,0.5183367507,0.80405145,0,0,1,0,0,0,1,1,3,0.3333333333,-0.388787197,-0.019030,0.779001,-0.474655874
130006,-0.52783992,0.0522893183,-0.493427631,-0.538670947,-0.110641108,0.6516213226,-0.280710959,1.5051017091,1,1,1,1,1,1,1,1,8,0.125,0.032215223,-0.019030,0.779001,0.0657833103
130007,0.3920868393,0.6202740132,-0.635705758,0.1809044569,0.1563505018,0.7673333763,-0.154060746,-0.490195182,1,1,1,1,1,1,1,1,8,0.125,0.1046234377,-0.019030,0.779001,0.1587334563
130013,0.852050219,-0.82006995,-1.113965966,0.6490297195,,-1.241556445,-0.98074123,0.4804897919,1,1,1,1,0,1,1,1,7,0.1428571429,-0.310680552,-0.019030,0.779001,-0.374390674
130014,,,,,,,1.0249376044,0.6961975639,0,0,0,0,0,0,1,1,2,0.5,0.8605675842,-0.019030,0.779001,1.1291360434
130018,-0.374518794,0.1936060845,0.4613785918,-0.43835839,,1.1916109066,0.5759050295,1.34332088,1,1,1,1,0,1,1,1,7,0.1428571429,0.4218491869,-0.019030,0.779001,0.5659549279
130025,,,,,,,1.0249376044,0.2108550769,0,0,0,0,0,0,1,1,2,0.5,0.6178963406,-0.019030,0.779001,0.8176199034
130028,-0.06787654,0.7412085535,-0.861979405,1.149255,,1.1916109066,0.0969369497,-0.27448741,1,1,1,1,0,1,1,1,7,0.1428571429,0.2820954363,-0.019030,0.779001,0.3865535769
13003F,0.2387657127,0.9776423739,1.0287769037,,,,,0.750124507,1,1,1,0,0,0,0,1,4,0.25,0.7488273743,-0.019030,0.779001,0.9856955667
130049,0.852050219,0.4857513223,0.5110902263,-1.220796329,,0.5953724076,0.3133936781,-1.784441814,1,1,1,1,0,1,1,1,7,0.1428571429,-0.035368613,-0.019030,0.779001,-0.020973799
130063,,,,,,,,0.2108550769,0,0,0,0,0,0,0,1,1,1,0.2108550769,-0.019030,0.779001,0.2951026021
130065,-0.834482173,,,1.149255,-0.693262335,,1.0249376044,0.6422706209,1,0,0,1,1,0,1,1,5,0.2,0.2577437435,-0.019030,0.779001,0.3552934027
130066,0.2387657127,,,,,,,0.857978393,1,0,0,0,0,0,0,1,2,0.5,0.5483720528,-0.019030,0.779001,0.7283718432
130071,,0.0251130171,-0.186586852,,,1.1916109066,-0.080373349,-0.220560467,0,1,1,0,0,1,1,1,5,0.2,0.145840651,-0.019030,0.779001,0.2116438342
130073,,,,,,,,,0,0,0,0,0,0,0,0,0,,,-0.019030,0.779001,
130074,,0.9776423739,-1.292242173,1.149255,,,-0.24156453,0.6422706209,0,1,1,1,0,0,1,1,5,0.2,0.2470722584,-0.019030,0.779001,0.3415944584
131301,,,,,,,,,0,0,0,0,0,0,0,0,0,,,-0.019030,0.779001,
131302,,,,,,,,,0,0,0,0,0,0,0,0,0,,,-0.019030,0.779001,
131303,,,,,,,,,0,0,0,0,0,0,0,0,0,,,-0.019030,0.779001,
131304,,,,,,,,,0,0,0,0,0,0,0,0,0,,,-0.019030,0.779001,
131305,0.2387657127,,,,,,,,1,0,0,0,0,0,0,0,1,1,0.2387657127,-0.019030,0.779001,0.3309313777
131307,,,,,,,,,0,0,0,0,0,0,0,0,0,,,-0.019030,0.779001,
131308,,,,,,,,,0,0,0,0,0,0,0,0,0,,,-0.019030,0.779001,
131309,,,,,,,,,0,0,0,0,0,0,0,0,0,,,-0.019030,0.779001,
131310,,,,,,,,,0,0,0,0,0,0,0,0,0,,,-0.019030,0.779001,
131311,,,,,,,,,0,0,0,0,0,0,0,0,0,,,-0.019030,0.779001,
131312,,,,,,,,,0,0,0,0,0,0,0,0,0,,,-0.019030,0.779001,
131313,,,,,,,,,0,0,0,0,0,0,0,0,0,,,-0.019030,0.779001,
131314,,,,,,,,,0,0,0,0,0,0,0,0,0,,,-0.019030,0.779001,
131315,,,,,,,,,0,0,0,0,0,0,0,0,0,,,-0.019030,0.779001,
131316,,,,,,,,,0,0,0,0,0,0,0,0,0,,,-0.019030,0.779001,
131317,,,,,,,,,0,0,0,0,0,0,0,0,0,,,-0.019030,0.779001,
131318,,,,,,,,,0,0,0,0,0,0,0,0,0,,,-0.019030,0.779001,
131319,,,,,,,,,0,0,0,0,0,0,0,0,0,,,-0.019030,0.779001,
131320,,,,,,,,,0,0,0,0,0,0,0,0,0,,,-0.019030,0.779001,
131321,,,,,,,,,0,0,0,0,0,0,0,0,0,,,-0.019030,0.779001,
131322,,,,,,,,,0,0,0,0,0,0,0,0,0,,,-0.019030,0.779001,
131323,0.852050219,,,,,,1.0249376044,,1,0,0,0,0,0,1,0,2,0.5,0.9384939117,-0.019030,0.779001,1.2291697697
131324,,,,,,,,,0,0,0,0,0,0,0,0,0,,,-0.019030,0.779001,
131325,0.852050219,,1.0287769037,,,,,,1,0,1,0,0,0,0,0,2,0.5,0.9404135614,-0.019030,0.779001,1.2316340165
131326,,,,,,,,,0,0,0,0,0,0,0,0,0,,,-0.019030,0.779001,
131327,0.2387657127,,,,,,,,1,0,0,0,0,0,0,0,1,1,0.2387657127,-0.019030,0.779001,0.3309313777
131328,0.2387657127,,,1.149255,,,-5.894769511,,1,0,0,1,0,0,1,0,3,0.3333333333,-1.502249599,-0.019030,0.779001,-1.904003268
140001,0.2387657127,,-1.329954448,,,,-1.968612895,0.3187089629,1,0,1,0,0,0,1,1,4,0.25,-0.685273167,-0.019030,0.779001,-0.85525377
140002,-0.221197667,0.5224393289,0.5642302495,0.4738171212,,1.1916109066,-0.177088058,1.073686165,1,1,1,1,0,1,1,1,7,0.1428571429,0.4896425781,-0.019030,0.779001,0.6529810428
140007,0.3920868393,-0.12707427,-0.656276089,-1.024183719,,-0.518356109,-0.534011386,-1.299099327,1,1,1,1,0,1,1,1,7,0.1428571429,-0.53813058,-0.019030,0.779001,-0.666367399
140008,-2.214372312,-0.089027448,-0.560281209,,,1.1916109066,-0.064254231,-0.382341296,1,1,1,0,0,1,1,1,6,0.1666666667,-0.353110932,-0.019030,0.779001,-0.428858389
140010,1.1586924721,0.7765377451,0.4545218146,0.5019046369,0.8093416098,0.0344903696,0.7370962102,1.5590286521,1,1,1,1,1,1,1,1,8,0.125,0.7539516888,-0.019030,0.779001,0.9922736294
140011,-2.827656819,0.9776423739,1.0287769037,,,1.1916109066,-1.45970931,0.3187089629,1,1,1,0,0,1,1,1,6,0.1666666667,-0.12843783,-0.019030,0.779001,-0.140446395
140012,,,,,,,-1.521883051,-1.029464612,0,0,0,0,0,0,1,1,2,0.5,-1.275673832,-0.019030,0.779001,-1.613148828
140013,,,1.0287769037,,,,0.1706243466,0.4804897919,0,0,1,0,0,0,1,1,3,0.3333333333,0.5599636807,-0.019030,0.779001,0.7432519712
140015,-1.294445553,0.1623533381,-0.090591972,-0.244420782,,0.4105545441,-0.124125241,-0.27448741,1,1,1,1,0,1,1,1,7,0.1428571429,-0.207880439,-0.019030,0.779001,-0.242426566
140018,,0.295517214,0.5230895864,-1.049596233,,-2.249215579,-1.588662254,-0.436268239,0,1,1,1,0,1,1,1,6,0.1666666667,-0.750855918,-0.019030,0.779001,-0.939442095
140029,1.4653347253,0.20583542,0.4408082602,0.6904922427,0.4150633021,-0.96031187,-0.734348997,-0.490195182,1,1,1,1,1,1,1,1,8,0.125,0.1290847377,-0.019030,0.779001,0.1901343329
140030,,0.7547967041,-0.531139906,-1.127171277,0.342623718,0.5118025911,0.327210065,0.3726359059,0,1,1,1,1,1,1,1,7,0.1428571429,0.0929654002,-0.019030,0.779001,0.1437680786
140032,,,-0.215728155,,,,0.5689968361,0.4804897919,0,0,1,0,0,0,1,1,3,0.3333333333,0.2779194909,-0.019030,0.779001,0.3811929319
140034,,,,,,,-0.280710959,0.6422706209,0,0,0,0,0,0,1,1,2,0.5,0.1807798307,-0.019030,0.779001,0.2564951246
14003F,-0.06787654,-0.002063284,0.3328140196,,,,,0.4804897919,1,1,1,0,0,0,0,1,4,0.25,0.1858409967,-0.019030,0.779001,0.2629921238
140043,1.0053713456,-0.974974867,-0.680274809,,,,-1.968612895,0.1569281339,1,1,1,0,0,0,1,1,5,0.2,-0.492312618,-0.019030,0.779001,-0.607551058
140046,-0.06787654,-1.214126317,1.0287769037,,,0.1325241928,0.493006708,-1.568734042,1,1,1,0,0,1,1,1,6,0.1666666667,-0.199404849,-0.019030,0.779001,-0.231546484
140048,,-0.753488012,-0.198586212,-2.80974722,,0.3462700698,0.5045203638,-0.220560467,0,1,1,1,0,1,1,1,6,0.1666666667,-0.521931913,-0.019030,0.779001,-0.645573232
140049,,-1.525294966,-1.026542057,,,-0.701566861,-0.92087022,-2.647272902,0,1,1,0,0,1,1,1,5,0.2,-1.364309401,-0.019030,0.779001,-1.726929967
14004F,,,,,,,,,0,0,0,0,0,0,0,0,0,,,-0.019030,0.779001,
140052,,,,,,,-0.04122692,0.2108550769,0,0,0,0,0,0,1,1,2,0.5,0.0848140787,-0.019030,0.779001,0.1333042585
140053,,0.2533939471,0.5350889465,0.1621794464,,0.3028780497,0.5920241476,-2.43156513,0,1,1,1,0,1,1,1,6,0.1666666667,-0.097666766,-0.019030,0.779001,-0.100945698
140054,,-1.129879784,0.1013977896,0.3159920327,,1.1916109066,0.1959543893,0.0490742479,0,1,1,1,0,1,1,1,6,0.1666666667,0.1206915971,-0.019030,0.779001,0.1793600906
140059,-0.681161047,,,,,,,0.3187089629,1,0,0,0,0,0,0,1,2,0.5,-0.181226042,-0.019030,0.779001,-0.208210419
140062,-1.141124426,0.9776423739,-2.608743392,-0.584145972,,0.6821564479,-0.370517474,-1.137318498,1,1,1,1,0,1,1,1,7,0.1428571429,-0.597435849,-0.019030,0.779001,-0.742497344
140063,,0.0169601267,1.0287769037,,,-0.365680483,0.2235871631,-1.35302627,0,1,1,0,0,1,1,1,5,0.2,-0.089876512,-0.019030,0.779001,-0.090945379
140064,,,-1.295670562,,,,0.29727456,0.6961975639,0,0,1,0,0,0,1,1,3,0.3333333333,-0.100732813,-0.019030,0.779001,-0.104881571
140065,-0.221197667,0.5713566711,1.0287769037,1.149255,,1.1916109066,-0.909356564,0.6961975639,1,1,1,1,0,1,1,1,7,0.1428571429,0.5009489734,-0.019030,0.779001,0.6674950189
140067,-0.681161047,-0.519771822,-0.322008202,-1.385308922,-1.024414719,0.4860888014,-0.126427972,-0.598049068,1,1,1,1,1,1,1,1,8,0.125,-0.521381619,-0.019030,0.779001,-0.644866822
140068,,,,,,,1.0249376044,-2.054076529,0,0,0,0,0,0,1,1,2,0.5,-0.514569463,-0.019030,0.779001,-0.636122083
140077,,,,,,,,0.0490742479,0,0,0,0,0,0,0,1,1,1,0.0490742479,-0.019030,0.779001,0.0874251755
14007F,-1.601087806,-0.862193217,0.4905198948,,,,,-1.838368757,1,1,1,0,0,0,0,1,4,0.25,-0.952782471,-0.019030,0.779001,-1.198654433
140080,-1.141124426,0.5523332602,1.0287769037,,,1.1916109066,0.7992699514,0.4265628489,1,1,1,0,0,1,1,1,6,0.1666666667,0.4762382407,-0.019030,0.779001,0.6357739466
140082,-2.980977945,-1.358160714,0.4750921461,,,-5.588794018,-1.137326948,-0.921610726,1,1,1,0,0,1,1,1,6,0.1666666667,-1.918629701,-0.019030,0.779001,-2.438508799
140083,,,,,,,1.0249376044,0.2108550769,0,0,0,0,0,0,1,1,2,0.5,0.6178963406,-0.019030,0.779001,0.8176199034
140084,,0.4626514663,1.0287769037,,,1.1916109066,-0.359003819,0.6422706209,0,1,1,0,0,1,1,1,5,0.2,0.5932612158,-0.019030,0.779001,0.7859958886
140088,,0.0930537701,0.3396707967,-0.390208363,0.2805326459,-0.134256375,-0.425783022,1.181540051,0,1,1,1,1,1,1,1,7,0.1428571429,0.1349356433,-0.019030,0.779001,0.1976451178
140089,,,,,,,,0.1569281339,0,0,0,0,0,0,0,1,1,1,0.1569281339,-0.019030,0.779001,0.2258767932
14008F,,,,,,,,-0.328414353,0,0,0,0,0,0,0,1,1,1,-0.328414353,-0.019030,0.779001,-0.397155487
140091,-2.214372312,0.4952630277,0.0791132637,0.3949045769,,0.5278737097,0.5782077607,-0.436268239,1,1,1,1,0,1,1,1,7,0.1428571429,-0.082182602,-0.019030,0.779001,-0.081068737
140093,-0.221197667,,,,,,-1.625505953,0.3726359059,1,0,0,0,0,0,1,1,3,0.3333333333,-0.491355905,-0.019030,0.779001,-0.606322928
140095,,,1.0287769037,,,1.1916109066,1.0249376044,0.2647820199,0,0,1,0,0,1,1,1,4,0.25,0.8775268587,-0.019030,0.779001,1.1509065987
140100,,,,1.149255,,,0.0946342185,0.750124507,0,0,0,1,0,0,1,1,3,0.3333333333,0.6646712418,-0.019030,0.779001,0.8776646638
140101,0.0854445862,0.2302940911,0.0585429322,,,,-0.909356564,0.5344167349,1,1,1,0,0,0,1,1,5,0.2,-0.000131644,-0.019030,0.779001,0.0242597618
140103,,,-1.25110151,,,1.1916109066,-0.137941628,0.3726359059,0,0,1,0,0,1,1,1,4,0.25,0.0438009186,-0.019030,0.779001,0.0806558231
140110,,,1.0287769037,0.1233919246,,,0.3249073338,0.857978393,0,0,1,1,0,0,1,1,4,0.25,0.5837636388,-0.019030,0.779001,0.7738038856
140113,,-0.722235266,-0.119733275,,,,0.0140386282,0.2108550769,0,1,1,0,0,0,1,1,4,0.25,-0.154268709,-0.019030,0.779001,-0.173605394
140114,0.2387657127,-0.026521955,-0.589422512,-1.789234148,,1.1916109066,0.2765499796,-0.058779638,1,1,1,1,0,1,1,1,7,0.1428571429,-0.108147379,-0.019030,0.779001,-0.114399621
140115,,,,,,,-0.759679039,0.1569281339,0,0,0,0,0,0,1,1,2,0.5,-0.301375453,-0.019030,0.779001,-0.362445754
140116,1.3120135987,-0.405631357,0.3602411283,-0.023733158,,0.8235822913,0.7808481022,0.965832279,1,1,1,1,0,1,1,1,7,0.1428571429,0.5447361264,-0.019030,0.779001,0.7237044184
140117,1.4653347253,-0.330896529,0.1888216987,0.6637422277,,0.9135805553,-0.264591841,-0.166633524,1,1,1,1,0,1,1,1,7,0.1428571429,0.3527653304,-0.019030,0.779001,0.4772722476
140119,-0.9878033,0.4273222747,0.7065083761,0.2879045169,0.7286232161,-0.650139282,-0.186298982,1.289393937,1,1,1,1,1,1,1,1,8,0.125,0.2019388447,-0.019030,0.779001,0.2836568692
140120,,,,,,,-0.183996251,0.4265628489,0,0,0,0,0,0,1,1,2,0.5,0.121283299,-0.019030,0.779001,0.180119656
140122,,-0.36079046,-0.404289528,-0.950621178,-0.660147096,0.4684105709,-0.170179864,1.34332088,0,1,1,1,1,1,1,1,7,0.1428571429,-0.104899525,-0.019030,0.779001,-0.110230363
140124,,0.0115248665,0.1836791158,-0.057170677,0.3695298493,0.4860888014,0.147597035,0.4804897919,0,1,1,1,1,1,1,1,7,0.1428571429,0.231676969,-0.019030,0.779001,0.3218315848
140125,,,-0.220870738,,,,0.0393686708,0.3187089629,0,0,1,0,0,0,1,1,3,0.3333333333,0.0457356319,-0.019030,0.779001,0.083139407
140127,-0.06787654,0.1949648995,-0.30143787,-0.949283677,,-0.664603288,0.6864361249,0.911905336,1,1,1,1,0,1,1,1,7,0.1428571429,-0.027127859,-0.019030,0.779001,-0.010395176
140130,0.0854445862,0.4640102813,1.0287769037,0.699854748,0.1335837753,0.4169829915,0.267339055,0.6422706209,1,1,1,1,1,1,1,1,8,0.125,0.4672828703,-0.019030,0.779001,0.624277972
140133,,,,,,,-0.559341429,0.4265628489,0,0,0,0,0,0,1,1,2,0.5,-0.06638929,-0.019030,0.779001,-0.060794923
140135,-0.834482173,0.0115248665,0.5676586381,-1.223471331,,-0.230683087,0.3893838061,0.2647820199,1,1,1,1,0,1,1,1,7,0.1428571429,-0.150755323,-0.019030,0.779001,-0.169095274
140137,,,,,,,,0.0490742479,0,0,0,0,0,0,0,1,1,1,0.0490742479,-0.019030,0.779001,0.0874251755
140145,,,,,,,1.0249376044,0.2108550769,0,0,0,0,0,0,1,1,2,0.5,0.6178963406,-0.019030,0.779001,0.8176199034
140147,,,,,,,-2.848256195,-0.220560467,0,0,0,0,0,0,1,1,2,0.5,-1.534408331,-0.019030,0.779001,-1.945285308
140148,-1.294445553,-0.315949563,-0.030595171,-1.290346368,-1.158945375,0.6082293025,-0.008988683,-1.730514871,1,1,1,1,1,1,1,1,8,0.125,-0.652694535,-0.019030,0.779001,-0.813432707
140150,-1.294445553,-0.262955776,-0.292866898,0.5968671902,-0.635310667,-0.519963221,0.0508823266,-4.966131452,1,1,1,1,1,1,1,1,8,0.125,-0.915490506,-0.019030,0.779001,-1.150782882
140155,0.2387657127,0.9776423739,1.0287769037,,,,0.6265651149,0.80405145,1,1,1,0,0,0,1,1,5,0.2,0.735160311,-0.019030,0.779001,0.9681512102
140158,,,,,,,-0.554735967,-0.112706581,0,0,0,0,0,0,1,1,2,0.5,-0.333721274,-0.019030,0.779001,-0.40396796
140160,-0.06787654,0.9776423739,1.0287769037,-0.640321004,,,-0.269197304,0.1030011909,1,1,1,1,0,0,1,1,6,0.1666666667,0.1886709368,-0.019030,0.779001,0.266624907
140161,0.6987290924,,,,,,-0.665267062,0.4265628489,1,0,0,0,0,0,1,1,3,0.3333333333,0.1533416264,-0.019030,0.779001,0.2212728075
140162,-0.834482173,-0.340408234,-0.711130307,-1.559184019,,0.2128797857,0.5183367507,1.5051017091,1,1,1,1,0,1,1,1,7,0.1428571429,-0.17269807,-0.019030,0.779001,-0.197263094
140164,0.5454079659,0.7113146222,-1.110537578,-0.764708573,,0.5278737097,0.3479346454,-0.598049068,1,1,1,1,0,1,1,1,7,0.1428571429,-0.048680611,-0.019030,0.779001,-0.03806236
140166,,,-0.306580453,,,,0.0831205628,-4.049373421,0,0,1,0,0,0,1,1,3,0.3333333333,-1.42427777,-0.019030,0.779001,-1.803911131
140172,0.6987290924,-1.091832962,-1.095109829,-0.239070779,,-0.211397745,-0.639937019,-0.436268239,1,1,1,1,0,1,1,1,7,0.1428571429,-0.430698211,-0.019030,0.779001,-0.528456881
140174,,0.1324594068,-0.870550376,-1.160608796,,,-0.232353605,-0.27448741,0,1,1,1,0,0,1,1,5,0.2,-0.481108156,-0.019030,0.779001,-0.593167933
140177,,,1.0287769037,,,,1.0249376044,,0,0,1,0,0,0,1,0,2,0.5,1.0268572541,-0.019030,0.779001,1.3426014517
140179,-0.06787654,-0.47628974,-0.244869458,-1.896234208,,0.1694877655,0.4607684719,0.750124507,1,1,1,1,0,1,1,1,7,0.1428571429,-0.186412743,-0.019030,0.779001,-0.214868567
140180,,-0.161044646,,0.4136295874,,0.232165128,0.327210065,-0.328414353,0,1,0,1,0,1,1,1,5,0.2,0.0967091562,-0.019030,0.779001,0.1485739237
140181,,,-0.618563815,,,,-2.55811207,0.3187089629,0,0,1,0,0,0,1,1,3,0.3333333333,-0.952655641,-0.019030,0.779001,-1.198491621
140182,,-1.135315044,-0.186586852,-0.75935857,0.0528653816,0.7416195866,0.2604308615,-0.81375684,0,1,1,1,1,1,1,1,7,0.1428571429,-0.26287164,-0.019030,0.779001,-0.313018558
140184,,,0.0928268181,,,,-0.338279238,0.2108550769,0,0,1,0,0,0,1,1,3,0.3333333333,-0.011532448,-0.019030,0.779001,0.0096245939
140185,-0.374518794,-0.673317924,0.3071011051,1.149255,,-0.52799878,0.5805104918,0.4265628489,1,1,1,1,0,1,1,1,7,0.1428571429,0.1267991355,-0.019030,0.779001,0.1872003141
140186,,0.5808683765,-0.05802228,1.149255,,1.1916109066,0.1084506054,-0.220560467,0,1,1,1,0,1,1,1,6,0.1666666667,0.4586003569,-0.019030,0.779001,0.6131322631
140187,-0.681161047,0.9776423739,0.7373638734,1.149255,,0.4266256627,0.6012350722,0.1569281339,1,1,1,1,0,1,1,1,7,0.1428571429,0.4811270099,-0.019030,0.779001,0.6420496408
140189,0.2387657127,0.0074484213,-1.953921171,0.1568294434,,-3.199018687,-0.363609281,-1.245172384,1,1,1,1,0,1,1,1,7,0.1428571429,-0.908382564,-0.019030,0.779001,-1.141658443
140191,-2.674335692,0.6854971361,-0.107733915,-0.328683329,,-0.304610232,0.7094634364,0.911905336,1,1,1,1,0,1,1,1,7,0.1428571429,-0.158356751,-0.019030,0.779001,-0.178853199
140197,,,,,,,,,0,0,0,0,0,0,0,0,0,,,-0.019030,0.779001,
140200,-0.221197667,0.6542443897,-0.260297207,0.908504865,0.4160981533,0.1453810877,0.718674361,0.6422706209,1,1,1,1,1,1,1,1,8,0.125,0.3754598255,-0.019030,0.779001,0.5064050834
140202,0.5454079659,0.8281727173,0.4390940659,-0.01035815,,-0.603533038,0.2765499796,1.073686165,1,1,1,1,0,1,1,1,7,0.1428571429,0.3641456722,-0.019030,0.779001,0.4918811485
140206,,0.3634579669,0.3568127397,,,-0.357644924,-0.448810334,0.3187089629,0,1,1,0,0,1,1,1,5,0.2,0.0465048825,-0.019030,0.779001,0.084126891
140208,0.2387657127,0.0563657635,-0.455715357,-1.370596413,-0.270008193,0.5696586179,-0.278408228,-1.730514871,1,1,1,1,1,1,1,1,8,0.125,-0.405056621,-0.019030,0.779001,-0.495540871
140209,,-1.082321257,0.1716797557,0.0739043969,,0.0248476984,0.2765499796,0.4804897919,0,1,1,1,0,1,1,1,6,0.1666666667,-0.009141606,-0.019030,0.779001,0.0126937087
140210,,,,,,,,0.1569281339,0,0,0,0,0,0,0,1,1,1,0.1569281339,-0.019030,0.779001,0.2258767932
140211,0.0854445862,0.4979806578,-1.405378997,1.149255,,1.1916109066,-0.133336166,1.5590286521,1,1,1,1,0,1,1,1,7,0.1428571429,0.4206578058,-0.019030,0.779001,0.5644255565
140213,1.1586924721,-0.802405354,-0.196872018,0.5540671662,1.1084136071,0.007169468,0.5045203638,0.5883436779,1,1,1,1,1,1,1,1,8,0.125,0.3652411729,-0.019030,0.779001,0.4932874384
140217,0.3920868393,,-2.151053515,,,,-0.423480291,0.3726359059,1,0,1,0,0,0,1,1,4,0.25,-0.452452765,-0.019030,0.779001,-0.556383118
140223,-1.754408933,-0.612171246,-0.500284408,-0.786108585,-1.667057315,0.2466291347,-0.066556962,0.1030011909,1,1,1,1,1,1,1,1,8,0.125,-0.629619641,-0.019030,0.779001,-0.783811553
140224,0.3920868393,0.4952630277,0.0619713208,1.149255,,1.1916109066,0.7002525118,-0.220560467,1,1,1,1,0,1,1,1,7,0.1428571429,0.5385541627,-0.019030,0.779001,0.7157686555
140228,,0.4246046446,0.4133811515,1.149255,-0.479048136,0.7769760475,-0.045832382,0.911905336,0,1,1,1,1,1,1,1,7,0.1428571429,0.4501773803,-0.019030,0.779001,0.6023197205
140231,0.0854445862,0.1705062285,0.2642462477,0.1167044209,-1.17136359,1.1916109066,0.0762123693,0.4804897919,1,1,1,1,1,1,1,1,8,0.125,0.1517313702,-0.019030,0.779001,0.2192057277
140233,-0.221197667,-0.182785687,0.1339674812,-0.197608255,,0.894295213,0.3617510323,0.2108550769,1,1,1,1,0,1,1,1,7,0.1428571429,0.1427538849,-0.019030,0.779001,0.2076813644
140239,,-1.920710148,-0.136875218,-0.264483293,,-1.140308398,-1.254766237,1.019759222,0,1,1,1,0,1,1,1,6,0.1666666667,-0.616230679,-0.019030,0.779001,-0.766624194
140242,1.0053713456,-0.348561124,0.5590876666,-0.850308621,-0.49974516,0.4201972152,0.7278852856,1.6668825381,1,1,1,1,1,1,1,1,8,0.125,0.3351011432,-0.019030,0.779001,0.4545967985
140251,,0.3756873025,1.0287769037,1.149255,,,-0.683688911,-0.544122125,0,1,1,1,0,0,1,1,5,0.2,0.265181634,-0.019030,0.779001,0.364841394
140252,1.4653347253,-0.249367625,1.0287769037,0.2277169831,1.1084136071,0.322163392,0.3133936781,1.7747364241,1,1,1,1,1,1,1,1,8,0.125,0.748896011,-0.019030,0.779001,0.9857836754
140258,0.2387657127,0.1120771809,0.0294016292,-0.443708393,0.2111976154,0.7512622578,0.8038754137,-0.436268239,1,1,1,1,1,1,1,1,8,0.125,0.1583253971,-0.019030,0.779001,0.2276704547
140275,0.5454079659,,-0.176301686,-0.780758582,,,-0.006685952,-0.921610726,1,0,1,1,0,0,1,1,5,0.2,-0.267989796,-0.019030,0.779001,-0.319588716
140276,1.0053713456,-0.777946683,-0.138589412,0.5340046549,0.5154438686,-0.339966693,-0.759679039,-0.81375684,1,1,1,1,1,1,1,1,8,0.125,-0.09688985,-0.019030,0.779001,-0.099948374
140280,1.4653347253,0.614838753,-0.238012681,0.4122920867,0.4129935997,-1.733332673,-0.036621457,0.5344167349,1,1,1,1,1,1,1,1,8,0.125,0.178988636,-0.019030,0.779001,0.2541957748
140281,1.925298105,-0.090386263,-0.164302326,0.0284293714,0.1253049657,-0.187291067,-0.055043306,1.5590286521,1,1,1,1,1,1,1,1,8,0.125,0.3926297665,-0.019030,0.779001,0.5284460705
140286,,0.2235000158,1.0287769037,0.4069420837,,-4.144000459,0.6012350722,0.4265628489,0,1,1,1,0,1,1,1,6,0.1666666667,-0.242830589,-0.019030,0.779001,-0.287291939
140288,0.2387657127,0.3580227067,0.3036727165,-1.589946536,0.3964359805,0.4523394524,0.7670317152,-3.402250105,1,1,1,1,1,1,1,1,8,0.125,-0.309491045,-0.019030,0.779001,-0.372863708
140289,,0.9776423739,1.0287769037,1.149255,1.1084136071,0.2627002533,0.3939892684,0.6422706209,0,1,1,1,1,1,1,1,7,0.1428571429,0.7947211468,-0.019030,0.779001,1.0446092255
140290,-0.221197667,-0.389325576,-0.05802228,0.3106420297,-0.140651793,0.8203680676,0.5022176326,0.2647820199,1,1,1,1,1,1,1,1,8,0.125,0.1361015542,-0.019030,0.779001,0.1991417932
140291,0.3920868393,0.4368339802,0.7545058164,0.8616923387,0.1946399962,0.6098364144,0.3893838061,-0.81375684,1,1,1,1,1,1,1,1,8,0.125,0.3531527939,-0.019030,0.779001,0.4777696329
140292,,-1.579647568,-1.129393715,,,1.1916109066,0.2627335927,0.4265628489,0,1,1,0,0,1,1,1,5,0.2,-0.165626787,-0.019030,0.779001,-0.188185715
140294,-0.221197667,,,,,,,0.3187089629,1,0,0,0,0,0,0,1,2,0.5,0.048755648,-0.019030,0.779001,0.08701619
140300,,,,,,,-0.347490163,,0,0,0,0,0,0,1,0,1,1,-0.347490163,-0.019030,0.779001,-0.42164303
140304,,0.9776423739,1.0287769037,1.149255,,,1.0249376044,0.5883436779,0,1,1,1,0,0,1,1,5,0.2,0.953791112,-0.019030,0.779001,1.2488067267
140308,,,,,,,,,0,0,0,0,0,0,0,0,0,,,-0.019030,0.779001,
14034F,,,,,,,,-1.029464612,0,0,0,0,0,0,0,1,1,1,-1.029464612,-0.019030,0.779001,-1.297091002
141300,,,,,,,,,0,0,0,0,0,0,0,0,0,,,-0.019030,0.779001,
141301,,,,,,,,,0,0,0,0,0,0,0,0,0,,,-0.019030,0.779001,
141302,-0.06787654,,,,,,,,1,0,0,0,0,0,0,0,1,1,-0.06787654,-0.019030,0.779001,-0.062704101
141303,,,,,,,,,0,0,0,0,0,0,0,0,0,,,-0.019030,0.779001,
141304,,,,,,,,,0,0,0,0,0,0,0,0,0,,,-0.019030,0.779001,
141305,0.5454079659,,,,,,,,1,0,0,0,0,0,0,0,1,1,0.5454079659,-0.019030,0.779001,0.7245668561
141306,,,,,,,,,0,0,0,0,0,0,0,0,0,,,-0.019030,0.779001,
141307,,,,,,,,,0,0,0,0,0,0,0,0,0,,,-0.019030,0.779001,
141308,,,,,,,,,0,0,0,0,0,0,0,0,0,,,-0.019030,0.779001,
141309,,,,,,,,,0,0,0,0,0,0,0,0,0,,,-0.019030,0.779001,
141310,,,,,,,1.0249376044,,0,0,0,0,0,0,1,0,1,1,1.0249376044,-0.019030,0.779001,1.3401372048
141311,,,,,,,,,0,0,0,0,0,0,0,0,0,,,-0.019030,0.779001,
141312,,,,,,,,,0,0,0,0,0,0,0,0,0,,,-0.019030,0.779001,
141313,,,,,,,,,0,0,0,0,0,0,0,0,0,,,-0.019030,0.779001,
141315,,,,,,,,,0,0,0,0,0,0,0,0,0,,,-0.019030,0.779001,
141316,,,,,,,,,0,0,0,0,0,0,0,0,0,,,-0.019030,0.779001,
141317,-0.374518794,,,,,,1.0249376044,,1,0,0,0,0,0,1,0,2,0.5,0.3252094054,-0.019030,0.779001,0.4418988129
141318,,,,,,,,,0,0,0,0,0,0,0,0,0,,,-0.019030,0.779001,
141319,,,,,,,,,0,0,0,0,0,0,0,0,0,,,-0.019030,0.779001,
141320,,,,,,,,,0,0,0,0,0,0,0,0,0,,,-0.019030,0.779001,
141321,,,,,,,,,0,0,0,0,0,0,0,0,0,,,-0.019030,0.779001,
141322,,,,,,,-2.056116679,,0,0,0,0,0,0,1,0,1,1,-2.056116679,-0.019030,0.779001,-2.615000302
141323,,,,,,,,,0,0,0,0,0,0,0,0,0,,,-0.019030,0.779001,
141324,,,1.0287769037,,,,-1.567937674,,0,0,1,0,0,0,1,0,2,0.5,-0.269580385,-0.019030,0.779001,-0.321630549
141325,,,,,,,,,0,0,0,0,0,0,0,0,0,,,-0.019030,0.779001,
141326,,,,,,,,,0,0,0,0,0,0,0,0,0,,,-0.019030,0.779001,
141327,0.5454079659,,1.0287769037,,,,-6.935603992,,1,0,1,0,0,0,1,0,3,0.3333333333,-1.787139707,-0.019030,0.779001,-2.269715601
141328,,,,,,,,,0,0,0,0,0,0,0,0,0,,,-0.019030,0.779001,
141329,,,,,,,,,0,0,0,0,0,0,0,0,0,,,-0.019030,0.779001,
141330,,,,,,,,,0,0,0,0,0,0,0,0,0,,,-0.019030,0.779001,
141331,,,,,,,,,0,0,0,0,0,0,0,0,0,,,-0.019030,0.779001,
141332,,,,,,,,,0,0,0,0,0,0,0,0,0,,,-0.019030,0.779001,
141333,,,,,,,,,0,0,0,0,0,0,0,0,0,,,-0.019030,0.779001,
141334,,,,,,,,,0,0,0,0,0,0,0,0,0,,,-0.019030,0.779001,
141335,,,,,,,,,0,0,0,0,0,0,0,0,0,,,-0.019030,0.779001,
141336,,,1.0287769037,,,,-2.535084758,,0,0,1,0,0,0,1,0,2,0.5,-0.753153927,-0.019030,0.779001,-0.942392041
141337,,,,,,,,,0,0,0,0,0,0,0,0,0,,,-0.019030,0.779001,
141338,,,,,,,,,0,0,0,0,0,0,0,0,0,,,-0.019030,0.779001,
141339,,,,,,,1.0249376044,,0,0,0,0,0,0,1,0,1,1,1.0249376044,-0.019030,0.779001,1.3401372048
141340,,,,,,,,,0,0,0,0,0,0,0,0,0,,,-0.019030,0.779001,
141341,,,,,,,,,0,0,0,0,0,0,0,0,0,,,-0.019030,0.779001,
141342,,,,,,,,,0,0,0,0,0,0,0,0,0,,,-0.019030,0.779001,
141343,,,,,,,,,0,0,0,0,0,0,0,0,0,,,-0.019030,0.779001,
141344,,,,,,,,,0,0,0,0,0,0,0,0,0,,,-0.019030,0.779001,
141345,0.5454079659,,,,,,,,1,0,0,0,0,0,0,0,1,1,0.5454079659,-0.019030,0.779001,0.7245668561
141346,,,,,,,,,0,0,0,0,0,0,0,0,0,,,-0.019030,0.779001,
141347,,,,,,,-2.574231188,,0,0,0,0,0,0,1,0,1,1,-2.574231188,-0.019030,0.779001,-3.280101901
141348,,,1.0287769037,,,,-0.059648769,,0,0,1,0,0,0,1,0,2,0.5,0.4845640675,-0.019030,0.779001,0.6464617783
141349,,,,,,,-3.467690875,,0,0,0,0,0,0,1,0,1,1,-3.467690875,-0.019030,0.779001,-4.427032658
141350,,,,,,,1.0249376044,,0,0,0,0,0,0,1,0,1,1,1.0249376044,-0.019030,0.779001,1.3401372048
141351,,,,,,,,,0,0,0,0,0,0,0,0,0,,,-0.019030,0.779001,
141352,,,,,,,,,0,0,0,0,0,0,0,0,0,,,-0.019030,0.779001,
141353,,,,,,,,,0,0,0,0,0,0,0,0,0,,,-0.019030,0.779001,
150001,0.3920868393,,,,,,0.642684233,0.3726359059,1,0,0,0,0,0,1,1,3,0.3333333333,0.4691356594,-0.019030,0.779001,0.6266563903
150002,,-0.94372212,0.5110902263,-0.066533182,-0.798817157,0.8589387522,-0.425783022,0.1030011909,0,1,1,1,1,1,1,1,7,0.1428571429,-0.108832187,-0.019030,0.779001,-0.115278707
150005,0.0854445862,0.4653690964,0.5230895864,-0.079908189,,1.1916109066,-1.28009628,-0.975537669,1,1,1,1,0,1,1,1,7,0.1428571429,-0.010003995,-0.019030,0.779001,0.0115866632
150006,,0.9776423739,,,,,-0.289921884,0.2647820199,0,1,0,0,0,0,1,1,3,0.3333333333,0.3175008366,-0.019030,0.779001,0.4320033527
150007,1.4653347253,,1.0287769037,-0.790121088,,-0.135863487,0.4676766653,-0.598049068,1,0,1,1,0,1,1,1,6,0.1666666667,0.2396257752,-0.019030,0.779001,0.3320354366
150008,,-3.021350347,-0.663132866,1.149255,,-0.264432436,0.4515575473,0.1569281339,0,1,1,1,0,1,1,1,6,0.1666666667,-0.365195828,-0.019030,0.779001,-0.444371724
150009,,0.9776423739,0.2899591622,,-2.42042899,1.1916109066,0.0324604774,0.6961975639,0,1,1,0,1,1,1,1,6,0.1666666667,0.1279069157,-0.019030,0.779001,0.1886223673
150010,0.6987290924,0.9776423739,1.0287769037,,,,0.6841333937,0.1569281339,1,1,1,0,0,0,1,1,5,0.2,0.7092419795,-0.019030,0.779001,0.934879948
150011,,,,,,,-0.108006123,-0.112706581,0,0,0,0,0,0,1,1,2,0.5,-0.110356352,-0.019030,0.779001,-0.117235271
150012,-2.367693439,0.4966218428,0.7836471194,-0.16952074,0.1822217818,0.3735909714,0.2397062812,-1.137318498,1,1,1,1,1,1,1,1,8,0.125,-0.199843085,-0.019030,0.779001,-0.232109045
150015,0.0854445862,0.9776423739,0.0191164634,1.149255,,-0.063543454,-1.257068968,0.4265628489,1,1,1,1,0,1,1,1,7,0.1428571429,0.1910584072,-0.019030,0.779001,0.2696896935
150017,,0.3756873025,0.1082545668,0.1568294434,,0.7657262645,-0.188601713,-0.490195182,0,1,1,1,0,1,1,1,6,0.1666666667,0.1212834469,-0.019030,0.779001,0.180119846
150018,-0.52783992,0.4178105693,0.1253965097,1.149255,0.2111976154,0.6146577499,0.2051653139,0.1030011909,1,1,1,1,1,1,1,1,8,0.125,0.2873305036,-0.019030,0.779001,0.3932738126
150021,,0.0658774689,0.2231055846,0.4310170972,-1.026484421,0.333413175,0.3525401077,1.127613108,0,1,1,1,1,1,1,1,7,0.1428571429,0.2152974457,-0.019030,0.779001,0.3008052538
150022,,,,,,,0.4262275046,0.2108550769,0,0,0,0,0,0,1,1,2,0.5,0.3185412907,-0.019030,0.779001,0.4333389797
150023,0.852050219,0.2941583989,0.7750761479,0.3882170732,1.1084136071,-0.021758545,-0.059648769,0.1569281339,1,1,1,1,1,1,1,1,8,0.125,0.4366795332,-0.019030,0.779001,0.5849925862
150024,,-0.353996385,0.207677836,-0.511920932,,-2.501532141,0.4745848588,0.2108550769,0,1,1,1,0,1,1,1,6,0.1666666667,-0.412388614,-0.019030,0.779001,-0.504952922
150026,,-3.8923508,-1.44651966,-0.622933494,,,0.0071304347,1.073686165,0,1,1,1,0,0,1,1,5,0.2,-0.976197471,-0.019030,0.779001,-1.228712178
150030,0.3920868393,,,,,,0.2627335927,0.911905336,1,0,0,0,0,0,1,1,3,0.3333333333,0.5222419227,-0.019030,0.779001,0.6948286958
150034,1.0053713456,0.9776423739,0.3499559625,-0.087933194,0.4171330045,1.1916109066,0.2903663665,-0.759829897,1,1,1,1,1,1,1,1,8,0.125,0.4230396086,-0.019030,0.779001,0.5674830675
150035,0.852050219,0.2683409128,0.4630927861,0.7038672502,,0.0907392846,-0.018199608,0.750124507,1,1,1,1,0,1,1,1,7,0.1428571429,0.4442879074,-0.019030,0.779001,0.5947594268
150037,-0.52783992,,,,,,0.7670317152,0.3187089629,1,0,0,0,0,0,1,1,3,0.3333333333,0.1859669193,-0.019030,0.779001,0.2631537702
15003F,-0.06787654,0.5754331162,-1.408807385,,,,,0.4804897919,1,1,1,0,0,0,0,1,4,0.25,-0.105190254,-0.019030,0.779001,-0.110603571
150042,0.3920868393,0.9776423739,1.0287769037,1.149255,,,-1.927163734,0.3187089629,1,1,1,1,0,0,1,1,6,0.1666666667,0.3232177243,-0.019030,0.779001,0.4393420995
150044,-1.294445553,0.4871101374,-0.260297207,0.5594171692,,-0.683888631,0.3686592257,-0.166633524,1,1,1,1,0,1,1,1,7,0.1428571429,-0.141439769,-0.019030,0.779001,-0.157136933
150045,,,,,,,-0.257683648,0.1569281339,0,0,0,0,0,0,1,1,2,0.5,-0.050377757,-0.019030,0.779001,-0.04024098
150046,0.0854445862,-1.106779928,1.0287769037,,,,1.0249376044,-0.166633524,1,1,1,0,0,0,1,1,5,0.2,0.1731491285,-0.019030,0.779001,0.2466996215
150047,,,,,,,1.0249376044,0.2108550769,0,0,0,0,0,0,1,1,2,0.5,0.6178963406,-0.019030,0.779001,0.8176199034
150048,-0.221197667,0.3607403368,-0.090591972,1.149255,,1.1916109066,0.0762123693,0.4265628489,1,1,1,1,0,1,1,1,7,0.1428571429,0.4132274033,-0.019030,0.779001,0.5548871775
15004F,,,,,,,,,0,0,0,0,0,0,0,0,0,,,-0.019030,0.779001,
150051,1.4653347253,-0.685547259,1.0287769037,-1.755796629,-2.890251435,-0.315860015,0.4147138488,0.750124507,1,1,1,1,1,1,1,1,8,0.125,-0.248563169,-0.019030,0.779001,-0.29465083
150056,1.0053713456,0.0930537701,0.1853933101,-0.198945756,0.6861943169,-0.402644056,-0.004383221,-0.058779638,1,1,1,1,1,1,1,1,8,0.125,0.163157509,-0.019030,0.779001,0.233873418
150057,1.3120135987,,-0.633991563,0.6904922427,,,1.0249376044,0.5883436779,1,0,1,1,0,0,1,1,5,0.2,0.5963591121,-0.019030,0.779001,0.7899726461
150058,0.2387657127,-0.445036994,1.0287769037,0.0204043669,1.1084136071,0.7384053629,0.7071607053,-5.882889483,1,1,1,1,1,1,1,1,8,0.125,-0.310749977,-0.019030,0.779001,-0.374479795
150059,,-1.295655221,-3.160713956,-0.955971181,,,-0.12182251,-1.460880156,0,1,1,1,0,0,1,1,5,0.2,-1.399008605,-0.019030,0.779001,-1.771473201
150061,,,,,,,1.0249376044,0.3187089629,0,0,0,0,0,0,1,1,2,0.5,0.6718232836,-0.019030,0.779001,0.8868457123
150065,-0.52783992,,,1.149255,,,0.4239247734,-0.058779638,1,0,0,1,0,0,1,1,4,0.25,0.2466400538,-0.019030,0.779001,0.341039639
150069,,,-2.589887255,0.1568294434,,,-1.491947546,0.2108550769,0,0,1,1,0,0,1,1,4,0.25,-0.92853757,-0.019030,0.779001,-1.167531347
150072,,,,,,,1.0249376044,-0.651976011,0,0,0,0,0,0,1,1,2,0.5,0.1864807966,-0.019030,0.779001,0.2638134324
150074,0.3920868393,0.4069400488,0.8367871426,-0.540008447,,0.7560835933,0.552877718,0.5344167349,1,1,1,1,0,1,1,1,7,0.1428571429,0.4198833756,-0.019030,0.779001,0.5634314235
150075,,,,,,,,0.1030011909,0,0,0,0,0,0,0,1,1,1,0.1030011909,-0.019030,0.779001,0.1566509843
150076,,,,,,,-0.729743534,0.2647820199,0,0,0,0,0,0,1,1,2,0.5,-0.232480757,-0.019030,0.779001,-0.274005899
150082,-1.754408933,0.5319510343,0.4459508431,0.4617796144,,0.1598450944,0.3617510323,-0.490195182,1,1,1,1,0,1,1,1,7,0.1428571429,-0.040475214,-0.019030,0.779001,-0.027529123
150084,0.3920868393,0.7629495945,-0.162588132,0.7560297795,1.1084136071,-1.321912038,0.2120735073,0.3726359059,1,1,1,1,1,1,1,1,8,0.125,0.264961133,-0.019030,0.779001,0.3645583377
150086,-0.681161047,0.9776423739,-0.987115588,,,,-0.877118328,0.6961975639,1,1,1,0,0,0,1,1,5,0.2,-0.174311005,-0.019030,0.779001,-0.199333613
150088,-0.681161047,0.569997856,0.4459508431,,,0.0650254948,-0.679083449,0.0490742479,1,1,1,0,0,1,1,1,6,0.1666666667,-0.038366009,-0.019030,0.779001,-0.024821545
150089,0.3920868393,0.343075741,0.2968159393,-1.838721676,,0.1453810877,0.5712995672,0.5883436779,1,1,1,1,0,1,1,1,7,0.1428571429,0.0711830252,-0.019030,0.779001,0.1158061278
150090,,-1.49404222,-1.312812505,-0.059845678,-4.201407907,0.4860888014,-0.363609281,0.0490742479,0,1,1,1,1,1,1,1,7,0.1428571429,-0.985222077,-0.019030,0.779001,-1.24029703
150091,,,,,,,1.0249376044,0.1030011909,0,0,0,0,0,0,1,1,2,0.5,0.5639693976,-0.019030,0.779001,0.7483940946
150097,,,,,,,-1.261674431,0.0490742479,0,0,0,0,0,0,1,1,2,0.5,-0.606300091,-0.019030,0.779001,-0.753876338
150100,1.0053713456,0.6895735812,0.5882289697,-0.680446026,,0.8203680676,-0.234656336,0.5344167349,1,1,1,1,0,1,1,1,7,0.1428571429,0.3889794766,-0.019030,0.779001,0.5237602075
150101,,,,,,,1.0249376044,0.1030011909,0,0,0,0,0,0,1,1,2,0.5,0.5639693976,-0.019030,0.779001,0.7483940946
150102,,,,,,,,,0,0,0,0,0,0,0,0,0,,,-0.019030,0.779001,
150104,,,,,,,-0.713624416,0.5883436779,0,0,0,0,0,0,1,1,2,0.5,-0.062640369,-0.019030,0.779001,-0.055982448
150109,0.852050219,0.6528855746,-2.04134508,0.646354718,,0.0537757118,-0.727440803,-0.598049068,1,1,1,1,0,1,1,1,7,0.1428571429,-0.165966961,-0.019030,0.779001,-0.188622396
150112,0.2387657127,0.3824813778,1.0287769037,-3.196284937,,0.2177011213,-0.44190214,0.3187089629,1,1,1,1,0,1,1,1,7,0.1428571429,-0.207393286,-0.019030,0.779001,-0.241801209
150113,0.0854445862,0.411016494,0.4750921461,0.4524171092,,,0.4101083865,0.5883436779,1,1,1,1,0,0,1,1,6,0.1666666667,0.4037370667,-0.019030,0.779001,0.5427044689
150115,1.0053713456,,,-0.086595693,,,0.3663564946,-1.083391555,1,0,0,1,0,0,1,1,4,0.25,0.0504351479,-0.019030,0.779001,0.0891721576
150125,-3.900904705,0.3457933712,0.17339395,0.3668170612,0.6665321441,0.4330541101,0.267339055,-0.651976011,1,1,1,1,1,1,1,1,8,0.125,-0.287493878,-0.019030,0.779001,-0.34462603
150126,-0.374518794,0.0713127291,-1.360809945,0.2504544959,,1.1916109066,-0.423480291,0.4265628489,1,1,1,1,0,1,1,1,7,0.1428571429,-0.031266864,-0.019030,0.779001,-0.0157084
150128,0.3920868393,0.5278745892,0.2042494474,-0.228370773,0.4398997309,0.3462700698,0.7393989414,0.3726359059,1,1,1,1,1,1,1,1,8,0.125,0.3492555939,-0.019030,0.779001,0.4727668123
150133,,,,0.1648544479,,,-0.255380917,-0.220560467,0,0,0,1,0,0,1,1,3,0.3333333333,-0.103695645,-0.019030,0.779001,-0.108684948
150146,,,,,,,1.0249376044,0.1030011909,0,0,0,0,0,0,1,1,2,0.5,0.5639693976,-0.019030,0.779001,0.7483940946
150149,,-0.776587868,,,0.9242100932,,1.0249376044,0.1030011909,0,1,0,0,1,0,1,1,4,0.25,0.3188902551,-0.019030,0.779001,0.4337869439
150150,,0.9776423739,1.0287769037,0.4417171032,,-0.111756809,0.5689968361,-0.328414353,0,1,1,1,0,1,1,1,6,0.1666666667,0.4294936757,-0.019030,0.779001,0.5757681287
150153,,0.8132257517,-0.219156544,,,,0.2788527108,1.235466994,0,1,1,0,0,0,1,1,4,0.25,0.5270972282,-0.019030,0.779001,0.7010614327
150157,,0.9776423739,-3.148714596,1.149255,,,-0.004383221,1.019759222,0,1,1,1,0,0,1,1,5,0.2,-0.001288244,-0.019030,0.779001,0.0227750386
150158,0.852050219,0.2465998718,-0.308294647,-2.408496995,,0.6291217566,0.8015726825,0.965832279,1,1,1,1,0,1,1,1,7,0.1428571429,0.1111978809,-0.019030,0.779001,0.1671730438
150160,1.7719769784,,,,,,,1.019759222,1,0,0,0,0,0,0,1,2,0.5,1.3958681002,-0.019030,0.779001,1.8162992525
150161,0.6987290924,0.9776423739,0.4613785918,0.8884423537,-1.374194425,-0.375323154,0.4722821276,1.34332088,1,1,1,1,1,1,1,1,8,0.125,0.3865347301,-0.019030,0.779001,0.5206218957
150162,-0.834482173,0.3308464055,-0.642562535,-0.013033152,-0.911615938,0.2450220228,-0.953108456,1.289393937,1,1,1,1,1,1,1,1,8,0.125,-0.186192486,-0.019030,0.779001,-0.214585824
150165,-0.52783992,0.1569180779,-2.113341241,,,,-1.003768542,0.4265628489,1,1,1,0,0,0,1,1,5,0.2,-0.612293755,-0.019030,0.779001,-0.761570381
150166,0.3920868393,,,,,,,0.6961975639,1,0,0,0,0,0,0,1,2,0.5,0.5441422016,-0.019030,0.779001,0.7229419995
150167,,,,,,,,0.4804897919,0,0,0,0,0,0,0,1,1,1,0.4804897919,-0.019030,0.779001,0.6412316465
150168,-0.9878033,,,,,,,0.6422706209,1,0,0,0,0,0,0,1,2,0.5,-0.172766339,-0.019030,0.779001,-0.197350731
150169,0.6987290924,0.5971741572,0.4785205347,-0.390208363,-1.17136359,1.1916109066,0.0877260251,-1.622660985,1,1,1,1,1,1,1,1,8,0.125,-0.016309028,-0.019030,0.779001,0.0034929165
150172,-0.06787654,,,,,,,0.3726359059,1,0,0,0,0,0,0,1,2,0.5,0.1523796827,-0.019030,0.779001,0.220037964
150173,0.0854445862,0.3675344121,0.3225288538,0.0899544059,,0.0200263628,0.7002525118,0.911905336,1,1,1,1,0,1,1,1,7,0.1428571429,0.3568066384,-0.019030,0.779001,0.482460059
150177,0.2387657127,,,,,,,0.1569281339,1,0,0,0,0,0,0,1,2,0.5,0.1978469233,-0.019030,0.779001,0.2784040855
150179,,,,,,,1.0249376044,,0,0,0,0,0,0,1,0,1,1,1.0249376044,-0.019030,0.779001,1.3401372048
150181,0.5454079659,,,,,,,0.2647820199,1,0,0,0,0,0,0,1,2,0.5,0.4050949929,-0.019030,0.779001,0.5444476336
150183,,,,,,,1.0249376044,0.4265628489,0,0,0,0,0,0,1,1,2,0.5,0.7257502267,-0.019030,0.779001,0.9560715212
150193,,,,,,,,0.1569281339,0,0,0,0,0,0,0,1,1,1,0.1569281339,-0.019030,0.779001,0.2258767932
151300,,,,,,,,,0,0,0,0,0,0,0,0,0,,,-0.019030,0.779001,
151301,,,,,,,,,0,0,0,0,0,0,0,0,0,,,-0.019030,0.779001,
151303,,,,,,,,,0,0,0,0,0,0,0,0,0,,,-0.019030,0.779001,
151304,,,,,,,,,0,0,0,0,0,0,0,0,0,,,-0.019030,0.779001,
151305,,,,,,,,,0,0,0,0,0,0,0,0,0,,,-0.019030,0.779001,
151306,,,,,,,,,0,0,0,0,0,0,0,0,0,,,-0.019030,0.779001,
151307,,,,,,,,,0,0,0,0,0,0,0,0,0,,,-0.019030,0.779001,
151308,,,,,,,,,0,0,0,0,0,0,0,0,0,,,-0.019030,0.779001,
151309,,,,,,,,,0,0,0,0,0,0,0,0,0,,,-0.019030,0.779001,
151310,,,,,,,-0.131033434,,0,0,0,0,0,0,1,0,1,1,-0.131033434,-0.019030,0.779001,-0.143778362
151311,0.3920868393,,,,,,,,1,0,0,0,0,0,0,0,1,1,0.3920868393,-0.019030,0.779001,0.5277491169
151312,,,,,,,1.0249376044,,0,0,0,0,0,0,1,0,1,1,1.0249376044,-0.019030,0.779001,1.3401372048
151313,0.0854445862,,,,,,,,1,0,0,0,0,0,0,0,1,1,0.0854445862,-0.019030,0.779001,0.1341136386
151314,,,,,,,,,0,0,0,0,0,0,0,0,0,,,-0.019030,0.779001,
151315,,,1.0287769037,,,,-1.793605327,,0,0,1,0,0,0,1,0,2,0.5,-0.382414212,-0.019030,0.779001,-0.466474897
151316,,,,,,,,,0,0,0,0,0,0,0,0,0,,,-0.019030,0.779001,
151317,,,,,,,,,0,0,0,0,0,0,0,0,0,,,-0.019030,0.779001,
151318,,,,,,,1.0249376044,,0,0,0,0,0,0,1,0,1,1,1.0249376044,-0.019030,0.779001,1.3401372048
151319,,,,,,,,,0,0,0,0,0,0,0,0,0,,,-0.019030,0.779001,
151320,,,,,,,,,0,0,0,0,0,0,0,0,0,,,-0.019030,0.779001,
151322,,,,,,,,,0,0,0,0,0,0,0,0,0,,,-0.019030,0.779001,
151323,,,,,,,1.0249376044,,0,0,0,0,0,0,1,0,1,1,1.0249376044,-0.019030,0.779001,1.3401372048
151324,,,,,,,,,0,0,0,0,0,0,0,0,0,,,-0.019030,0.779001,
151325,,,,,,,,,0,0,0,0,0,0,0,0,0,,,-0.019030,0.779001,
151326,,,,,,,,,0,0,0,0,0,0,0,0,0,,,-0.019030,0.779001,
151327,,,,,,,,,0,0,0,0,0,0,0,0,0,,,-0.019030,0.779001,
151328,,,1.0287769037,,,,1.0249376044,,0,0,1,0,0,0,1,0,2,0.5,1.0268572541,-0.019030,0.779001,1.3426014517
151329,0.3920868393,,,,,,-2.779174261,,1,0,0,0,0,0,1,0,2,0.5,-1.193543711,-0.019030,0.779001,-1.507718708
151330,,,,,,,-0.365912012,,0,0,0,0,0,0,1,0,1,1,-0.365912012,-0.019030,0.779001,-0.445291087
151331,,,,,,,,,0,0,0,0,0,0,0,0,0,,,-0.019030,0.779001,
151332,,,,,,,1.0249376044,,0,0,0,0,0,0,1,0,1,1,1.0249376044,-0.019030,0.779001,1.3401372048
151333,,,,,,,,,0,0,0,0,0,0,0,0,0,,,-0.019030,0.779001,
151334,,,,,,,,,0,0,0,0,0,0,0,0,0,,,-0.019030,0.779001,
160001,,,,,,,,-0.058779638,0,0,0,0,0,0,0,1,1,1,-0.058779638,-0.019030,0.779001,-0.051026442
160013,,,,,,,,0.2647820199,0,0,0,0,0,0,0,1,1,1,0.2647820199,-0.019030,0.779001,0.364328411
160016,,-0.729029341,-3.338990163,,,,0.207468045,-3.13261539,0,1,1,0,0,0,1,1,4,0.25,-1.748291712,-0.019030,0.779001,-2.219846579
160028,,,-1.869925651,,,1.1916109066,0.3939892684,0.2108550769,0,0,1,0,0,1,1,1,4,0.25,-0.0183676,-0.019030,0.779001,0.0008503357
160029,0.2387657127,,,,,,0.0462768643,-1.838368757,1,0,0,0,0,0,1,1,3,0.3333333333,-0.517775393,-0.019030,0.779001,-0.640237524
160030,-1.294445553,0.9776423739,-2.169909653,0.4029295814,,0.0666326067,-0.568552354,0.857978393,1,1,1,1,0,1,1,1,7,0.1428571429,-0.246817801,-0.019030,0.779001,-0.292410307
160032,,,,,,,,0.2108550769,0,0,0,0,0,0,0,1,1,1,0.2108550769,-0.019030,0.779001,0.2951026021
160033,0.6987290924,-0.908392929,-0.659704478,-0.501220926,,-1.117808832,0.5183367507,-1.460880156,1,1,1,1,0,1,1,1,7,0.1428571429,-0.490134497,-0.019030,0.779001,-0.604755012
16003F,0.2387657127,,,,,,,-0.651976011,1,0,0,0,0,0,0,1,2,0.5,-0.206605149,-0.019030,0.779001,-0.240789481
160040,-0.06787654,,,,,,,0.1569281339,1,0,0,0,0,0,0,1,2,0.5,0.0445257967,-0.019030,0.779001,0.0815863463
160045,0.0854445862,-0.049621811,0.5093760321,0.6664172292,,1.1916109066,-0.114914316,-0.436268239,1,1,1,1,0,1,1,1,7,0.1428571429,0.2645777696,-0.019030,0.779001,0.3640662157
160047,0.3920868393,0.252035132,1.0287769037,,,1.1916109066,-0.688294374,0.0490742479,1,1,1,0,0,1,1,1,6,0.1666666667,0.3708816093,-0.019030,0.779001,0.500528045
16004F,-1.141124426,0.9776423739,-0.611707038,,,,,1.019759222,1,1,1,0,0,0,0,1,4,0.25,0.061142533,-0.019030,0.779001,0.1029171866
160057,-0.374518794,-1.882663327,0.0105454919,-1.806621658,,1.1916109066,-0.98074123,-2.108003472,1,1,1,1,0,1,1,1,7,0.1428571429,-0.850056012,-0.019030,0.779001,-1.066784873
160058,,-0.204526728,-0.1420178,0.2491169951,0.5837440479,0.3912692018,-0.246169992,-0.490195182,0,1,1,1,1,1,1,1,7,0.1428571429,0.0201743632,-0.019030,0.779001,0.0503265049
160064,-0.681161047,0.3743284874,0.4785205347,0.3842045709,,0.8235822913,0.4884012457,-0.382341296,1,1,1,1,0,1,1,1,7,0.1428571429,0.2122192553,-0.019030,0.779001,0.2968537927
160067,0.3920868393,-0.614888876,1.0287769037,,,0.6082293025,-1.24094985,0.5344167349,1,1,1,0,0,1,1,1,6,0.1666666667,0.1179451757,-0.019030,0.779001,0.1758345201
160069,,-0.652935698,1.0287769037,1.149255,,1.1916109066,1.0249376044,-0.382341296,0,1,1,1,0,1,1,1,6,0.1666666667,0.5598839035,-0.019030,0.779001,0.7431495615
160079,-0.06787654,0.3281287754,0.6310838271,-1.009471211,,0.265914477,-0.073465156,-4.319008136,1,1,1,1,0,1,1,1,7,0.1428571429,-0.606384852,-0.019030,0.779001,-0.753985144
160080,,,0.1373958698,1.149255,,,-1.164959722,0.2647820199,0,0,1,1,0,0,1,1,4,0.25,0.0966182919,-0.019030,0.779001,0.1484572815
160082,0.2387657127,0.091694955,0.4270947058,0.6102421977,0.1604899066,0.3623411884,-0.310646464,-0.004852695,1,1,1,1,1,1,1,1,8,0.125,0.1968911883,-0.019030,0.779001,0.2771772122
160083,0.5454079659,0.1664297833,0.16139459,0.2945920207,-0.379702421,-0.413893839,-0.213931756,0.2108550769,1,1,1,1,1,1,1,1,8,0.125,0.0463939277,-0.019030,0.779001,0.0839844588
160089,,,,,,,0.1406888416,0.1569281339,0,0,0,0,0,0,1,1,2,0.5,0.1488084877,-0.019030,0.779001,0.2154536348
160101,,0.9776423739,1.0287769037,,,-0.015330098,0.3801728815,0.0490742479,0,1,1,0,0,1,1,1,5,0.2,0.4840672618,-0.019030,0.779001,0.6458240308
160104,0.6987290924,,1.0287769037,1.149255,,,0.2166789696,0.4265628489,1,0,1,1,0,0,1,1,5,0.2,0.7040005629,-0.019030,0.779001,0.9281515617
160110,-1.601087806,-0.590430205,0.2539610819,0.7613797825,,0.3864478662,-0.193207176,-0.759829897,1,1,1,1,0,1,1,1,7,0.1428571429,-0.248966622,-0.019030,0.779001,-0.29516874
160112,0.0854445862,,,,,,0.2351008189,-0.058779638,1,0,0,0,0,0,1,1,3,0.3333333333,0.0872552556,-0.019030,0.779001,0.136437988
160117,-0.52783992,-1.3839782,1.0287769037,1.149255,,,0.2857609042,-0.220560467,1,1,1,1,0,0,1,1,6,0.1666666667,0.0552357035,-0.019030,0.779001,0.0953346123
160124,-1.754408933,,,,,,-2.576533919,-1.299099327,1,0,0,0,0,0,1,1,3,0.3333333333,-1.876680726,-0.019030,0.779001,-2.384659062
160146,,-0.465419219,-0.897977485,-1.498996485,,-0.013722986,-0.506378612,-0.27448741,0,1,1,1,0,1,1,1,6,0.1666666667,-0.609497033,-0.019030,0.779001,-0.757980239
160147,,,,,,,1.0249376044,0.3726359059,0,0,0,0,0,0,1,1,2,0.5,0.6987867551,-0.019030,0.779001,0.9214586167
160153,-0.681161047,-0.955951456,0.2025352531,0.7038672502,,-1.879579852,-0.388939324,-1.622660985,1,1,1,1,0,1,1,1,7,0.1428571429,-0.660270023,-0.019030,0.779001,-0.823157331
161300,,,,,,,,,0,0,0,0,0,0,0,0,0,,,-0.019030,0.779001,
161301,,,,,,,,,0,0,0,0,0,0,0,0,0,,,-0.019030,0.779001,
161302,1.1586924721,,,,,,1.0249376044,,1,0,0,0,0,0,1,0,2,0.5,1.0918150383,-0.019030,0.779001,1.4259875088
161303,,,,,,,,,0,0,0,0,0,0,0,0,0,,,-0.019030,0.779001,
161304,,,,,,,,,0,0,0,0,0,0,0,0,0,,,-0.019030,0.779001,
161305,,,,,,,,,0,0,0,0,0,0,0,0,0,,,-0.019030,0.779001,
161306,,,,,,,,,0,0,0,0,0,0,0,0,0,,,-0.019030,0.779001,
161307,,,1.0287769037,,,,,,0,0,1,0,0,0,0,0,1,1,1.0287769037,-0.019030,0.779001,1.3450656985
161308,,,,,,,,,0,0,0,0,0,0,0,0,0,,,-0.019030,0.779001,
161309,,,,,,,,,0,0,0,0,0,0,0,0,0,,,-0.019030,0.779001,
161310,,,,,,,,,0,0,0,0,0,0,0,0,0,,,-0.019030,0.779001,
161311,,,,,,,,,0,0,0,0,0,0,0,0,0,,,-0.019030,0.779001,
161312,,,,,,,,,0,0,0,0,0,0,0,0,0,,,-0.019030,0.779001,
161313,,,,,,,,,0,0,0,0,0,0,0,0,0,,,-0.019030,0.779001,
161314,,,,,,,,,0,0,0,0,0,0,0,0,0,,,-0.019030,0.779001,
161315,,,,,,,,,0,0,0,0,0,0,0,0,0,,,-0.019030,0.779001,
161316,,,,,,,,,0,0,0,0,0,0,0,0,0,,,-0.019030,0.779001,
161317,,,,,,,,,0,0,0,0,0,0,0,0,0,,,-0.019030,0.779001,
161318,,,,,,,-3.539075541,,0,0,0,0,0,0,1,0,1,1,-3.539075541,-0.019030,0.779001,-4.518668878
161319,,,,,,,,,0,0,0,0,0,0,0,0,0,,,-0.019030,0.779001,
161320,,,,,,,,,0,0,0,0,0,0,0,0,0,,,-0.019030,0.779001,
161321,,,,,,,,,0,0,0,0,0,0,0,0,0,,,-0.019030,0.779001,
161322,,,,,,,,,0,0,0,0,0,0,0,0,0,,,-0.019030,0.779001,
161323,,,,,,,,,0,0,0,0,0,0,0,0,0,,,-0.019030,0.779001,
161324,,,,,,,,,0,0,0,0,0,0,0,0,0,,,-0.019030,0.779001,
161325,,,,,,,,,0,0,0,0,0,0,0,0,0,,,-0.019030,0.779001,
161326,,,,,,,,,0,0,0,0,0,0,0,0,0,,,-0.019030,0.779001,
161327,,,,,,,,,0,0,0,0,0,0,0,0,0,,,-0.019030,0.779001,
161328,,,,,,,,,0,0,0,0,0,0,0,0,0,,,-0.019030,0.779001,
161329,,,,,,,,,0,0,0,0,0,0,0,0,0,,,-0.019030,0.779001,
161330,,,,,,,,,0,0,0,0,0,0,0,0,0,,,-0.019030,0.779001,
161331,,,,,,,,,0,0,0,0,0,0,0,0,0,,,-0.019030,0.779001,
161332,,,,,,,,,0,0,0,0,0,0,0,0,0,,,-0.019030,0.779001,
161333,,,,,,,,,0,0,0,0,0,0,0,0,0,,,-0.019030,0.779001,
161334,,,,,,,,,0,0,0,0,0,0,0,0,0,,,-0.019030,0.779001,
161335,,,,,,,,,0,0,0,0,0,0,0,0,0,,,-0.019030,0.779001,
161336,,,,,,,,,0,0,0,0,0,0,0,0,0,,,-0.019030,0.779001,
161337,,,,,,,,,0,0,0,0,0,0,0,0,0,,,-0.019030,0.779001,
161338,,,,,,,,,0,0,0,0,0,0,0,0,0,,,-0.019030,0.779001,
161339,,,,,,,,,0,0,0,0,0,0,0,0,0,,,-0.019030,0.779001,
161340,,,,,,,,,0,0,0,0,0,0,0,0,0,,,-0.019030,0.779001,
161341,,,,,,,,,0,0,0,0,0,0,0,0,0,,,-0.019030,0.779001,
161342,,,,,,,,,0,0,0,0,0,0,0,0,0,,,-0.019030,0.779001,
161343,,,,,,,1.0249376044,,0,0,0,0,0,0,1,0,1,1,1.0249376044,-0.019030,0.779001,1.3401372048
161344,,,,,,,,,0,0,0,0,0,0,0,0,0,,,-0.019030,0.779001,
161345,,,,,,,,,0,0,0,0,0,0,0,0,0,,,-0.019030,0.779001,
161346,,,,,,,,,0,0,0,0,0,0,0,0,0,,,-0.019030,0.779001,
161347,,,,,,,,,0,0,0,0,0,0,0,0,0,,,-0.019030,0.779001,
161348,,,,,,,,,0,0,0,0,0,0,0,0,0,,,-0.019030,0.779001,
161349,,,,,,,,,0,0,0,0,0,0,0,0,0,,,-0.019030,0.779001,
161350,,,,,,,,,0,0,0,0,0,0,0,0,0,,,-0.019030,0.779001,
161351,0.5454079659,,,,,,,,1,0,0,0,0,0,0,0,1,1,0.5454079659,-0.019030,0.779001,0.7245668561
161352,,,,,,,,,0,0,0,0,0,0,0,0,0,,,-0.019030,0.779001,
161353,,,,,,,,,0,0,0,0,0,0,0,0,0,,,-0.019030,0.779001,
161354,,,,,,,,,0,0,0,0,0,0,0,0,0,,,-0.019030,0.779001,
161355,,,,,,,,,0,0,0,0,0,0,0,0,0,,,-0.019030,0.779001,
161356,,,-0.418003082,,,,,,0,0,1,0,0,0,0,0,1,1,-0.418003082,-0.019030,0.779001,-0.512160193
161357,,,,,,,,,0,0,0,0,0,0,0,0,0,,,-0.019030,0.779001,
161358,-1.601087806,,,,,,,,1,0,0,0,0,0,0,0,1,1,-1.601087806,-0.019030,0.779001,-2.030881493
161359,,,,,,,,,0,0,0,0,0,0,0,0,0,,,-0.019030,0.779001,
161360,,,1.0287769037,,,,,,0,0,1,0,0,0,0,0,1,1,1.0287769037,-0.019030,0.779001,1.3450656985
161361,,,,,,,,,0,0,0,0,0,0,0,0,0,,,-0.019030,0.779001,
161362,,,,,,,,,0,0,0,0,0,0,0,0,0,,,-0.019030,0.779001,
161363,,,,,,,,,0,0,0,0,0,0,0,0,0,,,-0.019030,0.779001,
161364,-0.52783992,,,,,,,,1,0,0,0,0,0,0,0,1,1,-0.52783992,-0.019030,0.779001,-0.653157318
161365,-0.221197667,,,,,,,,1,0,0,0,0,0,0,0,1,1,-0.221197667,-0.019030,0.779001,-0.25952184
161366,,,,,,,,,0,0,0,0,0,0,0,0,0,,,-0.019030,0.779001,
161367,,,1.0287769037,,,,1.0249376044,,0,0,1,0,0,0,1,0,2,0.5,1.0268572541,-0.019030,0.779001,1.3426014517
161368,0.6987290924,,,,,,,,1,0,0,0,0,0,0,0,1,1,0.6987290924,-0.019030,0.779001,0.9213845953
161369,,,,,,,,,0,0,0,0,0,0,0,0,0,,,-0.019030,0.779001,
161370,,,,,,,,,0,0,0,0,0,0,0,0,0,,,-0.019030,0.779001,
161371,,,,,,,-3.948961686,,0,0,0,0,0,0,1,0,1,1,-3.948961686,-0.019030,0.779001,-5.044838143
161372,,,,,,,,,0,0,0,0,0,0,0,0,0,,,-0.019030,0.779001,
161373,,,,,,,,,0,0,0,0,0,0,0,0,0,,,-0.019030,0.779001,
161374,,,,,,,1.0249376044,,0,0,0,0,0,0,1,0,1,1,1.0249376044,-0.019030,0.779001,1.3401372048
161375,0.6987290924,,,,,,,,1,0,0,0,0,0,0,0,1,1,0.6987290924,-0.019030,0.779001,0.9213845953
161376,0.3920868393,,-0.340864339,,,,-1.213317076,,1,0,1,0,0,0,1,0,3,0.3333333333,-0.387364859,-0.019030,0.779001,-0.472830023
161377,,,,,,,,,0,0,0,0,0,0,0,0,0,,,-0.019030,0.779001,
161378,,,,,,,,,0,0,0,0,0,0,0,0,0,,,-0.019030,0.779001,
161379,,,,,,,,,0,0,0,0,0,0,0,0,0,,,-0.019030,0.779001,
161380,,,,,,,,,0,0,0,0,0,0,0,0,0,,,-0.019030,0.779001,
161381,,,,,,,,,0,0,0,0,0,0,0,0,0,,,-0.019030,0.779001,
170006,0.0854445862,0.9776423739,1.0287769037,,,,0.4400438915,0.3187089629,1,1,1,0,0,0,1,1,5,0.2,0.5701233436,-0.019030,0.779001,0.7562938913
170009,,,,,,,-0.490259494,,0,0,0,0,0,0,1,0,1,1,-0.490259494,-0.019030,0.779001,-0.604915471
170012,-0.374518794,0.4816748771,1.0287769037,0.6583922247,,1.1916109066,-1.098180519,-0.27448741,1,1,1,1,0,1,1,1,7,0.1428571429,0.2304668842,-0.019030,0.779001,0.3202782036
170013,-0.221197667,0.9776423739,,1.149255,,,-0.506378612,-0.759829897,1,1,0,1,0,0,1,1,5,0.2,0.1278982394,-0.019030,0.779001,0.1886112296
170014,,,,,,,-2.212702397,0.2108550769,0,0,0,0,0,0,1,1,2,0.5,-1.00092366,-0.019030,0.779001,-1.260453092
170016,0.6987290924,-0.442319363,1.0287769037,-0.41963338,,1.1916109066,-1.049823165,-0.382341296,1,1,1,1,0,1,1,1,7,0.1428571429,0.0892856712,-0.019030,0.779001,0.1390444246
170017,,,,,,,-1.927163734,0.2647820199,0,0,0,0,0,0,1,1,2,0.5,-0.831190857,-0.019030,0.779001,-1.042567747
170020,-0.681161047,0.9776423739,-0.705987724,1.149255,,1.1916109066,0.433135698,-3.779738706,1,1,1,1,0,1,1,1,7,0.1428571429,-0.202177643,-0.019030,0.779001,-0.235105908
170023,-0.374518794,,1.0287769037,-0.217670767,,,0.4538602784,0.5883436779,1,0,1,1,0,0,1,1,5,0.2,0.29575826,-0.019030,0.779001,0.404092491
170027,1.4653347253,,,,,,1.0249376044,0.80405145,1,0,0,0,0,0,1,1,3,0.3333333333,1.0981079265,-0.019030,0.779001,1.4340656653
170040,,0.20583542,-0.027166783,-1.517721496,-0.171697329,0.8750098708,-0.103400661,0.1030011909,0,1,1,1,1,1,1,1,7,0.1428571429,-0.090877112,-0.019030,0.779001,-0.092229846
170049,-1.141124426,0.9776423739,1.0287769037,0.2130044749,,1.1916109066,0.5943268788,0.857978393,1,1,1,1,0,1,1,1,7,0.1428571429,0.5317450721,-0.019030,0.779001,0.707027852
17005F,,,,,,,,0.3187089629,0,0,0,0,0,0,0,1,1,1,0.3187089629,-0.019030,0.779001,0.4335542198
170068,-1.44776668,,1.0287769037,,,,0.5252449442,-3.67188482,1,0,1,0,0,0,1,1,4,0.25,-0.891407413,-0.019030,0.779001,-1.119867507
170074,,,,,,,,0.1569281339,0,0,0,0,0,0,0,1,1,1,0.1569281339,-0.019030,0.779001,0.2258767932
170086,0.0854445862,-0.122997824,-0.870550376,0.6169297014,0.3788435101,-0.229075975,0.3433291831,-0.058779638,1,1,1,1,1,1,1,1,8,0.125,0.0178928959,-0.019030,0.779001,0.0473977941
17008F,0.852050219,,1.0287769037,,,,,-1.191245441,1,0,1,0,0,0,0,1,3,0.3333333333,0.2298605605,-0.019030,0.779001,0.3194998681
170103,-1.141124426,,-0.016881617,,1.1084136071,,-0.538616849,-1.191245441,1,0,1,0,1,0,1,1,5,0.2,-0.355890945,-0.019030,0.779001,-0.432427082
170104,-0.374518794,-1.477736439,-0.051165503,0.3079670282,-0.041306078,-1.008525226,0.3824756127,-0.058779638,1,1,1,1,1,1,1,1,8,0.125,-0.290198629,-0.019030,0.779001,-0.348098109
170105,,,,1.149255,,,-0.359003819,0.2647820199,0,0,0,1,0,0,1,1,3,0.3333333333,0.3516777338,-0.019030,0.779001,0.4758761039
170109,,,,,,,,-0.004852695,0,0,0,0,0,0,0,1,1,1,-0.004852695,-0.019030,0.779001,0.0181993666
170110,,,,,,,,,0,0,0,0,0,0,0,0,0,,,-0.019030,0.779001,
170120,0.0854445862,,,1.149255,,,-0.271500035,0.1030011909,1,0,0,1,0,0,1,1,4,0.25,0.2665501856,-0.019030,0.779001,0.3665981984
170122,0.2387657127,-0.14338005,0.7613625936,-0.374158354,,-0.529605892,0.4768875899,0.5344167349,1,1,1,1,0,1,1,1,7,0.1428571429,0.1377554763,-0.019030,0.779001,0.2012649266
170123,1.3120135987,0.5591273355,0.5162328092,0.0056918586,0.3353797596,1.0662561817,0.5413640622,1.019759222,1,1,1,1,1,1,1,1,8,0.125,0.6694781035,-0.019030,0.779001,0.8838352135
170137,1.4653347253,0.9776423739,1.0287769037,0.5299921527,,,0.2880636354,0.5883436779,1,1,1,1,0,0,1,1,6,0.1666666667,0.8130255782,-0.019030,0.779001,1.0681065535
170142,0.0854445862,0.9776423739,1.0287769037,0.2063169711,,,0.5045203638,0.3187089629,1,1,1,1,0,0,1,1,6,0.1666666667,0.5202350269,-0.019030,0.779001,0.6922524515
170146,0.0854445862,0.9776423739,1.0287769037,,,,-1.012979466,1.5051017091,1,1,1,0,0,0,1,1,5,0.2,0.5167972213,-0.019030,0.779001,0.6878393537
170175,,,,,,,1.0249376044,0.3187089629,0,0,0,0,0,0,1,1,2,0.5,0.6718232836,-0.019030,0.779001,0.8868457123
170176,-0.834482173,-1.352725453,0.0071171033,-0.996096203,-0.410747957,-0.156755941,0.4653739342,-0.328414353,1,1,1,1,1,1,1,1,8,0.125,-0.45084138,-0.019030,0.779001,-0.55431459
170182,0.2387657127,-1.38126057,-0.078592611,-0.109333206,,0.5841226246,0.327210065,1.289393937,1,1,1,1,0,1,1,1,7,0.1428571429,0.1243294218,-0.019030,0.779001,0.1840299521
170183,2.3852614847,,,,,,,0.6422706209,1,0,0,0,0,0,0,1,2,0.5,1.5137660528,-0.019030,0.779001,1.9676443998
170185,-0.834482173,,,1.149255,,,-0.18169352,0.4804897919,1,0,0,1,0,0,1,1,4,0.25,0.1533922747,-0.019030,0.779001,0.2213378244
170186,,-1.450560138,,,,,1.0249376044,0.3187089629,0,1,0,0,0,0,1,1,3,0.3333333333,-0.035637857,-0.019030,0.779001,-0.021319427
170187,1.6186558519,,,,,,,0.6961975639,1,0,0,0,0,0,0,1,2,0.5,1.1574267079,-0.019030,0.779001,1.5102129563
170188,1.6186558519,,,,,,,0.750124507,1,0,0,0,0,0,0,1,2,0.5,1.1843901794,-0.019030,0.779001,1.5448258607
170190,1.3120135987,,,,,,,0.2108550769,1,0,0,0,0,0,0,1,2,0.5,0.7614343378,-0.019030,0.779001,1.0018790771
170191,-0.221197667,,,,,,-1.19950069,0.4804897919,1,0,0,0,0,0,1,1,3,0.3333333333,-0.313402855,-0.019030,0.779001,-0.377885284
170194,,,,,,,,-0.490195182,0,0,0,0,0,0,0,1,1,1,-0.490195182,-0.019030,0.779001,-0.604832913
170196,0.6987290924,,,,,,,1.289393937,1,0,0,0,0,0,0,1,2,0.5,0.9940615147,-0.019030,0.779001,1.3005016875
170197,0.0854445862,,,-1.448171457,,,1.0249376044,1.34332088,1,0,0,1,0,0,1,1,4,0.25,0.2513829034,-0.019030,0.779001,0.3471280168
170198,1.7719769784,,,,,,,0.2108550769,1,0,0,0,0,0,0,1,2,0.5,0.9914160277,-0.019030,0.779001,1.2971056859
170199,,,,,,,,0.1030011909,0,0,0,0,0,0,0,1,1,1,0.1030011909,-0.019030,0.779001,0.1566509843
170200,0.2387657127,,-2.252190979,1.149255,,,-0.534011386,0.0490742479,1,0,1,1,0,0,1,1,5,0.2,-0.269821481,-0.019030,0.779001,-0.321940042
170203,-0.06787654,,,,,,,0.6961975639,1,0,0,0,0,0,0,1,2,0.5,0.3141605118,-0.019030,0.779001,0.4277153907
170204,,,,,,,,-0.058779638,0,0,0,0,0,0,0,1,1,1,-0.058779638,-0.019030,0.779001,-0.051026442
171300,,,,,,,1.0249376044,,0,0,0,0,0,0,1,0,1,1,1.0249376044,-0.019030,0.779001,1.3401372048
171301,,,,,,,,,0,0,0,0,0,0,0,0,0,,,-0.019030,0.779001,
171303,,,,,,,,,0,0,0,0,0,0,0,0,0,,,-0.019030,0.779001,
171304,,,,,,,,,0,0,0,0,0,0,0,0,0,,,-0.019030,0.779001,
171306,,,,,,,,,0,0,0,0,0,0,0,0,0,,,-0.019030,0.779001,
171307,,,,,,,,,0,0,0,0,0,0,0,0,0,,,-0.019030,0.779001,
171308,,,,,,,,,0,0,0,0,0,0,0,0,0,,,-0.019030,0.779001,
171309,,,,,,,-0.593882396,,0,0,0,0,0,0,1,0,1,1,-0.593882396,-0.019030,0.779001,-0.73793579
171310,,,,,,,,,0,0,0,0,0,0,0,0,0,,,-0.019030,0.779001,
171311,,,,,,,,,0,0,0,0,0,0,0,0,0,,,-0.019030,0.779001,
171312,,,,,,,,,0,0,0,0,0,0,0,0,0,,,-0.019030,0.779001,
171313,,,,,,,,,0,0,0,0,0,0,0,0,0,,,-0.019030,0.779001,
171314,,,,,,,,,0,0,0,0,0,0,0,0,0,,,-0.019030,0.779001,
171315,,,,,,,,,0,0,0,0,0,0,0,0,0,,,-0.019030,0.779001,
171316,,,,,,,,,0,0,0,0,0,0,0,0,0,,,-0.019030,0.779001,
171317,,,,,,,,,0,0,0,0,0,0,0,0,0,,,-0.019030,0.779001,
171318,,,,,,,,,0,0,0,0,0,0,0,0,0,,,-0.019030,0.779001,
171319,,,,,,,,,0,0,0,0,0,0,0,0,0,,,-0.019030,0.779001,
171321,,,,,,,,,0,0,0,0,0,0,0,0,0,,,-0.019030,0.779001,
171322,,,,,,,,,0,0,0,0,0,0,0,0,0,,,-0.019030,0.779001,
171323,,,,,,,,,0,0,0,0,0,0,0,0,0,,,-0.019030,0.779001,
171324,,,,,,,,,0,0,0,0,0,0,0,0,0,,,-0.019030,0.779001,
171325,,,,,,,,,0,0,0,0,0,0,0,0,0,,,-0.019030,0.779001,
171326,,,,,,,,,0,0,0,0,0,0,0,0,0,,,-0.019030,0.779001,
171327,,,,,,,,,0,0,0,0,0,0,0,0,0,,,-0.019030,0.779001,
171328,,,,,,,1.0249376044,,0,0,0,0,0,0,1,0,1,1,1.0249376044,-0.019030,0.779001,1.3401372048
171329,,,,,,,,,0,0,0,0,0,0,0,0,0,,,-0.019030,0.779001,
171330,,,,,,,,,0,0,0,0,0,0,0,0,0,,,-0.019030,0.779001,
171331,,,,,,,,,0,0,0,0,0,0,0,0,0,,,-0.019030,0.779001,
171332,,,,,,,,,0,0,0,0,0,0,0,0,0,,,-0.019030,0.779001,
171333,,,,,,,,,0,0,0,0,0,0,0,0,0,,,-0.019030,0.779001,
171334,,,,,,,1.0249376044,,0,0,0,0,0,0,1,0,1,1,1.0249376044,-0.019030,0.779001,1.3401372048
171335,,,,,,,,,0,0,0,0,0,0,0,0,0,,,-0.019030,0.779001,
171336,,,,,,,,,0,0,0,0,0,0,0,0,0,,,-0.019030,0.779001,
171337,,,,,,,,,0,0,0,0,0,0,0,0,0,,,-0.019030,0.779001,
171338,,,,,,,,,0,0,0,0,0,0,0,0,0,,,-0.019030,0.779001,
171339,,,,,,,,,0,0,0,0,0,0,0,0,0,,,-0.019030,0.779001,
171340,,,,,,,,,0,0,0,0,0,0,0,0,0,,,-0.019030,0.779001,
171341,,,,,,,,,0,0,0,0,0,0,0,0,0,,,-0.019030,0.779001,
171343,,,,,,,,,0,0,0,0,0,0,0,0,0,,,-0.019030,0.779001,
171344,,,,,,,,,0,0,0,0,0,0,0,0,0,,,-0.019030,0.779001,
171345,,,,,,,,,0,0,0,0,0,0,0,0,0,,,-0.019030,0.779001,
171346,,,,,,,,,0,0,0,0,0,0,0,0,0,,,-0.019030,0.779001,
171347,,,,,,,,,0,0,0,0,0,0,0,0,0,,,-0.019030,0.779001,
171348,,,,,,,,,0,0,0,0,0,0,0,0,0,,,-0.019030,0.779001,
171349,,,,,,,,,0,0,0,0,0,0,0,0,0,,,-0.019030,0.779001,
171350,,,,,,,,,0,0,0,0,0,0,0,0,0,,,-0.019030,0.779001,
171351,,,,,,,,,0,0,0,0,0,0,0,0,0,,,-0.019030,0.779001,
171352,,,,,,,,,0,0,0,0,0,0,0,0,0,,,-0.019030,0.779001,
171353,,,,,,,,,0,0,0,0,0,0,0,0,0,,,-0.019030,0.779001,
171354,,,,,,,,,0,0,0,0,0,0,0,0,0,,,-0.019030,0.779001,
171355,,,,,,,,,0,0,0,0,0,0,0,0,0,,,-0.019030,0.779001,
171356,,,,,,,,,0,0,0,0,0,0,0,0,0,,,-0.019030,0.779001,
171357,,,,,,,,,0,0,0,0,0,0,0,0,0,,,-0.019030,0.779001,
171358,,,,,,,,,0,0,0,0,0,0,0,0,0,,,-0.019030,0.779001,
171359,,,,,,,,,0,0,0,0,0,0,0,0,0,,,-0.019030,0.779001,
171360,,,,,,,,,0,0,0,0,0,0,0,0,0,,,-0.019030,0.779001,
171361,-0.06787654,,,,,,,,1,0,0,0,0,0,0,0,1,1,-0.06787654,-0.019030,0.779001,-0.062704101
171362,,,,,,,,,0,0,0,0,0,0,0,0,0,,,-0.019030,0.779001,
171363,0.2387657127,,,,,,,,1,0,0,0,0,0,0,0,1,1,0.2387657127,-0.019030,0.779001,0.3309313777
171364,,,,,,,,,0,0,0,0,0,0,0,0,0,,,-0.019030,0.779001,
171365,,,,,,,,,0,0,0,0,0,0,0,0,0,,,-0.019030,0.779001,
171367,,,,,,,,,0,0,0,0,0,0,0,0,0,,,-0.019030,0.779001,
171368,,,,,,,,,0,0,0,0,0,0,0,0,0,,,-0.019030,0.779001,
171369,,,,,,,,,0,0,0,0,0,0,0,0,0,,,-0.019030,0.779001,
171370,,,,,,,,,0,0,0,0,0,0,0,0,0,,,-0.019030,0.779001,
171371,,,,,,,,,0,0,0,0,0,0,0,0,0,,,-0.019030,0.779001,
171372,,,,,,,,,0,0,0,0,0,0,0,0,0,,,-0.019030,0.779001,
171373,,,,,,,,,0,0,0,0,0,0,0,0,0,,,-0.019030,0.779001,
171374,,,,,,,,,0,0,0,0,0,0,0,0,0,,,-0.019030,0.779001,
171375,,,1.0287769037,,,,1.0249376044,,0,0,1,0,0,0,1,0,2,0.5,1.0268572541,-0.019030,0.779001,1.3426014517
171376,,,,,,,,,0,0,0,0,0,0,0,0,0,,,-0.019030,0.779001,
171377,,,,,,,,,0,0,0,0,0,0,0,0,0,,,-0.019030,0.779001,
171378,,,,,,,,,0,0,0,0,0,0,0,0,0,,,-0.019030,0.779001,
171379,,,,,,,,,0,0,0,0,0,0,0,0,0,,,-0.019030,0.779001,
171380,,,1.0287769037,,,,-0.983043961,,0,0,1,0,0,0,1,0,2,0.5,0.0228664713,-0.019030,0.779001,0.0537823537
171381,,,,,,,,,0,0,0,0,0,0,0,0,0,,,-0.019030,0.779001,
171382,1.3120135987,,,,,,,,1,0,0,0,0,0,0,0,1,1,1.3120135987,-0.019030,0.779001,1.7086555521
171383,,,,,,,-0.515589537,,0,0,0,0,0,0,1,0,1,1,-0.515589537,-0.019030,0.779001,-0.637431549
171384,0.2387657127,,,,,,-1.167262453,,1,0,0,0,0,0,1,0,2,0.5,-0.46424837,-0.019030,0.779001,-0.571525091
171385,,,,,,,,,0,0,0,0,0,0,0,0,0,,,-0.019030,0.779001,
180001,,0.046854058,-1.395093831,-0.153470731,,-0.60514015,0.5390613311,0.1030011909,0,1,1,1,0,1,1,1,6,0.1666666667,-0.244131355,-0.019030,0.779001,-0.288961727
180002,,,1.0287769037,,,,-1.623203222,0.3187089629,0,0,1,0,0,0,1,1,3,0.3333333333,-0.091905785,-0.019030,0.779001,-0.093550349
180004,,,,-1.147233788,,,0.1752298089,0.3187089629,0,0,0,1,0,0,1,1,3,0.3333333333,-0.217765005,-0.019030,0.779001,-0.255115345
180005,,-1.087756517,1.0287769037,,,-0.219433304,-0.368214743,-1.083391555,0,1,1,0,0,1,1,1,5,0.2,-0.346003843,-0.019030,0.779001,-0.419735047
180009,-0.221197667,-0.112127304,0.0773990695,-0.938583671,,-0.047472335,-0.407361173,-0.058779638,1,1,1,1,0,1,1,1,7,0.1428571429,-0.244017531,-0.019030,0.779001,-0.288815612
180010,-0.834482173,0.8906782101,0.9482097718,1.149255,,0.8750098708,0.6749224691,-2.43156513,1,1,1,1,0,1,1,1,7,0.1428571429,0.1817182883,-0.019030,0.779001,0.2576998189
180011,-0.52783992,0.9776423739,0.4922340891,-0.176208243,,-1.339590268,0.522942213,-1.083391555,1,1,1,1,0,1,1,1,7,0.1428571429,-0.162030187,-0.019030,0.779001,-0.183568774
180012,-1.754408933,-0.320026008,-0.025452588,-0.400908369,,0.220915345,-0.096492467,-0.166633524,1,1,1,1,0,1,1,1,7,0.1428571429,-0.363286649,-0.019030,0.779001,-0.441920919
180013,,-0.859475587,-0.428288248,0.8322673222,,0.2707358125,0.2834581731,1.019759222,0,1,1,1,0,1,1,1,6,0.1666666667,0.1864094492,-0.019030,0.779001,0.2637218441
180016,,,,,,,1.0249376044,0.1569281339,0,0,0,0,0,0,1,1,2,0.5,0.5909328691,-0.019030,0.779001,0.783006999
180017,0.0854445862,,1.0287769037,,,1.1916109066,0.7417016726,-0.27448741,1,0,1,0,0,1,1,1,5,0.2,0.5546093318,-0.019030,0.779001,0.7363786141
180018,,0.9776423739,0.2813881907,-0.719233548,,,0.2558253992,-0.112706581,0,1,1,1,0,0,1,1,5,0.2,0.1365831669,-0.019030,0.779001,0.1997600376
180019,,,,,,,-1.068245014,0.5344167349,0,0,0,0,0,0,1,1,2,0.5,-0.266914139,-0.019030,0.779001,-0.318207899
180020,,,,,,,0.0071304347,0.2108550769,0,0,0,0,0,0,1,1,2,0.5,0.1089927558,-0.019030,0.779001,0.1643423331
180024,,,,,,,1.0249376044,-0.651976011,0,0,0,0,0,0,1,1,2,0.5,0.1864807966,-0.019030,0.779001,0.2638134324
180025,,,,,,,-3.002539182,-0.382341296,0,0,0,0,0,0,1,1,2,0.5,-1.692440239,-0.019030,0.779001,-2.148150259
180027,0.0854445862,,0.1751081443,1.149255,,,-1.9985484,-1.35302627,1,0,1,1,0,0,1,1,5,0.2,-0.388353388,-0.019030,0.779001,-0.474098994
180029,0.5454079659,-2.802581122,-0.647705118,0.2116669741,,-0.150327494,0.4193193111,0.2108550769,1,1,1,1,0,1,1,1,7,0.1428571429,-0.316194915,-0.019030,0.779001,-0.381469441
180035,-1.601087806,-0.199091468,-0.651133506,-0.083920692,0.0094016312,0.2627002533,0.3985947307,-0.112706581,1,1,1,1,1,1,1,1,8,0.125,-0.24715543,-0.019030,0.779001,-0.29284372
180038,-0.374518794,-0.522489452,0.8419297255,-0.113345708,,-0.201755073,0.6242623837,-1.35302627,1,1,1,1,0,1,1,1,7,0.1428571429,-0.156991884,-0.019030,0.779001,-0.177101124
180040,-1.294445553,-0.2561617,0.2351049447,0.0204043669,,-0.272467995,-0.513286806,-0.436268239,1,1,1,1,0,1,1,1,7,0.1428571429,-0.359588712,-0.019030,0.779001,-0.437173891
180043,,,,,,,0.327210065,-2.755126788,0,0,0,0,0,0,1,1,2,0.5,-1.213958362,-0.019030,0.779001,-1.533924917
180044,,0.5455391849,-0.897977485,-1.188696311,,-0.348002252,-1.204106152,-2.647272902,0,1,1,1,0,1,1,1,6,0.1666666667,-0.956752653,-0.019030,0.779001,-1.20375094
180045,,-0.362149275,1.0287769037,-0.160158234,,1.1916109066,-0.078070618,0.750124507,0,1,1,1,0,1,1,1,6,0.1666666667,0.395022365,-0.019030,0.779001,0.53151744
180046,,,,,,,,0.1569281339,0,0,0,0,0,0,0,1,1,1,0.1569281339,-0.019030,0.779001,0.2258767932
180048,,-0.351278754,1.0287769037,-0.236395777,,-3.004558152,0.2397062812,-0.544122125,0,1,1,1,0,1,1,1,6,0.1666666667,-0.477978604,-0.019030,0.779001,-0.589150539
180049,,,,,,,0.5114285572,0.2647820199,0,0,0,0,0,0,1,1,2,0.5,0.3881052886,-0.019030,0.779001,0.5226380156
180050,,,-0.191729435,,,,-0.165574402,0.1569281339,0,0,1,0,0,0,1,1,3,0.3333333333,-0.066791901,-0.019030,0.779001,-0.061311753
180051,0.0854445862,-1.729117225,-0.267153984,,,,-0.96001665,-1.730514871,1,1,1,0,0,0,1,1,5,0.2,-0.920271629,-0.019030,0.779001,-1.15692039
180056,,-0.561895089,1.0287769037,,,-0.245147094,0.4078056553,0.4804897919,0,1,1,0,0,1,1,1,5,0.2,0.2220060338,-0.019030,0.779001,0.3094170424
180064,,,,,,,-4.53615813,0.2108550769,0,0,0,0,0,0,1,1,2,0.5,-2.162651527,-0.019030,0.779001,-2.751758676
180066,,,,,,,,0.1569281339,0,0,0,0,0,0,0,1,1,1,0.1569281339,-0.019030,0.779001,0.2258767932
180067,,-0.387966761,0.5179470035,0.1822419576,-0.79260805,-0.995668331,0.3110909469,-0.598049068,0,1,1,1,1,1,1,1,7,0.1428571429,-0.2518589,-0.019030,0.779001,-0.298881547
180069,,,-0.387147585,,,,1.0249376044,0.2647820199,0,0,1,0,0,0,1,1,3,0.3333333333,0.3008573465,-0.019030,0.779001,0.4106381687
18006F,1.3120135987,0.591738897,0.589943164,,,,,0.80405145,1,1,1,0,0,0,0,1,4,0.25,0.8244367774,-0.019030,0.779001,1.082755066
180070,,,,,,,-0.644542482,0.2647820199,0,0,0,0,0,0,1,1,2,0.5,-0.189880231,-0.019030,0.779001,-0.219319768
180078,,,,,,,1.0249376044,-0.166633524,0,0,0,0,0,0,1,1,2,0.5,0.4291520401,-0.019030,0.779001,0.5753295724
180079,,,,,,,0.35714557,0.2647820199,0,0,0,0,0,0,1,1,2,0.5,0.3109637949,-0.019030,0.779001,0.4236117776
18007F,-0.834482173,0.0088072364,1.0287769037,,,,,,1,1,1,0,0,0,0,0,3,0.3333333333,0.0677006556,-0.019030,0.779001,0.1113358233
180080,,-0.730388156,-0.897977485,-0.351420842,0.6034062208,0.0216334747,0.9213147025,0.6961975639,0,1,1,1,1,1,1,1,7,0.1428571429,0.0375379256,-0.019030,0.779001,0.072616043
180087,-0.681161047,,1.0287769037,-2.531547064,,,-0.126427972,-2.108003472,1,0,1,1,0,0,1,1,5,0.2,-0.88367253,-0.019030,0.779001,-1.109938269
180088,-1.907730059,-0.083592188,0.3173862709,-1.921646722,-0.832967247,-0.188898179,-0.08267608,-0.112706581,1,1,1,1,1,1,1,1,8,0.125,-0.601603848,-0.019030,0.779001,-0.747847788
180092,,0.9776423739,1.0287769037,,,,0.6058405345,0.5883436779,0,1,1,0,0,0,1,1,4,0.25,0.8001508725,-0.019030,0.779001,1.0515793435
180093,,0.9776423739,1.0287769037,-0.338045834,,0.7046560139,0.4423466226,0.965832279,0,1,1,1,0,1,1,1,6,0.1666666667,0.6302013932,-0.019030,0.779001,0.8334158519
180101,,,,,,,1.0249376044,0.1569281339,0,0,0,0,0,0,1,1,2,0.5,0.5909328691,-0.019030,0.779001,0.783006999
180102,2.0786192316,-1.059221401,-0.527711517,-0.02774566,,-1.378160953,0.3755674192,1.181540051,1,1,1,1,0,1,1,1,7,0.1428571429,0.0918410245,-0.019030,0.779001,0.1423247218
180103,0.3920868393,0.6691913554,-0.599707677,-0.95463368,0.6013365184,-0.941026528,0.7048579741,-0.112706581,1,1,1,1,1,1,1,1,8,0.125,-0.030075222,-0.019030,0.779001,-0.014178694
180104,,-0.089027448,0.5882289697,1.149255,,-0.169612836,0.7762426399,-2.161930415,0,1,1,1,0,1,1,1,6,0.1666666667,0.015525985,-0.019030,0.779001,0.0443593997
180105,,,,,,,-0.36130655,,0,0,0,0,0,0,1,0,1,1,-0.36130655,-0.019030,0.779001,-0.439379073
180115,,,,,,,,0.0490742479,0,0,0,0,0,0,0,1,1,1,0.0490742479,-0.019030,0.779001,0.0874251755
180116,,,-1.105394995,,,,-0.529405924,-0.166633524,0,0,1,0,0,0,1,1,3,0.3333333333,-0.600478148,-0.019030,0.779001,-0.746402731
180124,0.3920868393,-0.332255344,-0.961402674,,,,0.8292054564,1.397247823,1,1,1,0,0,0,1,1,5,0.2,0.2649764202,-0.019030,0.779001,0.3645779619
180127,,,1.0287769037,1.149255,,1.1916109066,0.0439741331,0.6961975639,0,0,1,1,0,1,1,1,5,0.2,0.8219629015,-0.019030,0.779001,1.079579361
180128,,,,,,,-0.326765583,-0.166633524,0,0,0,0,0,0,1,1,2,0.5,-0.246699553,-0.019030,0.779001,-0.292258513
180130,-0.9878033,-0.469495665,0.40481018,-1.497658985,-0.375563016,-0.24193287,0.3755674192,0.3187089629,1,1,1,1,1,1,1,1,8,0.125,-0.309170909,-0.019030,0.779001,-0.372452752
180132,,0.6134799379,0.4596643975,-1.840059177,0.0052622264,-1.550121921,0.2857609042,-0.058779638,0,1,1,1,1,1,1,1,7,0.1428571429,-0.29782761,-0.019030,0.779001,-0.357891402
180138,,,,-1.341171397,,,1.0249376044,0.6422706209,0,0,0,1,0,0,1,1,3,0.3333333333,0.1086789428,-0.019030,0.779001,0.1639394927
180139,,,,,,,-1.549515825,0.1569281339,0,0,0,0,0,0,1,1,2,0.5,-0.696293845,-0.019030,0.779001,-0.869400973
180141,,-0.186862132,-0.433430831,0.0792543999,-0.013365095,-1.812081154,-0.492562226,0.0490742479,0,1,1,1,1,1,1,1,7,0.1428571429,-0.401424684,-0.019030,0.779001,-0.490878567
180143,-1.754408933,,1.0287769037,,,,1.0249376044,-0.27448741,1,0,1,0,0,0,1,1,4,0.25,0.0062045413,-0.019030,0.779001,0.0323934984
180149,,,,,,,,,0,0,0,0,0,0,0,0,0,,,-0.019030,0.779001,
180154,,,,,,,,0.0490742479,0,0,0,0,0,0,0,1,1,1,0.0490742479,-0.019030,0.779001,0.0874251755
181301,,,,,,,,,0,0,0,0,0,0,0,0,0,,,-0.019030,0.779001,
181302,,,1.0287769037,,,,,,0,0,1,0,0,0,0,0,1,1,1.0287769037,-0.019030,0.779001,1.3450656985
181304,,,,,,,,,0,0,0,0,0,0,0,0,0,,,-0.019030,0.779001,
181305,,,,,,,-1.093575057,,0,0,0,0,0,0,1,0,1,1,-1.093575057,-0.019030,0.779001,-1.379389332
181306,,,,,,,-2.567322995,,0,0,0,0,0,0,1,0,1,1,-2.567322995,-0.019030,0.779001,-3.27123388
181307,,,,,,,,,0,0,0,0,0,0,0,0,0,,,-0.019030,0.779001,
181308,,,,,,,,,0,0,0,0,0,0,0,0,0,,,-0.019030,0.779001,
181309,,,-5.498874976,,,,-0.347490163,,0,0,1,0,0,0,1,0,2,0.5,-2.923182569,-0.019030,0.779001,-3.728049444
181310,,,,,,,,,0,0,0,0,0,0,0,0,0,,,-0.019030,0.779001,
181311,,,,,,,,,0,0,0,0,0,0,0,0,0,,,-0.019030,0.779001,
181314,,,,,,,,,0,0,0,0,0,0,0,0,0,,,-0.019030,0.779001,
181315,,,,,,,1.0249376044,,0,0,0,0,0,0,1,0,1,1,1.0249376044,-0.019030,0.779001,1.3401372048
181316,,,,,,,-0.432691216,,0,0,0,0,0,0,1,0,1,1,-0.432691216,-0.019030,0.779001,-0.531015293
181317,,,,,,,,,0,0,0,0,0,0,0,0,0,,,-0.019030,0.779001,
181318,,,,,,,1.0249376044,,0,0,0,0,0,0,1,0,1,1,1.0249376044,-0.019030,0.779001,1.3401372048
181319,,,,,,,,,0,0,0,0,0,0,0,0,0,,,-0.019030,0.779001,
181320,,,,,,,,,0,0,0,0,0,0,0,0,0,,,-0.019030,0.779001,
181321,,,,,,,,,0,0,0,0,0,0,0,0,0,,,-0.019030,0.779001,
181322,,,,,,,,,0,0,0,0,0,0,0,0,0,,,-0.019030,0.779001,
181323,,,,,,,,,0,0,0,0,0,0,0,0,0,,,-0.019030,0.779001,
181324,,,-0.064879057,,,,-2.484424673,,0,0,1,0,0,0,1,0,2,0.5,-1.274651865,-0.019030,0.779001,-1.611836933
181325,,,1.0287769037,,,,-5.058878102,,0,0,1,0,0,0,1,0,2,0.5,-2.015050599,-0.019030,0.779001,-2.562283935
181327,,,,,,,,,0,0,0,0,0,0,0,0,0,,,-0.019030,0.779001,
181328,,,-0.183158464,,,,1.0249376044,,0,0,1,0,0,0,1,0,2,0.5,0.4208895704,-0.019030,0.779001,0.5647230719
181329,,,1.0287769037,,,,,,0,0,1,0,0,0,0,0,1,1,1.0287769037,-0.019030,0.779001,1.3450656985
181330,,,,,,,,,0,0,0,0,0,0,0,0,0,,,-0.019030,0.779001,
181331,,,,,,,,,0,0,0,0,0,0,0,0,0,,,-0.019030,0.779001,
181332,,,,,,,,,0,0,0,0,0,0,0,0,0,,,-0.019030,0.779001,
190002,1.6186558519,-0.059133517,0.2608178591,0.3641420597,0.4036799389,0.097167732,0.0600932512,-1.083391555,1,1,1,1,1,1,1,1,8,0.125,0.2077539526,-0.019030,0.779001,0.2911217008
190004,,-0.533359972,0.0653997094,0.4577671122,,,-1.611689566,0.5883436779,0,1,1,1,0,0,1,1,5,0.2,-0.206707808,-0.019030,0.779001,-0.240921263
190005,,0.2819290634,0.4168095401,-1.688921592,,-2.268500921,0.1798352712,-1.730514871,0,1,1,1,0,1,1,1,6,0.1666666667,-0.801560585,-0.019030,0.779001,-1.004531481
190006,,-3.821692417,-1.919637285,,,,0.748609866,-0.058779638,0,1,1,0,0,0,1,1,4,0.25,-1.262874869,-0.019030,0.779001,-1.596718848
190007,,,1.0287769037,,,,0.0255522839,-0.004852695,0,0,1,0,0,0,1,1,3,0.3333333333,0.3498254975,-0.019030,0.779001,0.4734983954
190008,-0.374518794,0.6094034927,0.2779598021,1.149255,1.1084136071,-1.481016112,0.4515575473,1.127613108,1,1,1,1,1,1,1,1,8,0.125,0.3585834565,-0.019030,0.779001,0.4847409536
190011,,0.1718650435,1.0287769037,-2.555622078,,,0.6956470495,-0.27448741,0,1,1,1,0,0,1,1,5,0.2,-0.186764098,-0.019030,0.779001,-0.2153196
190013,0.6987290924,,1.0287769037,0.2089919726,,,0.5966296099,-0.651976011,1,0,1,1,0,0,1,1,5,0.2,0.3762303135,-0.019030,0.779001,0.5073941559
190014,,,,,,,1.0249376044,0.1030011909,0,0,0,0,0,0,1,1,2,0.5,0.5639693976,-0.019030,0.779001,0.7483940946
190015,,-0.01972788,-0.409432111,-0.018383155,,0.2016300027,-0.409663904,0.6961975639,0,1,1,1,0,1,1,1,6,0.1666666667,0.0067700862,-0.019030,0.779001,0.0331194862
190017,-0.52783992,,-0.97168784,0.1514794404,,,0.101542412,-0.220560467,1,0,1,1,0,0,1,1,5,0.2,-0.293413275,-0.019030,0.779001,-0.352224737
190019,,-0.430090028,0.6756528788,1.149255,-0.457316261,-3.134734212,-0.032015995,-0.975537669,0,1,1,1,1,1,1,1,7,0.1428571429,-0.457826612,-0.019030,0.779001,-0.563281505
190020,-0.374518794,0.9776423739,1.0287769037,,,,-0.545525042,0.1030011909,1,1,1,0,0,0,1,1,5,0.2,0.2378753266,-0.019030,0.779001,0.3297883925
190025,,,,,,,1.0249376044,0.1569281339,0,0,0,0,0,0,1,1,2,0.5,0.5909328691,-0.019030,0.779001,0.783006999
190026,,-0.1297919,0.4288089001,-0.186908249,,0.232165128,0.7301880168,-0.328414353,0,1,1,1,0,1,1,1,6,0.1666666667,0.1243412571,-0.019030,0.779001,0.1840451451
190027,,0.7534378891,0.0962552067,0.3507670522,,-0.931383856,-0.183996251,0.6422706209,0,1,1,1,0,1,1,1,6,0.1666666667,0.1212251102,-0.019030,0.779001,0.1800449594
190034,,,,,,,-1.673863307,0.4804897919,0,0,0,0,0,0,1,1,2,0.5,-0.596686758,-0.019030,0.779001,-0.741535738
190036,0.5454079659,0.1202300713,0.4665211747,0.2143419756,-1.16308478,-0.200147962,0.2949718288,-1.083391555,1,1,1,1,1,1,1,1,8,0.125,-0.10064391,-0.019030,0.779001,-0.104767447
190039,,0.1990413447,0.2282481675,1.149255,-0.528720994,-0.331931134,0.7440044037,-0.27448741,0,1,1,1,1,1,1,1,7,0.1428571429,0.1693441969,-0.019030,0.779001,0.2418152455
190040,,0.6664737252,-0.870550376,-0.025070659,,-0.071579013,-0.133336166,-0.544122125,0,1,1,1,0,1,1,1,6,0.1666666667,-0.163030769,-0.019030,0.779001,-0.184853217
190041,1.0053713456,-0.302361412,0.8179310053,0.6811297375,,-0.746565993,0.1498997662,0.1030011909,1,1,1,1,0,1,1,1,7,0.1428571429,0.2440579486,-0.019030,0.779001,0.3377250005
190044,0.2387657127,0.000654346,1.0287769037,-1.531096503,,,-0.690597105,0.6422706209,1,1,1,1,0,0,1,1,6,0.1666666667,-0.051871004,-0.019030,0.779001,-0.042157855
190045,,0.0849008797,0.3362424082,-0.160158234,1.1084136071,-0.126220816,0.3364209896,1.397247823,0,1,1,1,1,1,1,1,7,0.1428571429,0.4252638081,-0.019030,0.779001,0.570338264
190046,0.3920868393,-0.095821523,0.5950857469,-1.928334226,-2.321083274,-0.269253771,0.4768875899,0.0490742479,1,1,1,1,1,1,1,1,8,0.125,-0.387669796,-0.019030,0.779001,-0.473221471
190050,,,,,,,-0.679083449,0.2108550769,0,0,0,0,0,0,1,1,2,0.5,-0.234114186,-0.019030,0.779001,-0.276102726
190053,,,,,,,0.4147138488,-0.921610726,0,0,0,0,0,0,1,1,2,0.5,-0.253448439,-0.019030,0.779001,-0.300922031
190054,0.0854445862,0.4354751651,1.0287769037,0.2076544719,,1.1916109066,0.6680142757,-0.544122125,1,1,1,1,0,1,1,1,7,0.1428571429,0.4389791691,-0.019030,0.779001,0.58794462
190060,,-0.128433085,-0.262011401,-0.467783407,,0.3880549781,-0.407361173,-0.975537669,0,1,1,1,0,1,1,1,6,0.1666666667,-0.308845293,-0.019030,0.779001,-0.372034759
190064,,-0.192297392,0.2436759162,-0.665733518,,-0.290146226,-0.018199608,1.235466994,0,1,1,1,0,1,1,1,6,0.1666666667,0.0521276944,-0.019030,0.779001,0.091344873
190065,-0.52783992,0.5604861506,0.5402315294,-0.103983203,-0.638415221,0.1244886336,0.6611060822,-0.220560467,1,1,1,1,1,1,1,1,8,0.125,0.0494391981,-0.019030,0.779001,0.0878936606
190079,,,,,,,1.0249376044,,0,0,0,0,0,0,1,0,1,1,1.0249376044,-0.019030,0.779001,1.3401372048
190086,,,1.0287769037,,,,1.0249376044,0.0490742479,0,0,1,0,0,0,1,1,3,0.3333333333,0.7009295853,-0.019030,0.779001,0.9242093596
190088,,,,,,,-0.683688911,0.1569281339,0,0,0,0,0,0,1,1,2,0.5,-0.263380389,-0.019030,0.779001,-0.313671637
190090,,,,,,,,,0,0,0,0,0,0,0,0,0,,,-0.019030,0.779001,
190098,,0.2085530501,0.2916733565,-0.855658624,,-1.093702154,0.147597035,-1.029464612,0,1,1,1,0,1,1,1,6,0.1666666667,-0.388500325,-0.019030,0.779001,-0.474287617
190099,,,,,,,,-0.705902954,0,0,0,0,0,0,0,1,1,1,-0.705902954,-0.019030,0.779001,-0.881736149
190102,,0.113435996,-0.969973645,-0.558733458,,-0.41550095,0.6657115445,0.911905336,0,1,1,1,0,1,1,1,6,0.1666666667,-0.04219253,-0.019030,0.779001,-0.029733635
190106,,,,,,,,0.2108550769,0,0,0,0,0,0,0,1,1,1,0.2108550769,-0.019030,0.779001,0.2951026021
190111,0.0854445862,-0.734464601,0.0002603261,-0.216333266,0.8248643779,-0.952276311,-0.948502994,-0.166633524,1,1,1,1,1,1,1,1,8,0.125,-0.263455176,-0.019030,0.779001,-0.313767641
190114,,,,,,,-2.604166693,,0,0,0,0,0,0,1,0,1,1,-2.604166693,-0.019030,0.779001,-3.318529993
190116,,,,,,,,0.1030011909,0,0,0,0,0,0,0,1,1,1,0.1030011909,-0.019030,0.779001,0.1566509843
190118,,,,,,,,,0,0,0,0,0,0,0,0,0,,,-0.019030,0.779001,
190125,,-0.281979186,-0.051165503,0.1367669321,-1.053390553,-0.548891235,-0.248472723,-0.112706581,0,1,1,1,1,1,1,1,7,0.1428571429,-0.308548407,-0.019030,0.779001,-0.371653648
190128,,-0.199091468,,-0.156145732,-2.778487505,-0.857456711,0.8176918006,0.0490742479,0,1,0,1,1,1,1,1,6,0.1666666667,-0.520735895,-0.019030,0.779001,-0.644037908
190133,,,,,,,,,0,0,0,0,0,0,0,0,0,,,-0.019030,0.779001,
190140,,,,,,,,0.1030011909,0,0,0,0,0,0,0,1,1,1,0.1030011909,-0.019030,0.779001,0.1566509843
190144,,,1.0287769037,,,,-1.392930106,0.5344167349,0,0,1,0,0,0,1,1,3,0.3333333333,0.0567545108,-0.019030,0.779001,0.0972842993
190145,,,,,,,,,0,0,0,0,0,0,0,0,0,,,-0.019030,0.779001,
190151,,,,,,,,-0.27448741,0,0,0,0,0,0,0,1,1,1,-0.27448741,-0.019030,0.779001,-0.327929678
190160,0.852050219,-1.325549152,0.0431151835,1.149255,,1.1916109066,0.6242623837,-0.220560467,1,1,1,1,0,1,1,1,7,0.1428571429,0.3305977248,-0.019030,0.779001,0.4488157777
190164,,,,,,,-0.338279238,0.4265628489,0,0,0,0,0,0,1,1,2,0.5,0.0441418053,-0.019030,0.779001,0.081093418
190167,,,,,,,-1.114299637,0.3187089629,0,0,0,0,0,0,1,1,2,0.5,-0.397795337,-0.019030,0.779001,-0.486219588
190176,1.0053713456,0.023754202,-0.215728155,-0.103983203,0.4937119934,0.7367982511,0.1821380023,0.3187089629,1,1,1,1,1,1,1,1,8,0.125,0.3050964249,-0.019030,0.779001,0.4160798573
190183,,-0.37166098,1.0287769037,-0.02774566,,,-0.213931756,-1.622660985,0,1,1,1,0,0,1,1,5,0.2,-0.241444496,-0.019030,0.779001,-0.285512616
190184,,,,,,,,0.1030011909,0,0,0,0,0,0,0,1,1,1,0.1030011909,-0.019030,0.779001,0.1566509843
190190,,,,,,,,,0,0,0,0,0,0,0,0,0,,,-0.019030,0.779001,
190201,,,,,,,1.0249376044,0.1569281339,0,0,0,0,0,0,1,1,2,0.5,0.5909328691,-0.019030,0.779001,0.783006999
190202,,0.1433299273,1.0287769037,-0.037108165,,-2.490282358,0.522942213,-0.220560467,0,1,1,1,0,1,1,1,6,0.1666666667,-0.175483658,-0.019030,0.779001,-0.200838942
190208,,,,,,,,,0,0,0,0,0,0,0,0,0,,,-0.019030,0.779001,
190218,,,,,,,,0.0490742479,0,0,0,0,0,0,0,1,1,1,0.0490742479,-0.019030,0.779001,0.0874251755
190241,,,,,,,,-0.004852695,0,0,0,0,0,0,0,1,1,1,-0.004852695,-0.019030,0.779001,0.0181993666
190245,,,,,,,,-0.004852695,0,0,0,0,0,0,0,1,1,1,-0.004852695,-0.019030,0.779001,0.0181993666
190251,-0.374518794,,,,,,,0.1569281339,1,0,0,0,0,0,0,1,2,0.5,-0.10879533,-0.019030,0.779001,-0.115231393
190255,,,,,0.3571116348,,,0.1030011909,0,0,0,0,1,0,0,1,2,0.5,0.2300564129,-0.019030,0.779001,0.3197512831
190256,0.852050219,,,,,,,0.2647820199,1,0,0,0,0,0,0,1,2,0.5,0.5584161194,-0.019030,0.779001,0.7412653728
190259,0.6987290924,,,,,,,0.4265628489,1,0,0,0,0,0,0,1,2,0.5,0.5626459707,-0.019030,0.779001,0.7466952165
190266,,,,,,,,0.911905336,0,0,0,0,0,0,0,1,1,1,0.911905336,-0.019030,0.779001,1.1950381175
190267,0.0854445862,,,,,,,0.5883436779,1,0,0,0,0,0,0,1,2,0.5,0.336894132,-0.019030,0.779001,0.4568984514
190270,,,,,,,,0.3726359059,0,0,0,0,0,0,0,1,1,1,0.3726359059,-0.019030,0.779001,0.5027800287
190274,,0.2927995838,0.1991068645,1.149255,,0.1341313047,0.7601235218,-0.759829897,0,1,1,1,0,1,1,1,6,0.1666666667,0.2959310629,-0.019030,0.779001,0.4043143174
190278,0.0854445862,,,,,,,0.750124507,1,0,0,0,0,0,0,1,2,0.5,0.4177845466,-0.019030,0.779001,0.5607371647
190298,-1.907730059,,,,,,,0.4804897919,1,0,0,0,0,0,0,1,2,0.5,-0.713620134,-0.019030,0.779001,-0.891642662
190303,-0.06787654,,,,,,,0.4265628489,1,0,0,0,0,0,0,1,2,0.5,0.1793431543,-0.019030,0.779001,0.2546508685
190308,,,,,,,1.0249376044,-0.81375684,0,0,0,0,0,0,1,1,2,0.5,0.1055903821,-0.019030,0.779001,0.1599747191
190312,,,,,,,1.0249376044,-0.382341296,0,0,0,0,0,0,1,1,2,0.5,0.3212981541,-0.019030,0.779001,0.4368779546
190313,,,,,,,0.3156964092,0.1569281339,0,0,0,0,0,0,1,1,2,0.5,0.2363122715,-0.019030,0.779001,0.3277819048
190316,,,,,,,1.0249376044,,0,0,0,0,0,0,1,0,1,1,1.0249376044,-0.019030,0.779001,1.3401372048
190317,,0.7724612999,,,-0.151000305,1.1916109066,1.0249376044,-0.004852695,0,1,0,0,1,1,1,1,5,0.2,0.5666313621,-0.019030,0.779001,0.7518112481
190318,,,,,,,0.2443117435,-0.651976011,0,0,0,0,0,0,1,1,2,0.5,-0.203832134,-0.019030,0.779001,-0.237229772
19043F,,,,,,,,0.1030011909,0,0,0,0,0,0,0,1,1,1,0.1030011909,-0.019030,0.779001,0.1566509843
19047F,,0.3512286314,-1.475660963,,,,,0.5883436779,0,1,1,0,0,0,0,1,3,0.3333333333,-0.178696218,-0.019030,0.779001,-0.204962893
19048F,-1.294445553,0.0305482773,-0.579137346,,,,,-2.809053732,1,1,1,0,0,0,0,1,4,0.25,-1.163022088,-0.019030,0.779001,-1.468538219
191300,,,,,,,,,0,0,0,0,0,0,0,0,0,,,-0.019030,0.779001,
191301,,,,,,,,,0,0,0,0,0,0,0,0,0,,,-0.019030,0.779001,
191302,,,,,,,-1.835054488,,0,0,0,0,0,0,1,0,1,1,-1.835054488,-0.019030,0.779001,-2.33122362
191304,,,,,,,,,0,0,0,0,0,0,0,0,0,,,-0.019030,0.779001,
191305,,,,,,,,,0,0,0,0,0,0,0,0,0,,,-0.019030,0.779001,
191306,,,,,,,,,0,0,0,0,0,0,0,0,0,,,-0.019030,0.779001,
191307,,,,,,,,,0,0,0,0,0,0,0,0,0,,,-0.019030,0.779001,
191309,,,,,,,,,0,0,0,0,0,0,0,0,0,,,-0.019030,0.779001,
191310,,,,,,,,,0,0,0,0,0,0,0,0,0,,,-0.019030,0.779001,
191311,,,,,,,,,0,0,0,0,0,0,0,0,0,,,-0.019030,0.779001,
191312,,,,,,,,,0,0,0,0,0,0,0,0,0,,,-0.019030,0.779001,
191313,,,,,,,,,0,0,0,0,0,0,0,0,0,,,-0.019030,0.779001,
191315,,,,,,,,,0,0,0,0,0,0,0,0,0,,,-0.019030,0.779001,
191316,,,,,,,,,0,0,0,0,0,0,0,0,0,,,-0.019030,0.779001,
191317,,,,,,,,,0,0,0,0,0,0,0,0,0,,,-0.019030,0.779001,
191318,,,,,,,,,0,0,0,0,0,0,0,0,0,,,-0.019030,0.779001,
191320,,,,,,,,,0,0,0,0,0,0,0,0,0,,,-0.019030,0.779001,
191321,,,,,,,,,0,0,0,0,0,0,0,0,0,,,-0.019030,0.779001,
191322,,,,,,,,,0,0,0,0,0,0,0,0,0,,,-0.019030,0.779001,
191323,,,,,,,,,0,0,0,0,0,0,0,0,0,,,-0.019030,0.779001,
191324,,,,,,,1.0249376044,,0,0,0,0,0,0,1,0,1,1,1.0249376044,-0.019030,0.779001,1.3401372048
191325,,,,,,,,,0,0,0,0,0,0,0,0,0,,,-0.019030,0.779001,
191326,,,,,,,,,0,0,0,0,0,0,0,0,0,,,-0.019030,0.779001,
200001,1.1586924721,,-0.0220242,1.149255,,0.0377045933,0.1107533366,0.6961975639,1,0,1,1,0,1,1,1,6,0.1666666667,0.5217631277,-0.019030,0.779001,0.6942140685
200008,,-0.008857359,-3.983527218,0.2852295154,,,0.4999149015,0.5883436779,0,1,1,1,0,0,1,1,5,0.2,-0.523779296,-0.019030,0.779001,-0.647944711
200009,0.852050219,-0.207244358,-1.331668642,0.2103294734,-0.830897544,0.2916282667,0.0923314874,1.235466994,1,1,1,1,1,1,1,1,8,0.125,0.038999487,-0.019030,0.779001,0.0744922438
200018,,,,,,,1.0249376044,-0.382341296,0,0,0,0,0,0,1,1,2,0.5,0.3212981541,-0.019030,0.779001,0.4368779546
200019,,-0.612171246,-1.184247932,-2.356334466,,0.2514504703,0.2212844319,-0.81375684,0,1,1,1,0,1,1,1,6,0.1666666667,-0.748962597,-0.019030,0.779001,-0.937011646
200020,,,,,,,-1.102785981,0.5344167349,0,0,0,0,0,0,1,1,2,0.5,-0.284184623,-0.019030,0.779001,-0.340377953
200021,1.0053713456,-0.021086695,-1.143107269,1.149255,,,-0.596185127,-2.377638187,1,1,1,1,0,0,1,1,6,0.1666666667,-0.330565156,-0.019030,0.779001,-0.399916463
200024,,-0.117562564,0.0585429322,-1.335821394,,1.1916109066,0.6565006199,0.4804897919,0,1,1,1,0,1,1,1,6,0.1666666667,0.1556267154,-0.019030,0.779001,0.2242061674
200031,,,,1.149255,,,-2.576533919,0.2647820199,0,0,0,1,0,0,1,1,3,0.3333333333,-0.387498966,-0.019030,0.779001,-0.473002177
200033,-0.221197667,-0.139303605,0.0705422923,0.7332922667,,-0.217826192,-0.08267608,1.289393937,1,1,1,1,0,1,1,1,7,0.1428571429,0.2046035645,-0.019030,0.779001,0.2870775598
200034,,,-0.543139266,,,,0.3410264519,-0.921610726,0,0,1,0,0,0,1,1,3,0.3333333333,-0.374574513,-0.019030,0.779001,-0.456411106
200039,,0.5591273355,-1.319669282,-0.105320704,,1.1916109066,0.8936819287,-0.382341296,0,1,1,1,0,1,1,1,6,0.1666666667,0.1395148149,-0.019030,0.779001,0.2035233827
20003F,-0.221197667,,,,,,,0.3726359059,1,0,0,0,0,0,0,1,2,0.5,0.0757191195,-0.019030,0.779001,0.1216290944
200041,,,,,,,-0.978438499,0.2108550769,0,0,0,0,0,0,1,1,2,0.5,-0.383791711,-0.019030,0.779001,-0.468243187
200050,,,,,,,0.522942213,-0.27448741,0,0,0,0,0,0,1,1,2,0.5,0.1242274014,-0.019030,0.779001,0.183898989
200052,,,,,,,-0.513286806,0.1569281339,0,0,0,0,0,0,1,1,2,0.5,-0.178179336,-0.019030,0.779001,-0.204299374
200063,,,,,,,-1.342270021,0.4265628489,0,0,0,0,0,0,1,1,2,0.5,-0.457853586,-0.019030,0.779001,-0.563316131
201300,,,,,,,-0.955411187,,0,0,0,0,0,0,1,0,1,1,-0.955411187,-0.019030,0.779001,-1.202028906
201301,,,,,,,,,0,0,0,0,0,0,0,0,0,,,-0.019030,0.779001,
201302,,,,,,,0.2466144746,,0,0,0,0,0,0,1,0,1,1,0.2466144746,-0.019030,0.779001,0.3410068031
201303,,,,,,,,,0,0,0,0,0,0,0,0,0,,,-0.019030,0.779001,
201304,,,,,,,-0.388939324,,0,0,0,0,0,0,1,0,1,1,-0.388939324,-0.019030,0.779001,-0.474851158
201305,,,,,,,,,0,0,0,0,0,0,0,0,0,,,-0.019030,0.779001,
201306,,,,,,,1.0249376044,,0,0,0,0,0,0,1,0,1,1,1.0249376044,-0.019030,0.779001,1.3401372048
201307,,,,,,,,,0,0,0,0,0,0,0,0,0,,,-0.019030,0.779001,
201308,,,,,,,-2.240335171,,0,0,0,0,0,0,1,0,1,1,-2.240335171,-0.019030,0.779001,-2.851480871
201309,,,,,,,-1.9985484,,0,0,0,0,0,0,1,0,1,1,-1.9985484,-0.019030,0.779001,-2.541100125
201310,,,,,,,1.0249376044,,0,0,0,0,0,0,1,0,1,1,1.0249376044,-0.019030,0.779001,1.3401372048
201311,,,,,,,,,0,0,0,0,0,0,0,0,0,,,-0.019030,0.779001,
201312,,,1.0287769037,,,,-1.961704701,,0,0,1,0,0,0,1,0,2,0.5,-0.466463899,-0.019030,0.779001,-0.574369156
201313,,,1.0287769037,,,,1.0249376044,,0,0,1,0,0,0,1,0,2,0.5,1.0268572541,-0.019030,0.779001,1.3426014517
201314,,,,,,,1.0249376044,,0,0,0,0,0,0,1,0,1,1,1.0249376044,-0.019030,0.779001,1.3401372048
201315,,,,,,,0.1038451431,,0,0,0,0,0,0,1,0,1,1,0.1038451431,-0.019030,0.779001,0.1577343626
210001,-0.221197667,0.000654346,0.3105294937,-3.137434904,-3.149999087,0.8541174166,0.5390613311,1.181540051,1,1,1,1,1,1,1,1,8,0.125,-0.452841127,-0.019030,0.779001,-0.556881657
210002,,-0.325461268,-0.84826585,-1.322446386,-0.506989118,-0.071579013,0.0462768643,0.3187089629,0,1,1,1,1,1,1,1,7,0.1428571429,-0.387107973,-0.019030,0.779001,-0.47250026
210003,,-2.033491798,0.433951483,-0.182895747,,1.1916109066,0.0623959824,-0.220560467,0,1,1,1,0,1,1,1,6,0.1666666667,-0.124831607,-0.019030,0.779001,-0.1358171
210004,0.6987290924,-0.026521955,-0.560281209,0.4350295994,-1.484923504,0.9826863652,-0.190904444,-0.598049068,1,1,1,1,1,1,1,1,8,0.125,-0.09302939,-0.019030,0.779001,-0.094992717
210005,-0.374518794,0.0373423526,-0.205442989,,,0.4234114389,-0.306041002,-0.759829897,1,1,1,0,0,1,1,1,6,0.1666666667,-0.197513148,-0.019030,0.779001,-0.229118115
210008,1.4653347253,0.6338621638,0.283102385,0.4764921227,1.1084136071,1.1916109066,-1.282399011,-1.460880156,1,1,1,1,1,1,1,1,8,0.125,0.3019420929,-0.019030,0.779001,0.4120306534
210009,,-0.796970094,-0.191729435,-0.955971181,-0.028887863,0.130917081,-0.370517474,-1.514807099,0,1,1,1,1,1,1,1,7,0.1428571429,-0.532566581,-0.019030,0.779001,-0.659224914
210011,-0.221197667,0.0631598388,0.7167935419,0.7948173012,,0.232165128,0.1268724547,-0.436268239,1,1,1,1,0,1,1,1,7,0.1428571429,0.1823346226,-0.019030,0.779001,0.2584910049
210012,1.0053713456,-0.060492332,0.0482577664,0.5513921647,-4.3669841,-0.662996176,-0.246169992,-3.402250105,1,1,1,1,1,1,1,1,8,0.125,-0.891733928,-0.019030,0.779001,-1.120286654
210015,-0.52783992,0.9776423739,0.265960442,0.2397544899,-0.101327447,0.7930471661,-0.131033434,-2.377638187,1,1,1,1,1,1,1,1,8,0.125,-0.107679315,-0.019030,0.779001,-0.113798769
210016,-0.52783992,0.9776423739,0.2591036648,0.5701171752,,-0.341573805,-0.685991642,0.2647820199,1,1,1,1,0,1,1,1,7,0.1428571429,0.0737485523,-0.019030,0.779001,0.119099485
210017,1.0053713456,,,,,,-0.879421059,0.5344167349,1,0,0,0,0,0,1,1,3,0.3333333333,0.2201223404,-0.019030,0.779001,0.3069989526
210018,,0.9776423739,1.0287769037,,,0.0280619221,0.5068230949,-0.166633524,0,1,1,0,0,1,1,1,5,0.2,0.4749341541,-0.019030,0.779001,0.6340998956
210019,1.1586924721,0.5197216988,-0.304866259,0.1702044509,,0.7480480341,0.3502373765,0.6422706209,1,1,1,1,0,1,1,1,7,0.1428571429,0.4691869135,-0.019030,0.779001,0.6267221851
210022,-0.06787654,-0.230344214,-1.194533098,-2.173096863,,-0.338359581,-0.193207176,0.1569281339,1,1,1,1,0,1,1,1,7,0.1428571429,-0.577212763,-0.019030,0.779001,-0.716537046
210023,-0.52783992,-0.311873118,-0.524283128,-0.087933194,-0.772945877,0.8525103048,-0.2024181,0.750124507,1,1,1,1,1,1,1,1,8,0.125,-0.103082316,-0.019030,0.779001,-0.107897619
210024,1.925298105,0.3974283434,1.0287769037,,,-0.024972769,0.2212844319,-1.245172384,1,1,1,0,0,1,1,1,6,0.1666666667,0.3837737718,-0.019030,0.779001,0.5170776642
210027,0.852050219,0.6882147662,0.1665371728,0.2370794884,,0.7351911392,0.4768875899,0.80405145,1,1,1,1,0,1,1,1,7,0.1428571429,0.5657159751,-0.019030,0.779001,0.7506361693
210028,-0.221197667,0.9776423739,1.0287769037,-1.135196281,,1.1916109066,0.6334733084,0.6961975639,1,1,1,1,0,1,1,1,7,0.1428571429,0.4530438726,-0.019030,0.779001,0.6059994256
210029,0.3920868393,-0.523848267,0.3002443279,0.3935670762,,0.1277028573,-0.996860348,-2.43156513,1,1,1,1,0,1,1,1,7,0.1428571429,-0.391238949,-0.019030,0.779001,-0.477803178
210030,,,,,,,,,0,0,0,0,0,0,0,0,0,,,-0.019030,0.779001,
210032,-0.06787654,-0.555101013,1.0287769037,,,1.1916109066,-0.315251927,-0.27448741,1,1,1,0,0,1,1,1,6,0.1666666667,0.1679451533,-0.019030,0.779001,0.2400192985
210033,-0.374518794,0.9776423739,-0.26543979,0.5406921587,,1.1916109066,-0.872512866,0.1030011909,1,1,1,1,0,1,1,1,7,0.1428571429,0.1857821687,-0.019030,0.779001,0.2629166065
210034,,0.9776423739,0.5333747522,,,-2.130289302,0.8038754137,-0.490195182,0,1,1,0,0,1,1,1,5,0.2,-0.061118389,-0.019030,0.779001,-0.054028688
210035,1.1586924721,0.2547527622,0.5762296096,1.149255,,1.1916109066,-0.455718527,1.34332088,1,1,1,1,0,1,1,1,7,0.1428571429,0.7454490148,-0.019030,0.779001,0.9813587796
210037,0.2387657127,-0.390684391,-0.088877777,1.149255,,-3.107413311,0.1199642612,0.911905336,1,1,1,1,0,1,1,1,7,0.1428571429,-0.166726453,-0.019030,0.779001,-0.189597352
210038,,-1.337778488,-1.782501742,,,-0.330324022,0.446952085,0.1569281339,0,1,1,0,0,1,1,1,5,0.2,-0.569344807,-0.019030,0.779001,-0.706436981
210039,-0.06787654,0.9776423739,-0.256868818,,,,0.2489172058,-1.299099327,1,1,1,0,0,0,1,1,5,0.2,-0.079457021,-0.019030,0.779001,-0.077569919
210040,-1.601087806,0.3756873025,0.4596643975,0.6717672322,,0.4443038931,0.327210065,-1.083391555,1,1,1,1,0,1,1,1,7,0.1428571429,-0.057978067,-0.019030,0.779001,-0.049997469
210043,,-0.83094047,-0.495141825,0.3293670402,,-0.635675275,0.0623959824,0.3187089629,0,1,1,1,0,1,1,1,6,0.1666666667,-0.208547598,-0.019030,0.779001,-0.243282994
210044,0.3920868393,0.7656672246,-0.008310645,-0.596183479,-1.583234368,0.3639483002,0.1844407335,-2.701199845,1,1,1,1,1,1,1,1,8,0.125,-0.397848155,-0.019030,0.779001,-0.48628739
210048,0.0854445862,-0.462701589,-0.450572774,-0.164170737,,1.1916109066,-0.14254709,-0.81375684,1,1,1,1,0,1,1,1,7,0.1428571429,-0.108099077,-0.019030,0.779001,-0.114337616
210049,-1.44776668,0.5373862946,0.4836631176,-0.182895747,,-1.849044727,0.8222972629,-2.323711244,1,1,1,1,0,1,1,1,7,0.1428571429,-0.565724532,-0.019030,0.779001,-0.701789648
210051,-0.374518794,-1.72232315,-0.32543659,0.3494295514,,1.1916109066,-0.658358869,-0.759829897,1,1,1,1,0,1,1,1,7,0.1428571429,-0.328489549,-0.019030,0.779001,-0.397252015
210056,,0.6773442457,-0.145446189,1.149255,,-1.43601698,-0.108006123,-0.328414353,0,1,1,1,0,1,1,1,6,0.1666666667,-0.031880733,-0.019030,0.779001,-0.016496422
210057,-1.44776668,-0.087668633,0.4270947058,0.3480920507,,0.7078702376,0.4101083865,-1.299099327,1,1,1,1,0,1,1,1,7,0.1428571429,-0.134481323,-0.019030,0.779001,-0.148204403
210058,,,,,,,,,0,0,0,0,0,0,0,0,0,,,-0.019030,0.779001,
210060,-0.681161047,,,,,,-0.766587233,0.5883436779,1,0,0,0,0,0,1,1,3,0.3333333333,-0.286468201,-0.019030,0.779001,-0.343309372
210061,,0.1501240026,1.0287769037,1.149255,,,-3.170638557,0.911905336,0,1,1,1,0,0,1,1,5,0.2,0.0138845371,-0.019030,0.779001,0.0422522794
210062,0.6987290924,0.9776423739,1.0287769037,0.5246421497,,0.3157349445,0.6864361249,-0.220560467,1,1,1,1,0,1,1,1,7,0.1428571429,0.5730573031,-0.019030,0.779001,0.7600602038
210063,1.0053713456,-0.196373838,-2.601886615,0.4818421257,,1.1916109066,0.2926690977,1.5051017091,1,1,1,1,0,1,1,1,7,0.1428571429,0.2397621045,-0.019030,0.779001,0.3322104421
210064,,,,,,,0.582813223,,0,0,0,0,0,0,1,0,1,1,0.582813223,-0.019030,0.779001,0.7725838405
210065,,0.5129276235,-0.138589412,-1.593959039,,1.1916109066,-0.087281543,0.4265628489,0,1,1,1,0,1,1,1,6,0.1666666667,0.0518785643,-0.019030,0.779001,0.0910250657
21020F,-0.9878033,-2.168014489,-2.368756191,,,,,-0.27448741,1,1,1,0,0,0,0,1,4,0.25,-1.449765348,-0.019030,0.779001,-1.836629436
220001,,0.7031617318,-2.685882136,,,-0.529605892,-0.402755711,0.4804897919,0,1,1,0,0,1,1,1,5,0.2,-0.486918443,-0.019030,0.779001,-0.600626576
220002,0.5454079659,-0.480366185,-1.004257531,0.4417171032,,0.097167732,0.1959543893,0.2108550769,1,1,1,1,0,1,1,1,7,0.1428571429,0.0009255072,-0.019030,0.779001,0.0256168227
220008,-0.681161047,0.9776423739,0.1373958698,,,1.1916109066,0.8130863383,-0.058779638,1,1,1,0,0,1,1,1,6,0.1666666667,0.3966324673,-0.019030,0.779001,0.5335843221
220010,0.0854445862,0.9776423739,-0.03402356,1.149255,,1.1916109066,0.4791903211,-1.406953213,1,1,1,1,0,1,1,1,7,0.1428571429,0.3488809164,-0.019030,0.779001,0.4722858402
220011,-0.374518794,0.2235000158,-0.70427353,,,1.1916109066,-0.055043306,0.3726359059,1,1,1,0,0,1,1,1,6,0.1666666667,0.1089851998,-0.019030,0.779001,0.1643326335
220012,-1.44776668,0.0658774689,-0.832838102,-0.907821154,,0.0280619221,-0.812641856,0.80405145,1,1,1,1,0,1,1,1,7,0.1428571429,-0.443296707,-0.019030,0.779001,-0.544629522
220015,-0.52783992,-0.965463161,-2.036202498,1.149255,,-1.490658783,-0.84027463,-1.137318498,1,1,1,1,0,1,1,1,7,0.1428571429,-0.835500356,-0.019030,0.779001,-1.048099833
220016,,,1.0287769037,,,,0.0854232939,0.6422706209,0,0,1,0,0,0,1,1,3,0.3333333333,0.5854902729,-0.019030,0.779001,0.7760203591
220017,,,,,,,-0.510984075,0.4804897919,0,0,0,0,0,0,1,1,2,0.5,-0.015247141,-0.019030,0.779001,0.004856056
220019,,,0.3276714367,,,,0.5022176326,-1.137318498,0,0,1,0,0,0,1,1,3,0.3333333333,-0.102476476,-0.019030,0.779001,-0.107119905
22001F,,,,,,,,,0,0,0,0,0,0,0,0,0,,,-0.019030,0.779001,
220020,-1.754408933,0.9776423739,0.4836631176,-3.580147653,,0.2835927074,0.4354384292,0.80405145,1,1,1,1,0,1,1,1,7,0.1428571429,-0.335738358,-0.019030,0.779001,-0.406557284
220024,,0.9776423739,0.0705422923,1.149255,,-1.215842655,-0.26228911,-0.27448741,0,1,1,1,0,1,1,1,6,0.1666666667,0.0741367484,-0.019030,0.779001,0.1195978108
220029,0.5454079659,,,-1.206083821,,,0.2351008189,-0.004852695,1,0,0,1,0,0,1,1,4,0.25,-0.107606933,-0.019030,0.779001,-0.113705852
220030,0.3920868393,,-0.60485026,,,,1.0249376044,0.3187089629,1,0,1,0,0,0,1,1,4,0.25,0.2827207866,-0.019030,0.779001,0.3873563366
220031,0.2387657127,0.2357293513,-0.128304246,0.1916044629,0.7151701505,-0.489428096,-0.359003819,0.1569281339,1,1,1,1,1,1,1,1,8,0.125,0.0701827064,-0.019030,0.779001,0.1145220223
220033,1.0053713456,-0.382531501,0.3893824313,1.149255,,-2.366534745,0.0439741331,-1.191245441,1,1,1,1,0,1,1,1,7,0.1428571429,-0.193189825,-0.019030,0.779001,-0.223568281
220035,-0.06787654,-1.829669539,0.1476810356,-0.604208483,,-0.07800746,0.0094331659,0.2647820199,1,1,1,1,0,1,1,1,7,0.1428571429,-0.308266543,-0.019030,0.779001,-0.371291821
220036,0.5454079659,0.4436280555,0.4099527629,-1.433458949,,-0.346395141,0.4561630096,0.911905336,1,1,1,1,0,1,1,1,7,0.1428571429,0.1410290058,-0.019030,0.779001,0.2054671438
220046,1.4653347253,0.0400599827,0.8402155312,1.149255,,0.6982275665,-0.423480291,0.4265628489,1,1,1,1,0,1,1,1,7,0.1428571429,0.5994536234,-0.019030,0.779001,0.7939450584
220049,,0.9776423739,-0.486570854,,,,0.2581281304,-0.166633524,0,1,1,0,0,0,1,1,4,0.25,0.1456415315,-0.019030,0.779001,0.2113882253
220052,0.852050219,,,,,,,0.3726359059,1,0,0,0,0,0,0,1,2,0.5,0.6123430625,-0.019030,0.779001,0.8104911816
220060,0.0854445862,0.3376404808,-1.100252412,-0.626945996,,0.5503732757,0.403200193,-0.436268239,1,1,1,1,0,1,1,1,7,0.1428571429,-0.112401159,-0.019030,0.779001,-0.119860182
220062,,,,,,,1.0249376044,,0,0,0,0,0,0,1,0,1,1,1.0249376044,-0.019030,0.779001,1.3401372048
220063,1.4653347253,-1.84869295,-1.904209537,-0.641658504,,0.6050150788,0.3110909469,-1.029464612,1,1,1,1,0,1,1,1,7,0.1428571429,-0.434654979,-0.019030,0.779001,-0.533536168
220065,,,,,,,-1.234041657,0.3187089629,0,0,0,0,0,0,1,1,2,0.5,-0.457666347,-0.019030,0.779001,-0.563075773
220066,-0.52783992,-0.892087148,1.0287769037,-2.177109366,,0.3237705038,0.748609866,-1.191245441,1,1,1,1,0,1,1,1,7,0.1428571429,-0.383874943,-0.019030,0.779001,-0.468350032
220070,0.0854445862,0.4164517543,0.6053709126,-0.209645762,,0.6901920072,-0.011291415,-1.35302627,1,1,1,1,0,1,1,1,7,0.1428571429,0.0319279733,-0.019030,0.779001,0.0654145689
220071,0.6987290924,0.1813767489,-0.352863699,-0.069208183,1.1084136071,-0.280503554,-1.273188086,0.857978393,1,1,1,1,1,1,1,1,8,0.125,0.1088417898,-0.019030,0.779001,0.1641485387
220073,0.2387657127,0.9776423739,-0.493427631,1.149255,,0.1293099691,-0.158666208,-0.004852695,1,1,1,1,0,1,1,1,7,0.1428571429,0.2625752173,-0.019030,0.779001,0.361495547
220074,0.6987290924,0.3729696724,-0.817410353,-1.02552122,0.1273746681,0.6291217566,-0.027410533,-0.490195182,1,1,1,1,1,1,1,1,8,0.125,-0.066542762,-0.019030,0.779001,-0.060991935
220075,,,,,,,-1.618597759,0.750124507,0,0,0,0,0,0,1,1,2,0.5,-0.434236626,-0.019030,0.779001,-0.532999131
220077,2.2319403581,-0.162403461,0.2865307736,-0.485170917,0.2370688955,0.3591269647,-0.593882396,-3.887592592,1,1,1,1,1,1,1,1,8,0.125,-0.251797797,-0.019030,0.779001,-0.298803108
220080,-0.374518794,-0.810558245,-0.452286968,0.5286546519,,0.4796603539,0.6173541903,-0.81375684,1,1,1,1,0,1,1,1,7,0.1428571429,-0.117921664,-0.019030,0.779001,-0.126946833
220083,0.6987290924,-1.188308831,-0.049451308,,,,-0.013594146,-0.27448741,1,1,1,0,0,0,1,1,5,0.2,-0.165422521,-0.019030,0.779001,-0.187923499
220084,0.5454079659,0.3050289194,1.0287769037,-0.247095783,,1.1916109066,-0.018199608,-1.730514871,1,1,1,1,0,1,1,1,7,0.1428571429,0.1535734904,-0.019030,0.779001,0.2215704504
220086,1.3120135987,0.1759414887,-0.0220242,-0.510583431,-2.581865777,-0.14711327,-0.856393748,0.3726359059,1,1,1,1,1,1,1,1,8,0.125,-0.282173679,-0.019030,0.779001,-0.337796512
220088,1.4653347253,,,,,,-0.333673776,0.5883436779,1,0,0,0,0,0,1,1,3,0.3333333333,0.5733348757,-0.019030,0.779001,0.7604165227
220090,-0.06787654,0.3933518982,-0.071735834,-0.370145852,,-0.042651,0.0462768643,0.2647820199,1,1,1,1,0,1,1,1,7,0.1428571429,0.021714508,-0.019030,0.779001,0.0523035829
220095,-0.681161047,,-0.755699358,,,,0.582813223,0.1030011909,1,0,1,0,0,0,1,1,4,0.25,-0.187761498,-0.019030,0.779001,-0.216599958
220098,-0.52783992,,,,,,-0.00208049,0.2647820199,1,0,0,0,0,0,1,1,3,0.3333333333,-0.088379463,-0.019030,0.779001,-0.089023624
22009F,,,,,,,,,0,0,0,0,0,0,0,0,0,,,-0.019030,0.779001,
220100,-1.601087806,0.273776173,-0.292866898,-0.620258492,,0.2787713718,0.1729270777,-1.568734042,1,1,1,1,0,1,1,1,7,0.1428571429,-0.479638945,-0.019030,0.779001,-0.591281913
220101,-0.374518794,0.5604861506,-0.861979405,0.3347170432,,1.1916109066,-0.103400661,1.7208094811,1,1,1,1,0,1,1,1,7,0.1428571429,0.3525321032,-0.019030,0.779001,0.4769728547
220105,-0.9878033,0.9776423739,-0.318579813,1.149255,,0.5037670318,-0.207023563,0.6961975639,1,1,1,1,0,1,1,1,7,0.1428571429,0.2590650421,-0.019030,0.779001,0.3569895486
220108,1.7719769784,-2.162579229,-2.130483184,0.1340919306,,-1.325126261,-0.407361173,0.857978393,1,1,1,1,0,1,1,1,7,0.1428571429,-0.465928935,-0.019030,0.779001,-0.573682425
22010F,1.4653347253,0.1677885983,-0.793411633,,,,,,1,1,1,0,0,0,0,0,3,0.3333333333,0.2799038969,-0.019030,0.779001,0.3837403062
220110,-0.06787654,-0.036033661,-0.483142465,-0.449058396,-0.506989118,-0.071579013,-0.186298982,0.80405145,1,1,1,1,1,1,1,1,8,0.125,-0.124615841,-0.019030,0.779001,-0.135540122
220111,-2.367693439,-0.260238145,-0.447144385,0.7921422997,,-0.402644056,0.6012350722,1.235466994,1,1,1,1,0,1,1,1,7,0.1428571429,-0.121267951,-0.019030,0.779001,-0.131242449
220116,-0.9878033,-0.613530061,-0.407717916,-0.283208303,,0.4378754457,-0.732046265,-0.651976011,1,1,1,1,0,1,1,1,7,0.1428571429,-0.462629487,-0.019030,0.779001,-0.569446937
220119,1.0053713456,-0.169197536,-0.191729435,,,-2.064397716,-0.582368741,1.5590286521,1,1,1,0,0,1,1,1,6,0.1666666667,-0.073882238,-0.019030,0.779001,-0.070413592
220126,,,,,,,,,0,0,0,0,0,0,0,0,0,,,-0.019030,0.779001,
220135,0.852050219,-0.59450665,-1.47051838,,,,-1.114299637,-0.705902954,1,1,1,0,0,0,1,1,5,0.2,-0.60663548,-0.019030,0.779001,-0.754306875
220163,-0.9878033,0.1773003038,0.3790972656,0.1474669381,0.3612510396,-0.008901651,-0.105703392,-0.651976011,1,1,1,1,1,1,1,1,8,0.125,-0.086158601,-0.019030,0.779001,-0.086172711
220171,-0.06787654,-0.301002597,-0.10601972,-0.025070659,,0.1952015553,-0.444204871,0.2108550769,1,1,1,1,0,1,1,1,7,0.1428571429,-0.076873965,-0.019030,0.779001,-0.07425406
220175,-1.294445553,-0.287414447,-2.257333562,,,1.1916109066,-1.144235142,0.1569281339,1,1,1,0,0,1,1,1,6,0.1666666667,-0.605814944,-0.019030,0.779001,-0.753253556
220176,0.6987290924,0.1895296393,0.5008050606,0.7078797525,,0.0521686,-0.292224615,-0.166633524,1,1,1,1,0,1,1,1,7,0.1428571429,0.2414648579,-0.019030,0.779001,0.33439626
220177,,,,,,,,,0,0,0,0,0,0,0,0,0,,,-0.019030,0.779001,
221300,0.852050219,,,,,,,,1,0,0,0,0,0,0,0,1,1,0.852050219,-0.019030,0.779001,1.1182023345
221302,-0.06787654,,,,,,,,1,0,0,0,0,0,0,0,1,1,-0.06787654,-0.019030,0.779001,-0.062704101
221303,,,,,,,-0.605396052,,0,0,0,0,0,0,1,0,1,1,-0.605396052,-0.019030,0.779001,-0.752715826
230002,0.6987290924,-0.150174126,-0.255154624,-0.251108285,,-1.648155745,-0.508681344,1.289393937,1,1,1,1,0,1,1,1,7,0.1428571429,-0.117878728,-0.019030,0.779001,-0.126891716
230003,,,,,,,-0.550130504,0.2647820199,0,0,0,0,0,0,1,1,2,0.5,-0.142674242,-0.019030,0.779001,-0.158721622
230005,-0.9878033,,1.0287769037,,,,-1.637019609,0.4804897919,1,0,1,0,0,0,1,1,4,0.25,-0.278889053,-0.019030,0.779001,-0.33358005
230013,,,,,,,,,0,0,0,0,0,0,0,0,0,,,-0.019030,0.779001,
230015,-1.44776668,,,,,,1.0249376044,0.2108550769,1,0,0,0,0,0,1,1,3,0.3333333333,-0.070657999,-0.019030,0.779001,-0.066274649
230017,1.1586924721,-0.284696817,-0.119733275,-0.210983263,0.1749778234,-0.317467127,-0.112611585,-0.759829897,1,1,1,1,1,1,1,1,8,0.125,-0.058956459,-0.019030,0.779001,-0.051253426
230019,0.5454079659,0.0944125851,0.4853773119,-0.449058396,0.0735624056,0.6950133428,0.5597859115,1.5051017091,1,1,1,1,1,1,1,1,8,0.125,0.4387003544,-0.019030,0.779001,0.5875867066
230020,-0.06787654,-1.287502331,-0.03402356,-2.726822174,-2.025115831,-1.294591136,0.1038451431,0.2647820199,1,1,1,1,1,1,1,1,8,0.125,-0.883413051,-0.019030,0.779001,-1.109605176
230021,-0.834482173,0.2832878784,-1.120822743,0.1474669381,-1.518038742,0.5969795195,0.4814930522,0.3187089629,1,1,1,1,1,1,1,1,8,0.125,-0.205675913,-0.019030,0.779001,-0.239596625
230022,,,,-0.727258552,,,-1.754458897,0.1569281339,0,0,0,1,0,0,1,1,3,0.3333333333,-0.774929772,-0.019030,0.779001,-0.970345609
230024,,-2.089203216,0.6430831871,0.0030168571,,-0.764244223,0.1360833793,-2.269784301,0,1,1,1,0,1,1,1,6,0.1666666667,-0.723508053,-0.019030,0.779001,-0.904335746
230029,-0.681161047,0.7874082655,-0.328864979,0.8509923327,1.1084136071,0.6259075329,-1.056731358,-0.220560467,1,1,1,1,1,1,1,1,8,0.125,0.135675486,-0.019030,0.779001,0.198594851
230030,,,,0.1447919366,,,1.0249376044,0.4804897919,0,0,0,1,0,0,1,1,3,0.3333333333,0.550073111,-0.019030,0.779001,0.7305554849
230031,-0.221197667,,1.0287769037,,,,0.6472896953,0.80405145,1,0,1,0,0,0,1,1,4,0.25,0.5647300955,-0.019030,0.779001,0.7493705995
230035,,,,,,,0.3456319142,0.1569281339,0,0,0,0,0,0,1,1,2,0.5,0.251280024,-0.019030,0.779001,0.3469959509
230036,0.2387657127,-0.182785687,0.3928108199,,,,-0.204720831,-0.382341296,1,1,1,0,0,0,1,1,5,0.2,-0.027654256,-0.019030,0.779001,-0.01107091
230037,,,,,,,,-1.676587928,0,0,0,0,0,0,0,1,1,1,-1.676587928,-0.019030,0.779001,-2.127800709
230038,-1.601087806,0.3607403368,0.4596643975,0.1447919366,-0.651868287,-0.237111534,-0.078070618,-0.705902954,1,1,1,1,1,1,1,1,8,0.125,-0.288605566,-0.019030,0.779001,-0.3460531
230041,-0.52783992,0.4626514663,-1.021399474,1.149255,,0.6226933092,0.3318155273,0.6961975639,1,1,1,1,0,1,1,1,7,0.1428571429,0.2447676389,-0.019030,0.779001,0.3386360272
230046,-0.221197667,0.1188712562,-0.208871378,0.3895545739,1.1084136071,0.2819855955,-0.370517474,-0.490195182,1,1,1,1,1,1,1,1,8,0.125,0.0760054164,-0.019030,0.779001,0.1219966127
230047,-0.06787654,-1.002151168,0.9156400802,-0.311295819,,-0.685495742,0.3156964092,0.6422706209,1,1,1,1,0,1,1,1,7,0.1428571429,-0.027601737,-0.019030,0.779001,-0.011003491
230053,,-0.768434978,0.8830703886,-0.894446146,-1.011996505,0.333413175,0.1591106908,0.6422706209,0,1,1,1,1,1,1,1,7,0.1428571429,-0.093858965,-0.019030,0.779001,-0.096057639
230054,0.852050219,0.9776423739,-0.537996683,-2.023296779,,0.7641191526,0.1337806481,-1.35302627,1,1,1,1,0,1,1,1,7,0.1428571429,-0.169532477,-0.019030,0.779001,-0.193199435
230055,-0.06787654,,1.0287769037,,,,-0.462626721,-0.112706581,1,0,1,0,0,0,1,1,4,0.25,0.0963917654,-0.019030,0.779001,0.1481664904
230058,,,,,,,-0.955411187,0.3187089629,0,0,0,0,0,0,1,1,2,0.5,-0.318351112,-0.019030,0.779001,-0.384237343
230059,,0.1202300713,-0.219156544,-2.792359711,0.157385353,0.2080584501,0.3893838061,-0.651976011,0,1,1,1,1,1,1,1,7,0.1428571429,-0.398347798,-0.019030,0.779001,-0.48692878
23005F,,,,,,,,,0,0,0,0,0,0,0,0,0,,,-0.019030,0.779001,
230066,-1.294445553,-1.04563325,-1.100252412,-0.774071079,,0.5214452622,0.0785151004,-0.759829897,1,1,1,1,0,1,1,1,7,0.1428571429,-0.624895975,-0.019030,0.779001,-0.777747802
230069,,,,,,,-0.752770846,0.3726359059,0,0,0,0,0,0,1,1,2,0.5,-0.19006747,-0.019030,0.779001,-0.219560126
230070,0.6987290924,0.2330117212,-0.037451948,-0.610895987,,0.2128797857,-0.234656336,-1.137318498,1,1,1,1,0,1,1,1,7,0.1428571429,-0.12510031,-0.019030,0.779001,-0.136162033
230071,,,,,,,,,0,0,0,0,0,0,0,0,0,,,-0.019030,0.779001,
230072,0.852050219,,,1.149255,,,0.6265651149,-0.328414353,1,0,0,1,0,0,1,1,4,0.25,0.5748639952,-0.019030,0.779001,0.7623794474
230075,1.3120135987,-0.640706362,-0.184872658,0.1421169351,,-1.99850613,0.7094634364,-0.598049068,1,1,1,1,0,1,1,1,7,0.1428571429,-0.179791464,-0.019030,0.779001,-0.206368857
230077,,-2.331072296,-0.515712157,-0.289895807,,-1.276912906,0.3962919996,-0.382341296,0,1,1,1,0,1,1,1,6,0.1666666667,-0.733273744,-0.019030,0.779001,-0.916871926
230078,,,,,,,,,0,0,0,0,0,0,0,0,0,,,-0.019030,0.779001,
230080,0.852050219,,,,,,0.1383861104,0.3726359059,1,0,0,0,0,0,1,1,3,0.3333333333,0.4543574118,-0.019030,0.779001,0.6076856108
230081,-3.287620198,,,0.2344044869,,,1.0249376044,0.5344167349,1,0,0,1,0,0,1,1,4,0.25,-0.373465343,-0.019030,0.779001,-0.454987269
230085,,,,,,,,,0,0,0,0,0,0,0,0,0,,,-0.019030,0.779001,
230089,1.0053713456,0.6243504584,1.0287769037,-1.557846518,0.3736692541,0.4989456962,0.3295127961,0.5344167349,1,1,1,1,1,1,1,1,8,0.125,0.3546495838,-0.019030,0.779001,0.4796910564
230092,-0.221197667,0.6121211228,1.0287769037,-1.287671367,,1.1916109066,-0.38203113,1.289393937,1,1,1,1,0,1,1,1,7,0.1428571429,0.3187146723,-0.019030,0.779001,0.433561549
230093,,,,,,,-0.308343733,0.2108550769,0,0,0,0,0,0,1,1,2,0.5,-0.048744328,-0.019030,0.779001,-0.038144154
230095,,,,,,,1.0249376044,-0.544122125,0,0,0,0,0,0,1,1,2,0.5,0.2404077396,-0.019030,0.779001,0.3330392413
230097,-0.06787654,-1.007586428,0.1511094242,-1.404033932,0.8641887235,0.5375163808,0.7624262529,0.4804897919,1,1,1,1,1,1,1,1,8,0.125,0.0395292091,-0.019030,0.779001,0.075172246
230099,,-1.534806671,-0.436859219,-2.7736347,,1.1916109066,-0.464929452,-0.166633524,0,1,1,1,0,1,1,1,6,0.1666666667,-0.69754211,-0.019030,0.779001,-0.871003365
230100,,,,,,,,0.1569281339,0,0,0,0,0,0,0,1,1,1,0.1569281339,-0.019030,0.779001,0.2258767932
230104,,-0.847246251,0.115111344,-0.213658264,,-0.278896443,-0.119519779,-2.108003472,0,1,1,1,0,1,1,1,6,0.1666666667,-0.575368811,-0.019030,0.779001,-0.714169972
230105,-0.9878033,0.1446887423,0.5916573583,1.149255,,1.1916109066,-0.554735967,1.8286633671,1,1,1,1,0,1,1,1,7,0.1428571429,0.4804765868,-0.019030,0.779001,0.6412146951
230108,,,,,,,1.0249376044,0.1030011909,0,0,0,0,0,0,1,1,2,0.5,0.5639693976,-0.019030,0.779001,0.7483940946
230110,,,,,,,1.0249376044,0.4265628489,0,0,0,0,0,0,1,1,2,0.5,0.7257502267,-0.019030,0.779001,0.9560715212
230117,0.5454079659,0.6787030608,1.0287769037,0.7934798005,,-0.626032604,-0.006685952,-0.220560467,1,1,1,1,0,1,1,1,7,0.1428571429,0.3132983868,-0.019030,0.779001,0.4266086842
23011F,2.0786192316,0.9776423739,-0.040880337,,,,,0.5883436779,1,1,1,0,0,0,0,1,4,0.25,0.9009312366,-0.019030,0.779001,1.1809507084
230121,0.3920868393,,1.0287769037,-0.59752098,,,0.147597035,-0.598049068,1,0,1,1,0,0,1,1,5,0.2,0.074578146,-0.019030,0.779001,0.1201644312
23012F,,,,,,,,,0,0,0,0,0,0,0,0,0,,,-0.019030,0.779001,
230130,-0.06787654,-0.071362852,0.0653997094,0.2879045169,0.2629401755,0.1437739758,-0.220839949,-2.539419016,1,1,1,1,1,1,1,1,8,0.125,-0.267434998,-0.019030,0.779001,-0.318876523
230132,-0.374518794,0.7534378891,-0.315151424,0.7546922787,,0.2466291347,-0.057346038,0.4804897919,1,1,1,1,0,1,1,1,7,0.1428571429,0.2126046913,-0.019030,0.779001,0.2973485753
230133,,,,1.149255,,,-1.169565185,0.4265628489,0,0,0,1,0,0,1,1,3,0.3333333333,0.1354175548,-0.019030,0.779001,0.1982637458
230141,-0.06787654,-0.002063284,0.740792262,-0.814196101,,0.6323359804,0.5989323411,-0.759829897,1,1,1,1,0,1,1,1,7,0.1428571429,0.0468706801,-0.019030,0.779001,0.084596464
230142,-0.06787654,0.1664297833,0.3653837112,-0.128058216,,-2.515996147,0.2880636354,0.0490742479,1,1,1,1,0,1,1,1,7,0.1428571429,-0.26328279,-0.019030,0.779001,-0.313546349
230144,,,,,,,,0.1030011909,0,0,0,0,0,0,0,1,1,1,0.1030011909,-0.019030,0.779001,0.1566509843
230146,,-0.48716026,1.0287769037,0.4778296234,-0.236892955,-0.936205192,-0.190904444,0.5883436779,0,1,1,1,1,1,1,1,7,0.1428571429,0.0348267648,-0.019030,0.779001,0.0691357363
230151,-0.374518794,-0.979051312,-0.114590692,-2.551609576,,-1.183700418,-0.347490163,0.5344167349,1,1,1,1,0,1,1,1,7,0.1428571429,-0.716649174,-0.019030,0.779001,-0.89553103
230156,1.6186558519,-0.01157499,-0.145446189,-1.597971541,1.1084136071,-0.15514883,0.101542412,0.2647820199,1,1,1,1,1,1,1,1,8,0.125,0.1479065427,-0.019030,0.779001,0.2142958114
230165,0.0854445862,-0.852681511,0.451093426,-0.733946056,0.2701841339,-0.833350033,0.403200193,-0.436268239,1,1,1,1,1,1,1,1,8,0.125,-0.205790438,-0.019030,0.779001,-0.239743639
230167,-0.374518794,-1.000792353,0.2573894705,0.0953044089,0.2256855323,0.108417515,-0.434993947,-1.245172384,1,1,1,1,1,1,1,1,8,0.125,-0.296085069,-0.019030,0.779001,-0.355654509
230174,,,,,,,1.0249376044,0.0490742479,0,0,0,0,0,0,1,1,2,0.5,0.5370059261,-0.019030,0.779001,0.7137811901
230176,,0.4585750211,0.1665371728,-8.6573005,,-1.326733373,0.101542412,0.80405145,0,1,1,1,0,1,1,1,6,0.1666666667,-1.40888797,-0.019030,0.779001,-1.784155303
230180,,,,,,,,0.2108550769,0,0,0,0,0,0,0,1,1,1,0.2108550769,-0.019030,0.779001,0.2951026021
230193,0.0854445862,,-1.779073353,1.149255,,-0.179255507,0.2028625827,-0.058779638,1,0,1,1,0,1,1,1,6,0.1666666667,-0.096591055,-0.019030,0.779001,-0.099564812
230195,0.852050219,0.2656232826,-0.027166783,0.6262922067,0.3415888668,0.130917081,0.5160340195,-0.651976011,1,1,1,1,1,1,1,1,8,0.125,0.2566703602,-0.019030,0.779001,0.3539155047
230197,-0.681161047,-0.552383383,0.6310838271,0.1956169651,1.1084136071,-0.073186125,-0.271500035,-0.921610726,1,1,1,1,1,1,1,1,8,0.125,-0.070590865,-0.019030,0.779001,-0.066188468
230207,,-0.156968201,-0.176301686,-2.857897248,,1.1916109066,0.7232798233,0.1569281339,0,1,1,1,0,1,1,1,6,0.1666666667,-0.186558045,-0.019030,0.779001,-0.215055091
230208,,,,,,,1.0249376044,0.0490742479,0,0,0,0,0,0,1,1,2,0.5,0.5370059261,-0.019030,0.779001,0.7137811901
230216,0.5454079659,-0.348561124,0.5453741123,-0.019720656,,-0.068364789,-0.437296678,0.5344167349,1,1,1,1,0,1,1,1,7,0.1428571429,0.1073222237,-0.019030,0.779001,0.1621978775
230217,,,1.0287769037,1.149255,,,-1.597873179,-0.220560467,0,0,1,1,0,0,1,1,4,0.25,0.0898995644,-0.019030,0.779001,0.1398324769
230222,-0.06787654,-0.029239585,0.2899591622,-0.079908189,,-1.818509602,0.4101083865,-2.701199845,1,1,1,1,0,1,1,1,7,0.1428571429,-0.570952316,-0.019030,0.779001,-0.708500535
230227,,0.5360274795,-0.647705118,-3.043809852,,-0.431572069,0.6380787707,-0.166633524,0,1,1,1,0,1,1,1,6,0.1666666667,-0.519269052,-0.019030,0.779001,-0.642154928
230230,,0.3566638916,0.5110902263,-0.390208363,-0.140651793,0.4796603539,-0.471837645,-1.730514871,0,1,1,1,1,1,1,1,7,0.1428571429,-0.197971172,-0.019030,0.779001,-0.229706077
230236,1.4653347253,-1.435613172,-0.827695519,1.149255,,0.232165128,0.2327980877,-2.161930415,1,1,1,1,0,1,1,1,7,0.1428571429,-0.192240881,-0.019030,0.779001,-0.222350125
230239,-0.221197667,,,,,,-4.094033749,-0.651976011,1,0,0,0,0,0,1,1,3,0.3333333333,-1.655735809,-0.019030,0.779001,-2.101032923
230241,,,,,,,,0.2108550769,0,0,0,0,0,0,0,1,1,1,0.2108550769,-0.019030,0.779001,0.2951026021
230244,-0.374518794,0.9776423739,1.0287769037,,,0.0827037253,0.6956470495,1.127613108,1,1,1,0,0,1,1,1,6,0.1666666667,0.5896440611,-0.019030,0.779001,0.7813525611
230254,-0.9878033,0.1419711122,1.0287769037,-5.098211004,0.311578182,0.108417515,-0.091887005,0.3726359059,1,1,1,1,1,1,1,1,8,0.125,-0.526815211,-0.019030,0.779001,-0.651841903
230259,-1.44776668,,-4.936619246,0.0163918646,,,1.0249376044,-0.544122125,1,0,1,1,0,0,1,1,5,0.2,-1.177435716,-0.019030,0.779001,-1.487040938
230264,,,,,,,,0.0490742479,0,0,0,0,0,0,0,1,1,1,0.0490742479,-0.019030,0.779001,0.0874251755
230269,0.0854445862,-0.298284967,-0.512283768,-2.203859381,-3.442861977,-0.042651,-0.015896877,0.6961975639,1,1,1,1,1,1,1,1,8,0.125,-0.716774477,-0.019030,0.779001,-0.895691881
230270,,0.3403581109,-0.573994763,,,-1.156379516,-1.185684303,0.6961975639,0,1,1,0,0,1,1,1,5,0.2,-0.375900581,-0.019030,0.779001,-0.458113375
230273,,-1.071450736,0.4133811515,-0.739296059,,-0.222647528,0.327210065,-2.215857358,0,1,1,1,0,1,1,1,6,0.1666666667,-0.584776744,-0.019030,0.779001,-0.7262469
230275,,,,,,,,,0,0,0,0,0,0,0,0,0,,,-0.019030,0.779001,
230277,-0.52783992,0.1895296393,0.1973926702,0.3347170432,,-1.829759385,-1.390627375,0.6961975639,1,1,1,1,0,1,1,1,7,0.1428571429,-0.332912823,-0.019030,0.779001,-0.402930155
230279,,,,,,,1.0249376044,,0,0,0,0,0,0,1,0,1,1,1.0249376044,-0.019030,0.779001,1.3401372048
230297,,0.9776423739,-0.380290808,,,-0.331931134,-0.448810334,-1.029464612,0,1,1,0,0,1,1,1,5,0.2,-0.242570903,-0.019030,0.779001,-0.28695858
230301,,,,,,,,0.2108550769,0,0,0,0,0,0,0,1,1,1,0.2108550769,-0.019030,0.779001,0.2951026021
230302,,-0.5809185,1.0287769037,0.7814422937,1.1084136071,-0.253182653,0.3364209896,0.3726359059,0,1,1,1,1,1,1,1,7,0.1428571429,0.3990840782,-0.019030,0.779001,0.5367314456
230303,,,,,,,1.0249376044,0.2647820199,0,0,0,0,0,0,1,1,2,0.5,0.6448598121,-0.019030,0.779001,0.8522328079
23037F,-0.52783992,0.9776423739,-0.687131587,,,,,1.073686165,1,1,1,0,0,0,0,1,4,0.25,0.2090892581,-0.019030,0.779001,0.2928358273
231300,,,,,,,,,0,0,0,0,0,0,0,0,0,,,-0.019030,0.779001,
231301,,,,,,,,,0,0,0,0,0,0,0,0,0,,,-0.019030,0.779001,
231303,,,,,,,,,0,0,0,0,0,0,0,0,0,,,-0.019030,0.779001,
231304,,,,,,,,,0,0,0,0,0,0,0,0,0,,,-0.019030,0.779001,
231305,,,,,,,,,0,0,0,0,0,0,0,0,0,,,-0.019030,0.779001,
231306,,,,,,,,,0,0,0,0,0,0,0,0,0,,,-0.019030,0.779001,
231307,,,,,,,,,0,0,0,0,0,0,0,0,0,,,-0.019030,0.779001,
231308,,,,,,,,,0,0,0,0,0,0,0,0,0,,,-0.019030,0.779001,
231310,0.0854445862,,,,,,,,1,0,0,0,0,0,0,0,1,1,0.0854445862,-0.019030,0.779001,0.1341136386
231311,,,,,,,,,0,0,0,0,0,0,0,0,0,,,-0.019030,0.779001,
231312,,,,,,,,,0,0,0,0,0,0,0,0,0,,,-0.019030,0.779001,
231313,,,,,,,,,0,0,0,0,0,0,0,0,0,,,-0.019030,0.779001,
231314,,,,,,,,,0,0,0,0,0,0,0,0,0,,,-0.019030,0.779001,
231315,,,,,,,,,0,0,0,0,0,0,0,0,0,,,-0.019030,0.779001,
231316,,,,,,,1.0249376044,,0,0,0,0,0,0,1,0,1,1,1.0249376044,-0.019030,0.779001,1.3401372048
231318,,,,,,,,,0,0,0,0,0,0,0,0,0,,,-0.019030,0.779001,
231319,,,,,,,,,0,0,0,0,0,0,0,0,0,,,-0.019030,0.779001,
231320,,,,,,,,,0,0,0,0,0,0,0,0,0,,,-0.019030,0.779001,
231321,-0.9878033,,,,,,1.0249376044,,1,0,0,0,0,0,1,0,2,0.5,0.0185671523,-0.019030,0.779001,0.0482633345
231322,0.2387657127,,,,,,,,1,0,0,0,0,0,0,0,1,1,0.2387657127,-0.019030,0.779001,0.3309313777
231323,,,,,,,,,0,0,0,0,0,0,0,0,0,,,-0.019030,0.779001,
231324,,,,,,,,,0,0,0,0,0,0,0,0,0,,,-0.019030,0.779001,
231325,,,,,,,,,0,0,0,0,0,0,0,0,0,,,-0.019030,0.779001,
231326,,,,,,,-0.867907403,,0,0,0,0,0,0,1,0,1,1,-0.867907403,-0.019030,0.779001,-1.089700636
231327,,,,,,,-0.460323989,,0,0,0,0,0,0,1,0,1,1,-0.460323989,-0.019030,0.779001,-0.566487378
231328,,,,,,,,,0,0,0,0,0,0,0,0,0,,,-0.019030,0.779001,
231329,,,,,,,,,0,0,0,0,0,0,0,0,0,,,-0.019030,0.779001,
231330,,,,,,,,,0,0,0,0,0,0,0,0,0,,,-0.019030,0.779001,
231331,,,,,,,1.0249376044,,0,0,0,0,0,0,1,0,1,1,1.0249376044,-0.019030,0.779001,1.3401372048
231332,,,,,,,,,0,0,0,0,0,0,0,0,0,,,-0.019030,0.779001,
231333,,,,,,,,,0,0,0,0,0,0,0,0,0,,,-0.019030,0.779001,
231337,,,,,,,0.2304953566,,0,0,0,0,0,0,1,0,1,1,0.2304953566,-0.019030,0.779001,0.3203147534
231338,,,,,,,1.0249376044,,0,0,0,0,0,0,1,0,1,1,1.0249376044,-0.019030,0.779001,1.3401372048
231339,,,,,,,-0.722835341,,0,0,0,0,0,0,1,0,1,1,-0.722835341,-0.019030,0.779001,-0.903472188
231340,,,,,,,,,0,0,0,0,0,0,0,0,0,,,-0.019030,0.779001,
240001,,0.1188712562,-0.724843861,-0.693821034,,0.9473299043,0.2212844319,-0.27448741,0,1,1,1,0,1,1,1,6,0.1666666667,-0.067611119,-0.019030,0.779001,-0.06236338
240002,,0.7534378891,-0.50885538,0.1153669201,-0.583568107,0.8267965151,0.2351008189,0.750124507,0,1,1,1,1,1,1,1,7,0.1428571429,0.2269147376,-0.019030,0.779001,0.3157183266
240004,,-0.122997824,0.4562360089,-0.459758402,,-0.82210025,0.3801728815,-0.112706581,0,1,1,1,0,1,1,1,6,0.1666666667,-0.113525695,-0.019030,0.779001,-0.121303744
240006,0.3920868393,,,,,,-0.423480291,-0.651976011,1,0,0,0,0,0,1,1,3,0.3333333333,-0.227789821,-0.019030,0.779001,-0.267984162
240010,0.5454079659,0.3987871585,-0.047737114,0.3347170432,-0.591846917,0.4410896694,-0.384333861,1.397247823,1,1,1,1,1,1,1,1,8,0.125,0.2616664709,-0.019030,0.779001,0.3603289928
240014,,,,,,,-2.15973958,0.2647820199,0,0,0,0,0,0,1,1,2,0.5,-0.94747878,-0.019030,0.779001,-1.191846106
240018,-1.141124426,,,,,,-0.131033434,0.2108550769,1,0,0,0,0,0,1,1,3,0.3333333333,-0.353767595,-0.019030,0.779001,-0.429701345
240019,,0.1922472694,,,,1.1916109066,-0.778100889,0.6422706209,0,1,0,0,0,1,1,1,4,0.25,0.3120069771,-0.019030,0.779001,0.4249509065
240020,0.3920868393,,,,,,0.2535226681,0.2108550769,1,0,0,0,0,0,1,1,3,0.3333333333,0.2854881948,-0.019030,0.779001,0.3909088478
240022,,,,,,,-2.735422369,0.1569281339,0,0,0,0,0,0,1,1,2,0.5,-1.289247117,-0.019030,0.779001,-1.630572803
24002F,,,,,,,,,0,0,0,0,0,0,0,0,0,,,-0.019030,0.779001,
240030,0.852050219,,1.0287769037,,,,0.0992396808,0.3187089629,1,0,1,0,0,0,1,1,4,0.25,0.5746939416,-0.019030,0.779001,0.7621611503
240036,0.6987290924,-0.13250953,0.3465275739,-0.251108285,-0.838141503,0.7432266985,-0.976135768,1.6129555951,1,1,1,1,1,1,1,1,8,0.125,0.1504429843,-0.019030,0.779001,0.2175518317
240038,1.3120135987,0.5876624518,0.2608178591,-0.566758462,-0.423166171,0.0119908036,0.0255522839,0.2108550769,1,1,1,1,1,1,1,1,8,0.125,0.1773709301,-0.019030,0.779001,0.2521191319
24003F,1.6186558519,0.9776423739,-0.664847061,,,,,-0.651976011,1,1,1,0,0,0,0,1,4,0.25,0.3198687884,-0.019030,0.779001,0.4350430834
240040,,,,,,,1.0249376044,0.3187089629,0,0,0,0,0,0,1,1,2,0.5,0.6718232836,-0.019030,0.779001,0.8868457123
240043,-0.374518794,,1.0287769037,,,,0.5160340195,0.5883436779,1,0,1,0,0,0,1,1,4,0.25,0.4396589519,-0.019030,0.779001,0.5888172546
240044,,,,,,,-3.435452639,-0.058779638,0,0,0,0,0,0,1,1,2,0.5,-1.747116139,-0.019030,0.779001,-2.2183375
240047,1.0053713456,0.2642644676,-0.064879057,0.4390421017,,0.6467999871,-1.162656991,0.1030011909,1,1,1,1,0,1,1,1,7,0.1428571429,0.1758490064,-0.019030,0.779001,0.2501654443
240050,,,,,,,1.0249376044,0.1030011909,0,0,0,0,0,0,1,1,2,0.5,0.5639693976,-0.019030,0.779001,0.7483940946
240052,-1.294445553,,,,,,-1.544910363,0.6422706209,1,0,0,0,0,0,1,1,3,0.3333333333,-0.732361765,-0.019030,0.779001,-0.915701222
240053,0.2387657127,0.5971741572,0.2865307736,0.3587920567,-0.645659179,1.1916109066,0.2512199369,1.127613108,1,1,1,1,1,1,1,1,8,0.125,0.425755934,-0.019030,0.779001,0.5709700041
240056,1.925298105,,-1.763645604,-0.75935857,,1.1916109066,-2.060722141,0.4265628489,1,0,1,1,0,1,1,1,6,0.1666666667,-0.173375743,-0.019030,0.779001,-0.19813302
240057,1.6186558519,-0.093103893,-0.467714717,-0.280533302,-1.3959263,0.4443038931,0.3548428388,0.3726359059,1,1,1,1,1,1,1,1,8,0.125,0.0691450347,-0.019030,0.779001,0.1131899672
240064,,,,,,,1.0249376044,-0.544122125,0,0,0,0,0,0,1,1,2,0.5,0.2404077396,-0.019030,0.779001,0.3330392413
240066,-0.834482173,,-0.181444269,1.149255,,,-0.280710959,0.2108550769,1,0,1,1,0,0,1,1,5,0.2,0.012694535,-0.019030,0.779001,0.0407246783
240069,-0.681161047,,,,,,-2.55811207,0.2108550769,1,0,0,0,0,0,1,1,3,0.3333333333,-1.00947268,-0.019030,0.779001,-1.271427436
240071,,,,,,,,0.1030011909,0,0,0,0,0,0,0,1,1,1,0.1030011909,-0.019030,0.779001,0.1566509843
240075,,0.9776423739,1.0287769037,1.149255,,,0.4262275046,-1.299099327,0,1,1,1,0,0,1,1,5,0.2,0.456560491,-0.019030,0.779001,0.6105136951
240076,1.1586924721,,,,,,1.0249376044,0.4265628489,1,0,0,0,0,0,1,1,3,0.3333333333,0.8700643085,-0.019030,0.779001,1.1413269518
240078,0.0854445862,0.0971302152,-1.285385396,0.5714546759,-0.324855307,0.4796603539,-0.172482595,1.397247823,1,1,1,1,1,1,1,1,8,0.125,0.1060267945,-0.019030,0.779001,0.1605349401
240080,-4.054225831,-0.367584535,-0.513997963,-0.067870683,0.4254118141,-0.018544322,0.0255522839,0.857978393,1,1,1,1,1,1,1,1,8,0.125,-0.464160105,-0.019030,0.779001,-0.571411785
240084,,,,1.149255,,,1.0249376044,-0.220560467,0,0,0,1,0,0,1,1,3,0.3333333333,0.6512107124,-0.019030,0.779001,0.8603854341
240088,,,,,,,-1.070547745,-0.166633524,0,0,0,0,0,0,1,1,2,0.5,-0.618590635,-0.019030,0.779001,-0.769653661
240093,0.2387657127,-1.033403914,0.6447973814,0.0404668781,,1.1916109066,-0.204720831,0.6961975639,1,1,1,1,0,1,1,1,7,0.1428571429,0.2248162424,-0.019030,0.779001,0.3130244965
240100,,-0.105333229,-3.362988883,0.1033294134,,-0.319074239,-0.596185127,0.1030011909,0,1,1,1,0,1,1,1,6,0.1666666667,-0.696208479,-0.019030,0.779001,-0.869291388
240101,,,,,,,1.0249376044,0.3726359059,0,0,0,0,0,0,1,1,2,0.5,0.6987867551,-0.019030,0.779001,0.9214586167
240104,-0.221197667,-0.004780914,-1.336811225,-0.194933254,,,0.2949718288,-0.004852695,1,1,1,1,0,0,1,1,6,0.1666666667,-0.244600654,-0.019030,0.779001,-0.289564165
240106,0.852050219,-0.265673406,0.3242430481,0.2210294794,1.1084136071,0.1518095351,0.327210065,0.6422706209,1,1,1,1,1,1,1,1,8,0.125,0.4201691461,-0.019030,0.779001,0.563798266
240115,-0.374518794,-0.029239585,0.1288248983,0.4336920987,-2.67914179,0.5696586179,0.161413422,1.127613108,1,1,1,1,1,1,1,1,8,0.125,-0.082712253,-0.019030,0.779001,-0.081748648
240141,,,,,,,1.0249376044,0.2647820199,0,0,0,0,0,0,1,1,2,0.5,0.6448598121,-0.019030,0.779001,0.8522328079
240166,,,,,,,-0.586974203,0.3187089629,0,0,0,0,0,0,1,1,2,0.5,-0.13413262,-0.019030,0.779001,-0.147756775
240187,,,,,,,1.0249376044,0.2108550769,0,0,0,0,0,0,1,1,2,0.5,0.6178963406,-0.019030,0.779001,0.8176199034
240206,,,,,,,,,0,0,0,0,0,0,0,0,0,,,-0.019030,0.779001,
240207,,0.9776423739,0.0842558466,-0.40224587,,1.1916109066,-0.209326294,1.289393937,0,1,1,1,0,1,1,1,6,0.1666666667,0.48855515,-0.019030,0.779001,0.6515851156
240210,,0.8023552312,-0.328864979,0.2838920147,,1.1916109066,0.493006708,0.965832279,0,1,1,1,0,1,1,1,6,0.1666666667,0.5679720268,-0.019030,0.779001,0.7535322542
240213,0.3920868393,0.9776423739,-2.646455667,,,1.1916109066,0.4008974619,1.181540051,1,1,1,0,0,1,1,1,6,0.1666666667,0.249553661,-0.019030,0.779001,0.3447798253
240214,,0.1908884544,-0.030595171,-1.053608736,,0.2819855955,0.3548428388,0.6961975639,0,1,1,1,0,1,1,1,6,0.1666666667,0.073285091,-0.019030,0.779001,0.1185045415
241301,,,,,,,,,0,0,0,0,0,0,0,0,0,,,-0.019030,0.779001,
241302,,,,,,,,,0,0,0,0,0,0,0,0,0,,,-0.019030,0.779001,
241303,,,,,,,,,0,0,0,0,0,0,0,0,0,,,-0.019030,0.779001,
241304,,,,,,,,,0,0,0,0,0,0,0,0,0,,,-0.019030,0.779001,
241305,,,,,,,,,0,0,0,0,0,0,0,0,0,,,-0.019030,0.779001,
241306,-1.141124426,,,,,,,,1,0,0,0,0,0,0,0,1,1,-1.141124426,-0.019030,0.779001,-1.440428275
241308,,,,,,,,,0,0,0,0,0,0,0,0,0,,,-0.019030,0.779001,
241309,,,,,,,,,0,0,0,0,0,0,0,0,0,,,-0.019030,0.779001,
241311,,,,,,,,,0,0,0,0,0,0,0,0,0,,,-0.019030,0.779001,
241312,,,,,,,,,0,0,0,0,0,0,0,0,0,,,-0.019030,0.779001,
241313,,,,,,,,,0,0,0,0,0,0,0,0,0,,,-0.019030,0.779001,
241314,,,,,,,,,0,0,0,0,0,0,0,0,0,,,-0.019030,0.779001,
241315,,,,,,,,,0,0,0,0,0,0,0,0,0,,,-0.019030,0.779001,
241316,,,,,,,,,0,0,0,0,0,0,0,0,0,,,-0.019030,0.779001,
241317,,,,,,,,,0,0,0,0,0,0,0,0,0,,,-0.019030,0.779001,
241318,,,,,,,,,0,0,0,0,0,0,0,0,0,,,-0.019030,0.779001,
241319,,,,,,,,,0,0,0,0,0,0,0,0,0,,,-0.019030,0.779001,
241320,,,,,,,,,0,0,0,0,0,0,0,0,0,,,-0.019030,0.779001,
241321,,,,,,,,,0,0,0,0,0,0,0,0,0,,,-0.019030,0.779001,
241322,,,1.0287769037,,,,1.0249376044,,0,0,1,0,0,0,1,0,2,0.5,1.0268572541,-0.019030,0.779001,1.3426014517
241323,,,,,,,,,0,0,0,0,0,0,0,0,0,,,-0.019030,0.779001,
241325,,,,,,,,,0,0,0,0,0,0,0,0,0,,,-0.019030,0.779001,
241326,,,,,,,-1.038309509,,0,0,0,0,0,0,1,0,1,1,-1.038309509,-0.019030,0.779001,-1.308445162
241327,,,,,,,,,0,0,0,0,0,0,0,0,0,,,-0.019030,0.779001,
241328,,,,,,,,,0,0,0,0,0,0,0,0,0,,,-0.019030,0.779001,
241329,,,,,,,1.0249376044,,0,0,0,0,0,0,1,0,1,1,1.0249376044,-0.019030,0.779001,1.3401372048
241330,,,,,,,,,0,0,0,0,0,0,0,0,0,,,-0.019030,0.779001,
241332,0.2387657127,,,,,,,,1,0,0,0,0,0,0,0,1,1,0.2387657127,-0.019030,0.779001,0.3309313777
241333,,,,,,,-1.065942283,,0,0,0,0,0,0,1,0,1,1,-1.065942283,-0.019030,0.779001,-1.343917247
241334,0.852050219,,,,,,,,1,0,0,0,0,0,0,0,1,1,0.852050219,-0.019030,0.779001,1.1182023345
241335,,,,,,,,,0,0,0,0,0,0,0,0,0,,,-0.019030,0.779001,
241336,,,,,,,,,0,0,0,0,0,0,0,0,0,,,-0.019030,0.779001,
241337,,,,,,,,,0,0,0,0,0,0,0,0,0,,,-0.019030,0.779001,
241338,,,,,,,,,0,0,0,0,0,0,0,0,0,,,-0.019030,0.779001,
241339,,,,,,,,,0,0,0,0,0,0,0,0,0,,,-0.019030,0.779001,
241340,,,,,,,,,0,0,0,0,0,0,0,0,0,,,-0.019030,0.779001,
241341,,,,,,,,,0,0,0,0,0,0,0,0,0,,,-0.019030,0.779001,
241342,,,,,,,,,0,0,0,0,0,0,0,0,0,,,-0.019030,0.779001,
241343,,,,,,,,,0,0,0,0,0,0,0,0,0,,,-0.019030,0.779001,
241344,,,,,,,,,0,0,0,0,0,0,0,0,0,,,-0.019030,0.779001,
241345,,,,,,,1.0249376044,,0,0,0,0,0,0,1,0,1,1,1.0249376044,-0.019030,0.779001,1.3401372048
241346,,,,,,,,,0,0,0,0,0,0,0,0,0,,,-0.019030,0.779001,
241347,,,,,,,,,0,0,0,0,0,0,0,0,0,,,-0.019030,0.779001,
241348,,,,,,,,,0,0,0,0,0,0,0,0,0,,,-0.019030,0.779001,
241349,,,,,,,,,0,0,0,0,0,0,0,0,0,,,-0.019030,0.779001,
241350,,,,,,,,,0,0,0,0,0,0,0,0,0,,,-0.019030,0.779001,
241351,0.5454079659,,,,,,,,1,0,0,0,0,0,0,0,1,1,0.5454079659,-0.019030,0.779001,0.7245668561
241353,1.0053713456,,,,,,1.0249376044,,1,0,0,0,0,0,1,0,2,0.5,1.015154475,-0.019030,0.779001,1.3275786393
241354,0.2387657127,,,,,,-2.650221316,,1,0,0,0,0,0,1,0,2,0.5,-1.205727802,-0.019030,0.779001,-1.523359379
241355,,,,,,,,,0,0,0,0,0,0,0,0,0,,,-0.019030,0.779001,
241356,,,,,,,,,0,0,0,0,0,0,0,0,0,,,-0.019030,0.779001,
241357,,,,,,,,,0,0,0,0,0,0,0,0,0,,,-0.019030,0.779001,
241358,,,,,,,,,0,0,0,0,0,0,0,0,0,,,-0.019030,0.779001,
241359,1.0053713456,,,,,,-0.550130504,,1,0,0,0,0,0,1,0,2,0.5,0.2276204206,-0.019030,0.779001,0.3166242092
241360,,,,,,,,,0,0,0,0,0,0,0,0,0,,,-0.019030,0.779001,
241361,,,1.0287769037,,,,-0.170179864,,0,0,1,0,0,0,1,0,2,0.5,0.4292985198,-0.019030,0.779001,0.5755176078
241362,,,,,,,1.0249376044,,0,0,0,0,0,0,1,0,1,1,1.0249376044,-0.019030,0.779001,1.3401372048
241363,0.2387657127,,,,,,,,1,0,0,0,0,0,0,0,1,1,0.2387657127,-0.019030,0.779001,0.3309313777
241364,0.2387657127,,,,,,-3.304196964,,1,0,0,0,0,0,1,0,2,0.5,-1.532715625,-0.019030,0.779001,-1.943112388
241365,,,,,,,,,0,0,0,0,0,0,0,0,0,,,-0.019030,0.779001,
241366,,,,,,,,,0,0,0,0,0,0,0,0,0,,,-0.019030,0.779001,
241367,-0.221197667,,,,,,-3.212087717,,1,0,0,0,0,0,1,0,2,0.5,-1.716642692,-0.019030,0.779001,-2.179218854
241368,,,,,,,,,0,0,0,0,0,0,0,0,0,,,-0.019030,0.779001,
241369,1.0053713456,,,,,,,,1,0,0,0,0,0,0,0,1,1,1.0053713456,-0.019030,0.779001,1.3150200737
241370,0.852050219,,,,,,,,1,0,0,0,0,0,0,0,1,1,0.852050219,-0.019030,0.779001,1.1182023345
241371,,,,,,,,,0,0,0,0,0,0,0,0,0,,,-0.019030,0.779001,
241372,,,,,,,,,0,0,0,0,0,0,0,0,0,,,-0.019030,0.779001,
241373,,,,,,,1.0249376044,,0,0,0,0,0,0,1,0,1,1,1.0249376044,-0.019030,0.779001,1.3401372048
241374,,,,,,,,,0,0,0,0,0,0,0,0,0,,,-0.019030,0.779001,
241375,,,,,,,,,0,0,0,0,0,0,0,0,0,,,-0.019030,0.779001,
241376,,,,,,,,,0,0,0,0,0,0,0,0,0,,,-0.019030,0.779001,
241377,,,,,,,,,0,0,0,0,0,0,0,0,0,,,-0.019030,0.779001,
241378,0.6987290924,,,,,,1.0249376044,,1,0,0,0,0,0,1,0,2,0.5,0.8618333484,-0.019030,0.779001,1.1307609001
241379,,,,,,,,,0,0,0,0,0,0,0,0,0,,,-0.019030,0.779001,
241380,,,,,,,,,0,0,0,0,0,0,0,0,0,,,-0.019030,0.779001,
241381,,,1.0287769037,,,,,,0,0,1,0,0,0,0,0,1,1,1.0287769037,-0.019030,0.779001,1.3450656985
250001,0.6987290924,0.0631598388,0.0259732406,-0.489183419,-1.838842615,-0.491035208,0.5736022984,-0.598049068,1,1,1,1,1,1,1,1,8,0.125,-0.25695573,-0.019030,0.779001,-0.305424327
250002,,,,,,,1.0249376044,,0,0,0,0,0,0,1,0,1,1,1.0249376044,-0.019030,0.779001,1.3401372048
250004,-0.374518794,-0.057774702,-0.364863059,-1.815984163,,0.4394825575,0.4423466226,-0.112706581,1,1,1,1,0,1,1,1,7,0.1428571429,-0.26343116,-0.019030,0.779001,-0.313736812
250006,,,,,,,-1.369902795,-0.004852695,0,0,0,0,0,0,1,1,2,0.5,-0.687377745,-0.019030,0.779001,-0.857955409
250007,,,1.0287769037,,,,1.0249376044,-1.083391555,0,0,1,0,0,0,1,1,3,0.3333333333,0.3234409843,-0.019030,0.779001,0.4396286975
250009,-0.52783992,-0.587712575,0.4596643975,-0.700508537,,1.1916109066,-0.131033434,0.5883436779,1,1,1,1,0,1,1,1,7,0.1428571429,0.0417892164,-0.019030,0.779001,0.0780734087
250017,,,,,,,,,0,0,0,0,0,0,0,0,0,,,-0.019030,0.779001,
250018,,,,,,,,,0,0,0,0,0,0,0,0,0,,,-0.019030,0.779001,
250019,0.852050219,0.2995936591,-0.11801908,0.8456423297,-0.77501558,0.5359092689,0.628867846,-1.676587928,1,1,1,1,1,1,1,1,8,0.125,0.0740550918,-0.019030,0.779001,0.1194929886
250020,,,,,,,-0.88172379,,0,0,0,0,0,0,1,0,1,1,-0.88172379,-0.019030,0.779001,-1.107436678
250025,,,-0.443715997,0.2223669801,,,0.6012350722,0.6422706209,0,0,1,1,0,0,1,1,4,0.25,0.2555391692,-0.019030,0.779001,0.3524633992
250027,,,,,,,,,0,0,0,0,0,0,0,0,0,,,-0.019030,0.779001,
250031,,-0.93013397,-0.080306806,,,-0.801207796,1.0249376044,-0.058779638,0,1,1,0,0,1,1,1,5,0.2,-0.169098121,-0.019030,0.779001,-0.192641854
250034,,-0.13250953,1.0287769037,-0.792796089,,-1.914936313,0.7094634364,-0.382341296,0,1,1,1,0,1,1,1,6,0.1666666667,-0.247390481,-0.019030,0.779001,-0.293145455
250036,,,,,,,1.0249376044,0.2108550769,0,0,0,0,0,0,1,1,2,0.5,0.6178963406,-0.019030,0.779001,0.8176199034
250038,,,1.0287769037,,,,-0.08267608,0.2108550769,0,0,1,0,0,0,1,1,3,0.3333333333,0.3856519668,-0.019030,0.779001,0.5194886959
250040,-0.06787654,0.5387451096,-0.227727515,0.9633423957,0.1408277337,0.2305580161,0.0347632085,-2.054076529,1,1,1,1,1,1,1,1,8,0.125,-0.055180515,-0.019030,0.779001,-0.046406262
250042,,,,,,,,0.6422706209,0,0,0,0,0,0,0,1,1,1,0.6422706209,-0.019030,0.779001,0.8489090731
250043,,,,,,,,0.1030011909,0,0,0,0,0,0,0,1,1,1,0.1030011909,-0.019030,0.779001,0.1566509843
250044,,,,,,,1.0249376044,0.1569281339,0,0,0,0,0,0,1,1,2,0.5,0.5909328691,-0.019030,0.779001,0.783006999
250048,0.6987290924,-0.029239585,0.2539610819,0.3213420357,-1.312103353,-0.818886026,0.5712995672,0.2108550769,1,1,1,1,1,1,1,1,8,0.125,-0.013005264,-0.019030,0.779001,0.0077339456
250049,,,,,,,,,0,0,0,0,0,0,0,0,0,,,-0.019030,0.779001,
250050,,,,,,,-0.835669167,-0.328414353,0,0,0,0,0,0,1,1,2,0.5,-0.58204176,-0.019030,0.779001,-0.722736012
250057,,,1.0287769037,,,,-0.74125719,-0.382341296,0,0,1,0,0,0,1,1,3,0.3333333333,-0.031607194,-0.019030,0.779001,-0.016145281
250058,1.0053713456,-0.101256783,-0.05802228,,1.1084136071,-0.534427228,0.0554877889,-2.647272902,1,1,1,0,1,1,1,1,7,0.1428571429,-0.167386636,-0.019030,0.779001,-0.190444827
250061,,,,,,,,,0,0,0,0,0,0,0,0,0,,,-0.019030,0.779001,
250067,,,,,,,-0.055043306,0.3187089629,0,0,0,0,0,0,1,1,2,0.5,0.1318328282,-0.019030,0.779001,0.1936620461
250069,1.0053713456,-1.988650901,1.0287769037,1.149255,,,0.0048277035,-0.436268239,1,1,1,1,0,0,1,1,6,0.1666666667,0.1272186354,-0.019030,0.779001,0.1877388245
250072,,,1.0287769037,,,-0.113363921,1.0249376044,0.3726359059,0,0,1,0,0,1,1,1,4,0.25,0.5782466232,-0.019030,0.779001,0.766721714
250077,,,1.0287769037,,,,-0.734348997,0.2108550769,0,0,1,0,0,0,1,1,3,0.3333333333,0.1684276613,-0.019030,0.779001,0.2406386923
250078,0.3920868393,0.3050289194,0.1682513671,-0.240408279,0.3705647005,-0.764244223,-0.045832382,-0.81375684,1,1,1,1,1,1,1,1,8,0.125,-0.078538737,-0.019030,0.779001,-0.076391122
250081,,,,,,,1.0249376044,,0,0,0,0,0,0,1,0,1,1,1.0249376044,-0.019030,0.779001,1.3401372048
250082,,0.9776423739,1.0287769037,,,,1.0249376044,-0.867683783,0,1,1,0,0,0,1,1,4,0.25,0.5409182747,-0.019030,0.779001,0.7188034569
250084,,,,1.149255,,,-1.114299637,-0.27448741,0,0,0,1,0,0,1,1,3,0.3333333333,-0.079844016,-0.019030,0.779001,-0.078066703
250085,,,,,,,-0.932383876,,0,0,0,0,0,0,1,0,1,1,-0.932383876,-0.019030,0.779001,-1.172468835
250093,,,1.0287769037,,,,-4.706560236,1.019759222,0,0,1,0,0,0,1,1,3,0.3333333333,-0.886008037,-0.019030,0.779001,-1.112936349
250094,0.5454079659,-0.59450665,-2.67559697,0.4938796324,,-0.630853939,0.4354384292,0.0490742479,1,1,1,1,0,1,1,1,7,0.1428571429,-0.339593898,-0.019030,0.779001,-0.411506625
250095,,,,,,,,,0,0,0,0,0,0,0,0,0,,,-0.019030,0.779001,
250096,,,,,,,-0.349792894,0.1569281339,0,0,0,0,0,0,1,1,2,0.5,-0.09643238,-0.019030,0.779001,-0.099361122
250097,,-2.896339361,1.0287769037,0.0685543939,,1.1916109066,-0.508681344,-0.220560467,0,1,1,1,0,1,1,1,6,0.1666666667,-0.222773161,-0.019030,0.779001,-0.261544296
250099,-0.681161047,,,,,,-1.595570448,-1.946222643,1,0,0,0,0,0,1,1,3,0.3333333333,-1.407651379,-0.019030,0.779001,-1.782567897
250100,-0.374518794,-0.492595521,0.3310998253,0.3989170792,0.491642291,1.1916109066,0.2558253992,-0.112706581,1,1,1,1,1,1,1,1,8,0.125,0.2111593257,-0.019030,0.779001,0.2954931652
250102,1.0053713456,-0.798328909,-0.183158464,-1.27563386,-1.518038742,0.1566308707,-0.428085753,-11.32951073,1,1,1,1,1,1,1,1,8,0.125,-1.79634428,-0.019030,0.779001,-2.281531475
250104,-0.06787654,-3.552647035,-0.363148865,0.6757797345,,-2.416355212,-0.554735967,0.6961975639,1,1,1,1,0,1,1,1,7,0.1428571429,-0.797540903,-0.019030,0.779001,-0.99937143
250117,,,-1.393379637,,,,-1.169565185,0.3187089629,0,0,1,0,0,0,1,1,3,0.3333333333,-0.748078619,-0.019030,0.779001,-0.935876888
250123,,-2.124532407,1.0287769037,0.0150543639,,,-0.038924188,0.5883436779,0,1,1,1,0,0,1,1,5,0.2,-0.10625633,-0.019030,0.779001,-0.111972089
250124,,,,,,,-0.946200263,,0,0,0,0,0,0,1,0,1,1,-0.946200263,-0.019030,0.779001,-1.190204877
250127,,,,,,,,,0,0,0,0,0,0,0,0,0,,,-0.019030,0.779001,
250134,,,,,,,,,0,0,0,0,0,0,0,0,0,,,-0.019030,0.779001,
250136,,,,,,,,,0,0,0,0,0,0,0,0,0,,,-0.019030,0.779001,
250138,0.5454079659,-0.218114879,-1.083110469,1.149255,,,-0.105703392,0.911905336,1,1,1,1,0,0,1,1,6,0.1666666667,0.1999399271,-0.019030,0.779001,0.2810908664
250141,,-0.373019795,-0.102591332,-0.879733638,,0.8846525419,0.3479346454,-1.299099327,0,1,1,1,0,1,1,1,6,0.1666666667,-0.236976151,-0.019030,0.779001,-0.279776619
250151,,,,,,,1.0249376044,,0,0,0,0,0,0,1,0,1,1,1.0249376044,-0.019030,0.779001,1.3401372048
250162,,,,,,,-0.133336166,0.3726359059,0,0,0,0,0,0,1,1,2,0.5,0.1196498701,-0.019030,0.779001,0.1780228297
250167,,0.9776423739,1.0287769037,,,,0.6173541903,0.6422706209,0,1,1,0,0,0,1,1,4,0.25,0.8165110222,-0.019030,0.779001,1.0725808046
250168,,,,,,,-2.01927298,0.4265628489,0,0,0,0,0,0,1,1,2,0.5,-0.796355066,-0.019030,0.779001,-0.997849175
250172,,,,,,,,,0,0,0,0,0,0,0,0,0,,,-0.019030,0.779001,
25042F,,,,,,,,0.6961975639,0,0,0,0,0,0,0,1,1,1,0.6961975639,-0.019030,0.779001,0.918134882
25043F,,-2.314766516,1.0287769037,,,,,-0.759829897,0,1,1,0,0,0,0,1,3,0.3333333333,-0.681939836,-0.019030,0.779001,-0.850974787
251300,,,,,,,-1.068245014,,0,0,0,0,0,0,1,0,1,1,-1.068245014,-0.019030,0.779001,-1.346873254
251302,,,,,,,,,0,0,0,0,0,0,0,0,0,,,-0.019030,0.779001,
251304,,,,,,,-1.13962968,,0,0,0,0,0,0,1,0,1,1,-1.13962968,-0.019030,0.779001,-1.438509474
251305,,,,,,,,,0,0,0,0,0,0,0,0,0,,,-0.019030,0.779001,
251308,,,,,,,-4.084822824,,0,0,0,0,0,0,1,0,1,1,-4.084822824,-0.019030,0.779001,-5.219242562
251309,,,,,,,,,0,0,0,0,0,0,0,0,0,,,-0.019030,0.779001,
251312,,,,,,,,,0,0,0,0,0,0,0,0,0,,,-0.019030,0.779001,
251313,,,,,,,,,0,0,0,0,0,0,0,0,0,,,-0.019030,0.779001,
251315,,,,,,,1.0249376044,,0,0,0,0,0,0,1,0,1,1,1.0249376044,-0.019030,0.779001,1.3401372048
251316,,,,,,,,,0,0,0,0,0,0,0,0,0,,,-0.019030,0.779001,
251317,,,,,,,,,0,0,0,0,0,0,0,0,0,,,-0.019030,0.779001,
251318,,,,,,,-3.674936679,,0,0,0,0,0,0,1,0,1,1,-3.674936679,-0.019030,0.779001,-4.693073297
251319,,,,,,,,,0,0,0,0,0,0,0,0,0,,,-0.019030,0.779001,
251320,,,,,,,,,0,0,0,0,0,0,0,0,0,,,-0.019030,0.779001,
251322,,,,,,,,,0,0,0,0,0,0,0,0,0,,,-0.019030,0.779001,
251323,,,,,,,,,0,0,0,0,0,0,0,0,0,,,-0.019030,0.779001,
251324,,,,,,,,,0,0,0,0,0,0,0,0,0,,,-0.019030,0.779001,
251325,,,,,,,-0.808036394,,0,0,0,0,0,0,1,0,1,1,-0.808036394,-0.019030,0.779001,-1.012844451
251326,,,,,,,,,0,0,0,0,0,0,0,0,0,,,-0.019030,0.779001,
251327,,,,,,,1.0249376044,,0,0,0,0,0,0,1,0,1,1,1.0249376044,-0.019030,0.779001,1.3401372048
251330,,,,,,,-1.563332212,,0,0,0,0,0,0,1,0,1,1,-1.563332212,-0.019030,0.779001,-1.982414782
251331,,,,,,,,,0,0,0,0,0,0,0,0,0,,,-0.019030,0.779001,
251333,,,,,,,,,0,0,0,0,0,0,0,0,0,,,-0.019030,0.779001,
251334,,,,,,,,,0,0,0,0,0,0,0,0,0,,,-0.019030,0.779001,
251335,,,,,,,,,0,0,0,0,0,0,0,0,0,,,-0.019030,0.779001,
251336,,,,,,,,,0,0,0,0,0,0,0,0,0,,,-0.019030,0.779001,
251337,,,,,,,1.0249376044,,0,0,0,0,0,0,1,0,1,1,1.0249376044,-0.019030,0.779001,1.3401372048
251338,,,,,,,,,0,0,0,0,0,0,0,0,0,,,-0.019030,0.779001,
260001,,0.1474063725,-0.561995403,-1.585934034,1.1084136071,-0.21621908,0.4837957834,-0.651976011,0,1,1,1,1,1,1,1,7,0.1428571429,-0.182358395,-0.019030,0.779001,-0.209664016
260005,,0.9776423739,1.0287769037,1.149255,,-0.741744657,0.5689968361,-0.166633524,0,1,1,1,0,1,1,1,6,0.1666666667,0.4693821554,-0.019030,0.779001,0.6269728162
260006,0.3920868393,-1.128520969,-0.318579813,-0.660383515,,-0.920134073,0.23740355,-1.137318498,1,1,1,1,0,1,1,1,7,0.1428571429,-0.505063783,-0.019030,0.779001,-0.623919678
260009,,0.9776423739,-0.654561895,-1.199396317,,,0.2051653139,-1.35302627,0,1,1,1,0,0,1,1,5,0.2,-0.404835359,-0.019030,0.779001,-0.495256837
260011,0.852050219,0.9776423739,0.2916733565,0.2223669801,,-1.932614543,0.5736022984,-0.058779638,1,1,1,1,0,1,1,1,7,0.1428571429,0.1322772923,-0.019030,0.779001,0.1942326029
260017,-1.141124426,-0.031957215,1.0287769037,0.1501419396,,-5.74629098,0.6104459968,-0.27448741,1,1,1,1,0,1,1,1,7,0.1428571429,-0.772070742,-0.019030,0.779001,-0.966675482
260020,1.0053713456,0.1800179339,0.3739546827,0.3293670402,0.91282673,-0.061936342,0.1153587989,-0.598049068,1,1,1,1,1,1,1,1,8,0.125,0.2821138901,-0.019030,0.779001,0.386577266
260022,,,1.0287769037,,,,-0.183996251,0.5883436779,0,0,1,0,0,0,1,1,3,0.3333333333,0.4777081102,-0.019030,0.779001,0.6376608124
260023,-0.06787654,-1.067374291,-0.885978125,-0.441033392,,-0.516748997,0.3318155273,1.5051017091,1,1,1,1,0,1,1,1,7,0.1428571429,-0.163156301,-0.019030,0.779001,-0.185014362
260024,,,,,,,,0.0490742479,0,0,0,0,0,0,0,1,1,1,0.0490742479,-0.019030,0.779001,0.0874251755
260025,,0.9776423739,-1.844212736,,,,-0.879421059,0.5883436779,0,1,1,0,0,0,1,1,4,0.25,-0.289411936,-0.019030,0.779001,-0.347088234
260027,,-0.427372398,0.1802507272,-2.050046794,,0.4973385844,0.387081075,1.073686165,0,1,1,1,0,1,1,1,6,0.1666666667,-0.05651044,-0.019030,0.779001,-0.048113481
260032,0.0854445862,-0.158327016,-0.395718556,-0.568095963,0.5971971136,0.0618112711,-0.669872524,0.6422706209,1,1,1,1,1,1,1,1,8,0.125,-0.050661308,-0.019030,0.779001,-0.040604974
260034,,,,,,,,0.1030011909,0,0,0,0,0,0,0,1,1,1,0.1030011909,-0.019030,0.779001,0.1566509843
260040,-0.834482173,0.0753891743,-0.083735194,0.9713674002,0.4957816958,-0.000866091,0.2627335927,-0.220560467,1,1,1,1,1,1,1,1,8,0.125,0.0832034921,-0.019030,0.779001,0.1312367548
260048,,-0.166479906,-2.855587371,-0.517270935,1.1084136071,0.3864478662,0.5943268788,-1.137318498,0,1,1,1,1,1,1,1,7,0.1428571429,-0.369638337,-0.019030,0.779001,-0.450074556
26004F,0.852050219,-1.428819097,-1.292242173,,,,,0.5344167349,1,1,1,0,0,0,0,1,4,0.25,-0.333648579,-0.019030,0.779001,-0.403874642
260050,,,,,,,,-0.004852695,0,0,0,0,0,0,0,1,1,1,-0.004852695,-0.019030,0.779001,0.0181993666
260052,0.6987290924,,,0.3427420477,,-1.482623223,0.1982571204,0.857978393,1,0,0,1,0,1,1,1,5,0.2,0.123016686,-0.019030,0.779001,0.1823447983
260057,0.0854445862,,1.0287769037,,,,1.0249376044,0.2647820199,1,0,1,0,0,0,1,1,4,0.25,0.6009852785,-0.019030,0.779001,0.7959112382
260059,,,,,,,0.2742472485,-0.328414353,0,0,0,0,0,0,1,1,2,0.5,-0.027083552,-0.019030,0.779001,-0.010338299
260061,,,,,,,,-0.058779638,0,0,0,0,0,0,0,1,1,1,-0.058779638,-0.019030,0.779001,-0.051026442
260062,1.0053713456,0.182735564,-0.467714717,0.8148798125,,-0.137470599,0.3341182584,-0.27448741,1,1,1,1,0,1,1,1,7,0.1428571429,0.2082046078,-0.019030,0.779001,0.2917002051
260065,-0.52783992,-0.359431645,0.6962232103,-0.33002083,-1.586338921,0.1791304367,0.1752298089,1.127613108,1,1,1,1,1,1,1,1,8,0.125,-0.078179344,-0.019030,0.779001,-0.07592977
260068,-0.52783992,0.4857513223,-0.112876497,0.0926294074,-0.435584385,-0.659781953,0.1568079597,0.2647820199,1,1,1,1,1,1,1,1,8,0.125,-0.092014006,-0.019030,0.779001,-0.093689272
260070,,,,,,,,0.1030011909,0,0,0,0,0,0,0,1,1,1,0.1030011909,-0.019030,0.779001,0.1566509843
260074,-1.44776668,,,,,,-1.054428627,0.4804897919,1,0,0,0,0,0,1,1,3,0.3333333333,-0.673901838,-0.019030,0.779001,-0.840656439
260077,0.3920868393,0.0020131611,0.6876522388,0.5594171692,,0.0152050273,0.3962919996,1.181540051,1,1,1,1,0,1,1,1,7,0.1428571429,0.462029498,-0.019030,0.779001,0.6175342384
260078,,,1.0287769037,,,,0.2834581731,-3.13261539,0,0,1,0,0,0,1,1,3,0.3333333333,-0.606793438,-0.019030,0.779001,-0.754509644
26007F,,,,,,,,,0,0,0,0,0,0,0,0,0,,,-0.019030,0.779001,
260081,-0.374518794,-0.601300725,0.4168095401,0.4002545799,,-0.696745525,0.5597859115,0.0490742479,1,1,1,1,0,1,1,1,7,0.1428571429,-0.035234395,-0.019030,0.779001,-0.020801504
260085,0.0854445862,0.9776423739,-0.020310005,1.149255,,-1.339590268,-0.303738271,0.857978393,1,1,1,1,0,1,1,1,7,0.1428571429,0.2009545441,-0.019030,0.779001,0.2823933263
260091,0.0854445862,0.2547527622,0.283102385,0.5152796444,-0.12098962,0.9682223585,-0.197812638,-0.166633524,1,1,1,1,1,1,1,1,8,0.125,0.2026707442,-0.019030,0.779001,0.2845964058
260094,,0.2493175019,-0.356292087,,,1.1916109066,0.6150514591,0.5883436779,0,1,1,0,0,1,1,1,5,0.2,0.4576062916,-0.019030,0.779001,0.6118561854
260095,1.6186558519,0.6719089855,0.3396707967,0.7921422997,,1.1916109066,0.5897214164,0.5883436779,1,1,1,1,0,1,1,1,7,0.1428571429,0.8274362764,-0.019030,0.779001,1.0866055113
260096,0.852050219,0.1338182219,-1.875068234,-0.204295759,-1.941292883,-0.061936342,0.5275476753,0.1030011909,1,1,1,1,1,1,1,1,8,0.125,-0.308271989,-0.019030,0.779001,-0.371298811
260097,1.3120135987,,,,,,-1.881109111,-0.27448741,1,0,0,0,0,0,1,1,3,0.3333333333,-0.281194307,-0.019030,0.779001,-0.336539296
26009F,,-1.432895542,-2.013917972,,,,,0.4804897919,0,1,1,0,0,0,0,1,3,0.3333333333,-0.988774574,-0.019030,0.779001,-1.244857357
260102,0.5454079659,,,,,,0.6449869641,-0.81375684,1,0,0,0,0,0,1,1,3,0.3333333333,0.1255460299,-0.019030,0.779001,0.1855917073
260104,-0.06787654,-0.333614159,1.0287769037,1.149255,0.4119587485,-1.15959374,0.7440044037,-0.544122125,1,1,1,1,1,1,1,1,8,0.125,0.1535985614,-0.019030,0.779001,0.2216026339
260105,,0.0550069484,0.3670979055,0.0083668601,,-0.015330098,-0.055043306,-0.328414353,0,1,1,1,0,1,1,1,6,0.1666666667,0.0052806594,-0.019030,0.779001,0.0312075148
260108,0.2387657127,0.5401039247,0.1631087843,-0.728596053,-1.115481625,0.4201972152,-0.096492467,0.857978393,1,1,1,1,1,1,1,1,8,0.125,0.0349479856,-0.019030,0.779001,0.069291347
260110,0.3920868393,0.3525874465,1.0287769037,0.3922295754,,1.1916109066,0.0600932512,-0.166633524,1,1,1,1,0,1,1,1,7,0.1428571429,0.4643930569,-0.019030,0.779001,0.6205683298
260113,,,0.1099687611,,,,-0.969227574,-0.328414353,0,0,1,0,0,0,1,1,3,0.3333333333,-0.395891055,-0.019030,0.779001,-0.483775069
260119,,0.5170040687,0.6602251301,-0.047808171,,0.5262665978,0.4101083865,-0.166633524,0,1,1,1,0,1,1,1,6,0.1666666667,0.3165270813,-0.019030,0.779001,0.4307533468
260137,1.0053713456,0.2370881664,-0.918547817,0.0217418676,-0.260694532,-0.391394273,-0.796522738,-0.598049068,1,1,1,1,1,1,1,1,8,0.125,-0.212625881,-0.019030,0.779001,-0.248518271
260138,-0.834482173,-0.061851147,-0.416288888,-1.005458709,0.3457282716,0.2803784837,-0.034318726,-0.436268239,1,1,1,1,1,1,1,1,8,0.125,-0.270320141,-0.019030,0.779001,-0.32258017
260141,-1.601087806,0.1868120092,0.0156880748,-0.317983323,0.6551487808,-0.235504422,-0.306041002,0.6422706209,1,1,1,1,1,1,1,1,8,0.125,-0.120087133,-0.019030,0.779001,-0.129726638
260142,,,,,,,-0.683688911,0.2108550769,0,0,0,0,0,0,1,1,2,0.5,-0.236416917,-0.019030,0.779001,-0.279058733
260160,,,,,,,,,0,0,0,0,0,0,0,0,0,,,-0.019030,0.779001,
260162,-0.834482173,-0.404272542,0.0482577664,-0.099970701,,,1.0249376044,1.235466994,1,1,1,1,0,0,1,1,6,0.1666666667,0.1616561582,-0.019030,0.779001,0.2319461398
260163,,0.9776423739,0.1562520071,,,,-0.897842908,1.073686165,0,1,1,0,0,0,1,1,4,0.25,0.3274344094,-0.019030,0.779001,0.4447550418
260175,-0.9878033,,,,,,-1.517277589,0.0490742479,1,0,0,0,0,0,1,1,3,0.3333333333,-0.81866888,-0.019030,0.779001,-1.026493333
260176,-0.9878033,,,,,,1.0249376044,-0.220560467,1,0,0,0,0,0,1,1,3,0.3333333333,-0.061142054,-0.019030,0.779001,-0.054059067
260177,-0.681161047,0.9776423739,0.6276554385,1.149255,1.1084136071,0.2160940094,0.5597859115,0.1030011909,1,1,1,1,1,1,1,1,8,0.125,0.5075858106,-0.019030,0.779001,0.6760147012
260179,-0.221197667,0.6759854307,0.341384991,-0.422308381,0.1801520794,0.5037670318,-0.055043306,0.1569281339,1,1,1,1,1,1,1,1,8,0.125,0.144958539,-0.019030,0.779001,0.2105114704
260180,-0.221197667,-0.584994945,0.2213913903,-0.887758642,,-1.92136476,0.3249073338,0.5344167349,1,1,1,1,0,1,1,1,7,0.1428571429,-0.362085794,-0.019030,0.779001,-0.440379385
260183,-0.9878033,0.3675344121,0.329385631,0.5634296714,,0.6146577499,0.2028625827,-0.166633524,1,1,1,1,0,1,1,1,7,0.1428571429,0.1319190319,-0.019030,0.779001,0.1937727054
260186,,0.9776423739,-0.066593251,1.149255,,,0.131477917,0.965832279,0,1,1,1,0,0,1,1,5,0.2,0.6315228637,-0.019030,0.779001,0.8351122185
260190,-0.221197667,-1.547036007,-0.589422512,0.4751546219,,0.2257366805,0.0923314874,0.1569281339,1,1,1,1,0,1,1,1,7,0.1428571429,-0.20107218,-0.019030,0.779001,-0.23368683
260191,0.852050219,-0.37166098,1.0287769037,1.149255,,-0.746565993,0.3087882158,0.4804897919,1,1,1,1,0,1,1,1,7,0.1428571429,0.3858761653,-0.019030,0.779001,0.5197764987
260193,0.6987290924,,,,,,-0.048135113,0.6422706209,1,0,0,0,0,0,1,1,3,0.3333333333,0.4309548668,-0.019030,0.779001,0.577643854
260195,0.2387657127,,1.0287769037,1.149255,,,1.0249376044,0.5883436779,1,0,1,1,0,0,1,1,5,0.2,0.8060157798,-0.019030,0.779001,1.0591081023
260200,,-0.298284967,0.4390940659,0.6476922187,0.0849457689,-0.907277179,0.6910415872,0.2647820199,0,1,1,1,1,1,1,1,7,0.1428571429,0.1317133593,-0.019030,0.779001,0.1935086842
260210,,,,,,,-0.667569793,0.3726359059,0,0,0,0,0,0,1,1,2,0.5,-0.147466944,-0.019030,0.779001,-0.164873994
260214,-0.52783992,,,-0.093283197,,,0.612748728,0.5883436779,1,0,0,1,0,0,1,1,4,0.25,0.1449923222,-0.019030,0.779001,0.2105548378
260216,-0.9878033,0.4843925072,-1.230531178,0.4082795844,,0.1180601861,0.1706243466,0.750124507,1,1,1,1,0,1,1,1,7,0.1428571429,-0.04097905,-0.019030,0.779001,-0.028175895
260219,0.0854445862,,,,,,-0.566249622,0.6961975639,1,0,0,0,0,0,1,1,3,0.3333333333,0.0717975092,-0.019030,0.779001,0.1165949385
26023F,-0.52783992,0.31861707,-0.083735194,,,,,-0.112706581,1,1,1,0,0,0,0,1,4,0.25,-0.101416156,-0.019030,0.779001,-0.105758776
261301,,,,,,,,,0,0,0,0,0,0,0,0,0,,,-0.019030,0.779001,
261302,,,,,,,,,0,0,0,0,0,0,0,0,0,,,-0.019030,0.779001,
261303,,,,,,,,,0,0,0,0,0,0,0,0,0,,,-0.019030,0.779001,
261305,,,,,,,,,0,0,0,0,0,0,0,0,0,,,-0.019030,0.779001,
261306,,,,,,,,,0,0,0,0,0,0,0,0,0,,,-0.019030,0.779001,
261307,,,,,,,,,0,0,0,0,0,0,0,0,0,,,-0.019030,0.779001,
261308,,,,,,,,,0,0,0,0,0,0,0,0,0,,,-0.019030,0.779001,
261309,,,,,,,,,0,0,0,0,0,0,0,0,0,,,-0.019030,0.779001,
261310,,,,,,,,,0,0,0,0,0,0,0,0,0,,,-0.019030,0.779001,
261311,-0.9878033,,,,,,1.0249376044,,1,0,0,0,0,0,1,0,2,0.5,0.0185671523,-0.019030,0.779001,0.0482633345
261312,,,,,,,,,0,0,0,0,0,0,0,0,0,,,-0.019030,0.779001,
261313,,,,,,,,,0,0,0,0,0,0,0,0,0,,,-0.019030,0.779001,
261314,,,,,,,,,0,0,0,0,0,0,0,0,0,,,-0.019030,0.779001,
261316,,,,,,,-6.021419724,,0,0,0,0,0,0,1,0,1,1,-6.021419724,-0.019030,0.779001,-7.705244538
261317,,,,,,,,,0,0,0,0,0,0,0,0,0,,,-0.019030,0.779001,
261318,,,1.0287769037,,,,,,0,0,1,0,0,0,0,0,1,1,1.0287769037,-0.019030,0.779001,1.3450656985
261319,,,,,,,1.0249376044,,0,0,0,0,0,0,1,0,1,1,1.0249376044,-0.019030,0.779001,1.3401372048
261320,,,,,,,,,0,0,0,0,0,0,0,0,0,,,-0.019030,0.779001,
261321,,,,,,,1.0249376044,,0,0,0,0,0,0,1,0,1,1,1.0249376044,-0.019030,0.779001,1.3401372048
261322,,,,,,,,,0,0,0,0,0,0,0,0,0,,,-0.019030,0.779001,
261323,,,,,,,,,0,0,0,0,0,0,0,0,0,,,-0.019030,0.779001,
261324,,,,,,,-4.140088372,,0,0,0,0,0,0,1,0,1,1,-4.140088372,-0.019030,0.779001,-5.290186733
261325,,,,,,,,,0,0,0,0,0,0,0,0,0,,,-0.019030,0.779001,
261327,,,,,,,,,0,0,0,0,0,0,0,0,0,,,-0.019030,0.779001,
261328,,,,,,,,,0,0,0,0,0,0,0,0,0,,,-0.019030,0.779001,
261329,,,,,,,,,0,0,0,0,0,0,0,0,0,,,-0.019030,0.779001,
261330,,,,,,,,,0,0,0,0,0,0,0,0,0,,,-0.019030,0.779001,
261331,,,,,,,1.0249376044,,0,0,0,0,0,0,1,0,1,1,1.0249376044,-0.019030,0.779001,1.3401372048
261332,,,,,,,,,0,0,0,0,0,0,0,0,0,,,-0.019030,0.779001,
261333,,,,,,,,,0,0,0,0,0,0,0,0,0,,,-0.019030,0.779001,
261335,,,,,,,,,0,0,0,0,0,0,0,0,0,,,-0.019030,0.779001,
261336,,,,,,,,,0,0,0,0,0,0,0,0,0,,,-0.019030,0.779001,
261337,,,,,,,-1.597873179,,0,0,0,0,0,0,1,0,1,1,-1.597873179,-0.019030,0.779001,-2.026754888
261338,0.0854445862,,,,,,-3.387095285,,1,0,0,0,0,0,1,0,2,0.5,-1.650825349,-0.019030,0.779001,-2.094729385
270003,1.0053713456,0.9776423739,-0.344292727,-0.190920752,,,0.8176918006,-0.598049068,1,1,1,1,0,0,1,1,6,0.1666666667,0.2779071621,-0.019030,0.779001,0.3811771055
270004,-0.681161047,0.7778965601,0.1562520071,0.4497421077,0.4171330045,0.4668034591,0.41701658,0.5883436779,1,1,1,1,1,1,1,1,8,0.125,0.3240032937,-0.019030,0.779001,0.4403505319
270012,0.6987290924,0.9776423739,0.5882289697,,,-0.646925058,-0.849485554,0.965832279,1,1,1,0,0,1,1,1,6,0.1666666667,0.2890036838,-0.019030,0.779001,0.3954216676
270014,-0.06787654,0.9776423739,-1.585369398,0.5968671902,,0.0264548103,0.0554877889,0.4804897919,1,1,1,1,0,1,1,1,7,0.1428571429,0.069099431,-0.019030,0.779001,0.1131314259
270017,0.0854445862,,,,,,-1.088969594,-1.083391555,1,0,0,0,0,0,1,1,3,0.3333333333,-0.695638854,-0.019030,0.779001,-0.868560163
270023,,0.9776423739,,1.149255,,1.1916109066,0.207468045,-2.862980675,0,1,0,1,0,1,1,1,5,0.2,0.1325991302,-0.019030,0.779001,0.194645745
27003F,0.0854445862,,,,,,,0.2108550769,1,0,0,0,0,0,0,1,2,0.5,0.1481498315,-0.019030,0.779001,0.2146081203
270049,-0.834482173,0.2248588309,0.4648069804,-0.570770965,-0.76673677,0.9441156806,0.5782077607,0.2647820199,1,1,1,1,1,1,1,1,8,0.125,0.0380976706,-0.019030,0.779001,0.0733345855
270051,0.0854445862,0.3634579669,0.2796739964,-0.951958679,,1.1916109066,0.1660188843,-0.759829897,1,1,1,1,0,1,1,1,7,0.1428571429,0.0534882521,-0.019030,0.779001,0.0930914157
270057,0.0854445862,-0.128433085,1.0287769037,1.149255,,,-1.107391443,-1.029464612,1,1,1,1,0,0,1,1,6,0.1666666667,-0.000302108,-0.019030,0.779001,0.0240409372
270074,,,,,,,,,0,0,0,0,0,0,0,0,0,,,-0.019030,0.779001,
270086,0.2387657127,,,,,,-1.788999865,0.965832279,1,0,0,0,0,0,1,1,3,0.3333333333,-0.194800624,-0.019030,0.779001,-0.225636058
271300,,,,,,,,,0,0,0,0,0,0,0,0,0,,,-0.019030,0.779001,
271301,,,,,,,,,0,0,0,0,0,0,0,0,0,,,-0.019030,0.779001,
271302,,,,,,,,,0,0,0,0,0,0,0,0,0,,,-0.019030,0.779001,
271303,,,,,,,,,0,0,0,0,0,0,0,0,0,,,-0.019030,0.779001,
271305,,,,,,,,,0,0,0,0,0,0,0,0,0,,,-0.019030,0.779001,
271306,,,,,,,,,0,0,0,0,0,0,0,0,0,,,-0.019030,0.779001,
271307,,,,,,,,,0,0,0,0,0,0,0,0,0,,,-0.019030,0.779001,
271308,,,,,,,,,0,0,0,0,0,0,0,0,0,,,-0.019030,0.779001,
271309,,,,,,,,,0,0,0,0,0,0,0,0,0,,,-0.019030,0.779001,
271310,,,,,,,,,0,0,0,0,0,0,0,0,0,,,-0.019030,0.779001,
271311,,,,,,,,,0,0,0,0,0,0,0,0,0,,,-0.019030,0.779001,
271312,,,,,,,,,0,0,0,0,0,0,0,0,0,,,-0.019030,0.779001,
271313,,,,,,,,,0,0,0,0,0,0,0,0,0,,,-0.019030,0.779001,
271314,,,,,,,,,0,0,0,0,0,0,0,0,0,,,-0.019030,0.779001,
271316,,,,,,,,,0,0,0,0,0,0,0,0,0,,,-0.019030,0.779001,
271317,-1.294445553,,,,,,,,1,0,0,0,0,0,0,0,1,1,-1.294445553,-0.019030,0.779001,-1.637246014
271318,0.0854445862,,,,,,,,1,0,0,0,0,0,0,0,1,1,0.0854445862,-0.019030,0.779001,0.1341136386
271319,,,,,,,,,0,0,0,0,0,0,0,0,0,,,-0.019030,0.779001,
271320,,,,,,,,,0,0,0,0,0,0,0,0,0,,,-0.019030,0.779001,
271321,,,,,,,,,0,0,0,0,0,0,0,0,0,,,-0.019030,0.779001,
271322,,,,,,,,,0,0,0,0,0,0,0,0,0,,,-0.019030,0.779001,
271323,-1.294445553,,,,,,,,1,0,0,0,0,0,0,0,1,1,-1.294445553,-0.019030,0.779001,-1.637246014
271324,,,,,,,,,0,0,0,0,0,0,0,0,0,,,-0.019030,0.779001,
271325,,,,,,,-2.703184133,,0,0,0,0,0,0,1,0,1,1,-2.703184133,-0.019030,0.779001,-3.445638299
271326,,,,,,,,,0,0,0,0,0,0,0,0,0,,,-0.019030,0.779001,
271327,,,,,,,,,0,0,0,0,0,0,0,0,0,,,-0.019030,0.779001,
271328,,,,,,,,,0,0,0,0,0,0,0,0,0,,,-0.019030,0.779001,
271329,,,,,,,,,0,0,0,0,0,0,0,0,0,,,-0.019030,0.779001,
271330,,,,,,,,,0,0,0,0,0,0,0,0,0,,,-0.019030,0.779001,
271331,,,,,,,,,0,0,0,0,0,0,0,0,0,,,-0.019030,0.779001,
271332,-0.06787654,,,,,,,,1,0,0,0,0,0,0,0,1,1,-0.06787654,-0.019030,0.779001,-0.062704101
271333,,,,,,,,,0,0,0,0,0,0,0,0,0,,,-0.019030,0.779001,
271334,,,,,,,,,0,0,0,0,0,0,0,0,0,,,-0.019030,0.779001,
271335,,,1.0287769037,,,,-1.521883051,,0,0,1,0,0,0,1,0,2,0.5,-0.246553074,-0.019030,0.779001,-0.292070478
271336,,,1.0287769037,,,,1.0249376044,,0,0,1,0,0,0,1,0,2,0.5,1.0268572541,-0.019030,0.779001,1.3426014517
271337,,,,,,,,,0,0,0,0,0,0,0,0,0,,,-0.019030,0.779001,
271338,,,,,,,,,0,0,0,0,0,0,0,0,0,,,-0.019030,0.779001,
271340,0.2387657127,,,,,,,,1,0,0,0,0,0,0,0,1,1,0.2387657127,-0.019030,0.779001,0.3309313777
271341,,,,,,,,,0,0,0,0,0,0,0,0,0,,,-0.019030,0.779001,
271342,,,,,,,,,0,0,0,0,0,0,0,0,0,,,-0.019030,0.779001,
271343,,,,,,,,,0,0,0,0,0,0,0,0,0,,,-0.019030,0.779001,
271344,-0.834482173,,0.2282481675,,,,-0.570855085,,1,0,1,0,0,0,1,0,3,0.3333333333,-0.39236303,-0.019030,0.779001,-0.479246157
271345,,,,,,,,,0,0,0,0,0,0,0,0,0,,,-0.019030,0.779001,
271346,,,,,,,,,0,0,0,0,0,0,0,0,0,,,-0.019030,0.779001,
271347,,,,,,,1.0249376044,,0,0,0,0,0,0,1,0,1,1,1.0249376044,-0.019030,0.779001,1.3401372048
271348,,,,,,,,,0,0,0,0,0,0,0,0,0,,,-0.019030,0.779001,
271389,,,,,,,,,0,0,0,0,0,0,0,0,0,,,-0.019030,0.779001,
280003,-3.747583578,0.3281287754,-2.343043277,0.6797922367,-0.248276318,0.4957314725,0.1959543893,-0.598049068,1,1,1,1,1,1,1,1,8,0.125,-0.654668171,-0.019030,0.779001,-0.815966255
280009,0.0854445862,0.3824813778,1.0287769037,-0.122708213,,1.1916109066,0.5252449442,-0.220560467,1,1,1,1,0,1,1,1,7,0.1428571429,0.410041434,-0.019030,0.779001,0.5507973609
280013,0.3920868393,0.2629056525,-0.488285048,0.2558044989,1.1084136071,-0.687102854,-1.293912667,2.4218597402,1,1,1,1,1,1,1,1,8,0.125,0.2464712211,-0.019030,0.779001,0.3408229091
280020,-2.214372312,-0.552383383,0.0585429322,0.6062296954,,-0.965133205,0.2558253992,-0.490195182,1,1,1,1,0,1,1,1,7,0.1428571429,-0.471640865,-0.019030,0.779001,-0.581014808
280023,,-0.133868345,-0.418003082,,,-0.24193287,0.3548428388,0.5883436779,0,1,1,0,0,1,1,1,5,0.2,0.029876444,-0.019030,0.779001,0.0627810286
280032,0.3920868393,0.9776423739,1.0287769037,,,,-0.573157816,0.0490742479,1,1,1,0,0,0,1,1,5,0.2,0.3748845098,-0.019030,0.779001,0.5056665529
280040,0.6987290924,-0.162403461,-1.129393715,-1.809296659,0.3798783613,0.6741208886,-0.584671472,-0.490195182,1,1,1,1,1,1,1,1,8,0.125,-0.302904018,-0.019030,0.779001,-0.364407968
280060,,0.0971302152,0.9070691087,0.8309298215,1.1084136071,0.4153758797,0.4907039769,-0.921610726,0,1,1,1,1,1,1,1,7,0.1428571429,0.4182874118,-0.019030,0.779001,0.5613826909
280061,,-0.862193217,-0.887692319,0.1474669381,,,0.2327980877,-1.676587928,0,1,1,1,0,0,1,1,5,0.2,-0.609241688,-0.019030,0.779001,-0.757652454
280065,0.0854445862,,,,,,-0.517892268,0.1030011909,1,0,0,0,0,0,1,1,3,0.3333333333,-0.109815497,-0.019030,0.779001,-0.116540978
28006F,-0.52783992,-1.272555365,-4.869765669,,,,,-0.328414353,1,1,1,0,0,0,0,1,4,0.25,-1.749643827,-0.019030,0.779001,-2.221582284
280077,-2.214372312,,,,,,-0.388939324,0.3726359059,1,0,0,0,0,0,1,1,3,0.3333333333,-0.743558577,-0.019030,0.779001,-0.930074526
280081,,-0.326820083,1.0287769037,-1.610009048,,0.6451928752,0.6703170068,0.4265628489,0,1,1,1,0,1,1,1,6,0.1666666667,0.1390034173,-0.019030,0.779001,0.2028669036
280105,,,,,,,1.0249376044,0.2108550769,0,0,0,0,0,0,1,1,2,0.5,0.6178963406,-0.019030,0.779001,0.8176199034
280111,,,,,,,-0.172482595,0.750124507,0,0,0,0,0,0,1,1,2,0.5,0.2888209559,-0.019030,0.779001,0.3951871004
280125,0.852050219,,,,,,0.1429915727,-0.975537669,1,0,0,0,0,0,1,1,3,0.3333333333,0.0065013742,-0.019030,0.779001,0.0327745416
280127,0.6987290924,,,,,,,0.1030011909,1,0,0,0,0,0,0,1,2,0.5,0.4008651417,-0.019030,0.779001,0.5390177898
280128,,,,,,,-0.504075881,0.2647820199,0,0,0,0,0,0,1,1,2,0.5,-0.119646931,-0.019030,0.779001,-0.129161551
280129,1.6186558519,,,,,,,0.3726359059,1,0,0,0,0,0,0,1,2,0.5,0.9956458789,-0.019030,0.779001,1.3025355296
280130,-0.221197667,0.9776423739,-0.099162943,0.2130044749,,1.1916109066,0.7048579741,0.5883436779,1,1,1,1,0,1,1,1,7,0.1428571429,0.4792998282,-0.019030,0.779001,0.6397040946
280131,1.6186558519,,,,,,,0.5883436779,1,0,0,0,0,0,0,1,2,0.5,1.1034997649,-0.019030,0.779001,1.4409871474
280132,-0.221197667,0.9776423739,-0.767698718,,,1.1916109066,-0.365912012,0.6422706209,1,1,1,0,0,1,1,1,6,0.1666666667,0.2427859173,-0.019030,0.779001,0.3360920989
280133,,,,,,,,0.6961975639,0,0,0,0,0,0,0,1,1,1,0.6961975639,-0.019030,0.779001,0.918134882
280134,-2.674335692,-1.339137303,-4.662348159,-0.677771025,,,1.0249376044,0.1569281339,1,1,1,1,0,0,1,1,6,0.1666666667,-1.361954407,-0.019030,0.779001,-1.72390687
280139,0.0854445862,,,-4.040247911,,,-0.534011386,0.750124507,1,0,0,1,0,0,1,1,4,0.25,-0.934672551,-0.019030,0.779001,-1.175406798
281300,,,,,,,,,0,0,0,0,0,0,0,0,0,,,-0.019030,0.779001,
281301,1.0053713456,,,,,,,,1,0,0,0,0,0,0,0,1,1,1.0053713456,-0.019030,0.779001,1.3150200737
281302,,,,,,,,,0,0,0,0,0,0,0,0,0,,,-0.019030,0.779001,
281303,,,,,,,,,0,0,0,0,0,0,0,0,0,,,-0.019030,0.779001,
281304,,,,,,,,,0,0,0,0,0,0,0,0,0,,,-0.019030,0.779001,
281305,,,,,,,,,0,0,0,0,0,0,0,0,0,,,-0.019030,0.779001,
281306,,,,,,,,,0,0,0,0,0,0,0,0,0,,,-0.019030,0.779001,
281307,,,,,,,,,0,0,0,0,0,0,0,0,0,,,-0.019030,0.779001,
281308,,,,,,,,,0,0,0,0,0,0,0,0,0,,,-0.019030,0.779001,
281309,,,,,,,,,0,0,0,0,0,0,0,0,0,,,-0.019030,0.779001,
281310,,,,,,,,,0,0,0,0,0,0,0,0,0,,,-0.019030,0.779001,
281311,,,,,,,,,0,0,0,0,0,0,0,0,0,,,-0.019030,0.779001,
281312,,,,,,,,,0,0,0,0,0,0,0,0,0,,,-0.019030,0.779001,
281313,,,,,,,,,0,0,0,0,0,0,0,0,0,,,-0.019030,0.779001,
281314,,,,,,,,,0,0,0,0,0,0,0,0,0,,,-0.019030,0.779001,
281315,0.6987290924,,,,,,,,1,0,0,0,0,0,0,0,1,1,0.6987290924,-0.019030,0.779001,0.9213845953
281316,,,,,,,,,0,0,0,0,0,0,0,0,0,,,-0.019030,0.779001,
281318,,,,,,,,,0,0,0,0,0,0,0,0,0,,,-0.019030,0.779001,
281319,,,,,,,,,0,0,0,0,0,0,0,0,0,,,-0.019030,0.779001,
281320,,,,,,,,,0,0,0,0,0,0,0,0,0,,,-0.019030,0.779001,
281322,-1.141124426,,,,,,,,1,0,0,0,0,0,0,0,1,1,-1.141124426,-0.019030,0.779001,-1.440428275
281323,,,,,,,,,0,0,0,0,0,0,0,0,0,,,-0.019030,0.779001,
281324,,,,,,,,,0,0,0,0,0,0,0,0,0,,,-0.019030,0.779001,
281325,,,,,,,,,0,0,0,0,0,0,0,0,0,,,-0.019030,0.779001,
281326,,,,,,,,,0,0,0,0,0,0,0,0,0,,,-0.019030,0.779001,
281327,,,,,,,,,0,0,0,0,0,0,0,0,0,,,-0.019030,0.779001,
281328,,,,,,,,,0,0,0,0,0,0,0,0,0,,,-0.019030,0.779001,
281329,0.0854445862,,,,,,-0.851788285,,1,0,0,0,0,0,1,0,2,0.5,-0.38317185,-0.019030,0.779001,-0.467447474
281331,,,,,,,,,0,0,0,0,0,0,0,0,0,,,-0.019030,0.779001,
281332,,,,,,,,,0,0,0,0,0,0,0,0,0,,,-0.019030,0.779001,
281333,,,,,,,,,0,0,0,0,0,0,0,0,0,,,-0.019030,0.779001,
281334,,,,,,,,,0,0,0,0,0,0,0,0,0,,,-0.019030,0.779001,
281335,,,,,,,,,0,0,0,0,0,0,0,0,0,,,-0.019030,0.779001,
281336,,,,,,,,,0,0,0,0,0,0,0,0,0,,,-0.019030,0.779001,
281338,,,,,,,,,0,0,0,0,0,0,0,0,0,,,-0.019030,0.779001,
281339,,,,,,,,,0,0,0,0,0,0,0,0,0,,,-0.019030,0.779001,
281340,,,,,,,,,0,0,0,0,0,0,0,0,0,,,-0.019030,0.779001,
281341,,,,,,,,,0,0,0,0,0,0,0,0,0,,,-0.019030,0.779001,
281342,,,,,,,,,0,0,0,0,0,0,0,0,0,,,-0.019030,0.779001,
281343,,,,,,,,,0,0,0,0,0,0,0,0,0,,,-0.019030,0.779001,
281344,-0.52783992,,,,,,,,1,0,0,0,0,0,0,0,1,1,-0.52783992,-0.019030,0.779001,-0.653157318
281345,,,,,,,,,0,0,0,0,0,0,0,0,0,,,-0.019030,0.779001,
281346,,,,,,,,,0,0,0,0,0,0,0,0,0,,,-0.019030,0.779001,
281347,,,,,,,,,0,0,0,0,0,0,0,0,0,,,-0.019030,0.779001,
281348,,,,,,,,,0,0,0,0,0,0,0,0,0,,,-0.019030,0.779001,
281349,,,,,,,,,0,0,0,0,0,0,0,0,0,,,-0.019030,0.779001,
281350,,,,,,,,,0,0,0,0,0,0,0,0,0,,,-0.019030,0.779001,
281351,,,,,,,,,0,0,0,0,0,0,0,0,0,,,-0.019030,0.779001,
281352,,,,,,,,,0,0,0,0,0,0,0,0,0,,,-0.019030,0.779001,
281353,,,,,,,,,0,0,0,0,0,0,0,0,0,,,-0.019030,0.779001,
281354,,,,,,,,,0,0,0,0,0,0,0,0,0,,,-0.019030,0.779001,
281355,,,,,,,,,0,0,0,0,0,0,0,0,0,,,-0.019030,0.779001,
281356,,,,,,,,,0,0,0,0,0,0,0,0,0,,,-0.019030,0.779001,
281357,,,,,,,,,0,0,0,0,0,0,0,0,0,,,-0.019030,0.779001,
281358,,,,,,,,,0,0,0,0,0,0,0,0,0,,,-0.019030,0.779001,
281359,,,,,,,,,0,0,0,0,0,0,0,0,0,,,-0.019030,0.779001,
281360,0.5454079659,,,,,,,,1,0,0,0,0,0,0,0,1,1,0.5454079659,-0.019030,0.779001,0.7245668561
281361,,,,,,,,,0,0,0,0,0,0,0,0,0,,,-0.019030,0.779001,
281362,,,1.0287769037,,,,,,0,0,1,0,0,0,0,0,1,1,1.0287769037,-0.019030,0.779001,1.3450656985
281363,,,,,,,,,0,0,0,0,0,0,0,0,0,,,-0.019030,0.779001,
281364,,,1.0287769037,,,,-0.814944587,,0,0,1,0,0,0,1,0,2,0.5,0.1069161584,-0.019030,0.779001,0.1616766131
281365,,,,,,,,,0,0,0,0,0,0,0,0,0,,,-0.019030,0.779001,
290001,,0.0849008797,0.4819489233,0.860354838,0.0745972569,0.7239413562,0.0508823266,-0.544122125,0,1,1,1,1,1,1,1,7,0.1428571429,0.2475004936,-0.019030,0.779001,0.3421441823
290003,-0.9878033,0.0400599827,0.5796579982,0.2424294914,-0.300018878,-0.630853939,1.004213024,0.6422706209,1,1,1,1,1,1,1,1,8,0.125,0.073744375,-0.019030,0.779001,0.1190941226
290005,,0.9776423739,1.0287769037,,,1.1916109066,0.3387237208,0.5344167349,0,1,1,0,0,1,1,1,5,0.2,0.814234128,-0.019030,0.779001,1.0696579643
290007,0.0854445862,-0.483083815,-1.216817624,-1.663509078,,-0.28532489,-0.48104857,0.1569281339,1,1,1,1,0,1,1,1,7,0.1428571429,-0.555344465,-0.019030,0.779001,-0.688464797
290008,0.3920868393,,,,,,-3.506837305,0.2647820199,1,0,0,0,0,0,1,1,3,0.3333333333,-0.949989482,-0.019030,0.779001,-1.195069084
290009,0.3920868393,-0.443678178,0.2453901105,0.4096170852,,1.1916109066,0.5897214164,1.6129555951,1,1,1,1,0,1,1,1,7,0.1428571429,0.5711005392,-0.019030,0.779001,0.7575483135
290012,,,,,,,,,0,0,0,0,0,0,0,0,0,,,-0.019030,0.779001,
290019,1.0053713456,0.3131818097,-0.901405874,0.2665045049,,-1.831366496,-0.653753406,-0.490195182,1,1,1,1,0,1,1,1,7,0.1428571429,-0.327380471,-0.019030,0.779001,-0.395828296
290021,-0.834482173,0.8404020529,0.7459348449,0.0498293834,,-0.015330098,0.9121037779,0.750124507,1,1,1,1,0,1,1,1,7,0.1428571429,0.3497974707,-0.019030,0.779001,0.4734624174
29002F,1.3120135987,,-0.60485026,,,,,0.965832279,1,0,1,0,0,0,0,1,3,0.3333333333,0.5576652058,-0.019030,0.779001,0.7403014278
290032,-0.374518794,,1.0287769037,0.6369922127,,,-0.08267608,0.0490742479,1,0,1,1,0,0,1,1,5,0.2,0.2515296981,-0.019030,0.779001,0.3473164566
290039,0.6987290924,-0.36894335,0.6087993012,-0.087933194,0.1346186265,0.8091182846,0.6334733084,0.5883436779,1,1,1,1,1,1,1,1,8,0.125,0.3770257184,-0.019030,0.779001,0.5084152141
290041,,-0.067286407,0.3653837112,-0.836933614,-0.866082485,1.1916109066,0.2489172058,-0.867683783,0,1,1,1,1,1,1,1,7,0.1428571429,-0.118867781,-0.019030,0.779001,-0.128161359
290045,-0.06787654,-0.084951003,-0.059736474,-0.886421142,,0.3944834255,-0.066556962,-0.490195182,1,1,1,1,0,1,1,1,7,0.1428571429,-0.180179125,-0.019030,0.779001,-0.206866496
290046,0.6987290924,0.0984890303,0.7922180909,0.8777423477,,-0.177648396,0.6956470495,-0.975537669,1,1,1,1,0,1,1,1,7,0.1428571429,0.2870913637,-0.019030,0.779001,0.3929668297
290047,0.6987290924,0.1949648995,-0.896263291,-0.023733158,,-1.667441087,0.9121037779,0.80405145,1,1,1,1,0,1,1,1,7,0.1428571429,0.0032016692,-0.019030,0.779001,0.028538723
290049,-1.754408933,,-1.052254972,,,,0.2466144746,0.4804897919,1,0,1,0,0,0,1,1,4,0.25,-0.519889909,-0.019030,0.779001,-0.64295192
29004F,-0.681161047,0.0359835376,1.0287769037,,,,,0.0490742479,1,1,1,0,0,0,0,1,4,0.25,0.1081684106,-0.019030,0.779001,0.1632841244
290053,,0.4857513223,1.0287769037,-1.519058997,,-0.619604156,0.3686592257,-2.755126788,0,1,1,1,0,1,1,1,6,0.1666666667,-0.501767082,-0.019030,0.779001,-0.619687716
290054,0.0854445862,0.1215888863,0.8007890624,0.3052920267,1.1084136071,-0.047472335,0.612748728,-1.029464612,1,1,1,1,1,1,1,1,8,0.125,0.2446674936,-0.019030,0.779001,0.3385074712
290057,0.2387657127,0.0658774689,0.8556432798,1.149255,,-0.06032923,0.8913791975,0.6422706209,1,1,1,1,0,1,1,1,7,0.1428571429,0.5404088643,-0.019030,0.779001,0.7181495287
290058,,,,,,,,,0,0,0,0,0,0,0,0,0,,,-0.019030,0.779001,
290061,,,,,,-0.19050529,0.0140386282,0.1030011909,0,0,0,0,0,1,1,1,3,0.3333333333,-0.02448849,-0.019030,0.779001,-0.007007028
291300,,,,,,,,,0,0,0,0,0,0,0,0,0,,,-0.019030,0.779001,
291301,,,,,,,,,0,0,0,0,0,0,0,0,0,,,-0.019030,0.779001,
291302,,,,,,,,,0,0,0,0,0,0,0,0,0,,,-0.019030,0.779001,
291303,,,,,,,,,0,0,0,0,0,0,0,0,0,,,-0.019030,0.779001,
291304,,,,,,,,,0,0,0,0,0,0,0,0,0,,,-0.019030,0.779001,
291306,,,,,,,,,0,0,0,0,0,0,0,0,0,,,-0.019030,0.779001,
291307,,,,,,,-0.943897532,,0,0,0,0,0,0,1,0,1,1,-0.943897532,-0.019030,0.779001,-1.18724887
291308,,,,,,,,,0,0,0,0,0,0,0,0,0,,,-0.019030,0.779001,
291309,,,,,,,,,0,0,0,0,0,0,0,0,0,,,-0.019030,0.779001,
291311,,,,,,,,,0,0,0,0,0,0,0,0,0,,,-0.019030,0.779001,
291312,,,,,,,,,0,0,0,0,0,0,0,0,0,,,-0.019030,0.779001,
291313,,,,,,,-1.266279893,,0,0,0,0,0,0,1,0,1,1,-1.266279893,-0.019030,0.779001,-1.601089865
291314,,,,,,,,,0,0,0,0,0,0,0,0,0,,,-0.019030,0.779001,
300001,0.6987290924,0.4911865825,-0.056308086,0.4283420957,,-0.288539114,-0.888631984,-0.166633524,1,1,1,1,0,1,1,1,7,0.1428571429,0.0311635805,-0.019030,0.779001,0.0644333208
300003,-1.294445553,-0.116203749,-0.609992843,-0.161495735,0.4792240766,0.4732319065,-0.306041002,-0.975537669,1,1,1,1,1,1,1,1,8,0.125,-0.313907571,-0.019030,0.779001,-0.378533186
300005,0.2387657127,,-3.325276608,1.149255,,,-0.112611585,0.0490742479,1,0,1,1,0,0,1,1,5,0.2,-0.400158647,-0.019030,0.779001,-0.48925336
300011,1.1586924721,0.5210805139,0.5162328092,1.149255,,-1.000489666,0.8176918006,0.1569281339,1,1,1,1,0,1,1,1,7,0.1428571429,0.4741987233,-0.019030,0.779001,0.633155826
300012,-0.06787654,0.3906342681,-0.399146945,-2.082146812,-0.36210995,1.1916109066,0.3018800223,-1.8922957,1,1,1,1,1,1,1,1,8,0.125,-0.364931344,-0.019030,0.779001,-0.444032207
300014,,,,,,,-0.375122937,0.3726359059,0,0,0,0,0,0,1,1,2,0.5,-0.001243515,-0.019030,0.779001,0.0228324567
300017,,,,,,,1.0249376044,0.750124507,0,0,0,0,0,0,1,1,2,0.5,0.8875310557,-0.019030,0.779001,1.1637489478
300018,0.5454079659,0.4300399049,-0.145446189,0.7118922547,,-1.34119738,0.4308329669,1.6668825381,1,1,1,1,0,1,1,1,7,0.1428571429,0.3283445802,-0.019030,0.779001,0.4459234246
300019,-1.44776668,0.9776423739,-0.160873938,-0.474470911,,,0.0992396808,-0.705902954,1,1,1,1,0,0,1,1,6,0.1666666667,-0.285355405,-0.019030,0.779001,-0.34188088
300020,0.0854445862,-0.13250953,-1.583655203,-0.112008207,,0.333413175,0.6795279314,1.34332088,1,1,1,1,0,1,1,1,7,0.1428571429,0.0876476617,-0.019030,0.779001,0.1369417181
300023,0.2387657127,0.9776423739,-0.839694879,0.6476922187,,1.1916109066,0.1545052285,-0.058779638,1,1,1,1,0,1,1,1,7,0.1428571429,0.3302488462,-0.019030,0.779001,0.4483679236
300029,-0.681161047,0.6501679445,0.265960442,1.149255,,1.1916109066,0.6680142757,0.911905336,1,1,1,1,0,1,1,1,7,0.1428571429,0.5936789797,-0.019030,0.779001,0.7865321706
300034,-0.06787654,-0.428731213,0.0893984295,0.7573672802,,-0.534427228,-2.03999756,-0.921610726,1,1,1,1,0,1,1,1,7,0.1428571429,-0.44941108,-0.019030,0.779001,-0.552478518
301300,,,,,,,,,0,0,0,0,0,0,0,0,0,,,-0.019030,0.779001,
301301,,,,,,,1.0249376044,,0,0,0,0,0,0,1,0,1,1,1.0249376044,-0.019030,0.779001,1.3401372048
301302,0.6987290924,,,,,,-7.838274604,,1,0,0,0,0,0,1,0,2,0.5,-3.569772756,-0.019030,0.779001,-4.558074774
301303,,,,,,,,,0,0,0,0,0,0,0,0,0,,,-0.019030,0.779001,
301304,,,-2.610457587,,,,-2.046905754,,0,0,1,0,0,0,1,0,2,0.5,-2.32868167,-0.019030,0.779001,-2.964890932
301305,,,,,,,0.2166789696,,0,0,0,0,0,0,1,0,1,1,0.2166789696,-0.019030,0.779001,0.3025787108
301306,,,1.0287769037,,,,,,0,0,1,0,0,0,0,0,1,1,1.0287769037,-0.019030,0.779001,1.3450656985
301307,,,,,,,-0.44190214,,0,0,0,0,0,0,1,0,1,1,-0.44190214,-0.019030,0.779001,-0.542839321
301308,,,-0.111162303,,,,1.0249376044,,0,0,1,0,0,0,1,0,2,0.5,0.4568876506,-0.019030,0.779001,0.6109336687
301309,0.0854445862,,,,,,-2.109079495,,1,0,0,0,0,0,1,0,2,0.5,-1.011817454,-0.019030,0.779001,-1.274437414
301310,,,1.0287769037,,,,1.0249376044,,0,0,1,0,0,0,1,0,2,0.5,1.0268572541,-0.019030,0.779001,1.3426014517
301311,,,1.0287769037,,,,-2.466002824,,0,0,1,0,0,0,1,0,2,0.5,-0.71861296,-0.019030,0.779001,-0.898051934
301312,,,1.0287769037,,,,-3.278866921,,0,0,1,0,0,0,1,0,2,0.5,-1.125045009,-0.019030,0.779001,-1.419787188
310001,0.6987290924,0.091694955,0.2676746363,-0.0986332,0.8062370562,0.3366273987,-0.029713264,1.6668825381,1,1,1,1,1,1,1,1,8,0.125,0.4674374016,-0.019030,0.779001,0.6244763434
310002,,-0.01429262,0.3053869108,0.5928546879,-0.22447474,0.3205562801,0.5736022984,0.1030011909,0,1,1,1,1,1,1,1,7,0.1428571429,0.2366620012,-0.019030,0.779001,0.3282308513
310003,,0.2846466935,-0.076878417,,,1.1916109066,0.8407191121,0.4804897919,0,1,1,0,0,1,1,1,5,0.2,0.5441176174,-0.019030,0.779001,0.7229104408
310005,1.4653347253,-0.676035554,-0.31343723,0.5259796504,,1.1916109066,-0.98074123,1.451174766,1,1,1,1,0,1,1,1,7,0.1428571429,0.3805551478,-0.019030,0.779001,0.512945929
310006,,-1.317396262,1.0287769037,1.149255,,1.1916109066,0.8107836071,1.289393937,0,1,1,1,0,1,1,1,6,0.1666666667,0.6920706821,-0.019030,0.779001,0.9128372197
310008,-5.127473717,0.9776423739,1.0287769037,0.7627172832,0.3560767836,0.5391234927,1.0249376044,0.2108550769,1,1,1,1,1,1,1,1,8,0.125,-0.028418025,-0.019030,0.779001,-0.012051356
310009,0.0854445862,0.0251130171,0.4750921461,1.149255,0.1604899066,0.4218043271,0.8545354991,0.3726359059,1,1,1,1,1,1,1,1,8,0.125,0.4430462985,-0.019030,0.779001,0.5931655783
310010,-0.52783992,0.9776423739,0.555659278,-0.00902065,1.1084136071,0.2514504703,0.191348927,0.1569281339,1,1,1,1,1,1,1,1,8,0.125,0.3380727775,-0.019030,0.779001,0.4584114741
310011,,-1.041556805,1.0287769037,,,0.16466643,-0.688294374,-0.27448741,0,1,1,0,0,1,1,1,5,0.2,-0.162179051,-0.019030,0.779001,-0.18375987
310012,1.3120135987,-0.117562564,0.0996835953,0.2424294914,1.1084136071,-4.299890309,0.2880636354,0.0490742479,1,1,1,1,1,1,1,1,8,0.125,-0.164721837,-0.019030,0.779001,-0.187024035
310014,0.0854445862,-0.291490892,-0.606564455,-1.081696251,-0.007155988,-1.215842655,-0.893237446,-0.975537669,1,1,1,1,1,1,1,1,8,0.125,-0.623260096,-0.019030,0.779001,-0.775647831
310015,0.852050219,0.3172582549,0.3105294937,0.0805919006,-0.119954769,0.5712657298,0.1844407335,1.6129555951,1,1,1,1,1,1,1,1,8,0.125,0.4761421447,-0.019030,0.779001,0.6356505885
310016,,-2.153067524,1.0287769037,,,1.1916109066,-0.630726095,-2.43156513,0,1,1,0,0,1,1,1,5,0.2,-0.598994188,-0.019030,0.779001,-0.744497777
310017,0.0854445862,-1.305166926,-1.581941009,0.5941921887,,0.4378754457,-0.045832382,0.750124507,1,1,1,1,0,1,1,1,7,0.1428571429,-0.152186227,-0.019030,0.779001,-0.17093212
310019,0.6987290924,0.3892754531,0.0756848752,0.3146545319,-0.639450072,-0.020151434,-0.283013691,1.289393937,1,1,1,1,1,1,1,1,8,0.125,0.2281403367,-0.019030,0.779001,0.3172916234
31001F,,0.9776423739,-0.503712797,,,,,-1.568734042,0,1,1,0,0,0,0,1,3,0.3333333333,-0.364934822,-0.019030,0.779001,-0.444036671
310022,-0.681161047,0.8784488745,0.4630927861,-0.185570749,0.6375563104,1.0035788193,0.2880636354,0.0490742479,1,1,1,1,1,1,1,1,8,0.125,0.3066353598,-0.019030,0.779001,0.4180553821
310024,-1.907730059,-1.120368078,0.2453901105,,,1.1916109066,0.8245999941,0.857978393,1,1,1,0,0,1,1,1,6,0.1666666667,0.0152468778,-0.019030,0.779001,0.0440011109
310025,-1.601087806,0.9776423739,1.0287769037,,,-0.331931134,-0.008988683,-0.81375684,1,1,1,0,0,1,1,1,6,0.1666666667,-0.124890864,-0.019030,0.779001,-0.135893168
310027,,0.9776423739,0.0876842352,,,-0.193719514,-0.271500035,0.5344167349,0,1,1,0,0,1,1,1,5,0.2,0.226904759,-0.019030,0.779001,0.3157055172
310028,-0.06787654,0.0971302152,0.3173862709,0.2825545139,,-0.645317946,0.8568382302,0.2108550769,1,1,1,1,0,1,1,1,7,0.1428571429,0.1502242601,-0.019030,0.779001,0.2172710563
310029,,0.4313987199,0.5316605579,1.149255,,0.085917949,0.6818306626,0.80405145,0,1,1,1,0,1,1,1,6,0.1666666667,0.6140190566,-0.019030,0.779001,0.8126426488
310031,,0.2751349881,1.0287769037,,,,0.4884012457,-1.245172384,0,1,1,0,0,0,1,1,4,0.25,0.1367851883,-0.019030,0.779001,0.2000193716
310032,,0.7561555192,0.8676426399,0.7734172892,,0.1019890676,0.3962919996,-0.651976011,0,1,1,1,0,1,1,1,6,0.1666666667,0.373920084,-0.019030,0.779001,0.5044285232
310034,0.5454079659,0.1637121532,-0.004882257,0.7734172892,,-1.579049935,0.6403815018,0.2108550769,1,1,1,1,0,1,1,1,7,0.1428571429,0.1071202565,-0.019030,0.779001,0.161938613
310038,-1.601087806,0.3987871585,-0.121447469,0.0177293654,0.1128867513,0.0810966134,0.2420090123,-1.191245441,1,1,1,1,1,1,1,1,8,0.125,-0.257658977,-0.019030,0.779001,-0.306327083
310039,,0.9776423739,0.421952123,-0.527970941,,-0.887991836,0.5160340195,0.3187089629,0,1,1,1,0,1,1,1,6,0.1666666667,0.1363957837,-0.019030,0.779001,0.1995194944
310040,-0.374518794,,,,,,-0.220839949,-1.460880156,1,0,0,0,0,0,1,1,3,0.3333333333,-0.685412966,-0.019030,0.779001,-0.85543323
310041,1.0053713456,-0.329537713,0.8864987772,0.3266920387,1.1084136071,-0.177648396,0.6196569214,1.9904441961,1,1,1,1,1,1,1,1,8,0.125,0.6787363471,-0.019030,0.779001,0.8957199852
310044,-0.681161047,0.1840943791,0.6327980214,1.149255,1.1084136071,-0.431572069,0.2650363239,-0.166633524,1,1,1,1,1,1,1,1,8,0.125,0.2575288364,-0.019030,0.779001,0.3550175273
310045,-0.06787654,0.1052831056,-0.26543979,-0.47313341,,0.2723429244,-0.105703392,2.1522250251,1,1,1,1,0,1,1,1,7,0.1428571429,0.2310997033,-0.019030,0.779001,0.321090551
310047,0.6987290924,0.3036701043,-0.262011401,-0.474470911,,0.1839517723,-0.220839949,-0.598049068,1,1,1,1,0,1,1,1,7,0.1428571429,-0.052717194,-0.019030,0.779001,-0.043244107
310048,-0.834482173,0.0020131611,0.6327980214,1.149255,,-0.500677879,0.4999149015,0.4265628489,1,1,1,1,0,1,1,1,7,0.1428571429,0.1964834115,-0.019030,0.779001,0.2766537507
310050,-0.221197667,0.4232458296,-3.726398073,-0.321995825,,-1.407088966,0.3893838061,0.6961975639,1,1,1,1,0,1,1,1,7,0.1428571429,-0.595407619,-0.019030,0.779001,-0.739893713
310051,0.6987290924,0.1868120092,-0.025452588,0.0765793984,0.0332032088,0.8187609558,0.0992396808,0.6422706209,1,1,1,1,1,1,1,1,8,0.125,0.3162677973,-0.019030,0.779001,0.4304205049
310052,-1.141124426,0.1052831056,0.0139738805,0.2143419756,,-0.084435908,-0.679083449,0.3726359059,1,1,1,1,0,1,1,1,7,0.1428571429,-0.171201274,-0.019030,0.779001,-0.195341662
310054,-1.754408933,0.546898,-0.448858579,-1.009471211,,-1.935828767,0.8061781448,0.2647820199,1,1,1,1,0,1,1,1,7,0.1428571429,-0.504387046,-0.019030,0.779001,-0.623050955
310057,,0.7480026288,0.2385333333,0.1367669321,0.0011228216,0.7705476001,0.4055029242,0.0490742479,0,1,1,1,1,1,1,1,7,0.1428571429,0.3356500697,-0.019030,0.779001,0.4553014533
310058,,,,,,,0.582813223,-0.81375684,0,0,0,0,0,0,1,1,2,0.5,-0.115471809,-0.019030,0.779001,-0.123801963
310060,-0.52783992,-0.049621811,0.2779598021,,,,0.7417016726,0.857978393,1,1,1,0,0,0,1,1,5,0.2,0.2600356273,-0.019030,0.779001,0.358235485
310061,,,1.0287769037,,,-1.884401188,0.1452943039,0.4804897919,0,0,1,0,0,1,1,1,4,0.25,-0.057460047,-0.019030,0.779001,-0.049332488
310064,1.6186558519,0.1433299273,0.5488025009,0.0846044029,0.4398997309,0.0698468304,-0.179390789,-0.27448741,1,1,1,1,1,1,1,1,8,0.125,0.3064076307,-0.019030,0.779001,0.4177630471
310069,,0.6691913554,0.740792262,-0.2778583,,0.4073403204,-0.105703392,0.3726359059,0,1,1,1,0,1,1,1,6,0.1666666667,0.3010663586,-0.019030,0.779001,0.4109064767
310070,0.852050219,0.0631598388,0.1699655614,0.7653922847,-1.379368681,0.2787713718,0.8038754137,1.34332088,1,1,1,1,1,1,1,1,8,0.125,0.362145861,-0.019030,0.779001,0.4893139986
310073,-0.06787654,0.4966218428,-0.724843861,0.6958422457,0.5433848511,-0.063543454,0.2650363239,0.6422706209,1,1,1,1,1,1,1,1,8,0.125,0.2233615036,-0.019030,0.779001,0.3111570539
310074,,0.2574703923,0.7425064563,-0.993421202,-6.225576857,-0.163184389,-0.057346038,-0.058779638,0,1,1,1,1,1,1,1,7,0.1428571429,-0.928333039,-0.019030,0.779001,-1.167268792
310075,1.3120135987,0.6637560951,1.0287769037,0.4042670822,1.1084136071,0.1277028573,0.7509125972,0.750124507,1,1,1,1,1,1,1,1,8,0.125,0.768245906,-0.019030,0.779001,1.010623061
310076,0.2387657127,0.5740743012,0.2711030249,0.4751546219,-0.419026766,0.9425085688,0.3594483011,0.4265628489,1,1,1,1,1,1,1,1,8,0.125,0.3585738267,-0.019030,0.779001,0.4847285918
310083,,0.9776423739,,,,-1.94707855,1.0249376044,-1.191245441,0,1,0,0,0,1,1,1,4,0.25,-0.283936003,-0.019030,0.779001,-0.3400588
310084,,0.4748808018,-0.179730075,,,1.1916109066,0.3110909469,0.857978393,0,1,1,0,0,1,1,1,5,0.2,0.5311661947,-0.019030,0.779001,0.7062847494
310086,-1.141124426,-0.264314591,0.1305390926,-0.747321064,-1.486993206,0.2257366805,-0.669872524,1.235466994,1,1,1,1,1,1,1,1,8,0.125,-0.33973538,-0.019030,0.779001,-0.411688246
310092,,0.3892754531,0.2848165793,-0.154808231,,-0.381751601,0.2028625827,-0.382341296,0,1,1,1,0,1,1,1,6,0.1666666667,-0.006991086,-0.019030,0.779001,0.0154543229
310096,,0.4993394729,-1.326526059,-0.122708213,,-0.272467995,0.8361136498,0.3726359059,0,1,1,1,0,1,1,1,6,0.1666666667,-0.002268873,-0.019030,0.779001,0.0215162089
310108,,0.2900819537,-0.248297847,0.0685543939,,0.9103663316,0.0785151004,-0.705902954,0,1,1,1,0,1,1,1,6,0.1666666667,0.0655528298,-0.019030,0.779001,0.1085786675
310110,-0.681161047,0.1338182219,-0.688845781,1.149255,,0.2868069311,-0.04122692,1.019759222,1,1,1,1,0,1,1,1,7,0.1428571429,0.1683436611,-0.019030,0.779001,0.2405308615
310111,-1.754408933,0.7439261836,-0.495141825,-0.217670767,,0.3655554121,0.8015726825,-2.054076529,1,1,1,1,0,1,1,1,7,0.1428571429,-0.372891968,-0.019030,0.779001,-0.454251229
310112,,0.9776423739,0.4545218146,-1.797259153,,0.5584088349,0.4953094392,0.911905336,0,1,1,1,0,1,1,1,6,0.1666666667,0.2667547743,-0.019030,0.779001,0.3668608282
310113,,-0.404272542,-0.291152704,0.0752418976,,-0.595497478,0.7324907479,-0.220560467,0,1,1,1,0,1,1,1,6,0.1666666667,-0.117291758,-0.019030,0.779001,-0.126138225
310115,,,1.0287769037,,,,0.3133936781,-0.651976011,0,0,1,0,0,0,1,1,3,0.3333333333,0.2300648569,-0.019030,0.779001,0.3197621226
310118,1.1586924721,,,,,,0.1383861104,-0.220560467,1,0,0,0,0,0,1,1,3,0.3333333333,0.3588393718,-0.019030,0.779001,0.4850694711
310119,,-1.165208975,-1.441377077,-0.56274596,,0.0537757118,0.0739096381,-0.220560467,0,1,1,1,0,1,1,1,6,0.1666666667,-0.543701188,-0.019030,0.779001,-0.673518367
310130,-0.06787654,,1.0287769037,,,,1.0249376044,0.5344167349,1,0,1,0,0,0,1,1,4,0.25,0.6300636757,-0.019030,0.779001,0.8332390645
320001,,0.252035132,-0.188301046,0.6222797044,0.178082377,-0.695138414,-1.330756365,-3.024761504,0,1,1,1,1,1,1,1,7,0.1428571429,-0.598080016,-0.019030,0.779001,-0.743324259
320002,,0.9776423739,-0.733414833,0.3775170672,,1.1916109066,-0.614606977,-0.759829897,0,1,1,1,0,1,1,1,6,0.1666666667,0.0731531069,-0.019030,0.779001,0.118335114
320004,1.0053713456,,0.3842398484,,,1.1916109066,-0.036621457,0.80405145,1,0,1,0,0,1,1,1,5,0.2,0.6697304187,-0.019030,0.779001,0.8841591096
320005,-0.681161047,0.5414627397,0.0568287379,-0.434345888,,1.1916109066,-0.12182251,0.4265628489,1,1,1,1,0,1,1,1,7,0.1428571429,0.1398765412,-0.019030,0.779001,0.2039877294
320006,,0.9776423739,1.0287769037,,,,0.0393686708,1.019759222,0,1,1,0,0,0,1,1,4,0.25,0.7663867926,-0.019030,0.779001,1.0082365243
320009,-0.52783992,0.6229916433,0.7253645134,1.149255,,0.860545864,0.0969369497,-0.81375684,1,1,1,1,0,1,1,1,7,0.1428571429,0.3019281729,-0.019030,0.779001,0.4120127844
320011,,,,,,,-1.224830732,0.2647820199,0,0,0,0,0,0,1,1,2,0.5,-0.480024356,-0.019030,0.779001,-0.591776663
320017,-1.294445553,0.0998478454,-0.042594531,,,1.1916109066,0.3916865373,0.6961975639,1,1,1,0,0,1,1,1,6,0.1666666667,0.1737171282,-0.019030,0.779001,0.2474287605
320018,,0.0346247225,-0.536282489,,,0.3543056291,0.5943268788,-1.838368757,0,1,1,0,0,1,1,1,5,0.2,-0.278278803,-0.019030,0.779001,-0.332796674
320021,-0.9878033,-0.113486119,0.1288248983,-0.213658264,-0.379702421,0.0232405866,-0.26228911,-0.058779638,1,1,1,1,1,1,1,1,8,0.125,-0.232956671,-0.019030,0.779001,-0.274616828
320022,0.5454079659,,,,,,0.1153587989,0.6961975639,1,0,0,0,0,0,1,1,3,0.3333333333,0.4523214429,-0.019030,0.779001,0.6050720454
320030,0.2387657127,,,,,,,0.2647820199,1,0,0,0,0,0,0,1,2,0.5,0.2517738663,-0.019030,0.779001,0.3476298944
320033,,,,,,,,0.1569281339,0,0,0,0,0,0,0,1,1,1,0.1569281339,-0.019030,0.779001,0.2258767932
320059,,,,,,,-0.515589537,0.2647820199,0,0,0,0,0,0,1,1,2,0.5,-0.125403759,-0.019030,0.779001,-0.136551569
32005F,-0.9878033,-1.326907967,-0.481428271,,,,,-2.809053732,1,1,1,0,0,0,0,1,4,0.25,-1.401298317,-0.019030,0.779001,-1.774412496
320060,,,,,,,,,0,0,0,0,0,0,0,0,0,,,-0.019030,0.779001,
320061,,,1.0287769037,,,,-1.478131159,0.1569281339,0,0,1,0,0,0,1,1,3,0.3333333333,-0.097475374,-0.019030,0.779001,-0.100700009
320062,,,,,,,,,0,0,0,0,0,0,0,0,0,,,-0.019030,0.779001,
320063,,,-0.332293367,,,,-1.445892923,0.3726359059,0,0,1,0,0,0,1,1,3,0.3333333333,-0.468516795,-0.019030,0.779001,-0.577004451
320065,,,,,,,1.0249376044,0.4265628489,0,0,0,0,0,0,1,1,2,0.5,0.7257502267,-0.019030,0.779001,0.9560715212
320074,,,,,,,0.4400438915,0.3726359059,0,0,0,0,0,0,1,1,2,0.5,0.4063398987,-0.019030,0.779001,0.5460457144
320084,,,,,,,,0.0490742479,0,0,0,0,0,0,0,1,1,1,0.0490742479,-0.019030,0.779001,0.0874251755
320085,,0.9776423739,0.3653837112,0.2571419996,,-0.846206928,-0.451113065,-0.975537669,0,1,1,1,0,1,1,1,6,0.1666666667,-0.11211493,-0.019030,0.779001,-0.11949275
320086,-1.601087806,,,,,,,0.2108550769,1,0,0,0,0,0,0,1,2,0.5,-0.695116365,-0.019030,0.779001,-0.867889445
320090,,,,1.149255,,,0.2051653139,0.3187089629,0,0,0,1,0,0,1,1,3,0.3333333333,0.5577097589,-0.019030,0.779001,0.7403586205
320091,,,1.0287769037,,,,-1.812027176,0.1569281339,0,0,1,0,0,0,1,1,3,0.3333333333,-0.208774046,-0.019030,0.779001,-0.243573686
321300,,,,,,,,,0,0,0,0,0,0,0,0,0,,,-0.019030,0.779001,
321301,,,,,,,,,0,0,0,0,0,0,0,0,0,,,-0.019030,0.779001,
321302,,,,,,,,,0,0,0,0,0,0,0,0,0,,,-0.019030,0.779001,
321304,,,,,,,,,0,0,0,0,0,0,0,0,0,,,-0.019030,0.779001,
321305,,,,,,,,,0,0,0,0,0,0,0,0,0,,,-0.019030,0.779001,
321306,,,,,,,-0.354398356,,0,0,0,0,0,0,1,0,1,1,-0.354398356,-0.019030,0.779001,-0.430511051
321307,,,,,,,,,0,0,0,0,0,0,0,0,0,,,-0.019030,0.779001,
321308,,,,,,,,,0,0,0,0,0,0,0,0,0,,,-0.019030,0.779001,
321309,,,1.0287769037,,,,-3.274261459,,0,0,1,0,0,0,1,0,2,0.5,-1.122742277,-0.019030,0.779001,-1.416831181
321310,,,,,,,-0.950805725,,0,0,0,0,0,0,1,0,1,1,-0.950805725,-0.019030,0.779001,-1.196116892
321311,0.6987290924,,-0.284295927,,,,-2.180464161,,1,0,1,0,0,0,1,0,3,0.3333333333,-0.588676998,-0.019030,0.779001,-0.731253641
321312,,,,,,,,,0,0,0,0,0,0,0,0,0,,,-0.019030,0.779001,
321313,,,,,,,,,0,0,0,0,0,0,0,0,0,,,-0.019030,0.779001,
330005,-0.221197667,-0.055057071,-0.150588772,0.1755544539,0.35297223,-0.59710459,-0.398150248,-2.000149586,1,1,1,1,1,1,1,1,8,0.125,-0.361715156,-0.019030,0.779001,-0.439903599
330006,,0.0563657635,-2.238477424,,,-0.396215608,-0.633028826,-0.004852695,0,1,1,0,0,1,1,1,5,0.2,-0.643241758,-0.019030,0.779001,-0.801298213
330008,,,,,,,1.0249376044,-0.651976011,0,0,0,0,0,0,1,1,2,0.5,0.1864807966,-0.019030,0.779001,0.2638134324
330009,,-1.060580216,0.8864987772,-0.581470971,,0.265914477,0.0439741331,0.4265628489,0,1,1,1,0,1,1,1,6,0.1666666667,-0.003183492,-0.019030,0.779001,0.0203421166
330011,1.1586924721,-0.786099574,0.7716477593,-0.628283497,,-0.87352783,-2.139015,-4.21115425,1,1,1,1,0,1,1,1,7,0.1428571429,-0.95824856,-0.019030,0.779001,-1.20567123
330013,-0.374518794,0.0033719761,-0.027166783,-0.752671067,0.5568379167,-0.164791501,0.0670014447,-1.460880156,1,1,1,1,1,1,1,1,8,0.125,-0.26910212,-0.019030,0.779001,-0.321016602
330014,,0.4436280555,-0.030595171,0.1675294494,,-0.797993572,-0.027410533,-1.191245441,0,1,1,1,0,1,1,1,6,0.1666666667,-0.239347869,-0.019030,0.779001,-0.282821184
330019,,,1.0287769037,,,,,-1.029464612,0,0,1,0,0,0,0,1,2,0.5,-0.000343854,-0.019030,0.779001,0.0239873483
330023,,-0.113486119,0.3225288538,0.4805046249,1.1084136071,0.7641191526,-0.045832382,-0.598049068,0,1,1,1,1,1,1,1,7,0.1428571429,0.2740283813,-0.019030,0.779001,0.3761979295
330024,0.2387657127,-0.209961988,0.219677196,0.4096170852,-1.182746953,0.0714539423,-0.225445412,0.3726359059,1,1,1,1,1,1,1,1,8,0.125,-0.038250564,-0.019030,0.779001,-0.024673349
330027,,0.022395387,0.8813561943,,,0.0827037253,-0.483351301,-0.705902954,0,1,1,0,0,1,1,1,5,0.2,-0.04055979,-0.019030,0.779001,-0.027637693
330028,-0.06787654,-1.417948576,-0.001453868,1.149255,,-1.440838315,-0.743559921,-0.27448741,1,1,1,1,0,1,1,1,7,0.1428571429,-0.399558519,-0.019030,0.779001,-0.488482978
330030,,-0.057774702,0.2916733565,,,,-1.010676735,-0.705902954,0,1,1,0,0,0,1,1,4,0.25,-0.370670259,-0.019030,0.779001,-0.45139923
330033,,,,,,,1.0249376044,-1.730514871,0,0,0,0,0,0,1,1,2,0.5,-0.352788633,-0.019030,0.779001,-0.428444656
330043,1.7719769784,0.796919971,0.4562360089,0.8643673402,1.1084136071,-0.70960242,0.5390613311,1.34332088,1,1,1,1,1,1,1,1,8,0.125,0.7713367121,-0.019030,0.779001,1.0145907168
330044,,0.5088511783,0.0534003493,-3.102659885,,-0.139077711,-0.32216012,-1.191245441,0,1,1,1,0,1,1,1,6,0.1666666667,-0.698815272,-0.019030,0.779001,-0.872637718
330045,1.3120135987,0.2126294953,1.0287769037,0.0765793984,,0.1469881995,-0.025107801,1.289393937,1,1,1,1,0,1,1,1,7,0.1428571429,0.5773248188,-0.019030,0.779001,0.7655383972
330046,0.3920868393,-0.056415886,0.3396707967,-0.204295759,-0.577359,0.2273437924,0.5874186853,0.5883436779,1,1,1,1,1,1,1,1,8,0.125,0.1620991432,-0.019030,0.779001,0.232514798
330047,,,1.0287769037,1.149255,,,-1.031401315,-0.867683783,0,0,1,1,0,0,1,1,4,0.25,0.0697367013,-0.019030,0.779001,0.1139494873
330049,-1.601087806,0.9776423739,0.0448293778,,,1.1916109066,0.7163716299,1.073686165,1,1,1,0,0,1,1,1,6,0.1666666667,0.4005087745,-0.019030,0.779001,0.5385603227
330055,0.5454079659,0.8716547992,0.5985141354,1.149255,,0.3655554121,0.4676766653,0.911905336,1,1,1,1,0,1,1,1,7,0.1428571429,0.7014241877,-0.019030,0.779001,0.9248442788
330056,0.6987290924,-0.854040327,0.4836631176,0.3440795484,0.1584202042,-1.460123657,0.9650665944,-0.004852695,1,1,1,1,1,1,1,1,8,0.125,0.0413677347,-0.019030,0.779001,0.0775323543
330057,-0.06787654,0.3009524742,-0.239726875,0.3641420597,-0.394190337,-0.005687427,-0.112611585,-1.299099327,1,1,1,1,1,1,1,1,8,0.125,-0.181762195,-0.019030,0.779001,-0.208898676
330058,0.2387657127,-0.148815311,-1.208246653,1.149255,,,-0.978438499,-1.838368757,1,1,1,1,0,0,1,1,6,0.1666666667,-0.464308084,-0.019030,0.779001,-0.571601746
330059,-0.374518794,-0.690982519,-0.537996683,-0.403583371,0.6665321441,-0.110149698,-0.084978811,-1.838368757,1,1,1,1,1,1,1,1,8,0.125,-0.421755811,-0.019030,0.779001,-0.516977556
330065,,-3.712987212,0.3362424082,-1.268946356,,0.2948424904,-0.135638897,-2.215857358,0,1,1,1,0,1,1,1,6,0.1666666667,-1.117057487,-0.019030,0.779001,-1.409533638
330073,-0.06787654,0.9776423739,0.4870915062,,,-0.246754205,-0.188601713,-0.598049068,1,1,1,0,0,1,1,1,6,0.1666666667,0.0605753921,-0.019030,0.779001,0.10218915
330074,,-2.658546726,-0.044308726,0.2317294854,,-0.646925058,-0.732046265,-0.759829897,0,1,1,1,0,1,1,1,6,0.1666666667,-0.768321198,-0.019030,0.779001,-0.961862207
330078,,0.5292334042,-1.071111109,0.1394419336,-0.176871585,-1.603156613,0.5505749868,-2.269784301,0,1,1,1,1,1,1,1,7,0.1428571429,-0.557381898,-0.019030,0.779001,-0.691080241
330079,1.3120135987,,,,,,-1.508066664,-0.382341296,1,0,0,0,0,0,1,1,3,0.3333333333,-0.192798121,-0.019030,0.779001,-0.223065452
330080,,0.6569620198,0.5539450837,-0.106658204,,-1.318697814,-0.391242055,0.1030011909,0,1,1,1,0,1,1,1,6,0.1666666667,-0.08378163,-0.019030,0.779001,-0.083121403
330085,-0.06787654,,,,,,1.0249376044,-0.544122125,1,0,0,0,0,0,1,1,3,0.3333333333,0.1376463129,-0.019030,0.779001,0.201124794
330086,,,,,,,-0.188601713,0.1030011909,0,0,0,0,0,0,1,1,2,0.5,-0.042800261,-0.019030,0.779001,-0.030513778
330090,0.2387657127,-0.692341334,-0.404289528,-1.3465214,,-1.349232939,0.8292054564,-8.309601918,1,1,1,1,0,1,1,1,7,0.1428571429,-1.576287993,-0.019030,0.779001,-1.999046068
330094,-0.834482173,-0.511618931,-2.22476387,0.4216545919,,,-1.996245669,-3.348323162,1,1,1,1,0,0,1,1,6,0.1666666667,-1.415629869,-0.019030,0.779001,-1.792809853
330096,,,,,,,1.0249376044,-0.544122125,0,0,0,0,0,0,1,1,2,0.5,0.2404077396,-0.019030,0.779001,0.3330392413
33009F,0.2387657127,-1.684276328,-0.267153984,,,,,0.4804897919,1,1,1,0,0,0,0,1,4,0.25,-0.308043702,-0.019030,0.779001,-0.37100576
330100,,,,,,,,,0,0,0,0,0,0,0,0,0,,,-0.019030,0.779001,
330101,1.1586924721,-0.348561124,-0.188301046,-0.210983263,0.3674601468,-0.142291935,0.2028625827,2.2061519681,1,1,1,1,1,1,1,1,8,0.125,0.3806287252,-0.019030,0.779001,0.51304038
330102,,0.9776423739,1.0287769037,-0.071883185,,0.2868069311,-0.147152553,0.1030011909,0,1,1,1,0,1,1,1,6,0.1666666667,0.362865277,-0.019030,0.779001,0.4902375101
330103,-1.141124426,0.4884689524,1.0287769037,1.149255,,1.1916109066,-1.153446066,-0.004852695,1,1,1,1,0,1,1,1,7,0.1428571429,0.2226697964,-0.019030,0.779001,0.310269112
330104,0.5454079659,-0.238497104,-1.165391795,-0.977371193,,0.1775233248,0.2650363239,-0.112706581,1,1,1,1,0,1,1,1,7,0.1428571429,-0.215142723,-0.019030,0.779001,-0.251749131
330106,1.4653347253,-0.71272356,0.1219681211,0.8202298155,,-0.153541718,0.0554877889,0.3726359059,1,1,1,1,0,1,1,1,7,0.1428571429,0.2813415827,-0.019030,0.779001,0.3855858579
330107,2.5385826113,-0.133868345,-0.625420592,1.149255,,0.2691287007,-0.114914316,0.3726359059,1,1,1,1,0,1,1,1,7,0.1428571429,0.4936284235,-0.019030,0.779001,0.6580976572
330111,,,,,,,,0.0490742479,0,0,0,0,0,0,0,1,1,1,0.0490742479,-0.019030,0.779001,0.0874251755
330115,,0.9776423739,1.0287769037,-0.58013347,,,-0.375122937,0.5883436779,0,1,1,1,0,0,1,1,5,0.2,0.3279013098,-0.019030,0.779001,0.4453544001
330119,0.2387657127,-0.370302165,0.0294016292,0.9044923627,0.0197501432,0.6934062309,0.5252449442,0.5344167349,1,1,1,1,1,1,1,1,8,0.125,0.3218969491,-0.019030,0.779001,0.4376466254
33011F,,,,,,,,,0,0,0,0,0,0,0,0,0,,,-0.019030,0.779001,
330125,-0.06787654,-0.36350809,0.236819139,-0.320658324,-0.339343224,-0.707995308,-0.034318726,-2.916907618,1,1,1,1,1,1,1,1,8,0.125,-0.564223586,-0.019030,0.779001,-0.69986289
330126,0.5454079659,0.6053270476,-0.424859859,-1.191371313,-1.489062908,-0.788350901,-1.098180519,1.127613108,1,1,1,1,1,1,1,1,8,0.125,-0.339184672,-0.019030,0.779001,-0.410981304
330127,,-0.14066242,-1.011114309,-4.694285777,,-0.286932002,0.1591106908,-1.299099327,0,1,1,1,0,1,1,1,6,0.1666666667,-1.212163857,-0.019030,0.779001,-1.531621319
330128,,0.9776423739,-0.323722396,-0.244420782,,0.0039552443,0.373264688,-0.220560467,0,1,1,1,0,1,1,1,6,0.1666666667,0.0943597769,-0.019030,0.779001,0.1455580346
33012F,1.6186558519,0.0115248665,-0.536282489,,,,,-0.112706581,1,1,1,0,0,0,0,1,4,0.25,0.2452979122,-0.019030,0.779001,0.339316737
330135,,,,,,,-0.075767887,0.2647820199,0,0,0,0,0,0,1,1,2,0.5,0.0945070665,-0.019030,0.779001,0.1457471097
330136,-1.754408933,-0.393402021,0.8059316453,-0.026408159,,1.1916109066,-1.229436195,-2.809053732,1,1,1,1,0,1,1,1,7,0.1428571429,-0.602166641,-0.019030,0.779001,-0.748570243
330140,0.6987290924,0.4585750211,0.0259732406,0.1702044509,,0.3735909714,0.0485795955,-1.083391555,1,1,1,1,0,1,1,1,7,0.1428571429,0.0988944024,-0.019030,0.779001,0.1513791158
330141,0.3920868393,-0.286055632,0.4562360089,-2.298821934,,0.1935944434,0.5897214164,0.3726359059,1,1,1,1,0,1,1,1,7,0.1428571429,-0.082943279,-0.019030,0.779001,-0.082045215
330144,,,,,,,,,0,0,0,0,0,0,0,0,0,,,-0.019030,0.779001,
330151,,,,,,,,0.1569281339,0,0,0,0,0,0,0,1,1,1,0.1569281339,-0.019030,0.779001,0.2258767932
330153,0.0854445862,0.364816782,0.6910806274,0.6115796984,,1.1916109066,0.5851159541,-2.000149586,1,1,1,1,0,1,1,1,7,0.1428571429,0.2184998526,-0.019030,0.779001,0.3049161712
330157,-0.06787654,0.0563657635,-0.090591972,-1.718346608,,-0.254789765,-0.858696479,1.019759222,1,1,1,1,0,1,1,1,7,0.1428571429,-0.273453768,-0.019030,0.779001,-0.326602796
330158,1.3120135987,0.3349228507,-0.587708317,0.0739043969,,0.7014417902,0.6495924264,1.289393937,1,1,1,1,0,1,1,1,7,0.1428571429,0.5390800975,-0.019030,0.779001,0.7164437959
33015F,,,,,,,,,0,0,0,0,0,0,0,0,0,,,-0.019030,0.779001,
330160,-0.221197667,-0.099897968,-0.339150144,0.9392673822,1.1084136071,-1.080845259,-0.391242055,-1.8922957,1,1,1,1,1,1,1,1,8,0.125,-0.247118476,-0.019030,0.779001,-0.292796282
330162,1.1586924721,0.9776423739,0.4613785918,0.8295923207,-0.855733973,0.0521686,0.642684233,1.8286633671,1,1,1,1,1,1,1,1,8,0.125,0.6368859982,-0.019030,0.779001,0.8419968536
330164,0.3920868393,-1.85412821,-0.296295287,-1.200733818,0.3395191644,-1.386196512,0.2120735073,-0.382341296,1,1,1,1,1,1,1,1,8,0.125,-0.522001952,-0.019030,0.779001,-0.645663141
330166,,,,,,,,,0,0,0,0,0,0,0,0,0,,,-0.019030,0.779001,
330169,,0.546898,0.7665051765,1.149255,,-1.037453239,0.8798655417,0.2647820199,0,1,1,1,0,1,1,1,6,0.1666666667,0.4283087498,-0.019030,0.779001,0.5742470439
33016F,-0.06787654,-1.904404368,-1.619653284,,,,,-1.838368757,1,1,1,0,0,0,0,1,4,0.25,-1.357575737,-0.019030,0.779001,-1.718285988
330175,,,1.0287769037,,,,0.0877260251,0.3187089629,0,0,1,0,0,0,1,1,3,0.3333333333,0.4784039639,-0.019030,0.779001,0.6385540771
33017F,-0.52783992,,,,,,,-0.598049068,1,0,0,0,0,0,0,1,2,0.5,-0.562944494,-0.019030,0.779001,-0.698220925
330180,,-0.80919943,0.5213753921,0.2156794764,,-1.334768933,0.4907039769,0.6422706209,0,1,1,1,0,1,1,1,6,0.1666666667,-0.045656483,-0.019030,0.779001,-0.034180298
330181,,,1.0287769037,,,,0.4055029242,0.3187089629,0,0,1,0,0,0,1,1,3,0.3333333333,0.5843295969,-0.019030,0.779001,0.7745304039
330182,-0.681161047,0.5767919313,0.6550825472,-0.343395837,,-0.690317078,0.6472896953,-1.137318498,1,1,1,1,0,1,1,1,7,0.1428571429,-0.139004041,-0.019030,0.779001,-0.154010199
330184,1.1586924721,-1.201896982,-1.29909895,,,-1.977613675,0.1429915727,0.3187089629,1,1,1,0,0,1,1,1,6,0.1666666667,-0.476369433,-0.019030,0.779001,-0.587084853
330185,0.2387657127,0.6257092734,0.7716477593,1.149255,,-1.124237279,0.5482722557,0.1569281339,1,1,1,1,0,1,1,1,7,0.1428571429,0.3380486937,-0.019030,0.779001,0.4583805577
330188,,,1.0287769037,,,1.1916109066,0.8292054564,0.3187089629,0,0,1,0,0,1,1,1,4,0.25,0.8420755574,-0.019030,0.779001,1.1053978999
330191,,0.6678325403,0.2093920302,-0.352758342,,0.1678806537,0.7002525118,-2.323711244,0,1,1,1,0,1,1,1,6,0.1666666667,-0.155185308,-0.019030,0.779001,-0.17478203
330193,,-0.152891756,0.6825096559,-0.965333686,,1.1916109066,-0.384333861,-0.436268239,0,1,1,1,0,1,1,1,6,0.1666666667,-0.010784497,-0.019030,0.779001,0.0105847359
330194,0.3920868393,-0.753488012,-0.784840661,0.3908920747,-0.325890158,-0.312645792,0.1683216154,0.0490742479,1,1,1,1,1,1,1,1,8,0.125,-0.147061231,-0.019030,0.779001,-0.164353182
330195,1.3120135987,0.3376404808,0.3619553226,0.3534420537,0.1180610073,-0.094078579,0.1498997662,0.0490742479,1,1,1,1,1,1,1,1,8,0.125,0.3235009873,-0.019030,0.779001,0.4397057231
330196,,-0.037392476,0.7167935419,-0.158820734,,-1.447266763,0.928222896,-0.975537669,0,1,1,1,0,1,1,1,6,0.1666666667,-0.162333534,-0.019030,0.779001,-0.183958179
330197,,-2.352813337,-0.056308086,,,,-2.454489168,-1.245172384,0,1,1,0,0,0,1,1,4,0.25,-1.527195744,-0.019030,0.779001,-1.936026537
330198,0.0854445862,0.4694455416,0.5505166952,0.9312423777,0.599266816,0.040918817,0.373264688,0.0490742479,1,1,1,1,1,1,1,1,8,0.125,0.3873967212,-0.019030,0.779001,0.5217284304
330199,,0.9776423739,0.2419617219,1.149255,,1.1916109066,0.7140688987,0.3726359059,0,1,1,1,0,1,1,1,6,0.1666666667,0.7745291345,-0.019030,0.779001,1.0186888172
33019F,0.3920868393,-0.031957215,-3.155571373,,,,,0.5344167349,1,1,1,0,0,0,0,1,4,0.25,-0.565256254,-0.019030,0.779001,-0.701188521
330202,,0.4259634597,-1.609368118,-0.902471151,,-1.374946729,0.1867434646,-1.245172384,0,1,1,1,0,1,1,1,6,0.1666666667,-0.753208576,-0.019030,0.779001,-0.942462193
330203,1.0053713456,0.0971302152,0.4013817914,-0.204295759,0.0487259768,0.4941243607,0.3203018715,-1.35302627,1,1,1,1,1,1,1,1,8,0.125,0.1012141915,-0.019030,0.779001,0.1543570201
330204,,-1.15297964,-1.547657123,-0.470458408,,-0.587461919,-0.105703392,-1.137318498,0,1,1,1,0,1,1,1,6,0.1666666667,-0.833596497,-0.019030,0.779001,-1.045655857
330205,0.3920868393,,,,,,-0.884026522,0.750124507,1,0,0,0,0,0,1,1,3,0.3333333333,0.0860616082,-0.019030,0.779001,0.1349057074
330208,0.852050219,0.0020131611,-1.456804825,-1.200733818,,0.4073403204,-0.345187432,-0.544122125,1,1,1,1,0,1,1,1,7,0.1428571429,-0.326492071,-0.019030,0.779001,-0.394687861
33020F,0.6987290924,0.0835420646,0.3859540427,,,,,-0.759829897,1,1,1,0,0,0,0,1,4,0.25,0.1020988256,-0.019030,0.779001,0.1554926216
330211,,-0.788817204,1.0287769037,,,,-1.379113719,0.4804897919,0,1,1,0,0,0,1,1,4,0.25,-0.164666057,-0.019030,0.779001,-0.18695243
330214,1.1586924721,0.3838401928,0.0328300178,-0.033095663,0.198779401,0.2819855955,0.3939892684,1.8286633671,1,1,1,1,1,1,1,1,8,0.125,0.5307105815,-0.019030,0.779001,0.7056998804
330215,,,-0.573994763,,,,-1.158051529,-2.215857358,0,0,1,0,0,0,1,1,3,0.3333333333,-1.315967883,-0.019030,0.779001,-1.664874147
330218,,,-0.315151424,,,,0.5321531376,-0.166633524,0,0,1,0,0,0,1,1,3,0.3333333333,0.0167893964,-0.019030,0.779001,0.0459812361
330219,-0.52783992,-0.018369065,0.4905198948,-1.548484013,,0.4491252287,-0.386636592,-6.530012799,1,1,1,1,0,1,1,1,7,0.1428571429,-1.153099609,-0.019030,0.779001,-1.455800771
330221,,-0.976333682,-1.22710279,0.3133170312,,-0.208183521,-0.292224615,-0.058779638,0,1,1,1,0,1,1,1,6,0.1666666667,-0.408217869,-0.019030,0.779001,-0.499598952
330222,-0.221197667,0.661038465,0.2796739964,0.5513921647,,1.1916109066,0.2189817008,-0.382341296,1,1,1,1,0,1,1,1,7,0.1428571429,0.3284511815,-0.019030,0.779001,0.4460602683
330224,,-0.862193217,0.329385631,1.149255,,0.3960905374,-0.098795198,-0.27448741,0,1,1,1,0,1,1,1,6,0.1666666667,0.1065425572,-0.019030,0.779001,0.1611970226
330226,-0.374518794,0.5265157741,0.1939642816,0.699854748,,-0.143899047,-0.029713264,-0.651976011,1,1,1,1,0,1,1,1,7,0.1428571429,0.0314610984,-0.019030,0.779001,0.0648152433
330229,,,,,,,-0.729743534,0.2108550769,0,0,0,0,0,0,1,1,2,0.5,-0.259444229,-0.019030,0.779001,-0.308618804
330231,,0.6216328283,0.7836471194,0.1140294194,,-1.019775009,0.1153587989,0.5883436779,0,1,1,1,0,1,1,1,6,0.1666666667,0.2005394725,-0.019030,0.779001,0.2818605006
330233,,-0.618965321,-0.114590692,0.2410919906,,-0.452464523,0.433135698,-4.265081193,0,1,1,1,0,1,1,1,6,0.1666666667,-0.796145673,-0.019030,0.779001,-0.997580379
330234,-0.9878033,0.2887231387,0.1871075044,0.769404787,-0.049584887,0.1952015553,-1.045217702,-2.755126788,1,1,1,1,1,1,1,1,8,0.125,-0.424661962,-0.019030,0.779001,-0.520708171
330235,-0.52783992,-0.556459828,-0.008310645,1.149255,,-1.392624959,-0.455718527,-0.598049068,1,1,1,1,0,1,1,1,7,0.1428571429,-0.341392564,-0.019030,0.779001,-0.413815566
330238,0.6987290924,,1.0287769037,,,,-0.42117756,0.3726359059,1,0,1,0,0,0,1,1,4,0.25,0.4197410856,-0.019030,0.779001,0.5632487663
330239,0.0854445862,-1.506271555,-0.133446829,1.149255,,,-1.475828428,0.4804897919,1,1,1,1,0,0,1,1,6,0.1666666667,-0.233392906,-0.019030,0.779001,-0.275176821
330240,,0.3145406248,-0.0220242,0.1167044209,,-1.066381252,0.5782077607,-0.975537669,0,1,1,1,0,1,1,1,6,0.1666666667,-0.175748386,-0.019030,0.779001,-0.201178773
330241,1.1586924721,0.0835420646,-0.772841301,-0.049145672,,-1.630477514,-0.025107801,-1.35302627,1,1,1,1,0,1,1,1,7,0.1428571429,-0.369766289,-0.019030,0.779001,-0.450238807
330245,,0.6501679445,-0.354577893,-2.127621838,,0.5905510721,-0.156363477,-1.137318498,0,1,1,1,0,1,1,1,6,0.1666666667,-0.422527115,-0.019030,0.779001,-0.517967676
330246,1.1586924721,0.9776423739,0.3893824313,1.149255,,0.5568017231,0.5620886426,0.0490742479,1,1,1,1,0,1,1,1,7,0.1428571429,0.6918481273,-0.019030,0.779001,0.9125515269
33024F,0.6987290924,-3.195278674,-0.280867538,,,,,0.2108550769,1,1,1,0,0,0,0,1,4,0.25,-0.641640511,-0.019030,0.779001,-0.799242698
330250,-1.141124426,0.9776423739,-1.209960847,-0.431670887,,0.1148459624,-0.904751102,-2.593345959,1,1,1,1,0,1,1,1,7,0.1428571429,-0.741194984,-0.019030,0.779001,-0.927040391
330259,0.6987290924,0.9776423739,1.0287769037,-0.082583191,,1.1916109066,0.8245999941,-1.406953213,1,1,1,1,0,1,1,1,7,0.1428571429,0.4616889809,-0.019030,0.779001,0.6170971179
330261,0.3920868393,0.9776423739,0.3928108199,0.6597297255,,1.1916109066,1.0249376044,-0.921610726,1,1,1,1,0,1,1,1,7,0.1428571429,0.531029649,-0.019030,0.779001,0.7061094663
330264,-0.221197667,0.6678325403,-0.364863059,0.2624920027,,-1.145129733,-0.527103193,-0.382341296,1,1,1,1,0,1,1,1,7,0.1428571429,-0.244330058,-0.019030,0.779001,-0.289216801
330265,,,,,,,1.0249376044,-0.436268239,0,0,0,0,0,0,1,1,2,0.5,0.2943346826,-0.019030,0.779001,0.4022650502
330267,-0.374518794,0.9776423739,1.0287769037,1.149255,,-1.400660519,0.6680142757,-0.598049068,1,1,1,1,0,1,1,1,7,0.1428571429,0.2072085961,-0.019030,0.779001,0.2904216288
330270,1.0053713456,0.9776423739,-1.249387316,,,,0.3226046027,1.34332088,1,1,1,0,0,0,1,1,5,0.2,0.4799103773,-0.019030,0.779001,0.6404878542
330273,,,,,,,-0.692899836,0.2647820199,0,0,0,0,0,0,1,1,2,0.5,-0.214058908,-0.019030,0.779001,-0.250357842
330276,,,1.0287769037,,,,,-2.161930415,0,0,1,0,0,0,0,1,2,0.5,-0.566576756,-0.019030,0.779001,-0.702883645
330277,-1.754408933,,-1.199675681,-0.067870683,,,0.7762426399,-0.112706581,1,0,1,1,0,0,1,1,5,0.2,-0.471683848,-0.019030,0.779001,-0.581069984
330279,,0.8173021969,0.6567967415,-0.471795909,,0.5857297365,-0.015896877,-0.544122125,0,1,1,1,0,1,1,1,6,0.1666666667,0.1713356273,-0.019030,0.779001,0.244371637
330285,,-0.559177459,-0.615135426,-1.375946416,-0.81020052,-0.068364789,0.0854232939,-2.43156513,0,1,1,1,1,1,1,1,7,0.1428571429,-0.824995207,-0.019030,0.779001,-1.034614414
330286,-0.221197667,0.7697436698,0.3156720766,0.7038672502,-0.341412926,-0.010508762,0.0646987135,-3.078688447,1,1,1,1,1,1,1,1,8,0.125,-0.224728261,-0.019030,0.779001,-0.26405405
330304,2.2319403581,0.9776423739,0.4905198948,0.5727921767,0.6220335424,1.1916109066,0.7992699514,1.34332088,1,1,1,1,1,1,1,1,8,0.125,1.0286412605,-0.019030,0.779001,1.3448915738
330307,-0.374518794,0.9776423739,0.097969401,-2.111571829,,0.2000228908,0.0370659397,-0.27448741,1,1,1,1,0,1,1,1,7,0.1428571429,-0.206839632,-0.019030,0.779001,-0.241090486
330331,0.2387657127,0.9776423739,0.6567967415,1.149255,,0.4700176828,0.928222896,0.4265628489,1,1,1,1,0,1,1,1,7,0.1428571429,0.6924661794,-0.019030,0.779001,0.913344918
330332,-0.52783992,-0.443678178,1.0287769037,-0.178883245,,-0.486213872,0.2351008189,-2.323711244,1,1,1,1,0,1,1,1,7,0.1428571429,-0.385206962,-0.019030,0.779001,-0.47005994
330350,0.0854445862,-0.072721667,0.0431151835,,,0.3623411884,-0.460323989,0.4804897919,1,1,1,0,0,1,1,1,6,0.1666666667,0.0730575156,-0.019030,0.779001,0.1182124038
330386,,,-1.756788827,,,,-1.514974858,0.80405145,0,0,1,0,0,0,1,1,3,0.3333333333,-0.822570745,-0.019030,0.779001,-1.031502142
330393,1.6186558519,0.3362816657,-0.454001162,-0.621595993,-1.815041037,-0.15514883,-0.126427972,0.4265628489,1,1,1,1,1,1,1,1,8,0.125,-0.098839328,-0.019030,0.779001,-0.102450912
330394,0.6987290924,0.1297417767,0.1476810356,-0.913171157,,0.0730610541,-0.474140376,-2.916907618,1,1,1,1,0,1,1,1,7,0.1428571429,-0.465000885,-0.019030,0.779001,-0.57249109
330395,,-2.447930391,-1.269957647,,,-1.702797548,-0.430388484,-0.705902954,0,1,1,0,0,1,1,1,5,0.2,-1.311395405,-0.019030,0.779001,-1.659004474
330396,,0.5903800819,0.0174022691,,,0.6210861974,0.2949718288,-3.67188482,0,1,1,0,0,1,1,1,5,0.2,-0.429608888,-0.019030,0.779001,-0.527058522
330399,,-0.074080482,1.0287769037,-0.736621058,,0.2353793517,0.7716371775,-2.701199845,0,1,1,1,0,1,1,1,6,0.1666666667,-0.246017992,-0.019030,0.779001,-0.291383596
330401,-0.374518794,0.9776423739,1.0287769037,-0.422308381,,0.0248476984,0.5597859115,0.750124507,1,1,1,1,0,1,1,1,7,0.1428571429,0.3634786028,-0.019030,0.779001,0.491024834
330405,,,,,,,,,0,0,0,0,0,0,0,0,0,,,-0.019030,0.779001,
330406,,,,,,,,,0,0,0,0,0,0,0,0,0,,,-0.019030,0.779001,
331301,,,,,,,,,0,0,0,0,0,0,0,0,0,,,-0.019030,0.779001,
331302,,,,,,,-1.521883051,,0,0,0,0,0,0,1,0,1,1,-1.521883051,-0.019030,0.779001,-1.929206654
331303,,,,,,,,,0,0,0,0,0,0,0,0,0,,,-0.019030,0.779001,
331304,,,,,,,,,0,0,0,0,0,0,0,0,0,,,-0.019030,0.779001,
331305,,,,,,,,,0,0,0,0,0,0,0,0,0,,,-0.019030,0.779001,
331307,,,,,,,,,0,0,0,0,0,0,0,0,0,,,-0.019030,0.779001,
331309,,,,,,,,,0,0,0,0,0,0,0,0,0,,,-0.019030,0.779001,
331310,,,,,,,,,0,0,0,0,0,0,0,0,0,,,-0.019030,0.779001,
331311,,,,,,,1.0249376044,,0,0,0,0,0,0,1,0,1,1,1.0249376044,-0.019030,0.779001,1.3401372048
331312,,,,,,,,,0,0,0,0,0,0,0,0,0,,,-0.019030,0.779001,
331313,,,,,,,,,0,0,0,0,0,0,0,0,0,,,-0.019030,0.779001,
331314,,,,,,,,,0,0,0,0,0,0,0,0,0,,,-0.019030,0.779001,
331315,,,,,,,-0.209326294,,0,0,0,0,0,0,1,0,1,1,-0.209326294,-0.019030,0.779001,-0.244282604
331316,1.6186558519,,,,,,,,1,0,0,0,0,0,0,0,1,1,1.6186558519,-0.019030,0.779001,2.1022910305
331317,,,,,,,,,0,0,0,0,0,0,0,0,0,,,-0.019030,0.779001,
331319,,,,,,,,,0,0,0,0,0,0,0,0,0,,,-0.019030,0.779001,
331320,,,,,,,-1.137326948,,0,0,0,0,0,0,1,0,1,1,-1.137326948,-0.019030,0.779001,-1.435553467
331321,,,,,,,-2.491332866,,0,0,0,0,0,0,1,0,1,1,-2.491332866,-0.019030,0.779001,-3.173685645
340001,-1.141124426,-0.101256783,0.2796739964,-1.095071259,,0.3575198528,0.4953094392,0.1030011909,1,1,1,1,0,1,1,1,7,0.1428571429,-0.157421141,-0.019030,0.779001,-0.17765216
340002,1.3120135987,0.0658774689,0.5762296096,0.855004835,0.4988862494,-0.031401217,0.3410264519,1.289393937,1,1,1,1,1,1,1,1,8,0.125,0.6133788667,-0.019030,0.779001,0.8118208396
340003,,0.9776423739,1.0287769037,0.2143419756,,1.1916109066,0.0670014447,-0.598049068,0,1,1,1,0,1,1,1,6,0.1666666667,0.4802207561,-0.019030,0.779001,0.6408862862
340004,-0.9878033,0.1868120092,-0.489999243,-0.717896047,-0.622892453,-0.736923322,-0.193207176,0.4804897919,1,1,1,1,1,1,1,1,8,0.125,-0.385177467,-0.019030,0.779001,-0.470022078
340008,-0.06787654,,-1.040255612,,,-0.748173105,-1.056731358,-0.058779638,1,0,1,0,0,1,1,1,5,0.2,-0.594363251,-0.019030,0.779001,-0.738553061
340010,,-0.264314591,-1.052254972,1.149255,,0.0248476984,0.2489172058,-0.112706581,0,1,1,1,0,1,1,1,6,0.1666666667,-0.001042707,-0.019030,0.779001,0.0230902343
340013,1.0053713456,,-0.121447469,1.149255,,,0.6541978887,-0.382341296,1,0,1,1,0,0,1,1,5,0.2,0.4610070938,-0.019030,0.779001,0.6162217821
340014,2.8452248644,-0.089027448,-0.035737754,0.4698046189,0.4523179454,0.3093064971,0.2581281304,1.019759222,1,1,1,1,1,1,1,1,8,0.125,0.6537220095,-0.019030,0.779001,0.8636091765
340015,-0.374518794,0.9776423739,-1.599082952,1.149255,,-1.048703022,0.9512502075,0.0490742479,1,1,1,1,0,1,1,1,7,0.1428571429,0.0149881517,-0.019030,0.779001,0.0436689852
340016,-0.9878033,0.9776423739,-1.955635366,1.149255,,,0.2857609042,0.750124507,1,1,1,1,0,0,1,1,6,0.1666666667,0.0365573533,-0.019030,0.779001,0.0713572861
340017,-0.834482173,0.9776423739,0.3705262941,0.3895545739,,-0.301396009,-0.280710959,-0.27448741,1,1,1,1,0,1,1,1,7,0.1428571429,0.0066638129,-0.019030,0.779001,0.0329830636
340020,,,-5.390880735,,,,0.4722821276,-0.382341296,0,0,1,0,0,0,1,1,3,0.3333333333,-1.766979968,-0.019030,0.779001,-2.243836621
340021,-0.9878033,-0.866269662,1.0287769037,0.5353421557,,0.029669034,0.5367585999,-0.436268239,1,1,1,1,0,1,1,1,7,0.1428571429,-0.022827787,-0.019030,0.779001,-0.004875189
340023,0.0854445862,,-0.126590052,-1.95240924,,,0.1637161531,0.2108550769,1,0,1,1,0,0,1,1,5,0.2,-0.323796695,-0.019030,0.779001,-0.391227817
340024,,,-0.77626969,,,,-0.363609281,0.2647820199,0,0,1,0,0,0,1,1,3,0.3333333333,-0.291698984,-0.019030,0.779001,-0.350024108
340027,,-0.898881223,0.3105294937,0.1862544599,,-1.153165293,0.3018800223,0.4804897919,0,1,1,1,0,1,1,1,6,0.1666666667,-0.128815458,-0.019030,0.779001,-0.140931154
340028,-1.141124426,0.1976825297,-0.390575973,-1.287671367,-0.498710309,-0.338359581,-0.513286806,-1.460880156,1,1,1,1,1,1,1,1,8,0.125,-0.679115761,-0.019030,0.779001,-0.847349532
340030,-0.374518794,-0.279261556,0.0653997094,-1.054946236,0.7348323233,-0.278896443,0.1429915727,-0.436268239,1,1,1,1,1,1,1,1,8,0.125,-0.185083458,-0.019030,0.779001,-0.213162169
340032,0.5454079659,-0.095821523,0.7716477593,0.737304769,,0.5375163808,0.7347934791,0.1030011909,1,1,1,1,0,1,1,1,7,0.1428571429,0.4762642888,-0.019030,0.779001,0.6358073844
340039,-1.294445553,0.9776423739,0.4288089001,-0.280533302,,-2.560995279,-0.154060746,0.4265628489,1,1,1,1,0,1,1,1,7,0.1428571429,-0.351002965,-0.019030,0.779001,-0.426152401
340040,-2.980977945,0.0618010237,-0.310008841,-0.463770905,0.8517705091,0.3060922734,0.0969369497,0.5344167349,1,1,1,1,1,1,1,1,8,0.125,-0.237967525,-0.019030,0.779001,-0.281049242
340041,0.6987290924,-0.988563017,-0.176301686,,,-3.155626667,0.0186440905,0.3187089629,1,1,1,0,0,1,1,1,6,0.1666666667,-0.547401537,-0.019030,0.779001,-0.678268491
340042,,-0.23985592,1.0287769037,1.149255,,-6.064499128,0.2696417862,-1.245172384,0,1,1,1,0,1,1,1,6,0.1666666667,-0.850308957,-0.019030,0.779001,-1.067109578
340047,0.3920868393,-0.946439751,0.1099687611,-0.581470971,0.5506288095,-0.740137546,-0.119519779,-0.544122125,1,1,1,1,1,1,1,1,8,0.125,-0.23487572,-0.019030,0.779001,-0.277080304
340049,-0.06787654,,,,,,,0.4265628489,1,0,0,0,0,0,0,1,2,0.5,0.1793431543,-0.019030,0.779001,0.2546508685
340050,,-0.279261556,-0.26543979,,0.1946399962,-0.558533906,0.7370962102,-0.867683783,0,1,1,0,1,1,1,1,6,0.1666666667,-0.173197138,-0.019030,0.779001,-0.197903746
340051,-0.681161047,-0.207244358,0.1031119839,,,0.2627002533,-0.006685952,0.3187089629,1,1,1,0,0,1,1,1,6,0.1666666667,-0.035095026,-0.019030,0.779001,-0.020622597
340053,1.0053713456,-0.205885543,-0.649419312,-0.00902065,-0.803991413,0.4796603539,0.7232798233,0.911905336,1,1,1,1,1,1,1,1,8,0.125,0.1814874926,-0.019030,0.779001,0.2574035474
340060,,,,,,,-0.877118328,0.2647820199,0,0,0,0,0,0,1,1,2,0.5,-0.306168154,-0.019030,0.779001,-0.368598127
340061,0.2387657127,-0.430090028,-0.304866259,-0.834258612,0.2588007707,0.0521686,-0.188601713,1.019759222,1,1,1,1,1,1,1,1,8,0.125,-0.023540288,-0.019030,0.779001,-0.005789825
340064,,-1.017098134,-0.123161663,,,-1.484230335,-0.287619153,-0.705902954,0,1,1,0,0,1,1,1,5,0.2,-0.723602448,-0.019030,0.779001,-0.904456921
340068,-0.9878033,-2.286231399,-1.864783068,-0.957308682,,1.1916109066,-0.18169352,-1.35302627,1,1,1,1,0,1,1,1,7,0.1428571429,-0.919890762,-0.019030,0.779001,-1.156431472
340069,-0.52783992,0.2004001598,0.5299463636,-0.701846038,-0.147895751,0.5487661638,0.4515575473,1.019759222,1,1,1,1,1,1,1,1,8,0.125,0.1716059683,-0.019030,0.779001,0.2447186727
340070,0.2387657127,0.2982348441,0.0122596862,-1.298371373,,0.6773351124,0.8545354991,-0.81375684,1,1,1,1,0,1,1,1,7,0.1428571429,-0.004428194,-0.019030,0.779001,0.018744297
340071,,0.4762396169,-0.5328541,,,,-0.255380917,-0.004852695,0,1,1,0,0,0,1,1,4,0.25,-0.079212024,-0.019030,0.779001,-0.077255417
340073,0.5454079659,-0.650218068,0.2916733565,0.3748420657,,-0.283717778,0.8245999941,0.2108550769,1,1,1,1,0,1,1,1,7,0.1428571429,0.187634659,-0.019030,0.779001,0.2652946412
340075,,-0.113486119,0.1065403725,-0.245758282,,1.1916109066,-0.402755711,-0.651976011,0,1,1,1,0,1,1,1,6,0.1666666667,-0.019304141,-0.019030,0.779001,-0.000351898
340084,,,,,,,,,0,0,0,0,0,0,0,0,0,,,-0.019030,0.779001,
340085,,-0.212679618,-1.276814424,1.149255,,,0.5689968361,0.4804897919,0,1,1,1,0,0,1,1,5,0.2,0.141849517,-0.019030,0.779001,0.2065204309
340087,,,,,,,-1.010676735,0.4265628489,0,0,0,0,0,0,1,1,2,0.5,-0.292056943,-0.019030,0.779001,-0.350483619
340090,0.852050219,-0.163762276,-0.899691679,-0.827571109,,-2.199395112,0.4262275046,0.5344167349,1,1,1,1,0,1,1,1,7,0.1428571429,-0.325389388,-0.019030,0.779001,-0.393272351
340091,-0.681161047,0.3620991519,0.0036887147,-0.675096023,,0.029669034,0.9788829813,-1.35302627,1,1,1,1,0,1,1,1,7,0.1428571429,-0.190706208,-0.019030,0.779001,-0.220380072
340096,-0.52783992,0.9776423739,-0.861979405,1.149255,,,-0.006685952,0.4265628489,1,1,1,1,0,0,1,1,6,0.1666666667,0.1928258243,-0.019030,0.779001,0.27195852
340097,-0.374518794,,1.0287769037,,,,-0.771192695,-0.436268239,1,0,1,0,0,0,1,1,4,0.25,-0.138300706,-0.019030,0.779001,-0.153107331
340098,-2.214372312,0.6216328283,0.1253965097,0.5848296834,,-0.552105458,0.3133936781,0.1569281339,1,1,1,1,0,1,1,1,7,0.1428571429,-0.137756705,-0.019030,0.779001,-0.152408999
340099,,-3.982032594,0.0002603261,,,1.1916109066,1.0249376044,-0.004852695,0,1,1,0,0,1,1,1,5,0.2,-0.35401529,-0.019030,0.779001,-0.430019311
340107,,0.3444345561,-0.505426991,,,,0.4722821276,0.0490742479,0,1,1,0,0,0,1,1,4,0.25,0.0900909851,-0.019030,0.779001,0.140078203
340109,,-0.657012143,0.0259732406,0.0966419096,,1.1916109066,0.808480876,-1.568734042,0,1,1,1,0,1,1,1,6,0.1666666667,-0.017173209,-0.019030,0.779001,0.0023835708
340113,1.1586924721,-0.406990172,-0.24144107,-0.895783647,0.1491065434,-0.114971033,0.2235871631,-0.112706581,1,1,1,1,1,1,1,1,8,0.125,-0.030063291,-0.019030,0.779001,-0.014163378
340114,1.1586924721,-0.25072644,-0.832838102,0.1715419516,0.2049885082,-0.518356109,-0.699808029,-0.436268239,1,1,1,1,1,1,1,1,8,0.125,-0.150346748,-0.019030,0.779001,-0.168570789
340115,0.3920868393,-0.101256783,0.7665051765,0.4965546339,-0.547348315,0.3366273987,0.7393989414,1.397247823,1,1,1,1,1,1,1,1,8,0.125,0.4349769643,-0.019030,0.779001,0.582807005
340116,,-0.682829629,-0.837980685,0.4564296114,,-0.616389933,0.7923617579,-0.328414353,0,1,1,1,0,1,1,1,6,0.1666666667,-0.202803872,-0.019030,0.779001,-0.235909796
340119,0.5454079659,,1.0287769037,,,,0.7417016726,-0.490195182,1,0,1,0,0,0,1,1,4,0.25,0.45642284,-0.019030,0.779001,0.6103369931
340120,,,1.0287769037,,,,-1.070547745,0.2647820199,0,0,1,0,0,0,1,1,3,0.3333333333,0.0743370596,-0.019030,0.779001,0.1198549495
340123,,,,1.149255,,,-0.455718527,0.2108550769,0,0,0,1,0,0,1,1,3,0.3333333333,0.3014638499,-0.019030,0.779001,0.4114167348
340126,,,1.0287769037,1.149255,,-1.593513942,0.0670014447,0.3187089629,0,0,1,1,0,1,1,1,5,0.2,0.194045674,-0.019030,0.779001,0.2735244363
340127,,,,,,,-0.154060746,-0.975537669,0,0,0,0,0,0,1,1,2,0.5,-0.564799208,-0.019030,0.779001,-0.700601813
340129,0.2387657127,,-0.11801908,1.149255,,,-0.029713264,0.857978393,1,0,1,1,0,0,1,1,5,0.2,0.4196533523,-0.019030,0.779001,0.5631361435
34012F,-1.601087806,-0.878498998,-1.873354039,,,,,-0.651976011,1,1,1,0,0,0,0,1,4,0.25,-1.251229214,-0.019030,0.779001,-1.581769366
340130,-0.52783992,0.5129276235,0.6087993012,-0.578795969,,0.6982275665,0.4124111177,0.3726359059,1,1,1,1,0,1,1,1,7,0.1428571429,0.2140522322,-0.019030,0.779001,0.2992067781
340131,-2.521014566,0.5319510343,-0.179730075,-0.192258252,,0.4218043271,0.4078056553,0.1030011909,1,1,1,1,0,1,1,1,7,0.1428571429,-0.204062955,-0.019030,0.779001,-0.237526076
340132,,0.9776423739,0.2728172192,1.149255,,1.1916109066,1.0249376044,0.1030011909,0,1,1,1,0,1,1,1,6,0.1666666667,0.7865440492,-0.019030,0.779001,1.0341123168
34013F,,,,,,,,-2.377638187,0,0,0,0,0,0,0,1,1,1,-2.377638187,-0.019030,0.779001,-3.027736224
340141,1.7719769784,-0.291490892,-0.786554856,-1.056283737,-0.528720994,-0.045865223,0.1199642612,-0.544122125,1,1,1,1,1,1,1,1,8,0.125,-0.170137073,-0.019030,0.779001,-0.193975553
340142,-0.06787654,,,-2.793697211,,-1.757439351,-1.204106152,0.2108550769,1,0,0,1,0,1,1,1,5,0.2,-1.122452836,-0.019030,0.779001,-1.416459626
340143,0.852050219,0.0278306472,-0.150588772,1.149255,1.1084136071,-0.537641452,0.838416381,0.3726359059,1,1,1,1,1,1,1,1,8,0.125,0.4575464421,-0.019030,0.779001,0.6117793567
340145,,,-1.657365558,-2.285446926,,-0.102114138,0.1291751858,0.5344167349,0,0,1,1,0,1,1,1,5,0.2,-0.67626694,-0.019030,0.779001,-0.843692512
340147,-0.06787654,-0.82278758,-0.328864979,-1.770509138,,-0.409072503,0.7900590268,0.2108550769,1,1,1,1,0,1,1,1,7,0.1428571429,-0.342599519,-0.019030,0.779001,-0.41536493
340148,,,,0.4871921287,1.1084136071,,,0.4265628489,0,0,0,1,1,0,0,1,3,0.3333333333,0.6740561949,-0.019030,0.779001,0.8897120919
340151,0.5454079659,0.9776423739,-1.125965326,,,1.1916109066,0.2443117435,0.2108550769,1,1,1,0,0,1,1,1,6,0.1666666667,0.3406437901,-0.019030,0.779001,0.4617118729
340155,-0.374518794,0.2004001598,-0.059736474,0.3748420657,,-0.15514883,0.5367585999,0.3187089629,1,1,1,1,0,1,1,1,7,0.1428571429,0.1201865273,-0.019030,0.779001,0.1787117344
340156,,,,,,,1.0249376044,,0,0,0,0,0,0,1,0,1,1,1.0249376044,-0.019030,0.779001,1.3401372048
340158,-0.52783992,0.9776423739,1.0287769037,0.6410047149,,,0.1429915727,0.80405145,1,1,1,1,0,0,1,1,6,0.1666666667,0.5111045159,-0.019030,0.779001,0.6805316496
340159,,,,,,,1.0249376044,-0.759829897,0,0,0,0,0,0,1,1,2,0.5,0.1325538536,-0.019030,0.779001,0.1945876235
340166,,0.9776423739,-1.571655843,1.149255,,-0.524784557,0.4239247734,-0.759829897,0,1,1,1,0,1,1,1,6,0.1666666667,-0.050908025,-0.019030,0.779001,-0.040921683
340168,,,,,,,,,0,0,0,0,0,0,0,0,0,,,-0.019030,0.779001,
340171,-0.681161047,-0.988563017,-0.519140546,-0.093283197,0.4906074398,0.4700176828,0.6657115445,0.5344167349,1,1,1,1,1,1,1,1,8,0.125,-0.015174301,-0.019030,0.779001,0.0049495615
340173,0.6987290924,-1.258967214,0.0962552067,0.4791671242,0.3974708317,1.1916109066,0.6058405345,0.3726359059,1,1,1,1,1,1,1,1,8,0.125,0.3228427985,-0.019030,0.779001,0.4388608086
34017F,,,,,,,,-3.078688447,0,0,0,0,0,0,0,1,1,1,-3.078688447,-0.019030,0.779001,-3.927671739
340183,-0.9878033,-0.806481799,-0.513997963,0.4163045889,,1.1916109066,0.3663564946,0.80405145,1,1,1,1,0,1,1,1,7,0.1428571429,0.0671486254,-0.019030,0.779001,0.1106271843
340184,,0.9776423739,1.0287769037,-0.026408159,,-1.815295378,0.2397062812,-0.004852695,0,1,1,1,0,1,1,1,6,0.1666666667,0.0665948877,-0.019030,0.779001,0.1099163533
340187,0.5454079659,,,,,,-0.234656336,0.3187089629,1,0,0,0,0,0,1,1,3,0.3333333333,0.2098201975,-0.019030,0.779001,0.2937741314
340188,-0.681161047,,,,,,-0.706716223,0.3726359059,1,0,0,0,0,0,1,1,3,0.3333333333,-0.338413788,-0.019030,0.779001,-0.409991722
340190,,,,,,,0.6841333937,0.3726359059,0,0,0,0,0,0,1,1,2,0.5,0.5283846498,-0.019030,0.779001,0.7027140909
340195,,,,,,,,,0,0,0,0,0,0,0,0,0,,,-0.019030,0.779001,
34036F,-0.06787654,,0.1133971497,,,,,-0.490195182,1,0,1,0,0,0,0,1,3,0.3333333333,-0.148224858,-0.019030,0.779001,-0.165846926
341303,,,,,,,,,0,0,0,0,0,0,0,0,0,,,-0.019030,0.779001,
341304,,,,,,,,,0,0,0,0,0,0,0,0,0,,,-0.019030,0.779001,
341305,,,,,,,,,0,0,0,0,0,0,0,0,0,,,-0.019030,0.779001,
341307,,,,,,,,,0,0,0,0,0,0,0,0,0,,,-0.019030,0.779001,
341311,,,,,,,,,0,0,0,0,0,0,0,0,0,,,-0.019030,0.779001,
341314,,,,,,,,,0,0,0,0,0,0,0,0,0,,,-0.019030,0.779001,
341315,,,,,,,-0.667569793,,0,0,0,0,0,0,1,0,1,1,-0.667569793,-0.019030,0.779001,-0.832528018
341316,,,,,,,-1.086666863,,0,0,0,0,0,0,1,0,1,1,-1.086666863,-0.019030,0.779001,-1.370521311
341317,,,,,,,,,0,0,0,0,0,0,0,0,0,,,-0.019030,0.779001,
341318,,,-0.376862419,,,,1.0249376044,,0,0,1,0,0,0,1,0,2,0.5,0.3240375927,-0.019030,0.779001,0.4403945614
341319,0.3920868393,,,,,,-1.830449026,,1,0,0,0,0,0,1,0,2,0.5,-0.719181093,-0.019030,0.779001,-0.898781244
341320,,,,,,,,,0,0,0,0,0,0,0,0,0,,,-0.019030,0.779001,
341322,,,,,,,,,0,0,0,0,0,0,0,0,0,,,-0.019030,0.779001,
341323,,,,,,,,,0,0,0,0,0,0,0,0,0,,,-0.019030,0.779001,
341324,,,,,,,1.0249376044,,0,0,0,0,0,0,1,0,1,1,1.0249376044,-0.019030,0.779001,1.3401372048
341325,,,,,,,,,0,0,0,0,0,0,0,0,0,,,-0.019030,0.779001,
341326,0.5454079659,,,,,,-0.156363477,,1,0,0,0,0,0,1,0,2,0.5,0.1945222443,-0.019030,0.779001,0.2741362079
341327,0.0854445862,,,,,,,,1,0,0,0,0,0,0,0,1,1,0.0854445862,-0.019030,0.779001,0.1341136386
341328,,,1.0287769037,,,,-8.782394377,,0,0,1,0,0,0,1,0,2,0.5,-3.876808737,-0.019030,0.779001,-4.952215679
341329,,,,,,,-0.084978811,,0,0,0,0,0,0,1,0,1,1,-0.084978811,-0.019030,0.779001,-0.08465822
350002,-1.754408933,-1.191026461,-0.774555496,-0.608220986,,-0.574605024,-0.458021258,-1.406953213,1,1,1,1,0,1,1,1,7,0.1428571429,-0.966827339,-0.019030,0.779001,-1.216683775
350006,,0.9776423739,1.0287769037,0.2892420177,,1.1916109066,0.5137312884,-0.166633524,0,1,1,1,0,1,1,1,6,0.1666666667,0.639061661,-0.019030,0.779001,0.8447897436
350011,0.6987290924,0.4708043566,0.816216811,0.3387295454,,0.3976976492,0.2926690977,-0.166633524,1,1,1,1,0,1,1,1,7,0.1428571429,0.4068875755,-0.019030,0.779001,0.5467487649
350015,,0.8077904914,0.1408242584,-0.319320824,,-0.037829664,0.1084506054,-0.759829897,0,1,1,1,0,1,1,1,6,0.1666666667,-0.009985838,-0.019030,0.779001,0.0116099705
350019,-1.141124426,0.0767479893,0.64822577,-0.735283557,,0.1919873315,0.1337806481,-1.137318498,1,1,1,1,0,1,1,1,7,0.1428571429,-0.280426392,-0.019030,0.779001,-0.335553526
35002F,0.852050219,,,,,,,1.073686165,1,0,0,0,0,0,0,1,2,0.5,0.962868192,-0.019030,0.779001,1.2604589393
350063,,,,,,,,,0,0,0,0,0,0,0,0,0,,,-0.019030,0.779001,
350070,-0.221197667,0.9776423739,-0.162588132,0.3213420357,,0.6580497701,0.35714557,1.7208094811,1,1,1,1,0,1,1,1,7,0.1428571429,0.5216004902,-0.019030,0.779001,0.6940052915
351300,,,,,,,,,0,0,0,0,0,0,0,0,0,,,-0.019030,0.779001,
351301,,,,,,,,,0,0,0,0,0,0,0,0,0,,,-0.019030,0.779001,
351302,0.2387657127,,,,,,,,1,0,0,0,0,0,0,0,1,1,0.2387657127,-0.019030,0.779001,0.3309313777
351303,,,,,,,,,0,0,0,0,0,0,0,0,0,,,-0.019030,0.779001,
351304,,,,,,,,,0,0,0,0,0,0,0,0,0,,,-0.019030,0.779001,
351305,,,,,,,,,0,0,0,0,0,0,0,0,0,,,-0.019030,0.779001,
351306,,,,,,,,,0,0,0,0,0,0,0,0,0,,,-0.019030,0.779001,
351307,,,,,,,,,0,0,0,0,0,0,0,0,0,,,-0.019030,0.779001,
351308,,,,,,,,,0,0,0,0,0,0,0,0,0,,,-0.019030,0.779001,
351309,,,,,,,,,0,0,0,0,0,0,0,0,0,,,-0.019030,0.779001,
351310,,,,,,,,,0,0,0,0,0,0,0,0,0,,,-0.019030,0.779001,
351311,,,,,,,,,0,0,0,0,0,0,0,0,0,,,-0.019030,0.779001,
351312,,,,,,,,,0,0,0,0,0,0,0,0,0,,,-0.019030,0.779001,
351313,,,,,,,,,0,0,0,0,0,0,0,0,0,,,-0.019030,0.779001,
351314,,,,,,,,,0,0,0,0,0,0,0,0,0,,,-0.019030,0.779001,
351315,,,,,,,,,0,0,0,0,0,0,0,0,0,,,-0.019030,0.779001,
351316,,,,,,,,,0,0,0,0,0,0,0,0,0,,,-0.019030,0.779001,
351318,,,,,,,,,0,0,0,0,0,0,0,0,0,,,-0.019030,0.779001,
351319,,,,,,,,,0,0,0,0,0,0,0,0,0,,,-0.019030,0.779001,
351320,,,,,,,,,0,0,0,0,0,0,0,0,0,,,-0.019030,0.779001,
351321,,,,,,,,,0,0,0,0,0,0,0,0,0,,,-0.019030,0.779001,
351322,,,,,,,,,0,0,0,0,0,0,0,0,0,,,-0.019030,0.779001,
351323,,,,,,,,,0,0,0,0,0,0,0,0,0,,,-0.019030,0.779001,
351324,,,,,,,,,0,0,0,0,0,0,0,0,0,,,-0.019030,0.779001,
351325,,,,,,,,,0,0,0,0,0,0,0,0,0,,,-0.019030,0.779001,
351326,,,,,,,,,0,0,0,0,0,0,0,0,0,,,-0.019030,0.779001,
351327,,,,,,,,,0,0,0,0,0,0,0,0,0,,,-0.019030,0.779001,
351328,,,,,,,,,0,0,0,0,0,0,0,0,0,,,-0.019030,0.779001,
351329,,,,,,,,,0,0,0,0,0,0,0,0,0,,,-0.019030,0.779001,
351330,,,,,,,,,0,0,0,0,0,0,0,0,0,,,-0.019030,0.779001,
351331,,,,,,,,,0,0,0,0,0,0,0,0,0,,,-0.019030,0.779001,
351332,,,,,,,,,0,0,0,0,0,0,0,0,0,,,-0.019030,0.779001,
351333,,,,,,,,,0,0,0,0,0,0,0,0,0,,,-0.019030,0.779001,
351334,,,,,,,1.0249376044,,0,0,0,0,0,0,1,0,1,1,1.0249376044,-0.019030,0.779001,1.3401372048
351335,-1.141124426,,,,,,,,1,0,0,0,0,0,0,0,1,1,-1.141124426,-0.019030,0.779001,-1.440428275
351336,,,,,,,-0.879421059,,0,0,0,0,0,0,1,0,1,1,-0.879421059,-0.019030,0.779001,-1.104480671
351364,,,,,,,,,0,0,0,0,0,0,0,0,0,,,-0.019030,0.779001,
360001,0.0854445862,0.2194235706,-0.190015241,-2.896684769,,-1.238342221,0.2535226681,1.34332088,1,1,1,1,0,1,1,1,7,0.1428571429,-0.346190075,-0.019030,0.779001,-0.419974112
360002,,,,,,,1.0249376044,0.4804897919,0,0,0,0,0,0,1,1,2,0.5,0.7527136982,-0.019030,0.779001,0.9906844256
360003,,-0.697776595,0.3448133796,-0.780758582,1.1084136071,-1.174057747,-0.186298982,0.2647820199,0,1,1,1,1,1,1,1,7,0.1428571429,-0.160126129,-0.019030,0.779001,-0.181124541
360006,0.2387657127,-0.122997824,-0.164302326,-0.582808471,0.9521510756,-0.53603434,-0.812641856,-0.058779638,1,1,1,1,1,1,1,1,8,0.125,-0.135830958,-0.019030,0.779001,-0.149936925
360008,-0.374518794,0.0278306472,1.0287769037,0.5607546699,,0.5648372824,-0.345187432,-0.490195182,1,1,1,1,0,1,1,1,7,0.1428571429,0.138899728,-0.019030,0.779001,0.202733798
360009,,0.4205281994,-0.992258171,0.6303047089,,-0.169612836,-0.183996251,0.0490742479,0,1,1,1,0,1,1,1,6,0.1666666667,-0.04099335,-0.019030,0.779001,-0.028194253
360010,,,,1.149255,,,-0.573157816,0.1030011909,0,0,0,1,0,0,1,1,3,0.3333333333,0.226366125,-0.019030,0.779001,0.3150140748
360011,,0.137894667,0.1785365329,0.6356547119,1.1084136071,-2.660636215,-0.193207176,-0.112706581,0,1,1,1,1,1,1,1,7,0.1428571429,-0.129435779,-0.019030,0.779001,-0.141727458
360012,0.852050219,0.7113146222,-0.5328541,0.3414045469,,0.6226933092,0.6449869641,0.6422706209,1,1,1,1,0,1,1,1,7,0.1428571429,0.4688380261,-0.019030,0.779001,0.6262743196
360013,,,,,,,0.23740355,-0.436268239,0,0,0,0,0,0,1,1,2,0.5,-0.099432345,-0.019030,0.779001,-0.103212165
360014,,,,,,,1.0249376044,0.0490742479,0,0,0,0,0,0,1,1,2,0.5,0.5370059261,-0.019030,0.779001,0.7137811901
360016,-0.681161047,-0.076798112,-0.311723036,-0.661721016,,0.2803784837,-0.630726095,0.857978393,1,1,1,1,0,1,1,1,7,0.1428571429,-0.174824633,-0.019030,0.779001,-0.199992954
360017,-1.141124426,-0.614888876,-0.131732635,0.1207169231,0.2919160091,-1.725297114,-0.299132809,-0.382341296,1,1,1,1,1,1,1,1,8,0.125,-0.485235528,-0.019030,0.779001,-0.598466224
36001F,-0.221197667,-0.070004037,0.6207986613,,,,,0.5344167349,1,1,1,0,0,0,0,1,4,0.25,0.216003423,-0.019030,0.779001,0.3017115142
360020,,0.1732238586,-0.279153344,-0.41963338,0.1159913049,-0.333538246,0.0670014447,-1.245172384,0,1,1,1,1,1,1,1,7,0.1428571429,-0.274468678,-0.019030,0.779001,-0.327905631
360025,0.0854445862,0.9776423739,-1.436234494,-1.488296479,,0.3044851615,-0.133336166,0.911905336,1,1,1,1,0,1,1,1,7,0.1428571429,-0.111198526,-0.019030,0.779001,-0.118316366
360026,,,,,,,,,0,0,0,0,0,0,0,0,0,,,-0.019030,0.779001,
360027,-0.681161047,0.478957247,0.7305070962,-1.199396317,,1.1916109066,0.1844407335,0.3187089629,1,1,1,1,0,1,1,1,7,0.1428571429,0.146238226,-0.019030,0.779001,0.2121541997
360029,0.6987290924,,,,,,-1.466617503,0.3726359059,1,0,0,0,0,0,1,1,3,0.3333333333,-0.131750835,-0.019030,0.779001,-0.144699286
360032,,,,,,,-1.118905099,-0.004852695,0,0,0,0,0,0,1,1,2,0.5,-0.561878897,-0.019030,0.779001,-0.696853022
360035,-0.374518794,-0.181426872,-0.76427033,-0.198945756,0.0590744888,-0.518356109,0.7025552429,-0.328414353,1,1,1,1,1,1,1,1,8,0.125,-0.20053781,-0.019030,0.779001,-0.233000861
360036,0.5454079659,0.9776423739,0.2231055846,1.149255,,,-0.522497731,-0.382341296,1,1,1,1,0,0,1,1,6,0.1666666667,0.3317619829,-0.019030,0.779001,0.4503103314
360039,,0.3226935151,0.7356496791,-1.06163374,-1.123760434,-0.769065559,-0.877118328,-0.058779638,0,1,1,1,1,1,1,1,7,0.1428571429,-0.404573501,-0.019030,0.779001,-0.494920691
36003F,1.1586924721,-0.411066617,-0.563709597,,,,,-0.112706581,1,1,1,0,0,0,0,1,4,0.25,0.0178024192,-0.019030,0.779001,0.0472816495
360040,,0.9776423739,1.0287769037,,,,0.0094331659,-2.000149586,0,1,1,0,0,0,1,1,4,0.25,0.0039257143,-0.019030,0.779001,0.0294681769
360041,0.3920868393,0.9776423739,0.3156720766,0.3333795424,,0.4764461302,0.0462768643,1.289393937,1,1,1,1,0,1,1,1,7,0.1428571429,0.5472711091,-0.019030,0.779001,0.7269585659
360044,,,,,,,1.0249376044,0.2108550769,0,0,0,0,0,0,1,1,2,0.5,0.6178963406,-0.019030,0.779001,0.8176199034
360046,0.2387657127,,,,,,1.0249376044,0.3187089629,1,0,0,0,0,0,1,1,3,0.3333333333,0.52747076,-0.019030,0.779001,0.7015409341
360048,,0.3471521862,-0.135161023,0.2290544839,,-0.176041284,0.5736022984,-1.730514871,0,1,1,1,0,1,1,1,6,0.1666666667,-0.148651368,-0.019030,0.779001,-0.166394436
360051,-0.374518794,0.935519107,0.3636695169,-0.06385818,0.604441072,-0.283717778,0.0370659397,1.7747364241,1,1,1,1,1,1,1,1,8,0.125,0.3741671635,-0.019030,0.779001,0.5047456981
360054,,-0.772511423,1.0287769037,,,,-0.9415948,0.5883436779,0,1,1,0,0,0,1,1,4,0.25,-0.02424641,-0.019030,0.779001,-0.006696271
360055,,-1.461430658,-0.873978765,0.5754671782,,0.4250185508,0.1222669924,1.127613108,0,1,1,1,0,1,1,1,6,0.1666666667,-0.014173932,-0.019030,0.779001,0.0062337304
360056,-0.9878033,0.2153471254,-0.040880337,-2.429897007,-0.529755845,0.5680515061,0.3041827535,0.750124507,1,1,1,1,1,1,1,1,8,0.125,-0.268828825,-0.019030,0.779001,-0.320665773
360058,,,,,,,-0.446507602,0.4804897919,0,0,0,0,0,0,1,1,2,0.5,0.0169910947,-0.019030,0.779001,0.0462401554
360059,-0.221197667,-0.056415886,0.097969401,-0.257795789,-0.175836734,-1.124237279,-0.055043306,-2.000149586,1,1,1,1,1,1,1,1,8,0.125,-0.474088356,-0.019030,0.779001,-0.584156643
360064,,0.1052831056,0.2385333333,-5.116936015,,0.2610931414,0.5206394819,-0.490195182,0,1,1,1,0,1,1,1,6,0.1666666667,-0.746930356,-0.019030,0.779001,-0.934402866
360065,0.3920868393,-0.128433085,0.3191004652,,,,-0.430388484,0.5344167349,1,1,1,0,0,0,1,1,5,0.2,0.1373564941,-0.019030,0.779001,0.2007527546
360066,-0.52783992,0.0183189418,-0.454001162,0.0765793984,,0.2385935754,0.5943268788,0.5883436779,1,1,1,1,0,1,1,1,7,0.1428571429,0.0763316271,-0.019030,0.779001,0.1224153682
360068,-1.907730059,-0.637988732,0.0911126238,-0.556058456,-0.634275816,-0.659781953,-0.370517474,-1.460880156,1,1,1,1,1,1,1,1,8,0.125,-0.767015003,-0.019030,0.779001,-0.96018545
360070,,0.5387451096,0.2128204188,-1.409383935,,-0.203362185,-0.232353605,-0.490195182,0,1,1,1,0,1,1,1,6,0.1666666667,-0.263954897,-0.019030,0.779001,-0.314409131
360071,-0.06787654,,,,,,1.0249376044,0.3726359059,1,0,0,0,0,0,1,1,3,0.3333333333,0.4432323233,-0.019030,0.779001,0.5934043776
360072,-3.440941325,0.2900819537,-0.397432751,0.6048921947,,0.5037670318,-0.02280507,-3.294396219,1,1,1,1,0,1,1,1,7,0.1428571429,-0.822404883,-0.019030,0.779001,-1.031289226
360075,,-2.272643249,1.0287769037,-0.002333146,,-1.603156613,0.0554877889,0.6422706209,0,1,1,1,0,1,1,1,6,0.1666666667,-0.358599616,-0.019030,0.779001,-0.435904192
360076,,0.9776423739,0.6499399643,0.5647671722,,0.4732319065,-0.059648769,0.2647820199,0,1,1,1,0,1,1,1,6,0.1666666667,0.4784524447,-0.019030,0.779001,0.6386163117
360077,-2.061051186,0.5754331162,0.0191164634,0.1461294374,,0.4507323405,-0.204720831,1.127613108,1,1,1,1,0,1,1,1,7,0.1428571429,0.0076074926,-0.019030,0.779001,0.0341944616
360078,,-1.290219961,1.0287769037,0.2424294914,,-4.827022998,-0.073465156,0.857978393,0,1,1,1,0,1,1,1,6,0.1666666667,-0.676920554,-0.019030,0.779001,-0.844531554
360079,,0.3063877344,0.3019585222,-0.910496155,-1.349357996,0.8862596538,0.1360833793,0.750124507,0,1,1,1,1,1,1,1,7,0.1428571429,0.0172799493,-0.019030,0.779001,0.046610957
36007F,-0.221197667,,,,,,,0.6422706209,1,0,0,0,0,0,0,1,2,0.5,0.210536477,-0.019030,0.779001,0.2946936166
360080,,,,,,,1.0249376044,0.1569281339,0,0,0,0,0,0,1,1,2,0.5,0.5909328691,-0.019030,0.779001,0.783006999
360082,0.5454079659,0.9776423739,0.2299623618,,,0.0650254948,0.1038451431,0.2108550769,1,1,1,0,0,1,1,1,6,0.1666666667,0.3554564027,-0.019030,0.779001,0.4807267667
360084,,0.0482128731,0.8710710285,-0.495870923,-0.544243762,1.1916109066,0.131477917,-1.838368757,0,1,1,1,1,1,1,1,7,0.1428571429,-0.09087296,-0.019030,0.779001,-0.092224515
360085,-0.52783992,-1.119009263,0.5796579982,0.0979794104,-1.293476031,-1.227092438,-0.527103193,0.1030011909,1,1,1,1,1,1,1,1,8,0.125,-0.489235281,-0.019030,0.779001,-0.603600692
360086,,-1.214126317,0.3156720766,-1.57924653,0.1418625849,-0.664603288,0.6150514591,1.5051017091,0,1,1,1,1,1,1,1,7,0.1428571429,-0.125755472,-0.019030,0.779001,-0.137003062
360087,0.3920868393,,-1.391665442,,,,-0.469534914,0.1030011909,1,0,1,0,0,0,1,1,4,0.25,-0.341528082,-0.019030,0.779001,-0.413989529
360089,,,,,,,0.3824756127,0.4804897919,0,0,0,0,0,0,1,1,2,0.5,0.4314827023,-0.019030,0.779001,0.5783214344
36008F,,,,,,,,,0,0,0,0,0,0,0,0,0,,,-0.019030,0.779001,
360091,0.6987290924,-1.772599307,0.5967999411,0.5126046429,,-0.486213872,-0.359003819,-0.112706581,1,1,1,1,0,1,1,1,7,0.1428571429,-0.131769986,-0.019030,0.779001,-0.144723871
360092,,,,1.149255,,,-1.664652382,0.2647820199,0,0,0,1,0,0,1,1,3,0.3333333333,-0.083538454,-0.019030,0.779001,-0.082809239
360095,-0.06787654,0.9776423739,0.6002283297,-0.305945816,,-2.040291038,-0.179390789,-0.112706581,1,1,1,1,0,1,1,1,7,0.1428571429,-0.161191437,-0.019030,0.779001,-0.182492074
360096,,,1.0287769037,,,,-1.42056288,0.6422706209,0,0,1,0,0,0,1,1,3,0.3333333333,0.0834948815,-0.019030,0.779001,0.1316108102
360098,0.2387657127,0.2533939471,0.2042494474,1.149255,,1.1916109066,-1.296215398,0.1030011909,1,1,1,1,0,1,1,1,7,0.1428571429,0.2634372581,-0.019030,0.779001,0.3626021454
360107,,,,,,,0.4653739342,-0.058779638,0,0,0,0,0,0,1,1,2,0.5,0.203297148,-0.019030,0.779001,0.2854005179
360109,,,,,,,-1.114299637,-0.058779638,0,0,0,0,0,0,1,1,2,0.5,-0.586539638,-0.019030,0.779001,-0.728509919
360112,-1.907730059,0.0482128731,0.3808114598,-1.210096323,-3.614647276,1.1916109066,0.7647289841,0.3726359059,1,1,1,1,1,1,1,1,8,0.125,-0.496809191,-0.019030,0.779001,-0.613323291
360118,,-0.185503317,-1.28709959,-2.460659525,,-1.188521754,-0.236959068,-0.004852695,0,1,1,1,0,1,1,1,6,0.1666666667,-0.893932658,-0.019030,0.779001,-1.123109155
360121,,,,,,,1.0249376044,-0.328414353,0,0,0,0,0,0,1,1,2,0.5,0.3482616256,-0.019030,0.779001,0.4714908591
360123,-1.294445553,-0.561895089,0.5659444438,0.6610672262,,-2.207430671,-0.902448371,0.4265628489,1,1,1,1,0,1,1,1,7,0.1428571429,-0.473235023,-0.019030,0.779001,-0.583061223
360125,0.5454079659,0.9776423739,1.0287769037,,,,-0.444204871,-1.460880156,1,1,1,0,0,0,1,1,5,0.2,0.1293484432,-0.019030,0.779001,0.1904728506
360131,,,,,,,0.1982571204,-0.004852695,0,0,0,0,0,0,1,1,2,0.5,0.0967022126,-0.019030,0.779001,0.1485650103
360132,,-0.144738865,1.0287769037,1.149255,,1.1916109066,0.1406888416,-0.058779638,0,1,1,1,0,1,1,1,6,0.1666666667,0.5511355247,-0.019030,0.779001,0.7319193014
360133,,-0.570047979,0.8916413601,-1.533771505,-2.508391342,0.1341313047,-0.101097929,0.1030011909,0,1,1,1,1,1,1,1,7,0.1428571429,-0.512076414,-0.019030,0.779001,-0.632921766
360134,-1.294445553,0.1012066604,0.2471043048,-0.86502113,-0.995438885,0.8701885352,0.5574831803,0.3726359059,1,1,1,1,1,1,1,1,8,0.125,-0.125785873,-0.019030,0.779001,-0.137042087
360137,0.852050219,-0.723594081,0.6242270499,-1.517721496,0.1428974361,0.130917081,0.11766153,0.965832279,1,1,1,1,1,1,1,1,8,0.125,0.0740337523,-0.019030,0.779001,0.1194655951
360143,-0.221197667,-0.169197536,0.6756528788,0.2571419996,,-0.000866091,0.5045203638,1.019759222,1,1,1,1,0,1,1,1,7,0.1428571429,0.2951161671,-0.019030,0.779001,0.4032682388
360144,,0.9776423739,0.3156720766,1.149255,,0.4218043271,0.6403815018,0.80405145,0,1,1,1,0,1,1,1,6,0.1666666667,0.7181344549,-0.019030,0.779001,0.9462951843
360145,-1.141124426,0.2642644676,-0.32543659,0.2598170012,,-0.548891235,0.4308329669,0.6961975639,1,1,1,1,0,1,1,1,7,0.1428571429,-0.052048607,-0.019030,0.779001,-0.042385844
360147,,0.6352209789,0.555659278,-0.25913329,,1.1916109066,-0.543222311,0.4265628489,0,1,1,1,0,1,1,1,6,0.1666666667,0.3344497353,-0.019030,0.779001,0.4537605887
360148,,,,,,,,0.1030011909,0,0,0,0,0,0,0,1,1,1,0.1030011909,-0.019030,0.779001,0.1566509843
360150,,,-1.021399474,0.0016793564,,,0.7048579741,-0.004852695,0,0,1,1,0,0,1,1,4,0.25,-0.07992871,-0.019030,0.779001,-0.078175424
360152,,0.4979806578,-0.30143787,-0.493195921,1.1084136071,-1.429588532,-0.879421059,0.6961975639,0,1,1,1,1,1,1,1,7,0.1428571429,-0.114435936,-0.019030,0.779001,-0.122472218
360155,1.3120135987,0.9776423739,0.0259732406,-0.281870803,,-0.479785425,-0.529405924,-2.269784301,1,1,1,1,0,1,1,1,7,0.1428571429,-0.177888177,-0.019030,0.779001,-0.203925615
360156,,,,,,,-1.825843563,0.3187089629,0,0,0,0,0,0,1,1,2,0.5,-0.7535673,-0.019030,0.779001,-0.942922686
360159,-0.06787654,-0.139303605,-0.352863699,-0.074558186,0.1294443705,0.6194790855,0.4907039769,-1.838368757,1,1,1,1,1,1,1,1,8,0.125,-0.154167919,-0.019030,0.779001,-0.173476011
360161,,-1.631282541,1.0287769037,-2.023296779,,-0.449250299,0.41701658,0.2647820199,0,1,1,1,0,1,1,1,6,0.1666666667,-0.398875686,-0.019030,0.779001,-0.487606428
360163,0.3920868393,0.4993394729,-0.22944171,0.0137168631,0.5609773215,0.1357384165,0.2788527108,0.6961975639,1,1,1,1,1,1,1,1,8,0.125,0.2934334348,-0.019030,0.779001,0.4011081219
360170,,,-0.551710237,0.1260669261,,,-1.125813293,0.5883436779,0,0,1,1,0,0,1,1,4,0.25,-0.240778231,-0.019030,0.779001,-0.284657335
360172,0.2387657127,0.9776423739,-0.452286968,-2.585047094,,-1.482623223,0.552877718,0.1569281339,1,1,1,1,0,1,1,1,7,0.1428571429,-0.370534764,-0.019030,0.779001,-0.451225296
360174,,-1.27391418,1.0287769037,1.149255,,1.1916109066,0.041671402,0.750124507,0,1,1,1,0,1,1,1,6,0.1666666667,0.4812540899,-0.019030,0.779001,0.6422127728
360175,,,,,,,-0.013594146,0.3726359059,0,0,0,0,0,0,1,1,2,0.5,0.1795208801,-0.019030,0.779001,0.2548790145
360179,-0.374518794,-0.174632797,-0.347721116,-0.13474572,,0.6934062309,0.3594483011,1.6129555951,1,1,1,1,0,1,1,1,7,0.1428571429,0.2334559573,-0.019030,0.779001,0.3241152651
360180,-0.06787654,-0.188220947,0.4888057005,-0.572108465,-0.132372983,-0.127827928,0.1222669924,-1.029464612,1,1,1,1,1,1,1,1,8,0.125,-0.188349848,-0.019030,0.779001,-0.217355221
360185,0.5454079659,-1.557906527,-0.399146945,,,,-0.847182823,-0.382341296,1,1,1,0,0,0,1,1,5,0.2,-0.528233925,-0.019030,0.779001,-0.653663101
360189,,,,,,,1.0249376044,0.2647820199,0,0,0,0,0,0,1,1,2,0.5,0.6448598121,-0.019030,0.779001,0.8522328079
360197,,,,,,,,-0.598049068,0,0,0,0,0,0,0,1,1,1,-0.598049068,-0.019030,0.779001,-0.743284531
360203,,-1.320113892,1.0287769037,-3.772747761,,,-0.538616849,-0.705902954,0,1,1,1,0,0,1,1,5,0.2,-1.06172091,-0.019030,0.779001,-1.338498288
360210,,,1.0287769037,,,,-1.211014345,0.3726359059,0,0,1,0,0,0,1,1,3,0.3333333333,0.0634661548,-0.019030,0.779001,0.1059000109
360211,-0.52783992,0.9776423739,1.0287769037,-0.517270935,,0.4218043271,0.0785151004,-0.436268239,1,1,1,1,0,1,1,1,7,0.1428571429,0.1464799445,-0.019030,0.779001,0.2124644927
360218,0.6987290924,-1.237226173,-0.795125827,1.149255,,-4.412388139,-0.930081145,-1.245172384,1,1,1,1,0,1,1,1,7,0.1428571429,-0.967429939,-0.019030,0.779001,-1.217457332
360230,0.2387657127,-0.018369065,-0.387147585,0.4778296234,,0.7062631258,0.3249073338,1.7747364241,1,1,1,1,0,1,1,1,7,0.1428571429,0.4452836529,-0.019030,0.779001,0.5960376615
360234,0.6987290924,0.1202300713,0.4665211747,-0.390208363,,-0.632461051,0.4860985146,1.127613108,1,1,1,1,0,1,1,1,7,0.1428571429,0.2680746495,-0.019030,0.779001,0.3685551469
360236,,0.9776423739,-0.488285048,-0.103983203,,1.1916109066,1.0249376044,0.5344167349,0,1,1,1,0,1,1,1,6,0.1666666667,0.5227232281,-0.019030,0.779001,0.6954465457
360239,,-1.146185564,-0.04602292,-2.254684409,,,-0.62151517,-0.004852695,0,1,1,1,0,0,1,1,5,0.2,-0.814652152,-0.019030,0.779001,-1.021337074
360245,,,,,,,1.0249376044,,0,0,0,0,0,0,1,0,1,1,1.0249376044,-0.019030,0.779001,1.3401372048
360259,,,,,,,-0.669872524,-0.598049068,0,0,0,0,0,0,1,1,2,0.5,-0.633960796,-0.019030,0.779001,-0.789384278
360263,-0.06787654,,,,,,,0.1030011909,1,0,0,0,0,0,0,1,2,0.5,0.0175623252,-0.019030,0.779001,0.0469734418
360266,0.3920868393,,,,,,,0.911905336,1,0,0,0,0,0,0,1,2,0.5,0.6519960876,-0.019030,0.779001,0.8613936172
360270,,,,,,,,0.1030011909,0,0,0,0,0,0,0,1,1,1,0.1030011909,-0.019030,0.779001,0.1566509843
360276,0.2387657127,0.2343705363,-0.419717276,-1.690259093,,-1.04709591,0.4814930522,1.5590286521,1,1,1,1,0,1,1,1,7,0.1428571429,-0.091916332,-0.019030,0.779001,-0.093563889
360348,,-0.461342774,-0.625420592,-0.085258192,-0.393155486,-1.821723825,0.2742472485,0.6961975639,0,1,1,1,1,1,1,1,7,0.1428571429,-0.345208008,-0.019030,0.779001,-0.418713437
360351,2.3852614847,,,,,,1.0249376044,1.181540051,1,0,0,0,0,0,1,1,3,0.3333333333,1.5305797134,-0.019030,0.779001,1.989228031
360352,0.0854445862,,,-0.231045774,1.1084136071,,,0.4804897919,1,0,0,1,1,0,0,1,4,0.25,0.3608255527,-0.019030,0.779001,0.4876191239
360354,,-0.029239585,0.3465275739,0.4845171272,,-2.62206553,-0.287619153,0.6961975639,0,1,1,1,0,1,1,1,6,0.1666666667,-0.235280334,-0.019030,0.779001,-0.277599705
360355,,,,,,,,0.2647820199,0,0,0,0,0,0,0,1,1,1,0.2647820199,-0.019030,0.779001,0.364328411
360358,,,,,,,,,0,0,0,0,0,0,0,0,0,,,-0.019030,0.779001,
360359,1.4653347253,-0.093103893,-0.853408433,0.6035546939,,0.4587678998,-0.147152553,1.397247823,1,1,1,1,0,1,1,1,7,0.1428571429,0.4044628947,-0.019030,0.779001,0.5436362116
360360,,0.9776423739,-0.172873298,-0.013033152,,0.38966209,0.4262275046,-0.705902954,0,1,1,1,0,1,1,1,6,0.1666666667,0.1502870941,-0.019030,0.779001,0.217351716
360361,-1.294445553,,,,,,,-0.490195182,1,0,0,0,0,0,0,1,2,0.5,-0.892320368,-0.019030,0.779001,-1.121039464
360364,0.852050219,0.9776423739,0.1373958698,1.149255,,0.2000228908,0.6979497806,0.3726359059,1,1,1,1,0,1,1,1,7,0.1428571429,0.6267074343,-0.019030,0.779001,0.8289306704
360365,,,,,,,-1.183381571,0.2647820199,0,0,0,0,0,0,1,1,2,0.5,-0.459299776,-0.019030,0.779001,-0.565172599
360367,,,,,,,,0.1030011909,0,0,0,0,0,0,0,1,1,1,0.1030011909,-0.019030,0.779001,0.1566509843
360368,,,,,,,1.0249376044,0.2647820199,0,0,0,0,0,0,1,1,2,0.5,0.6448598121,-0.019030,0.779001,0.8522328079
361300,,,,,,,,,0,0,0,0,0,0,0,0,0,,,-0.019030,0.779001,
361301,,,,,,,,,0,0,0,0,0,0,0,0,0,,,-0.019030,0.779001,
361302,,,,,,,,,0,0,0,0,0,0,0,0,0,,,-0.019030,0.779001,
361303,,,,,,,,,0,0,0,0,0,0,0,0,0,,,-0.019030,0.779001,
361304,,,,,,,,,0,0,0,0,0,0,0,0,0,,,-0.019030,0.779001,
361306,,,,,,,1.0249376044,,0,0,0,0,0,0,1,0,1,1,1.0249376044,-0.019030,0.779001,1.3401372048
361307,,,,,,,-1.010676735,,0,0,0,0,0,0,1,0,1,1,-1.010676735,-0.019030,0.779001,-1.272973076
361308,,,,,,,,,0,0,0,0,0,0,0,0,0,,,-0.019030,0.779001,
361309,,,,,,,,,0,0,0,0,0,0,0,0,0,,,-0.019030,0.779001,
361310,,,,,,,,,0,0,0,0,0,0,0,0,0,,,-0.019030,0.779001,
361311,,,,,,,,,0,0,0,0,0,0,0,0,0,,,-0.019030,0.779001,
361312,,,,,,,1.0249376044,,0,0,0,0,0,0,1,0,1,1,1.0249376044,-0.019030,0.779001,1.3401372048
361313,,,,,,,,,0,0,0,0,0,0,0,0,0,,,-0.019030,0.779001,
361314,,,,,,,,,0,0,0,0,0,0,0,0,0,,,-0.019030,0.779001,
361315,,,,,,,,,0,0,0,0,0,0,0,0,0,,,-0.019030,0.779001,
361316,,,0.3893824313,,,,-4.796366751,,0,0,1,0,0,0,1,0,2,0.5,-2.20349216,-0.019030,0.779001,-2.804185639
361318,,,,,,,,,0,0,0,0,0,0,0,0,0,,,-0.019030,0.779001,
361319,,,,,,,0.0693041758,,0,0,0,0,0,0,1,0,1,1,0.0693041758,-0.019030,0.779001,0.113394256
361320,,,,,,,1.0249376044,,0,0,0,0,0,0,1,0,1,1,1.0249376044,-0.019030,0.779001,1.3401372048
361321,,,,,,,,,0,0,0,0,0,0,0,0,0,,,-0.019030,0.779001,
361322,,,,,,,,,0,0,0,0,0,0,0,0,0,,,-0.019030,0.779001,
361323,,,,,,,1.0249376044,,0,0,0,0,0,0,1,0,1,1,1.0249376044,-0.019030,0.779001,1.3401372048
361324,,,,,,,-0.287619153,,0,0,0,0,0,0,1,0,1,1,-0.287619153,-0.019030,0.779001,-0.344786845
361325,,,,,,,-1.379113719,,0,0,0,0,0,0,1,0,1,1,-1.379113719,-0.019030,0.779001,-1.745934213
361326,,,,,,,-1.468920234,,0,0,0,0,0,0,1,0,1,1,-1.468920234,-0.019030,0.779001,-1.86121849
361327,,,,,,,,,0,0,0,0,0,0,0,0,0,,,-0.019030,0.779001,
361328,,,,,,,1.0249376044,,0,0,0,0,0,0,1,0,1,1,1.0249376044,-0.019030,0.779001,1.3401372048
361329,0.6987290924,,,,,,,,1,0,0,0,0,0,0,0,1,1,0.6987290924,-0.019030,0.779001,0.9213845953
361330,,,,,,,,,0,0,0,0,0,0,0,0,0,,,-0.019030,0.779001,
361331,,,,,,,-0.96001665,,0,0,0,0,0,0,1,0,1,1,-0.96001665,-0.019030,0.779001,-1.20794092
361332,,,,,,,-0.623817901,,0,0,0,0,0,0,1,0,1,1,-0.623817901,-0.019030,0.779001,-0.776363883
361333,,,,,,,1.0249376044,,0,0,0,0,0,0,1,0,1,1,1.0249376044,-0.019030,0.779001,1.3401372048
361334,,,,,,,1.0249376044,,0,0,0,0,0,0,1,0,1,1,1.0249376044,-0.019030,0.779001,1.3401372048
370001,0.0854445862,0.4123753091,0.7802187308,0.1875919606,0.3850526173,-0.266039548,0.9351310894,0.6422706209,1,1,1,1,1,1,1,1,8,0.125,0.3952556708,-0.019030,0.779001,0.5318169338
370002,-0.06787654,,,,,,,-0.867683783,1,0,0,0,0,0,0,1,2,0.5,-0.467780162,-0.019030,0.779001,-0.576058838
370004,,,,,,,1.0249376044,0.2647820199,0,0,0,0,0,0,1,1,2,0.5,0.6448598121,-0.019030,0.779001,0.8522328079
370006,-0.06787654,,-0.13001844,0.3962420777,,,0.2788527108,-0.27448741,1,0,1,1,0,0,1,1,5,0.2,0.0405424795,-0.019030,0.779001,0.0764729773
370008,1.1586924721,-0.94372212,0.3430991853,-0.399570869,0.9055827716,-0.814064691,0.2581281304,0.5883436779,1,1,1,1,1,1,1,1,8,0.125,0.1370610697,-0.019030,0.779001,0.2003735195
370013,0.5454079659,0.2574703923,-1.516801626,0.3601295574,0.6623927392,0.4089474322,0.5482722557,1.34332088,1,1,1,1,1,1,1,1,8,0.125,0.3261424496,-0.019030,0.779001,0.4430965581
370014,-1.294445553,-0.348561124,0.5025192549,,1.1084136071,-1.966363892,-0.308343733,0.80405145,1,1,1,0,1,1,1,1,7,0.1428571429,-0.214675713,-0.019030,0.779001,-0.251149633
370015,,,,,,,,0.0490742479,0,0,0,0,0,0,0,1,1,1,0.0490742479,-0.019030,0.779001,0.0874251755
370016,,0.9776423739,1.0287769037,,,,0.0094331659,0.6961975639,0,1,1,0,0,0,1,1,4,0.25,0.6780125019,-0.019030,0.779001,0.8947907879
370018,-0.834482173,,1.0287769037,0.3868795724,,,0.0508823266,-0.112706581,1,0,1,1,0,0,1,1,5,0.2,0.1038700097,-0.019030,0.779001,0.1577662837
370019,-3.900904705,,,,,,-0.651450675,0.4804897919,1,0,0,0,0,0,1,1,3,0.3333333333,-1.357288529,-0.019030,0.779001,-1.717917301
370020,-0.9878033,0.252035132,-0.282581733,1.149255,,,0.6841333937,0.965832279,1,1,1,1,0,0,1,1,6,0.1666666667,0.2968117954,-0.019030,0.779001,0.4054449103
370022,-0.681161047,,1.0287769037,,,,1.0249376044,-1.083391555,1,0,1,0,0,0,1,1,4,0.25,0.0722904765,-0.019030,0.779001,0.1172277587
370023,-0.221197667,0.1976825297,1.0287769037,,,,-2.516662909,0.6961975639,1,1,1,0,0,0,1,1,5,0.2,-0.163040716,-0.019030,0.779001,-0.184865986
370025,0.2387657127,-0.777946683,0.1476810356,1.149255,,0.5793012891,-0.096492467,-1.514807099,1,1,1,1,0,1,1,1,7,0.1428571429,-0.039177602,-0.019030,0.779001,-0.025863384
370026,-1.601087806,,,0.1554919426,,,0.2719445173,0.1030011909,1,0,0,1,0,0,1,1,4,0.25,-0.267662539,-0.019030,0.779001,-0.319168617
370028,0.2387657127,0.4952630277,0.6602251301,0.2598170012,-1.993035444,-1.129058615,0.0278550151,0.965832279,1,1,1,1,1,1,1,1,8,0.125,-0.059291987,-0.019030,0.779001,-0.051684142
370034,0.3920868393,0.9776423739,0.3225288538,,,,-3.624276594,0.2647820199,1,1,1,0,0,0,1,1,5,0.2,-0.333447301,-0.019030,0.779001,-0.403616263
370037,0.852050219,-0.657012143,-0.217442349,0.0404668781,,-2.11100396,0.6219596526,-1.622660985,1,1,1,1,0,1,1,1,7,0.1428571429,-0.441948955,-0.019030,0.779001,-0.542899418
370039,0.6987290924,,,,,,0.1084506054,0.3187089629,1,0,0,0,0,0,1,1,3,0.3333333333,0.3752962203,-0.019030,0.779001,0.506195064
370047,,-0.36350809,,,,,0.4699793965,0.6422706209,0,1,0,0,0,0,1,1,3,0.3333333333,0.2495806425,-0.019030,0.779001,0.3448144614
370049,1.6186558519,0.9776423739,0.1476810356,1.149255,1.1084136071,,-1.791302596,-0.27448741,1,1,1,1,1,0,1,1,7,0.1428571429,0.419408266,-0.019030,0.779001,0.5628215271
370054,-1.754408933,,,,,,-2.242637902,0.4265628489,1,0,0,0,0,0,1,1,3,0.3333333333,-1.190161329,-0.019030,0.779001,-1.503376757
370056,-2.521014566,-4.641057898,-0.466000522,-2.383084481,,-2.120646631,0.4008974619,-3.078688447,1,1,1,1,0,1,1,1,7,0.1428571429,-2.11565644,-0.019030,0.779001,-2.691431265
370057,,,,,,,,,0,0,0,0,0,0,0,0,0,,,-0.019030,0.779001,
370078,,0.3294875904,-2.259047756,-0.994758703,,0.4330541101,0.4055029242,0.965832279,0,1,1,1,0,1,1,1,6,0.1666666667,-0.186654926,-0.019030,0.779001,-0.215179456
370083,,,,,,,,,0,0,0,0,0,0,0,0,0,,,-0.019030,0.779001,
370089,0.0854445862,-0.431448843,0.068828098,,,,1.0249376044,-1.137318498,1,1,1,0,0,0,1,1,5,0.2,-0.077911411,-0.019030,0.779001,-0.075585825
370091,0.6987290924,0.1705062285,-0.04602292,0.1541544419,0.0466562744,0.4394825575,0.2880636354,0.3726359059,1,1,1,1,1,1,1,1,8,0.125,0.265525652,-0.019030,0.779001,0.3652830087
370093,-0.221197667,-0.688264889,-0.50885538,-1.620709054,-0.317611348,0.1743091011,0.2281926254,-1.784441814,1,1,1,1,1,1,1,1,8,0.125,-0.592322303,-0.019030,0.779001,-0.735933105
370094,-0.221197667,-0.466778035,-0.858551016,0.3480920507,,0.2980567141,0.3755674192,0.3726359059,1,1,1,1,0,1,1,1,7,0.1428571429,-0.021739233,-0.019030,0.779001,-0.003477816
370097,,,,,,,1.0249376044,0.5344167349,0,0,0,0,0,0,1,1,2,0.5,0.7796771697,-0.019030,0.779001,1.0252973301
370099,,,,,,,,,0,0,0,0,0,0,0,0,0,,,-0.019030,0.779001,
370100,,,,,,,,,0,0,0,0,0,0,0,0,0,,,-0.019030,0.779001,
370106,,0.866219539,0.1099687611,-1.968459249,,1.1916109066,0.6219596526,0.3726359059,0,1,1,1,0,1,1,1,6,0.1666666667,0.1989892528,-0.019030,0.779001,0.2798704894
370112,,,,,,,,,0,0,0,0,0,0,0,0,0,,,-0.019030,0.779001,
370113,,,,,,,-0.368214743,0.4265628489,0,0,0,0,0,0,1,1,2,0.5,0.0291740528,-0.019030,0.779001,0.0618793718
370114,,0.6474503144,-0.344292727,-1.460208964,0.4140284509,-0.699959749,0.0946342185,-1.029464612,0,1,1,1,1,1,1,1,7,0.1428571429,-0.339687581,-0.019030,0.779001,-0.411626886
37012F,,-0.261596961,1.0287769037,,,,,-2.108003472,0,1,1,0,0,0,0,1,3,0.3333333333,-0.446941176,-0.019030,0.779001,-0.549307913
370149,,-0.184144502,1.0287769037,0.2812170132,,,0.7532153283,0.857978393,0,1,1,1,0,0,1,1,5,0.2,0.5474086272,-0.019030,0.779001,0.7271350974
37014F,,-2.200626051,-0.390575973,,,,,-3.13261539,0,1,1,0,0,0,0,1,3,0.3333333333,-1.907939138,-0.019030,0.779001,-2.424785364
370153,,,,,,,,0.0490742479,0,0,0,0,0,0,0,1,1,1,0.0490742479,-0.019030,0.779001,0.0874251755
370158,,,,,,,,,0,0,0,0,0,0,0,0,0,,,-0.019030,0.779001,
370166,,,,,,,,0.2647820199,0,0,0,0,0,0,0,1,1,1,0.2647820199,-0.019030,0.779001,0.364328411
370170,,,,,,,,,0,0,0,0,0,0,0,0,0,,,-0.019030,0.779001,
370171,,,-1.871639845,,,,0.1936516581,0.2108550769,0,0,1,0,0,0,1,1,3,0.3333333333,-0.48904437,-0.019030,0.779001,-0.60335562
370172,,,,,,,,,0,0,0,0,0,0,0,0,0,,,-0.019030,0.779001,
370173,,,,,,,,,0,0,0,0,0,0,0,0,0,,,-0.019030,0.779001,
370178,,,,,,,,0.1030011909,0,0,0,0,0,0,0,1,1,1,0.1030011909,-0.019030,0.779001,0.1566509843
370180,,,,,1.1084136071,,0.1568079597,0.3187089629,0,0,0,0,1,0,1,1,3,0.3333333333,0.5279768432,-0.019030,0.779001,0.7021905912
370183,,,,,,,,0.0490742479,0,0,0,0,0,0,0,1,1,1,0.0490742479,-0.019030,0.779001,0.0874251755
370192,,,,,,,,0.3187089629,0,0,0,0,0,0,0,1,1,1,0.3187089629,-0.019030,0.779001,0.4335542198
370199,,,,,-1.166189334,,,,0,0,0,0,1,0,0,0,1,1,-1.166189334,-0.019030,0.779001,-1.472604
370201,0.3920868393,,,,,,,0.2108550769,1,0,0,0,0,0,0,1,2,0.5,0.3014709581,-0.019030,0.779001,0.4114258595
370202,-0.221197667,0.7452849987,0.7545058164,0.6650797285,0.183256633,0.7560835933,0.9236174337,0.2647820199,1,1,1,1,1,1,1,1,8,0.125,0.5089265696,-0.019030,0.779001,0.6777358283
370203,-0.681161047,,,1.149255,,,1.0249376044,0.4804897919,1,0,0,1,0,0,1,1,4,0.25,0.4933803374,-0.019030,0.779001,0.65777919
370206,,,,,,,1.0249376044,1.5590286521,0,0,0,0,0,0,1,1,2,0.5,1.2919831282,-0.019030,0.779001,1.6829425144
370210,2.2319403581,,,0.2277169831,1.1084136071,,0.1752298089,1.34332088,1,0,0,1,1,0,1,1,5,0.2,1.0173243274,-0.019030,0.779001,1.3303640705
370211,,,-0.172873298,-1.547146512,-1.996139997,,0.2028625827,-0.544122125,0,0,1,1,1,0,1,1,5,0.2,-0.81148387,-0.019030,0.779001,-1.017269963
370212,0.852050219,,,,,,,0.1569281339,1,0,0,0,0,0,0,1,2,0.5,0.5044891764,-0.019030,0.779001,0.6720395639
370214,,,,,,,-0.529405924,,0,0,0,0,0,0,1,0,1,1,-0.529405924,-0.019030,0.779001,-0.655167591
370215,,0.6909323963,0.480234729,,,1.1916109066,0.493006708,1.34332088,0,1,1,0,0,1,1,1,5,0.2,0.839821124,-0.019030,0.779001,1.1025038924
370216,1.0053713456,,,,,,,0.911905336,1,0,0,0,0,0,0,1,2,0.5,0.9586383408,-0.019030,0.779001,1.2550290956
370218,-0.374518794,0.9776423739,,,,1.1916109066,-0.223142681,0.4265628489,1,1,0,0,0,1,1,1,5,0.2,0.399630931,-0.019030,0.779001,0.5374334384
370220,0.5454079659,,,,,,,0.1569281339,1,0,0,0,0,0,0,1,2,0.5,0.3511680499,-0.019030,0.779001,0.4752218247
370222,0.3920868393,,,,,,,0.0490742479,1,0,0,0,0,0,0,1,2,0.5,0.2205805436,-0.019030,0.779001,0.3075871462
370225,,,,,,,,0.1030011909,0,0,0,0,0,0,0,1,1,1,0.1030011909,-0.019030,0.779001,0.1566509843
370227,,,,,,,-0.74125719,-0.867683783,0,0,0,0,0,0,1,1,2,0.5,-0.804470487,-0.019030,0.779001,-1.00826691
370228,-1.141124426,,,,,,1.0249376044,-0.328414353,1,0,0,0,0,0,1,1,3,0.3333333333,-0.148200392,-0.019030,0.779001,-0.165815519
370234,,0.9776423739,,,,,0.3226046027,-0.166633524,0,1,0,0,0,0,1,1,3,0.3333333333,0.3778711508,-0.019030,0.779001,0.5095004924
370235,1.7719769784,,,,,,1.0249376044,0.6422706209,1,0,0,0,0,0,1,1,3,0.3333333333,1.1463950679,-0.019030,0.779001,1.4960516825
370236,,0.9776423739,1.0287769037,,1.1084136071,,1.0249376044,0.6961975639,0,1,1,0,1,0,1,1,5,0.2,0.9671936106,-0.019030,0.779001,1.2660114625
370237,,,,,,,,,0,0,0,0,0,0,0,0,0,,,-0.019030,0.779001,
370240,,,,,,,,,0,0,0,0,0,0,0,0,0,,,-0.019030,0.779001,
370243,,,,,,,,0.1030011909,0,0,0,0,0,0,0,1,1,1,0.1030011909,-0.019030,0.779001,0.1566509843
370244,,,,,,,,,0,0,0,0,0,0,0,0,0,,,-0.019030,0.779001,
371300,,,,,,,,,0,0,0,0,0,0,0,0,0,,,-0.019030,0.779001,
371301,,,,,,,,,0,0,0,0,0,0,0,0,0,,,-0.019030,0.779001,
371302,,,,,,,,,0,0,0,0,0,0,0,0,0,,,-0.019030,0.779001,
371303,,,,,,,,,0,0,0,0,0,0,0,0,0,,,-0.019030,0.779001,
371304,,,,,,,,,0,0,0,0,0,0,0,0,0,,,-0.019030,0.779001,
371305,,,,,,,,,0,0,0,0,0,0,0,0,0,,,-0.019030,0.779001,
371306,,,,,,,,,0,0,0,0,0,0,0,0,0,,,-0.019030,0.779001,
371307,,,,,,,,,0,0,0,0,0,0,0,0,0,,,-0.019030,0.779001,
371309,,,,,,,,,0,0,0,0,0,0,0,0,0,,,-0.019030,0.779001,
371310,,,,,,,,,0,0,0,0,0,0,0,0,0,,,-0.019030,0.779001,
371311,,,,,,,,,0,0,0,0,0,0,0,0,0,,,-0.019030,0.779001,
371312,,,,,,,,,0,0,0,0,0,0,0,0,0,,,-0.019030,0.779001,
371313,,,,,,,1.0249376044,,0,0,0,0,0,0,1,0,1,1,1.0249376044,-0.019030,0.779001,1.3401372048
371314,,,,,,,,,0,0,0,0,0,0,0,0,0,,,-0.019030,0.779001,
371316,,,,,,,,,0,0,0,0,0,0,0,0,0,,,-0.019030,0.779001,
371317,,,-0.587708317,,,,1.0249376044,,0,0,1,0,0,0,1,0,2,0.5,0.2186146435,-0.019030,0.779001,0.3050635278
371318,,,,,,,,,0,0,0,0,0,0,0,0,0,,,-0.019030,0.779001,
371319,,,,,,,,,0,0,0,0,0,0,0,0,0,,,-0.019030,0.779001,
371320,,,,,,,,,0,0,0,0,0,0,0,0,0,,,-0.019030,0.779001,
371321,,,,,,,,,0,0,0,0,0,0,0,0,0,,,-0.019030,0.779001,
371322,,,,,,,,,0,0,0,0,0,0,0,0,0,,,-0.019030,0.779001,
371323,,,,,,,,,0,0,0,0,0,0,0,0,0,,,-0.019030,0.779001,
371325,,,,,,,,,0,0,0,0,0,0,0,0,0,,,-0.019030,0.779001,
371326,,,,,,,,,0,0,0,0,0,0,0,0,0,,,-0.019030,0.779001,
371327,,,,,,,,,0,0,0,0,0,0,0,0,0,,,-0.019030,0.779001,
371328,,,,,,,,,0,0,0,0,0,0,0,0,0,,,-0.019030,0.779001,
371329,,,,,,,,,0,0,0,0,0,0,0,0,0,,,-0.019030,0.779001,
371330,,,,,,,,,0,0,0,0,0,0,0,0,0,,,-0.019030,0.779001,
371331,,,,,,,,,0,0,0,0,0,0,0,0,0,,,-0.019030,0.779001,
371332,,,,,,,,,0,0,0,0,0,0,0,0,0,,,-0.019030,0.779001,
371333,,,,,,,,,0,0,0,0,0,0,0,0,0,,,-0.019030,0.779001,
371334,,,,,,,,,0,0,0,0,0,0,0,0,0,,,-0.019030,0.779001,
371335,,,,,,,,,0,0,0,0,0,0,0,0,0,,,-0.019030,0.779001,
371336,,,,,,,,,0,0,0,0,0,0,0,0,0,,,-0.019030,0.779001,
371337,,,,,,,,,0,0,0,0,0,0,0,0,0,,,-0.019030,0.779001,
371338,,,,,,,,,0,0,0,0,0,0,0,0,0,,,-0.019030,0.779001,
371340,,,,,,,,,0,0,0,0,0,0,0,0,0,,,-0.019030,0.779001,
371341,,,,,,,,,0,0,0,0,0,0,0,0,0,,,-0.019030,0.779001,
371342,,,-0.433430831,,,,-0.736651728,,0,0,1,0,0,0,1,0,2,0.5,-0.585041279,-0.019030,0.779001,-0.726586482
380001,,,,,,,0.191348927,0.2108550769,0,0,0,0,0,0,1,1,2,0.5,0.2011020019,-0.019030,0.779001,0.2825826174
380002,,0.9776423739,-1.669364918,0.3735045649,,0.119667298,0.5091258261,1.181540051,0,1,1,1,0,1,1,1,6,0.1666666667,0.2486858659,-0.019030,0.779001,0.3436658402
380004,-2.674335692,0.2724173579,0.5916573583,0.9700298995,0.3074387772,0.3993047611,0.0002222412,0.2647820199,1,1,1,1,1,1,1,1,8,0.125,0.0164395904,-0.019030,0.779001,0.0455321914
380005,,,,,,,1.0249376044,0.4265628489,0,0,0,0,0,0,1,1,2,0.5,0.7257502267,-0.019030,0.779001,0.9560715212
380007,,0.273776173,-0.795125827,-0.807508597,,-1.337983156,0.3456319142,-0.004852695,0,1,1,1,0,1,1,1,6,0.1666666667,-0.387677031,-0.019030,0.779001,-0.473230758
380009,1.3120135987,0.0645186538,-1.156820824,-0.465108405,0.460596755,-0.777101118,-0.425783022,-0.975537669,1,1,1,1,1,1,1,1,8,0.125,-0.245402754,-0.019030,0.779001,-0.290593817
380014,0.5454079659,0.1229477014,-1.552799706,-0.268495795,,1.1916109066,-0.08267608,-0.220560467,1,1,1,1,0,1,1,1,7,0.1428571429,-0.037795068,-0.019030,0.779001,-0.02408863
380017,0.2387657127,-0.290132077,-0.116304886,0.951304889,1.1084136071,0.6917991191,-0.377425668,-0.490195182,1,1,1,1,1,1,1,1,8,0.125,0.2145281894,-0.019030,0.779001,0.2998177624
380018,,-1.403001611,-1.137964686,-0.439695891,,0.5535874994,0.8015726825,-0.27448741,0,1,1,1,0,1,1,1,6,0.1666666667,-0.316664903,-0.019030,0.779001,-0.382072762
380020,0.852050219,0.2071942351,0.5196611978,1.149255,,,-2.85746712,0.80405145,1,1,1,1,0,0,1,1,6,0.1666666667,0.112457497,-0.019030,0.779001,0.1687900081
380021,,0.9776423739,-3.117859098,0.3882170732,1.1084136071,-0.462107194,-2.007759324,0.1569281339,0,1,1,1,1,1,1,1,7,0.1428571429,-0.422360633,-0.019030,0.779001,-0.517753964
380022,1.4653347253,,-5.366882015,-2.75624719,,,-1.404443762,-0.220560467,1,0,1,1,0,0,1,1,5,0.2,-1.656559742,-0.019030,0.779001,-2.102090603
380025,,-1.325549152,-3.326990802,-0.31263332,,-0.299788897,0.1591106908,-2.054076529,0,1,1,1,0,1,1,1,6,0.1666666667,-1.193321335,-0.019030,0.779001,-1.507433245
380027,,0.9776423739,0.5385173351,1.149255,,-0.614782821,0.4837957834,0.4265628489,0,1,1,1,0,1,1,1,6,0.1666666667,0.4934984201,-0.019030,0.779001,0.6579307723
380029,,,,,,,1.0249376044,0.1569281339,0,0,0,0,0,0,1,1,2,0.5,0.5909328691,-0.019030,0.779001,0.783006999
380033,,,,,,,,,0,0,0,0,0,0,0,0,0,,,-0.019030,0.779001,
380037,,,,,,,-1.738339779,0.3726359059,0,0,0,0,0,0,1,1,2,0.5,-0.682851937,-0.019030,0.779001,-0.852145646
380038,0.2387657127,,-0.932261371,,,,0.6449869641,0.3187089629,1,0,1,0,0,0,1,1,4,0.25,0.0675500672,-0.019030,0.779001,0.1111425135
38003F,1.3120135987,0.7140322523,0.2265339732,,,,,-2.000149586,1,1,1,0,0,0,0,1,4,0.25,0.0631075595,-0.019030,0.779001,0.1054396835
380047,0.0854445862,0.4952630277,-0.044308726,0.2758670102,1.1084136071,-0.044258111,-0.128730703,-0.112706581,1,1,1,1,1,1,1,1,8,0.125,0.2043730137,-0.019030,0.779001,0.2867816026
38004F,,,,,,,,,0,0,0,0,0,0,0,0,0,,,-0.019030,0.779001,
380050,0.3920868393,0.9776423739,1.0287769037,1.149255,,1.1916109066,0.3226046027,-2.647272902,1,1,1,1,0,1,1,1,7,0.1428571429,0.3449576748,-0.019030,0.779001,0.4672495902
380051,0.0854445862,0.1949648995,-1.266529259,-0.374158354,-0.910581087,0.4410896694,-0.02280507,-1.460880156,1,1,1,1,1,1,1,1,8,0.125,-0.414181846,-0.019030,0.779001,-0.507254887
380052,,,,,,,1.0249376044,0.3726359059,0,0,0,0,0,0,1,1,2,0.5,0.6987867551,-0.019030,0.779001,0.9214586167
380056,0.5454079659,,,,,,-3.05780473,-0.058779638,1,0,0,0,0,0,1,1,3,0.3333333333,-0.857058801,-0.019030,0.779001,-1.075774326
380060,,-0.343125864,0.6242270499,0.3721670642,,0.3076993852,0.2143762385,0.80405145,0,1,1,1,0,1,1,1,6,0.1666666667,0.3298992206,-0.019030,0.779001,0.4479191105
380061,,0.5577685205,-0.190015241,-0.219008267,1.1084136071,0.4201972152,0.2258898942,1.073686165,0,1,1,1,1,1,1,1,7,0.1428571429,0.4252759848,-0.019030,0.779001,0.5703538951
380071,,,,,,,1.0249376044,0.4265628489,0,0,0,0,0,0,1,1,2,0.5,0.7257502267,-0.019030,0.779001,0.9560715212
380075,0.2387657127,0.0618010237,-0.320294007,-0.664396017,,-1.236735109,-0.038924188,1.289393937,1,1,1,1,0,1,1,1,7,0.1428571429,-0.095769807,-0.019030,0.779001,-0.098510579
380082,,,-4.05209499,,,,0.4976121703,0.4804897919,0,0,1,0,0,0,1,1,3,0.3333333333,-1.024664342,-0.019030,0.779001,-1.290928914
380089,-0.9878033,-1.575571123,-3.230995922,-1.018833716,,1.1916109066,-0.287619153,-0.436268239,1,1,1,1,0,1,1,1,7,0.1428571429,-0.906497221,-0.019030,0.779001,-1.139238236
380090,0.2387657127,0.6012506024,0.5282321693,-2.063421802,,,-1.505763933,-0.705902954,1,1,1,1,0,0,1,1,6,0.1666666667,-0.484473367,-0.019030,0.779001,-0.597487842
380091,,0.7806141902,-0.625420592,0.8884423537,1.1084136071,0.2241295687,-0.605396052,-0.651976011,0,1,1,1,1,1,1,1,7,0.1428571429,0.1598295806,-0.019030,0.779001,0.2296013693
380102,1.6186558519,0.3797637477,0.7287929019,-0.15213323,0.5744303871,-0.468535642,-0.117217048,1.451174766,1,1,1,1,1,1,1,1,8,0.125,0.5018664669,-0.019030,0.779001,0.6686728018
380103,,0.9776423739,-1.059111749,-1.520396497,,,-1.788999865,0.3187089629,0,1,1,1,0,0,1,1,5,0.2,-0.614431355,-0.019030,0.779001,-0.764314409
381301,,,,,,,,,0,0,0,0,0,0,0,0,0,,,-0.019030,0.779001,
381302,,,,,,,,,0,0,0,0,0,0,0,0,0,,,-0.019030,0.779001,
381303,,,,,,,1.0249376044,,0,0,0,0,0,0,1,0,1,1,1.0249376044,-0.019030,0.779001,1.3401372048
381304,,,,,,,,,0,0,0,0,0,0,0,0,0,,,-0.019030,0.779001,
381305,,,,,,,,,0,0,0,0,0,0,0,0,0,,,-0.019030,0.779001,
381306,,,,,,,,,0,0,0,0,0,0,0,0,0,,,-0.019030,0.779001,
381307,,,,,,,,,0,0,0,0,0,0,0,0,0,,,-0.019030,0.779001,
381308,,,,,,,-0.529405924,,0,0,0,0,0,0,1,0,1,1,-0.529405924,-0.019030,0.779001,-0.655167591
381309,,,1.0287769037,,,,,,0,0,1,0,0,0,0,0,1,1,1.0287769037,-0.019030,0.779001,1.3450656985
381310,,,,,,,,,0,0,0,0,0,0,0,0,0,,,-0.019030,0.779001,
381311,,,,,,,,,0,0,0,0,0,0,0,0,0,,,-0.019030,0.779001,
381312,-0.52783992,,,,,,,,1,0,0,0,0,0,0,0,1,1,-0.52783992,-0.019030,0.779001,-0.653157318
381313,,,,,,,-1.017584928,,0,0,0,0,0,0,1,0,1,1,-1.017584928,-0.019030,0.779001,-1.281841098
381314,,,,,,,-1.038309509,,0,0,0,0,0,0,1,0,1,1,-1.038309509,-0.019030,0.779001,-1.308445162
381315,,,,,,,,,0,0,0,0,0,0,0,0,0,,,-0.019030,0.779001,
381316,,,,,,,,,0,0,0,0,0,0,0,0,0,,,-0.019030,0.779001,
381317,0.6987290924,,,,,,1.0249376044,,1,0,0,0,0,0,1,0,2,0.5,0.8618333484,-0.019030,0.779001,1.1307609001
381318,-0.374518794,,,,,,1.0249376044,,1,0,0,0,0,0,1,0,2,0.5,0.3252094054,-0.019030,0.779001,0.4418988129
381319,,,1.0287769037,,,,-0.616909708,,0,0,1,0,0,0,1,0,2,0.5,0.205933598,-0.019030,0.779001,0.2887849186
381320,,,,,,,,,0,0,0,0,0,0,0,0,0,,,-0.019030,0.779001,
381321,0.5454079659,,1.0287769037,,,,-2.063024872,,1,0,1,0,0,0,1,0,3,0.3333333333,-0.162946667,-0.019030,0.779001,-0.184745256
381322,,,,,,,-2.475213748,,0,0,0,0,0,0,1,0,1,1,-2.475213748,-0.019030,0.779001,-3.152993595
381323,,,-4.067522738,,,,-1.802816252,,0,0,1,0,0,0,1,0,2,0.5,-2.935169495,-0.019030,0.779001,-3.743437014
381324,,,,,,,,,0,0,0,0,0,0,0,0,0,,,-0.019030,0.779001,
381325,,,,-5.556973761,,,-0.504075881,,0,0,0,1,0,0,1,0,2,0.5,-3.030524821,-0.019030,0.779001,-3.865844279
390001,0.6987290924,0.5129276235,0.127110704,-1.175321304,,-1.059952805,0.3179991404,0.3187089629,1,1,1,1,0,1,1,1,7,0.1428571429,-0.037114084,-0.019030,0.779001,-0.023214453
390002,,-1.651664767,-0.531139906,,,1.1916109066,0.0439741331,0.2108550769,0,1,1,0,0,1,1,1,5,0.2,-0.147272911,-0.019030,0.779001,-0.164624916
390003,,,,,,,1.0249376044,0.2647820199,0,0,0,0,0,0,1,1,2,0.5,0.6448598121,-0.019030,0.779001,0.8522328079
390004,,-1.177438311,-0.4728573,,,-0.26764666,-0.059648769,-0.27448741,0,1,1,0,0,1,1,1,5,0.2,-0.45041569,-0.019030,0.779001,-0.553768132
390006,-0.52783992,-0.13794479,-0.0220242,-1.670196581,-0.565975637,0.6564426582,-0.888631984,0.0490742479,1,1,1,1,1,1,1,1,8,0.125,-0.388387026,-0.019030,0.779001,-0.474142175
390009,-0.06787654,-0.481725,0.4202379287,-1.668859081,0.2981251164,-0.674245959,-0.310646464,0.2647820199,1,1,1,1,1,1,1,1,8,0.125,-0.277525998,-0.019030,0.779001,-0.331830301
390012,-1.601087806,0.9776423739,1.0287769037,-2.099534322,,-3.171697785,-0.340581969,1.019759222,1,1,1,1,0,1,1,1,7,0.1428571429,-0.59810334,-0.019030,0.779001,-0.7433542
390013,0.5454079659,,-0.049451308,0.3601295574,,,-0.851788285,-3.078688447,1,0,1,1,0,0,1,1,5,0.2,-0.614878103,-0.019030,0.779001,-0.764887899
390016,0.5454079659,-1.026609839,-1.011114309,-1.07902125,,1.1916109066,-0.064254231,0.2108550769,1,1,1,1,0,1,1,1,7,0.1428571429,-0.176160811,-0.019030,0.779001,-0.201708202
39001F,,,,,,,,,0,0,0,0,0,0,0,0,0,,,-0.019030,0.779001,
390025,,,,,,,,,0,0,0,0,0,0,0,0,0,,,-0.019030,0.779001,
390026,0.2387657127,-1.362237159,0.3448133796,-4.058972921,,1.1916109066,0.327210065,-0.27448741,1,1,1,1,0,1,1,1,7,0.1428571429,-0.513328204,-0.019030,0.779001,-0.634528684
390027,-1.294445553,-0.021086695,0.207677836,0.646354718,-0.010260542,-0.438000516,-0.038924188,0.4804897919,1,1,1,1,1,1,1,1,8,0.125,-0.058524394,-0.019030,0.779001,-0.050698786
390028,,0.4898277675,-0.510569574,0.5313296534,,0.0280619221,-0.612304245,0.2647820199,0,1,1,1,0,1,1,1,6,0.1666666667,0.0318545906,-0.019030,0.779001,0.0653203678
390030,-0.52783992,0.4178105693,0.3928108199,,,1.1916109066,0.3387237208,0.750124507,1,1,1,0,0,1,1,1,6,0.1666666667,0.4272067672,-0.019030,0.779001,0.5728324331
390032,,,-0.442001802,,,,-0.402755711,0.4804897919,0,0,1,0,0,0,1,1,3,0.3333333333,-0.121422574,-0.019030,0.779001,-0.131440937
390035,,-1.27391418,-0.56885218,,,1.1916109066,0.3203018715,0.6422706209,0,1,1,0,0,1,1,1,5,0.2,0.0622834078,-0.019030,0.779001,0.1043817232
390036,-0.06787654,-0.606735986,0.0071171033,-0.41963338,,-1.479409,-1.526488513,1.289393937,1,1,1,1,0,1,1,1,7,0.1428571429,-0.400518911,-0.019030,0.779001,-0.48971583
390037,1.7719769784,,0.3550985454,,,,-0.211629025,0.4804897919,1,0,1,0,0,0,1,1,4,0.25,0.5989840727,-0.019030,0.779001,0.793342298
390039,-1.754408933,,,1.149255,,,-0.310646464,0.1569281339,1,0,0,1,0,0,1,1,4,0.25,-0.189718066,-0.019030,0.779001,-0.219111597
390041,,-1.356801899,-1.083110469,1.149255,,-0.351216476,-0.978438499,0.911905336,0,1,1,1,0,1,1,1,6,0.1666666667,-0.284734501,-0.019030,0.779001,-0.341083829
390042,0.0854445862,-0.517054192,-0.064879057,0.7988298035,1.1084136071,-2.990094145,0.23740355,0.80405145,1,1,1,1,1,1,1,1,8,0.125,-0.06723555,-0.019030,0.779001,-0.061881263
390044,1.7719769784,0.6175563831,-0.719701278,-1.378621418,-0.90437198,0.2594860295,0.1245697235,-1.029464612,1,1,1,1,1,1,1,1,8,0.125,-0.157321272,-0.019030,0.779001,-0.177523957
390045,-0.52783992,0.1976825297,-0.54485346,0.2303919846,,-0.076400349,0.1268724547,-2.269784301,1,1,1,1,0,1,1,1,7,0.1428571429,-0.409133009,-0.019030,0.779001,-0.500773714
390046,,0.31861707,-0.644276729,-0.34874584,-0.79260805,-0.344788029,0.147597035,0.5883436779,0,1,1,1,1,1,1,1,7,0.1428571429,-0.153694409,-0.019030,0.779001,-0.172868168
390048,,-1.290219961,1.0287769037,,,1.1916109066,-0.075767887,-0.112706581,0,1,1,0,0,1,1,1,5,0.2,0.1483386763,-0.019030,0.779001,0.2148505397
390049,1.0053713456,0.5903800819,0.8710710285,0.5861671842,-3.13551117,0.1100246268,0.4791903211,2.2600789112,1,1,1,1,1,1,1,1,8,0.125,0.3458465412,-0.019030,0.779001,0.4683906245
39004F,,,,,,,,,0,0,0,0,0,0,0,0,0,,,-0.019030,0.779001,
390050,-1.754408933,-0.050980626,0.3893824313,-0.049145672,,-0.55371257,0.2627335927,-0.867683783,1,1,1,1,0,1,1,1,7,0.1428571429,-0.374830794,-0.019030,0.779001,-0.456740093
390056,0.0854445862,,,,,,-4.810183138,0.2647820199,1,0,0,0,0,0,1,1,3,0.3333333333,-1.486652177,-0.019030,0.779001,-1.883980917
390057,1.1586924721,0.9776423739,0.4133811515,-0.479820914,,1.1916109066,-0.674477987,1.181540051,1,1,1,1,0,1,1,1,7,0.1428571429,0.538366865,-0.019030,0.779001,0.7155282221
390058,-0.221197667,0.9776423739,-0.433430831,,,,-0.732046265,-0.436268239,1,1,1,0,0,0,1,1,5,0.2,-0.169060126,-0.019030,0.779001,-0.192593079
39005F,,,,,,,,,0,0,0,0,0,0,0,0,0,,,-0.019030,0.779001,
390062,,,,,,,-0.439599409,0.4804897919,0,0,0,0,0,0,1,1,2,0.5,0.0204451915,-0.019030,0.779001,0.0506741661
390063,-0.834482173,0.2126294953,0.0345442121,0.2303919846,1.1084136071,-0.270860883,-0.075767887,-0.382341296,1,1,1,1,1,1,1,1,8,0.125,0.0028158824,-0.019030,0.779001,0.0280434901
390065,,-0.083592188,-1.343668002,-1.640771565,,-1.546907698,0.0900287562,-0.058779638,0,1,1,1,0,1,1,1,6,0.1666666667,-0.763948389,-0.019030,0.779001,-0.95624885
390066,,0.9776423739,-0.152302966,0.5433671602,,1.1916109066,0.3847783438,1.235466994,0,1,1,1,0,1,1,1,6,0.1666666667,0.6967604687,-0.019030,0.779001,0.9188574807
390067,1.1586924721,0.6243504584,0.1476810356,0.9178673702,0.3136478844,-0.280503554,-0.451113065,-0.490195182,1,1,1,1,1,1,1,1,8,0.125,0.2425534274,-0.019030,0.779001,0.3357936525
390068,0.6987290924,-0.334972974,-2.060201218,,-1.399030854,,-0.354398356,0.0490742479,1,1,1,0,1,0,1,1,6,0.1666666667,-0.56680001,-0.019030,0.779001,-0.703170236
39006F,-0.9878033,,,,,,,1.019759222,1,0,0,0,0,0,0,1,2,0.5,0.0159779611,-0.019030,0.779001,0.0449395997
390070,,,,,,,1.0249376044,0.4804897919,0,0,0,0,0,0,1,1,2,0.5,0.7527136982,-0.019030,0.779001,0.9906844256
390073,-0.221197667,0.7099558071,-0.054593891,0.4122920867,,0.3157349445,-1.130418755,-0.651976011,1,1,1,1,0,1,1,1,7,0.1428571429,-0.088600498,-0.019030,0.779001,-0.089307365
390079,0.2387657127,0.7996376011,-0.011739034,-0.938583671,,0.0730610541,0.9074983156,0.2108550769,1,1,1,1,0,1,1,1,7,0.1428571429,0.1827850079,-0.019030,0.779001,0.2590691628
390086,-0.834482173,-0.099897968,-1.321383476,0.0591918886,,-0.732101986,0.7094634364,-1.460880156,1,1,1,1,0,1,1,1,7,0.1428571429,-0.525727205,-0.019030,0.779001,-0.650445234
390090,,-1.466865918,-0.147160383,-1.865471691,-0.275182449,-0.990846995,0.4699793965,-0.867683783,0,1,1,1,1,1,1,1,7,0.1428571429,-0.734747403,-0.019030,0.779001,-0.918763657
390091,0.6987290924,,-0.395718556,,,-0.720852203,-0.036621457,0.5344167349,1,0,1,0,0,1,1,1,5,0.2,0.0159907221,-0.019030,0.779001,0.044955981
390093,,,,,,,0.1959543893,0.2108550769,0,0,0,0,0,0,1,1,2,0.5,0.2034047331,-0.019030,0.779001,0.2855386245
390096,,0.204476605,-0.258583013,0.4738171212,,1.1916109066,0.2949718288,-0.436268239,0,1,1,1,0,1,1,1,6,0.1666666667,0.2450042016,-0.019030,0.779001,0.3389397019
390097,1.0053713456,-0.235779474,0.3636695169,1.149255,,0.2819855955,0.3018800223,0.6422706209,1,1,1,1,0,1,1,1,7,0.1428571429,0.5012360896,-0.019030,0.779001,0.6678635888
39009F,0.3920868393,-0.881216628,0.497376672,,,,,1.5590286521,1,1,1,0,0,0,0,1,4,0.25,0.3918188839,-0.019030,0.779001,0.5274051436
390100,0.3920868393,0.5183628837,-0.121447469,-0.304608315,-0.147895751,0.7094773495,0.4722821276,1.235466994,1,1,1,1,1,1,1,1,8,0.125,0.3442155823,-0.019030,0.779001,0.4662969689
390101,-0.681161047,0.6080446777,-0.380290808,-0.481158414,0.3281358012,1.1916109066,-0.306041002,-1.245172384,1,1,1,1,1,1,1,1,8,0.125,-0.120754034,-0.019030,0.779001,-0.130582735
390102,0.0854445862,0.6990852867,-0.162588132,0.5059171392,,-0.598711702,-1.022190391,1.181540051,1,1,1,1,0,1,1,1,7,0.1428571429,0.0983566912,-0.019030,0.779001,0.150688858
390104,,,,,,,,0.1030011909,0,0,0,0,0,0,0,1,1,1,0.1030011909,-0.019030,0.779001,0.1566509843
390107,1.3120135987,0.3702520422,0.0893984295,0.4270045949,,-0.887991836,-0.973833037,1.7208094811,1,1,1,1,0,1,1,1,7,0.1428571429,0.2939504677,-0.019030,0.779001,0.4017718349
390110,,0.1012066604,-0.025452588,-1.236846338,,0.8091182846,-0.243867261,0.2647820199,0,1,1,1,0,1,1,1,6,0.1666666667,-0.055176537,-0.019030,0.779001,-0.046401155
390111,,-0.504824856,-0.815696159,-0.420970881,-0.300018878,0.2514504703,0.1867434646,1.34332088,0,1,1,1,1,1,1,1,7,0.1428571429,-0.03714228,-0.019030,0.779001,-0.023250649
390112,1.1586924721,,,,,,1.0249376044,0.1569281339,1,0,0,0,0,0,1,1,3,0.3333333333,0.7801860701,-0.019030,0.779001,1.0259506036
390113,1.0053713456,0.2696997278,-0.226013321,0.1809044569,,1.1916109066,-2.012364787,-0.598049068,1,1,1,1,0,1,1,1,7,0.1428571429,-0.026977248,-0.019030,0.779001,-0.010201837
390114,-0.681161047,-0.295567337,0.0619713208,0.3494295514,0.003192524,-1.084059483,-1.042914971,-1.137318498,1,1,1,1,1,1,1,1,8,0.125,-0.478303492,-0.019030,0.779001,-0.589567597
390115,0.3920868393,0.0849008797,-0.551710237,-0.073220686,,-0.740137546,0.0693041758,0.1569281339,1,1,1,1,0,1,1,1,7,0.1428571429,-0.094549777,-0.019030,0.779001,-0.096944432
390116,,,1.0287769037,,,,-0.393544786,0.4804897919,0,0,1,0,0,0,1,1,3,0.3333333333,0.3719073032,-0.019030,0.779001,0.5018447243
390117,,,,,,,-0.170179864,0.1569281339,0,0,0,0,0,0,1,1,2,0.5,-0.006625865,-0.019030,0.779001,0.0159231551
390123,0.2387657127,0.0563657635,-0.24144107,-0.099970701,,0.3655554121,-0.280710959,-2.000149586,1,1,1,1,0,1,1,1,7,0.1428571429,-0.28022649,-0.019030,0.779001,-0.335296912
390125,-0.374518794,,-0.363148865,,,,-1.270885355,-1.946222643,1,0,1,0,0,0,1,1,4,0.25,-0.988693914,-0.019030,0.779001,-1.244753814
390127,,0.9776423739,-1.002543337,-0.863683629,,-0.9779901,0.1729270777,-0.705902954,0,1,1,1,0,1,1,1,6,0.1666666667,-0.399925095,-0.019030,0.779001,-0.48895355
39012F,-0.374518794,0.4313987199,-1.137964686,,,,,-2.000149586,1,1,1,0,0,0,0,1,4,0.25,-0.770308587,-0.019030,0.779001,-0.964413411
390133,1.3120135987,-0.045545366,-0.36143467,0.2196919786,0.3798783613,-0.010508762,0.0946342185,-0.81375684,1,1,1,1,1,1,1,1,8,0.125,0.0968715648,-0.019030,0.779001,0.1487824069
390137,-0.9878033,-3.549929405,0.5008050606,-1.482946476,,-0.012115874,-0.695202567,-0.598049068,1,1,1,1,0,1,1,1,7,0.1428571429,-0.975034519,-0.019030,0.779001,-1.227219301
390138,,,,,,,1.0249376044,-0.436268239,0,0,0,0,0,0,1,1,2,0.5,0.2943346826,-0.019030,0.779001,0.4022650502
390139,0.5454079659,-0.512977747,-0.777983884,-1.608671547,,-0.884777613,0.5275476753,0.965832279,1,1,1,1,0,1,1,1,7,0.1428571429,-0.249374696,-0.019030,0.779001,-0.295692583
39013F,1.0053713456,,-2.12876899,,,,,0.6961975639,1,0,1,0,0,0,0,1,3,0.3333333333,-0.142400027,-0.019030,0.779001,-0.158369613
390142,-1.294445553,-0.873063737,-0.100877137,0.3801920687,1.1084136071,-0.039436776,0.3755674192,0.857978393,1,1,1,1,1,1,1,1,8,0.125,0.0517910355,-0.019030,0.779001,0.0909127053
390145,1.4653347253,0.4150929392,0.3962392085,0.3561170552,,0.7335840273,-1.082061401,-1.730514871,1,1,1,1,0,1,1,1,7,0.1428571429,0.0791130976,-0.019030,0.779001,0.1259859311
390146,0.2387657127,,-0.503712797,,,,-3.502231843,-0.004852695,1,0,1,0,0,0,1,1,4,0.25,-0.943007906,-0.019030,0.779001,-1.186106861
390147,0.5454079659,-1.859563471,1.0287769037,,,1.1916109066,-0.755073577,-1.514807099,1,1,1,0,0,1,1,1,6,0.1666666667,-0.227274728,-0.019030,0.779001,-0.26732294
390150,,,,,,,,,0,0,0,0,0,0,0,0,0,,,-0.019030,0.779001,
390151,,0.9776423739,-1.348810585,0.4617796144,,-1.74779668,0.5805104918,0.857978393,0,1,1,1,0,1,1,1,6,0.1666666667,-0.036449399,-0.019030,0.779001,-0.0223612
390153,1.1586924721,-0.401554912,-0.159159743,0.1193794224,,0.5969795195,0.8361136498,0.750124507,1,1,1,1,0,1,1,1,7,0.1428571429,0.4143678451,-0.019030,0.779001,0.5563511582
390156,,-2.043003504,0.63622641,1.149255,,-2.385820087,0.8061781448,-0.328414353,0,1,1,1,0,1,1,1,6,0.1666666667,-0.360929732,-0.019030,0.779001,-0.438895352
390157,,,,,,,,,0,0,0,0,0,0,0,0,0,,,-0.019030,0.779001,
390160,,,,,,,-0.623817901,0.3187089629,0,0,0,0,0,0,1,1,2,0.5,-0.152554469,-0.019030,0.779001,-0.171404831
390162,,,,,,,1.0249376044,0.2647820199,0,0,0,0,0,0,1,1,2,0.5,0.6448598121,-0.019030,0.779001,0.8522328079
390163,-0.06787654,,0.3071011051,,,,1.0249376044,-0.058779638,1,0,1,0,0,0,1,1,4,0.25,0.3013456327,-0.019030,0.779001,0.4112649798
390164,1.1586924721,-0.423295953,-0.028880977,0.6102421977,,-0.224254639,-1.06133682,-1.029464612,1,1,1,1,0,1,1,1,7,0.1428571429,-0.142614047,-0.019030,0.779001,-0.15864435
390168,-0.9878033,-1.787546272,0.7390780677,-0.588158474,,0.3462700698,0.4492548161,-1.083391555,1,1,1,1,0,1,1,1,7,0.1428571429,-0.416042378,-0.019030,0.779001,-0.509643245
390173,0.3920868393,0.9776423739,0.5762296096,-0.002333146,,1.1916109066,-0.8011282,0.0490742479,1,1,1,1,0,1,1,1,7,0.1428571429,0.3404546616,-0.019030,0.779001,0.4614690895
390174,-0.9878033,0.0522893183,-0.342578533,0.5019046369,0.2256855323,-0.581033472,-0.174785326,-0.166633524,1,1,1,1,1,1,1,1,8,0.125,-0.184119333,-0.019030,0.779001,-0.211924526
390178,0.0854445862,,-1.192818904,,,,-1.911044616,0.3726359059,1,0,1,0,0,0,1,1,4,0.25,-0.661445757,-0.019030,0.779001,-0.824666616
390179,1.0053713456,0.1895296393,0.3465275739,-1.156596293,-0.313471944,-0.662996176,0.5966296099,1.6668825381,1,1,1,1,1,1,1,1,8,0.125,0.2089845367,-0.019030,0.779001,0.2927013968
390180,,0.3077465495,0.1631087843,-1.280983863,,0.9360801213,0.41701658,-3.564030934,0,1,1,1,0,1,1,1,6,0.1666666667,-0.50351046,-0.019030,0.779001,-0.621925684
390183,,,,,,,-0.296830078,0.5344167349,0,0,0,0,0,0,1,1,2,0.5,0.1187933287,-0.019030,0.779001,0.1769232908
390184,,,,,,,1.0249376044,,0,0,0,0,0,0,1,0,1,1,1.0249376044,-0.019030,0.779001,1.3401372048
390185,-0.681161047,-2.462877357,-1.508230654,-3.237747461,,,-0.950805725,0.965832279,1,1,1,1,0,0,1,1,6,0.1666666667,-1.312498327,-0.019030,0.779001,-1.660420291
390195,-0.374518794,0.6854971361,0.0722564866,-1.394671427,-0.871256741,0.3623411884,0.642684233,-0.058779638,1,1,1,1,1,1,1,1,8,0.125,-0.117055944,-0.019030,0.779001,-0.125835512
390198,,,-3.805251011,,,,0.552877718,-1.137318498,0,0,1,0,0,0,1,1,3,0.3333333333,-1.463230597,-0.019030,0.779001,-1.853914725
390199,,,,,,,-0.08267608,0.1569281339,0,0,0,0,0,0,1,1,2,0.5,0.0371260268,-0.019030,0.779001,0.0720872901
390201,-0.681161047,0.9776423739,1.0287769037,1.149255,,1.1916109066,0.3226046027,0.6422706209,1,1,1,1,0,1,1,1,7,0.1428571429,0.6615713373,-0.019030,0.779001,0.8736853283
390203,0.6987290924,0.2194235706,0.5779438039,-0.581470971,,0.6307288685,-0.354398356,1.451174766,1,1,1,1,0,1,1,1,7,0.1428571429,0.3774472535,-0.019030,0.779001,0.5089563371
390204,,0.9776423739,0.3636695169,,,0.5873368484,-0.851788285,0.5883436779,0,1,1,0,0,1,1,1,5,0.2,0.3330408263,-0.019030,0.779001,0.4519519777
390211,-0.834482173,0.4504221308,-1.638509421,,,-2.135110637,0.3640537634,-0.166633524,1,1,1,0,0,1,1,1,6,0.1666666667,-0.66004331,-0.019030,0.779001,-0.822866301
390217,,,,,,,-1.671560576,,0,0,0,0,0,0,1,0,1,1,-1.671560576,-0.019030,0.779001,-2.121347116
390219,0.0854445862,-0.754846827,0.0705422923,-1.024183719,,0.130917081,0.1706243466,0.2108550769,1,1,1,1,0,1,1,1,7,0.1428571429,-0.15866388,-0.019030,0.779001,-0.179247459
390222,-0.834482173,0.5985329723,0.6533683529,0.7627172832,,-2.094932841,0.3203018715,0.750124507,1,1,1,1,0,1,1,1,7,0.1428571429,0.0222328532,-0.019030,0.779001,0.0529689807
390223,0.852050219,-0.110768489,-0.440287608,0.0712293954,,0.7689404882,-0.018199608,0.3726359059,1,1,1,1,0,1,1,1,7,0.1428571429,0.2136571862,-0.019030,0.779001,0.2986996591
390225,,0.9776423739,1.0287769037,1.149255,,,0.5666941049,1.127613108,0,1,1,1,0,0,1,1,5,0.2,0.9699962981,-0.019030,0.779001,1.2696092617
390226,0.6987290924,-1.783469827,-0.639134146,0.2183544779,0.2836371995,-0.31103868,0.0646987135,0.4804897919,1,1,1,1,1,1,1,1,8,0.125,-0.123466672,-0.019030,0.779001,-0.134064939
390228,1.7719769784,0.7738201149,0.3979534028,0.3801920687,,0.3735909714,0.7601235218,1.5590286521,1,1,1,1,0,1,1,1,7,0.1428571429,0.85952653,-0.019030,0.779001,1.1277996462
390231,1.1586924721,-0.148815311,-0.251726235,-0.182895747,0.3001948188,0.2787713718,-0.234656336,1.019759222,1,1,1,1,1,1,1,1,8,0.125,0.2424155319,-0.019030,0.779001,0.3356166366
390233,0.6987290924,0.9776423739,-1.484231934,-0.874383635,,,-1.102785981,-0.166633524,1,1,1,1,0,0,1,1,6,0.1666666667,-0.325277268,-0.019030,0.779001,-0.393128423
390237,-0.06787654,0.7249027728,0.5813721925,0.4510796084,,-0.662996176,-0.312949196,0.1569281339,1,1,1,1,0,1,1,1,7,0.1428571429,0.1243515422,-0.019030,0.779001,0.184058348
390256,-1.141124426,0.0047307912,-0.188301046,0.7185797585,0.5092347614,0.5471590519,-0.250775454,-0.705902954,1,1,1,1,1,1,1,1,8,0.125,-0.06329994,-0.019030,0.779001,-0.056829136
390258,-1.141124426,-1.057862585,-0.911691039,-0.36613335,,-0.928169633,-0.854091017,-0.382341296,1,1,1,1,0,1,1,1,7,0.1428571429,-0.805916192,-0.019030,0.779001,-1.010122757
390265,-0.681161047,0.2153471254,0.8230735882,0.7573672802,,-0.393001384,0.493006708,-1.838368757,1,1,1,1,0,1,1,1,7,0.1428571429,-0.089105212,-0.019030,0.779001,-0.089955265
390266,,,,,,,1.0249376044,0.2647820199,0,0,0,0,0,0,1,1,2,0.5,0.6448598121,-0.019030,0.779001,0.8522328079
390267,,0.7819730053,-0.711130307,0.5995421917,,0.0682397186,-0.266894573,0.80405145,0,1,1,1,0,1,1,1,6,0.1666666667,0.2126302477,-0.019030,0.779001,0.297381382
390268,1.0053713456,0.9776423739,0.1305390926,-0.850308621,,0.3125207208,0.0278550151,0.750124507,1,1,1,1,0,1,1,1,7,0.1428571429,0.3362492048,-0.019030,0.779001,0.4560705607
390270,-0.221197667,0.3226935151,0.1819649215,-1.021508718,,0.3398416224,-0.259986379,0.3726359059,1,1,1,1,0,1,1,1,7,0.1428571429,-0.040793828,-0.019030,0.779001,-0.027938128
390272,,,,,,,,,0,0,0,0,0,0,0,0,0,,,-0.019030,0.779001,
390278,,,,,,1.1916109066,1.0249376044,,0,0,0,0,0,1,1,0,2,0.5,1.1082742555,-0.019030,0.779001,1.4471161426
390304,,,,,,,-0.227748143,0.6422706209,0,0,0,0,0,0,1,1,2,0.5,0.207261239,-0.019030,0.779001,0.2904892063
390307,2.0786192316,,,,,,,0.1569281339,1,0,0,0,0,0,0,1,2,0.5,1.1177736827,-0.019030,0.779001,1.4593105207
390316,0.2387657127,,,,,,,0.3726359059,1,0,0,0,0,0,0,1,2,0.5,0.3057008093,-0.019030,0.779001,0.4168557032
390322,1.0053713456,,,,,,,0.6422706209,1,0,0,0,0,0,0,1,2,0.5,0.8238209833,-0.019030,0.779001,1.0819645734
390323,1.4653347253,,,,,,,0.2647820199,1,0,0,0,0,0,0,1,2,0.5,0.8650583726,-0.019030,0.779001,1.1349008512
390324,2.8452248644,,,,,,,0.6422706209,1,0,0,0,0,0,0,1,2,0.5,1.7437477427,-0.019030,0.779001,2.2628710086
390325,1.6186558519,,,,,,,0.750124507,1,0,0,0,0,0,0,1,2,0.5,1.1843901794,-0.019030,0.779001,1.5448258607
390326,0.3920868393,0.4368339802,1.0287769037,0.3842045709,,0.6516213226,0.9328283583,0.965832279,1,1,1,1,0,1,1,1,7,0.1428571429,0.6845977506,-0.019030,0.779001,0.9032442463
390327,,,,,,,,0.1569281339,0,0,0,0,0,0,0,1,1,1,0.1569281339,-0.019030,0.779001,0.2258767932
390328,-0.9878033,0.1800179339,-0.128304246,0.2986045229,,0.1293099691,-0.639937019,0.911905336,1,1,1,1,0,1,1,1,7,0.1428571429,-0.033743829,-0.019030,0.779001,-0.018888071
390329,0.2387657127,0.9776423739,-0.49685602,-0.206970761,0.2256855323,-0.352823588,-0.296830078,1.6668825381,1,1,1,1,1,1,1,1,8,0.125,0.2194369639,-0.019030,0.779001,0.3061191374
390330,0.2387657127,0.9776423739,0.4870915062,0.2999420237,,1.1916109066,-0.078070618,0.5344167349,1,1,1,1,0,1,1,1,7,0.1428571429,0.5216283771,-0.019030,0.779001,0.6940410898
390331,,,,,,,,,0,0,0,0,0,0,0,0,0,,,-0.019030,0.779001,
390332,,,,,,,0.6703170068,0.4804897919,0,0,0,0,0,0,1,1,2,0.5,0.5754033994,-0.019030,0.779001,0.7630718785
390333,,,,,,,,,0,0,0,0,0,0,0,0,0,,,-0.019030,0.779001,
390334,,0.4477045006,-0.296295287,-0.387533362,,1.1916109066,0.5183367507,0.2647820199,0,1,1,1,0,1,1,1,6,0.1666666667,0.2897675881,-0.019030,0.779001,0.3964022886
390335,0.0854445862,0.9776423739,1.0287769037,1.149255,,,0.6242623837,0.6422706209,1,1,1,1,0,0,1,1,6,0.1666666667,0.7512753114,-0.019030,0.779001,0.9888379741
390336,,,,,,,-0.828760974,0.3187089629,0,0,0,0,0,0,1,1,2,0.5,-0.255026005,-0.019030,0.779001,-0.302947148
390337,,,,,,,1.0249376044,0.1030011909,0,0,0,0,0,0,1,1,2,0.5,0.5639693976,-0.019030,0.779001,0.7483940946
390338,0.5454079659,,,,,,-0.402755711,0.4265628489,1,0,0,0,0,0,1,1,3,0.3333333333,0.1897383681,-0.019030,0.779001,0.2679951644
390339,,0.9776423739,-0.001453868,,,,0.2420090123,0.2108550769,0,1,1,0,0,0,1,1,4,0.25,0.3572631487,-0.019030,0.779001,0.4830460796
391300,,,,,,,1.0249376044,,0,0,0,0,0,0,1,0,1,1,1.0249376044,-0.019030,0.779001,1.3401372048
391301,,,,,,,,,0,0,0,0,0,0,0,0,0,,,-0.019030,0.779001,
391302,,,,,,,,,0,0,0,0,0,0,0,0,0,,,-0.019030,0.779001,
391303,,,,,,,,,0,0,0,0,0,0,0,0,0,,,-0.019030,0.779001,
391304,,,,,,,,,0,0,0,0,0,0,0,0,0,,,-0.019030,0.779001,
391305,,,,,,,-0.250775454,,0,0,0,0,0,0,1,0,1,1,-0.250775454,-0.019030,0.779001,-0.297490732
391306,,,,,,,,,0,0,0,0,0,0,0,0,0,,,-0.019030,0.779001,
391307,,,,,,,,,0,0,0,0,0,0,0,0,0,,,-0.019030,0.779001,
391308,,,,,,,,,0,0,0,0,0,0,0,0,0,,,-0.019030,0.779001,
391309,,,,,,,,,0,0,0,0,0,0,0,0,0,,,-0.019030,0.779001,
391312,,,,,,,,,0,0,0,0,0,0,0,0,0,,,-0.019030,0.779001,
391313,1.0053713456,,,,,,-0.151758015,,1,0,0,0,0,0,1,0,2,0.5,0.4268066654,-0.019030,0.779001,0.5723188238
391314,,,,,,,0.0370659397,,0,0,0,0,0,0,1,0,1,1,0.0370659397,-0.019030,0.779001,0.0720101566
391315,-0.52783992,,,,,,,,1,0,0,0,0,0,0,0,1,1,-0.52783992,-0.019030,0.779001,-0.653157318
391316,0.6987290924,,,,,,-1.310031785,,1,0,0,0,0,0,1,0,2,0.5,-0.305651346,-0.019030,0.779001,-0.367934702
391317,,,,,,,,,0,0,0,0,0,0,0,0,0,,,-0.019030,0.779001,
400001,-0.221197667,,,,,,,,1,0,0,0,0,0,0,0,1,1,-0.221197667,-0.019030,0.779001,-0.25952184
400003,,,,,,,,,0,0,0,0,0,0,0,0,0,,,-0.019030,0.779001,
400004,,,,,,,,,0,0,0,0,0,0,0,0,0,,,-0.019030,0.779001,
400005,,,,,,,,,0,0,0,0,0,0,0,0,0,,,-0.019030,0.779001,
400006,,,1.0287769037,,,,0.4101083865,,0,0,1,0,0,0,1,0,2,0.5,0.7194426451,-0.019030,0.779001,0.9479745031
400007,,-0.928775155,-0.160873938,,,,,,0,1,1,0,0,0,0,0,2,0.5,-0.544824546,-0.019030,0.779001,-0.674960417
400011,,,,,,,,,0,0,0,0,0,0,0,0,0,,,-0.019030,0.779001,
400012,,,,,,,,,0,0,0,0,0,0,0,0,0,,,-0.019030,0.779001,
400013,,0.9776423739,-0.891120708,,,,,,0,1,1,0,0,0,0,0,2,0.5,0.043260833,-0.019030,0.779001,0.0799625173
400014,0.5454079659,-3.685810911,0.1545378128,,,,1.0249376044,,1,1,1,0,0,0,1,0,4,0.25,-0.490231882,-0.019030,0.779001,-0.604880025
400015,,,,,,,,,0,0,0,0,0,0,0,0,0,,,-0.019030,0.779001,
400016,2.0786192316,-0.071362852,0.2453901105,,,0.7721547119,-0.377425668,,1,1,1,0,0,1,1,0,5,0.2,0.5294751068,-0.019030,0.779001,0.7041139063
400018,,,,,,,,,0,0,0,0,0,0,0,0,0,,,-0.019030,0.779001,
400019,,-7.932107972,-6.292546935,,,,,,0,1,1,0,0,0,0,0,2,0.5,-7.112327453,-0.019030,0.779001,-9.105638585
400021,-0.52783992,0.9776423739,0.4768063404,,,1.1916109066,-0.674477987,,1,1,1,0,0,1,1,0,5,0.2,0.2887483428,-0.019030,0.779001,0.3950938874
400022,,-4.47256483,-0.042594531,,,-0.164791501,-0.446507602,,0,1,1,0,0,1,1,0,4,0.25,-1.281614616,-0.019030,0.779001,-1.62077499
400032,,-6.162930765,-2.567602729,,,,,,0,1,1,0,0,0,0,0,2,0.5,-4.365266747,-0.019030,0.779001,-5.579247344
40003F,0.6987290924,-0.741258677,0.740792262,,,,,-4.534715908,1,1,1,0,0,0,0,1,4,0.25,-0.959113307,-0.019030,0.779001,-1.206781303
400044,,,,,,,,,0,0,0,0,0,0,0,0,0,,,-0.019030,0.779001,
400048,,,,,,,,,0,0,0,0,0,0,0,0,0,,,-0.019030,0.779001,
400061,,-12.18655792,-4.430931929,,,,,,0,1,1,0,0,0,0,0,2,0.5,-8.308744927,-0.019030,0.779001,-10.64147508
400079,,,,,,,,,0,0,0,0,0,0,0,0,0,,,-0.019030,0.779001,
400087,,-13.43259133,-6.88908655,,,,,,0,1,1,0,0,0,0,0,2,0.5,-10.16083894,-0.019030,0.779001,-13.01900103
400098,,-6.452358372,-2.322472945,,,,,,0,1,1,0,0,0,0,0,2,0.5,-4.387415659,-0.019030,0.779001,-5.607679817
400102,,,,,,,,,0,0,0,0,0,0,0,0,0,,,-0.019030,0.779001,
400103,,,,,,,,,0,0,0,0,0,0,0,0,0,,,-0.019030,0.779001,
400104,,0.9776423739,-1.326526059,,,,,,0,1,1,0,0,0,0,0,2,0.5,-0.174441843,-0.019030,0.779001,-0.199501568
400105,,,,,,,,,0,0,0,0,0,0,0,0,0,,,-0.019030,0.779001,
400106,,,,,,,,,0,0,0,0,0,0,0,0,0,,,-0.019030,0.779001,
400109,,,,,,,,,0,0,0,0,0,0,0,0,0,,,-0.019030,0.779001,
400110,,,,,,,,,0,0,0,0,0,0,0,0,0,,,-0.019030,0.779001,
400111,,,-0.74027161,,,,,,0,0,1,0,0,0,0,0,1,1,-0.74027161,-0.019030,0.779001,-0.925855059
400112,,,,,,,,,0,0,0,0,0,0,0,0,0,,,-0.019030,0.779001,
400113,,,,,,,,,0,0,0,0,0,0,0,0,0,,,-0.019030,0.779001,
400114,,-0.296926152,0.8744994171,,,1.1916109066,0.7877562956,,0,1,1,0,0,1,1,0,4,0.25,0.6392351168,-0.019030,0.779001,0.8450124082
400115,,-11.66613176,-2.939582892,,,,,,0,1,1,0,0,0,0,0,2,0.5,-7.302857324,-0.019030,0.779001,-9.350221045
400117,,-0.181426872,1.0287769037,,,,,,0,1,1,0,0,0,0,0,2,0.5,0.4236750159,-0.019030,0.779001,0.5682987375
400118,,0.3131818097,0.8882129715,,,1.1916109066,0.944342014,,0,1,1,0,0,1,1,0,4,0.25,0.8343369255,-0.019030,0.779001,1.0954638479
400120,,-8.214741505,-7.206212494,,,,,,0,1,1,0,0,0,0,0,2,0.5,-7.710476999,-0.019030,0.779001,-9.873480851
400123,,,,,,,,,0,0,0,0,0,0,0,0,0,,,-0.019030,0.779001,
400124,,,,,,,,,0,0,0,0,0,0,0,0,0,,,-0.019030,0.779001,
400126,,,,,,,,,0,0,0,0,0,0,0,0,0,,,-0.019030,0.779001,
400127,,-4.240207455,-3.482982483,,,,,,0,1,1,0,0,0,0,0,2,0.5,-3.861594969,-0.019030,0.779001,-4.932685825
400128,,,,,,,,,0,0,0,0,0,0,0,0,0,,,-0.019030,0.779001,
400132,,,,,,,,,0,0,0,0,0,0,0,0,0,,,-0.019030,0.779001,
400137,,,1.0287769037,,,,,,0,0,1,0,0,0,0,0,1,1,1.0287769037,-0.019030,0.779001,1.3450656985
410004,,0.9776423739,-1.237387956,1.149255,,-0.487820984,1.0249376044,0.6961975639,0,1,1,1,0,1,1,1,6,0.1666666667,0.3538039338,-0.019030,0.779001,0.4786054987
410005,,,1.0287769037,,,,1.0249376044,-0.058779638,0,0,1,0,0,0,1,1,3,0.3333333333,0.66497829,-0.019030,0.779001,0.8780588203
410006,-0.374518794,-1.413872131,-0.159159743,1.149255,,,0.6979497806,-0.004852695,1,1,1,1,0,0,1,1,6,0.1666666667,-0.017533097,-0.019030,0.779001,0.0019215835
410007,0.2387657127,-0.47900737,-0.440287608,-0.364795849,,-0.200147962,0.1752298089,1.127613108,1,1,1,1,0,1,1,1,7,0.1428571429,0.0081956916,-0.019030,0.779001,0.0349495303
410008,0.6987290924,,1.0287769037,,,,0.7647289841,-0.598049068,1,0,1,0,0,0,1,1,4,0.25,0.473546478,-0.019030,0.779001,0.6323185412
410009,,0.1718650435,-0.044308726,0.6102421977,,-0.405858279,0.2627335927,-1.083391555,0,1,1,1,0,1,1,1,6,0.1666666667,-0.081452954,-0.019030,0.779001,-0.080132091
410010,,0.7126734373,,,0.7907142882,1.1916109066,1.0249376044,0.0490742479,0,1,0,0,1,1,1,1,5,0.2,0.7538020969,-0.019030,0.779001,0.9920815988
410011,,-1.666611732,1.0287769037,,,-0.196933738,0.7094634364,0.5883436779,0,1,1,0,0,1,1,1,5,0.2,0.0926077096,-0.019030,0.779001,0.1433089125
410012,1.1586924721,0.4273222747,0.5213753921,0.3962420777,,-0.148720382,0.0439741331,1.9365172531,1,1,1,1,0,1,1,1,7,0.1428571429,0.6193433173,-0.019030,0.779001,0.8194773817
410013,,,1.0287769037,-0.431670887,,,-0.078070618,0.1569281339,0,0,1,1,0,0,1,1,4,0.25,0.1689908832,-0.019030,0.779001,0.2413616981
41005F,0.6987290924,,0.2419617219,,,,,-0.004852695,1,0,1,0,0,0,0,1,3,0.3333333333,0.3119460397,-0.019030,0.779001,0.4248726814
420002,-0.221197667,0.9776423739,-0.1420178,0.5768046789,,-0.184076843,0.7025552429,-1.029464612,1,1,1,1,0,1,1,1,7,0.1428571429,0.0971779104,-0.019030,0.779001,0.1491756617
420004,-1.907730059,-0.24257355,0.387668237,-0.798146092,-0.262764235,-0.373716042,-0.048135113,-2.000149586,1,1,1,1,1,1,1,1,8,0.125,-0.655693305,-0.019030,0.779001,-0.817282216
420005,,,,,,,1.0249376044,0.2108550769,0,0,0,0,0,0,1,1,2,0.5,0.6178963406,-0.019030,0.779001,0.8176199034
420007,-0.9878033,0.9178545113,-0.090591972,0.1260669261,,-0.383358713,0.0808178316,0.3187089629,1,1,1,1,0,1,1,1,7,0.1428571429,-0.002615108,-0.019030,0.779001,0.0210717492
420009,-0.681161047,0.3226935151,0.4150953458,1.149255,,0.3076993852,0.8591409614,0.911905336,1,1,1,1,0,1,1,1,7,0.1428571429,0.4692326424,-0.019030,0.779001,0.626780887
420010,,,,,,,0.4953094392,-0.058779638,0,0,0,0,0,0,1,1,2,0.5,0.2182649005,-0.019030,0.779001,0.3046145641
420011,,,,,,,,0.0490742479,0,0,0,0,0,0,0,1,1,1,0.0490742479,-0.019030,0.779001,0.0874251755
420015,,-1.306525741,-1.000829143,-2.757584691,,-2.430819219,0.7693344464,-0.004852695,0,1,1,1,0,1,1,1,6,0.1666666667,-1.121879507,-0.019030,0.779001,-1.415723646
420018,,-0.175991612,-0.442001802,0.6797922367,-1.694998298,-0.474964089,0.6104459968,-0.975537669,0,1,1,1,1,1,1,1,7,0.1428571429,-0.353322177,-0.019030,0.779001,-0.429129564
420019,,,,,,,1.0249376044,-0.598049068,0,0,0,0,0,0,1,1,2,0.5,0.2134442681,-0.019030,0.779001,0.2984263369
420020,,,,,,,0.7347934791,-0.112706581,0,0,0,0,0,0,1,1,2,0.5,0.311043449,-0.019030,0.779001,0.4237140292
420023,0.3920868393,0.3919930832,0.4579502032,-0.102645702,0.1428974361,-0.871920718,0.4561630096,0.2647820199,1,1,1,1,1,1,1,1,8,0.125,0.1414132714,-0.019030,0.779001,0.2059604241
420026,-0.221197667,-0.156968201,1.0287769037,0.6289672082,,-1.077631035,0.7831508333,-1.083391555,1,1,1,1,0,1,1,1,7,0.1428571429,-0.01404193,-0.019030,0.779001,0.0064031806
420027,,0.0264718321,0.4579502032,0.9446173852,0.5775349407,0.4780532421,0.1084506054,1.073686165,0,1,1,1,1,1,1,1,7,0.1428571429,0.523823482,-0.019030,0.779001,0.6968589374
420030,-0.681161047,,-0.308294647,,,,-0.266894573,0.5883436779,1,0,1,0,0,0,1,1,4,0.25,-0.167001647,-0.019030,0.779001,-0.189950618
420033,,0.9776423739,1.0287769037,1.149255,,1.1916109066,0.6265651149,0.750124507,0,1,1,1,0,1,1,1,6,0.1666666667,0.953995801,-0.019030,0.779001,1.2490694852
420036,,-0.041468921,0.4853773119,0.2986045229,,-1.940650103,1.0249376044,0.2108550769,0,1,1,1,0,1,1,1,6,0.1666666667,0.0062759154,-0.019030,0.779001,0.0324851211
420037,,,,1.149255,,,-0.18169352,-0.166633524,0,0,0,1,0,0,1,1,3,0.3333333333,0.2669759853,-0.019030,0.779001,0.3671447959
420038,,,,,,,-0.236959068,0.4265628489,0,0,0,0,0,0,1,1,2,0.5,0.0948018907,-0.019030,0.779001,0.1461255743
420043,,,,,,,-0.824155512,-0.705902954,0,0,0,0,0,0,1,1,2,0.5,-0.765029233,-0.019030,0.779001,-0.957636325
420048,0.852050219,0.0169601267,1.0287769037,,,1.1916109066,-0.24156453,-1.460880156,1,1,1,0,0,1,1,1,6,0.1666666667,0.2311589116,-0.019030,0.779001,0.3211665565
420049,-0.374518794,-0.406990172,0.3688120998,0.6329797104,1.1084136071,-0.743351769,0.0577905201,-1.406953213,1,1,1,1,1,1,1,1,8,0.125,-0.095477251,-0.019030,0.779001,-0.098135027
420051,0.0854445862,0.593097712,-0.030595171,-0.093283197,,-1.850651839,0.1199642612,0.0490742479,1,1,1,1,0,1,1,1,7,0.1428571429,-0.160992771,-0.019030,0.779001,-0.182237047
420053,1.925298105,,,,,,-0.414269366,0.6422706209,1,0,0,0,0,0,1,1,3,0.3333333333,0.7177664532,-0.019030,0.779001,0.945822782
420055,,,,,,,1.0249376044,-0.490195182,0,0,0,0,0,0,1,1,2,0.5,0.2673712111,-0.019030,0.779001,0.3676521457
420065,,0.9776423739,-0.517426351,-1.169971301,0.321926694,-2.176895546,-0.008988683,0.3187089629,0,1,1,1,1,1,1,1,7,0.1428571429,-0.322143407,-0.019030,0.779001,-0.389105497
420067,0.6987290924,-0.931492785,-2.120198018,1.149255,,-1.312269367,-0.580066009,-0.004852695,1,1,1,1,0,1,1,1,7,0.1428571429,-0.442984969,-0.019030,0.779001,-0.544229344
420070,,0.3118229947,0.1648229786,0.3373920447,,0.5551946112,0.4814930522,0.857978393,0,1,1,1,0,1,1,1,6,0.1666666667,0.4514506791,-0.019030,0.779001,0.6039542492
420071,0.3920868393,0.2139883104,-0.015167423,0.4925421317,1.1084136071,0.018419251,0.2811554419,-0.81375684,1,1,1,1,1,1,1,1,8,0.125,0.2097101648,-0.019030,0.779001,0.2936328829
420072,,,,,,,1.0249376044,0.1030011909,0,0,0,0,0,0,1,1,2,0.5,0.5639693976,-0.019030,0.779001,0.7483940946
420073,0.6987290924,0.4463456856,0.2813881907,0.9526423897,0.4937119934,0.3494842935,0.2696417862,-0.166633524,1,1,1,1,1,1,1,1,8,0.125,0.4156637384,-0.019030,0.779001,0.5580146915
420078,,0.4055812338,0.1373958698,0.2651670042,0.9304192004,-0.087650132,0.0808178316,-0.27448741,0,1,1,1,1,1,1,1,7,0.1428571429,0.2081776569,-0.019030,0.779001,0.2916656083
420079,-2.674335692,0.0563657635,-0.753985164,-0.61624599,0.1811869306,0.5793012891,-0.02280507,0.4804897919,1,1,1,1,1,1,1,1,8,0.125,-0.346253518,-0.019030,0.779001,-0.420055553
420080,0.2387657127,0.9776423739,1.0287769037,-0.267158294,,,0.3295127961,0.5883436779,1,1,1,1,0,0,1,1,6,0.1666666667,0.482647195,-0.019030,0.779001,0.6440010965
420082,-1.907730059,0.1080007357,0.8127884224,0.2838920147,0.1325489241,0.6917991191,0.5206394819,-1.730514871,1,1,1,1,1,1,1,1,8,0.125,-0.136072029,-0.019030,0.779001,-0.150246387
420085,-0.06787654,0.2846466935,0.4528076203,-0.546695951,,0.3414487342,0.3018800223,1.451174766,1,1,1,1,0,1,1,1,7,0.1428571429,0.316769335,-0.019030,0.779001,0.4310643269
420086,2.3852614847,-0.167838721,1.0287769037,0.1675294494,-0.580463554,0.8878667656,0.8545354991,1.181540051,1,1,1,1,1,1,1,1,8,0.125,0.7196509848,-0.019030,0.779001,0.9482419479
420087,-0.9878033,0.5346686644,-0.154017161,0.4657921167,0.2205112762,0.4073403204,-0.335976507,1.5590286521,1,1,1,1,1,1,1,1,8,0.125,0.2136930078,-0.019030,0.779001,0.2987456431
420089,-0.9878033,,,,,,1.0249376044,0.5883436779,1,0,0,0,0,0,1,1,3,0.3333333333,0.2084926608,-0.019030,0.779001,0.2920699777
420091,,-1.821516649,-1.317955088,-1.160608796,,0.7866187186,0.0762123693,0.2647820199,0,1,1,1,0,1,1,1,6,0.1666666667,-0.528744571,-0.019030,0.779001,-0.654318615
420098,-2.980977945,,,1.149255,,0.142166864,0.7992699514,0.6961975639,1,0,0,1,0,1,1,1,5,0.2,-0.038817713,-0.019030,0.779001,-0.025401396
420101,,,,1.149255,,,0.3594483011,0.4804897919,0,0,0,1,0,0,1,1,3,0.3333333333,0.6630643644,-0.019030,0.779001,0.8756019214
420102,0.3920868393,,,,,,1.0249376044,-0.004852695,1,0,0,0,0,0,1,1,3,0.3333333333,0.4707239162,-0.019030,0.779001,0.6286952294
420103,,,,1.149255,,,-0.711321685,0.911905336,0,0,0,1,0,0,1,1,3,0.3333333333,0.449946217,-0.019030,0.779001,0.602022977
420104,-0.52783992,,,0.7787672922,,,0.4607684719,0.80405145,1,0,0,1,0,0,1,1,4,0.25,0.3789368235,-0.019030,0.779001,0.5108684923
420105,0.5454079659,-0.03331603,-0.855122628,0.699854748,,0.7416195866,0.5413640622,0.3187089629,1,1,1,1,0,1,1,1,7,0.1428571429,0.2797880954,-0.019030,0.779001,0.3835916522
420106,0.0854445862,-0.741258677,,,,-0.383358713,1.0249376044,1.019759222,1,1,0,0,0,1,1,1,5,0.2,0.2011048045,-0.019030,0.779001,0.2825862151
420107,,,,,,,1.0249376044,0.3187089629,0,0,0,0,0,0,1,1,2,0.5,0.6718232836,-0.019030,0.779001,0.8868457123
420108,,,,,,,,,0,0,0,0,0,0,0,0,0,,,-0.019030,0.779001,
420109,,,,,,,1.0249376044,0.3187089629,0,0,0,0,0,0,1,1,2,0.5,0.6718232836,-0.019030,0.779001,0.8868457123
420110,0.0854445862,,,-0.082583191,,,-0.732046265,0.4265628489,1,0,0,1,0,0,1,1,4,0.25,-0.075655505,-0.019030,0.779001,-0.072689928
42011F,0.852050219,,-0.255154624,,,,,0.965832279,1,0,1,0,0,0,0,1,3,0.3333333333,0.5209092913,-0.019030,0.779001,0.6931180021
42029F,0.6987290924,0.0115248665,-0.536282489,,,,,-0.220560467,1,1,1,0,0,0,0,1,4,0.25,-0.011647249,-0.019030,0.779001,0.0094772237
421300,,,,,,,,,0,0,0,0,0,0,0,0,0,,,-0.019030,0.779001,
421301,,,,,,,,,0,0,0,0,0,0,0,0,0,,,-0.019030,0.779001,
421304,,,,,,,,,0,0,0,0,0,0,0,0,0,,,-0.019030,0.779001,
430005,1.0053713456,,,0.2718545079,,,1.0249376044,-1.460880156,1,0,0,1,0,0,1,1,4,0.25,0.2103208254,-0.019030,0.779001,0.2944167855
430008,0.3920868393,,,,,,-0.858696479,0.1030011909,1,0,0,0,0,0,1,1,3,0.3333333333,-0.121202816,-0.019030,0.779001,-0.131158835
430012,0.0854445862,,-0.531139906,,,,0.11766153,0.80405145,1,0,1,0,0,0,1,1,4,0.25,0.1190044151,-0.019030,0.779001,0.1771942616
430014,0.5454079659,0.9776423739,1.0287769037,1.149255,,,-0.547827773,-0.058779638,1,1,1,1,0,0,1,1,6,0.1666666667,0.5157458054,-0.019030,0.779001,0.686489655
430015,-0.374518794,,,,,,-1.754458897,-0.166633524,1,0,0,0,0,0,1,1,3,0.3333333333,-0.765203738,-0.019030,0.779001,-0.957860337
430016,-0.52783992,-1.413872131,-0.183158464,0.1889294614,0.2049885082,0.0778823897,-0.283013691,0.3187089629,1,1,1,1,1,1,1,1,8,0.125,-0.20217186,-0.019030,0.779001,-0.235098485
430027,-0.834482173,0.4259634597,-0.169444909,-0.588158474,-0.151000305,0.5455519401,0.0186440905,1.451174766,1,1,1,1,1,1,1,1,8,0.125,0.0872810493,-0.019030,0.779001,0.1364710992
43002F,,,,,,,,0.1569281339,0,0,0,0,0,0,0,1,1,1,0.1569281339,-0.019030,0.779001,0.2258767932
430048,,,,1.149255,,,,0.4265628489,0,0,0,1,0,0,0,1,2,0.5,0.7879089245,-0.019030,0.779001,1.035864402
43005F,0.3920868393,,,,,,,-0.436268239,1,0,0,0,0,0,0,1,2,0.5,-0.0220907,-0.019030,0.779001,-0.003928994
430077,0.3920868393,0.9776423739,-0.928832982,0.7092172532,1.1084136071,0.1405597521,0.1268724547,0.2108550769,1,1,1,1,1,1,1,1,8,0.125,0.3421017969,-0.019030,0.779001,0.4635835106
430084,,,,,,,,,0,0,0,0,0,0,0,0,0,,,-0.019030,0.779001,
430089,-2.674335692,,,,,,,0.5883436779,1,0,0,0,0,0,0,1,2,0.5,-1.042996007,-0.019030,0.779001,-1.314461201
430090,1.1586924721,,,,,,,0.80405145,1,0,0,0,0,0,0,1,2,0.5,0.9813719611,-0.019030,0.779001,1.2842121563
430091,1.4653347253,,,,,,,1.235466994,1,0,0,0,0,0,0,1,2,0.5,1.3504008597,-0.019030,0.779001,1.757933131
430093,,,,,1.1084136071,,,0.0490742479,0,0,0,0,1,0,0,1,2,0.5,0.5787439275,-0.019030,0.779001,0.7673601015
430095,,,,,,,0.5689968361,0.857978393,0,0,0,0,0,0,1,1,2,0.5,0.7134876145,-0.019030,0.779001,0.9403300533
430097,,,,,,,1.0249376044,0.3187089629,0,0,0,0,0,0,1,1,2,0.5,0.6718232836,-0.019030,0.779001,0.8868457123
430098,,,,,,,1.0249376044,,0,0,0,0,0,0,1,0,1,1,1.0249376044,-0.019030,0.779001,1.3401372048
431300,,,,,,,,,0,0,0,0,0,0,0,0,0,,,-0.019030,0.779001,
431301,,,,,,,,,0,0,0,0,0,0,0,0,0,,,-0.019030,0.779001,
431302,,,,,,,,,0,0,0,0,0,0,0,0,0,,,-0.019030,0.779001,
431305,,,,,,,,,0,0,0,0,0,0,0,0,0,,,-0.019030,0.779001,
431306,,,,,,,,,0,0,0,0,0,0,0,0,0,,,-0.019030,0.779001,
431307,,,,,,,,,0,0,0,0,0,0,0,0,0,,,-0.019030,0.779001,
431308,,,,,,,,,0,0,0,0,0,0,0,0,0,,,-0.019030,0.779001,
431309,,,,,,,,,0,0,0,0,0,0,0,0,0,,,-0.019030,0.779001,
431310,,,,,,,,,0,0,0,0,0,0,0,0,0,,,-0.019030,0.779001,
431311,,,,,,,,,0,0,0,0,0,0,0,0,0,,,-0.019030,0.779001,
431312,,,,,,,,,0,0,0,0,0,0,0,0,0,,,-0.019030,0.779001,
431313,,,,,,,,,0,0,0,0,0,0,0,0,0,,,-0.019030,0.779001,
431314,,,,,,,,,0,0,0,0,0,0,0,0,0,,,-0.019030,0.779001,
431315,,,,,,,,,0,0,0,0,0,0,0,0,0,,,-0.019030,0.779001,
431316,,,,,,,,,0,0,0,0,0,0,0,0,0,,,-0.019030,0.779001,
431317,,,,,,,,,0,0,0,0,0,0,0,0,0,,,-0.019030,0.779001,
431318,,,,,,,,,0,0,0,0,0,0,0,0,0,,,-0.019030,0.779001,
431319,,,-1.686506861,,,,,,0,0,1,0,0,0,0,0,1,1,-1.686506861,-0.019030,0.779001,-2.140533604
431320,,,,,,,,,0,0,0,0,0,0,0,0,0,,,-0.019030,0.779001,
431321,,,,,,,-2.044603023,,0,0,0,0,0,0,1,0,1,1,-2.044603023,-0.019030,0.779001,-2.600220267
431322,,,,,,,,,0,0,0,0,0,0,0,0,0,,,-0.019030,0.779001,
431323,,,,,,,,,0,0,0,0,0,0,0,0,0,,,-0.019030,0.779001,
431324,,,,,,,,,0,0,0,0,0,0,0,0,0,,,-0.019030,0.779001,
431325,,,,,,,,,0,0,0,0,0,0,0,0,0,,,-0.019030,0.779001,
431326,,,,,,,,,0,0,0,0,0,0,0,0,0,,,-0.019030,0.779001,
431327,,,,,,,,,0,0,0,0,0,0,0,0,0,,,-0.019030,0.779001,
431328,,,,,,,,,0,0,0,0,0,0,0,0,0,,,-0.019030,0.779001,
431329,,,,,,,,,0,0,0,0,0,0,0,0,0,,,-0.019030,0.779001,
431330,,,,,,,1.0249376044,,0,0,0,0,0,0,1,0,1,1,1.0249376044,-0.019030,0.779001,1.3401372048
431331,,,,,,,,,0,0,0,0,0,0,0,0,0,,,-0.019030,0.779001,
431332,,,,,,,,,0,0,0,0,0,0,0,0,0,,,-0.019030,0.779001,
431333,,,,,,,,,0,0,0,0,0,0,0,0,0,,,-0.019030,0.779001,
431334,,,,,,,,,0,0,0,0,0,0,0,0,0,,,-0.019030,0.779001,
431335,,,,,,,,,0,0,0,0,0,0,0,0,0,,,-0.019030,0.779001,
431336,,,,,,,,,0,0,0,0,0,0,0,0,0,,,-0.019030,0.779001,
431337,,,,,,,,,0,0,0,0,0,0,0,0,0,,,-0.019030,0.779001,
431338,,,,,,,,,0,0,0,0,0,0,0,0,0,,,-0.019030,0.779001,
431339,,,,,,,,,0,0,0,0,0,0,0,0,0,,,-0.019030,0.779001,
431340,,,,,,,,,0,0,0,0,0,0,0,0,0,,,-0.019030,0.779001,
431383,,,,,,,,,0,0,0,0,0,0,0,0,0,,,-0.019030,0.779001,
440001,,,,,,,,,0,0,0,0,0,0,0,0,0,,,-0.019030,0.779001,
440002,,0.3716108573,0.2848165793,-0.617583491,,-1.683512206,0.101542412,0.0490742479,0,1,1,1,0,1,1,1,6,0.1666666667,-0.2490086,-0.019030,0.779001,-0.295222627
440003,,-0.106692044,-0.376862419,-0.2765208,,-0.654960617,0.6173541903,-2.862980675,0,1,1,1,0,1,1,1,6,0.1666666667,-0.610110394,-0.019030,0.779001,-0.758767608
440006,-0.374518794,0.5102099934,0.3208146595,0.3333795424,,0.6484070989,0.6818306626,-0.112706581,1,1,1,1,0,1,1,1,7,0.1428571429,0.2867737974,-0.019030,0.779001,0.392559171
440007,,,,,,,,0.2647820199,0,0,0,0,0,0,0,1,1,1,0.2647820199,-0.019030,0.779001,0.364328411
440008,,,1.0287769037,,,,1.0249376044,,0,0,1,0,0,0,1,0,2,0.5,1.0268572541,-0.019030,0.779001,1.3426014517
440009,-0.834482173,-0.353996385,1.0287769037,,,,0.8361136498,0.750124507,1,1,1,0,0,0,1,1,5,0.2,0.2853073005,-0.019030,0.779001,0.3906766346
440010,,,,,,,,,0,0,0,0,0,0,0,0,0,,,-0.019030,0.779001,
440011,,0.9776423739,0.6259412442,1.149255,,1.1916109066,0.2397062812,-0.112706581,0,1,1,1,0,1,1,1,6,0.1666666667,0.6785748708,-0.019030,0.779001,0.8955126987
440012,0.6987290924,-0.114844934,0.0739706809,0.8108673102,,-0.590676143,0.2327980877,0.5883436779,1,1,1,1,0,1,1,1,7,0.1428571429,0.2427411103,-0.019030,0.779001,0.3360345803
440015,-2.367693439,0.4857513223,-0.190015241,0.8750673462,1.1084136071,-0.994061219,-0.080373349,-1.406953213,1,1,1,1,1,1,1,1,8,0.125,-0.321233023,-0.019030,0.779001,-0.387936841
440016,,,,,,,1.0249376044,0.2647820199,0,0,0,0,0,0,1,1,2,0.5,0.6448598121,-0.019030,0.779001,0.8522328079
440017,0.0854445862,-0.553742198,-0.292866898,-1.022846218,,0.220915345,0.0670014447,0.750124507,1,1,1,1,0,1,1,1,7,0.1428571429,-0.106567062,-0.019030,0.779001,-0.112370974
440018,-1.601087806,,,,,,-0.909356564,0.6422706209,1,0,0,0,0,0,1,1,3,0.3333333333,-0.622724583,-0.019030,0.779001,-0.774960394
440020,0.0854445862,,,,,,1.0249376044,0.2108550769,1,0,0,0,0,0,1,1,3,0.3333333333,0.4404124225,-0.019030,0.779001,0.5897844818
440029,0.852050219,-2.221008277,-0.109448109,0.4056045829,1.1084136071,0.0923463964,0.3916865373,0.0490742479,1,1,1,1,1,1,1,1,8,0.125,0.0710899007,-0.019030,0.779001,0.1156865841
440030,,0.9776423739,-0.376862419,0.4430546039,,-0.791565125,0.9190119713,0.2108550769,0,1,1,1,0,1,1,1,6,0.1666666667,0.2303560804,-0.019030,0.779001,0.3201359651
440031,,,-0.541425071,,,,1.0249376044,0.5344167349,0,0,1,0,0,0,1,1,3,0.3333333333,0.339309756,-0.019030,0.779001,0.4599993785
440032,,,,,,,,,0,0,0,0,0,0,0,0,0,,,-0.019030,0.779001,
440033,,,,,,,0.3801728815,0.2647820199,0,0,0,0,0,0,1,1,2,0.5,0.3224774507,-0.019030,0.779001,0.4383918131
440034,0.3920868393,0.2669820977,0.358526934,0.6476922187,,-1.059952805,0.7232798233,0.5344167349,1,1,1,1,0,1,1,1,7,0.1428571429,0.2661474061,-0.019030,0.779001,0.366081152
440035,,-1.605465054,-0.388861779,-1.334483893,,0.4153758797,-0.186298982,0.1569281339,0,1,1,1,0,1,1,1,6,0.1666666667,-0.490467616,-0.019030,0.779001,-0.605182635
440039,1.1586924721,-0.167838721,0.0653997094,-0.775408579,-0.769841323,-1.386196512,0.387081075,-0.004852695,1,1,1,1,1,1,1,1,8,0.125,-0.186620572,-0.019030,0.779001,-0.215135356
440046,-1.141124426,,1.0287769037,,,1.1916109066,0.8361136498,0.1569281339,1,0,1,0,0,1,1,1,5,0.2,0.4144610335,-0.019030,0.779001,0.5564707838
440048,-1.907730059,-0.241214735,0.5316605579,-0.589495975,-0.042340929,0.1855588841,-0.253078186,-5.343620053,1,1,1,1,1,1,1,1,8,0.125,-0.957532562,-0.019030,0.779001,-1.204752106
440049,0.852050219,0.4259634597,0.5488025009,0.5848296834,0.6003016672,-0.111756809,0.7624262529,0.3726359059,1,1,1,1,1,1,1,1,8,0.125,0.5044066099,-0.019030,0.779001,0.6719335736
440050,,-0.067286407,1.0287769037,0.7760922907,,-0.3544307,0.4193193111,0.1569281339,0,1,1,1,0,1,1,1,6,0.1666666667,0.3265665888,-0.019030,0.779001,0.4436410239
440053,-1.601087806,0.2071942351,0.2488184991,0.5781421797,,0.2932353785,0.2028625827,-0.004852695,1,1,1,1,0,1,1,1,7,0.1428571429,-0.010812518,-0.019030,0.779001,0.0105487649
440056,,,,,,1.1916109066,0.3433291831,-1.029464612,0,0,0,0,0,1,1,1,3,0.3333333333,0.1684918258,-0.019030,0.779001,0.24072106
440057,,,,,,,-0.363609281,0.2647820199,0,0,0,0,0,0,1,1,2,0.5,-0.049413631,-0.019030,0.779001,-0.039003334
440058,-1.907730059,,1.0287769037,,,,0.7670317152,-2.916907618,1,0,1,0,0,0,1,1,4,0.25,-0.757207264,-0.019030,0.779001,-0.947595294
440059,-0.52783992,0.0495716882,-0.148874578,-1.195383815,,-0.534427228,0.0186440905,-0.220560467,1,1,1,1,0,1,1,1,7,0.1428571429,-0.36555289,-0.019030,0.779001,-0.444830083
440060,,,,,,,,0.2647820199,0,0,0,0,0,0,0,1,1,1,0.2647820199,-0.019030,0.779001,0.364328411
440061,,,,,,,-0.8011282,0.0490742479,0,0,0,0,0,0,1,1,2,0.5,-0.376026976,-0.019030,0.779001,-0.458275627
440063,0.2387657127,-0.667882663,-0.392290168,-2.766947196,,0.2080584501,0.3801728815,0.1030011909,1,1,1,1,0,1,1,1,7,0.1428571429,-0.413874542,-0.019030,0.779001,-0.506860401
440065,-0.221197667,,,,,,1.0249376044,0.1569281339,1,0,0,0,0,0,1,1,3,0.3333333333,0.3202226904,-0.019030,0.779001,0.435497386
440068,,,1.0287769037,0.1528169411,,,-2.81832069,0.3726359059,0,0,1,1,0,0,1,1,4,0.25,-0.316022735,-0.019030,0.779001,-0.381248414
440072,,,1.0287769037,,,,1.0249376044,-0.759829897,0,0,1,0,0,0,1,1,3,0.3333333333,0.4312948703,-0.019030,0.779001,0.5780803152
440073,-0.221197667,-0.049621811,0.5076618378,0.4778296234,,-1.051917246,-0.356701087,0.4804897919,1,1,1,1,0,1,1,1,7,0.1428571429,-0.030493794,-0.019030,0.779001,-0.014716013
440081,,-0.378455056,1.0287769037,1.149255,,,1.0249376044,0.5883436779,0,1,1,1,0,0,1,1,5,0.2,0.6825716261,-0.019030,0.779001,0.9006433181
440082,0.3920868393,-0.003422099,0.1853933101,0.2063169711,-0.529755845,0.2819855955,0.2719445173,0.6422706209,1,1,1,1,1,1,1,1,8,0.125,0.1808524888,-0.019030,0.779001,0.2565883954
440084,,,1.0287769037,,,,1.0249376044,-0.598049068,0,0,1,0,0,0,1,1,3,0.3333333333,0.4852218133,-0.019030,0.779001,0.6473061241
440091,1.6186558519,0.6623972801,0.2865307736,0.1167044209,1.1084136071,0.5793012891,0.403200193,1.7208094811,1,1,1,1,1,1,1,1,8,0.125,0.8120016121,-0.019030,0.779001,1.0667920922
440102,,,,,,,0.4008974619,0.1030011909,0,0,0,0,0,0,1,1,2,0.5,0.2519493264,-0.019030,0.779001,0.3478551318
440104,1.4653347253,0.1066419207,0.2231055846,-0.003670647,-0.470769326,-1.154772405,-0.324462851,-0.220560467,1,1,1,1,1,1,1,1,8,0.125,-0.047394183,-0.019030,0.779001,-0.036410978
440109,,,,,,,,0.1030011909,0,0,0,0,0,0,0,1,1,1,0.1030011909,-0.019030,0.779001,0.1566509843
440110,,,,1.149255,,,0.2581281304,0.5883436779,0,0,0,1,0,0,1,1,3,0.3333333333,0.6652422694,-0.019030,0.779001,0.8783976897
440111,,0.9776423739,-0.426574054,,,,-0.513286806,0.1569281339,0,1,1,0,0,0,1,1,4,0.25,0.0486774121,-0.019030,0.779001,0.0869157589
440120,-1.141124426,0.160994523,0.6276554385,1.149255,,-0.624425492,0.9420392829,1.5051017091,1,1,1,1,0,1,1,1,7,0.1428571429,0.3742137193,-0.019030,0.779001,0.5048054617
440125,0.0854445862,-0.14609768,0.0105454919,0.8616923387,-0.747074597,0.5085883674,0.7209770922,1.289393937,1,1,1,1,1,1,1,1,8,0.125,0.322933692,-0.019030,0.779001,0.4389774883
440130,,,1.0287769037,,,,1.0249376044,0.4804897919,0,0,1,0,0,0,1,1,3,0.3333333333,0.8447347667,-0.019030,0.779001,1.1088115166
440131,,,,,,,,,0,0,0,0,0,0,0,0,0,,,-0.019030,0.779001,
440132,,,,,,,0.1936516581,0.6961975639,0,0,0,0,0,0,1,1,2,0.5,0.444924611,-0.019030,0.779001,0.5955767608
440137,,,,,,,-0.073465156,0.2647820199,0,0,0,0,0,0,1,1,2,0.5,0.0956584321,-0.019030,0.779001,0.1472251132
44013F,,-0.401554912,-0.063164863,,,,,-1.137318498,0,1,1,0,0,0,0,1,3,0.3333333333,-0.534012758,-0.019030,0.779001,-0.661081366
440144,,0.9776423739,0.0174022691,-4.006810392,,,0.1936516581,-0.058779638,0,1,1,1,0,0,1,1,5,0.2,-0.575378746,-0.019030,0.779001,-0.714182726
440148,,,,,,,,,0,0,0,0,0,0,0,0,0,,,-0.019030,0.779001,
440150,-0.9878033,0.9776423739,1.0287769037,-2.102209324,,0.4635892354,0.6841333937,-0.382341296,1,1,1,1,0,1,1,1,7,0.1428571429,-0.045458859,-0.019030,0.779001,-0.033926609
440151,,,-0.448858579,,,,1.0249376044,0.3187089629,0,0,1,0,0,0,1,1,3,0.3333333333,0.2982626626,-0.019030,0.779001,0.407307383
440152,,0.3716108573,0.8487865027,1.149255,,-2.978844362,0.7255825545,-0.81375684,0,1,1,1,0,1,1,1,6,0.1666666667,-0.116227715,-0.019030,0.779001,-0.124772317
440153,,,-0.304866259,,,,1.0249376044,-1.35302627,0,0,1,0,0,0,1,1,3,0.3333333333,-0.210984975,-0.019030,0.779001,-0.246411846
440156,1.1586924721,-0.923339895,0.5025192549,0.1942794644,0.5547682143,0.6419786515,0.8245999941,0.857978393,1,1,1,1,1,1,1,1,8,0.125,0.4764345687,-0.019030,0.779001,0.6360259721
440159,,,,,,,1.0249376044,,0,0,0,0,0,0,1,0,1,1,1.0249376044,-0.019030,0.779001,1.3401372048
440161,0.6987290924,0.4069400488,0.8470723084,0.4617796144,0.5775349407,0.3430558461,0.6841333937,1.34332088,1,1,1,1,1,1,1,1,8,0.125,0.6703207656,-0.019030,0.779001,0.8849169357
44016F,-0.681161047,0.9776423739,-2.145910932,,,,,-0.759829897,1,1,1,0,0,0,0,1,4,0.25,-0.652314876,-0.019030,0.779001,-0.812945339
440173,-0.52783992,0.1215888863,1.0287769037,0.5340046549,,0.8525103048,0.6634088133,0.857978393,1,1,1,1,0,1,1,1,7,0.1428571429,0.5043468623,-0.019030,0.779001,0.6718568757
440175,,,,,,,1.0249376044,0.4265628489,0,0,0,0,0,0,1,1,2,0.5,0.7257502267,-0.019030,0.779001,0.9560715212
440176,,,,1.149255,,,1.0249376044,0.2647820199,0,0,0,1,0,0,1,1,3,0.3333333333,0.8129915414,-0.019030,0.779001,1.0680628607
44017F,,,,,,,,0.2108550769,0,0,0,0,0,0,0,1,1,1,0.2108550769,-0.019030,0.779001,0.2951026021
440183,-1.141124426,0.9776423739,0.6122276898,-0.138758222,0.4274815165,-1.262448899,0.6472896953,-1.514807099,1,1,1,1,1,1,1,1,8,0.125,-0.174062171,-0.019030,0.779001,-0.199014186
440184,,,1.0287769037,-0.288558306,,1.1916109066,0.4953094392,1.127613108,0,0,1,1,0,1,1,1,5,0.2,0.7109504102,-0.019030,0.779001,0.9370730539
440185,-1.44776668,-0.378455056,0.2522468876,1.149255,,-0.431572069,0.3226046027,0.80405145,1,1,1,1,0,1,1,1,7,0.1428571429,0.038623448,-0.019030,0.779001,0.074009524
440187,,,1.0287769037,,,,-1.333059096,0.3187089629,0,0,1,0,0,0,1,1,3,0.3333333333,0.0048089234,-0.019030,0.779001,0.0306019491
44018F,0.852050219,0.5863036367,-1.952206977,,,,,-0.759829897,1,1,1,0,0,0,0,1,4,0.25,-0.318420755,-0.019030,0.779001,-0.384326743
440192,,,,,,,,0.0490742479,0,0,0,0,0,0,0,1,1,1,0.0490742479,-0.019030,0.779001,0.0874251755
440193,-0.834482173,0.9776423739,0.265960442,,,-0.568176577,0.6334733084,-0.220560467,1,1,1,0,0,1,1,1,6,0.1666666667,0.0423094845,-0.019030,0.779001,0.0787412748
440194,-0.9878033,0.114794811,1.0287769037,1.149255,,0.1244886336,0.7347934791,1.34332088,1,1,1,1,0,1,1,1,7,0.1428571429,0.5010894868,-0.019030,0.779001,0.6676753954
440197,,0.9776423739,1.0287769037,1.149255,,-0.102114138,0.8407191121,0.6961975639,0,1,1,1,0,1,1,1,6,0.1666666667,0.7650794692,-0.019030,0.779001,1.0065583183
440200,,,,,,,,,0,0,0,0,0,0,0,0,0,,,-0.019030,0.779001,
440218,0.5454079659,,,,,,,1.235466994,1,0,0,0,0,0,0,1,2,0.5,0.8904374799,-0.019030,0.779001,1.1674799134
440227,,0.9776423739,,1.149255,,1.1916109066,0.6795279314,1.34332088,0,1,0,1,0,1,1,1,5,0.2,1.0682714184,-0.019030,0.779001,1.3957646548
440228,,0.9776423739,0.5350889465,,,1.1916109066,0.5874186853,0.4804897919,0,1,1,0,0,1,1,1,5,0.2,0.7544501408,-0.019030,0.779001,0.9929134904
440231,,,,,,,,,0,0,0,0,0,0,0,0,0,,,-0.019030,0.779001,
441300,,,,,,,,,0,0,0,0,0,0,0,0,0,,,-0.019030,0.779001,
441301,,,,,,,,,0,0,0,0,0,0,0,0,0,,,-0.019030,0.779001,
441303,,,,,,,,,0,0,0,0,0,0,0,0,0,,,-0.019030,0.779001,
441304,,,,,,,,,0,0,0,0,0,0,0,0,0,,,-0.019030,0.779001,
441305,,,,,,,,,0,0,0,0,0,0,0,0,0,,,-0.019030,0.779001,
441306,,,,,,,,,0,0,0,0,0,0,0,0,0,,,-0.019030,0.779001,
441307,,,,,,,-0.854091017,,0,0,0,0,0,0,1,0,1,1,-0.854091017,-0.019030,0.779001,-1.071964593
441309,,,,,,,,,0,0,0,0,0,0,0,0,0,,,-0.019030,0.779001,
441310,,,,,,,1.0249376044,,0,0,0,0,0,0,1,0,1,1,1.0249376044,-0.019030,0.779001,1.3401372048
441313,,,,,,,,,0,0,0,0,0,0,0,0,0,,,-0.019030,0.779001,
441314,,,,,,,,,0,0,0,0,0,0,0,0,0,,,-0.019030,0.779001,
441316,,,,,,,,,0,0,0,0,0,0,0,0,0,,,-0.019030,0.779001,
441320,,,,,,,,,0,0,0,0,0,0,0,0,0,,,-0.019030,0.779001,
441322,,,-4.737772708,,,,,,0,0,1,0,0,0,0,0,1,1,-4.737772708,-0.019030,0.779001,-6.057431811
441323,,,,,,,,,0,0,0,0,0,0,0,0,0,,,-0.019030,0.779001,
450002,,0.7330556632,1.0287769037,1.149255,,1.1916109066,0.2166789696,0.4804897919,0,1,1,1,0,1,1,1,6,0.1666666667,0.7999778725,-0.019030,0.779001,1.0513572641
450007,-0.06787654,,0.3516701568,0.1407794344,,,0.0094331659,-2.701199845,1,0,1,1,0,0,1,1,5,0.2,-0.453438726,-0.019030,0.779001,-0.557648792
450010,-0.221197667,0.0400599827,0.5985141354,-0.54402095,,0.2353793517,0.041671402,-0.436268239,1,1,1,1,0,1,1,1,7,0.1428571429,-0.040837426,-0.019030,0.779001,-0.027994094
450011,-0.9878033,0.3213347001,0.555659278,1.149255,,-1.063167029,0.1291751858,0.4804897919,1,1,1,1,0,1,1,1,7,0.1428571429,0.0835633753,-0.019030,0.779001,0.1316987355
450015,,-0.339049419,-0.330579173,-0.450395897,-0.221370187,-0.86549227,0.463071203,-1.946222643,0,1,1,1,1,1,1,1,7,0.1428571429,-0.527148341,-0.019030,0.779001,-0.652269541
450018,,-0.474930925,-0.512283768,0.0097043609,-0.074421316,-0.587461919,-0.529405924,0.0490742479,0,1,1,1,1,1,1,1,7,0.1428571429,-0.302817892,-0.019030,0.779001,-0.364297408
450021,-0.221197667,0.6175563831,0.4836631176,-0.600195981,-0.761562514,-0.106935474,0.4147138488,-2.862980675,1,1,1,1,1,1,1,1,8,0.125,-0.37961737,-0.019030,0.779001,-0.462884602
450023,,0.9776423739,-0.529425711,1.149255,,1.1916109066,0.0002222412,1.019759222,0,1,1,1,0,1,1,1,6,0.1666666667,0.6348440054,-0.019030,0.779001,0.8393755554
450024,,-0.330896529,0.2642462477,0.2959295214,,0.3430558461,-0.56164416,-1.029464612,0,1,1,1,0,1,1,1,6,0.1666666667,-0.169795614,-0.019030,0.779001,-0.193537223
450028,,0.2235000158,1.0287769037,0.4296795964,1.1084136071,-0.450857411,0.1337806481,0.6422706209,0,1,1,1,1,1,1,1,7,0.1428571429,0.4450805687,-0.019030,0.779001,0.5957769631
450029,,-0.02244551,0.1545378128,-0.11735821,,0.7432266985,0.9351310894,-0.81375684,0,1,1,1,0,1,1,1,6,0.1666666667,0.14655584,-0.019030,0.779001,0.2125619196
450032,,-0.343125864,0.8762136114,0.6637422277,,-0.592283255,0.6196569214,1.181540051,0,1,1,1,0,1,1,1,6,0.1666666667,0.4009572821,-0.019030,0.779001,0.5391360702
450033,,0.1868120092,0.0705422923,-1.683571589,0.5351060415,0.6243004211,0.3295127961,0.750124507,0,1,1,1,1,1,1,1,7,0.1428571429,0.1161180683,-0.019030,0.779001,0.1734890694
450034,0.6987290924,-0.177350427,0.2385333333,-0.178883245,0.5050953566,-0.280503554,0.4584657407,0.5344167349,1,1,1,1,1,1,1,1,8,0.125,0.224812879,-0.019030,0.779001,0.3130201789
450035,,0.0903361399,-0.969973645,1.149255,,0.5150168148,0.8798655417,0.1030011909,0,1,1,1,0,1,1,1,6,0.1666666667,0.294583507,-0.019030,0.779001,0.4025844651
450039,,-0.188220947,-0.714558695,-0.894446146,-1.742601453,0.2691287007,0.4354384292,-0.975537669,0,1,1,1,1,1,1,1,7,0.1428571429,-0.544399683,-0.019030,0.779001,-0.674415022
450040,-1.294445553,0.4490633157,0.1031119839,0.6222797044,,0.7175129088,-0.646845213,1.181540051,1,1,1,1,0,1,1,1,7,0.1428571429,0.161745314,-0.019030,0.779001,0.2320605888
450042,-0.374518794,0.7996376011,0.4236663173,0.5286546519,,1.1916109066,0.6749224691,-0.544122125,1,1,1,1,0,1,1,1,7,0.1428571429,0.3856930039,-0.019030,0.779001,0.5195413751
450044,0.2387657127,-0.049621811,0.2453901105,-0.697833536,0.0870154713,0.4748390184,0.1936516581,-0.004852695,1,1,1,1,1,1,1,1,8,0.125,0.0609192411,-0.019030,0.779001,0.1026305476
450046,,0.1868120092,0.3996675971,0.0872794044,,-0.426750733,0.8430218433,-0.867683783,0,1,1,1,0,1,1,1,6,0.1666666667,0.0370577229,-0.019030,0.779001,0.0719996087
450051,,-0.021086695,-0.668275449,-0.021058156,-2.929575781,-0.987632771,-0.566249622,-0.598049068,0,1,1,1,1,1,1,1,7,0.1428571429,-0.827418221,-0.019030,0.779001,-1.037724828
450054,-0.681161047,0.3118229947,0.16139459,0.5781421797,-1.575990409,0.4507323405,0.4492548161,0.2108550769,1,1,1,1,1,1,1,1,8,0.125,-0.011868682,-0.019030,0.779001,0.0091929709
450055,,,,,,,-0.455718527,0.0490742479,0,0,0,0,0,0,1,1,2,0.5,-0.20332214,-0.019030,0.779001,-0.236575094
450056,0.6987290924,0.1501240026,0.2676746363,-0.360783347,0.810376461,0.7255484681,0.8591409614,1.181540051,1,1,1,1,1,1,1,1,8,0.125,0.5415437907,-0.019030,0.779001,0.7196064294
450058,-0.06787654,0.3063877344,0.2453901105,0.7560297795,1.1084136071,0.0055623561,0.6058405345,0.0490742479,1,1,1,1,1,1,1,1,8,0.125,0.3761027287,-0.019030,0.779001,0.5072303758
450064,,0.3376404808,0.5967999411,-0.316645822,,-0.71763798,0.29727456,-0.436268239,0,1,1,1,0,1,1,1,6,0.1666666667,-0.039806176,-0.019030,0.779001,-0.026670283
450068,,-0.241214735,0.3173862709,0.3668170612,0.810376461,0.1373455284,0.5574831803,-0.651976011,0,1,1,1,1,1,1,1,7,0.1428571429,0.1851739651,-0.019030,0.779001,0.2621358579
450072,,,1.0287769037,,,,-0.805733662,-0.058779638,0,0,1,0,0,0,1,1,3,0.3333333333,0.0547545344,-0.019030,0.779001,0.0947169374
450079,,0.9776423739,-0.952831702,-0.22302077,,0.7126915732,0.8430218433,0.857978393,0,1,1,1,0,1,1,1,6,0.1666666667,0.3692469519,-0.019030,0.779001,0.4984296415
450080,,,,,,,1.0249376044,0.4265628489,0,0,0,0,0,0,1,1,2,0.5,0.7257502267,-0.019030,0.779001,0.9560715212
450082,,,,,,,1.0249376044,0.2108550769,0,0,0,0,0,0,1,1,2,0.5,0.6178963406,-0.019030,0.779001,0.8176199034
450083,0.852050219,-0.121639009,-0.207157184,0.2303919846,,0.4266256627,0.2558253992,0.1030011909,1,1,1,1,0,1,1,1,7,0.1428571429,0.2198711805,-0.019030,0.779001,0.3066765395
450087,,0.5727154861,1.0287769037,1.149255,,-0.262825324,0.8913791975,-0.490195182,0,1,1,1,0,1,1,1,6,0.1666666667,0.4815176802,-0.019030,0.779001,0.6425511427
450090,,,,,,,1.0249376044,-1.784441814,0,0,0,0,0,0,1,1,2,0.5,-0.379752105,-0.019030,0.779001,-0.463057561
450092,,,1.0287769037,-0.018383155,,,1.0249376044,0.5883436779,0,0,1,1,0,0,1,1,4,0.25,0.6559187578,-0.019030,0.779001,0.8664291338
450097,,0.6691913554,1.0287769037,0.2277169831,1.1084136071,0.5069812555,0.9420392829,0.6961975639,0,1,1,1,1,1,1,1,7,0.1428571429,0.7399024217,-0.019030,0.779001,0.9742386394
450101,0.2387657127,0.5305922193,0.862500057,0.1367669321,0.4523179454,0.4989456962,0.3939892684,1.127613108,1,1,1,1,1,1,1,1,8,0.125,0.5301863674,-0.019030,0.779001,0.7050269489
450102,-0.681161047,-0.536077603,-0.054593891,0.2477794944,-0.466629921,0.7191200206,0.3617510323,1.6668825381,1,1,1,1,1,1,1,1,8,0.125,0.1571338279,-0.019030,0.779001,0.2261408419
450104,-1.44776668,-0.068645222,-1.326526059,1.149255,,,-0.195509907,-0.759829897,1,1,1,1,0,0,1,1,6,0.1666666667,-0.441503794,-0.019030,0.779001,-0.542327966
450107,0.0854445862,-0.010216174,0.1082545668,-0.296583311,0.1408277337,0.7769760475,0.7002525118,1.6668825381,1,1,1,1,1,1,1,1,8,0.125,0.3964798123,-0.019030,0.779001,0.5333883595
450108,,,,,,,,0.1569281339,0,0,0,0,0,0,0,1,1,1,0.1569281339,-0.019030,0.779001,0.2258767932
450119,,0.2316529061,-0.517426351,0.5607546699,,0.3607340765,0.4285302357,-0.81375684,0,1,1,1,0,1,1,1,6,0.1666666667,0.0417481161,-0.019030,0.779001,0.0780206484
450124,-0.374518794,-0.065927592,0.3088152994,-0.229708273,,-0.045865223,-1.655441458,0.965832279,1,1,1,1,0,1,1,1,7,0.1428571429,-0.15668768,-0.019030,0.779001,-0.176710619
450128,,-2.017186018,-1.221960207,,,0.1019890676,0.2212844319,0.1569281339,0,1,1,0,0,1,1,1,5,0.2,-0.551788918,-0.019030,0.779001,-0.683900555
450132,-0.221197667,-0.171915167,0.1596803957,-0.210983263,1.1084136071,0.5857297365,-0.04122692,-1.245172384,1,1,1,1,1,1,1,1,8,0.125,-0.004583958,-0.019030,0.779001,0.0185443439
450133,,-0.356714015,0.6430831871,-1.802609156,,0.5294808215,0.6219596526,-1.191245441,0,1,1,1,0,1,1,1,6,0.1666666667,-0.259340825,-0.019030,0.779001,-0.308486065
450135,,0.5034159181,0.3019585222,0.2277169831,1.1084136071,0.3832336425,-0.211629025,-0.921610726,0,1,1,1,1,1,1,1,7,0.1428571429,0.1987855603,-0.019030,0.779001,0.2796090101
450137,,0.3512286314,0.4476650374,0.1260669261,-0.154104859,0.4796603539,0.7417016726,-0.328414353,0,1,1,1,1,1,1,1,7,0.1428571429,0.2376862014,-0.019030,0.779001,0.3295456132
450143,,,,,,,,,0,0,0,0,0,0,0,0,0,,,-0.019030,0.779001,
450144,,,,,,,,,0,0,0,0,0,0,0,0,0,,,-0.019030,0.779001,
450147,,-0.658370958,-2.111627047,-0.25913329,,-0.399429832,-0.402755711,0.6961975639,0,1,1,1,0,1,1,1,6,0.1666666667,-0.522519879,-0.019030,0.779001,-0.646328002
450148,,,,,,,-0.888631984,0.4265628489,0,0,0,0,0,0,1,1,2,0.5,-0.231034567,-0.019030,0.779001,-0.272149431
450152,,0.2194235706,1.0287769037,-1.092396257,1.1084136071,0.0377045933,-0.091887005,0.750124507,0,1,1,1,1,1,1,1,7,0.1428571429,0.2800228456,-0.019030,0.779001,0.3838930002
450154,,,,,,,1.0249376044,0.3187089629,0,0,0,0,0,0,1,1,2,0.5,0.6718232836,-0.019030,0.779001,0.8868457123
450155,,,,,,,,,0,0,0,0,0,0,0,0,0,,,-0.019030,0.779001,
450162,0.5454079659,,,,1.1084136071,,,0.2647820199,1,0,0,0,1,0,0,1,3,0.3333333333,0.6395345309,-0.019030,0.779001,0.8453967649
450163,,,,,,,0.4561630096,-0.220560467,0,0,0,0,0,0,1,1,2,0.5,0.1178012712,-0.019030,0.779001,0.1756497904
450165,,,,,,,1.0249376044,0.1569281339,0,0,0,0,0,0,1,1,2,0.5,0.5909328691,-0.019030,0.779001,0.783006999
450176,,0.1433299273,-0.112876497,-0.186908249,,1.1916109066,0.5782077607,0.5883436779,0,1,1,1,0,1,1,1,6,0.1666666667,0.3669512543,-0.019030,0.779001,0.4954826633
450184,-0.06787654,-0.068645222,0.5470883066,0.1220544239,0.1253049657,0.1180601861,0.5022176326,-0.975537669,1,1,1,1,1,1,1,1,8,0.125,0.0378332604,-0.019030,0.779001,0.0729951632
450193,,-0.367584535,0.3345282139,0.4069420837,,-0.730494874,0.6449869641,-0.220560467,0,1,1,1,0,1,1,1,6,0.1666666667,0.0113028975,-0.019030,0.779001,0.0389382386
450194,,,,,,,0.0209468216,0.2647820199,0,0,0,0,0,0,1,1,2,0.5,0.1428644208,-0.019030,0.779001,0.2078232589
450196,0.5454079659,0.1813767489,1.0287769037,0.3266920387,,-2.617244194,0.8176918006,-0.436268239,1,1,1,1,0,1,1,1,7,0.1428571429,-0.021938139,-0.019030,0.779001,-0.003733152
450200,,-0.021086695,1.0287769037,1.149255,,,0.6173541903,0.4804897919,0,1,1,1,0,0,1,1,5,0.2,0.6509578382,-0.019030,0.779001,0.8600608204
450203,-0.834482173,0.3933518982,0.0928268181,,,,1.0249376044,0.750124507,1,1,1,0,0,0,1,1,5,0.2,0.2853517309,-0.019030,0.779001,0.3907336697
450209,,0.6121211228,0.0122596862,-0.83024611,0.5930577088,0.5616230586,0.4400438915,0.6422706209,0,1,1,1,1,1,1,1,7,0.1428571429,0.2901614255,-0.019030,0.779001,0.3969078562
450210,,,,,,,,,0,0,0,0,0,0,0,0,0,,,-0.019030,0.779001,
450211,,0.3811225627,0.5368031408,0.4644546159,,-2.570637951,0.3203018715,0.6961975639,0,1,1,1,0,1,1,1,6,0.1666666667,-0.028626366,-0.019030,0.779001,-0.012318803
450213,,0.0074484213,0.2333907504,-0.256458288,0.2008491034,0.322163392,0.2489172058,0.3187089629,0,1,1,1,1,1,1,1,7,0.1428571429,0.153574221,-0.019030,0.779001,0.2215713882
450222,0.0854445862,0.1650709682,0.7322212905,-1.164621298,,-1.055131469,0.9305256271,-0.81375684,1,1,1,1,0,1,1,1,7,0.1428571429,-0.160035305,-0.019030,0.779001,-0.181007952
450229,-0.834482173,-0.548306938,-1.461947408,0.1916044629,-0.68912293,0.0939535083,0.2742472485,0.1030011909,1,1,1,1,1,1,1,1,8,0.125,-0.35888163,-0.019030,0.779001,-0.436266212
450231,-0.221197667,0.8988311004,-0.25344043,1.149255,0.8145158659,0.7351911392,0.4101083865,-2.647272902,1,1,1,1,1,1,1,1,8,0.125,0.1107488116,-0.019030,0.779001,0.1665965752
450235,,,,,,,,0.1569281339,0,0,0,0,0,0,0,1,1,1,0.1569281339,-0.019030,0.779001,0.2258767932
450236,,,-0.011739034,,,,0.7002525118,-0.490195182,0,0,1,0,0,0,1,1,3,0.3333333333,0.0661060986,-0.019030,0.779001,0.1092888965
450237,-0.52783992,-0.279261556,0.0036887147,0.1809044569,1.1084136071,0.0939535083,0.7071607053,-2.647272902,1,1,1,1,1,1,1,1,8,0.125,-0.170031673,-0.019030,0.779001,-0.193840251
450241,,,,,,,,-0.220560467,0,0,0,0,0,0,0,1,1,1,-0.220560467,-0.019030,0.779001,-0.258703869
450253,,,,,,,,0.0490742479,0,0,0,0,0,0,0,1,1,1,0.0490742479,-0.019030,0.779001,0.0874251755
450272,,,,1.149255,,,-0.411966635,0.6422706209,0,0,0,1,0,0,1,1,3,0.3333333333,0.4598529953,-0.019030,0.779001,0.6147402701
450289,,0.0332659074,0.2933875508,-0.691146032,0.0332032088,0.0618112711,0.4791903211,-0.220560467,0,1,1,1,1,1,1,1,7,0.1428571429,-0.001549749,-0.019030,0.779001,0.0224393463
450292,,,,,,,1.0249376044,0.1030011909,0,0,0,0,0,0,1,1,2,0.5,0.5639693976,-0.019030,0.779001,0.7483940946
450324,1.0053713456,0.7140322523,0.1648229786,0.6543797225,,0.4523394524,0.672619738,-0.166633524,1,1,1,1,0,1,1,1,7,0.1428571429,0.4995617093,-0.019030,0.779001,0.6657141933
450330,,-3.601564377,1.0287769037,,,,0.5367585999,-0.220560467,0,1,1,0,0,0,1,1,4,0.25,-0.564147335,-0.019030,0.779001,-0.699765007
450346,,-0.333614159,0.3568127397,0.2357419876,,-1.429588532,0.3041827535,0.0490742479,0,1,1,1,0,1,1,1,6,0.1666666667,-0.136231827,-0.019030,0.779001,-0.150451519
450347,,0.9776423739,1.0287769037,,,1.1916109066,0.1222669924,0.3187089629,0,1,1,0,0,1,1,1,5,0.2,0.7278012279,-0.019030,0.779001,0.9587043836
450351,,,,,,,-0.303738271,-0.436268239,0,0,0,0,0,0,1,1,2,0.5,-0.370003255,-0.019030,0.779001,-0.450543
450352,1.0053713456,0.5998917873,0.0636855151,-0.54535845,,-0.319074239,-0.605396052,-0.112706581,1,1,1,1,0,1,1,1,7,0.1428571429,0.0123447608,-0.019030,0.779001,0.0402756745
450358,1.0053713456,0.3213347001,0.2642462477,-0.344733338,-1.035798082,0.2675215888,-0.179390789,0.4265628489,1,1,1,1,1,1,1,1,8,0.125,0.0906393153,-0.019030,0.779001,0.1407820923
450369,-2.367693439,,,,,,,0.1030011909,1,0,0,0,0,0,0,1,2,0.5,-1.132346124,-0.019030,0.779001,-1.429159602
450370,,,,,,,,0.1569281339,0,0,0,0,0,0,0,1,1,1,0.1569281339,-0.019030,0.779001,0.2258767932
450372,,,,0.4403796024,,-1.440838315,-0.60079059,0.4804897919,0,0,0,1,0,1,1,1,4,0.25,-0.280189878,-0.019030,0.779001,-0.335249913
450379,,,,,,,0.688738856,0.6422706209,0,0,0,0,0,0,1,1,2,0.5,0.6655047385,-0.019030,0.779001,0.8787346202
450388,0.5454079659,0.3294875904,0.283102385,-0.11735821,0.5589076191,0.2385935754,0.2995772911,0.5344167349,1,1,1,1,1,1,1,1,8,0.125,0.3340168689,-0.019030,0.779001,0.4532049198
450389,-0.52783992,-0.908392929,0.005402909,,,1.1916109066,0.7393989414,0.4265628489,1,1,1,0,0,1,1,1,6,0.1666666667,0.1544571262,-0.019030,0.779001,0.2227047701
450395,,,,,,,1.0249376044,0.1569281339,0,0,0,0,0,0,1,1,2,0.5,0.5909328691,-0.019030,0.779001,0.783006999
450399,,,,,,,,,0,0,0,0,0,0,0,0,0,,,-0.019030,0.779001,
450400,,,,,,,,0.1569281339,0,0,0,0,0,0,0,1,1,1,0.1569281339,-0.019030,0.779001,0.2258767932
450403,0.5454079659,-0.390684391,-0.303152064,0.8670423417,,-0.053900783,0.8614436925,1.181540051,1,1,1,1,0,1,1,1,7,0.1428571429,0.3868138304,-0.019030,0.779001,0.5209801758
450411,,,,,,,,0.1030011909,0,0,0,0,0,0,0,1,1,1,0.1030011909,-0.019030,0.779001,0.1566509843
450419,,,,,,,1.0249376044,0.2647820199,0,0,0,0,0,0,1,1,2,0.5,0.6448598121,-0.019030,0.779001,0.8522328079
450422,,,,,,,,0.4804897919,0,0,0,0,0,0,0,1,1,1,0.4804897919,-0.019030,0.779001,0.6412316465
450424,,0.6066858626,1.0287769037,0.5848296834,,-0.110149698,0.0900287562,0.911905336,0,1,1,1,0,1,1,1,6,0.1666666667,0.5186794741,-0.019030,0.779001,0.6902555942
450431,1.6186558519,0.0876185098,0.1682513671,-1.639434064,,0.5294808215,0.3364209896,-0.651976011,1,1,1,1,0,1,1,1,7,0.1428571429,0.0641453521,-0.019030,0.779001,0.1067718939
450447,-0.06787654,,1.0287769037,,,,-2.284087063,-0.112706581,1,0,1,0,0,0,1,1,4,0.25,-0.35897332,-0.019030,0.779001,-0.436383915
450451,,,,,,,,0.0490742479,0,0,0,0,0,0,0,1,1,1,0.0490742479,-0.019030,0.779001,0.0874251755
450460,,,,,,,,,0,0,0,0,0,0,0,0,0,,,-0.019030,0.779001,
450462,1.4653347253,-0.094462708,0.4270947058,0.1956169651,-0.000946881,0.5889439602,-0.531708655,0.0490742479,1,1,1,1,1,1,1,1,8,0.125,0.262368295,-0.019030,0.779001,0.3612299217
450465,,,,,,,1.0249376044,0.4265628489,0,0,0,0,0,0,1,1,2,0.5,0.7257502267,-0.019030,0.779001,0.9560715212
450469,,,,,,,0.3387237208,0.4265628489,0,0,0,0,0,0,1,1,2,0.5,0.3826432848,-0.019030,0.779001,0.5156264625
450475,,,,,,,1.0249376044,0.1569281339,0,0,0,0,0,0,1,1,2,0.5,0.5909328691,-0.019030,0.779001,0.783006999
450484,-1.754408933,0.9776423739,0.497376672,,,1.1916109066,1.0249376044,-1.514807099,1,1,1,0,0,1,1,1,6,0.1666666667,0.0703919208,-0.019030,0.779001,0.1147905901
450489,,,,,,,,,0,0,0,0,0,0,0,0,0,,,-0.019030,0.779001,
450498,,,,,,,,,0,0,0,0,0,0,0,0,0,,,-0.019030,0.779001,
450508,-0.374518794,0.0183189418,-3.36984566,,,,0.6104459968,-0.651976011,1,1,1,0,0,0,1,1,5,0.2,-0.753515105,-0.019030,0.779001,-0.942855683
450518,,0.9776423739,1.0287769037,,,-0.312645792,0.3226046027,-0.81375684,0,1,1,0,0,1,1,1,5,0.2,0.2405242497,-0.019030,0.779001,0.3331888049
450537,,0.2846466935,0.7030799875,0.3882170732,,1.1916109066,0.1498997662,0.2108550769,0,1,1,1,0,1,1,1,6,0.1666666667,0.488051584,-0.019030,0.779001,0.6509386898
450539,,,,,,,-0.54091958,0.2647820199,0,0,0,0,0,0,1,1,2,0.5,-0.13806878,-0.019030,0.779001,-0.152809608
450563,-1.601087806,0.5387451096,0.1562520071,-0.367470851,-1.80883193,-1.092095042,0.6196569214,0.5344167349,1,1,1,1,1,1,1,1,8,0.125,-0.377551857,-0.019030,0.779001,-0.460233111
450565,,,,,,,-0.055043306,-0.328414353,0,0,0,0,0,0,1,1,2,0.5,-0.19172883,-0.019030,0.779001,-0.221692807
450571,-1.141124426,0.9776423739,0.2676746363,-0.316645822,1.1084136071,0.4105545441,-0.08267608,0.80405145,1,1,1,1,1,1,1,1,8,0.125,0.2534862853,-0.019030,0.779001,0.34982812
450573,,,,,,,,,0,0,0,0,0,0,0,0,0,,,-0.019030,0.779001,
450584,,,,,,,,0.2108550769,0,0,0,0,0,0,0,1,1,1,0.2108550769,-0.019030,0.779001,0.2951026021
450587,-1.294445553,,,,,,0.6104459968,-0.004852695,1,0,0,0,0,0,1,1,3,0.3333333333,-0.229617417,-0.019030,0.779001,-0.270330241
450596,,,1.0287769037,,,,0.11766153,-0.651976011,0,0,1,0,0,0,1,1,3,0.3333333333,0.1648208075,-0.019030,0.779001,0.236008588
450597,,,,,,,1.0249376044,0.1569281339,0,0,0,0,0,0,1,1,2,0.5,0.5909328691,-0.019030,0.779001,0.783006999
450604,0.2387657127,,,1.149255,,,1.0249376044,0.80405145,1,0,0,1,0,0,1,1,4,0.25,0.8042524418,-0.019030,0.779001,1.0568445121
45060F,-1.141124426,,,,,,,-0.867683783,1,0,0,0,0,0,0,1,2,0.5,-1.004404105,-0.019030,0.779001,-1.264920925
450610,,-0.957310271,0.0791132637,0.4056045829,-0.666356203,-0.296574673,0.5321531376,-0.220560467,0,1,1,1,1,1,1,1,7,0.1428571429,-0.160561519,-0.019030,0.779001,-0.18168345
450617,0.3920868393,0.3213347001,0.8830703886,0.0819294014,0.6789503585,0.6034079669,0.8545354991,-0.328414353,1,1,1,1,1,1,1,1,8,0.125,0.4358626001,-0.019030,0.779001,0.5839438923
450634,-0.681161047,0.9776423739,0.8402155312,1.149255,,1.1916109066,0.4239247734,0.4804897919,1,1,1,1,0,1,1,1,7,0.1428571429,0.6259967615,-0.019030,0.779001,0.8280183824
450638,,0.2900819537,0.2231055846,1.149255,,-0.000866091,0.8775628106,-0.544122125,0,1,1,1,0,1,1,1,6,0.1666666667,0.3325028554,-0.019030,0.779001,0.4512613865
450639,,0.5835860066,1.0287769037,0.5861671842,1.1084136071,0.7384053629,-0.013594146,0.6422706209,0,1,1,1,1,1,1,1,7,0.1428571429,0.6677179343,-0.019030,0.779001,0.8815756911
450641,,,,,,,,,0,0,0,0,0,0,0,0,0,,,-0.019030,0.779001,
450643,,-1.608182685,-1.129393715,0.5380171572,,-3.732579823,0.493006708,0.5344167349,0,1,1,1,0,1,1,1,6,0.1666666667,-0.817452604,-0.019030,0.779001,-1.024932004
450644,,0.6950088415,0.7082225704,,,0.5809084009,0.8660491548,0.5344167349,0,1,1,0,0,1,1,1,5,0.2,0.6769211405,-0.019030,0.779001,0.8933898115
450647,0.0854445862,-0.163762276,-0.332293367,-0.33135833,0.6975776801,-0.949062087,0.0209468216,0.6961975639,1,1,1,1,1,1,1,1,8,0.125,-0.034538676,-0.019030,0.779001,-0.019908413
450651,-0.06787654,-0.461342774,0.4305230944,0.0578543879,-0.386946379,-0.153541718,0.6403815018,-0.598049068,1,1,1,1,1,1,1,1,8,0.125,-0.067374687,-0.019030,0.779001,-0.062059873
450653,,,,,,,1.0249376044,0.1569281339,0,0,0,0,0,0,1,1,2,0.5,0.5909328691,-0.019030,0.779001,0.783006999
450654,,,,,,,-1.086666863,,0,0,0,0,0,0,1,0,1,1,-1.086666863,-0.019030,0.779001,-1.370521311
450656,0.3920868393,-1.173361866,0.421952123,-0.074558186,,,0.7601235218,0.4804897919,1,1,1,1,0,0,1,1,6,0.1666666667,0.1344553707,-0.019030,0.779001,0.1970285937
450658,,,,,,,,,0,0,0,0,0,0,0,0,0,,,-0.019030,0.779001,
450659,,-1.099985852,0.3430991853,0.710554754,1.1084136071,-1.119415944,0.7877562956,0.1030011909,0,1,1,1,1,1,1,1,7,0.1428571429,0.1190604624,-0.019030,0.779001,0.1772662093
450661,,0.9776423739,1.0287769037,,,,1.0249376044,-0.112706581,0,1,1,0,0,0,1,1,4,0.25,0.7296625752,-0.019030,0.779001,0.961093788
450662,,0.3308464055,-2.077343161,0.5527296654,-0.261729384,-0.378537378,0.5206394819,-0.004852695,0,1,1,1,1,1,1,1,7,0.1428571429,-0.188321009,-0.019030,0.779001,-0.217318201
450668,-2.214372312,0.9776423739,-0.280867538,0.6142546999,,0.5744799535,-0.289921884,-0.436268239,1,1,1,1,0,1,1,1,7,0.1428571429,-0.15072185,-0.019030,0.779001,-0.169052305
450669,,-0.652935698,1.0287769037,,,1.1916109066,0.5505749868,0.857978393,0,1,1,0,0,1,1,1,5,0.2,0.5952010985,-0.019030,0.779001,0.7884861086
45066F,,-0.121639009,0.7665051765,,,,,0.5883436779,0,1,1,0,0,0,0,1,3,0.3333333333,0.4110699483,-0.019030,0.779001,0.5521176609
450670,-0.06787654,0.9776423739,1.0287769037,1.149255,,-0.335145358,0.7140688987,1.073686165,1,1,1,1,0,1,1,1,7,0.1428571429,0.6486296348,-0.019030,0.779001,0.8570721146
450672,-1.44776668,-0.81191706,0.816216811,-0.465108405,,0.6419786515,0.35714557,0.4804897919,1,1,1,1,0,1,1,1,7,0.1428571429,-0.061280189,-0.019030,0.779001,-0.054236389
450674,,0.2805702483,,0.6236172052,0.907652474,-2.054755045,1.0249376044,0.3187089629,0,1,0,1,1,1,1,1,6,0.1666666667,0.1834552417,-0.019030,0.779001,0.2599295393
450675,-0.681161047,-0.0305984,0.2265339732,0.865704841,1.1084136071,0.8171538439,0.5966296099,0.1030011909,1,1,1,1,1,1,1,1,8,0.125,0.3757097024,-0.019030,0.779001,0.5067258494
450677,,-0.568689164,0.0996835953,0.7386422697,,1.1916109066,-0.080373349,-0.328414353,0,1,1,1,0,1,1,1,6,0.1666666667,0.1754099842,-0.019030,0.779001,0.2496018733
450678,,0.9776423739,1.0287769037,,,,-1.174170647,-0.490195182,0,1,1,0,0,0,1,1,4,0.25,0.0855133621,-0.019030,0.779001,0.134201926
450684,,-1.908480813,0.2539610819,0.5741296774,0.4295512189,0.4073403204,0.4239247734,-0.27448741,0,1,1,1,1,1,1,1,7,0.1428571429,-0.013437307,-0.019030,0.779001,0.0071793331
450686,,0.8770900595,0.265960442,0.7185797585,1.1084136071,0.2787713718,0.1522024973,-0.436268239,0,1,1,1,1,1,1,1,7,0.1428571429,0.4235356424,-0.019030,0.779001,0.5681198243
450688,,-2.173449749,1.0287769037,,,-2.617244194,1.0249376044,-0.598049068,0,1,1,0,0,1,1,1,5,0.2,-0.667005701,-0.019030,0.779001,-0.831803894
450690,,-0.196373838,,,,,1.0249376044,,0,1,0,0,0,0,1,0,2,0.5,0.4142818834,-0.019030,0.779001,0.5562408095
450694,,,,,,,,0.2108550769,0,0,0,0,0,0,0,1,1,1,0.2108550769,-0.019030,0.779001,0.2951026021
450698,,,,,,,,,0,0,0,0,0,0,0,0,0,,,-0.019030,0.779001,
450702,-0.52783992,0.9776423739,1.0287769037,,-0.066142507,-0.12943504,0.3456319142,0.2108550769,1,1,1,0,1,1,1,1,7,0.1428571429,0.2627841146,-0.019030,0.779001,0.3617637077
450709,,0.0522893183,1.0287769037,0.6583922247,,0.1389526403,0.4837957834,1.127613108,0,1,1,1,0,1,1,1,6,0.1666666667,0.5816366631,-0.019030,0.779001,0.7710734951
450711,,0.1243065164,0.4356656773,0.1167044209,,-0.055507894,0.5736022984,-1.406953213,0,1,1,1,0,1,1,1,6,0.1666666667,-0.035363699,-0.019030,0.779001,-0.020967492
450713,0.3920868393,0.4273222747,0.7956464795,0.1100169171,,-0.396215608,0.4976121703,0.6961975639,1,1,1,1,0,1,1,1,7,0.1428571429,0.3603809481,-0.019030,0.779001,0.4870483866
450718,,0.1080007357,0.7613625936,1.149255,,-0.468535642,0.658803351,0.1569281339,0,1,1,1,0,1,1,1,6,0.1666666667,0.3943023621,-0.019030,0.779001,0.530593175
450723,,0.295517214,0.7030799875,0.1447919366,-1.527352403,-0.339966693,-0.089584274,-0.328414353,0,1,1,1,1,1,1,1,7,0.1428571429,-0.163132655,-0.019030,0.779001,-0.184984008
450730,-0.221197667,,1.0287769037,,,,-0.584671472,-0.166633524,1,0,1,0,0,0,1,1,4,0.25,0.0140685602,-0.019030,0.779001,0.0424885092
450742,,0.0699539141,1.0287769037,-0.228370773,-1.803657674,0.4539465642,0.8959846598,-0.004852695,0,1,1,1,1,1,1,1,7,0.1428571429,0.0588258429,-0.019030,0.779001,0.0999432604
450743,,0.3512286314,0.5419457237,0.5727921767,,0.5969795195,0.7693344464,1.289393937,0,1,1,1,0,1,1,1,6,0.1666666667,0.6869457391,-0.019030,0.779001,0.9062583501
450747,,,1.0287769037,,,1.1916109066,0.7532153283,-0.436268239,0,0,1,0,0,1,1,1,4,0.25,0.6343337249,-0.019030,0.779001,0.8387205102
45074F,-0.681161047,0.3960695284,0.3859540427,,,,,1.073686165,1,1,1,0,0,0,0,1,4,0.25,0.2936371724,-0.019030,0.779001,0.401369659
450755,,,,,,,,,0,0,0,0,0,0,0,0,0,,,-0.019030,0.779001,
450771,-0.681161047,0.7860494505,1.0287769037,0.6664172292,0.0942594297,0.0344903696,0.1452943039,-0.759829897,1,1,1,1,1,1,1,1,8,0.125,0.1642870928,-0.019030,0.779001,0.2353234605
450774,-0.06787654,,,,,,,0.2647820199,1,0,0,0,0,0,0,1,2,0.5,0.0984527397,-0.019030,0.779001,0.1508121552
450775,-1.141124426,0.4966218428,0.6962232103,0.8670423417,,-0.100507026,0.7946644891,-0.004852695,1,1,1,1,0,1,1,1,7,0.1428571429,0.2297239623,-0.019030,0.779001,0.3193245175
450779,-1.907730059,0.6664737252,1.0287769037,0.3226795364,0.32710095,1.1916109066,0.0923314874,0.6961975639,1,1,1,1,1,1,1,1,8,0.125,0.3021801268,-0.019030,0.779001,0.4123362166
450788,,0.8526313884,0.8385013369,-0.733946056,0.5775349407,1.1916109066,0.8338109187,0.6961975639,0,1,1,1,1,1,1,1,7,0.1428571429,0.6080487141,-0.019030,0.779001,0.8049785433
450801,1.1586924721,-0.060492332,0.8367871426,1.149255,-0.334168968,0.1228815217,0.3387237208,0.5344167349,1,1,1,1,1,1,1,1,8,0.125,0.4682619116,-0.019030,0.779001,0.6255347636
450804,2.6919037378,,,,,,,1.6129555951,1,0,0,0,0,0,0,1,2,0.5,2.1524296665,-0.019030,0.779001,2.7874944189
450808,,,,,,,,0.4804897919,0,0,0,0,0,0,0,1,1,1,0.4804897919,-0.019030,0.779001,0.6412316465
450809,1.0053713456,0.1759414887,0.769933565,-0.085258192,0.2619053243,0.0152050273,0.5989323411,1.5590286521,1,1,1,1,1,1,1,1,8,0.125,0.537632444,-0.019030,0.779001,0.7145854486
450820,-0.374518794,0.1039242905,0.8265019768,-0.213658264,1.1084136071,-0.341573805,0.4193193111,1.9904441961,1,1,1,1,1,1,1,1,8,0.125,0.4398565648,-0.019030,0.779001,0.5890709295
450822,,-0.040110106,,,,,0.493006708,0.4804897919,0,1,0,0,0,0,1,1,3,0.3333333333,0.3111287981,-0.019030,0.779001,0.4238235915
450825,,,,,,,,,0,0,0,0,0,0,0,0,0,,,-0.019030,0.779001,
450827,-0.52783992,,,,,,,0.6961975639,1,0,0,0,0,0,0,1,2,0.5,0.0841788219,-0.019030,0.779001,0.1324887819
450828,,,,1.149255,,,0.3778701504,0.3726359059,0,0,0,1,0,0,1,1,3,0.3333333333,0.6332536854,-0.019030,0.779001,0.8373340677
450831,,,,,,,,-0.004852695,0,0,0,0,0,0,0,1,1,1,-0.004852695,-0.019030,0.779001,0.0181993666
450833,,,,,,,,0.1030011909,0,0,0,0,0,0,0,1,1,1,0.1030011909,-0.019030,0.779001,0.1566509843
450834,1.1586924721,,,,,,,0.3187089629,1,0,0,0,0,0,0,1,2,0.5,0.7387007175,-0.019030,0.779001,0.9726960164
450840,0.852050219,,,1.149255,,,0.4216220423,0.911905336,1,0,0,1,0,0,1,1,4,0.25,0.8337081493,-0.019030,0.779001,1.0946566904
450844,-0.06787654,0.5278745892,0.433951483,-0.17085824,0.3260660988,-0.200147962,0.6058405345,1.34332088,1,1,1,1,1,1,1,1,8,0.125,0.3497713554,-0.019030,0.779001,0.4734288934
450847,,0.6066858626,0.3705262941,0.8937923567,-0.607369685,0.6612639938,0.5666941049,0.80405145,0,1,1,1,1,1,1,1,7,0.1428571429,0.4708063396,-0.019030,0.779001,0.6288010361
450848,,-0.826864025,0.572801221,0.1260669261,-0.892988616,-3.886862561,0.7854535645,0.1030011909,0,1,1,1,1,1,1,1,7,0.1428571429,-0.5741989,-0.019030,0.779001,-0.712668162
450851,,,,,,,0.0163413593,-0.166633524,0,0,0,0,0,0,1,1,2,0.5,-0.075146082,-0.019030,0.779001,-0.072035984
450853,-1.754408933,,,0.4738171212,,,1.0249376044,-0.544122125,1,0,0,1,0,0,1,1,4,0.25,-0.199944083,-0.019030,0.779001,-0.232238696
450855,0.852050219,-1.393489905,-1.415664162,-1.890884205,,1.1916109066,0.3617510323,0.80405145,1,1,1,1,0,1,1,1,7,0.1428571429,-0.212939238,-0.019030,0.779001,-0.248920526
450856,0.3920868393,,,,,,,1.127613108,1,0,0,0,0,0,0,1,2,0.5,0.7598499737,-0.019030,0.779001,0.999845235
450860,-0.221197667,,,,,,,-0.27448741,1,0,0,0,0,0,0,1,2,0.5,-0.247842539,-0.019030,0.779001,-0.293725759
450862,,-0.735823416,0.3465275739,0.4657921167,-0.262764235,-1.143522622,0.7854535645,0.911905336,0,1,1,1,1,1,1,1,7,0.1428571429,0.0525097598,-0.019030,0.779001,0.0918353288
450864,1.1586924721,,-0.594565095,,,,,1.235466994,1,0,1,0,0,0,0,1,3,0.3333333333,0.5998647905,-0.019030,0.779001,0.7944728721
450865,,,,,,,,0.0490742479,0,0,0,0,0,0,0,1,1,1,0.0490742479,-0.019030,0.779001,0.0874251755
450867,0.0854445862,0.9776423739,-0.04602292,1.149255,,,0.6703170068,0.80405145,1,1,1,1,0,0,1,1,6,0.1666666667,0.6067812495,-0.019030,0.779001,0.8033515038
450869,-0.06787654,0.88796058,0.0482577664,0.4818421257,0.7244838113,0.2337722398,0.8821682729,0.1569281339,1,1,1,1,1,1,1,1,8,0.125,0.4184420487,-0.019030,0.779001,0.5615811977
45086F,-2.214372312,,-2.507605929,,,,,-0.058779638,1,0,1,0,0,0,0,1,3,0.3333333333,-1.59358596,-0.019030,0.779001,-2.021251401
450871,0.6987290924,,,,,,,0.1569281339,1,0,0,0,0,0,0,1,2,0.5,0.4278286132,-0.019030,0.779001,0.5736306943
450872,,,,,0.2494871099,,,-1.676587928,0,0,0,0,1,0,0,1,2,0.5,-0.713550409,-0.019030,0.779001,-0.891553157
450874,0.3920868393,,,,,,,0.0490742479,1,0,0,0,0,0,0,1,2,0.5,0.2205805436,-0.019030,0.779001,0.3075871462
450875,0.0854445862,,,,,,,0.6961975639,1,0,0,0,0,0,0,1,2,0.5,0.3908210751,-0.019030,0.779001,0.5261242603
450876,0.2387657127,,,,,,-1.227133463,-0.81375684,1,0,0,0,0,0,1,1,3,0.3333333333,-0.600708197,-0.019030,0.779001,-0.746698044
450880,-1.44776668,,,,,,,0.3187089629,1,0,0,0,0,0,0,1,2,0.5,-0.564528858,-0.019030,0.779001,-0.700254767
450883,1.4653347253,,,,,,,0.3726359059,1,0,0,0,0,0,0,1,2,0.5,0.9189853156,-0.019030,0.779001,1.20412666
450885,,0.9776423739,,,,,-0.439599409,0.80405145,0,1,0,0,0,0,1,1,3,0.3333333333,0.4473648049,-0.019030,0.779001,0.5987092284
450888,0.3920868393,,,,,,,0.2108550769,1,0,0,0,0,0,0,1,2,0.5,0.3014709581,-0.019030,0.779001,0.4114258595
450889,0.5454079659,,,,,,,0.3726359059,1,0,0,0,0,0,0,1,2,0.5,0.4590219359,-0.019030,0.779001,0.6136734424
450890,0.0854445862,0.9776423739,-0.507141185,0.5273171512,,-0.293360449,0.5666941049,0.2647820199,1,1,1,1,0,1,1,1,7,0.1428571429,0.2316255145,-0.019030,0.779001,0.3217655328
450891,,,,,-0.471804177,,,0.2108550769,0,0,0,0,1,0,0,1,2,0.5,-0.13047455,-0.019030,0.779001,-0.143060925
450893,,,,,,,,1.127613108,0,0,0,0,0,0,0,1,1,1,1.127613108,-0.019030,0.779001,1.471941353
45090F,1.0053713456,0.6732678005,-0.328864979,,,,,-1.191245441,1,1,1,0,0,0,0,1,4,0.25,0.0396321815,-0.019030,0.779001,0.0753044313
451300,,,,,,,,,0,0,0,0,0,0,0,0,0,,,-0.019030,0.779001,
451301,,,,,,,,,0,0,0,0,0,0,0,0,0,,,-0.019030,0.779001,
451303,,,,,,,,,0,0,0,0,0,0,0,0,0,,,-0.019030,0.779001,
451304,,,,,,,,,0,0,0,0,0,0,0,0,0,,,-0.019030,0.779001,
451305,,,,,,,,,0,0,0,0,0,0,0,0,0,,,-0.019030,0.779001,
451306,,,,,,,,,0,0,0,0,0,0,0,0,0,,,-0.019030,0.779001,
451307,,,,,,,,,0,0,0,0,0,0,0,0,0,,,-0.019030,0.779001,
451308,,,,,,,,,0,0,0,0,0,0,0,0,0,,,-0.019030,0.779001,
451310,,,,,,,,,0,0,0,0,0,0,0,0,0,,,-0.019030,0.779001,
451311,,,,,,,,,0,0,0,0,0,0,0,0,0,,,-0.019030,0.779001,
451312,,,,,,,,,0,0,0,0,0,0,0,0,0,,,-0.019030,0.779001,
451313,,,,,,,,,0,0,0,0,0,0,0,0,0,,,-0.019030,0.779001,
451314,,,,,,,,,0,0,0,0,0,0,0,0,0,,,-0.019030,0.779001,
451315,,,,,,,,,0,0,0,0,0,0,0,0,0,,,-0.019030,0.779001,
451316,,,,,,,,,0,0,0,0,0,0,0,0,0,,,-0.019030,0.779001,
451317,,,,,,,,,0,0,0,0,0,0,0,0,0,,,-0.019030,0.779001,
451318,,,,,,,,,0,0,0,0,0,0,0,0,0,,,-0.019030,0.779001,
451319,,,1.0287769037,,,,-0.42117756,,0,0,1,0,0,0,1,0,2,0.5,0.303799672,-0.019030,0.779001,0.4144152206
451320,,,,,,,,,0,0,0,0,0,0,0,0,0,,,-0.019030,0.779001,
451322,,,,,,,,,0,0,0,0,0,0,0,0,0,,,-0.019030,0.779001,
451323,,,,,,,,,0,0,0,0,0,0,0,0,0,,,-0.019030,0.779001,
451324,,,,,,,,,0,0,0,0,0,0,0,0,0,,,-0.019030,0.779001,
451329,,,,,,,,,0,0,0,0,0,0,0,0,0,,,-0.019030,0.779001,
451330,,,,,,,,,0,0,0,0,0,0,0,0,0,,,-0.019030,0.779001,
451331,,,,,,,,,0,0,0,0,0,0,0,0,0,,,-0.019030,0.779001,
451332,,,,,,,,,0,0,0,0,0,0,0,0,0,,,-0.019030,0.779001,
451333,,,,,,,,,0,0,0,0,0,0,0,0,0,,,-0.019030,0.779001,
451334,,,,,,,,,0,0,0,0,0,0,0,0,0,,,-0.019030,0.779001,
451337,,,,,,,,,0,0,0,0,0,0,0,0,0,,,-0.019030,0.779001,
451338,,,,,,,,,0,0,0,0,0,0,0,0,0,,,-0.019030,0.779001,
451340,,,,,,,,,0,0,0,0,0,0,0,0,0,,,-0.019030,0.779001,
451341,,,,,,,,,0,0,0,0,0,0,0,0,0,,,-0.019030,0.779001,
451342,,,,,,,,,0,0,0,0,0,0,0,0,0,,,-0.019030,0.779001,
451343,,,,,,,,,0,0,0,0,0,0,0,0,0,,,-0.019030,0.779001,
451344,,,,,,,,,0,0,0,0,0,0,0,0,0,,,-0.019030,0.779001,
451346,,,,,,,,,0,0,0,0,0,0,0,0,0,,,-0.019030,0.779001,
451347,,,,,,,,,0,0,0,0,0,0,0,0,0,,,-0.019030,0.779001,
451349,,,,,,,,,0,0,0,0,0,0,0,0,0,,,-0.019030,0.779001,
451350,,,,,,,,,0,0,0,0,0,0,0,0,0,,,-0.019030,0.779001,
451351,,,,,,,,,0,0,0,0,0,0,0,0,0,,,-0.019030,0.779001,
451352,,,,,,,,,0,0,0,0,0,0,0,0,0,,,-0.019030,0.779001,
451353,,,,,,,,,0,0,0,0,0,0,0,0,0,,,-0.019030,0.779001,
451354,,,,,,,,,0,0,0,0,0,0,0,0,0,,,-0.019030,0.779001,
451355,,,,,,,,,0,0,0,0,0,0,0,0,0,,,-0.019030,0.779001,
451356,,,,,,,,,0,0,0,0,0,0,0,0,0,,,-0.019030,0.779001,
451359,,,,,,,,,0,0,0,0,0,0,0,0,0,,,-0.019030,0.779001,
451361,,,,,,,,,0,0,0,0,0,0,0,0,0,,,-0.019030,0.779001,
451362,,,,,,,,,0,0,0,0,0,0,0,0,0,,,-0.019030,0.779001,
451363,,,,,,,,,0,0,0,0,0,0,0,0,0,,,-0.019030,0.779001,
451364,,,,,,,,,0,0,0,0,0,0,0,0,0,,,-0.019030,0.779001,
451365,0.3920868393,,,,,,,,1,0,0,0,0,0,0,0,1,1,0.3920868393,-0.019030,0.779001,0.5277491169
451366,,,,,,,,,0,0,0,0,0,0,0,0,0,,,-0.019030,0.779001,
451367,,,,,,,-2.134409538,,0,0,0,0,0,0,1,0,1,1,-2.134409538,-0.019030,0.779001,-2.715504544
451369,,,,,,,,,0,0,0,0,0,0,0,0,0,,,-0.019030,0.779001,
451370,,,,,,,-2.005456593,,0,0,0,0,0,0,1,0,1,1,-2.005456593,-0.019030,0.779001,-2.549968146
451371,,,,,,,,,0,0,0,0,0,0,0,0,0,,,-0.019030,0.779001,
451372,,,,,,,,,0,0,0,0,0,0,0,0,0,,,-0.019030,0.779001,
451373,,,,,,,,,0,0,0,0,0,0,0,0,0,,,-0.019030,0.779001,
451374,,,,,,,,,0,0,0,0,0,0,0,0,0,,,-0.019030,0.779001,
451375,,,,,,,,,0,0,0,0,0,0,0,0,0,,,-0.019030,0.779001,
451376,,,,,,,,,0,0,0,0,0,0,0,0,0,,,-0.019030,0.779001,
451377,,,,,,,,,0,0,0,0,0,0,0,0,0,,,-0.019030,0.779001,
451378,,,,,,,,,0,0,0,0,0,0,0,0,0,,,-0.019030,0.779001,
451379,0.852050219,,,,,,-0.508681344,,1,0,0,0,0,0,1,0,2,0.5,0.1716844377,-0.019030,0.779001,0.2448194036
451380,-0.06787654,,1.0287769037,,,,1.0249376044,,1,0,1,0,0,0,1,0,3,0.3333333333,0.6619459892,-0.019030,0.779001,0.8741662676
451381,,,,,,,,,0,0,0,0,0,0,0,0,0,,,-0.019030,0.779001,
451382,,,,,,,-5.25461025,,0,0,0,0,0,0,1,0,1,1,-5.25461025,-0.019030,0.779001,-6.720894172
451384,-0.06787654,,,,,,,,1,0,0,0,0,0,0,0,1,1,-0.06787654,-0.019030,0.779001,-0.062704101
451385,,,,,,,,,0,0,0,0,0,0,0,0,0,,,-0.019030,0.779001,
451386,,,,,,,,,0,0,0,0,0,0,0,0,0,,,-0.019030,0.779001,
451387,0.5454079659,,,,,,-0.699808029,,1,0,0,0,0,0,1,0,2,0.5,-0.077200032,-0.019030,0.779001,-0.074672631
451389,,,,,,,,,0,0,0,0,0,0,0,0,0,,,-0.019030,0.779001,
451390,,,,,,,,,0,0,0,0,0,0,0,0,0,,,-0.019030,0.779001,
451391,,,,,,,,,0,0,0,0,0,0,0,0,0,,,-0.019030,0.779001,
451392,,,,,,,1.0249376044,,0,0,0,0,0,0,1,0,1,1,1.0249376044,-0.019030,0.779001,1.3401372048
451393,,,,,,,,,0,0,0,0,0,0,0,0,0,,,-0.019030,0.779001,
451394,,,,,,,,,0,0,0,0,0,0,0,0,0,,,-0.019030,0.779001,
451395,,,,,,,1.0249376044,,0,0,0,0,0,0,1,0,1,1,1.0249376044,-0.019030,0.779001,1.3401372048
451396,,,,,,,,,0,0,0,0,0,0,0,0,0,,,-0.019030,0.779001,
451397,,,,,,,,,0,0,0,0,0,0,0,0,0,,,-0.019030,0.779001,
451398,,,,,,,,,0,0,0,0,0,0,0,0,0,,,-0.019030,0.779001,
451399,,,,,,,,,0,0,0,0,0,0,0,0,0,,,-0.019030,0.779001,
460001,0.5454079659,0.4544985759,0.2985301336,0.5808171812,1.1084136071,1.1916109066,0.4722821276,1.7747364241,1,1,1,1,1,1,1,1,8,0.125,0.8032871152,-0.019030,0.779001,1.0556053262
460003,-1.44776668,0.3743284874,-0.964831063,,,,-3.925934375,0.1030011909,1,1,1,0,0,0,1,1,5,0.2,-1.172240488,-0.019030,0.779001,-1.480371843
460004,0.0854445862,0.3023112893,1.0287769037,-0.11602071,,0.7737618238,0.4999149015,1.397247823,1,1,1,1,0,1,1,1,7,0.1428571429,0.5673480883,-0.019030,0.779001,0.7527313067
460005,-0.221197667,0.3933518982,0.375668877,-0.673758522,,-2.175288434,-0.266894573,0.750124507,1,1,1,1,0,1,1,1,7,0.1428571429,-0.259713416,-0.019030,0.779001,-0.308964359
460006,0.3920868393,0.0957714002,0.0208306577,0.2678420057,1.1084136071,1.1916109066,-0.676780718,1.289393937,1,1,1,1,1,1,1,1,8,0.125,0.4611460795,-0.019030,0.779001,0.6164001974
460007,,,,,,,1.0249376044,0.3187089629,0,0,0,0,0,0,1,1,2,0.5,0.6718232836,-0.019030,0.779001,0.8868457123
460009,0.2387657127,-0.156968201,-1.045398194,0.1528169411,-0.94783573,0.0521686,-0.527103193,0.80405145,1,1,1,1,1,1,1,1,8,0.125,-0.178687827,-0.019030,0.779001,-0.204952122
460010,,-0.060492332,0.5967999411,0.2089919726,-1.229315257,0.1164530743,-0.158666208,0.5344167349,0,1,1,1,1,1,1,1,7,0.1428571429,0.0011697037,-0.019030,0.779001,0.0259302968
460011,0.5454079659,,,,,,-1.567937674,-0.382341296,1,0,0,0,0,0,1,1,3,0.3333333333,-0.468290335,-0.019030,0.779001,-0.576713745
460013,-0.06787654,,,,,,1.0249376044,0.750124507,1,0,0,0,0,0,1,1,3,0.3333333333,0.569061857,-0.019030,0.779001,0.754931265
460014,,,,,,,,0.3187089629,0,0,0,0,0,0,0,1,1,1,0.3187089629,-0.019030,0.779001,0.4335542198
460015,,0.9776423739,1.0287769037,1.149255,,,-0.253078186,0.3726359059,0,1,1,1,0,0,1,1,5,0.2,0.6550463996,-0.019030,0.779001,0.8653092909
460017,,,,,,,,0.2108550769,0,0,0,0,0,0,0,1,1,1,0.2108550769,-0.019030,0.779001,0.2951026021
460019,-1.141124426,,,,,,1.0249376044,0.1030011909,1,0,0,0,0,0,1,1,3,0.3333333333,-0.00439521,-0.019030,0.779001,0.018786638
460021,-1.601087806,0.7765377451,1.0287769037,0.5059171392,-1.953711098,0.4201972152,0.748609866,0.80405145,1,1,1,1,1,1,1,1,8,0.125,0.0911614269,-0.019030,0.779001,0.141452325
460023,,,1.0287769037,1.149255,,,0.3364209896,0.1030011909,0,0,1,1,0,0,1,1,4,0.25,0.6543635211,-0.019030,0.779001,0.8644326824
460026,,,,,,,,0.2108550769,0,0,0,0,0,0,0,1,1,1,0.2108550769,-0.019030,0.779001,0.2951026021
46002F,-0.06787654,-0.561895089,-1.67793589,,,,,-0.27448741,1,1,1,0,0,0,0,1,4,0.25,-0.645548732,-0.019030,0.779001,-0.804259667
460030,,,,,,,1.0249376044,0.1030011909,0,0,0,0,0,0,1,1,2,0.5,0.5639693976,-0.019030,0.779001,0.7483940946
460039,,,,,,,,,0,0,0,0,0,0,0,0,0,,,-0.019030,0.779001,
460041,0.3920868393,,-0.291152704,0.2852295154,1.1084136071,,-2.046905754,-1.460880156,1,0,1,1,1,0,1,1,6,0.1666666667,-0.335534775,-0.019030,0.779001,-0.406295945
460042,,,,,,,1.0249376044,0.857978393,0,0,0,0,0,0,1,1,2,0.5,0.9414579987,-0.019030,0.779001,1.2329747567
460043,,,,,,,,,0,0,0,0,0,0,0,0,0,,,-0.019030,0.779001,
460044,-0.374518794,,,,,,0.0946342185,0.3187089629,1,0,0,0,0,0,1,1,3,0.3333333333,0.0129414626,-0.019030,0.779001,0.0410416583
460047,0.3920868393,0.3743284874,1.0287769037,0.5768046789,0.6448002688,0.4957314725,0.3064854846,-0.436268239,1,1,1,1,1,1,1,1,8,0.125,0.422843237,-0.019030,0.779001,0.5672309861
460051,-0.374518794,0.9776423739,1.0287769037,,,-2.220287566,-0.004383221,0.965832279,1,1,1,0,0,1,1,1,6,0.1666666667,0.062176996,-0.019030,0.779001,0.1042451228
460052,-0.834482173,-1.044274435,,,,,1.0249376044,0.6422706209,1,1,0,0,0,0,1,1,4,0.25,-0.052887096,-0.019030,0.779001,-0.043462208
460054,,,,,,,,0.2108550769,0,0,0,0,0,0,0,1,1,1,0.2108550769,-0.019030,0.779001,0.2951026021
460057,1.0053713456,,,,,,1.0249376044,0.3187089629,1,0,0,0,0,0,1,1,3,0.3333333333,0.783005971,-0.019030,0.779001,1.0295704995
460058,,,,,0.0777018105,,-0.207023563,0.2108550769,0,0,0,0,1,0,1,1,3,0.3333333333,0.0271777749,-0.019030,0.779001,0.0593167576
460060,,,,,1.1084136071,,1.0249376044,-0.112706581,0,0,0,0,1,0,1,1,3,0.3333333333,0.6735482101,-0.019030,0.779001,0.8890599937
460061,,,,,,,-2.21961059,0.2647820199,0,0,0,0,0,0,1,1,2,0.5,-0.977414285,-0.019030,0.779001,-1.230274198
460062,,,,,,,-0.623817901,-0.004852695,0,0,0,0,0,0,1,1,2,0.5,-0.314335298,-0.019030,0.779001,-0.379082258
461300,,,,,,,,,0,0,0,0,0,0,0,0,0,,,-0.019030,0.779001,
461301,,,,,,,,,0,0,0,0,0,0,0,0,0,,,-0.019030,0.779001,
461302,,,,,,,,,0,0,0,0,0,0,0,0,0,,,-0.019030,0.779001,
461303,,,,,,,,,0,0,0,0,0,0,0,0,0,,,-0.019030,0.779001,
461304,1.0053713456,,,,,,,,1,0,0,0,0,0,0,0,1,1,1.0053713456,-0.019030,0.779001,1.3150200737
461305,,,,,,,,,0,0,0,0,0,0,0,0,0,,,-0.019030,0.779001,
461306,-0.834482173,,,,,,,,1,0,0,0,0,0,0,0,1,1,-0.834482173,-0.019030,0.779001,-1.046792797
461307,,,,,,,,,0,0,0,0,0,0,0,0,0,,,-0.019030,0.779001,
461308,0.2387657127,,,,,,,,1,0,0,0,0,0,0,0,1,1,0.2387657127,-0.019030,0.779001,0.3309313777
461309,,,,,,,,,0,0,0,0,0,0,0,0,0,,,-0.019030,0.779001,
461310,,,,,,,,,0,0,0,0,0,0,0,0,0,,,-0.019030,0.779001,
461333,,,,,,,,,0,0,0,0,0,0,0,0,0,,,-0.019030,0.779001,
461335,,,,,,,,,0,0,0,0,0,0,0,0,0,,,-0.019030,0.779001,
470001,0.2387657127,,-0.846551656,,,,-2.682459552,-3.078688447,1,0,1,0,0,0,1,1,4,0.25,-1.592233486,-0.019030,0.779001,-2.019515235
470003,-1.141124426,-0.060492332,-0.839694879,-1.79190915,-0.23275355,0.0923463964,-0.536314117,-2.323711244,1,1,1,1,1,1,1,1,8,0.125,-0.854206663,-0.019030,0.779001,-1.072113048
470005,-2.214372312,0.1093595508,-1.309384116,-0.531983443,,-1.212628431,-0.810339125,-1.676587928,1,1,1,1,0,1,1,1,7,0.1428571429,-1.092276544,-0.019030,0.779001,-1.377722436
470011,-0.06787654,,,,,,-0.207023563,0.2647820199,1,0,0,0,0,0,1,1,3,0.3333333333,-0.003372694,-0.019030,0.779001,0.0200992379
470012,0.2387657127,,,,,,0.1268724547,0.750124507,1,0,0,0,0,0,1,1,3,0.3333333333,0.3719208914,-0.019030,0.779001,0.5018621674
47001F,0.2387657127,,,,,,,0.0490742479,1,0,0,0,0,0,0,1,2,0.5,0.1439199803,-0.019030,0.779001,0.2091782766
470024,,,-0.330579173,,,,-1.683074232,-0.867683783,0,0,1,0,0,0,1,1,3,0.3333333333,-0.960445729,-0.019030,0.779001,-1.208491728
471300,,,,,,,,,0,0,0,0,0,0,0,0,0,,,-0.019030,0.779001,
471301,0.6987290924,,,,,,,,1,0,0,0,0,0,0,0,1,1,0.6987290924,-0.019030,0.779001,0.9213845953
471302,,,,,,,-2.081446721,,0,0,0,0,0,0,1,0,1,1,-2.081446721,-0.019030,0.779001,-2.64751638
471303,,,1.0287769037,,,,-3.799284161,,0,0,1,0,0,0,1,0,2,0.5,-1.385253629,-0.019030,0.779001,-1.753815991
471304,,,,,,,1.0249376044,,0,0,0,0,0,0,1,0,1,1,1.0249376044,-0.019030,0.779001,1.3401372048
471305,1.3120135987,,,,,,1.0249376044,,1,0,0,0,0,0,1,0,2,0.5,1.1684756016,-0.019030,0.779001,1.5243963784
471306,,,,,,,-0.877118328,,0,0,0,0,0,0,1,0,1,1,-0.877118328,-0.019030,0.779001,-1.101524664
471307,-0.06787654,,,,,,-0.483351301,,1,0,0,0,0,0,1,0,2,0.5,-0.275613921,-0.019030,0.779001,-0.329375775
480001,,,-0.214013961,,,,1.0249376044,,0,0,1,0,0,0,1,0,2,0.5,0.4054618218,-0.019030,0.779001,0.5449185304
480002,,,,,,,,,0,0,0,0,0,0,0,0,0,,,-0.019030,0.779001,
490002,,,,,,,1.0249376044,,0,0,0,0,0,0,1,0,1,1,1.0249376044,-0.019030,0.779001,1.3401372048
490004,-1.754408933,-0.108050859,-0.286010121,-0.198945756,,-0.373716042,0.4078056553,0.5344167349,1,1,1,1,0,1,1,1,7,0.1428571429,-0.254129903,-0.019030,0.779001,-0.301796824
490005,-0.374518794,-0.609453616,0.0379726006,0.3414045469,,0.7255484681,0.3041827535,0.3187089629,1,1,1,1,0,1,1,1,7,0.1428571429,0.1062635604,-0.019030,0.779001,0.1608388755
490007,,0.4381927952,0.7802187308,0.2049794704,,-0.150327494,0.327210065,-1.137318498,0,1,1,1,0,1,1,1,6,0.1666666667,0.0771591782,-0.019030,0.779001,0.1234776923
490009,0.3920868393,-0.283338001,-0.227727515,-0.29524581,0.1335837753,0.1019890676,0.2351008189,0.1030011909,1,1,1,1,1,1,1,1,8,0.125,0.0199312956,-0.019030,0.779001,0.05001448
490013,,,,,,,1.0249376044,-0.598049068,0,0,0,0,0,0,1,1,2,0.5,0.2134442681,-0.019030,0.779001,0.2984263369
490017,-1.141124426,-0.142021235,1.0287769037,-0.804833596,,1.1916109066,1.0249376044,0.965832279,1,1,1,1,0,1,1,1,7,0.1428571429,0.3033112052,-0.019030,0.779001,0.4137881776
490018,1.7719769784,-0.171915167,-0.33743595,0.2344044869,0.2339643419,-1.567800152,0.4055029242,-0.27448741,1,1,1,1,1,1,1,1,8,0.125,0.0367762566,-0.019030,0.779001,0.0716382915
490019,,,,1.149255,,,0.6841333937,0.2647820199,0,0,0,1,0,0,1,1,3,0.3333333333,0.6993901379,-0.019030,0.779001,0.9222331768
490020,,-0.151532941,1.0287769037,1.149255,,,1.0249376044,0.0490742479,0,1,1,1,0,0,1,1,5,0.2,0.6201021631,-0.019030,0.779001,0.8204515092
490021,0.6987290924,0.3172582549,-0.450572774,0.7720797885,0.2712189851,0.3639483002,0.5022176326,-2.647272902,1,1,1,1,1,1,1,1,8,0.125,-0.021549203,-0.019030,0.779001,-0.003233876
490022,1.0053713456,0.3892754531,0.5248037807,-0.451733398,,-1.056738581,0.3295127961,-2.215857358,1,1,1,1,0,1,1,1,7,0.1428571429,-0.210766566,-0.019030,0.779001,-0.246131476
490023,-1.141124426,,,,,,1.0249376044,-0.436268239,1,0,0,0,0,0,1,1,3,0.3333333333,-0.184151687,-0.019030,0.779001,-0.211966058
490024,0.6987290924,0.1215888863,0.0499719607,0.0137168631,1.1084136071,0.1389526403,-0.167877133,-0.220560467,1,1,1,1,1,1,1,1,8,0.125,0.2178669312,-0.019030,0.779001,0.3041036925
490032,0.2387657127,-0.209961988,0.4596643975,-0.334033332,0.5278620831,-0.627639716,-0.027410533,1.451174766,1,1,1,1,1,1,1,1,8,0.125,0.1848026739,-0.019030,0.779001,0.2616592328
490033,,,,,,,-0.124125241,-0.328414353,0,0,0,0,0,0,1,1,2,0.5,-0.226269797,-0.019030,0.779001,-0.266032914
490037,,,,,,,1.0249376044,0.3726359059,0,0,0,0,0,0,1,1,2,0.5,0.6987867551,-0.019030,0.779001,0.9214586167
490038,,,,,,,,0.2108550769,0,0,0,0,0,0,0,1,1,1,0.2108550769,-0.019030,0.779001,0.2951026021
490040,-0.374518794,0.4843925072,0.7030799875,1.149255,,0.1694877655,0.974277519,0.80405145,1,1,1,1,0,1,1,1,7,0.1428571429,0.5585750622,-0.019030,0.779001,0.741469407
490041,-0.221197667,,1.0287769037,0.2451044929,,,0.7923617579,0.911905336,1,0,1,1,0,0,1,1,5,0.2,0.5513901647,-0.019030,0.779001,0.7322461817
490042,,0.0509305032,-1.391665442,0.4243295934,,1.1916109066,0.3525401077,-1.35302627,0,1,1,1,0,1,1,1,6,0.1666666667,-0.1208801,-0.019030,0.779001,-0.130744566
490043,0.6987290924,-1.303808111,-0.759127747,-0.739296059,,1.1916109066,0.6841333937,0.965832279,1,1,1,1,0,1,1,1,7,0.1428571429,0.1054391077,-0.019030,0.779001,0.1597805288
490044,-0.374518794,0.6189151981,0.4836631176,0.1140294194,0.5423499999,-0.542462787,0.5068230949,0.2647820199,1,1,1,1,1,1,1,1,8,0.125,0.2016976587,-0.019030,0.779001,0.2833472596
490045,,0.9776423739,1.0287769037,,,1.1916109066,0.9074983156,1.181540051,0,1,1,0,0,1,1,1,5,0.2,1.0574137102,-0.019030,0.779001,1.3818266566
490046,0.0854445862,0.6950088415,0.4373798716,0.6650797285,,-0.733709098,0.7370962102,0.4265628489,1,1,1,1,0,1,1,1,7,0.1428571429,0.3304089984,-0.019030,0.779001,0.4485735103
490048,-0.06787654,-0.389325576,-0.100877137,0.6690922307,,-0.401036944,0.6242623837,1.235466994,1,1,1,1,0,1,1,1,7,0.1428571429,0.2242436301,-0.019030,0.779001,0.3122894363
490050,0.2387657127,0.31861707,-0.088877777,0.0150543639,0.0756321081,0.4169829915,0.0739096381,-0.004852695,1,1,1,1,1,1,1,1,8,0.125,0.1306539265,-0.019030,0.779001,0.1921486945
490052,,0.7493614439,0.6859380445,0.3280295394,0.1853263354,0.2739500362,0.3916865373,0.80405145,0,1,1,1,1,1,1,1,7,0.1428571429,0.4883347695,-0.019030,0.779001,0.651302214
490053,,-0.106692044,0.5985141354,0.4724796204,,0.2819855955,0.4262275046,-0.490195182,0,1,1,1,0,1,1,1,6,0.1666666667,0.1970532717,-0.019030,0.779001,0.277385278
490057,,0.5414627397,0.3465275739,-0.000995645,,0.5198381504,0.5620886426,0.4265628489,0,1,1,1,0,1,1,1,6,0.1666666667,0.3992473851,-0.019030,0.779001,0.536941082
490059,0.3920868393,-0.333614159,0.4236663173,-1.492308982,-1.129969542,-0.642103722,0.7117661676,-0.598049068,1,1,1,1,1,1,1,1,8,0.125,-0.333565769,-0.019030,0.779001,-0.403768339
490060,,-0.0305984,-3.575548975,,,,1.0249376044,-0.220560467,0,1,1,0,0,0,1,1,4,0.25,-0.70044256,-0.019030,0.779001,-0.874726661
490063,0.2387657127,0.0509305032,-0.238012681,0.5085921407,0.2939857115,0.5294808215,-0.292224615,0.3726359059,1,1,1,1,1,1,1,1,8,0.125,0.1830191874,-0.019030,0.779001,0.2593697781
490066,-0.9878033,0.2343705363,-1.180819544,1.149255,,,1.0249376044,0.857978393,1,1,1,1,0,0,1,1,6,0.1666666667,0.1829864483,-0.019030,0.779001,0.259327751
490067,,-0.81191706,0.0499719607,-3.248447467,,0.5198381504,0.35714557,-0.705902954,0,1,1,1,0,1,1,1,6,0.1666666667,-0.6398853,-0.019030,0.779001,-0.79698954
490069,0.3920868393,0.295517214,-0.164302326,-0.606883485,,0.8091182846,0.8176918006,0.5883436779,1,1,1,1,0,1,1,1,7,0.1428571429,0.3045102865,-0.019030,0.779001,0.4153274336
49006F,0.852050219,,,,,,,1.073686165,1,0,0,0,0,0,0,1,2,0.5,0.962868192,-0.019030,0.779001,1.2604589393
490075,-2.521014566,0.3485110013,0.0928268181,1.149255,,1.1916109066,0.5459695245,0.3187089629,1,1,1,1,0,1,1,1,7,0.1428571429,0.1608382354,-0.019030,0.779001,0.2308961755
490077,-0.221197667,0.5292334042,-3.385273409,0.6704297315,,0.4410896694,0.4446493538,0.4804897919,1,1,1,1,0,1,1,1,7,0.1428571429,-0.148654161,-0.019030,0.779001,-0.16639802
490084,0.0854445862,,,,,,0.1452943039,-0.112706581,1,0,0,0,0,0,1,1,3,0.3333333333,0.039344103,-0.019030,0.779001,0.074934626
490088,,,,,,,1.0249376044,0.3726359059,0,0,0,0,0,0,1,1,2,0.5,0.6987867551,-0.019030,0.779001,0.9214586167
490089,,,,,,,1.0249376044,0.3187089629,0,0,0,0,0,0,1,1,2,0.5,0.6718232836,-0.019030,0.779001,0.8868457123
490090,,,,1.149255,,,0.4884012457,-0.921610726,0,0,0,1,0,0,1,1,3,0.3333333333,0.2386818398,-0.019030,0.779001,0.3308237104
490092,,,,,,,1.0249376044,0.3726359059,0,0,0,0,0,0,1,1,2,0.5,0.6987867551,-0.019030,0.779001,0.9214586167
490093,,0.4979806578,0.6516541586,0.6704297315,,1.1916109066,0.5620886426,0.5344167349,0,1,1,1,0,1,1,1,6,0.1666666667,0.6846968053,-0.019030,0.779001,0.9033714025
490094,,,,,,,1.0249376044,,0,0,0,0,0,0,1,0,1,1,1.0249376044,-0.019030,0.779001,1.3401372048
490097,,,,,,,,,0,0,0,0,0,0,0,0,0,,,-0.019030,0.779001,
490098,,,-2.644741473,,,,1.0249376044,0.2647820199,0,0,1,0,0,0,1,1,3,0.3333333333,-0.451673949,-0.019030,0.779001,-0.555383355
490101,0.0854445862,0.9776423739,-0.601421872,0.7881297975,,1.1916109066,0.5736022984,1.235466994,1,1,1,1,0,1,1,1,7,0.1428571429,0.6072107264,-0.019030,0.779001,0.8039028216
490104,,,,,,,,,0,0,0,0,0,0,0,0,0,,,-0.019030,0.779001,
490107,0.6987290924,0.9776423739,1.0287769037,-0.458420902,,0.3800194188,0.4400438915,1.9365172531,1,1,1,1,0,1,1,1,7,0.1428571429,0.7147582903,-0.019030,0.779001,0.9419612148
49010F,0.6987290924,0.6284269036,0.6807954617,,,,,-0.759829897,1,1,1,0,0,0,0,1,4,0.25,0.3120303901,-0.019030,0.779001,0.4249809617
490110,-0.52783992,0.9776423739,0.1802507272,0.4684671182,,1.1916109066,-0.036621457,0.965832279,1,1,1,1,0,1,1,1,7,0.1428571429,0.4599060039,-0.019030,0.779001,0.6148083172
490111,0.5454079659,,,,,,1.0249376044,-0.382341296,1,0,0,0,0,0,1,1,3,0.3333333333,0.3960014247,-0.019030,0.779001,0.5327742551
490112,1.3120135987,0.136535852,0.4682353689,0.742654772,0.7927839906,0.2000228908,0.838416381,-0.058779638,1,1,1,1,1,1,1,1,8,0.125,0.553985402,-0.019030,0.779001,0.7355776778
490113,,0.6719089855,0.3962392085,0.4015920807,,1.1916109066,1.0249376044,-0.004852695,0,1,1,1,0,1,1,1,6,0.1666666667,0.6135726817,-0.019030,0.779001,0.8120696392
490114,,,,-2.245321904,,,0.0762123693,0.2647820199,0,0,0,1,0,0,1,1,3,0.3333333333,-0.634775838,-0.019030,0.779001,-0.790430544
490115,,,,,,,1.0249376044,0.0490742479,0,0,0,0,0,0,1,1,2,0.5,0.5370059261,-0.019030,0.779001,0.7137811901
490116,,,,,,,-0.957713918,0.3187089629,0,0,0,0,0,0,1,1,2,0.5,-0.319502478,-0.019030,0.779001,-0.385715347
490117,,,,,,,,,0,0,0,0,0,0,0,0,0,,,-0.019030,0.779001,
490118,0.3920868393,0.6338621638,1.0287769037,1.149255,1.1084136071,0.3848407544,0.868351886,1.8286633671,1,1,1,1,1,1,1,1,8,0.125,0.9242813152,-0.019030,0.779001,1.2109251143
490119,0.3920868393,0.2710585429,0.1648229786,-0.994758703,,0.0280619221,0.6334733084,0.5344167349,1,1,1,1,0,1,1,1,7,0.1428571429,0.1470230891,-0.019030,0.779001,0.2131617254
49011F,-1.141124426,-0.276543926,-0.157445549,,,,,-0.004852695,1,1,1,0,0,0,0,1,4,0.25,-0.394991649,-0.019030,0.779001,-0.482620505
490120,-2.214372312,0.2452410567,0.265960442,1.149255,0.2360340443,-0.19854085,0.3939892684,-0.81375684,1,1,1,1,1,1,1,1,8,0.125,-0.117023774,-0.019030,0.779001,-0.125794215
490122,1.0053713456,0.9776423739,0.1716797557,,,-1.423160085,-0.674477987,0.0490742479,1,1,1,0,0,1,1,1,6,0.1666666667,0.0176882753,-0.019030,0.779001,0.0471351234
490126,,,,,,,-0.36130655,0.2647820199,0,0,0,0,0,0,1,1,2,0.5,-0.048262265,-0.019030,0.779001,-0.037525331
490127,,,,,,,-0.213931756,0.1030011909,0,0,0,0,0,0,1,1,2,0.5,-0.055465283,-0.019030,0.779001,-0.046771817
490130,-0.681161047,,,,,,-0.246169992,0.3187089629,1,0,0,0,0,0,1,1,3,0.3333333333,-0.202874025,-0.019030,0.779001,-0.235999852
490136,-1.907730059,0.2343705363,0.1699655614,-1.117808772,,1.1916109066,0.5321531376,0.5883436779,1,1,1,1,0,1,1,1,7,0.1428571429,-0.04415643,-0.019030,0.779001,-0.032254687
490140,,,,,,,0.7578207906,0.4265628489,0,0,0,0,0,0,1,1,2,0.5,0.5921918198,-0.019030,0.779001,0.7846231091
490141,-0.221197667,0.9776423739,1.0287769037,,,-1.65297708,1.0249376044,0.4804897919,1,1,1,0,0,1,1,1,6,0.1666666667,0.2729453211,-0.019030,0.779001,0.3748076093
490143,-0.681161047,,,,,,1.0249376044,0.1569281339,1,0,0,0,0,0,1,1,3,0.3333333333,0.1669015639,-0.019030,0.779001,0.2386796468
490144,0.5454079659,,1.0287769037,1.149255,,,1.0249376044,0.80405145,1,0,1,1,0,0,1,1,5,0.2,0.9104857848,-0.019030,0.779001,1.1932158451
490145,,,,,,,1.0249376044,0.6422706209,0,0,0,0,0,0,1,1,2,0.5,0.8336041127,-0.019030,0.779001,1.0945231389
491300,,,,,,,,,0,0,0,0,0,0,0,0,0,,,-0.019030,0.779001,
491302,,,,,,,0.0900287562,,0,0,0,0,0,0,1,0,1,1,0.0900287562,-0.019030,0.779001,0.13999832
491303,,,,,,,,,0,0,0,0,0,0,0,0,0,,,-0.019030,0.779001,
491304,,,,,,,-0.064254231,,0,0,0,0,0,0,1,0,1,1,-0.064254231,-0.019030,0.779001,-0.058054156
491305,,,,,,,1.0249376044,,0,0,0,0,0,0,1,0,1,1,1.0249376044,-0.019030,0.779001,1.3401372048
491307,,,,,,,1.0249376044,,0,0,0,0,0,0,1,0,1,1,1.0249376044,-0.019030,0.779001,1.3401372048
491308,,,,,,,1.0249376044,,0,0,0,0,0,0,1,0,1,1,1.0249376044,-0.019030,0.779001,1.3401372048
491309,,,,,,,,,0,0,0,0,0,0,0,0,0,,,-0.019030,0.779001,
500002,0.0854445862,0.3349228507,-0.48485666,,,1.1916109066,0.7532153283,0.911905336,1,1,1,0,0,1,1,1,6,0.1666666667,0.4653737247,-0.019030,0.779001,0.6218272092
500003,-0.221197667,-0.419219507,-1.497945489,-0.184233248,,1.1916109066,0.1959543893,-0.220560467,1,1,1,1,0,1,1,1,7,0.1428571429,-0.16508444,-0.019030,0.779001,-0.187489507
500005,2.2319403581,0.0794656195,0.8419297255,0.1488044389,1.1084136071,0.8348320743,0.1936516581,1.181540051,1,1,1,1,1,1,1,1,8,0.125,0.8275721916,-0.019030,0.779001,1.0867799851
500007,0.3920868393,,,,,,1.0249376044,-0.112706581,1,0,0,0,0,0,1,1,3,0.3333333333,0.4347726208,-0.019030,0.779001,0.5825446902
500008,-1.294445553,-0.325461268,-1.720790747,-0.454408399,0.209127913,-0.789958013,-1.455103848,-0.166633524,1,1,1,1,1,1,1,1,8,0.125,-0.74970918,-0.019030,0.779001,-0.937970032
500011,,0.9776423739,-0.639134146,1.149255,,-0.30300312,0.0831205628,0.4804897919,0,1,1,1,0,1,1,1,6,0.1666666667,0.291395077,-0.019030,0.779001,0.3984914898
500014,1.6186558519,0.0631598388,-0.656276089,-0.38485836,-0.238962657,0.322163392,0.2258898942,-0.220560467,1,1,1,1,1,1,1,1,8,0.125,0.0911514253,-0.019030,0.779001,0.141439486
500015,,0.1501240026,-1.465375797,1.149255,,1.1916109066,0.1522024973,-0.328414353,0,1,1,1,0,1,1,1,6,0.1666666667,0.1415670427,-0.019030,0.779001,0.2061578197
500016,0.852050219,0.9776423739,0.2008210588,-0.630958498,,1.1916109066,0.1683216154,0.2647820199,1,1,1,1,0,1,1,1,7,0.1428571429,0.4320385279,-0.019030,0.779001,0.5790349456
500019,0.852050219,0.9776423739,1.0287769037,-0.8115211,,,0.2166789696,0.3187089629,1,1,1,1,0,0,1,1,6,0.1666666667,0.4303893882,-0.019030,0.779001,0.5769179514
500021,0.0854445862,0.9776423739,1.0287769037,,,1.1916109066,0.8545354991,0.4265628489,1,1,1,0,0,1,1,1,6,0.1666666667,0.7607621864,-0.019030,0.779001,1.0010162389
500024,0.6987290924,0.2547527622,0.2162488074,-0.461095903,-0.045445483,0.4201972152,0.4492548161,-1.137318498,1,1,1,1,1,1,1,1,8,0.125,0.0494153512,-0.019030,0.779001,0.0878630485
500025,,0.0577245785,-0.599707677,,,0.7978685016,-0.395847517,-0.975537669,0,1,1,0,0,1,1,1,5,0.2,-0.223099957,-0.019030,0.779001,-0.261963802
500026,,-0.423295953,-0.087163583,0.4229920927,,0.5375163808,0.041671402,-0.058779638,0,1,1,1,0,1,1,1,6,0.1666666667,0.0721567836,-0.019030,0.779001,0.1170561377
500027,-0.834482173,-0.382531501,-0.683703198,-0.642996005,0.7162050017,0.3639483002,0.2443117435,0.3726359059,1,1,1,1,1,1,1,1,8,0.125,-0.105826491,-0.019030,0.779001,-0.111420306
500030,0.3920868393,0.3009524742,0.190535893,-0.784771085,,0.3880549781,0.0969369497,1.6668825381,1,1,1,1,0,1,1,1,7,0.1428571429,0.3215255125,-0.019030,0.779001,0.4371698137
500031,0.6987290924,,1.0287769037,,,,-0.395847517,0.80405145,1,0,1,0,0,0,1,1,4,0.25,0.5339274823,-0.019030,0.779001,0.7098294036
500033,0.5454079659,,,,,,-1.572543136,-0.759829897,1,0,0,0,0,0,1,1,3,0.3333333333,-0.595655023,-0.019030,0.779001,-0.740211304
500036,,-0.551024568,0.1322532869,0.0484918826,,-1.037453239,0.433135698,0.3187089629,0,1,1,1,0,1,1,1,6,0.1666666667,-0.109314663,-0.019030,0.779001,-0.115898059
500037,,,,,,,,,0,0,0,0,0,0,0,0,0,,,-0.019030,0.779001,
500039,-0.374518794,-0.003422099,-0.078592611,0.5875046849,,0.8798312063,-0.312949196,0.965832279,1,1,1,1,0,1,1,1,7,0.1428571429,0.2376693529,-0.019030,0.779001,0.3295239849
500041,0.0854445862,0.3444345561,1.0287769037,-2.789684709,,0.2562718058,0.8245999941,-0.705902954,1,1,1,1,0,1,1,1,7,0.1428571429,-0.136579974,-0.019030,0.779001,-0.150898433
500044,-0.52783992,0.5890212668,0.862500057,0.6369922127,,0.3880549781,-0.294527346,-1.460880156,1,1,1,1,0,1,1,1,7,0.1428571429,0.0276172988,-0.019030,0.779001,0.0598809727
500050,2.6919037378,-0.218114879,0.4373798716,-0.103983203,,-0.418715174,0.1383861104,1.019759222,1,1,1,1,0,1,1,1,7,0.1428571429,0.5066593838,-0.019030,0.779001,0.6748254506
500051,,-0.745335122,-1.041969806,-1.93502173,-3.102395931,0.6371573159,0.0623959824,-0.867683783,0,1,1,1,1,1,1,1,7,0.1428571429,-0.998979011,-0.019030,0.779001,-1.257956753
500052,,,,,,,,-0.004852695,0,0,0,0,0,0,0,1,1,1,-0.004852695,-0.019030,0.779001,0.0181993666
500053,,,0.3859540427,,,,0.1406888416,-0.651976011,0,0,1,0,0,0,1,1,3,0.3333333333,-0.041777709,-0.019030,0.779001,-0.029201131
500054,-0.9878033,0.457216206,0.4013817914,-1.091058757,-3.216229564,0.7705476001,-0.239261799,0.857978393,1,1,1,1,1,1,1,1,8,0.125,-0.380903679,-0.019030,0.779001,-0.464535831
500058,-1.601087806,0.2887231387,0.1476810356,0.0832669021,-0.765701919,0.6178719736,0.1890461958,-0.166633524,1,1,1,1,1,1,1,1,8,0.125,-0.15085425,-0.019030,0.779001,-0.169222267
500060,,,,-1.600646542,,,-7.532011361,0.2647820199,0,0,0,1,0,0,1,1,3,0.3333333333,-2.955958628,-0.019030,0.779001,-3.770123944
500064,,-1.049709695,-0.990543977,-2.140996845,,-1.699583324,-1.351480946,-0.220560467,0,1,1,1,0,1,1,1,6,0.1666666667,-1.242145876,-0.019030,0.779001,-1.57010912
500072,,0.1093595508,0.341384991,-1.490971481,,,0.2028625827,0.5883436779,0,1,1,1,0,0,1,1,5,0.2,-0.049804136,-0.019030,0.779001,-0.039504624
500077,-0.06787654,-0.272467481,-1.413949968,-0.930558667,,-0.325502686,0.1568079597,0.5344167349,1,1,1,1,0,1,1,1,7,0.1428571429,-0.331304378,-0.019030,0.779001,-0.400865401
500079,0.2387657127,0.6365797939,0.2505326934,1.149255,,0.4796603539,0.3801728815,-1.676587928,1,1,1,1,0,1,1,1,7,0.1428571429,0.2083397867,-0.019030,0.779001,0.2918737338
500084,,,,,,,,0.1569281339,0,0,0,0,0,0,0,1,1,1,0.1569281339,-0.019030,0.779001,0.2258767932
500088,,0.1161536261,0.4545218146,,,-0.80442202,-1.164959722,-3.456177048,0,1,1,0,0,1,1,1,5,0.2,-0.97097667,-0.019030,0.779001,-1.222010256
500108,,0.0020131611,0.219677196,1.010154922,1.1084136071,0.6130506381,0.3456319142,0.5344167349,0,1,1,1,1,1,1,1,7,0.1428571429,0.5476225962,-0.019030,0.779001,0.7274097686
500119,0.3920868393,0.9776423739,1.0287769037,1.149255,,,-0.469534914,-1.35302627,1,1,1,1,0,0,1,1,6,0.1666666667,0.2875333221,-0.019030,0.779001,0.3935341699
50011F,,,,,,,,,0,0,0,0,0,0,0,0,0,,,-0.019030,0.779001,
500124,0.6987290924,0.7656672246,-0.215728155,0.7881297975,,0.1566308707,-0.105703392,0.6422706209,1,1,1,1,0,1,1,1,7,0.1428571429,0.389999437,-0.019030,0.779001,0.5250695267
500129,1.0053713456,0.1582768929,-0.32543659,-0.091945696,-0.632206114,0.3768051951,-0.30143554,-0.27448741,1,1,1,1,1,1,1,1,8,0.125,-0.01063224,-0.019030,0.779001,0.0107801877
500139,0.2387657127,0.1460475574,0.2539610819,1.149255,,,0.8015726825,0.1569281339,1,1,1,1,0,0,1,1,6,0.1666666667,0.4577550281,-0.019030,0.779001,0.6120471178
500141,,0.3457933712,0.0653997094,1.149255,,1.1916109066,-0.354398356,-0.166633524,0,1,1,1,0,1,1,1,6,0.1666666667,0.3718378511,-0.019030,0.779001,0.5017555689
500150,0.2387657127,0.0563657635,-0.489999243,0.3293670402,,-0.071579013,-0.154060746,-0.490195182,1,1,1,1,0,1,1,1,7,0.1428571429,-0.083047952,-0.019030,0.779001,-0.082179584
500151,-0.374518794,0.9776423739,0.295101745,0.3628045589,,1.1916109066,0.7140688987,0.750124507,1,1,1,1,0,1,1,1,7,0.1428571429,0.5595477424,-0.019030,0.779001,0.7427180327
500152,,-0.215397248,0.3482417682,-0.296583311,,1.1916109066,-0.036621457,0.6961975639,0,1,1,1,0,1,1,1,6,0.1666666667,0.2812413704,-0.019030,0.779001,0.3854572157
500154,,,,,,,0.191348927,0.2108550769,0,0,0,0,0,0,1,1,2,0.5,0.2011020019,-0.019030,0.779001,0.2825826174
50030F,,0.4816748771,0.7459348449,,,,,-1.730514871,0,1,1,0,0,0,0,1,3,0.3333333333,-0.16763505,-0.019030,0.779001,-0.190763715
501302,,,,,,,,,0,0,0,0,0,0,0,0,0,,,-0.019030,0.779001,
501303,,,,,,,,,0,0,0,0,0,0,0,0,0,,,-0.019030,0.779001,
501304,,,,,,,,,0,0,0,0,0,0,0,0,0,,,-0.019030,0.779001,
501305,,,,,,,,,0,0,0,0,0,0,0,0,0,,,-0.019030,0.779001,
501307,,,,,,,,,0,0,0,0,0,0,0,0,0,,,-0.019030,0.779001,
501308,,,-1.916208897,,,,,,0,0,1,0,0,0,0,0,1,1,-1.916208897,-0.019030,0.779001,-2.435401222
501309,,,,,,,,,0,0,0,0,0,0,0,0,0,,,-0.019030,0.779001,
501310,,,,,,,,,0,0,0,0,0,0,0,0,0,,,-0.019030,0.779001,
501312,,,,,,,1.0249376044,,0,0,0,0,0,0,1,0,1,1,1.0249376044,-0.019030,0.779001,1.3401372048
501313,,,,,,,,,0,0,0,0,0,0,0,0,0,,,-0.019030,0.779001,
501314,,,,,,,,,0,0,0,0,0,0,0,0,0,,,-0.019030,0.779001,
501315,,,,,,,,,0,0,0,0,0,0,0,0,0,,,-0.019030,0.779001,
501316,,,,,,,,,0,0,0,0,0,0,0,0,0,,,-0.019030,0.779001,
501317,,,,,,,,,0,0,0,0,0,0,0,0,0,,,-0.019030,0.779001,
501318,,,,,,,,,0,0,0,0,0,0,0,0,0,,,-0.019030,0.779001,
501319,,,,,,,,,0,0,0,0,0,0,0,0,0,,,-0.019030,0.779001,
501320,,,,,,,,,0,0,0,0,0,0,0,0,0,,,-0.019030,0.779001,
501321,,,,,,,,,0,0,0,0,0,0,0,0,0,,,-0.019030,0.779001,
501322,,,,,,,,,0,0,0,0,0,0,0,0,0,,,-0.019030,0.779001,
501323,-0.06787654,,,,,,-0.349792894,,1,0,0,0,0,0,1,0,2,0.5,-0.208834717,-0.019030,0.779001,-0.243651569
501324,,,,,,,,,0,0,0,0,0,0,0,0,0,,,-0.019030,0.779001,
501325,,,,,,,,,0,0,0,0,0,0,0,0,0,,,-0.019030,0.779001,
501326,,,,,,,,,0,0,0,0,0,0,0,0,0,,,-0.019030,0.779001,
501327,,,,,,,,,0,0,0,0,0,0,0,0,0,,,-0.019030,0.779001,
501328,,,1.0287769037,,,,,,0,0,1,0,0,0,0,0,1,1,1.0287769037,-0.019030,0.779001,1.3450656985
501329,,,,,,,-0.064254231,,0,0,0,0,0,0,1,0,1,1,-0.064254231,-0.019030,0.779001,-0.058054156
501330,,,1.0287769037,,,,-3.45617722,,0,0,1,0,0,0,1,0,2,0.5,-1.213700158,-0.019030,0.779001,-1.533593462
501331,,,1.0287769037,,,,-4.909200577,,0,0,1,0,0,0,1,0,2,0.5,-1.940211837,-0.019030,0.779001,-2.466213704
501332,,,,,,,,,0,0,0,0,0,0,0,0,0,,,-0.019030,0.779001,
501333,,,,,,,-2.270270676,,0,0,0,0,0,0,1,0,1,1,-2.270270676,-0.019030,0.779001,-2.889908963
501334,,,,,,,,,0,0,0,0,0,0,0,0,0,,,-0.019030,0.779001,
501335,,,,,,,-0.363609281,,0,0,0,0,0,0,1,0,1,1,-0.363609281,-0.019030,0.779001,-0.44233508
501336,,,,,,,-2.908127205,,0,0,0,0,0,0,1,0,1,1,-2.908127205,-0.019030,0.779001,-3.708722931
501337,0.0854445862,,,,,,,,1,0,0,0,0,0,0,0,1,1,0.0854445862,-0.019030,0.779001,0.1341136386
501338,,,,,,,-2.825228884,,0,0,0,0,0,0,1,0,1,1,-2.825228884,-0.019030,0.779001,-3.602306675
501339,,,,,,,-2.115987689,,0,0,0,0,0,0,1,0,1,1,-2.115987689,-0.019030,0.779001,-2.691856487
501340,,,,,,,,,0,0,0,0,0,0,0,0,0,,,-0.019030,0.779001,
510001,0.852050219,-0.532001157,-0.471143105,0.2504544959,-1.132039244,-0.298181785,-0.105703392,-5.82896254,1,1,1,1,1,1,1,1,8,0.125,-0.908190814,-0.019030,0.779001,-1.141412294
510002,,,-0.707701918,,,,0.1084506054,0.2108550769,0,0,1,0,0,0,1,1,3,0.3333333333,-0.129465412,-0.019030,0.779001,-0.141765498
510006,0.852050219,-0.099897968,-0.263725595,0.8295923207,,0.88304543,0.2581281304,0.3726359059,1,1,1,1,0,1,1,1,7,0.1428571429,0.4045469203,-0.019030,0.779001,0.5437440749
510007,1.0053713456,0.5971741572,0.5796579982,-0.556058456,,0.2353793517,-0.844880092,-2.539419016,1,1,1,1,0,1,1,1,7,0.1428571429,-0.217539245,-0.019030,0.779001,-0.254825537
510008,1.1586924721,0.3389992959,-6.46225217,,,-1.296198248,-2.19888601,-0.436268239,1,1,1,0,0,1,1,1,6,0.1666666667,-1.48265215,-0.019030,0.779001,-1.878846097
510012,,,,,,,-0.704413492,-1.514807099,0,0,0,0,0,0,1,1,2,0.5,-1.109610295,-0.019030,0.779001,-1.399973707
510013,,,1.0287769037,,,,1.0249376044,-0.544122125,0,0,1,0,0,0,1,1,3,0.3333333333,0.503197461,-0.019030,0.779001,0.6703813937
510022,-0.221197667,-0.506183671,0.2145346131,-1.113796269,-0.916790194,-1.132272839,-0.119519779,-3.294396219,1,1,1,1,1,1,1,1,8,0.125,-0.886202753,-0.019030,0.779001,-1.113186306
510023,,-1.525294966,-0.743699998,1.149255,,-0.931383856,-0.464929452,0.0490742479,0,1,1,1,0,1,1,1,6,0.1666666667,-0.411163171,-0.019030,0.779001,-0.503379825
510024,-0.834482173,0.6284269036,0.6499399643,0.1916044629,,0.4218043271,-0.550130504,-0.382341296,1,1,1,1,0,1,1,1,7,0.1428571429,0.0178316692,-0.019030,0.779001,0.0473191976
510029,,,,,,,,,0,0,0,0,0,0,0,0,0,,,-0.019030,0.779001,
51002F,,,,,,,,0.3187089629,0,0,0,0,0,0,0,1,1,1,0.3187089629,-0.019030,0.779001,0.4335542198
510030,,,1.0287769037,,,,-0.365912012,-0.436268239,0,0,1,0,0,0,1,1,3,0.3333333333,0.0755322175,-0.019030,0.779001,0.1213891691
510031,,,,,,,1.0249376044,,0,0,0,0,0,0,1,0,1,1,1.0249376044,-0.019030,0.779001,1.3401372048
510038,0.3920868393,,,,,,-4.497011701,-1.406953213,1,0,0,0,0,0,1,1,3,0.3333333333,-1.837292692,-0.019030,0.779001,-2.334096794
51003F,0.3920868393,,,,,,,0.5883436779,1,0,0,0,0,0,0,1,2,0.5,0.4902152586,-0.019030,0.779001,0.6537161906
510046,0.852050219,-3.521394289,-0.699130947,-1.493646482,,-2.922595447,-1.008374004,-1.406953213,1,1,1,1,0,1,1,1,7,0.1428571429,-1.457149166,-0.019030,0.779001,-1.846108015
510048,,-0.222191324,-1.033398834,,,-0.280503554,-0.269197304,0.5344167349,0,1,1,0,0,1,1,1,5,0.2,-0.254174856,-0.019030,0.779001,-0.301854531
51004F,0.5454079659,,1.0287769037,,,,,0.6422706209,1,0,1,0,0,0,0,1,3,0.3333333333,0.7388184969,-0.019030,0.779001,0.9728472093
510050,-2.214372312,-0.24800881,-0.440287608,0.77475479,,0.6580497701,-0.969227574,-0.058779638,1,1,1,1,0,1,1,1,7,0.1428571429,-0.356838769,-0.019030,0.779001,-0.4336438
510055,-0.681161047,-0.373019795,-0.059736474,-0.334033332,0.0952942809,-0.870313606,0.3456319142,-0.112706581,1,1,1,1,1,1,1,1,8,0.125,-0.24875558,-0.019030,0.779001,-0.294897827
510058,-1.294445553,0.9776423739,-0.071735834,-0.93590867,1.1084136071,1.1916109066,-0.847182823,-0.598049068,1,1,1,1,1,1,1,1,8,0.125,-0.058706883,-0.019030,0.779001,-0.050933046
51005F,0.6987290924,,,,,,,0.6961975639,1,0,0,0,0,0,0,1,2,0.5,0.6974633282,-0.019030,0.779001,0.9197597387
510062,-1.907730059,-3.278166393,-1.050540777,,,,0.4446493538,-0.382341296,1,1,1,0,0,0,1,1,5,0.2,-1.234825834,-0.019030,0.779001,-1.560712411
510070,,0.7697436698,-0.945974925,,,0.6275146448,-0.989952155,-0.81375684,0,1,1,0,0,1,1,1,5,0.2,-0.270485121,-0.019030,0.779001,-0.322791955
510072,,,,,,,-6.166491787,,0,0,0,0,0,0,1,0,1,1,-6.166491787,-0.019030,0.779001,-7.891472985
510086,,,,,,,,0.1030011909,0,0,0,0,0,0,0,1,1,1,0.1030011909,-0.019030,0.779001,0.1566509843
510091,0.5454079659,,,,,,,0.1569281339,1,0,0,0,0,0,0,1,2,0.5,0.3511680499,-0.019030,0.779001,0.4752218247
510093,,,,,,,,,0,0,0,0,0,0,0,0,0,,,-0.019030,0.779001,
511300,,,,,,,,,0,0,0,0,0,0,0,0,0,,,-0.019030,0.779001,
511301,,,,,,,,,0,0,0,0,0,0,0,0,0,,,-0.019030,0.779001,
511303,,,,,,,,,0,0,0,0,0,0,0,0,0,,,-0.019030,0.779001,
511304,,,,,,,,,0,0,0,0,0,0,0,0,0,,,-0.019030,0.779001,
511306,,,,,,,,,0,0,0,0,0,0,0,0,0,,,-0.019030,0.779001,
511307,,,,,,,,,0,0,0,0,0,0,0,0,0,,,-0.019030,0.779001,
511308,,,,,,,,,0,0,0,0,0,0,0,0,0,,,-0.019030,0.779001,
511309,,,,,,,,,0,0,0,0,0,0,0,0,0,,,-0.019030,0.779001,
511310,,,,,,,-1.257068968,,0,0,0,0,0,0,1,0,1,1,-1.257068968,-0.019030,0.779001,-1.589265837
511311,,,,,,,,,0,0,0,0,0,0,0,0,0,,,-0.019030,0.779001,
511312,,,,,,,1.0249376044,,0,0,0,0,0,0,1,0,1,1,1.0249376044,-0.019030,0.779001,1.3401372048
511313,,,,,,,,,0,0,0,0,0,0,0,0,0,,,-0.019030,0.779001,
511314,,,,,,,,,0,0,0,0,0,0,0,0,0,,,-0.019030,0.779001,
511315,,,,,,,1.0249376044,,0,0,0,0,0,0,1,0,1,1,1.0249376044,-0.019030,0.779001,1.3401372048
511316,,,1.0287769037,,,,-0.794220007,,0,0,1,0,0,0,1,0,2,0.5,0.1172784486,-0.019030,0.779001,0.174978645
511317,0.5454079659,,,,,,-2.629496736,,1,0,0,0,0,0,1,0,2,0.5,-1.042044385,-0.019030,0.779001,-1.313239608
511318,,,,,,,,,0,0,0,0,0,0,0,0,0,,,-0.019030,0.779001,
511319,,,,,,,-1.683074232,,0,0,0,0,0,0,1,0,1,1,-1.683074232,-0.019030,0.779001,-2.136127151
511320,,,1.0287769037,,,,-0.179390789,,0,0,1,0,0,0,1,0,2,0.5,0.4246930575,-0.019030,0.779001,0.5696055936
511321,,,,,,,0.1291751858,,0,0,0,0,0,0,1,0,1,1,0.1291751858,-0.019030,0.779001,0.1902504408
511322,,,,,,,,,0,0,0,0,0,0,0,0,0,,,-0.019030,0.779001,
520002,,,,,,,-0.375122937,-1.514807099,0,0,0,0,0,0,1,1,2,0.5,-0.944965018,-0.019030,0.779001,-1.188619199
520004,,-0.351278754,1.0287769037,0.705204751,,1.1916109066,0.6334733084,1.073686165,0,1,1,1,0,1,1,1,6,0.1666666667,0.71357888,-0.019030,0.779001,0.9404472104
520008,,0.7439261836,0.4648069804,0.3962420777,1.1084136071,0.4507323405,-0.165574402,0.4265628489,0,1,1,1,1,1,1,1,7,0.1428571429,0.4893013766,-0.019030,0.779001,0.6525430438
520009,0.2387657127,-0.023804325,0.1785365329,-0.33135833,,1.1916109066,0.3893838061,-0.004852695,1,1,1,1,0,1,1,1,7,0.1428571429,0.2340402297,-0.019030,0.779001,0.3248652934
520011,,,,,,,0.4400438915,0.2108550769,0,0,0,0,0,0,1,1,2,0.5,0.3254494842,-0.019030,0.779001,0.442207001
520019,,,,,,,0.6012350722,-0.544122125,0,0,0,0,0,0,1,1,2,0.5,0.0285564735,-0.019030,0.779001,0.0610865876
520021,,0.1338182219,-0.378576613,-0.637646002,,0.355912741,-2.053813947,-0.921610726,0,1,1,1,0,1,1,1,6,0.1666666667,-0.583652721,-0.019030,0.779001,-0.724803996
520028,,,,1.149255,,,0.1729270777,0.857978393,0,0,0,1,0,0,1,1,3,0.3333333333,0.7267201569,-0.019030,0.779001,0.9573166169
52002F,,,,,,,,,0,0,0,0,0,0,0,0,0,,,-0.019030,0.779001,
520030,0.0854445862,0.6474503144,-0.193443629,-1.289008868,,0.8444747455,-0.586974203,1.127613108,1,1,1,1,0,1,1,1,7,0.1428571429,0.0907937221,-0.019030,0.779001,0.1409803037
520033,,,1.0287769037,,,,-0.865604672,0.4804897919,0,0,1,0,0,0,1,1,3,0.3333333333,0.2145540078,-0.019030,0.779001,0.2998509054
520034,,,,,,,1.0249376044,0.3726359059,0,0,0,0,0,0,1,1,2,0.5,0.6987867551,-0.019030,0.779001,0.9214586167
520035,,0.9776423739,0.1853933101,0.1247294254,,1.1916109066,0.0600932512,0.857978393,0,1,1,1,0,1,1,1,6,0.1666666667,0.5662412767,-0.019030,0.779001,0.7513104969
520037,-0.52783992,-0.382531501,0.2453901105,-0.038445666,,-0.084435908,-0.471837645,-1.946222643,1,1,1,1,0,1,1,1,7,0.1428571429,-0.457989025,-0.019030,0.779001,-0.563489993
520038,,,,,,,-1.012979466,0.2647820199,0,0,0,0,0,0,1,1,2,0.5,-0.374098723,-0.019030,0.779001,-0.455800336
52003F,1.0053713456,0.3675344121,0.6259412442,,,,,-1.191245441,1,1,1,0,0,0,0,1,4,0.25,0.2019003901,-0.019030,0.779001,0.2836075052
520041,,,,,,,-0.42117756,0.2108550769,0,0,0,0,0,0,1,1,2,0.5,-0.105161241,-0.019030,0.779001,-0.110566328
520044,,,,,,,1.0249376044,0.3187089629,0,0,0,0,0,0,1,1,2,0.5,0.6718232836,-0.019030,0.779001,0.8868457123
520045,,0.9776423739,0.4425224545,0.8576798365,,1.1916109066,-0.676780718,-0.166633524,0,1,1,1,0,1,1,1,6,0.1666666667,0.4376735549,-0.019030,0.779001,0.5862686081
520049,,-1.086397702,-0.05802228,1.149255,,1.1916109066,0.4884012457,-0.921610726,0,1,1,1,0,1,1,1,6,0.1666666667,0.1272060741,-0.019030,0.779001,0.1877226996
52004F,0.6987290924,0.6556032048,-0.344292727,,,,,0.1030011909,1,1,1,0,0,0,0,1,4,0.25,0.2782601902,-0.019030,0.779001,0.3816302862
520051,,0.3756873025,0.4665211747,0.6316422097,-1.069948172,0.0232405866,-0.817247318,0.5344167349,0,1,1,1,1,1,1,1,7,0.1428571429,0.020616074,-0.019030,0.779001,0.0508935274
520057,,,,,,,-0.409663904,0.1569281339,0,0,0,0,0,0,1,1,2,0.5,-0.126367885,-0.019030,0.779001,-0.137789214
520059,,-0.227626584,,,,,0.5666941049,0.750124507,0,1,0,0,0,0,1,1,3,0.3333333333,0.3630640093,-0.019030,0.779001,0.4904926219
520062,0.852050219,0.9776423739,,,,,0.0094331659,1.073686165,1,1,0,0,0,0,1,1,4,0.25,0.7282029809,-0.019030,0.779001,0.9592201124
520063,-0.834482173,,-0.07002164,,,,-0.032015995,0.4265628489,1,0,1,0,0,0,1,1,4,0.25,-0.12748924,-0.019030,0.779001,-0.139228693
520066,0.6987290924,-0.879857813,-0.304866259,0.5460421617,,-0.105328362,0.3709619569,-0.004852695,1,1,1,1,0,1,1,1,7,0.1428571429,0.0458325832,-0.019030,0.779001,0.0832638631
520070,-0.834482173,0.2357293513,0.3328140196,0.4657921167,,1.1916109066,0.3985947307,1.5590286521,1,1,1,1,0,1,1,1,7,0.1428571429,0.4784410862,-0.019030,0.779001,0.6386017309
520071,,,,,,,-5.003612555,-0.705902954,0,0,0,0,0,0,1,1,2,0.5,-2.854757754,-0.019030,0.779001,-3.640212773
520075,,0.3063877344,0.6259412442,1.149255,,1.1916109066,-0.011291415,-1.8922957,0,1,1,1,0,1,1,1,6,0.1666666667,0.2282679617,-0.019030,0.779001,0.3174554552
520076,-0.06787654,,,,,,0.1936516581,0.2108550769,1,0,0,0,0,0,1,1,3,0.3333333333,0.1122100649,-0.019030,0.779001,0.1684723804
520078,,0.2465998718,0.0551145436,,,,0.2719445173,-0.27448741,0,1,1,0,0,0,1,1,4,0.25,0.0747928806,-0.019030,0.779001,0.1204400852
520083,1.0053713456,0.3634579669,0.6430831871,-0.630958498,1.1084136071,0.5343021571,0.6933443183,0.6422706209,1,1,1,1,1,1,1,1,8,0.125,0.5449105881,-0.019030,0.779001,0.7239283742
520087,0.2387657127,0.6637560951,0.7990748681,0.0150543639,-1.415588473,1.1916109066,-0.520194999,-0.544122125,1,1,1,1,1,1,1,1,8,0.125,0.0535445436,-0.019030,0.779001,0.0931636768
520088,,0.9776423739,0.3705262941,1.149255,,-0.135863487,0.4814930522,-0.058779638,0,1,1,1,0,1,1,1,6,0.1666666667,0.4640455991,-0.019030,0.779001,0.6201222996
520089,,0.4504221308,-0.755699358,-1.63274656,0.311578182,0.5053741437,-0.596185127,-0.490195182,0,1,1,1,1,1,1,1,7,0.1428571429,-0.315350253,-0.019030,0.779001,-0.380385152
520091,,,,,,,1.0249376044,0.2108550769,0,0,0,0,0,0,1,1,2,0.5,0.6178963406,-0.019030,0.779001,0.8176199034
520095,1.6186558519,,,,,,1.0249376044,0.2108550769,1,0,0,0,0,0,1,1,3,0.3333333333,0.9514828444,-0.019030,0.779001,1.2458436125
520096,-0.221197667,-0.936928045,0.1065403725,1.149255,1.1084136071,0.4748390184,-0.269197304,0.2108550769,1,1,1,1,1,1,1,1,8,0.125,0.2028225074,-0.019030,0.779001,0.2847912236
520097,,0.9776423739,-0.102591332,,,,-0.131033434,-0.705902954,0,1,1,0,0,0,1,1,4,0.25,0.0095286634,-0.019030,0.779001,0.0366606611
520098,-0.221197667,-0.052339441,0.1373958698,-0.507908429,0.1946399962,0.8139396202,-0.534011386,-0.436268239,1,1,1,1,1,1,1,1,8,0.125,-0.07571871,-0.019030,0.779001,-0.072771063
520100,,0.9776423739,1.0287769037,1.149255,,,-0.467232183,-1.8922957,0,1,1,1,0,0,1,1,5,0.2,0.1592292789,-0.019030,0.779001,0.2288307642
520102,,-0.311873118,-1.595654563,,,,0.0923314874,0.6422706209,0,1,1,0,0,0,1,1,4,0.25,-0.293231393,-0.019030,0.779001,-0.351991257
520103,-0.52783992,0.4381927952,0.5762296096,-2.234621898,,1.1916109066,0.493006708,1.127613108,1,1,1,1,0,1,1,1,7,0.1428571429,0.1520273299,-0.019030,0.779001,0.2195856501
520107,0.0854445862,,,,,,0.1821380023,-0.382341296,1,0,0,0,0,0,1,1,3,0.3333333333,-0.038252903,-0.019030,0.779001,-0.024676351
520109,,,,,,,-0.695202567,0.3726359059,0,0,0,0,0,0,1,1,2,0.5,-0.161283331,-0.019030,0.779001,-0.182610037
520113,,,,,,,-1.310031785,0.4804897919,0,0,0,0,0,0,1,1,2,0.5,-0.414770996,-0.019030,0.779001,-0.508011177
520116,0.6987290924,,,,,,-1.738339779,-0.112706581,1,0,0,0,0,0,1,1,3,0.3333333333,-0.384105756,-0.019030,0.779001,-0.468646326
520136,0.852050219,-0.264314591,-0.585994123,0.2932545199,,-0.560141018,0.2166789696,0.750124507,1,1,1,1,0,1,1,1,7,0.1428571429,0.1002369263,-0.019030,0.779001,0.1531025086
520138,-0.06787654,0.1514828176,-0.383719196,-1.006796209,-1.934048925,0.1100246268,-0.319857389,-1.406953213,1,1,1,1,1,1,1,1,8,0.125,-0.607218004,-0.019030,0.779001,-0.755054658
520139,-0.52783992,-0.919263449,-0.671703838,-1.131183779,,0.6644782175,0.0808178316,0.5344167349,1,1,1,1,0,1,1,1,7,0.1428571429,-0.281468315,-0.019030,0.779001,-0.336891038
520160,-0.221197667,0.3811225627,0.16139459,0.2905795184,,0.4684105709,0.3709619569,-2.647272902,1,1,1,1,0,1,1,1,7,0.1428571429,-0.170857339,-0.019030,0.779001,-0.194900154
520177,,-0.084951003,0.4562360089,-0.200283257,0.7493202402,0.4137687678,-0.080373349,1.235466994,0,1,1,1,1,1,1,1,7,0.1428571429,0.3555977717,-0.019030,0.779001,0.4809082416
520189,,0.1311005917,-1.213389235,-0.074558186,,0.2900211548,-0.151758015,-1.191245441,0,1,1,1,0,1,1,1,6,0.1666666667,-0.368304855,-0.019030,0.779001,-0.44836277
520193,-0.834482173,-1.604106239,0.0859700409,-0.887758642,-0.955079689,-0.020151434,-0.414269366,-0.004852695,1,1,1,1,1,1,1,1,8,0.125,-0.579341275,-0.019030,0.779001,-0.719269409
520194,1.0053713456,,,,,,,0.6422706209,1,0,0,0,0,0,0,1,2,0.5,0.8238209833,-0.019030,0.779001,1.0819645734
520196,0.0854445862,,,,,,,0.3726359059,1,0,0,0,0,0,0,1,2,0.5,0.229040246,-0.019030,0.779001,0.3184468336
520198,,0.2547527622,-1.175676961,0.2772045109,,,-1.381416451,0.4265628489,0,1,1,1,0,0,1,1,5,0.2,-0.319714658,-0.019030,0.779001,-0.385987721
520202,,-0.885293073,-0.323722396,-0.453070899,,,-0.559341429,0.3187089629,0,1,1,1,0,0,1,1,5,0.2,-0.380543767,-0.019030,0.779001,-0.464073814
520205,-0.06787654,,,,,,,0.4804897919,1,0,0,0,0,0,0,1,2,0.5,0.2063066258,-0.019030,0.779001,0.2892637729
520206,,0.4735219868,0.4390940659,-2.257359411,,,-0.536314117,1.019759222,0,1,1,1,0,0,1,1,5,0.2,-0.172259651,-0.019030,0.779001,-0.196700297
520207,0.0854445862,-0.545589308,0.5967999411,-1.093733758,,1.1916109066,-0.745862652,0.1030011909,1,1,1,1,0,1,1,1,7,0.1428571429,-0.058332728,-0.019030,0.779001,-0.050452745
520208,0.5454079659,,,-0.130733218,,,-0.536314117,-0.328414353,1,0,0,1,0,0,1,1,4,0.25,-0.112513431,-0.019030,0.779001,-0.120004305
520210,,0.0060896062,1.0287769037,1.149255,,,-0.407361173,-0.490195182,0,1,1,1,0,0,1,1,5,0.2,0.257313031,-0.019030,0.779001,0.3547404987
520212,,,,,,,-1.888017304,0.6961975639,0,0,0,0,0,0,1,1,2,0.5,-0.59590987,-0.019030,0.779001,-0.740538451
520213,,,,,,,,,0,0,0,0,0,0,0,0,0,,,-0.019030,0.779001,
520214,,,,,,,,,0,0,0,0,0,0,0,0,0,,,-0.019030,0.779001,
520215,,,,,,,,,0,0,0,0,0,0,0,0,0,,,-0.019030,0.779001,
521300,,,,,,,,,0,0,0,0,0,0,0,0,0,,,-0.019030,0.779001,
521302,,,,,,,-0.70211076,,0,0,0,0,0,0,1,0,1,1,-0.70211076,-0.019030,0.779001,-0.876868124
521303,,,,,,,,,0,0,0,0,0,0,0,0,0,,,-0.019030,0.779001,
521304,,,,,,,,,0,0,0,0,0,0,0,0,0,,,-0.019030,0.779001,
521305,,,,,,,,,0,0,0,0,0,0,0,0,0,,,-0.019030,0.779001,
521307,,,,,,,,,0,0,0,0,0,0,0,0,0,,,-0.019030,0.779001,
521308,,,,,,,-0.395847517,,0,0,0,0,0,0,1,0,1,1,-0.395847517,-0.019030,0.779001,-0.483719179
521309,,,,,,,,,0,0,0,0,0,0,0,0,0,,,-0.019030,0.779001,
521310,,,1.0287769037,,,,,,0,0,1,0,0,0,0,0,1,1,1.0287769037,-0.019030,0.779001,1.3450656985
521311,,,,,,,,,0,0,0,0,0,0,0,0,0,,,-0.019030,0.779001,
521312,1.0053713456,,,,,,,,1,0,0,0,0,0,0,0,1,1,1.0053713456,-0.019030,0.779001,1.3150200737
521313,,,,,,,,,0,0,0,0,0,0,0,0,0,,,-0.019030,0.779001,
521314,,,,,,,-2.521268371,,0,0,0,0,0,0,1,0,1,1,-2.521268371,-0.019030,0.779001,-3.212113738
521315,,,,,,,-2.988722796,,0,0,0,0,0,0,1,0,1,1,-2.988722796,-0.019030,0.779001,-3.81218318
521316,,,,,,,-1.176473378,,0,0,0,0,0,0,1,0,1,1,-1.176473378,-0.019030,0.779001,-1.485805588
521317,,,,,,,,,0,0,0,0,0,0,0,0,0,,,-0.019030,0.779001,
521318,,,,,,,,,0,0,0,0,0,0,0,0,0,,,-0.019030,0.779001,
521319,,,,,,,,,0,0,0,0,0,0,0,0,0,,,-0.019030,0.779001,
521320,,,,,,,,,0,0,0,0,0,0,0,0,0,,,-0.019030,0.779001,
521321,,,,,,,,,0,0,0,0,0,0,0,0,0,,,-0.019030,0.779001,
521322,,,,,,,,,0,0,0,0,0,0,0,0,0,,,-0.019030,0.779001,
521323,,,,,,,,,0,0,0,0,0,0,0,0,0,,,-0.019030,0.779001,
521324,,,,,,,-1.201803421,,0,0,0,0,0,0,1,0,1,1,-1.201803421,-0.019030,0.779001,-1.518321666
521325,,,,,,,,,0,0,0,0,0,0,0,0,0,,,-0.019030,0.779001,
521326,,,,,,,-0.276105497,,0,0,0,0,0,0,1,0,1,1,-0.276105497,-0.019030,0.779001,-0.33000681
521327,,,,,,,1.0249376044,,0,0,0,0,0,0,1,0,1,1,1.0249376044,-0.019030,0.779001,1.3401372048
521328,,,,,,,,,0,0,0,0,0,0,0,0,0,,,-0.019030,0.779001,
521329,,,,,,,1.0249376044,,0,0,0,0,0,0,1,0,1,1,1.0249376044,-0.019030,0.779001,1.3401372048
521330,,,,,,,1.0249376044,,0,0,0,0,0,0,1,0,1,1,1.0249376044,-0.019030,0.779001,1.3401372048
521331,,,,,,,,,0,0,0,0,0,0,0,0,0,,,-0.019030,0.779001,
521332,,,,,,,,,0,0,0,0,0,0,0,0,0,,,-0.019030,0.779001,
521333,,,,,,,,,0,0,0,0,0,0,0,0,0,,,-0.019030,0.779001,
521334,,,,,,,-0.310646464,,0,0,0,0,0,0,1,0,1,1,-0.310646464,-0.019030,0.779001,-0.374346916
521335,,,,,,,-1.068245014,,0,0,0,0,0,0,1,0,1,1,-1.068245014,-0.019030,0.779001,-1.346873254
521336,,,,,,,-4.305885015,,0,0,0,0,0,0,1,0,1,1,-4.305885015,-0.019030,0.779001,-5.503019244
521337,0.0854445862,,,,,,,,1,0,0,0,0,0,0,0,1,1,0.0854445862,-0.019030,0.779001,0.1341136386
521338,1.3120135987,,,,,,-0.909356564,,1,0,0,0,0,0,1,0,2,0.5,0.2013285172,-0.019030,0.779001,0.2828733942
521339,,,,,,,,,0,0,0,0,0,0,0,0,0,,,-0.019030,0.779001,
521340,,,,,,,0.1522024973,,0,0,0,0,0,0,1,0,1,1,0.1522024973,-0.019030,0.779001,0.2198105118
521341,-0.681161047,,,,,,1.0249376044,,1,0,0,0,0,0,1,0,2,0.5,0.1718882789,-0.019030,0.779001,0.2450810737
521342,,,,,,,,,0,0,0,0,0,0,0,0,0,,,-0.019030,0.779001,
521343,,,1.0287769037,,,,1.0249376044,,0,0,1,0,0,0,1,0,2,0.5,1.0268572541,-0.019030,0.779001,1.3426014517
521344,,,,,,,,,0,0,0,0,0,0,0,0,0,,,-0.019030,0.779001,
521345,,,,,,,1.0249376044,,0,0,0,0,0,0,1,0,1,1,1.0249376044,-0.019030,0.779001,1.3401372048
521346,,,,,,,1.0249376044,,0,0,0,0,0,0,1,0,1,1,1.0249376044,-0.019030,0.779001,1.3401372048
521347,,,,,,,,,0,0,0,0,0,0,0,0,0,,,-0.019030,0.779001,
521348,1.4653347253,,,,,,1.0249376044,,1,0,0,0,0,0,1,0,2,0.5,1.2451361648,-0.019030,0.779001,1.622805248
521349,,,,,,,,,0,0,0,0,0,0,0,0,0,,,-0.019030,0.779001,
521350,,,,,,,-0.428085753,,0,0,0,0,0,0,1,0,1,1,-0.428085753,-0.019030,0.779001,-0.525103279
521351,,,,,,,-0.607698783,,0,0,0,0,0,0,1,0,1,1,-0.607698783,-0.019030,0.779001,-0.755671833
521352,,,,,,,-1.874200917,,0,0,0,0,0,0,1,0,1,1,-1.874200917,-0.019030,0.779001,-2.381475741
521353,,,,,,,,,0,0,0,0,0,0,0,0,0,,,-0.019030,0.779001,
521354,1.4653347253,,,,,,,,1,0,0,0,0,0,0,0,1,1,1.4653347253,-0.019030,0.779001,1.9054732913
521355,,,,,,,-1.084364132,,0,0,0,0,0,0,1,0,1,1,-1.084364132,-0.019030,0.779001,-1.367565304
521356,,,,,,,,,0,0,0,0,0,0,0,0,0,,,-0.019030,0.779001,
521357,-0.221197667,,,,,,1.0249376044,,1,0,0,0,0,0,1,0,2,0.5,0.4018699687,-0.019030,0.779001,0.5403076825
521358,,,,,,,1.0249376044,,0,0,0,0,0,0,1,0,1,1,1.0249376044,-0.019030,0.779001,1.3401372048
521359,0.852050219,,,,,,-1.415957418,,1,0,0,0,0,0,1,0,2,0.5,-0.281953599,-0.019030,0.779001,-0.337513996
530002,,,,,,,0.493006708,-0.220560467,0,0,0,0,0,0,1,1,2,0.5,0.1362231204,-0.019030,0.779001,0.1992978473
530006,0.5454079659,,,,,,0.5482722557,-1.460880156,1,0,0,0,0,0,1,1,3,0.3333333333,-0.122399978,-0.019030,0.779001,-0.132695628
530008,-1.294445553,,,,,,-1.837357219,0.4804897919,1,0,0,0,0,0,1,1,3,0.3333333333,-0.883770993,-0.019030,0.779001,-1.110064665
530011,,,,,,,-0.391242055,-0.436268239,0,0,0,0,0,0,1,1,2,0.5,-0.413755147,-0.019030,0.779001,-0.506707135
530012,0.852050219,-0.320026008,-0.001453868,0.8081923087,,0.4410896694,0.1591106908,-0.382341296,1,1,1,1,0,1,1,1,7,0.1428571429,0.2223745308,-0.019030,0.779001,0.3098900807
530014,-1.754408933,0.6121211228,0.0945410124,-0.378170857,,0.2498433584,-0.665267062,0.4804897919,1,1,1,1,0,1,1,1,7,0.1428571429,-0.194407367,-0.019030,0.779001,-0.225131234
530015,,,,,,,1.0249376044,-1.730514871,0,0,0,0,0,0,1,1,2,0.5,-0.352788633,-0.019030,0.779001,-0.428444656
530025,,,,,,,-2.599561231,0.4804897919,0,0,0,0,0,0,1,1,2,0.5,-1.059535719,-0.019030,0.779001,-1.335693166
530032,0.6987290924,,,,,,,0.1030011909,1,0,0,0,0,0,0,1,2,0.5,0.4008651417,-0.019030,0.779001,0.5390177898
530034,-1.44776668,,,,,,,0.2108550769,1,0,0,0,0,0,0,1,2,0.5,-0.618455801,-0.019030,0.779001,-0.769480576
53004F,,,,,,,,0.1569281339,0,0,0,0,0,0,0,1,1,1,0.1569281339,-0.019030,0.779001,0.2258767932
53005F,,,,,,,,,0,0,0,0,0,0,0,0,0,,,-0.019030,0.779001,
531301,,,,,,,,,0,0,0,0,0,0,0,0,0,,,-0.019030,0.779001,
531302,-0.06787654,,,,,,,,1,0,0,0,0,0,0,0,1,1,-0.06787654,-0.019030,0.779001,-0.062704101
531303,,,,,,,,,0,0,0,0,0,0,0,0,0,,,-0.019030,0.779001,
531304,,,,,,,,,0,0,0,0,0,0,0,0,0,,,-0.019030,0.779001,
531305,,,,,,,,,0,0,0,0,0,0,0,0,0,,,-0.019030,0.779001,
531306,,,,,,,,,0,0,0,0,0,0,0,0,0,,,-0.019030,0.779001,
531307,,,,,,,,,0,0,0,0,0,0,0,0,0,,,-0.019030,0.779001,
531308,,,,,,,,,0,0,0,0,0,0,0,0,0,,,-0.019030,0.779001,
531309,,,,,,,,,0,0,0,0,0,0,0,0,0,,,-0.019030,0.779001,
531310,0.3920868393,,,,,,,,1,0,0,0,0,0,0,0,1,1,0.3920868393,-0.019030,0.779001,0.5277491169
531311,,,,,,,,,0,0,0,0,0,0,0,0,0,,,-0.019030,0.779001,
531312,,,1.0287769037,,,,1.0249376044,,0,0,1,0,0,0,1,0,2,0.5,1.0268572541,-0.019030,0.779001,1.3426014517
531313,0.6987290924,,,,,,,,1,0,0,0,0,0,0,0,1,1,0.6987290924,-0.019030,0.779001,0.9213845953
531314,,,,,,,,,0,0,0,0,0,0,0,0,0,,,-0.019030,0.779001,
531315,,,,,,,,,0,0,0,0,0,0,0,0,0,,,-0.019030,0.779001,
531316,,,,,,,,,0,0,0,0,0,0,0,0,0,,,-0.019030,0.779001,
650001,,,,,,,,,0,0,0,0,0,0,0,0,0,,,-0.019030,0.779001,
660001,,,,,,,,,0,0,0,0,0,0,0,0,0,,,-0.019030,0.779001,
670005,-0.221197667,,,,,,,0.1569281339,1,0,0,0,0,0,0,1,2,0.5,-0.032134767,-0.019030,0.779001,-0.016822523
670006,0.0854445862,,,,,,,0.5883436779,1,0,0,0,0,0,0,1,2,0.5,0.336894132,-0.019030,0.779001,0.4568984514
670008,1.925298105,,,,,,,0.5344167349,1,0,0,0,0,0,0,1,2,0.5,1.22985742,-0.019030,0.779001,1.6031919821
670010,,,,,,,1.0249376044,,0,0,0,0,0,0,1,0,1,1,1.0249376044,-0.019030,0.779001,1.3401372048
670023,,-1.034762729,-0.363148865,-1.787896647,,-0.176041284,-0.566249622,0.1569281339,0,1,1,1,0,1,1,1,6,0.1666666667,-0.628528502,-0.019030,0.779001,-0.782410863
670025,,,,,,1.1916109066,0.5943268788,1.7747364241,0,0,0,0,0,1,1,1,3,0.3333333333,1.1868914031,-0.019030,0.779001,1.548036672
670031,,0.3104641796,0.144252647,,,,0.446952085,0.3187089629,0,1,1,0,0,0,1,1,4,0.25,0.3050944686,-0.019030,0.779001,0.416077346
670034,-0.9878033,-0.152891756,-0.31343723,-1.441483953,,1.1916109066,-0.043529651,-1.029464612,1,1,1,1,0,1,1,1,7,0.1428571429,-0.396714228,-0.019030,0.779001,-0.484831773
670041,,0.4259634597,0.5830863868,1.149255,,-0.203362185,0.191348927,1.289393937,0,1,1,1,0,1,1,1,6,0.1666666667,0.5726142542,-0.019030,0.779001,0.7594914636
670043,,0.9776423739,-0.5928509,1.149255,,,0.1844407335,0.965832279,0,1,1,1,0,0,1,1,5,0.2,0.5368638972,-0.019030,0.779001,0.7135988682
670044,,0.9776423739,-0.310008841,1.149255,,,1.0249376044,0.0490742479,0,1,1,1,0,0,1,1,5,0.2,0.5781800769,-0.019030,0.779001,0.7666362888
670047,,0.3376404808,0.2402475276,1.149255,,0.6773351124,-0.474140376,0.5883436779,0,1,1,1,0,1,1,1,6,0.1666666667,0.4197802371,-0.019030,0.779001,0.5632990249
670049,0.3920868393,,,,,,,0.965832279,1,0,0,0,0,0,0,1,2,0.5,0.6789595591,-0.019030,0.779001,0.8960065217
670053,,-0.667882663,1.0287769037,,,,0.1982571204,0.1569281339,0,1,1,0,0,0,1,1,4,0.25,0.1790198737,-0.019030,0.779001,0.2542358744
670054,-0.374518794,,,,1.1084136071,,,0.3726359059,1,0,0,0,1,0,0,1,3,0.3333333333,0.3688435731,-0.019030,0.779001,0.4979118258
670055,1.0053713456,0.2547527622,0.3173862709,-0.339383335,0.3933314269,-0.468535642,0.7532153283,1.451174766,1,1,1,1,1,1,1,1,8,0.125,0.4209141154,-0.019030,0.779001,0.5647545802
670056,,0.2112706803,0.665367713,1.149255,,1.1916109066,0.8153890695,0.911905336,0,1,1,1,0,1,1,1,6,0.1666666667,0.8241331175,-0.019030,0.779001,1.082365259
670059,0.3920868393,,,,,,,0.6961975639,1,0,0,0,0,0,0,1,2,0.5,0.5441422016,-0.019030,0.779001,0.7229419995
670060,,-0.651576883,1.0287769037,1.149255,,,-0.356701087,0.6961975639,0,1,1,1,0,0,1,1,5,0.2,0.3731902995,-0.019030,0.779001,0.5034917017
670062,,,,,,,,,0,0,0,0,0,0,0,0,0,,,-0.019030,0.779001,
670067,0.0854445862,,,,,,,0.911905336,1,0,0,0,0,0,0,1,2,0.5,0.4986749611,-0.019030,0.779001,0.664575878
670068,0.5454079659,0.9776423739,-1.468804186,0.6035546939,1.1084136071,,-0.299132809,0.5344167349,1,1,1,1,1,0,1,1,7,0.1428571429,0.2859283402,-0.019030,0.779001,0.3914738609
670069,-2.827656819,,,,,,,0.2647820199,1,0,0,0,0,0,0,1,2,0.5,-1.281437399,-0.019030,0.779001,-1.620547498
670071,,0.9776423739,,,,,-0.30143554,-0.975537669,0,1,0,0,0,0,1,1,3,0.3333333333,-0.099776945,-0.019030,0.779001,-0.103654527
670073,-1.294445553,,,,,,1.0249376044,-0.436268239,1,0,0,0,0,0,1,1,3,0.3333333333,-0.235258729,-0.019030,0.779001,-0.277571971
670075,,0.4544985759,1.0287769037,0.0404668781,,,0.778545371,0.1030011909,0,1,1,1,0,0,1,1,5,0.2,0.4810577839,-0.019030,0.779001,0.6419607756
670076,-1.601087806,,,0.4831796264,,,,0.3187089629,1,0,0,1,0,0,0,1,3,0.3333333333,-0.266399739,-0.019030,0.779001,-0.317547565
670077,-0.374518794,0.6053270476,0.144252647,0.5687796744,-1.758124221,0.4426967812,0.2811554419,1.073686165,1,1,1,1,1,1,1,1,8,0.125,0.1229068428,-0.019030,0.779001,0.1822037931
670078,,,,,,,-3.147611245,,0,0,0,0,0,0,1,0,1,1,-3.147611245,-0.019030,0.779001,-4.01614767
670080,,,1.0287769037,,,,1.0249376044,0.1030011909,0,0,1,0,0,0,1,1,3,0.3333333333,0.718905233,-0.019030,0.779001,0.9472846292
670082,-0.374518794,0.1990413447,0.1785365329,0.5273171512,,0.5487661638,-0.195509907,0.5883436779,1,1,1,1,0,1,1,1,7,0.1428571429,0.21028231,-0.019030,0.779001,0.2943673435
670085,,0.9776423739,1.0287769037,1.149255,0.4088541949,1.1916109066,0.8476273056,0.6961975639,0,1,1,1,1,1,1,1,7,0.1428571429,0.8999948927,-0.019030,0.779001,1.1797487273
670088,0.5454079659,-0.103974414,-1.792786908,-0.692483533,-0.122024471,0.3960905374,-0.227748143,0.3726359059,1,1,1,1,1,1,1,1,8,0.125,-0.203110382,-0.019030,0.779001,-0.236303262
670090,-1.907730059,,,,,,1.0249376044,0.1030011909,1,0,0,0,0,0,1,1,3,0.3333333333,-0.259930421,-0.019030,0.779001,-0.309242927
670093,,,,,,,,,0,0,0,0,0,0,0,0,0,,,-0.019030,0.779001,
670098,0.0854445862,,1.0287769037,0.6423422157,,,0.1637161531,0.5344167349,1,0,1,1,0,0,1,1,5,0.2,0.4909393187,-0.019030,0.779001,0.6546456638
670102,,,,,,,1.0249376044,-0.058779638,0,0,0,0,0,0,1,1,2,0.5,0.4830789831,-0.019030,0.779001,0.6445553812
670103,,0.9776423739,1.0287769037,0.7734172892,,,1.0249376044,0.80405145,0,1,1,1,0,0,1,1,5,0.2,0.9217651242,-0.019030,0.779001,1.2076950897
670106,,0.9776423739,-0.477999882,,,,1.0249376044,-1.029464612,0,1,1,0,0,0,1,1,4,0.25,0.1237788709,-0.019030,0.779001,0.1833232121
670107,,,,,,,,,0,0,0,0,0,0,0,0,0,,,-0.019030,0.779001,
670108,0.3920868393,,,,,,0.147597035,0.5883436779,1,0,0,0,0,0,1,1,3,0.3333333333,0.3760091841,-0.019030,0.779001,0.5071102929
670109,,,,,,,,0.0490742479,0,0,0,0,0,0,0,1,1,1,0.0490742479,-0.019030,0.779001,0.0874251755
670112,1.4653347253,,,,,,,1.073686165,1,0,0,0,0,0,0,1,2,0.5,1.2695104451,-0.019030,0.779001,1.6540944177
670120,,0.9776423739,-1.204818264,0.3654795604,,,0.0209468216,-0.328414353,0,1,1,1,0,0,1,1,5,0.2,-0.033832772,-0.019030,0.779001,-0.019002247
670122,-0.834482173,-0.163762276,0.816216811,0.1434544359,1.1084136071,0.9810792533,0.9397365517,2.5297136262,1,1,1,1,1,1,1,1,8,0.125,0.6900462295,-0.019030,0.779001,0.9102384376
670124,,,,,,,,,0,0,0,0,0,0,0,0,0,,,-0.019030,0.779001,
670128,,,,,,,1.0249376044,0.1569281339,0,0,0,0,0,0,1,1,2,0.5,0.5909328691,-0.019030,0.779001,0.783006999
670131,,,,,,,,-0.058779638,0,0,0,0,0,0,0,1,1,1,-0.058779638,-0.019030,0.779001,-0.051026442
670132,,,,,0.3985056829,,1.0249376044,-0.220560467,0,0,0,0,1,0,1,1,3,0.3333333333,0.40096094,-0.019030,0.779001,0.5391407659
670134,,,,,,,,,0,0,0,0,0,0,0,0,0,,,-0.019030,0.779001,
670136,,,,,,,,-0.004852695,0,0,0,0,0,0,0,1,1,1,-0.004852695,-0.019030,0.779001,0.0181993666
670143,,,,,,,,,0,0,0,0,0,0,0,0,0,,,-0.019030,0.779001,
670259,,,,,,,,,0,0,0,0,0,0,0,0,0,,,-0.019030,0.779001,
670260,,-0.267032221,-0.399146945,-1.00813371,,,0.5482722557,0.4265628489,0,1,1,1,0,0,1,1,5,0.2,-0.139895554,-0.019030,0.779001,-0.155154631
670265,-1.294445553,,,,,,,0.2647820199,1,0,0,0,0,0,0,1,2,0.5,-0.514831767,-0.019030,0.779001,-0.636458802
670266,,,,,,,,0.0490742479,0,0,0,0,0,0,0,1,1,1,0.0490742479,-0.019030,0.779001,0.0874251755
670267,,,,,,,,,0,0,0,0,0,0,0,0,0,,,-0.019030,0.779001,
670280,,,,,,,,0.2647820199,0,0,0,0,0,0,0,1,1,1,0.2647820199,-0.019030,0.779001,0.364328411
670285,,,,,,,,,0,0,0,0,0,0,0,0,0,,,-0.019030,0.779001,
670300,,,,0.2116669741,,,0.5643913738,-0.004852695,0,0,0,1,0,0,1,1,3,0.3333333333,0.2570685509,-0.019030,0.779001,0.3544266606
670309,,,,,,,1.0249376044,0.2108550769,0,0,0,0,0,0,1,1,2,0.5,0.6178963406,-0.019030,0.779001,0.8176199034
670314,,,,,,,,,0,0,0,0,0,0,0,0,0,,,-0.019030,0.779001,
670322,,,,,,,,,0,0,0,0,0,0,0,0,0,,,-0.019030,0.779001,
671300,0.3920868393,,,,,,,,1,0,0,0,0,0,0,0,1,1,0.3920868393,-0.019030,0.779001,0.5277491169
671301,,,,,,,,,0,0,0,0,0,0,0,0,0,,,-0.019030,0.779001,
