PROVIDER_ID,std_HCP_COVID_19,std_IMM_3,std_OP_10,std_OP_13,std_OP_18B,std_OP_22,std_OP_23,std_OP_29,std_OP_8,std_PC_01,std_SAFE_USE_OF_OPIOIDS,std_SEP_1,C1,C2,C3,C4,C5,C6,C7,C8,C9,C10,C11,C12,total_cnt,measure_wt,score_before_std,Mean,StdDev,grp_score
010001,-0.52501682,1.0447164901,0.0802910279,0.7813730793,-1.062057844,-1.138829195,,-3.171398292,0.5880106234,0.1409842852,0.5630493928,0.4497722506,1,1,1,1,1,1,0,1,1,1,1,1,11,0.0909090909,-0.204464091,0.028411,0.480473,-0.48467763
010005,-0.396114419,-0.26429419,-1.615666449,0.3739931517,0.3032291289,-0.270541921,-0.094781579,0.3347945331,-1.162943345,0.3463329351,-0.171693298,0.9253128974,1,1,1,1,1,1,1,1,1,1,1,1,12,0.0833333333,-0.141031046,0.028411,0.480473,-0.352655634
010006,-0.52501682,-0.59154686,-1.064480269,0.3157960191,-0.313955393,0.5977453531,,-0.452309979,,0.5516815849,-0.171693298,-0.263538719,1,1,1,1,1,1,0,1,0,1,1,1,10,0.1,-0.191731838,0.028411,0.480473,-0.458178233
010007,-0.52501682,-2.773231326,-0.322498873,,0.583767548,-0.704685558,,-4.888717227,,,,-2.165701306,1,1,1,0,1,1,0,1,0,0,0,1,7,0.1428571429,-1.542297652,0.028411,0.480473,-3.269085304
010008,-0.430818911,-2.064183875,0.9282697664,,0.7333880382,1.03188899,,-1.74029918,,,,,1,1,1,0,1,1,0,1,0,0,0,0,6,0.1666666667,-0.256959195,0.028411,0.480473,-0.593934697
010011,-0.485354543,,-0.428496215,,-0.55708869,-1.138829195,-1.454346803,0.6210143556,,,-0.355378971,-0.025768396,1,0,1,0,1,1,1,1,0,0,1,1,8,0.125,-0.478031057,0.028411,0.480473,-1.05404738
010012,-0.52501682,-0.973341641,-0.704089305,-0.440766704,-0.145632342,-0.704685558,,0.6210143556,,0.5516815849,0.1956780474,1.9952793525,1,1,1,1,1,1,0,1,0,1,1,1,10,0.1,-0.012987903,0.028411,0.480473,-0.086161863
010016,-0.37628328,0.1720427035,-1.297674422,,-0.669304058,-0.270541921,,,,0.5516815849,-0.539064643,1.1630832207,1,1,1,0,1,1,0,0,0,1,1,1,8,0.125,-0.158257602,0.028411,0.480473,-0.388508939
010018,-0.515101251,1.0447164901,,,0.9952238961,1.03188899,,,,,,,1,1,0,0,1,1,0,0,0,0,0,0,4,0.25,0.6391820314,0.028411,0.480473,1.27118708
010019,-0.510143466,-0.100667855,-0.937283458,,-0.239145148,0.1636017162,-2.918493968,-0.666974846,-0.607084943,-0.064364365,-0.355378971,1.4602961249,1,1,1,0,1,1,1,1,1,1,1,1,11,0.0909090909,-0.434149016,0.028411,0.480473,-0.962716519
010021,-0.52501682,-1.082425865,0.3558841179,0.8395702119,0.5650649868,0.1636017162,,-2.813623514,,,0.9304207382,-0.441866462,1,1,1,1,1,1,0,1,0,0,1,1,9,0.1111111111,-0.223154543,0.028411,0.480473,-0.523577715
010022,-0.366367711,-0.809715306,0.5042803971,,0.583767548,-0.704685558,,,,,-0.906435989,,1,1,1,0,1,1,0,0,0,0,1,0,6,0.1666666667,-0.28319277,0.028411,0.480473,-0.648534139
010023,-0.396114419,0.8810901551,0.9070702979,,-0.613196374,-0.704685558,,0.3347945331,,0.3463329351,0.1956780474,-1.74960324,1,1,1,0,1,1,0,1,0,1,1,1,9,0.1111111111,-0.088737069,0.028411,0.480473,-0.243817169
010024,-0.346536572,-1.682389093,-0.449695684,-0.382569571,-0.220442587,-0.270541921,-0.46081837,-0.380755023,,0.1409842852,0.9304207382,0.6280999932,1,1,1,1,1,1,1,1,0,1,1,1,11,0.0909090909,-0.226749437,0.028411,0.480473,-0.531059699
010029,-0.495270112,0.3902111501,-2.039655818,0.6067816818,-0.519683567,-0.704685558,,0.2632395775,-1.732698208,0.5516815849,1.2977920836,0.4497722506,1,1,1,1,1,1,0,1,1,1,1,1,11,0.0909090909,-0.175683176,0.028411,0.480473,-0.424776456
010033,-0.262254233,0.9356322668,-2.272849971,-0.091583909,-0.594493812,-0.270541921,,0.5494594,-1.135150425,-0.269713014,0.5630493928,-1.214620013,1,1,1,1,1,1,0,1,1,1,1,1,11,0.0909090909,-0.369369658,0.028411,0.480473,-0.827892466
010034,-0.475438973,-0.973341641,,,1.0700341412,0.1636017162,,,,,0.9304207382,-0.917407109,1,1,0,0,1,1,0,0,0,0,1,1,6,0.1666666667,-0.033688521,0.028411,0.480473,-0.129245669
010035,0.030255063,-0.046125743,-0.322498873,0.6649788143,0.2284188838,0.1636017162,0.8464558842,0.5494594,,0.5516815849,-0.355378971,2.173607095,1,1,1,1,1,1,1,1,0,1,1,1,11,0.0909090909,0.407677714,0.028411,0.480473,0.7893615251
010036,3.361886361,0.3902111501,-0.174102594,,0.1723111999,0.1636017162,,-3.815392893,,-0.475061664,0.5630493928,-0.501309043,1,1,1,0,1,1,0,1,0,1,1,1,9,0.1111111111,-0.034978486,0.028411,0.480473,-0.131930448
010039,-0.15318297,-0.209752078,-2.506044124,-0.149781041,-1.417406509,0.1636017162,-0.774564191,0.0485747107,0.2544955818,-0.269713014,0.5630493928,0.2120019273,1,1,1,1,1,1,1,1,1,1,1,1,12,0.0833333333,-0.353226717,0.028411,0.480473,-0.794294468
010040,0.5904847306,-2.827773438,-0.428496215,,-0.426170761,-0.270541921,,-1.525634313,-0.454223882,-0.064364365,-0.171693298,-1.095734851,1,1,1,0,1,1,0,1,1,1,1,1,10,0.1,-0.667414831,0.028411,0.480473,-1.448208246
010044,-0.52501682,-0.373378413,-0.046905783,,1.1822495089,0.1636017162,,-2.169628914,,,0.5630493928,1.8169516099,1,1,1,0,1,1,0,1,0,0,1,1,8,0.125,0.0763652873,0.028411,0.480473,0.0998072407
010045,-0.465523404,0.3902111501,0.7162750817,,0.6398752319,-1.138829195,,0.6210143556,,,-1.457493007,0.5092148315,1,1,1,0,1,1,0,1,0,0,1,1,8,0.125,-0.023156869,0.028411,0.480473,-0.107326341
010046,-0.520059035,-0.209752078,0.6950756133,,0.2845265676,-0.270541921,,-0.738529801,,,-1.64117868,0.0931167656,1,1,1,0,1,1,0,1,0,0,1,1,8,0.125,-0.288417821,0.028411,0.480473,-0.65940894
010049,-0.52501682,-1.136967976,-0.216501531,2.0035128624,0.6959829157,0.5977453531,,0.5494594,,-1.091107614,0.5630493928,-0.144653558,1,1,1,1,1,1,0,1,0,1,1,1,10,0.1,0.1295502425,0.028411,0.480473,0.2105000816
010051,-0.287043156,1.2083428251,,,0.714685477,0.5977453531,,,,,,,1,1,0,0,1,1,0,0,0,0,0,0,4,0.25,0.5584326248,0.028411,0.480473,1.1031248681
010052,-0.52501682,-3.482278778,,,1.0139264574,0.5977453531,,0.6210143556,,,0.5630493928,,1,1,0,0,1,1,0,1,0,0,1,0,6,0.1666666667,-0.201926673,0.028411,0.480473,-0.479396551
010055,1.0664320589,0.3356690385,0.313485181,0.3157960191,-0.968545038,0.1636017162,,-2.670513603,-0.412534502,-2.733896813,0.5630493928,-0.441866462,1,1,1,1,1,1,0,1,1,1,1,1,11,0.0909090909,-0.406302092,0.028411,0.480473,-0.904759242
010056,-0.52501682,,-1.000881864,0.4321902842,-1.43610907,-2.007116468,-0.147072549,0.0485747107,-0.1346053,0.3463329351,0.5630493928,-0.3229813,1,0,1,1,1,1,1,1,1,1,1,1,11,0.0909090909,-0.38033055,0.028411,0.480473,-0.850705163
010058,-0.460565619,-0.373378413,0.8858708294,,0.6024701093,-0.704685558,,,,0.5516815849,2.0325347745,1.6386238674,1,1,1,0,1,1,0,0,0,1,1,1,8,0.125,0.5215689469,0.028411,0.480473,1.0264011929
010059,-0.505185681,0.8810901551,-0.534493558,,1.6124084183,0.5977453531,,,,,-1.090121662,,1,1,1,0,1,1,0,0,0,0,1,0,6,0.1666666667,0.1602405043,0.028411,0.480473,0.2743751428
010061,-0.520059035,0.2265848151,-1.106879206,,-0.55708869,0.1636017162,-1.402055833,0.3347945331,,-3.555291412,-0.539064643,-0.97684969,1,1,1,0,1,1,1,1,0,1,1,1,10,0.1,-0.793230744,0.028411,0.480473,-1.710066525
010062,-0.366367711,-0.318836301,0.4618814602,,0.9391162123,-1.138829195,,-3.457618115,,,-0.355378971,,1,1,1,0,1,1,0,1,0,0,1,0,7,0.1428571429,-0.605147517,0.028411,0.480473,-1.318612463
010065,-0.113520692,-1.627846981,-0.428496215,,0.2658240063,0.5977453531,0.5850010334,0.6210143556,,0.5516815849,0.0119923747,-0.085210977,1,1,1,0,1,1,1,1,0,1,1,1,10,0.1,0.0378183842,0.028411,0.480473,0.0195803007
010069,-0.445692265,-1.90055754,-0.386097278,,-0.4074682,0.1636017162,,-3.457618115,,,0.7467350655,,1,1,1,0,1,1,0,1,0,0,1,0,7,0.1428571429,-0.812442374,0.028411,0.480473,-1.750051325
010073,0.2979754351,-1.191510088,0.9494692348,,1.3505725604,0.5977453531,,0.1201296663,,,-1.090121662,-1.095734851,1,1,1,0,1,1,0,1,0,0,1,1,8,0.125,-0.007684294,0.028411,0.480473,-0.075123562
010078,-0.475438973,-0.427920525,-0.534493558,0.4903874167,-0.85632967,-1.138829195,-0.774564191,0.1201296663,0.0321522206,-0.064364365,0.5630493928,-0.501309043,1,1,1,1,1,1,1,1,1,1,1,1,12,0.0833333333,-0.297294235,0.028411,0.480473,-0.677883253
010079,-0.336621003,-0.482462636,-0.407296747,0.7813730793,-0.463575883,0.5977453531,-0.774564191,-0.237645112,-0.746049543,0.5516815849,1.8488491018,-0.144653558,1,1,1,1,1,1,1,1,1,1,1,1,12,0.0833333333,0.0155650372,0.028411,0.480473,-0.026735169
010083,-0.282085371,-1.627846981,-0.046905783,0.7813730793,0.1536086387,0.1636017162,-0.094781579,0.5494594,0.5880106234,-0.885758964,0.9304207382,0.2120019273,1,1,1,1,1,1,1,1,1,1,1,1,12,0.0833333333,0.0367581204,0.028411,0.480473,0.0173735937
010085,-0.173014108,0.6083795968,-1.594466981,-1.022738029,-0.089524658,0.5977453531,0.2712552124,,-0.273569901,0.5516815849,0.3793637201,-1.69016066,1,1,1,1,1,1,1,0,1,1,1,1,11,0.0909090909,-0.221368079,0.028411,0.480473,-0.519859581
010086,-0.510143466,-2.118725986,-0.280099936,2.0035128624,0.583767548,-0.704685558,,-0.523864934,,,-0.906435989,-0.085210977,1,1,1,1,1,1,0,1,0,0,1,1,9,0.1111111111,-0.282431826,0.028411,0.480473,-0.646950402
010087,-0.490312327,0.5538374851,-1.552068044,,-0.4074682,0.5977453531,,0.6210143556,,,0.1956780474,-0.144653558,1,1,1,0,1,1,0,1,0,0,1,1,8,0.125,-0.078278361,0.028411,0.480473,-0.222049658
010089,-0.311832079,0.6629217084,0.4830809287,-0.440766704,0.0787983936,-0.270541921,,0.4779044444,,0.5516815849,-0.355378971,0.2714445081,1,1,1,1,1,1,0,1,0,1,1,1,10,0.1,0.1147311894,0.028411,0.480473,0.1796574667
010090,-0.52501682,0.3902111501,-3.036030836,,-0.370063077,0.1636017162,,0.3347945331,,0.5516815849,0.5630493928,1.9358367716,1,1,1,0,1,1,0,1,0,1,1,1,9,0.1111111111,0.0008960462,0.028411,0.480473,-0.057265463
010091,-0.460565619,-3.482278778,,,0.8081982834,0.5977453531,,0.6210143556,,-4.171337362,0.5630493928,,1,1,0,0,1,1,0,1,0,1,1,0,7,0.1428571429,-0.789167768,0.028411,0.480473,-1.701610328
010092,-0.440734481,0.9356322668,0.4194825233,-1.080935161,-1.641837244,-3.309547379,-1.402055833,-0.881639712,-1.162943345,0.5516815849,-0.539064643,-0.441866462,1,1,1,1,1,1,1,1,1,1,1,1,12,0.0833333333,-0.749485657,0.028411,0.480473,-1.619020702
010095,1.3589413544,-0.755173195,,,0.9391162123,1.03188899,,,,,-1.090121662,,1,1,0,0,1,1,0,0,0,0,1,0,5,0.2,0.2969303401,0.028411,0.480473,0.5588651113
010097,-0.108562908,1.0992586017,0.271086244,,0.920413651,-1.138829195,,-6.105151473,,,-0.171693298,-2.165701306,1,1,1,0,1,1,0,1,0,0,1,1,8,0.125,-0.92489746,0.028411,0.480473,-1.984101969
010099,-0.515101251,-0.809715306,-0.258900467,,0.4154444965,-0.270541921,,0.4063494887,,0.1409842852,0.9304207382,-2.344029049,1,1,1,0,1,1,0,1,0,1,1,1,9,0.1111111111,-0.256120998,0.028411,0.480473,-0.592190174
010100,-0.52501682,-0.973341641,0.4194825233,,-0.444873322,-0.704685558,,0.4063494887,-1.079564585,0.5516815849,0.0119923747,1.5791812866,1,1,1,0,1,1,0,1,1,1,1,1,10,0.1,-0.075879467,0.028411,0.480473,-0.217056885
010101,-0.336621003,0.3902111501,0.0166926225,,1.2009520702,0.1636017162,,,,,-0.539064643,0.9847554782,1,1,1,0,1,1,0,0,0,0,1,1,7,0.1428571429,0.2686467702,0.028411,0.480473,0.4999990525
010102,-0.52501682,-2.609604991,,,1.3505725604,-0.270541921,,,,,,,1,1,0,0,1,1,0,0,0,0,0,0,4,0.25,-0.513647793,0.028411,0.480473,-1.128175818
010103,-0.168056324,0.0084163685,-1.912459008,,0.1162035161,0.5977453531,0.7418739439,-0.022980245,,0.5516815849,-0.355378971,-0.620194204,1,1,1,0,1,1,1,1,0,1,1,1,10,0.1,-0.106314799,0.028411,0.480473,-0.280401365
010104,1.4233925551,-1.57330487,-0.555693026,-0.207978174,-0.519683567,0.1636017162,0.794164914,-0.380755023,,0.3463329351,-0.171693298,-0.204096139,1,1,1,1,1,1,1,1,0,1,1,1,11,0.0909090909,-0.080519271,0.028411,0.480473,-0.226713621
010108,-0.366367711,0.7174638201,0.271086244,,-0.875032232,-2.007116468,,0.4779044444,0.5880106234,,-0.171693298,-0.857964528,1,1,1,0,1,1,0,1,1,0,1,1,9,0.1111111111,-0.247078789,0.028411,0.480473,-0.573370796
010110,0.4219200519,-1.518762758,,,1.1074392638,1.03188899,,,,,,,1,1,0,0,1,1,0,0,0,0,0,0,4,0.25,0.2606213869,0.028411,0.480473,0.4832959741
010112,3.2924773756,-0.26429419,-0.174102594,,0.7894957221,0.5977453531,,-0.094535201,,-10.53714551,0.7467350655,-2.700684534,1,1,1,0,1,1,0,1,0,1,1,1,9,0.1111111111,-0.92714539,0.028411,0.480473,-1.988780542
010113,-0.52501682,-0.59154686,-0.428496215,,-0.519683567,-0.704685558,,0.4063494887,-2.399728292,0.5516815849,0.3793637201,0.9253128974,1,1,1,0,1,1,0,1,1,1,1,1,10,0.1,-0.290644962,0.028411,0.480473,-0.664044246
010114,-0.480396758,-1.027883753,0.3982830548,,0.0787983936,-0.270541921,-0.35623643,0.6210143556,,-1.296456264,-0.171693298,-0.798521947,1,1,1,0,1,1,1,1,0,1,1,1,10,0.1,-0.330363457,0.028411,0.480473,-0.746709597
010118,4.1452163388,-0.046125743,0.546679334,,-1.062057844,-0.270541921,-2.186420385,0.6210143556,,0.1409842852,1.4814777564,-0.382423881,1,1,1,0,1,1,1,1,0,1,1,1,10,0.1,0.2987802295,0.028411,0.480473,0.5627152512
010120,,-2.609604991,0.9282697664,,0.583767548,0.1636017162,1.107910735,0.6210143556,,,-0.171693298,-0.3229813,0,1,1,0,1,1,1,1,0,0,1,1,8,0.125,0.0375355664,0.028411,0.480473,0.0189916775
010125,-0.52501682,-0.809715306,-0.386097278,,1.7246237859,0.5977453531,,,,,-1.457493007,,1,1,1,0,1,1,0,0,0,0,1,0,6,0.1666666667,-0.142658879,0.028411,0.480473,-0.356043612
010126,-0.520059035,0.2811269268,0.5042803971,,1.0139264574,1.03188899,1.1602017052,,,,1.2977920836,0.9253128974,1,1,1,0,1,1,1,0,0,0,1,1,8,0.125,0.7118088028,0.028411,0.480473,1.422343805
010128,-0.361409926,-1.955099651,-2.060855287,,0.6772803544,-0.704685558,-0.722273221,,,,-0.171693298,,1,1,1,0,1,1,1,0,0,0,1,0,7,0.1428571429,-0.756962369,0.028411,0.480473,-1.634581842
010129,-0.52501682,0.1175005918,1.2250623248,,-0.482278445,-0.270541921,,-0.452309979,,0.5516815849,0.9304207382,0.8064277357,1,1,1,0,1,1,0,1,0,1,1,1,9,0.1111111111,0.2112162013,0.028411,0.480473,0.3804698962
010130,-0.52501682,,-1.064480269,,0.3032291289,-1.138829195,,0.2632395775,,,-1.273807334,-0.441866462,1,0,1,0,1,1,0,1,0,0,1,1,7,0.1428571429,-0.553933053,0.028411,0.480473,-1.212020769
010131,0.6549359313,-1.409678535,-0.598091963,,-0.70670918,-0.270541921,,0.5494594,,0.5516815849,0.9304207382,-0.97684969,1,1,1,0,1,1,0,1,0,1,1,1,9,0.1111111111,-0.141708182,0.028411,0.480473,-0.354064943
010138,0.0104239243,-2.664147103,,,0.1162035161,0.5977453531,,,,,,,1,1,0,0,1,1,0,0,0,0,0,0,4,0.25,-0.484943577,0.028411,0.480473,-1.068434278
010139,-0.52501682,-0.046125743,-0.046905783,-0.033386776,0.1536086387,-0.704685558,,0.6210143556,,0.5516815849,0.5630493928,-0.144653558,1,1,1,1,1,1,0,1,0,1,1,1,10,0.1,0.0388579734,0.028411,0.480473,0.0217439782
010144,-0.490312327,0.6629217084,-0.025706314,,0.2097163225,-0.270541921,-1.192891952,0.4063494887,,0.3463329351,0.9304207382,-0.3229813,1,1,1,0,1,1,1,1,0,1,1,1,10,0.1,0.0253307378,0.028411,0.480473,-0.006410001
010148,-0.52501682,-3.973157783,0.4618814602,,0.4715521804,-1.138829195,,-3.386063159,,,1.4814777564,-2.046816145,1,1,1,0,1,1,0,1,0,0,1,1,8,0.125,-1.081871463,0.028411,0.480473,-2.31080899
010149,-0.371325495,0.6629217084,0.1438894333,,-1.510919315,-2.007116468,,0.6210143556,,0.1409842852,1.8488491018,-0.798521947,1,1,1,0,1,1,0,1,0,1,1,1,9,0.1111111111,-0.141136038,0.028411,0.480473,-0.352874152
01014F,-0.232507525,0.2265848151,,,0.2284188838,0.1636017162,,0.6210143556,,,,-0.917407109,1,1,0,0,1,1,0,1,0,0,0,1,6,0.1666666667,0.0149508562,0.028411,0.480473,-0.028013452
010150,-0.361409926,-2.064183875,0.1226899648,,0.3219316902,0.5977453531,,0.6210143556,,,0.7467350655,-1.69016066,1,1,1,0,1,1,0,1,0,0,1,1,8,0.125,-0.213204754,0.028411,0.480473,-0.502869406
010157,-0.455607835,-0.755173195,-0.661690368,,0.920413651,-2.441260105,,,,,-1.457493007,,1,1,1,0,1,1,0,0,0,0,1,0,6,0.1666666667,-0.808468477,0.028411,0.480473,-1.741780528
010158,-0.52501682,-0.26429419,-0.216501531,,1.05133158,0.5977453531,,0.6210143556,,,-0.355378971,0.2120019273,1,1,1,0,1,1,0,1,0,0,1,1,8,0.125,0.1401127131,0.028411,0.480473,0.2324835517
010164,-0.52501682,0.3902111501,0.4194825233,-1.371920824,0.583767548,1.03188899,0.8464558842,0.1201296663,,0.5516815849,1.1141064109,1.9952793525,1,1,1,1,1,1,1,1,0,1,1,1,11,0.0909090909,0.4687332242,0.028411,0.480473,0.916435203
010168,0.9375296575,-0.91879953,0.8010729556,,0.7520905995,-1.138829195,,-6.534481206,,,-0.539064643,0.3903296698,1,1,1,0,1,1,0,1,0,0,1,1,8,0.125,-0.781268961,0.028411,0.480473,-1.685170692
010169,-0.52501682,-0.537004748,-1.764062728,,0.6024701093,-1.572972831,,-2.241183869,,,0.1956780474,-2.225143887,1,1,1,0,1,1,0,1,0,0,1,1,8,0.125,-1.008404591,0.028411,0.480473,-2.15790378
010173,-0.52501682,,0.0802910279,,0.378039374,-0.270541921,-0.46081837,-5.532711828,,,1.1141064109,0.687542574,1,0,1,0,1,1,1,1,0,0,1,1,8,0.125,-0.566138694,0.028411,0.480473,-1.237424137
010174,0.4764556832,,0.3770835864,,0.0600958323,1.03188899,,0.6210143556,,,0.9304207382,,1,0,1,0,1,1,0,1,0,0,1,0,6,0.1666666667,0.5828265309,0.028411,0.480473,1.1538954433
010175,-0.52501682,0.3356690385,-2.01845635,,0.7894957221,0.1636017162,,,,,-2.008550025,1.5197387057,1,1,1,0,1,1,0,0,0,0,1,1,7,0.1428571429,-0.249074002,0.028411,0.480473,-0.577523393
01019F,-0.088731769,-0.318836301,,,,0.5977453531,,-0.380755023,,,,,1,1,0,0,0,1,0,1,0,0,0,0,4,0.25,-0.047644435,0.028411,0.480473,-0.158291848
01021F,-0.083773984,0.2265848151,,,,,,,,,,,1,1,0,0,0,0,0,0,0,0,0,0,2,0.5,0.0714054154,0.028411,0.480473,0.0894843531
011300,,1.0992586017,0.5678788025,,,,,,,,0.7467350655,,0,1,1,0,0,0,0,0,0,0,1,0,3,0.3333333333,0.8046241566,0.028411,0.480473,1.6155186445
011302,-0.138309616,-0.26429419,1.2250623248,,0.583767548,0.5977453531,,,,,0.1956780474,,1,1,1,0,1,1,0,0,0,0,1,0,6,0.1666666667,0.3666082446,0.028411,0.480473,0.7038844155
011304,-0.52501682,0.8810901551,1.0130676402,,1.05133158,,,,,,0.5630493928,,1,1,1,0,1,0,0,0,0,0,1,0,5,0.2,0.5967043896,0.028411,0.480473,1.182779168
011305,-0.52501682,-0.318836301,0.3558841179,2.0035128624,0.9765213348,0.5977453531,,0.6210143556,,,-0.906435989,1.044198059,1,1,1,1,1,1,0,1,0,0,1,1,9,0.1111111111,0.4276207747,0.028411,0.480473,0.8308686399
011306,2.8710656787,0.8810901551,-0.025706314,,0.920413651,0.5977453531,,,,,-1.457493007,,1,1,1,0,1,1,0,0,0,0,1,0,6,0.1666666667,0.6311859194,0.028411,0.480473,1.2545449234
020001,-0.30191651,0.2811269268,0.7798734871,,-0.463575883,-1.138829195,,0.4063494887,,-0.885758964,0.1956780474,0.2714445081,1,1,1,0,1,1,0,1,0,1,1,1,9,0.1111111111,-0.095067566,0.028411,0.480473,-0.256992713
020006,-0.133351831,-1.57330487,0.1226899648,-0.324372439,0.5650649868,1.03188899,0.5327100632,0.1916846219,,-2.733896813,0.0119923747,-0.917407109,1,1,1,1,1,1,1,1,0,1,1,1,11,0.0909090909,-0.293300187,0.028411,0.480473,-0.669570516
020008,0.7293027014,0.1720427035,0.2286873071,,-0.12692978,0.5977453531,0.2189642422,-0.309200067,,0.5516815849,0.7467350655,-1.095734851,1,1,1,0,1,1,1,1,0,1,1,1,10,0.1,0.1713294259,0.028411,0.480473,0.2974543053
020012,1.140798829,0.9901743784,0.0166926225,0.0248103565,-0.089524658,0.5977453531,-1.454346803,-2.956733425,-0.426430962,-0.269713014,1.2977920836,-1.274062594,1,1,1,1,1,1,1,1,1,1,1,1,12,0.0833333333,-0.200233153,0.028411,0.480473,-0.475871858
020017,-0.30191651,-1.682389093,0.8434718925,,0.2284188838,-0.270541921,,0.4063494887,,-0.680410314,-1.824864352,0.687542574,1,1,1,0,1,1,0,1,0,1,1,1,9,0.1111111111,-0.288259928,0.028411,0.480473,-0.65908032
020018,-0.480396758,0.5538374851,,,,,,,,0.5516815849,1.4814777564,0.0931167656,1,1,0,0,0,0,0,0,0,1,1,1,5,0.2,0.4399433668,0.028411,0.480473,0.8565154176
020024,0.2285664498,-2.445978656,-0.131703657,-1.197329427,0.3406342514,0.5977453531,,-0.452309979,-0.773842463,-2.733896813,-0.539064643,0.5686574123,1,1,1,1,1,1,0,1,1,1,1,1,11,0.0909090909,-0.594411106,0.028411,0.480473,-1.296266975
020026,-0.425861127,1.1538007134,,,0.1910137612,-0.704685558,,0.2632395775,,0.5516815849,0.3793637201,0.2714445081,1,1,0,0,1,1,0,1,0,1,1,1,8,0.125,0.2099996476,0.028411,0.480473,0.3779379061
021301,,-0.318836301,,,0.1349060774,1.03188899,,,,,,,0,1,0,0,1,1,0,0,0,0,0,0,3,0.3333333333,0.2826529219,0.028411,0.480473,0.5291497911
021302,,-0.373378413,0.2074878387,,0.583767548,1.03188899,,,,,,,0,1,1,0,1,1,0,0,0,0,0,0,4,0.25,0.3624414909,0.028411,0.480473,0.6952122298
021304,,0.2811269268,,,,,,,,,-0.722750316,,0,1,0,0,0,0,0,0,0,0,1,0,2,0.5,-0.220811695,0.028411,0.480473,-0.518701588
021305,,0.3356690385,,,0.4528496191,1.03188899,,,,,,,0,1,0,0,1,1,0,0,0,0,0,0,3,0.3333333333,0.6068025492,0.028411,0.480473,1.2037962764
021306,,0.3902111501,-0.216501531,,0.5463624255,0.5977453531,,,,,0.9304207382,,0,1,1,0,1,1,0,0,0,0,1,0,5,0.2,0.4496476273,0.028411,0.480473,0.8767127113
021307,,,,,0.8456034059,0.5977453531,,,,,,,0,0,0,0,1,1,0,0,0,0,0,0,2,0.5,0.7216743795,0.028411,0.480473,1.4428768431
021308,,1.2628849367,,,,,,,,,1.8488491018,,0,1,0,0,0,0,0,0,0,0,1,0,2,0.5,1.5558670193,0.028411,0.480473,3.1790661988
021309,,0.9901743784,,,,0.5977453531,,,,,,,0,1,0,0,0,1,0,0,0,0,0,0,2,0.5,0.7939598657,0.028411,0.480473,1.5933232578
021310,,,,,1.2009520702,0.5977453531,,,,,,,0,0,0,0,1,1,0,0,0,0,0,0,2,0.5,0.8993487116,0.028411,0.480473,1.8126670684
021311,0.0054661396,0.4992953735,-0.046905783,,0.7707931608,1.03188899,,0.1201296663,,,-0.355378971,-1.274062594,1,1,1,0,1,1,0,1,0,0,1,1,8,0.125,0.0939032478,0.028411,0.480473,0.1363086661
021312,,-0.59154686,,,,0.5977453531,,,,,,,0,1,0,0,0,1,0,0,0,0,0,0,2,0.5,0.0030992466,0.028411,0.480473,-0.052679983
021313,0.0054661396,-1.90055754,0.7798734871,,0.6211726706,1.03188899,-0.35623643,-3.886947848,,,-0.355378971,1.5791812866,1,1,1,0,1,1,1,1,0,0,1,1,9,0.1111111111,-0.275726468,0.028411,0.480473,-0.632994668
021314,,0.5538374851,,,,0.5977453531,,,,,1.1141064109,,0,1,0,0,0,1,0,0,0,0,1,0,3,0.3333333333,0.7552297497,0.028411,0.480473,1.5127150002
030002,0.5904847306,0.8810901551,-1.000881864,-0.440766704,-2.427344818,-0.704685558,,0.6210143556,,0.3463329351,0.9304207382,-1.095734851,1,1,1,1,1,1,0,1,0,1,1,1,10,0.1,-0.230007088,0.028411,0.480473,-0.537839786
030006,-0.470481189,0.9901743784,1.0554665771,0.9559644769,-1.529621876,-1.138829195,,0.1916846219,,0.5516815849,0.3793637201,-0.025768396,1,1,1,1,1,1,0,1,0,1,1,1,10,0.1,0.0959634704,0.028411,0.480473,0.1405965683
030007,-0.460565619,0.5538374851,-0.131703657,-0.382569571,-0.594493812,-1.138829195,-0.199363519,0.1201296663,1.8247955697,0.5516815849,0.7467350655,0.0336741848,1,1,1,1,1,1,1,1,1,1,1,1,12,0.0833333333,0.0769440152,0.028411,0.480473,0.1010117363
030010,-0.455607835,-0.209752078,1.0342671087,,-0.669304058,-0.270541921,0.8464558842,-0.237645112,,,0.7467350655,-0.3229813,1,1,1,0,1,1,1,1,0,0,1,1,9,0.1111111111,0.0512917506,0.028411,0.480473,0.0476221632
030011,-0.460565619,-0.318836301,1.0554665771,,-0.669304058,-0.270541921,,-0.022980245,,-2.323199513,0.9304207382,-0.382423881,1,1,1,0,1,1,0,1,0,1,1,1,9,0.1111111111,-0.27355158,0.028411,0.480473,-0.628468114
030012,3.2428995289,-0.755173195,-1.297674422,0.1412046215,-0.388765638,0.5977453531,-0.147072549,0.4063494887,0.2822885019,0.3463329351,0.3793637201,0.2714445081,1,1,1,1,1,1,1,1,1,1,1,1,12,0.0833333333,0.2565785711,0.028411,0.480473,0.4748817381
030013,-0.460565619,0.3356690385,-1.361272828,0.7813730793,-1.118165528,-2.007116468,0.4281281229,0.4063494887,0.4490460227,0.5516815849,1.2977920836,-0.025768396,1,1,1,1,1,1,1,1,1,1,1,1,12,0.0833333333,-0.060237452,0.028411,0.480473,-0.184501455
030014,-0.282085371,0.7174638201,0.6314772079,,-1.024652722,-2.441260105,-0.931437101,-0.738529801,,,0.1956780474,-0.3229813,1,1,1,0,1,1,1,1,0,0,1,1,9,0.1111111111,-0.466258592,0.028411,0.480473,-1.029545571
030016,0.2483975884,0.8810901551,0.9494692348,,-0.744114303,-2.007116468,-0.147072549,0.6210143556,,-0.680410314,1.2977920836,-0.560751624,1,1,1,0,1,1,1,1,0,1,1,1,10,0.1,-0.014170184,0.028411,0.480473,-0.088622523
030022,-0.391156634,0.9901743784,0.864671361,,-0.351360516,0.5977453531,,0.6210143556,,0.5516815849,1.6651634291,1.6980664483,1,1,1,0,1,1,0,1,0,1,1,1,9,0.1111111111,0.6939999734,0.028411,0.480473,1.3852786254
030023,-0.425861127,0.8810901551,0.9706687033,-0.033386776,-1.080760406,-1.138829195,-0.46081837,,,-0.269713014,0.9304207382,0.6280999932,1,1,1,1,1,1,1,0,0,1,1,1,10,0.1,0.0000910703,0.028411,0.480473,-0.058940844
030024,-0.386198849,0.6629217084,0.8010729556,-2.41946921,-0.351360516,-0.704685558,0.1143823019,-0.237645112,,0.5516815849,0.7467350655,-0.085210977,1,1,1,1,1,1,1,1,0,1,1,1,11,0.0909090909,-0.118888782,0.028411,0.480473,-0.306571359
030030,-0.515101251,-1.627846981,0.9706687033,,-0.538386129,-1.572972831,,0.0485747107,,,1.6651634291,-0.620194204,1,1,1,0,1,1,0,1,0,0,1,1,8,0.125,-0.273761819,0.028411,0.480473,-0.628905681
030036,-0.445692265,0.4447532618,1.1614639194,0.0248103565,0.7894957221,0.5977453531,0.2712552124,0.6210143556,,0.3463329351,1.2977920836,0.330887089,1,1,1,1,1,1,1,1,0,1,1,1,11,0.0909090909,0.4945325476,0.028411,0.480473,0.9701308465
030037,-0.52501682,0.5538374851,0.864671361,,-0.631898935,-2.007116468,,-1.74029918,,,0.3793637201,-0.560751624,1,1,1,0,1,1,0,1,0,0,1,1,8,0.125,-0.458401308,0.028411,0.480473,-1.013192354
030038,-0.30191651,0.7720059318,1.2038628564,,-0.744114303,-1.138829195,0.166673272,0.2632395775,,-0.269713014,0.1956780474,-0.263538719,1,1,1,0,1,1,1,1,0,1,1,1,10,0.1,-0.011665206,0.028411,0.480473,-0.083408958
030043,-0.495270112,0.3902111501,-0.174102594,0.8395702119,-0.669304058,0.1636017162,-1.245182922,-0.953194668,,0.3463329351,-0.355378971,-0.739079366,1,1,1,1,1,1,1,1,0,1,1,1,11,0.0909090909,-0.262890607,0.028411,0.480473,-0.606279632
030055,1.7159018506,0.2265848151,-1.721663791,-0.498963836,-1.174273212,0.1636017162,0.5850010334,-0.237645112,1.9776566305,0.5516815849,0.5630493928,-0.085210977,1,1,1,1,1,1,1,1,1,1,1,1,12,0.0833333333,0.1721433413,0.028411,0.480473,0.2991482921
030061,0.2632709424,0.5538374851,0.9918681717,0.5485845492,-1.417406509,0.1636017162,0.2189642422,0.6210143556,,,0.1956780474,-0.798521947,1,1,1,1,1,1,1,1,0,0,1,1,10,0.1,0.1340891054,0.028411,0.480473,0.2199467311
030062,-0.515101251,-2.118725986,-0.873685053,1.2469501395,-0.538386129,0.1636017162,,-0.523864934,0.7686646044,-0.475061664,0.7467350655,-0.025768396,1,1,1,1,1,1,0,1,1,1,1,1,11,0.0909090909,-0.194967444,0.028411,0.480473,-0.464912439
030064,0.9276140882,0.9356322668,0.6950756133,-0.789949499,-2.707883237,-4.177834653,,0.6210143556,,0.5516815849,0.7467350655,-0.501309043,1,1,1,1,1,1,0,1,0,1,1,1,10,0.1,-0.369922346,0.028411,0.480473,-0.829042765
030065,0.3971311285,0.8810901551,0.9494692348,-0.789949499,-1.754052612,-1.572972831,,0.6210143556,,0.1409842852,0.7467350655,-0.204096139,1,1,1,1,1,1,0,1,0,1,1,1,10,0.1,-0.058464686,0.028411,0.480473,-0.18081183
030069,-0.52501682,-1.518762758,-1.297674422,1.072358742,-1.454811631,-3.743691016,-0.774564191,-0.166090156,,-0.064364365,0.1956780474,-0.501309043,1,1,1,1,1,1,1,1,0,1,1,1,11,0.0909090909,-0.79802251,0.028411,0.480473,-1.720039536
030071,3.3370974376,-1.027883753,,,,,,,,0.5516815849,,-1.214620013,1,1,0,0,0,0,0,0,0,1,0,1,4,0.25,0.4115688141,0.028411,0.480473,0.7974599981
030073,-0.445692265,0.8810901551,,,0.8643059672,-0.270541921,,0.0485747107,,0.5516815849,2.3999061199,0.0931167656,1,1,0,0,1,1,0,1,0,1,1,1,8,0.125,0.5153051397,0.028411,0.480473,1.0133644494
030078,2.3901605657,-0.537004748,,,,,,,,,,0.687542574,1,1,0,0,0,0,0,0,0,0,0,1,3,0.3333333333,0.8468994639,0.028411,0.480473,1.7035054416
030083,-0.510143466,-2.445978656,0.9706687033,,0.0787983936,-1.138829195,-0.669982251,,,,0.9304207382,0.330887089,1,1,1,0,1,1,1,0,0,0,1,1,8,0.125,-0.30676983,0.028411,0.480473,-0.69760463
030084,1.9439599454,0.2811269268,,,,,,,,-0.064364365,2.5835917926,-0.620194204,1,1,0,0,0,0,0,0,0,1,1,1,5,0.2,0.8248240192,0.028411,0.480473,1.6575602362
030085,-0.331663218,-0.427920525,0.313485181,-0.149781041,-1.118165528,0.5977453531,-0.303945459,-0.094535201,,-1.501804914,0.1956780474,-0.857964528,1,1,1,1,1,1,1,1,0,1,1,1,11,0.0909090909,-0.334442894,0.028411,0.480473,-0.755200053
030087,-0.316789864,0.6629217084,1.0342671087,,-0.912437354,-2.441260105,-0.51310934,-0.59541989,,-0.680410314,0.5630493928,-0.382423881,1,1,1,0,1,1,1,1,0,1,1,1,10,0.1,-0.358161254,0.028411,0.480473,-0.804564627
030088,0.3624266358,0.8810901551,1.0130676402,-0.440766704,-1.866267979,-1.572972831,-0.147072549,0.6210143556,,,0.0119923747,-0.917407109,1,1,1,1,1,1,1,1,0,0,1,1,10,0.1,-0.205489601,0.028411,0.480473,-0.486812005
030089,0.3128487891,0.7174638201,1.1614639194,,-1.716647489,-2.007116468,-0.669982251,0.4779044444,,0.1409842852,1.1141064109,-0.085210977,1,1,1,0,1,1,1,1,0,1,1,1,10,0.1,-0.055418552,0.028411,0.480473,-0.174471969
030092,-0.272169802,0.7720059318,1.0342671087,,-0.85632967,-2.007116468,-0.147072549,-0.022980245,,,0.0119923747,-0.204096139,1,1,1,0,1,1,1,1,0,0,1,1,9,0.1111111111,-0.187944384,0.028411,0.480473,-0.450295477
030093,0.3128487891,0.6629217084,1.0554665771,-1.255526559,-1.249083457,-0.270541921,0.480419093,0.6210143556,,0.5516815849,0.5630493928,-0.382423881,1,1,1,1,1,1,1,1,0,1,1,1,11,0.0909090909,0.0990750621,0.028411,0.480473,0.1470726653
030094,-0.515101251,0.0629584801,1.0978655141,1.188753007,0.1536086387,-1.138829195,0.4281281229,-1.811854135,,-6.01947521,1.2977920836,-0.620194204,1,1,1,1,1,1,1,1,0,1,1,1,11,0.0909090909,-0.534213468,0.028411,0.480473,-1.170978769
030101,-0.445692265,-1.846015428,0.3558841179,2.0035128624,0.0600958323,0.5977453531,0.2189642422,-1.811854135,,,0.5630493928,-0.739079366,1,1,1,1,1,1,1,1,0,0,1,1,10,0.1,-0.104338939,0.028411,0.480473,-0.276289047
030103,0.6945982087,-0.482462636,0.7586740187,-1.255526559,-0.837627109,0.5977453531,-0.931437101,-0.523864934,,,-0.171693298,-0.3229813,1,1,1,1,1,1,1,1,0,0,1,1,10,0.1,-0.247457536,0.028411,0.480473,-0.574159073
030105,0.3376377125,0.8265480434,,,,,,,,,0.5630493928,,1,1,0,0,0,0,0,0,0,0,1,0,3,0.3333333333,0.5757450496,0.028411,0.480473,1.1391568902
030107,-0.52501682,0.5538374851,,,,,,,,,0.5630493928,,1,1,0,0,0,0,0,0,0,0,1,0,3,0.3333333333,0.1972900193,0.028411,0.480473,0.3514855972
030108,2.5388941058,0.0629584801,,,,,,,,,0.5630493928,,1,1,0,0,0,0,0,0,0,0,1,0,3,0.3333333333,1.0549673262,0.028411,0.480473,2.1365531463
030110,-0.510143466,-0.973341641,1.0554665771,,-0.594493812,-1.138829195,,-0.59541989,,-0.680410314,1.1141064109,-0.739079366,1,1,1,0,1,1,0,1,0,1,1,1,9,0.1111111111,-0.3402383,0.028411,0.480473,-0.767261921
030111,0.7887961174,0.9901743784,0.6102777394,,-1.604432121,-4.177834653,,0.6210143556,,,0.7467350655,-0.025768396,1,1,1,0,1,1,0,1,0,0,1,1,8,0.125,-0.256379689,0.028411,0.480473,-0.592728582
030112,-0.465523404,0.1720427035,,,,,,,,,1.2977920836,,1,1,0,0,0,0,0,0,0,0,1,0,3,0.3333333333,0.334770461,0.028411,0.480473,0.637621039
030113,4.1353007694,1.0447164901,,,,,,,,0.5516815849,2.7672774653,-0.620194204,1,1,0,0,0,0,0,0,0,1,1,1,5,0.2,1.5757564211,0.028411,0.480473,3.2204616344
030114,-0.316789864,-0.537004748,-0.068105251,-1.837497884,0.2284188838,0.5977453531,-0.56540031,0.2632395775,,,-0.171693298,-0.97684969,1,1,1,1,1,1,1,1,0,0,1,1,10,0.1,-0.338393723,0.028411,0.480473,-0.763422839
030115,0.2632709424,0.8265480434,0.6526766764,,-2.857503727,-2.441260105,0.5327100632,0.2632395775,,0.3463329351,1.4814777564,-0.441866462,1,1,1,0,1,1,1,1,0,1,1,1,10,0.1,-0.13743743,0.028411,0.480473,-0.345176309
030117,-0.52501682,-2.118725986,0.037892091,,-0.444873322,-1.138829195,-1.245182922,0.4063494887,,0.5516815849,0.7467350655,-2.046816145,1,1,1,0,1,1,1,1,0,1,1,1,10,0.1,-0.577678616,0.028411,0.480473,-1.261441959
030119,-0.470481189,0.3356690385,1.0766660456,0.2575988866,-1.024652722,0.1636017162,0.4281281229,0.6210143556,,0.3463329351,0.7467350655,1.2225258016,1,1,1,1,1,1,1,1,0,1,1,1,11,0.0909090909,0.3366489143,0.028411,0.480473,0.6415306282
030121,-0.52501682,-0.155209967,0.7162750817,,-0.482278445,-1.138829195,-0.147072549,-0.309200067,,-0.269713014,0.5630493928,-1.214620013,1,1,1,0,1,1,1,1,0,1,1,1,10,0.1,-0.29626156,0.028411,0.480473,-0.675733964
030122,0.3673844205,0.8265480434,0.1650889017,,-1.28648858,-2.007116468,-0.931437101,0.6210143556,,-0.269713014,1.6651634291,-0.382423881,1,1,1,0,1,1,1,1,0,1,1,1,10,0.1,-0.123197989,0.028411,0.480473,-0.315540031
030123,-0.252338663,0.6629217084,1.140264451,,-0.688006619,-0.704685558,0.1143823019,0.4063494887,,,-0.539064643,0.0931167656,1,1,1,0,1,1,1,1,0,0,1,1,9,0.1111111111,0.0258821369,0.028411,0.480473,-0.005262385
03012F,-0.039153922,-0.26429419,,,0.1910137612,0.1636017162,,0.6210143556,,,,-1.333505175,1,1,0,0,1,1,0,1,0,0,0,1,6,0.1666666667,-0.110220576,0.028411,0.480473,-0.288530385
030130,0.1839463877,0.6629217084,0.9918681717,,-1.398703947,-2.007116468,-0.51310934,0.4063494887,,-0.885758964,1.2977920836,-0.679636785,1,1,1,0,1,1,1,1,0,1,1,1,10,0.1,-0.194144766,0.028411,0.480473,-0.463200215
030131,-0.222591955,-0.209752078,,,,,,,,,1.4814777564,,1,1,0,0,0,0,0,0,0,0,1,0,3,0.3333333333,0.349711241,0.028411,0.480473,0.6687170016
030134,-0.019322784,0.5538374851,1.0978655141,,-0.108227219,0.1636017162,,,,,0.7467350655,1.2225258016,1,1,1,0,1,1,0,0,0,0,1,1,7,0.1428571429,0.5224307971,0.028411,0.480473,1.0281949453
030136,0.3624266358,0.0084163685,1.1614639194,,0.6772803544,-1.138829195,0.5850010334,,,,0.9304207382,0.3903296698,1,1,1,0,1,1,1,0,0,0,1,1,8,0.125,0.3720636906,0.028411,0.480473,0.7152387321
030138,1.0218119969,0.4992953735,0.313485181,,,,,0.0485747107,,,,-0.025768396,1,1,1,0,0,0,0,1,0,0,0,1,5,0.2,0.3714797732,0.028411,0.480473,0.7140234357
030139,0.2136930958,0.1175005918,1.2250623248,,1.3131674378,0.5977453531,0.0098003615,,,,0.9304207382,0.0336741848,1,1,1,0,1,1,1,0,0,0,1,1,8,0.125,0.555133011,0.028411,0.480473,1.0962574443
03013F,0.0798329097,0.6629217084,,,,0.1636017162,,0.6210143556,,,,-0.739079366,1,1,0,0,0,1,0,1,0,0,0,1,5,0.2,0.1576582647,0.028411,0.480473,0.2690007764
030146,-0.212676386,0.6083795968,1.1826633879,,-0.85632967,0.1636017162,,,,-0.475061664,1.1141064109,0.5686574123,1,1,1,0,1,1,0,0,0,1,1,1,8,0.125,0.2616676005,0.028411,0.480473,0.4854734386
030147,0.6103158693,0.8265480434,1.0130676402,,-0.388765638,0.5977453531,,,,0.5516815849,0.7467350655,-0.3229813,1,1,1,0,1,1,0,0,0,1,1,1,8,0.125,0.4542933272,0.028411,0.480473,0.8863817187
030148,-0.351494357,-0.646088971,0.7162750817,-0.848146631,-0.201740026,-0.270541921,,-0.094535201,,,0.5630493928,0.0931167656,1,1,1,1,1,1,0,1,0,0,1,1,9,0.1111111111,-0.115567318,0.028411,0.480473,-0.29965846
030152,,,1.0554665771,,,,,,,,,,0,0,1,0,0,0,0,0,0,0,0,0,1,1,1.0554665771,0.028411,0.480473,2.1375922277
030153,,-0.755173195,1.2250623248,,,,,,,,,,0,1,1,0,0,0,0,0,0,0,0,0,2,0.5,0.234944565,0.028411,0.480473,0.4298552906
030154,,-1.57330487,1.2250623248,,,,,,,,,,0,1,1,0,0,0,0,0,0,0,0,0,2,0.5,-0.174121272,0.028411,0.480473,-0.421525696
03033F,-0.182929678,-0.318836301,,,,0.5977453531,,,,,,0.6280999932,1,1,0,0,0,1,0,0,0,0,0,1,4,0.25,0.1810198417,0.028411,0.480473,0.3176227845
031300,,-0.537004748,-0.36489781,0.9559644769,,0.1636017162,,,,,,,0,1,1,1,0,1,0,0,0,0,0,0,4,0.25,0.0544159088,0.028411,0.480473,0.0541244146
031301,,0.9901743784,0.037892091,,-0.033416974,-0.270541921,,,,,,,0,1,1,0,1,1,0,0,0,0,0,0,4,0.25,0.1810268936,0.028411,0.480473,0.3176374615
031302,,0.8810901551,-0.068105251,,,,,,,,,,0,1,1,0,0,0,0,0,0,0,0,0,2,0.5,0.4064924519,0.028411,0.480473,0.7868946614
031304,0.4169622672,0.3902111501,0.4406819917,,1.3318699991,0.5977453531,,0.2632395775,,0.5516815849,1.8488491018,,1,1,1,0,1,1,0,1,0,1,1,0,8,0.125,0.7301551282,0.028411,0.480473,1.4605276649
031305,,0.9356322668,,,,,,,,,,,0,1,0,0,0,0,0,0,0,0,0,0,1,1,0.9356322668,0.028411,0.480473,1.8881833452
031308,,,,,0.9765213348,0.5977453531,,,,,,,0,0,0,0,1,1,0,0,0,0,0,0,2,0.5,0.787133344,0.028411,0.480473,1.5791153472
031309,,,1.0554665771,,0.8081982834,1.03188899,,,,,,,0,0,1,0,1,1,0,0,0,0,0,0,3,0.3333333333,0.9651846168,0.028411,0.480473,1.9496900921
031311,-0.475438973,0.4992953735,0.8858708294,,0.1162035161,,,,,-5.198080611,0.7467350655,,1,1,1,0,1,0,0,0,0,1,1,0,6,0.1666666667,-0.570902467,0.028411,0.480473,-1.247338887
031312,,0.7174638201,0.1014904963,,0.6585777931,,,,,,-1.64117868,,0,1,1,0,1,0,0,0,0,0,1,0,4,0.25,-0.040911643,0.028411,0.480473,-0.144279014
031313,-0.495270112,-1.355136423,0.4194825233,,0.2284188838,0.5977453531,,,,0.1409842852,2.3999061199,0.2120019273,1,1,1,0,1,1,0,0,0,1,1,1,8,0.125,0.2685165697,0.028411,0.480473,0.4997280687
031314,,1.0992586017,-1.658065386,0.4321902842,1.0326290187,1.03188899,,,,0.5516815849,0.0119923747,,0,1,1,1,1,1,0,0,0,1,1,0,7,0.1428571429,0.357367924,0.028411,0.480473,0.6846527111
031315,,,0.1014904963,,0.378039374,0.5977453531,,,,,,,0,0,1,0,1,1,0,0,0,0,0,0,3,0.3333333333,0.3590917411,0.028411,0.480473,0.6882404591
031317,-0.173014108,-1.627846981,,,,,,,,,,,1,1,0,0,0,0,0,0,0,0,0,0,2,0.5,-0.900430545,0.028411,0.480473,-1.933179441
031318,0.1641152491,0.3356690385,-0.767687711,,0.378039374,0.5977453531,-0.46081837,0.6210143556,,0.5516815849,0.3793637201,,1,1,1,0,1,1,1,1,0,1,1,0,9,0.1111111111,0.1999025105,0.028411,0.480473,0.3569229257
031319,,,0.313485181,,0.7894957221,0.5977453531,-1.506637773,-0.523864934,,-0.475061664,,-1.511832917,0,0,1,0,1,1,1,1,0,1,0,1,7,0.1428571429,-0.330953005,0.028411,0.480473,-0.747936613
031320,,0.8810901551,,,,,,,,,,-0.204096139,0,1,0,0,0,0,0,0,0,0,0,1,2,0.5,0.3384970082,0.028411,0.480473,0.6453770312
040001,-0.515101251,-0.973341641,-0.152903125,,1.3692751217,0.5977453531,0.7418739439,0.0485747107,,0.5516815849,-1.457493007,1.1630832207,1,1,1,0,1,1,1,1,0,1,1,1,10,0.1,0.1373394911,0.028411,0.480473,0.2267116972
040002,-0.52501682,0.7174638201,0.6950756133,,-0.033416974,0.1636017162,,0.6210143556,,0.5516815849,0.7467350655,0.3903296698,1,1,1,0,1,1,0,1,0,1,1,1,9,0.1111111111,0.3697186701,0.028411,0.480473,0.7103580853
040004,1.1953344603,1.0992586017,0.6314772079,0.3157960191,-0.85632967,0.5977453531,0.4281281229,-1.74029918,,-0.680410314,-0.355378971,-0.441866462,1,1,1,1,1,1,1,1,0,1,1,1,11,0.0909090909,0.0175868335,0.028411,0.480473,-0.022527243
040007,0.659893716,0.7720059318,0.9706687033,0.083007489,0.0039881484,0.5977453531,,0.6210143556,,,-0.722750316,0.3903296698,1,1,1,1,1,1,0,1,0,0,1,1,9,0.1111111111,0.375100339,0.028411,0.480473,0.7215588508
040010,-0.430818911,0.7720059318,-0.979682395,0.1412046215,-0.201740026,0.5977453531,0.6895829737,-0.022980245,1.3384194673,0.5516815849,0.0119923747,0.4497722506,1,1,1,1,1,1,1,1,1,1,1,1,12,0.0833333333,0.2430985817,0.028411,0.480473,0.4468260913
040011,-0.331663218,-3.155026108,-0.36489781,,1.1074392638,0.5977453531,,0.1916846219,,,,-1.095734851,1,1,1,0,1,1,0,1,0,0,0,1,7,0.1428571429,-0.435778964,0.028411,0.480473,-0.966108898
040014,-0.391156634,-0.809715306,-0.343698341,1.1305558745,-0.370063077,-1.572972831,1.5262384964,0.6210143556,,-0.269713014,-0.539064643,-1.333505175,1,1,1,1,1,1,1,1,0,1,1,1,11,0.0909090909,-0.213825481,0.028411,0.480473,-0.504161315
040015,-0.470481189,-1.300594311,-1.085679738,,1.6124084183,-1.572972831,,0.6210143556,,0.5516815849,0.3793637201,,1,1,1,0,1,1,0,1,0,1,1,0,8,0.125,-0.158157499,0.028411,0.480473,-0.388300596
040016,0.1690730337,0.8265480434,-0.216501531,-0.906343764,-2.539560185,-0.704685558,-3.023075908,0.0485747107,0.1294274411,-0.475061664,0.0119923747,-0.501309043,1,1,1,1,1,1,1,1,1,1,1,1,12,0.0833333333,-0.598410171,0.028411,0.480473,-1.304590151
040017,-0.515101251,0.1720427035,-0.682889837,,0.1349060774,-1.138829195,0.8987468544,0.6210143556,-1.037875205,0.5516815849,-0.355378971,-0.857964528,1,1,1,0,1,1,1,1,1,1,1,1,11,0.0909090909,-0.200877037,0.028411,0.480473,-0.477211963
040018,-0.510143466,-1.191510088,0.3558841179,,1.6872186634,0.1636017162,,,,,,,1,1,1,0,1,1,0,0,0,0,0,0,5,0.2,0.1010101887,0.028411,0.480473,0.1511002076
040019,-0.520059035,-0.59154686,-0.36489781,0.8977673444,0.6024701093,0.1636017162,,0.6210143556,,-1.296456264,1.6651634291,1.5791812866,1,1,1,1,1,1,0,1,0,1,1,1,10,0.1,0.2756238272,0.028411,0.480473,0.5145202693
040020,-0.401072203,1.0447164901,-0.810086648,0.4321902842,-0.968545038,-1.138829195,0.2189642422,0.4779044444,-0.12070884,0.5516815849,-0.539064643,0.9847554782,1,1,1,1,1,1,1,1,1,1,1,1,12,0.0833333333,-0.02234117,0.028411,0.480473,-0.105628642
040022,-0.37628328,-0.482462636,-0.958482927,1.7125271997,0.5089573029,1.03188899,0.6372920035,0.4063494887,,-0.680410314,0.7467350655,0.2120019273,1,1,1,1,1,1,1,1,0,1,1,1,11,0.0909090909,0.2507375291,0.028411,0.480473,0.462724888
040026,1.1358410443,0.9356322668,-1.043280801,-0.324372439,-1.043355283,-0.704685558,-1.558928743,0.1916846219,0.101634521,0.5516815849,-1.64117868,-0.857964528,1,1,1,1,1,1,1,1,1,1,1,1,12,0.0833333333,-0.354774333,0.028411,0.480473,-0.797515492
040027,-0.515101251,-2.118725986,-4.49879416,-0.382569571,0.0600958323,0.5977453531,-0.251654489,-0.237645112,0.3795637224,0.1409842852,-0.722750316,-1.392947755,1,1,1,1,1,1,1,1,1,1,1,1,12,0.0833333333,-0.745149954,0.028411,0.480473,-1.609996885
040029,-0.163098539,1.0447164901,-0.152903125,0.3739931517,-0.818924548,-0.704685558,1.3170746157,-0.881639712,0.8659398249,-0.064364365,0.5630493928,0.0931167656,1,1,1,1,1,1,1,1,1,1,1,1,12,0.0833333333,0.1226895328,0.028411,0.480473,0.1962210164
040036,-0.475438973,-1.027883753,0.3770835864,0.2575988866,-1.641837244,-0.704685558,0.1143823019,0.6210143556,0.3795637224,0.5516815849,0.0119923747,0.4497722506,1,1,1,1,1,1,1,1,1,1,1,1,12,0.0833333333,-0.090563039,0.028411,0.480473,-0.247617525
040039,0.9871075042,0.9356322668,-0.470895152,,0.041393271,-1.138829195,1.107910735,0.4779044444,,-0.475061664,-0.171693298,-0.144653558,1,1,1,0,1,1,1,1,0,1,1,1,10,0.1,0.1148815355,0.028411,0.480473,0.1799703792
040041,-0.460565619,-0.700631083,0.5042803971,0.083007489,0.4341470578,-0.704685558,-1.088310012,-2.169628914,,0.1409842852,0.5630493928,0.0336741848,1,1,1,1,1,1,1,1,0,1,1,1,11,0.0909090909,-0.305879853,0.028411,0.480473,-0.695752336
040050,-0.430818911,0.4447532618,-0.746488242,,0.9952238961,0.5977453531,,0.6210143556,,-0.064364365,0.5630493928,-0.798521947,1,1,1,0,1,1,0,1,0,1,1,1,9,0.1111111111,0.1312880883,0.028411,0.480473,0.2141170271
040051,-0.485354543,-0.155209967,-5.643565457,,0.2845265676,-1.572972831,-2.604748147,-2.312738825,,-0.475061664,1.1141064109,-0.560751624,1,1,1,0,1,1,1,1,0,1,1,1,10,0.1,-1.241177008,0.028411,0.480473,-2.642368606
040055,-0.440734481,-0.864257418,-1.170477611,0.3739931517,0.2097163225,-0.704685558,0.6372920035,0.4063494887,,0.5516815849,-0.355378971,-0.501309043,1,1,1,1,1,1,1,1,0,1,1,1,11,0.0909090909,-0.168891866,0.028411,0.480473,-0.410641832
040062,-0.341578787,0.8265480434,-0.343698341,0.3739931517,-0.669304058,-1.572972831,-0.199363519,0.6210143556,0.7686646044,0.1409842852,0.0119923747,0.2714445081,1,1,1,1,1,1,1,1,1,1,1,1,12,0.0833333333,-0.009356351,0.028411,0.480473,-0.078603583
040067,-0.401072203,-0.155209967,-0.110504188,,0.9765213348,0.1636017162,-0.931437101,,,,0.0119923747,-2.344029049,1,1,1,0,1,1,1,0,0,0,1,1,8,0.125,-0.348767135,0.028411,0.480473,-0.785012826
040069,,0.0629584801,-0.152903125,,0.4528496191,-1.572972831,,0.1201296663,,-0.064364365,-2.192235698,-3.592323246,0,1,1,0,1,1,0,1,0,1,1,1,8,0.125,-0.867357688,0.028411,0.480473,-1.864345529
040071,-0.505185681,-0.046125743,-0.767687711,0.5485845492,-0.85632967,-1.138829195,1.3170746157,-0.523864934,-1.107357505,-0.269713014,0.9304207382,-0.501309043,1,1,1,1,1,1,1,1,1,1,1,1,12,0.0833333333,-0.243360216,0.028411,0.480473,-0.565631399
040072,-0.52501682,-0.537004748,0.4830809287,,1.2944648766,-0.270541921,,0.2632395775,,,0.0119923747,-1.214620013,1,1,1,0,1,1,0,1,0,0,1,1,8,0.125,-0.061800718,0.028411,0.480473,-0.187755052
040076,-0.52501682,0.1175005918,0.313485181,,1.0139264574,0.1636017162,1.107910735,,,,-1.824864352,0.8658703165,1,1,1,0,1,1,1,0,0,0,1,1,8,0.125,0.1540517282,0.028411,0.480473,0.2614945601
040078,0.3029332198,-0.155209967,-1.064480269,1.2469501395,-0.538386129,-1.138829195,,-1.096304579,,-0.269713014,-0.171693298,-0.263538719,1,1,1,1,1,1,0,1,0,1,1,1,10,0.1,-0.314827181,0.028411,0.480473,-0.714374241
040084,-0.371325495,0.9356322668,-0.174102594,,0.0975009548,-0.270541921,1.107910735,-3.386063159,,0.5516815849,0.1956780474,-1.74960324,1,1,1,0,1,1,1,1,0,1,1,1,10,0.1,-0.306323282,0.028411,0.480473,-0.696675237
040088,-0.455607835,-0.100667855,-1.022081332,,1.1261418251,0.1636017162,-2.134129415,0.1916846219,0.1155309811,-4.376686012,-0.355378971,-0.085210977,1,1,1,0,1,1,1,1,1,1,1,1,11,0.0909090909,-0.630254841,0.028411,0.480473,-1.370867861
04009F,-0.177971893,0.2811269268,,,,0.5977453531,,-1.024749624,,,,1.6386238674,1,1,0,0,0,1,0,1,0,0,0,1,5,0.2,0.2629549261,0.028411,0.480473,0.4881527251
04010F,-0.063942846,0.1175005918,,,0.5650649868,0.1636017162,,0.3347945331,,,,0.4497722506,1,1,0,0,1,1,0,1,0,0,0,1,6,0.1666666667,0.2611318721,0.028411,0.480473,0.4843584374
040114,-0.356452141,-0.700631083,0.2498867756,0.3739931517,-0.370063077,-0.270541921,,0.6210143556,-1.426976087,0.5516815849,-0.355378971,0.9253128974,1,1,1,1,1,1,0,1,1,1,1,1,11,0.0909090909,-0.068923138,0.028411,0.480473,-0.202578809
040118,-0.52501682,0.8810901551,-3.820411169,0.3157960191,0.9952238961,0.5977453531,1.2647836455,-0.237645112,-0.412534502,0.5516815849,-0.722750316,0.9847554782,1,1,1,1,1,1,1,1,1,1,1,1,12,0.0833333333,-0.010606816,0.028411,0.480473,-0.081206151
040119,-0.475438973,0.9901743784,0.9282697664,-1.080935161,0.5650649868,0.5977453531,0.5327100632,0.6210143556,,-0.269713014,-0.171693298,0.9253128974,1,1,1,1,1,1,1,1,0,1,1,1,11,0.0909090909,0.2875010321,0.028411,0.480473,0.5392400711
040132,2.5587252445,0.8265480434,,,,,,,,,0.9304207382,,1,1,0,0,0,0,0,0,0,0,1,0,3,0.3333333333,1.4385646754,0.028411,0.480473,2.9349270502
040134,-0.242423094,-0.537004748,0.271086244,0.0248103565,-0.762816864,0.5977453531,,,,,0.5630493928,1.6386238674,1,1,1,1,1,1,0,0,0,0,1,1,8,0.125,0.1941338135,0.028411,0.480473,0.3449166458
040137,0.1690730337,0.7174638201,0.7162750817,,0.1910137612,0.1636017162,,,,,-0.539064643,1.044198059,1,1,1,0,1,1,0,0,0,0,1,1,7,0.1428571429,0.3517944041,0.028411,0.480473,0.6730526495
040147,-0.480396758,0.7720059318,,,-0.089524658,,,,-0.343052201,,,,1,1,0,0,1,0,0,0,1,0,0,0,4,0.25,-0.035241921,0.028411,0.480473,-0.132478731
040153,-0.52501682,0.6083795968,-0.195302062,,1.0887367025,-0.270541921,,,,,1.6651634291,0.8658703165,1,1,1,0,1,1,0,0,0,0,1,1,7,0.1428571429,0.4624698917,0.028411,0.480473,0.9033994476
040154,-0.490312327,-0.700631083,-0.810086648,0.6067816818,0.4341470578,-1.138829195,-0.46081837,0.6210143556,,0.5516815849,-0.539064643,0.5686574123,1,1,1,1,1,1,1,1,0,1,1,1,11,0.0909090909,-0.12340547,0.028411,0.480473,-0.315971857
040156,-0.406029988,0.4447532618,-0.08930472,,0.2097163225,-0.704685558,-0.669982251,0.2632395775,,,-1.457493007,-0.739079366,1,1,1,0,1,1,1,1,0,0,1,1,9,0.1111111111,-0.34987397,0.028411,0.480473,-0.787316459
040161,-0.391156634,-1.2460522,0.8858708294,0.1994017541,-0.276550271,1.03188899,-0.35623643,0.6210143556,,,0.5630493928,-1.095734851,1,1,1,1,1,1,1,1,0,0,1,1,10,0.1,-0.006450506,0.028411,0.480473,-0.072555703
040164,-0.465523404,-3.100483996,,,,,,,,,,,1,1,0,0,0,0,0,0,0,0,0,0,2,0.5,-1.7830037,0.028411,0.480473,-3.770062248
041300,-0.490312327,0.9901743784,0.3770835864,,0.7333880382,1.03188899,,,,,-1.273807334,,1,1,1,0,1,1,0,0,0,0,1,0,6,0.1666666667,0.2280692219,0.028411,0.480473,0.4155457691
041302,-0.52501682,0.6629217084,-0.280099936,,1.5750032957,0.5977453531,,,,,-0.171693298,,1,1,1,0,1,1,0,0,0,0,1,0,6,0.1666666667,0.3098100505,0.028411,0.480473,0.585671409
041303,-0.52501682,0.9356322668,0.7586740187,,0.6772803544,1.03188899,,,,,-1.64117868,,1,1,1,0,1,1,0,0,0,0,1,0,6,0.1666666667,0.206213355,0.028411,0.480473,0.3700575669
041305,-0.52501682,0.9901743784,0.4618814602,,1.5188956119,1.03188899,,,,,-3.110664061,,1,1,1,0,1,1,0,0,0,0,1,0,6,0.1666666667,0.0611932598,0.028411,0.480473,0.0682299871
041306,,-1.300594311,,,0.583767548,1.03188899,,,,,,,0,1,0,0,1,1,0,0,0,0,0,0,3,0.3333333333,0.1050207422,0.028411,0.480473,0.1594472967
041307,,1.1538007134,-1.446070701,,1.1261418251,0.1636017162,,,,,-0.171693298,,0,1,1,0,1,1,0,0,0,0,1,0,5,0.2,0.165156051,0.028411,0.480473,0.2846057771
041308,,0.0629584801,,,0.4341470578,0.1636017162,,,,,,,0,1,0,0,1,1,0,0,0,0,0,0,3,0.3333333333,0.2202357514,0.028411,0.480473,0.3992421151
041309,,0.7174638201,-0.788887179,,1.1635469476,0.1636017162,,,,,-1.64117868,,0,1,1,0,1,1,0,0,0,0,1,0,5,0.2,-0.077090675,0.028411,0.480473,-0.21957775
041310,-0.52501682,0.7174638201,1.0978655141,,0.6959829157,0.5977453531,-2.918493968,0.6210143556,,,1.4814777564,,1,1,1,0,1,1,1,1,0,0,1,0,8,0.125,0.2210048659,0.028411,0.480473,0.4008428586
041311,,-0.100667855,0.3770835864,,1.1261418251,0.1636017162,,,,,-1.273807334,,0,1,1,0,1,1,0,0,0,0,1,0,5,0.2,0.0584703877,0.028411,0.480473,0.0625629248
041312,-0.465523404,-0.318836301,-0.301299404,,0.8830085285,0.1636017162,,0.6210143556,,,-0.355378971,-2.344029049,1,1,1,0,1,1,0,1,0,0,1,1,8,0.125,-0.264680316,0.028411,0.480473,-0.61000452
041313,,0.3902111501,0.2074878387,,0.3032291289,0.5977453531,0.2189642422,,,,1.6651634291,,0,1,1,0,1,1,1,0,0,0,1,0,6,0.1666666667,0.5638001903,0.028411,0.480473,1.1142962807
041317,,0.4992953735,0.1650889017,,,0.5977453531,,,,,,,0,1,1,0,0,1,0,0,0,0,0,0,3,0.3333333333,0.4207098761,0.028411,0.480473,0.8164851173
041318,-0.475438973,0.7720059318,0.4194825233,,1.3879776829,1.03188899,,0.6210143556,,,-1.824864352,,1,1,1,0,1,1,0,1,0,0,1,0,7,0.1428571429,0.2760094511,0.028411,0.480473,0.515322861
041320,,1.1538007134,-0.343698341,,0.1349060774,,,,,,,,0,1,1,0,1,0,0,0,0,0,0,0,3,0.3333333333,0.3150028165,0.028411,0.480473,0.5964790145
041321,-0.485354543,0.2811269268,0.9282697664,,1.2196546314,0.5977453531,-1.454346803,0.5494594,,0.5516815849,0.9304207382,-0.025768396,1,1,1,0,1,1,1,1,0,1,1,1,10,0.1,0.3092888659,0.028411,0.480473,0.5845866772
041322,,,0.1014904963,,,,,,,,,,0,0,1,0,0,0,0,0,0,0,0,0,1,1,0.1014904963,0.028411,0.480473,0.1520998629
041323,,,-4.329198412,0.7813730793,1.2383571927,,,,,,0.5630493928,,0,0,1,1,1,0,0,0,0,0,1,0,4,0.25,-0.436604687,0.028411,0.480473,-0.967827459
041324,-0.257296448,0.9356322668,0.4194825233,,1.2944648766,1.03188899,,0.6210143556,,,-1.273807334,1.9358367716,1,1,1,0,1,1,0,1,0,0,1,1,8,0.125,0.5884020002,0.028411,0.480473,1.165499562
041326,,,0.1862883702,,,,,,,-11.35854011,0.9304207382,,0,0,1,0,0,0,0,0,0,1,1,0,3,0.3333333333,-3.413943666,0.028411,0.480473,-7.164506737
041327,0.8482895335,-0.537004748,-0.873685053,,,0.5977453531,,,,0.5516815849,-1.273807334,,1,1,1,0,0,1,0,0,0,1,1,0,6,0.1666666667,-0.114463444,0.028411,0.480473,-0.297360987
041328,,0.2811269268,-0.534493558,,0.9952238961,1.03188899,,,,,,,0,1,1,0,1,1,0,0,0,0,0,0,4,0.25,0.4434365638,0.028411,0.480473,0.8637857425
041329,-0.485354543,0.8810901551,0.5042803971,,1.0326290187,1.03188899,,-1.954964047,,,-2.375921371,,1,1,1,0,1,1,0,1,0,0,1,0,7,0.1428571429,-0.195193057,0.028411,0.480473,-0.465382003
041330,,0.4992953735,1.0766660456,,0.7894957221,,,,,,-0.906435989,,0,1,1,0,1,0,0,0,0,0,1,0,4,0.25,0.3647552881,0.028411,0.480473,0.7000278921
041331,,0.7720059318,,,,,,,,,-0.722750316,,0,1,0,0,0,0,0,0,0,0,1,0,2,0.5,0.0246278078,0.028411,0.480473,-0.007872996
041332,-0.45065005,-1.791473316,0.822272424,,0.4341470578,,,,,-2.528548163,,-2.344029049,1,1,1,0,1,0,0,0,0,1,0,1,6,0.1666666667,-0.976380183,0.028411,0.480473,-2.091251985
050002,-0.465523404,0.3356690385,0.822272424,,-0.837627109,-0.704685558,,,,0.5516815849,0.7467350655,0.7469851548,1,1,1,0,1,1,0,0,0,1,1,1,8,0.125,0.1494383996,0.028411,0.480473,0.2518929267
050006,0.1244529717,-0.537004748,-0.534493558,1.4797386696,-0.650601496,-1.138829195,-0.722273221,-3.600728026,0.504631863,0.5516815849,-1.090121662,-0.679636785,1,1,1,1,1,1,1,1,1,1,1,1,12,0.0833333333,-0.524431967,0.028411,0.480473,-1.150620715
050007,-0.52501682,0.2811269268,-0.746488242,0.3739931517,-0.650601496,-0.270541921,0.1143823019,0.1201296663,-1.051771665,-0.680410314,0.0119923747,0.2120019273,1,1,1,1,1,1,1,1,1,1,1,1,12,0.0833333333,-0.234267009,0.028411,0.480473,-0.54670588
050008,-0.52501682,0.4992953735,-0.534493558,,-0.145632342,-0.270541921,,,,,-0.906435989,0.5092148315,1,1,1,0,1,1,0,0,0,0,1,1,7,0.1428571429,-0.196230061,0.028411,0.480473,-0.467540298
050009,0.2682287271,-0.482462636,-0.682889837,0.1412046215,-0.033416974,-0.270541921,0.6372920035,-0.666974846,0.5880106234,0.5516815849,0.7467350655,0.330887089,1,1,1,1,1,1,1,1,1,1,1,1,12,0.0833333333,0.0939794585,0.028411,0.480473,0.1364672818
050013,-0.485354543,0.6083795968,-0.258900467,1.072358742,0.8081982834,0.5977453531,,-0.523864934,,,0.3793637201,0.9847554782,1,1,1,1,1,1,0,1,0,0,1,1,9,0.1111111111,0.3536312477,0.028411,0.480473,0.6768756373
050014,-0.52501682,-1.082425865,0.2498867756,0.6649788143,0.4902547416,0.5977453531,,-1.597189269,-0.343052201,-0.064364365,0.0119923747,1.3414109632,1,1,1,1,1,1,0,1,1,1,1,1,11,0.0909090909,-0.023252682,0.028411,0.480473,-0.107525753
050017,-0.361409926,-0.427920525,1.0130676402,2.0035128624,-0.332657955,0.1636017162,,0.6210143556,,0.5516815849,0.9304207382,1.2819683824,1,1,1,1,1,1,0,1,0,1,1,1,10,0.1,0.5443278875,0.028411,0.480473,1.0737689452
050022,-0.52501682,-2.064183875,0.7798734871,,-0.463575883,0.5977453531,,-0.309200067,,0.1409842852,0.5630493928,0.6280999932,1,1,1,0,1,1,0,1,0,1,1,1,9,0.1111111111,-0.072469348,0.028411,0.480473,-0.20995947
050024,0.3178065738,-0.209752078,0.822272424,,-0.594493812,-0.704685558,,0.6210143556,,,1.1141064109,-0.085210977,1,1,1,0,1,1,0,1,0,0,1,1,8,0.125,0.1601321674,0.028411,0.480473,0.2741496632
050025,-0.296958725,0.0084163685,0.1862883702,-0.906343764,-2.876206288,-0.704685558,,0.4779044444,1.3523159273,-0.064364365,0.3793637201,-0.085210977,1,1,1,1,1,1,0,1,1,1,1,1,11,0.0909090909,-0.229952804,0.028411,0.480473,-0.537726807
050026,0.1393263257,-0.046125743,0.5678788025,-2.070286414,-0.744114303,-0.270541921,,0.5494594,,0.5516815849,0.5630493928,0.2120019273,1,1,1,1,1,1,0,1,0,1,1,1,10,0.1,-0.054767095,0.028411,0.480473,-0.173116105
050028,0.2335242344,-0.59154686,0.1438894333,,0.7894957221,-1.572972831,,0.1201296663,,0.5516815849,0.3793637201,-0.679636785,1,1,1,0,1,1,0,1,0,1,1,1,9,0.1111111111,-0.069563568,0.028411,0.480473,-0.203911725
050030,-0.341578787,-2.282352321,-3.099629241,-1.255526559,-1.492216754,-5.046121927,,-0.666974846,,-0.064364365,-0.539064643,-0.3229813,1,1,1,1,1,1,0,1,0,1,1,1,10,0.1,-1.511081074,0.028411,0.480473,-3.204114832
050036,-0.505185681,0.1175005918,1.0978655141,,-0.744114303,-1.572972831,,0.5494594,,0.5516815849,0.3793637201,0.0931167656,1,1,1,0,1,1,0,1,0,1,1,1,9,0.1111111111,-0.00369836,0.028411,0.480473,-0.066827713
050038,0.0847906943,-1.791473316,-0.152903125,0.4321902842,0.0600958323,1.03188899,1.0033287947,-1.668744224,-0.10681238,-0.064364365,0.9304207382,0.1525593464,1,1,1,1,1,1,1,1,1,1,1,1,12,0.0833333333,-0.007418561,0.028411,0.480473,-0.074570497
050039,-0.272169802,-1.136967976,-0.534493558,-0.557160969,-0.818924548,-0.704685558,0.2189642422,-1.096304579,1.7831061895,-0.475061664,0.0119923747,1.1630832207,1,1,1,1,1,1,1,1,1,1,1,1,12,0.0833333333,-0.201551886,0.028411,0.480473,-0.478616512
050040,-0.133351831,-0.973341641,-4.689589376,0.4903874167,-2.969719095,-1.572972831,,,,0.5516815849,2.0325347745,-1.927930983,1,1,1,1,1,1,0,0,0,1,1,1,9,0.1111111111,-1.021366887,0.028411,0.480473,-2.184881961
050042,-0.440734481,0.0084163685,-0.004506846,,0.6024701093,0.5977453531,1.2124926754,0.6210143556,,0.5516815849,1.2977920836,0.5092148315,1,1,1,0,1,1,1,1,0,1,1,1,10,0.1,0.4955586035,0.028411,0.480473,0.9722663574
050043,-0.52501682,0.0084163685,0.0802910279,-0.324372439,-1.791457734,-0.270541921,1.2124926754,0.6210143556,,,-0.171693298,-0.679636785,1,1,1,1,1,1,1,1,0,0,1,1,10,0.1,-0.184050457,0.028411,0.480473,-0.44219112
050045,-0.490312327,0.4447532618,-0.08930472,,-1.847565418,-0.704685558,-1.192891952,-0.309200067,,,,0.9253128974,1,1,1,0,1,1,1,1,0,0,0,1,8,0.125,-0.407986735,0.028411,0.480473,-0.908265459
050047,-0.52501682,0.6083795968,-0.852485584,0.0248103565,-1.211678335,-2.007116468,0.480419093,0.0485747107,,-1.296456264,-0.171693298,1.044198059,1,1,1,1,1,1,1,1,0,1,1,1,11,0.0909090909,-0.350733178,0.028411,0.480473,-0.789104712
050054,3.5354088244,-0.482462636,0.6950756133,,-0.55708869,0.1636017162,,-0.666974846,,0.5516815849,0.5630493928,1.9358367716,1,1,1,0,1,1,0,1,0,1,1,1,9,0.1111111111,0.6375697479,0.028411,0.480473,1.2678314649
050055,-0.52501682,0.5538374851,0.3770835864,,-0.875032232,-1.138829195,,,,,-0.355378971,0.5686574123,1,1,1,0,1,1,0,0,0,0,1,1,7,0.1428571429,-0.199239819,0.028411,0.480473,-0.473804452
050056,-0.257296448,-1.2460522,1.2250623248,,-1.380001386,0.1636017162,,0.5494594,,0.5516815849,0.5630493928,1.5791812866,1,1,1,0,1,1,0,1,0,1,1,1,9,0.1111111111,0.194298408,0.028411,0.480473,0.3452592131
050057,-0.465523404,0.6083795968,0.1862883702,0.7231759468,-2.146806398,0.5977453531,0.2712552124,0.2632395775,-0.648774323,0.5516815849,0.1956780474,0.687542574,1,1,1,1,1,1,1,1,1,1,1,1,12,0.0833333333,0.0686568448,0.028411,0.480473,0.0837638053
050058,0.0550439863,0.0084163685,0.3558841179,,-0.70670918,-0.270541921,,-0.166090156,,0.5516815849,0.5630493928,0.9253128974,1,1,1,0,1,1,0,1,0,1,1,1,9,0.1111111111,0.1462274545,0.028411,0.480473,0.2452100474
050060,-0.108562908,0.6083795968,0.0166926225,-1.139132294,-2.202914082,0.5977453531,,-0.094535201,,0.5516815849,0.0119923747,-0.97684969,1,1,1,1,1,1,0,1,0,1,1,1,10,0.1,-0.273550264,0.028411,0.480473,-0.628465375
050063,3.8080869812,-1.082425865,0.4618814602,,-2.053293592,-1.138829195,,0.5494594,,0.1409842852,0.9304207382,0.8658703165,1,1,1,0,1,1,0,1,0,1,1,1,9,0.1111111111,0.2757949478,0.028411,0.480473,0.5148764193
050067,-0.52501682,-0.755173195,0.1014904963,,0.4154444965,-0.270541921,,,,,0.5630493928,0.8658703165,1,1,1,0,1,1,0,0,0,0,1,1,7,0.1428571429,0.0564461095,0.028411,0.480473,0.0583498329
050069,-0.15318297,-0.046125743,-0.216501531,0.6649788143,-1.099462967,0.1636017162,0.3235461825,0.2632395775,,0.1409842852,0.3793637201,0.687542574,1,1,1,1,1,1,1,1,0,1,1,1,11,0.0909090909,0.1007257872,0.028411,0.480473,0.1505082882
050070,0.1294107564,-0.155209967,1.2250623248,,,,,,,,0.9304207382,1.2225258016,1,1,1,0,0,0,0,0,0,0,1,1,5,0.2,0.6704419309,0.028411,0.480473,1.3362477173
050071,0.1541996797,-0.155209967,0.7586740187,,,,,,,0.5516815849,1.8488491018,0.2714445081,1,1,1,0,0,0,0,0,0,1,1,1,6,0.1666666667,0.5716064878,0.028411,0.480473,1.1305433798
050072,0.074875125,-0.700631083,1.2250623248,,,,,,,-0.475061664,1.1141064109,-0.144653558,1,1,1,0,0,0,0,0,0,1,1,1,6,0.1666666667,0.1822829259,0.028411,0.480473,0.3202516177
050073,0.0203394936,-1.027883753,1.0978655141,,,,,,,0.1409842852,1.4814777564,1.3414109632,1,1,1,0,0,0,0,0,0,1,1,1,6,0.1666666667,0.5090323766,0.028411,0.480473,1.0003090663
050075,0.3326799278,-0.646088971,1.0342671087,,,,,,,0.5516815849,0.1956780474,0.5686574123,1,1,1,0,0,0,0,0,0,1,1,1,6,0.1666666667,0.3394791849,0.028411,0.480473,0.647421217
050076,0.6202314387,-0.209752078,,,,,,,,0.5516815849,1.2977920836,0.0931167656,1,1,0,0,0,0,0,0,0,1,1,1,5,0.2,0.4706139589,0.028411,0.480473,0.9203495406
050077,-0.510143466,0.4992953735,0.4406819917,-2.303074945,-0.594493812,-0.704685558,1.2647836455,0.1201296663,,0.1409842852,0.1956780474,0.6280999932,1,1,1,1,1,1,1,1,0,1,1,1,11,0.0909090909,-0.07479498,0.028411,0.480473,-0.214799763
050078,-0.133351831,-0.427920525,-0.407296747,,-0.295252832,0.1636017162,,0.3347945331,,,-0.171693298,1.4602961249,1,1,1,0,1,1,0,1,0,0,1,1,8,0.125,0.0653971427,0.028411,0.480473,0.0769794489
050082,-0.510143466,-0.809715306,0.7374745502,-2.826849137,-0.220442587,0.1636017162,0.8987468544,0.0485747107,,0.5516815849,0.0119923747,0.9253128974,1,1,1,1,1,1,1,1,0,1,1,1,11,0.0909090909,-0.093615073,0.028411,0.480473,-0.253969668
050084,-0.187887462,0.0084163685,-0.873685053,0.9559644769,-0.912437354,0.1636017162,1.107910735,0.6210143556,,0.5516815849,0.7467350655,0.0336741848,1,1,1,1,1,1,1,1,0,1,1,1,11,0.0909090909,0.2013626016,0.028411,0.480473,0.3599617857
050089,-0.420903342,-1.191510088,0.3770835864,,0.1162035161,0.1636017162,,0.6210143556,,0.5516815849,1.6651634291,-0.263538719,1,1,1,0,1,1,0,1,0,1,1,1,9,0.1111111111,0.1798662265,0.028411,0.480473,0.315221787
050090,0.0104239243,0.1720427035,-0.322498873,2.0035128624,0.3032291289,0.1636017162,-0.094781579,0.6210143556,,,-1.457493007,0.0336741848,1,1,1,1,1,1,1,1,0,0,1,1,10,0.1,0.1432725417,0.028411,0.480473,0.2390600432
050091,0.4962868219,-0.155209967,1.0342671087,,-0.931139915,-2.007116468,,,,,1.1141064109,-1.274062594,1,1,1,0,1,1,0,0,0,0,1,1,7,0.1428571429,-0.246124086,0.028411,0.480473,-0.57138379
050093,4.3683166489,0.7174638201,-0.449695684,0.8395702119,-2.951016533,0.1636017162,0.2189642422,0.5494594,,0.3463329351,0.9304207382,-1.571275498,1,1,1,1,1,1,1,1,0,1,1,1,11,0.0909090909,0.2874674543,0.028411,0.480473,0.5391701863
050099,-0.177971893,-0.046125743,0.1862883702,2.0035128624,-1.211678335,0.1636017162,0.480419093,0.5494594,,-0.680410314,-0.171693298,1.2819683824,1,1,1,1,1,1,1,1,0,1,1,1,11,0.0909090909,0.2161245674,0.028411,0.480473,0.3906855857
050100,0.1988197417,0.0084163685,1.2038628564,0.8395702119,-1.043355283,-0.270541921,,0.2632395775,,0.1409842852,0.7467350655,-0.085210977,1,1,1,1,1,1,0,1,0,1,1,1,10,0.1,0.2002519926,0.028411,0.480473,0.3576502962
050101,-0.52501682,0.2265848151,0.6950756133,-3.81620039,0.1723111999,0.1636017162,0.9510378245,0.4779044444,,,-0.722750316,-0.025768396,1,1,1,1,1,1,1,1,0,0,1,1,10,0.1,-0.240322031,0.028411,0.480473,-0.559308082
050102,0.9226563035,0.0084163685,0.9918681717,,-0.781519425,0.1636017162,0.9510378245,0.6210143556,,0.5516815849,,0.3903296698,1,1,1,0,1,1,1,1,0,1,0,1,9,0.1111111111,0.4243429522,0.028411,0.480473,0.8240465699
050103,0.689640424,1.0447164901,-1.615666449,,-0.669304058,0.1636017162,,0.0485747107,,-0.269713014,1.8488491018,0.4497722506,1,1,1,0,1,1,0,1,0,1,1,1,9,0.1111111111,0.1878301303,0.028411,0.480473,0.3317969091
050104,-0.520059035,-2.500520768,0.313485181,,-2.16550896,0.1636017162,,0.2632395775,,0.3463329351,1.2977920836,0.8064277357,1,1,1,0,1,1,0,1,0,1,1,1,9,0.1111111111,-0.221689948,0.028411,0.480473,-0.520529481
050107,-0.202760816,0.1175005918,-0.216501531,-0.382569571,-0.239145148,-1.138829195,1.3693655859,,-0.17629468,0.5516815849,0.3793637201,1.4602961249,1,1,1,1,1,1,1,0,1,1,1,1,11,0.0909090909,0.1383733333,0.028411,0.480473,0.2288634135
050108,-0.52501682,-0.26429419,1.1190649825,,-0.388765638,0.5977453531,,0.5494594,,0.1409842852,0.1956780474,-0.204096139,1,1,1,0,1,1,0,1,0,1,1,1,9,0.1111111111,0.1356399201,0.028411,0.480473,0.2231744124
050110,-0.470481189,-0.373378413,-0.428496215,,0.041393271,-0.704685558,-0.147072549,0.5494594,0.5880106234,0.1409842852,0.1956780474,0.2120019273,1,1,1,0,1,1,1,1,1,1,1,1,11,0.0909090909,-0.036053306,0.028411,0.480473,-0.134167451
050112,2.3951183504,-0.809715306,0.9494692348,,-1.58572956,-0.270541921,,0.6210143556,0.3795637224,0.5516815849,-0.722750316,1.6386238674,1,1,1,0,1,1,0,1,1,1,1,1,10,0.1,0.3146734012,0.028411,0.480473,0.5957934087
050113,-0.485354543,-0.59154686,-0.810086648,,-0.295252832,-0.270541921,,0.6210143556,,,,1.2819683824,1,1,1,0,1,1,0,1,0,0,0,1,7,0.1428571429,-0.078542866,0.028411,0.480473,-0.222600168
050115,3.991525014,-0.973341641,1.2250623248,-1.546512222,-1.866267979,-0.270541921,-1.297473893,0.2632395775,,0.3463329351,0.3793637201,0.5686574123,1,1,1,1,1,1,1,1,0,1,1,1,11,0.0909090909,0.0745493935,0.028411,0.480473,0.0960278553
050116,2.3058782263,-0.700631083,0.9494692348,,-1.00595016,0.5977453531,,,,0.5516815849,0.0119923747,2.173607095,1,1,1,0,1,1,0,0,0,1,1,1,8,0.125,0.6104740781,0.028411,0.480473,1.2114377602
050118,0.8532473181,-0.100667855,-0.258900467,0.5485845492,0.0039881484,-0.270541921,1.1602017052,0.6210143556,,-0.885758964,-0.355378971,0.0931167656,1,1,1,1,1,1,1,1,0,1,1,1,11,0.0909090909,0.1280822422,0.028411,0.480473,0.2074447604
050121,3.451126485,0.0084163685,-1.085679738,,-0.575791251,0.5977453531,-0.826855161,-0.810084757,,-2.939245463,1.1141064109,1.2225258016,1,1,1,0,1,1,1,1,0,1,1,1,10,0.1,0.015626405,0.028411,0.480473,-0.026607446
050122,2.2414270256,0.1720427035,1.0554665771,,0.3032291289,-0.704685558,,0.3347945331,,,0.3793637201,1.3414109632,1,1,1,0,1,1,0,1,0,0,1,1,8,0.125,0.6403811367,0.028411,0.480473,1.2736827553
050124,1.5027171099,0.0629584801,-0.131703657,-0.615358101,-0.893734793,-1.138829195,,0.4779044444,-1.413079627,-0.064364365,0.5630493928,0.4497722506,1,1,1,1,1,1,0,1,1,1,1,1,11,0.0909090909,-0.109151642,0.028411,0.480473,-0.286305633
050125,2.5884719525,-1.518762758,1.0766660456,,0.0226907097,0.1636017162,,,,,0.9304207382,0.5092148315,1,1,1,0,1,1,0,0,0,0,1,1,7,0.1428571429,0.5389004622,0.028411,0.480473,1.0624729477
050126,-0.187887462,-0.318836301,0.2498867756,,-1.828862857,-2.875403742,,0.2632395775,,-0.064364365,0.3793637201,0.330887089,1,1,1,0,1,1,0,1,0,1,1,1,9,0.1111111111,-0.450219729,0.028411,0.480473,-0.99616419
050127,-0.381241065,0.3902111501,-1.297674422,2.0035128624,0.6398752319,0.5977453531,1.5262384964,0.6210143556,,0.5516815849,1.4814777564,1.7575090291,1,1,1,1,1,1,1,1,0,1,1,1,11,0.0909090909,0.7173045757,0.028411,0.480473,1.4337820532
050128,4.0609339994,0.2265848151,1.0554665771,,-2.184211521,-0.704685558,1.2124926754,,,0.5516815849,-0.539064643,1.044198059,1,1,1,0,1,1,1,0,0,1,1,1,9,0.1111111111,0.5248217765,0.028411,0.480473,1.0331712457
050129,3.2329839596,-0.646088971,0.5678788025,,-0.4074682,0.5977453531,-0.303945459,,,0.5516815849,0.5630493928,0.0336741848,1,1,1,0,1,1,1,0,0,1,1,1,9,0.1111111111,0.465501183,0.028411,0.480473,0.9097084168
050131,-0.52501682,0.6083795968,0.1014904963,,0.0787983936,0.1636017162,,-3.743837937,,,-0.722750316,-0.3229813,1,1,1,0,1,1,0,1,0,0,1,1,8,0.125,-0.545289521,0.028411,0.480473,-1.194031149
050132,3.8774959666,-0.046125743,0.6738761448,,0.1910137612,-0.704685558,,,,-0.475061664,-0.722750316,1.8763941908,1,1,1,0,1,1,0,0,0,1,1,1,8,0.125,0.5837695978,0.028411,0.480473,1.1558582305
050133,3.9716938753,0.8810901551,0.4830809287,-0.848146631,-0.444873322,0.1636017162,-1.192891952,-1.883409091,,0.5516815849,0.5630493928,1.3414109632,1,1,1,1,1,1,1,1,0,1,1,1,11,0.0909090909,0.3260261472,0.028411,0.480473,0.6194216641
050135,4.3088232329,0.7174638201,1.0342671087,,-1.43610907,0.1636017162,,-1.167859535,,,,-1.214620013,1,1,1,0,1,1,0,1,0,0,0,1,7,0.1428571429,0.3436524657,0.028411,0.480473,0.6561069873
050136,-0.287043156,-0.482462636,0.5678788025,,-0.4074682,-0.270541921,0.5327100632,-5.246492005,,,-0.355378971,-0.501309043,1,1,1,0,1,1,1,1,0,0,1,1,9,0.1111111111,-0.716678563,0.028411,0.480473,-1.550739918
050137,0.3525110665,-0.482462636,0.6314772079,,,,,,,0.3463329351,1.1141064109,0.4497722506,1,1,1,0,0,0,0,0,0,1,1,1,6,0.1666666667,0.4019562058,0.028411,0.480473,0.7774534582
050138,0.5904847306,-0.482462636,0.8010729556,,,,,,,0.5516815849,1.4814777564,1.2819683824,1,1,1,0,0,0,0,0,0,1,1,1,6,0.1666666667,0.7040371289,0.028411,0.480473,1.4061687672
050139,0.2335242344,-0.537004748,0.7586740187,,,,,,,0.3463329351,0.9304207382,0.8658703165,1,1,1,0,0,0,0,0,0,1,1,1,6,0.1666666667,0.4329695825,0.028411,0.480473,0.8420010122
050140,-0.192845247,-0.373378413,0.5254798656,,,,,,,0.3463329351,1.1141064109,1.7575090291,1,1,1,0,0,0,0,0,0,1,1,1,6,0.1666666667,0.5295340967,0.028411,0.480473,1.0429789085
050145,0.074875125,-0.100667855,0.0166926225,1.072358742,-0.4074682,0.5977453531,1.5262384964,0.6210143556,0.4212531026,-0.475061664,-1.64117868,1.1630832207,1,1,1,1,1,1,1,1,1,1,1,1,12,0.0833333333,0.2390737183,0.028411,0.480473,0.4384492192
050149,2.7520788466,-0.209752078,1.2250623248,,-1.641837244,0.1636017162,,0.6210143556,,0.5516815849,1.4814777564,1.8763941908,1,1,1,0,1,1,0,1,0,1,1,1,9,0.1111111111,0.7577468281,0.028411,0.480473,1.5179537479
050150,-0.326705433,0.2265848151,-0.343698341,-0.440766704,-0.070822097,0.1636017162,1.3693655859,,0.893732745,-0.269713014,0.5630493928,0.7469851548,1,1,1,1,1,1,1,0,1,1,1,1,11,0.0909090909,0.2283285291,0.028411,0.480473,0.4160854603
050152,-0.212676386,-0.537004748,-0.492094621,0.9559644769,0.2658240063,0.1636017162,,-0.166090156,,,-0.539064643,1.2225258016,1,1,1,1,1,1,0,1,0,0,1,1,9,0.1111111111,0.0734428274,0.028411,0.480473,0.0937247803
050158,-0.108562908,-0.91879953,0.5042803971,,0.1910137612,-0.704685558,,,,,-0.722750316,0.7469851548,1,1,1,0,1,1,0,0,0,0,1,1,7,0.1428571429,-0.144645571,0.028411,0.480473,-0.360178477
050159,1.2647434457,0.3902111501,0.0166926225,,-0.257847709,0.1636017162,,0.2632395775,,-0.064364365,0.7467350655,0.7469851548,1,1,1,0,1,1,0,1,0,1,1,1,9,0.1111111111,0.363332962,0.028411,0.480473,0.6970676319
050167,2.2265536716,-0.91879953,0.9706687033,,-1.230380896,0.1636017162,1.1602017052,0.6210143556,,0.5516815849,1.2977920836,0.687542574,1,1,1,0,1,1,1,1,0,1,1,1,10,0.1,0.5529875969,0.028411,0.480473,1.0917922345
050168,0.149241895,-0.318836301,0.0166926225,-0.731752366,-1.754052612,0.1636017162,0.7418739439,0.4779044444,0.9632150453,0.5516815849,-0.171693298,-0.085210977,1,1,1,1,1,1,1,1,1,1,1,1,12,0.0833333333,0.0002221415,0.028411,0.480473,-0.058668048
050169,0.0798329097,-0.209752078,-0.492094621,-0.266175306,-1.342596263,-0.270541921,-0.722273221,0.1201296663,,0.5516815849,-0.906435989,0.1525593464,1,1,1,1,1,1,1,1,0,1,1,1,11,0.0909090909,-0.300515081,0.028411,0.480473,-0.684586738
050174,-0.133351831,-0.646088971,0.3770835864,0.3739931517,-0.463575883,-0.704685558,-0.35623643,-2.241183869,0.5463212432,-0.680410314,-0.171693298,-0.204096139,1,1,1,1,1,1,1,1,1,1,1,1,12,0.0833333333,-0.358660359,0.028411,0.480473,-0.805603406
050179,4.4327678496,-1.57330487,1.0766660456,-0.033386776,-0.987247599,-0.270541921,-1.715801654,-0.237645112,,-0.064364365,0.7467350655,-0.085210977,1,1,1,1,1,1,1,1,0,1,1,1,11,0.0909090909,0.1171514261,0.028411,0.480473,0.1846946597
050180,-0.083773984,-0.59154686,-0.513294089,-0.789949499,-0.370063077,0.5977453531,,-0.666974846,,-0.885758964,-0.171693298,0.0336741848,1,1,1,1,1,1,0,1,0,1,1,1,10,0.1,-0.344163508,0.028411,0.480473,-0.775431383
050191,0.3128487891,-0.700631083,0.2498867756,,0.3032291289,-0.270541921,,0.4779044444,,0.5516815849,0.5630493928,0.330887089,1,1,1,0,1,1,0,1,0,1,1,1,9,0.1111111111,0.2020349112,0.028411,0.480473,0.3613610509
050192,2.4794006898,0.5538374851,0.1014904963,,0.0787983936,0.5977453531,,,,-2.323199513,2.3999061199,1.6980664483,1,1,1,0,1,1,0,0,0,1,1,1,8,0.125,0.6982556841,0.028411,0.480473,1.3941359556
050194,-0.505185681,-0.809715306,0.864671361,2.0035128624,0.2845265676,-0.270541921,0.4281281229,,,-0.269713014,1.1141064109,0.7469851548,1,1,1,1,1,1,1,0,0,1,1,1,10,0.1,0.3586774557,0.028411,0.480473,0.6873782145
050195,4.3385699409,0.1720427035,0.3770835864,-2.594060607,-0.12692978,0.5977453531,,,,0.5516815849,0.5630493928,1.5197387057,1,1,1,1,1,1,0,0,0,1,1,1,9,0.1111111111,0.5998800977,0.028411,0.480473,1.1893887092
050197,-0.296958725,0.1175005918,-0.110504188,-1.080935161,0.6024701093,0.5977453531,,,,0.5516815849,-0.171693298,1.5197387057,1,1,1,1,1,1,0,0,0,1,1,1,9,0.1111111111,0.192116108,0.028411,0.480473,0.3407172335
050204,-0.490312327,-0.809715306,1.0342671087,,-0.370063077,0.1636017162,-0.4085274,,,0.5516815849,-0.171693298,0.5686574123,1,1,1,0,1,1,1,0,0,1,1,1,9,0.1111111111,0.0075440459,0.028411,0.480473,-0.043429107
050211,-0.520059035,-0.26429419,0.7798734871,,0.1723111999,0.5977453531,,,,,-0.171693298,-0.501309043,1,1,1,0,1,1,0,0,0,0,1,1,7,0.1428571429,0.0132249249,0.028411,0.480473,-0.031605601
050222,0.2632709424,0.1175005918,1.2250623248,,-0.70670918,-0.270541921,,0.5494594,,0.1409842852,1.2977920836,-0.263538719,1,1,1,0,1,1,0,1,0,1,1,1,9,0.1111111111,0.2614755342,0.028411,0.480473,0.4850736947
050224,0.119495187,0.2265848151,-0.046905783,-1.080935161,-1.192975773,0.5977453531,-0.931437101,-0.380755023,0.0460486807,0.1409842852,0.5630493928,0.9847554782,1,1,1,1,1,1,1,1,1,1,1,1,12,0.0833333333,-0.079528804,0.028411,0.480473,-0.224652182
050226,-0.520059035,0.4992953735,0.546679334,,0.1910137612,0.5977453531,,0.0485747107,,0.5516815849,-0.539064643,1.044198059,1,1,1,0,1,1,0,1,0,1,1,1,9,0.1111111111,0.2688960553,0.028411,0.480473,0.5005178849
050228,0.089748479,0.8265480434,0.0166926225,,-2.633072992,-2.007116468,,0.4063494887,-3.900545979,0.5516815849,-0.355378971,-2.165701306,1,1,1,0,1,1,0,1,1,1,1,1,10,0.1,-0.91707955,0.028411,0.480473,-1.9678307
050230,-0.520059035,0.3902111501,1.0554665771,,0.4528496191,0.5977453531,,0.6210143556,,,0.1956780474,0.4497722506,1,1,1,0,1,1,0,1,0,0,1,1,8,0.125,0.4053347897,0.028411,0.480473,0.784485241
050231,3.1487016202,-0.26429419,0.2498867756,,-1.043355283,0.5977453531,1.0556197649,-0.523864934,,0.5516815849,0.7467350655,-0.025768396,1,1,1,0,1,1,1,1,0,1,1,1,10,0.1,0.4493087361,0.028411,0.480473,0.8760073835
050232,0.5954425153,0.1175005918,0.7162750817,0.3157960191,-0.313955393,0.5977453531,0.480419093,0.6210143556,0.490735403,0.3463329351,-0.171693298,1.2225258016,1,1,1,1,1,1,1,1,1,1,1,1,12,0.0833333333,0.4181782048,0.028411,0.480473,0.8112159979
050234,0.149241895,0.0629584801,0.9706687033,,0.6024701093,1.03188899,,0.1916846219,,,0.9304207382,1.1630832207,1,1,1,0,1,1,0,1,0,0,1,1,8,0.125,0.6378020948,0.028411,0.480473,1.2683150441
050235,-0.088731769,0.0084163685,1.0130676402,,-0.781519425,-0.270541921,-0.35623643,0.4779044444,,0.1409842852,0.1956780474,1.4008535441,1,1,1,0,1,1,1,1,0,1,1,1,10,0.1,0.1739874785,0.028411,0.480473,0.30298646
050236,-0.455607835,0.8810901551,1.2250623248,-1.080935161,0.2097163225,0.5977453531,,-0.094535201,,0.5516815849,-0.539064643,1.2819683824,1,1,1,1,1,1,0,1,0,1,1,1,10,0.1,0.2577121283,0.028411,0.480473,0.4772409892
050238,-0.510143466,0.6083795968,0.9706687033,,-2.389939695,-0.270541921,,0.3347945331,,0.3463329351,0.3793637201,-1.69016066,1,1,1,0,1,1,0,1,0,1,1,1,9,0.1111111111,-0.246805139,0.028411,0.480473,-0.572801253
050239,0.1591574644,0.9356322668,-0.174102594,-0.266175306,-1.136868089,0.5977453531,,0.4063494887,0.5185283231,-0.269713014,0.1956780474,1.2819683824,1,1,1,1,1,1,0,1,1,1,1,1,11,0.0909090909,0.2043818475,0.028411,0.480473,0.3662456849
050242,-0.282085371,0.7720059318,0.9282697664,,-0.781519425,0.5977453531,0.794164914,0.6210143556,,0.5516815849,-0.355378971,-0.382423881,1,1,1,0,1,1,1,1,0,1,1,1,10,0.1,0.2463474257,0.028411,0.480473,0.4535878489
050243,-0.346536572,-1.2460522,-1.043280801,,-0.4074682,0.5977453531,,-2.956733425,,-0.064364365,0.1956780474,-1.452390336,1,1,1,0,1,1,0,1,0,1,1,1,9,0.1111111111,-0.747044722,0.028411,0.480473,-1.61394043
050245,-0.118478477,-0.318836301,0.3982830548,0.0248103565,-0.631898935,-0.270541921,,0.6210143556,,0.3463329351,1.2977920836,-0.501309043,1,1,1,1,1,1,0,1,0,1,1,1,10,0.1,0.0847168109,0.028411,0.480473,0.1171891087
050248,-0.52501682,-1.082425865,0.9070702979,1.188753007,0.3593368127,0.5977453531,,0.3347945331,,0.5516815849,0.1956780474,-0.144653558,1,1,1,1,1,1,0,1,0,1,1,1,10,0.1,0.2382963394,0.028411,0.480473,0.4368312752
050254,-0.495270112,-0.646088971,0.2074878387,0.7231759468,-0.257847709,0.1636017162,0.5850010334,0.6210143556,-1.288011486,-0.064364365,-1.090121662,1.4602961249,1,1,1,1,1,1,1,1,1,1,1,1,12,0.0833333333,-0.006760607,0.028411,0.480473,-0.073201111
050257,-0.52501682,-1.464220646,,,,,,,,,-0.171693298,,1,1,0,0,0,0,0,0,0,0,1,0,3,0.3333333333,-0.720310255,0.028411,0.480473,-1.55829849
05025F,-0.197803032,0.2811269268,,,,0.5977453531,,0.1916846219,,,,0.6280999932,1,1,0,0,0,1,0,1,0,0,0,1,5,0.2,0.3001707726,0.028411,0.480473,0.5656093622
050261,2.2860470877,0.2265848151,0.4194825233,,-0.519683567,0.5977453531,,0.0485747107,,-0.269713014,1.2977920836,0.9253128974,1,1,1,0,1,1,0,1,0,1,1,1,9,0.1111111111,0.5569047654,0.028411,0.480473,1.0999449633
050262,2.3306671497,-1.355136423,-1.340073359,-0.789949499,-3.100637024,-2.875403742,,0.5494594,,,0.1956780474,0.0931167656,1,1,1,1,1,1,0,1,0,0,1,1,9,0.1111111111,-0.699142076,0.028411,0.480473,-1.51424156
050272,3.1734905435,0.0629584801,-1.149278143,,-0.893734793,0.5977453531,-0.669982251,-0.380755023,,0.5516815849,,0.6280999932,1,1,1,0,1,1,1,1,0,1,0,1,9,0.1111111111,0.2133584162,0.028411,0.480473,0.3849284475
050276,-0.371325495,-0.427920525,-0.704089305,-0.906343764,-1.305191141,-2.007116468,,0.1916846219,,,1.6651634291,-0.679636785,1,1,1,1,1,1,0,1,0,0,1,1,9,0.1111111111,-0.504975048,0.028411,0.480473,-1.110125399
050278,-0.098647338,-1.136967976,0.0802910279,,0.4902547416,-0.270541921,,0.6210143556,,-0.064364365,0.5630493928,-0.204096139,1,1,1,0,1,1,0,1,0,1,1,1,9,0.1111111111,-0.002223136,0.028411,0.480473,-0.063757357
050279,-0.346536572,0.2265848151,0.5042803971,,0.378039374,0.5977453531,0.8464558842,,,0.5516815849,-0.355378971,-0.97684969,1,1,1,0,1,1,1,0,0,1,1,1,9,0.1111111111,0.1584469085,0.028411,0.480473,0.2706421657
05027F,0.0401706323,0.3356690385,,,0.2845265676,-0.270541921,,0.2632395775,,,,0.5686574123,1,1,0,0,1,1,0,1,0,0,0,1,6,0.1666666667,0.2036202179,0.028411,0.480473,0.3646605198
050280,-0.420903342,0.0629584801,0.7798734871,0.5485845492,-0.837627109,0.1636017162,1.5262384964,-0.237645112,,0.5516815849,0.1956780474,0.8064277357,1,1,1,1,1,1,1,1,0,1,1,1,11,0.0909090909,0.2853516849,0.028411,0.480473,0.5347666755
050281,-0.356452141,-0.155209967,0.9070702979,,0.378039374,0.5977453531,,,,,-0.539064643,-1.095734851,1,1,1,0,1,1,0,0,0,0,1,1,7,0.1428571429,-0.037658083,0.028411,0.480473,-0.137507441
050283,0.4714978986,0.7174638201,0.2922857125,-0.149781041,-0.837627109,-1.138829195,0.6372920035,0.2632395775,,-1.091107614,-0.171693298,0.9253128974,1,1,1,1,1,1,1,1,0,1,1,1,11,0.0909090909,-0.007449668,0.028411,0.480473,-0.07463524
050289,-0.440734481,-0.537004748,-1.255275485,,-0.108227219,-0.704685558,,-2.098073958,,,0.3793637201,-0.679636785,1,1,1,0,1,1,0,1,0,0,1,1,8,0.125,-0.680534314,0.028411,0.480473,-1.475513577
050290,-0.306874295,0.1720427035,0.6526766764,,-0.968545038,-0.270541921,,,,-0.064364365,-0.171693298,0.5686574123,1,1,1,0,1,1,0,0,0,1,1,1,8,0.125,-0.048580265,0.028411,0.480473,-0.160239574
050291,-0.52501682,-0.046125743,0.8858708294,-0.207978174,-1.380001386,-2.007116468,0.6372920035,-0.237645112,,-1.501804914,-0.906435989,-0.204096139,1,1,1,1,1,1,1,1,0,1,1,1,11,0.0909090909,-0.499368901,0.028411,0.480473,-1.098457431
050292,-0.495270112,-0.209752078,-0.343698341,,-1.454811631,1.03188899,1.2124926754,-0.309200067,,0.5516815849,0.3793637201,0.0336741848,1,1,1,0,1,1,1,1,0,1,1,1,10,0.1,0.0396368925,0.028411,0.480473,0.0233651277
050295,-0.311832079,-0.373378413,1.2038628564,,-1.230380896,-0.270541921,0.480419093,-1.454079357,,0.5516815849,0.3793637201,0.9847554782,1,1,1,0,1,1,1,1,0,1,1,1,10,0.1,-0.004012993,0.028411,0.480473,-0.067482554
050298,-0.445692265,-0.700631083,0.1438894333,,-0.669304058,0.1636017162,,,,0.5516815849,1.1141064109,0.330887089,1,1,1,0,1,1,0,0,0,1,1,1,8,0.125,0.0610673535,0.028411,0.480473,0.0679679407
050300,-0.306874295,-0.864257418,0.9494692348,,-0.313955393,0.5977453531,1.107910735,,,0.5516815849,0.1956780474,0.2714445081,1,1,1,0,1,1,1,0,0,1,1,1,9,0.1111111111,0.2432047064,0.028411,0.480473,0.4470469666
050301,-0.510143466,0.7720059318,-0.025706314,0.5485845492,0.5650649868,0.1636017162,,-1.811854135,1.3106265471,-0.269713014,0.7467350655,0.687542574,1,1,1,1,1,1,0,1,1,1,1,1,11,0.0909090909,0.1978858582,0.028411,0.480473,0.3527257054
050305,-0.52501682,-0.700631083,0.6526766764,-1.721103619,-1.417406509,-0.270541921,,0.0485747107,,0.3463329351,0.3793637201,0.1525593464,1,1,1,1,1,1,0,1,0,1,1,1,10,0.1,-0.305519256,0.028411,0.480473,-0.695001833
050308,-0.222591955,-0.809715306,0.3770835864,0.5485845492,-0.164334903,1.03188899,,-0.237645112,0.6713893839,0.1409842852,0.0119923747,0.1525593464,1,1,1,1,1,1,0,1,1,1,1,1,11,0.0909090909,0.1363813854,0.028411,0.480473,0.22471761
050309,-0.52501682,-1.736931205,0.9918681717,,-1.174273212,0.5977453531,1.107910735,,,-1.091107614,-0.539064643,-0.3229813,1,1,1,0,1,1,1,0,0,1,1,1,9,0.1111111111,-0.299094504,0.028411,0.480473,-0.681630118
05030F,0.0847906943,0.2265848151,,,,0.5977453531,,-0.309200067,,,,-0.263538719,1,1,0,0,0,1,0,1,0,0,0,1,5,0.2,0.0672764151,0.028411,0.480473,0.0808907431
050313,-0.52501682,-0.26429419,-0.004506846,0.6649788143,-0.295252832,-2.007116468,1.3170746157,-0.022980245,-0.482016802,-1.501804914,-0.171693298,-0.085210977,1,1,1,1,1,1,1,1,1,1,1,1,12,0.0833333333,-0.281486663,0.028411,0.480473,-0.644983253
050315,-0.52501682,-0.700631083,-0.598091963,,-2.184211521,-2.007116468,,-4.101612715,,-0.064364365,1.4814777564,-1.809045821,1,1,1,0,1,1,0,1,0,1,1,1,9,0.1111111111,-1.167623667,0.028411,0.480473,-2.489283429
05031F,0.3574688512,0.1720427035,,,0.0600958323,0.1636017162,,-0.523864934,,,,1.2225258016,1,1,0,0,1,1,0,1,0,0,0,1,6,0.1666666667,0.2419783284,0.028411,0.480473,0.4444945293
050320,-0.52501682,-0.318836301,0.0590915594,1.4797386696,-0.631898935,-2.441260105,,0.3347945331,,0.5516815849,1.2977920836,-0.382423881,1,1,1,1,1,1,0,1,0,1,1,1,10,0.1,-0.057633761,0.028411,0.480473,-0.179082443
050324,-0.510143466,0.5538374851,0.8010729556,,-0.669304058,0.1636017162,,0.1916846219,,-0.064364365,-0.722750316,0.6280999932,1,1,1,0,1,1,0,1,0,1,1,1,9,0.1111111111,0.0413038408,0.028411,0.480473,0.0268345157
050327,-0.490312327,-0.427920525,-0.237700999,-0.149781041,-4.783867538,-0.704685558,,0.3347945331,,,-0.539064643,-0.560751624,1,1,1,1,1,1,0,1,0,0,1,1,9,0.1111111111,-0.83992108,0.028411,0.480473,-1.807242237
050329,-0.133351831,-1.355136423,0.4194825233,,-0.837627109,0.5977453531,0.1143823019,0.6210143556,,0.5516815849,0.1956780474,0.5686574123,1,1,1,0,1,1,1,1,0,1,1,1,10,0.1,0.0742526215,0.028411,0.480473,0.0954101894
050334,0.1393263257,0.4447532618,0.4406819917,0.1412046215,-0.12692978,0.1636017162,,0.6210143556,,0.5516815849,0.5630493928,0.0336741848,1,1,1,1,1,1,0,1,0,1,1,1,10,0.1,0.2972057655,0.028411,0.480473,0.559438349
050335,-0.52501682,0.3902111501,-0.407296747,-0.091583909,-0.444873322,0.1636017162,0.5850010334,0.4779044444,-0.07901946,0.5516815849,-0.355378971,1.4602961249,1,1,1,1,1,1,1,1,1,1,1,1,12,0.0833333333,0.1437939021,0.028411,0.480473,0.2401451409
050336,-0.480396758,0.5538374851,0.8434718925,,-0.201740026,0.1636017162,0.6372920035,0.4779044444,,-0.885758964,0.3793637201,1.5791812866,1,1,1,0,1,1,1,1,0,1,1,1,10,0.1,0.3066756801,0.028411,0.480473,0.5791479031
050342,-0.45065005,-1.136967976,0.1862883702,,-0.257847709,0.1636017162,-1.297473893,0.6210143556,,-0.475061664,,0.2120019273,1,1,1,0,1,1,1,1,0,1,0,1,9,0.1111111111,-0.270566103,0.028411,0.480473,-0.622254496
050348,1.0565164896,-0.046125743,-0.894884521,-1.197329427,-2.184211521,0.1636017162,,-0.881639712,0.8659398249,-0.680410314,0.0119923747,0.5092148315,1,1,1,1,1,1,0,1,1,1,1,1,11,0.0909090909,-0.297939637,0.028411,0.480473,-0.679226514
050350,,,0.1438894333,,0.0039881484,0.5977453531,-0.042490609,-1.310969446,,-2.733896813,,1.6386238674,0,0,1,0,1,1,1,1,0,1,0,1,7,0.1428571429,-0.243301438,0.028411,0.480473,-0.565509065
050351,2.7719099853,1.2083428251,-0.301299404,-1.488315089,-0.388765638,0.5977453531,,-0.523864934,-0.885014144,-1.091107614,-0.171693298,1.4008535441,1,1,1,1,1,1,0,1,1,1,1,1,11,0.0909090909,0.1026174168,0.028411,0.480473,0.1544453012
050352,-0.267212017,0.2265848151,-0.555693026,1.2469501395,0.4715521804,0.1636017162,,0.2632395775,,0.5516815849,0.1956780474,-0.3229813,1,1,1,1,1,1,0,1,0,1,1,1,10,0.1,0.1973401718,0.028411,0.480473,0.3515899785
050353,-0.133351831,-0.046125743,0.9282697664,-1.837497884,-2.782693482,-0.270541921,-0.46081837,0.6210143556,,-0.269713014,-0.171693298,1.1036406399,1,1,1,1,1,1,1,1,0,1,1,1,11,0.0909090909,-0.301773707,0.028411,0.480473,-0.687206293
050357,-0.202760816,0.4992953735,0.6738761448,,-0.014714413,0.1636017162,,,,,-1.273807334,0.1525593464,1,1,1,0,1,1,0,0,0,0,1,1,7,0.1428571429,-0.000278569,0.028411,0.480473,-0.059710167
050360,-0.52501682,0.1720427035,-0.386097278,0.3157960191,-0.594493812,0.5977453531,0.4281281229,-0.452309979,-0.773842463,0.3463329351,-0.539064643,0.1525593464,1,1,1,1,1,1,1,1,1,1,1,1,12,0.0833333333,-0.10485171,0.028411,0.480473,-0.277356266
050367,3.8477492586,-0.864257418,1.140264451,-0.498963836,-0.70670918,-0.270541921,1.0556197649,,,-0.475061664,0.0119923747,-0.144653558,1,1,1,1,1,1,1,0,0,1,1,1,10,0.1,0.3095438272,0.028411,0.480473,0.5851173234
050373,0.0649595557,-0.91879953,-12.51219324,1.072358742,-4.241493261,-0.704685558,,-0.237645112,,,1.4814777564,0.1525593464,1,1,1,1,1,1,0,1,0,0,1,1,9,0.1111111111,-1.760384589,0.028411,0.480473,-3.722985519
050376,0.2583131578,-0.427920525,-7.042730375,2.0035128624,-4.409816313,-0.270541921,,-2.169628914,,0.5516815849,1.6651634291,-1.630718079,1,1,1,1,1,1,0,1,0,1,1,1,10,0.1,-1.147268509,0.028411,0.480473,-2.446918625
050378,0.2682287271,-1.027883753,,,-0.145632342,-0.704685558,,-1.167859535,,,,-3.592323246,1,1,0,0,1,1,0,1,0,0,0,1,6,0.1666666667,-1.061692618,0.028411,0.480473,-2.268811142
050380,0.8235006101,-2.173268098,1.0554665771,1.2469501395,0.3593368127,1.03188899,1.107910735,,,0.5516815849,0.1956780474,0.7469851548,1,1,1,1,1,1,1,0,0,1,1,1,10,0.1,0.4946130554,0.028411,0.480473,0.9702984059
050382,2.8908968173,0.2811269268,-0.682889837,,-0.239145148,0.5977453531,-0.56540031,-1.668744224,,0.1409842852,0.5630493928,0.3903296698,1,1,1,0,1,1,1,1,0,1,1,1,10,0.1,0.1707952926,0.028411,0.480473,0.2963426238
050390,-0.495270112,-2.282352321,0.6738761448,,-0.893734793,0.1636017162,,,,0.5516815849,,-0.679636785,1,1,1,0,1,1,0,0,0,1,0,1,7,0.1428571429,-0.423119224,0.028411,0.480473,-0.93976042
050393,0.0401706323,-0.318836301,0.271086244,,-1.604432121,-0.704685558,,-0.237645112,,,0.9304207382,1.6980664483,1,1,1,0,1,1,0,1,0,0,1,1,8,0.125,0.0092681213,0.028411,0.480473,-0.039840821
050394,-0.430818911,0.3356690385,0.6314772079,-1.080935161,-0.4074682,0.1636017162,-1.820383594,-0.022980245,,0.3463329351,1.2977920836,0.687542574,1,1,1,1,1,1,1,1,0,1,1,1,11,0.0909090909,-0.027288232,0.028411,0.480473,-0.115924868
050396,-0.138309616,0.5538374851,0.9070702979,0.3739931517,-0.968545038,0.5977453531,-2.918493968,0.3347945331,-0.07901946,0.1409842852,-0.355378971,0.0336741848,1,1,1,1,1,1,1,1,1,1,1,1,12,0.0833333333,-0.126470647,0.028411,0.480473,-0.322351351
050407,-0.52501682,-0.046125743,-0.36489781,,0.0600958323,0.5977453531,,0.1201296663,,,0.3793637201,0.8064277357,1,1,1,0,1,1,0,1,0,0,1,1,8,0.125,0.1284652418,0.028411,0.480473,0.2082418901
050411,0.5756113766,-0.209752078,1.0554665771,,,,,,,0.3463329351,1.1141064109,1.2225258016,1,1,1,0,0,0,0,0,0,1,1,1,6,0.1666666667,0.6840485039,0.028411,0.480473,1.3645668202
050414,-0.366367711,-0.046125743,1.140264451,,-0.201740026,1.03188899,1.0556197649,,,0.5516815849,0.5630493928,1.2819683824,1,1,1,0,1,1,1,0,0,1,1,1,9,0.1111111111,0.5566932318,0.028411,0.480473,1.0995047025
050417,-0.52501682,0.0629584801,-0.704089305,,0.1536086387,-0.704685558,,0.4779044444,,,-0.539064643,1.6386238674,1,1,1,0,1,1,0,1,0,0,1,1,8,0.125,-0.017470112,0.028411,0.480473,-0.0954906
050424,-0.515101251,0.6629217084,0.7798734871,,,,,0.5494594,-0.02343362,,-2.008550025,1.7575090291,1,1,1,0,0,0,0,1,1,0,1,1,7,0.1428571429,0.171811247,0.028411,0.480473,0.2984571106
050425,-0.06890063,-0.809715306,1.0766660456,,,,,,,,0.1956780474,1.5791812866,1,1,1,0,0,0,0,0,0,0,1,1,5,0.2,0.3945818885,0.028411,0.480473,0.7621054313
050426,-0.510143466,-0.482462636,0.9282697664,,-1.28648858,0.1636017162,,,,,-0.355378971,0.9847554782,1,1,1,0,1,1,0,0,0,0,1,1,7,0.1428571429,-0.079692385,0.028411,0.480473,-0.224992639
050438,-0.187887462,-0.482462636,0.9918681717,,-3.04452934,-0.704685558,-0.51310934,-0.094535201,,0.3463329351,-0.355378971,0.6280999932,1,1,1,0,1,1,1,1,0,1,1,1,10,0.1,-0.341628741,0.028411,0.480473,-0.77015582
050441,0.4615823292,0.6083795968,0.4194825233,0.1994017541,-1.604432121,-0.270541921,0.5850010334,-0.953194668,0.5880106234,,0.0119923747,-0.441866462,1,1,1,1,1,1,1,1,1,0,1,1,11,0.0909090909,-0.036016812,0.028411,0.480473,-0.134091497
050444,-0.168056324,0.6083795968,0.1014904963,,-1.155570651,0.1636017162,0.9510378245,,,0.5516815849,0.9304207382,0.8658703165,1,1,1,0,1,1,1,0,0,1,1,1,9,0.1111111111,0.3165394777,0.028411,0.480473,0.5996772383
050454,3.0991237735,0.3356690385,-0.788887179,-0.266175306,-1.884970541,-1.572972831,,0.5494594,1.1716619464,0.5516815849,-0.355378971,-1.214620013,1,1,1,1,1,1,0,1,1,1,1,1,11,0.0909090909,-0.0341281,0.028411,0.480473,-0.130160555
050455,-0.465523404,0.7720059318,-1.382472296,-0.557160969,-2.202914082,0.5977453531,-0.46081837,0.6210143556,-0.343052201,0.5516815849,0.1956780474,0.8658703165,1,1,1,1,1,1,1,1,1,1,1,1,12,0.0833333333,-0.150662144,0.028411,0.480473,-0.372700657
050457,-0.187887462,0.1175005918,0.8858708294,,-0.426170761,-0.270541921,,0.4779044444,-0.217984061,,-0.722750316,0.8064277357,1,1,1,0,1,1,0,1,1,0,1,1,9,0.1111111111,0.0513743423,0.028411,0.480473,0.0477940597
050464,3.7783402732,-0.046125743,0.822272424,0.3157960191,-0.444873322,-0.704685558,,0.4779044444,,-0.269713014,0.3793637201,-0.263538719,1,1,1,1,1,1,0,1,0,1,1,1,10,0.1,0.4044740524,0.028411,0.480473,0.7826938047
050468,3.9419471673,-1.682389093,1.2250623248,,0.4902547416,-0.270541921,,-0.166090156,,,0.9304207382,-1.74960324,1,1,1,0,1,1,0,1,0,0,1,1,8,0.125,0.3398825702,0.028411,0.480473,0.6482607751
050471,0.2880598658,-0.100667855,0.0166926225,,-1.941078224,-0.704685558,-1.088310012,-0.237645112,,0.5516815849,-0.171693298,0.4497722506,1,1,1,0,1,1,1,1,0,1,1,1,10,0.1,-0.293787373,0.028411,0.480473,-0.670584488
050481,-0.009407214,-2.009641763,1.1190649825,0.8977673444,0.8081982834,0.5977453531,,,,,-1.090121662,-0.025768396,1,1,1,1,1,1,0,0,0,0,1,1,8,0.125,0.035979616,0.028411,0.480473,0.0157533073
050485,-0.049069492,-0.26429419,-0.195302062,0.0248103565,-2.689180675,-2.007116468,-1.402055833,0.3347945331,,,0.1956780474,0.8658703165,1,1,1,1,1,1,1,1,0,0,1,1,10,0.1,-0.518586547,0.028411,0.480473,-1.138454753
050488,-0.52501682,0.3356690385,0.6526766764,,-1.00595016,-1.572972831,,,,0.3463329351,0.0119923747,0.3903296698,1,1,1,0,1,1,0,0,0,1,1,1,8,0.125,-0.17086739,0.028411,0.480473,-0.414753452
050492,-0.123436262,0.4992953735,0.4830809287,,-2.259021766,0.5977453531,-0.669982251,0.2632395775,,0.5516815849,0.1956780474,-1.03629227,1,1,1,0,1,1,1,1,0,1,1,1,10,0.1,-0.149801168,0.028411,0.480473,-0.370908724
050496,-0.148225185,-0.91879953,0.8434718925,-0.731752366,0.0975009548,0.5977453531,0.166673272,,,,0.0119923747,0.7469851548,1,1,1,1,1,1,1,0,0,0,1,1,9,0.1111111111,0.0739546579,0.028411,0.480473,0.0947900433
050498,-0.52501682,-0.26429419,-0.576892494,-0.440766704,0.3593368127,0.5977453531,1.107910735,0.5494594,,,-1.090121662,1.2819683824,1,1,1,1,1,1,1,1,0,0,1,1,10,0.1,0.0999328814,0.028411,0.480473,0.1488580283
050503,-0.500227897,0.6083795968,0.313485181,-1.895695017,-1.342596263,0.1636017162,1.107910735,0.4063494887,,0.5516815849,-1.273807334,0.8064277357,1,1,1,1,1,1,1,1,0,1,1,1,11,0.0909090909,-0.09586277,0.028411,0.480473,-0.258647756
050506,0.555780238,-0.26429419,-0.237700999,,0.3406342514,-0.270541921,,0.6210143556,,,-0.355378971,-0.085210977,1,1,1,0,1,1,0,1,0,0,1,1,8,0.125,0.0380377235,0.028411,0.480473,0.0200368074
050510,0.3078910045,-0.209752078,,,,,,,,,0.3793637201,0.8658703165,1,1,0,0,0,0,0,0,0,0,1,1,4,0.25,0.3358432407,0.028411,0.480473,0.6398537951
050512,0.0500862017,-1.027883753,1.2250623248,,,,,,,,0.9304207382,1.8763941908,1,1,1,0,0,0,0,0,0,0,1,1,5,0.2,0.6108159405,0.028411,0.480473,1.2121492718
050515,-0.15318297,0.1175005918,0.9282697664,,,,,,,0.3463329351,0.7467350655,1.044198059,1,1,1,0,0,0,0,0,0,1,1,1,6,0.1666666667,0.5049755747,0.028411,0.480473,0.9918657212
050516,-0.371325495,-0.318836301,1.0554665771,1.1305558745,-0.145632342,0.5977453531,,0.1916846219,,0.5516815849,0.5630493928,1.1036406399,1,1,1,1,1,1,0,1,0,1,1,1,10,0.1,0.4358029906,0.028411,0.480473,0.8478981309
050517,-0.500227897,-1.464220646,1.2250623248,,-0.295252832,-0.270541921,,,,-1.296456264,,-0.917407109,1,1,1,0,1,1,0,0,0,1,0,1,7,0.1428571429,-0.50272062,0.028411,0.480473,-1.105433301
050523,-0.52501682,-0.155209967,0.546679334,-0.382569571,-0.295252832,-0.270541921,,0.2632395775,,-1.912502213,0.0119923747,0.0336741848,1,1,1,1,1,1,0,1,0,1,1,1,10,0.1,-0.268550785,0.028411,0.480473,-0.618060054
050526,-0.500227897,0.4992953735,1.0130676402,,-0.239145148,-2.007116468,,,,,-0.355378971,0.687542574,1,1,1,0,1,1,0,0,0,0,1,1,7,0.1428571429,-0.128851842,0.028411,0.480473,-0.327307288
050528,-0.52501682,-0.864257418,0.6314772079,,0.2097163225,-0.704685558,0.5327100632,-0.59541989,,-1.501804914,0.1956780474,-0.441866462,1,1,1,0,1,1,1,1,0,1,1,1,10,0.1,-0.306346942,0.028411,0.480473,-0.69672448
050534,-0.515101251,0.2811269268,1.140264451,,0.0787983936,0.5977453531,0.480419093,0.3347945331,,-0.475061664,1.4814777564,-1.809045821,1,1,1,0,1,1,1,1,0,1,1,1,10,0.1,0.1595417771,0.028411,0.480473,0.2729208949
050537,-0.52501682,0.3902111501,1.2250623248,1.2469501395,-0.033416974,-0.270541921,0.794164914,-0.237645112,,-0.680410314,1.1141064109,0.3903296698,1,1,1,1,1,1,1,1,0,1,1,1,11,0.0909090909,0.3103448608,0.028411,0.480473,0.5867844994
050541,0.1145374024,-0.537004748,,,,,,,,0.3463329351,1.1141064109,1.5197387057,1,1,0,0,0,0,0,0,0,1,1,1,5,0.2,0.5115421412,0.028411,0.480473,1.0055325919
050543,-0.311832079,0.1720427035,,,,-0.270541921,,,,,,,1,1,0,0,0,1,0,0,0,0,0,0,3,0.3333333333,-0.136777099,0.028411,0.480473,-0.343801974
050549,-0.049069492,-2.22781021,0.4194825233,-2.012089282,0.6024701093,0.5977453531,,,,0.5516815849,-1.090121662,0.2120019273,1,1,1,1,1,1,0,0,0,1,1,1,9,0.1111111111,-0.332856572,0.028411,0.480473,-0.751898471
050551,1.1308832596,-0.046125743,-0.428496215,0.083007489,-1.417406509,0.5977453531,0.1143823019,0.6210143556,,,-0.355378971,0.1525593464,1,1,1,1,1,1,1,1,0,0,1,1,10,0.1,0.0452184668,0.028411,0.480473,0.0349819526
050557,-0.52501682,-0.482462636,1.140264451,,-1.884970541,0.1636017162,-1.088310012,-1.096304579,,0.1409842852,-0.722750316,-0.263538719,1,1,1,0,1,1,1,1,0,1,1,1,10,0.1,-0.461850317,0.028411,0.480473,-1.020370712
050561,0.3029332198,-0.91879953,0.7162750817,,,,,,,0.3463329351,0.7467350655,0.8064277357,1,1,1,0,0,0,0,0,0,1,1,1,6,0.1666666667,0.333317418,0.028411,0.480473,0.6345968481
050567,-0.282085371,-0.209752078,0.0590915594,-1.255526559,-1.978483347,-0.704685558,0.0098003615,-1.811854135,0.490735403,0.1409842852,-0.906435989,0.2714445081,1,1,1,1,1,1,1,1,1,1,1,1,12,0.0833333333,-0.514730577,0.028411,0.480473,-1.130429396
050570,1.2399545224,-0.482462636,1.0766660456,-0.615358101,-0.388765638,0.5977453531,,,,-0.680410314,-0.171693298,-1.03629227,1,1,1,1,1,1,0,0,0,1,1,1,9,0.1111111111,-0.051179593,0.028411,0.480473,-0.165649505
050573,3.1734905435,0.8265480434,-4.159602664,-0.964540896,-2.296426889,-1.138829195,-2.813912027,0.3347945331,,0.5516815849,-0.722750316,-0.798521947,1,1,1,1,1,1,1,1,0,1,1,1,11,0.0909090909,-0.728006294,0.028411,0.480473,-1.574316109
050580,-0.515101251,0.0629584801,0.8010729556,,-0.55708869,0.1636017162,,,,,0.0119923747,0.687542574,1,1,1,0,1,1,0,0,0,0,1,1,7,0.1428571429,0.0935683086,0.028411,0.480473,0.1356115634
050581,-0.410987773,-0.046125743,0.2498867756,,-0.949842477,0.5977453531,,0.6210143556,,,0.1956780474,0.0931167656,1,1,1,0,1,1,0,1,0,0,1,1,8,0.125,0.0438106631,0.028411,0.480473,0.0320519174
050586,-0.396114419,-0.427920525,0.6950756133,,-0.183037464,-0.704685558,-1.715801654,,,,1.2977920836,0.6280999932,1,1,1,0,1,1,1,0,0,0,1,1,8,0.125,-0.100823991,0.028411,0.480473,-0.268973452
050588,-0.391156634,-0.59154686,1.2250623248,,-0.201740026,-0.270541921,0.3235461825,0.6210143556,,-1.091107614,-0.171693298,0.4497722506,1,1,1,0,1,1,1,1,0,1,1,1,10,0.1,-0.009839124,0.028411,0.480473,-0.079608369
050589,0.104621833,-0.427920525,-0.513294089,,0.0600958323,0.1636017162,,0.6210143556,,,0.0119923747,1.7575090291,1,1,1,0,1,1,0,1,0,0,1,1,8,0.125,0.2222025659,0.028411,0.480473,0.4033356089
050590,-0.366367711,-0.646088971,1.0342671087,,-0.762816864,0.5977453531,1.2124926754,-0.022980245,,0.5516815849,0.9304207382,1.6980664483,1,1,1,0,1,1,1,1,0,1,1,1,10,0.1,0.4226420118,0.028411,0.480473,0.8205064348
050597,3.8031291966,0.3356690385,0.6314772079,,0.1162035161,0.5977453531,,0.1916846219,,,0.0119923747,0.3903296698,1,1,1,0,1,1,0,1,0,0,1,1,8,0.125,0.7597788723,0.028411,0.480473,1.5221830029
050599,-0.267212017,-0.046125743,0.1014904963,-0.149781041,-3.250257514,-2.007116468,,0.0485747107,0.504631863,-0.885758964,0.0119923747,-0.857964528,1,1,1,1,1,1,0,1,1,1,1,1,11,0.0909090909,-0.617956985,0.028411,0.480473,-1.345272565
050603,-0.515101251,-0.100667855,-1.361272828,0.9559644769,-1.118165528,0.1636017162,-0.35623643,,,-1.091107614,-0.171693298,0.687542574,1,1,1,1,1,1,1,0,0,1,1,1,10,0.1,-0.290713604,0.028411,0.480473,-0.664187109
050604,0.1541996797,-0.59154686,1.0342671087,,,,,,,0.5516815849,1.4814777564,1.4008535441,1,1,1,0,0,0,0,0,0,1,1,1,6,0.1666666667,0.6718221357,0.028411,0.480473,1.3391203114
050608,-0.52501682,0.9356322668,-1.976057413,,-0.332657955,0.1636017162,-0.826855161,-5.962041561,,-1.091107614,2.0325347745,0.3903296698,1,1,1,0,1,1,1,1,0,1,1,1,10,0.1,-0.71916381,0.028411,0.480473,-1.555912415
050609,-0.098647338,-0.046125743,0.546679334,,,,,,,0.3463329351,0.7467350655,1.5197387057,1,1,1,0,0,0,0,0,0,1,1,1,6,0.1666666667,0.5024521598,0.028411,0.480473,0.9866137856
050624,-0.52501682,-0.046125743,1.2250623248,-0.266175306,-0.800221986,-1.138829195,0.5327100632,0.4063494887,,-1.091107614,-0.539064643,0.2714445081,1,1,1,1,1,1,1,1,0,1,1,1,11,0.0909090909,-0.179179538,0.028411,0.480473,-0.432053369
050625,0.6945982087,1.0992586017,0.271086244,-0.789949499,-3.399878004,-3.309547379,,-1.382524402,-0.204087601,-0.475061664,-0.722750316,-0.620194204,1,1,1,1,1,1,0,1,1,1,1,1,11,0.0909090909,-0.803550001,0.028411,0.480473,-1.731543799
050633,2.9057701714,0.1175005918,0.6314772079,,0.2097163225,-0.704685558,0.794164914,-0.094535201,,0.1409842852,-0.355378971,0.3903296698,1,1,1,0,1,1,1,1,0,1,1,1,10,0.1,0.4035343434,0.028411,0.480473,0.7807380061
050636,4.006398368,-0.973341641,1.0342671087,,-0.85632967,0.1636017162,-0.46081837,0.6210143556,,0.5516815849,0.5630493928,0.687542574,1,1,1,0,1,1,1,1,0,1,1,1,10,0.1,0.5337065418,0.028411,0.480473,1.0516629395
050641,-0.024280568,-0.973341641,,,-0.108227219,-1.138829195,,0.6210143556,,0.5516815849,1.1141064109,-1.927930983,1,1,0,0,1,1,0,1,0,1,1,1,8,0.125,-0.235725907,0.028411,0.480473,-0.549742256
050663,-0.465523404,0.3902111501,0.9070702979,,0.0226907097,-0.270541921,,-3.886947848,,,,-2.106258725,1,1,1,0,1,1,0,1,0,0,0,1,7,0.1428571429,-0.772757106,0.028411,0.480473,-1.667455128
050668,-0.133351831,0.8265480434,,,,,,,,,-2.375921371,,1,1,0,0,0,0,0,0,0,0,1,0,3,0.3333333333,-0.560908386,0.028411,0.480473,-1.226538397
050674,-0.029238353,-0.646088971,0.9918681717,,,,,,,0.3463329351,1.1141064109,0.0336741848,1,1,1,0,0,0,0,0,0,1,1,1,6,0.1666666667,0.3017757297,0.028411,0.480473,0.568949729
050677,0.0550439863,-0.646088971,0.1438894333,,,,,,,0.3463329351,1.2977920836,0.3903296698,1,1,1,0,0,0,0,0,0,1,1,1,6,0.1666666667,0.2645498561,0.028411,0.480473,0.4914722228
050678,-0.292000941,-0.26429419,-0.152903125,-0.498963836,-0.500981006,0.5977453531,,,,0.5516815849,-0.355378971,1.1036406399,1,1,1,1,1,1,0,0,0,1,1,1,9,0.1111111111,0.020949501,0.028411,0.480473,-0.015528587
050684,-0.52501682,-2.282352321,1.2250623248,,-0.669304058,0.1636017162,,,,,,-0.382423881,1,1,1,0,1,1,0,0,0,0,0,1,6,0.1666666667,-0.41173884,0.028411,0.480473,-0.916074643
050686,-0.197803032,-0.26429419,0.589078271,,,,,,,0.1409842852,1.2977920836,0.687542574,1,1,1,0,0,0,0,0,0,1,1,1,6,0.1666666667,0.3755499987,0.028411,0.480473,0.7224947191
050689,2.6132608758,-0.373378413,-0.216501531,,0.6398752319,0.5977453531,-1.088310012,0.6210143556,,0.5516815849,-0.539064643,0.5092148315,1,1,1,0,1,1,1,1,0,1,1,1,10,0.1,0.3315537634,0.028411,0.480473,0.630926187
050690,0.2136930958,-0.646088971,0.2074878387,,,,,,,0.5516815849,0.5630493928,-0.025768396,1,1,1,0,0,0,0,0,0,1,1,1,6,0.1666666667,0.1440090908,0.028411,0.480473,0.2405930089
050696,1.5622105259,0.8810901551,0.546679334,-2.012089282,,,,0.6210143556,0.0599451408,,-0.906435989,0.8658703165,1,1,1,1,0,0,0,1,1,0,1,1,8,0.125,0.2022855696,0.028411,0.480473,0.3618827416
050697,1.6712817886,-0.700631083,,,,,,,,,,,1,1,0,0,0,0,0,0,0,0,0,0,2,0.5,0.4853253527,0.028411,0.480473,0.9509680862
050701,3.4610420544,-0.973341641,1.1614639194,,-0.295252832,0.5977453531,0.9510378245,,,0.5516815849,0.0119923747,0.3903296698,1,1,1,0,1,1,1,0,0,1,1,1,9,0.1111111111,0.6507442564,0.028411,0.480473,1.2952513201
050704,0.104621833,-1.791473316,1.2250623248,,-2.296426889,0.5977453531,,-4.602497405,,,0.0119923747,1.5197387057,1,1,1,0,1,1,0,1,0,0,1,1,8,0.125,-0.653904627,0.028411,0.480473,-1.420089714
050708,-0.386198849,-0.209752078,,,,,,,,,-4.947520789,,1,1,0,0,0,0,0,0,0,0,1,0,3,0.3333333333,-1.847823905,0.028411,0.480473,-3.904971314
050709,-0.52501682,-1.355136423,1.2250623248,-0.382569571,-0.931139915,-0.704685558,-1.402055833,0.6210143556,,0.5516815849,0.1956780474,0.5686574123,1,1,1,1,1,1,1,1,0,1,1,1,11,0.0909090909,-0.194410036,0.028411,0.480473,-0.463752316
050710,-0.182929678,-0.482462636,0.7162750817,,,,,,,0.5516815849,0.9304207382,0.8658703165,1,1,1,0,0,0,0,0,0,1,1,1,6,0.1666666667,0.3998092345,0.028411,0.480473,0.7729850075
050714,-0.52501682,-0.046125743,,,,,,0.6210143556,,-0.885758964,0.1956780474,,1,1,0,0,0,0,0,1,0,1,1,0,5,0.2,-0.128041825,0.028411,0.480473,-0.325621414
050717,0.2236086651,-0.26429419,,,,,,,,,1.6651634291,,1,1,0,0,0,0,0,0,0,0,1,0,3,0.3333333333,0.5414926348,0.028411,0.480473,1.0678679874
050723,0.3227643585,-0.046125743,0.0590915594,,,,,,,0.5516815849,1.4814777564,0.6280999932,1,1,1,0,0,0,0,0,0,1,1,1,6,0.1666666667,0.4994982515,0.028411,0.480473,0.9804658722
050724,-0.485354543,0.7174638201,1.2250623248,,-2.296426889,0.5977453531,,,,,0.5630493928,-0.97684969,1,1,1,0,1,1,0,0,0,0,1,1,7,0.1428571429,-0.093615747,0.028411,0.480473,-0.25397107
050726,1.1308832596,0.1720427035,,,,,,0.6210143556,,,2.0325347745,,1,1,0,0,0,0,0,1,0,0,1,0,4,0.25,0.9891187733,0.028411,0.480473,1.9995037991
050735,-0.252338663,0.7174638201,-1.000881864,,0.4715521804,0.1636017162,,-0.380755023,,0.5516815849,-0.722750316,0.7469851548,1,1,1,0,1,1,0,1,0,1,1,1,9,0.1111111111,0.0327287323,0.028411,0.480473,0.0089873045
050736,-0.470481189,-0.427920525,0.8858708294,,1.1448443863,0.5977453531,,0.6210143556,,,-0.906435989,1.6980664483,1,1,1,0,1,1,0,1,0,0,1,1,8,0.125,0.3928379588,0.028411,0.480473,0.7584758233
050737,3.3519707916,0.5538374851,,0.9559644769,0.4154444965,0.5977453531,,0.6210143556,,0.5516815849,-0.171693298,0.7469851548,1,1,0,1,1,1,0,1,0,1,1,1,9,0.1111111111,0.846994489,0.028411,0.480473,1.7037032155
050738,4.2493298168,-0.046125743,1.2250623248,,1.5750032957,1.03188899,,,,,-0.539064643,1.4602961249,1,1,1,0,1,1,0,0,0,0,1,1,7,0.1428571429,1.2794843094,0.028411,0.480473,2.6038360947
050739,0.045128417,-0.809715306,0.7586740187,,-1.155570651,-1.138829195,-0.147072549,,,0.5516815849,0.3793637201,-1.095734851,1,1,1,0,1,1,1,0,0,1,1,1,9,0.1111111111,-0.290230535,0.028411,0.480473,-0.663181706
050740,0.1740308184,1.2083428251,0.0590915594,,-0.500981006,0.5977453531,0.3235461825,,,,-0.906435989,1.1630832207,1,1,1,0,1,1,1,0,0,0,1,1,8,0.125,0.2648028705,0.028411,0.480473,0.4919988169
050744,-0.52501682,-1.300594311,,,0.4528496191,,,0.0485747107,,,,-1.095734851,1,1,0,0,1,0,0,1,0,0,0,1,5,0.2,-0.483984331,0.028411,0.480473,-1.066437815
050745,-0.435776696,-1.57330487,,,0.6024701093,0.5977453531,,,,,,-1.214620013,1,1,0,0,1,1,0,0,0,0,0,1,5,0.2,-0.404697223,0.028411,0.480473,-0.901419059
050746,3.9667360907,-0.155209967,1.2250623248,,-0.444873322,0.5977453531,,,,-1.091107614,,-0.917407109,1,1,1,0,1,1,0,0,0,1,0,1,7,0.1428571429,0.4544208225,0.028411,0.480473,0.8866470721
050747,-0.52501682,-0.646088971,,,-0.444873322,0.5977453531,,,,-1.501804914,,-0.204096139,1,1,0,0,1,1,0,0,0,1,0,1,6,0.1666666667,-0.454022469,0.028411,0.480473,-1.004078759
050748,-0.113520692,-1.191510088,1.0554665771,,,,,,,0.5516815849,1.1141064109,0.5686574123,1,1,1,0,0,0,0,0,0,1,1,1,6,0.1666666667,0.3308135341,0.028411,0.480473,0.6293855619
050755,-0.138309616,-0.700631083,1.1190649825,,0.1162035161,0.5977453531,,,,,-0.355378971,0.5686574123,1,1,1,0,1,1,0,0,0,0,1,1,7,0.1428571429,0.1724787992,0.028411,0.480473,0.2998464743
050757,-0.425861127,0.0629584801,1.2250623248,,0.1536086387,-0.270541921,,0.5494594,,,-0.539064643,0.5092148315,1,1,1,0,1,1,0,1,0,0,1,1,8,0.125,0.158104498,0.028411,0.480473,0.2699295133
050758,3.8477492586,-0.755173195,1.2250623248,,0.1536086387,-1.138829195,,-0.094535201,,0.1409842852,0.9304207382,0.5092148315,1,1,1,0,1,1,0,1,0,1,1,1,9,0.1111111111,0.5353891652,0.028411,0.480473,1.0551649517
050760,-0.093689554,-1.136967976,0.7586740187,,,,,,,0.3463329351,0.0119923747,0.8064277357,1,1,1,0,0,0,0,0,0,1,1,1,6,0.1666666667,0.115461589,0.028411,0.480473,0.1811776336
050761,-0.197803032,-0.373378413,0.3558841179,,0.1162035161,0.5977453531,-0.46081837,,,-0.064364365,-0.171693298,1.044198059,1,1,1,0,1,1,1,0,0,1,1,1,9,0.1111111111,0.0939970632,0.028411,0.480473,0.1365039222
050763,0.7094715627,0.9901743784,,,,,,0.6210143556,,,-0.355378971,,1,1,0,0,0,0,0,1,0,0,1,0,4,0.25,0.4913203315,0.028411,0.480473,0.963445322
050764,-0.465523404,0.1720427035,0.6950756133,,-0.12692978,-2.441260105,,,,,0.7467350655,-0.917407109,1,1,1,0,1,1,0,0,0,0,1,1,7,0.1428571429,-0.333895288,0.028411,0.480473,-0.754060331
050765,-0.331663218,-0.373378413,0.1438894333,,,,,,,0.5516815849,1.4814777564,1.4602961249,1,1,1,0,0,0,0,0,0,1,1,1,6,0.1666666667,0.4887172114,0.028411,0.480473,0.9580274974
050766,-0.52501682,-0.26429419,,,,,,,,,0.3793637201,,1,1,0,0,0,0,0,0,0,0,1,0,3,0.3333333333,-0.136649097,0.028411,0.480473,-0.343535566
050767,-0.187887462,-1.027883753,0.8434718925,,,,,,,0.5516815849,1.4814777564,0.8064277357,1,1,1,0,0,0,0,0,0,1,1,1,6,0.1666666667,0.4112146256,0.028411,0.480473,0.7967228323
050769,-0.242423094,-0.155209967,,,,,,,,,0.0119923747,,1,1,0,0,0,0,0,0,0,0,1,0,3,0.3333333333,-0.128546895,0.028411,0.480473,-0.326672607
050770,-0.52501682,-1.627846981,0.271086244,,-1.473514192,0.5977453531,,,,-0.064364365,-0.722750316,-0.97684969,1,1,1,0,1,1,0,0,0,1,1,1,8,0.125,-0.565188846,0.028411,0.480473,-1.235447237
050771,-0.063942846,0.5538374851,0.7586740187,,0.5650649868,-1.572972831,,-2.598958647,,,0.3793637201,-1.214620013,1,1,1,0,1,1,0,1,0,0,1,1,8,0.125,-0.399194266,0.028411,0.480473,-0.889965858
050772,-0.098647338,-0.91879953,0.9918681717,,,,,,,0.1409842852,1.1141064109,1.2225258016,1,1,1,0,0,0,0,0,0,1,1,1,6,0.1666666667,0.4086729669,0.028411,0.480473,0.791432926
050775,-0.52501682,-0.59154686,1.0130676402,,-0.463575883,1.03188899,,,,,-0.355378971,0.3903296698,1,1,1,0,1,1,0,0,0,0,1,1,7,0.1428571429,0.0713953951,0.028411,0.480473,0.0894634982
050776,4.3633588642,-1.627846981,0.9494692348,,-3.007124217,0.1636017162,,-0.523864934,,,0.1956780474,0.3903296698,1,1,1,0,1,1,0,1,0,0,1,1,8,0.125,0.1129501749,0.028411,0.480473,0.1759506751
050777,0.0252972783,-0.646088971,1.0554665771,,,,,,,0.3463329351,0.9304207382,1.6980664483,1,1,1,0,0,0,0,0,0,1,1,1,6,0.1666666667,0.5682491676,0.028411,0.480473,1.1235558529
050778,-0.510143466,-0.373378413,,,-1.062057844,-1.572972831,,,,0.5516815849,2.3999061199,-1.868488402,1,1,0,0,1,1,0,0,0,1,1,1,7,0.1428571429,-0.347921893,0.028411,0.480473,-0.783253639
050779,4.2245408935,0.9356322668,1.0766660456,,0.3032291289,0.1636017162,-1.297473893,,,0.5516815849,0.9304207382,0.7469851548,1,1,1,0,1,1,1,0,0,1,1,1,9,0.1111111111,0.8483648485,0.028411,0.480473,1.7065553188
050780,-0.52501682,0.0084163685,,,0.0039881484,0.5977453531,,0.1916846219,,,,-1.987373564,1,1,0,0,1,1,0,1,0,0,0,1,6,0.1666666667,-0.285092649,0.028411,0.480473,-0.652488321
050782,-0.15318297,-0.537004748,,,,,,0.4779044444,,,-3.478035407,,1,1,0,0,0,0,0,1,0,0,1,0,4,0.25,-0.92257967,0.028411,0.480473,-1.979277996
050783,3.4263375617,-1.082425865,0.4406819917,,0.9391162123,0.1636017162,,,,,,-2.462914211,1,1,1,0,1,1,0,0,0,0,0,1,6,0.1666666667,0.2373995678,0.028411,0.480473,0.4349648414
050784,2.6231764452,0.8265480434,0.589078271,,-0.613196374,0.1636017162,,,,-0.064364365,0.9304207382,0.7469851548,1,1,1,0,1,1,0,0,0,1,1,1,8,0.125,0.6502812038,0.028411,0.480473,1.2942875775
050785,1.0565164896,-0.209752078,,,,,,,,,,,1,1,0,0,0,0,0,0,0,0,0,0,2,0.5,0.4233822057,0.028411,0.480473,0.8220469864
050855,-0.073858415,0.1175005918,,,,,,,,,,,1,1,0,0,0,0,0,0,0,0,0,0,2,0.5,0.0218210884,0.028411,0.480473,-0.013714568
05114F,0.3772999898,0.7174638201,,,-1.230380896,-0.270541921,,-0.022980245,,,,-0.917407109,1,1,0,0,1,1,0,1,0,0,0,1,6,0.1666666667,-0.224424393,0.028411,0.480473,-0.52622063
05127F,-0.192845247,0.2265848151,,,-0.201740026,-0.704685558,,0.1916846219,,,,-0.560751624,1,1,0,0,1,1,0,1,0,0,0,1,6,0.1666666667,-0.206958836,0.028411,0.480473,-0.489869896
05128F,0.1938619571,0.0629584801,,,0.5650649868,0.1636017162,,0.6210143556,,,,-0.441866462,1,1,0,0,1,1,0,1,0,0,0,1,6,0.1666666667,0.194105839,0.028411,0.480473,0.3448584229
051300,,-1.518762758,-1.297674422,,0.6772803544,,,,,,,,0,1,1,0,1,0,0,0,0,0,0,0,3,0.3333333333,-0.713052275,0.028411,0.480473,-1.543192594
051301,-0.410987773,0.3902111501,-0.492094621,,-0.482278445,0.5977453531,,,,,-1.090121662,,1,1,1,0,1,1,0,0,0,0,1,0,6,0.1666666667,-0.247920999,0.028411,0.480473,-0.575123671
051302,,-2.336894433,-0.280099936,,,,,,,,,,0,1,1,0,0,0,0,0,0,0,0,0,2,0.5,-1.308497185,0.028411,0.480473,-2.782480816
051303,-0.52501682,-0.809715306,0.1014904963,,1.0887367025,0.5977453531,,,,,0.0119923747,,1,1,1,0,1,1,0,0,0,0,1,0,6,0.1666666667,0.0775388,0.028411,0.480473,0.1022496505
051304,,-0.59154686,-0.979682395,,0.3593368127,-0.270541921,,,,,-0.539064643,,0,1,1,0,1,1,0,0,0,0,1,0,5,0.2,-0.404299801,0.028411,0.480473,-0.900591913
051305,,-0.482462636,-1.806461665,,1.1261418251,,,,,,,,0,1,1,0,1,0,0,0,0,0,0,0,3,0.3333333333,-0.387594159,0.028411,0.480473,-0.865822775
051306,,,0.3770835864,,0.7894957221,,,,,,,,0,0,1,0,1,0,0,0,0,0,0,0,2,0.5,0.5832896542,0.028411,0.480473,1.1548593331
051307,2.4794006898,0.0629584801,,,,,,,,,,,1,1,0,0,0,0,0,0,0,0,0,0,2,0.5,1.271179585,0.028411,0.480473,2.5865516289
051309,,-0.373378413,,,,,,,,,,,0,1,0,0,0,0,0,0,0,0,0,0,1,1,-0.373378413,0.028411,0.480473,-0.836235813
05130F,0.4417511906,0.6083795968,,,-1.230380896,0.5977453531,-3.389112699,,,,,-1.155177432,1,1,0,0,1,1,1,0,0,0,0,1,6,0.1666666667,-0.687799148,0.028411,0.480473,-1.490633738
051310,-0.475438973,0.7720059318,0.6738761448,,1.05133158,0.5977453531,,,-2.232970771,,0.5630493928,,1,1,1,0,1,1,0,0,1,0,1,0,7,0.1428571429,0.1356569512,0.028411,0.480473,0.2232098588
051311,,-0.59154686,0.1438894333,,0.1349060774,-1.572972831,,-6.534481206,,,,,0,1,1,0,1,1,0,1,0,0,0,0,5,0.2,-1.684041077,0.028411,0.480473,-3.564093214
051312,,-1.136967976,0.3982830548,,0.3032291289,0.5977453531,,,,,,,0,1,1,0,1,1,0,0,0,0,0,0,4,0.25,0.0405723901,0.028411,0.480473,0.0253121611
051314,,0.2811269268,0.0802910279,,-0.650601496,-2.007116468,,,,,-2.559607043,,0,1,1,0,1,1,0,0,0,0,1,0,5,0.2,-0.971181411,0.028411,0.480473,-2.080431879
051315,0.2136930958,-0.700631083,0.546679334,,,-0.270541921,,,,,,,1,1,1,0,0,1,0,0,0,0,0,0,4,0.25,-0.052700144,0.028411,0.480473,-0.168814198
051316,,0.3356690385,-0.258900467,0.7813730793,0.0787983936,-1.138829195,,,,,0.3793637201,,0,1,1,1,1,1,0,0,0,0,1,0,6,0.1666666667,0.0295790949,0.028411,0.480473,0.0024320238
051317,0.9176985188,0.4447532618,0.3770835864,0.083007489,-0.220442587,-2.007116468,-0.46081837,,-0.217984061,,1.6651634291,,1,1,1,1,1,1,1,0,1,0,1,0,9,0.1111111111,0.0645938666,0.028411,0.480473,0.0753076055
051318,0.0104239243,-0.59154686,-1.212876548,,0.1910137612,-2.441260105,,,,,-2.008550025,,1,1,1,0,1,1,0,0,0,0,1,0,6,0.1666666667,-1.008799309,0.028411,0.480473,-2.158725299
051319,-0.415945557,0.2265848151,-0.025706314,,1.3318699991,0.5977453531,,0.6210143556,0.3517708022,-1.091107614,0.7467350655,0.9253128974,1,1,1,0,1,1,0,1,1,1,1,1,10,0.1,0.3268273802,0.028411,0.480473,0.6210892553
051320,-0.515101251,0.3356690385,-0.237700999,,0.714685477,0.1636017162,,0.4063494887,,0.5516815849,0.9304207382,,1,1,1,0,1,1,0,1,0,1,1,0,8,0.125,0.2937007242,0.028411,0.480473,0.552143373
051321,-0.103605123,-0.26429419,0.2074878387,,,,,,,,,,1,1,1,0,0,0,0,0,0,0,0,0,3,0.3333333333,-0.053470491,0.028411,0.480473,-0.170417509
051323,,-1.955099651,0.3770835864,,0.0975009548,-1.572972831,,,,,,,0,1,1,0,1,1,0,0,0,0,0,0,4,0.25,-0.763371985,0.028411,0.480473,-1.647922055
051324,-0.440734481,-0.482462636,-0.08930472,2.0035128624,0.9017110897,0.5977453531,,,,-0.885758964,0.3793637201,-0.620194204,1,1,1,1,1,1,0,0,0,1,1,1,9,0.1111111111,0.1515420022,0.028411,0.480473,0.2562711149
051325,-0.321747649,0.6629217084,-0.174102594,-2.535863475,0.3219316902,-0.704685558,,,-0.926703524,,-0.906435989,,1,1,1,1,1,1,0,0,1,0,1,0,8,0.125,-0.573085674,0.028411,0.480473,-1.251882755
051326,,0.2265848151,-0.91608399,0.8977673444,0.6398752319,0.5977453531,,0.2632395775,,,0.3793637201,,0,1,1,1,1,1,0,1,0,0,1,0,7,0.1428571429,0.2983560075,0.028411,0.480473,0.5618323259
051327,,0.6083795968,0.7374745502,,1.0887367025,,,,,,,,0,1,1,0,1,0,0,0,0,0,0,0,3,0.3333333333,0.8115302832,0.028411,0.480473,1.6298922351
051328,-0.52501682,0.8265480434,-0.386097278,0.4321902842,0.6024701093,1.03188899,,0.5494594,,0.5516815849,-1.273807334,1.8763941908,1,1,1,1,1,1,0,1,0,1,1,1,10,0.1,0.368571117,0.028411,0.480473,0.7079697047
051329,-0.52501682,-0.046125743,0.5042803971,,0.4528496191,-0.704685558,0.6372920035,-0.59541989,,0.5516815849,0.0119923747,0.4497722506,1,1,1,0,1,1,1,1,0,1,1,1,10,0.1,0.0736620219,0.028411,0.480473,0.0941809857
051330,,-0.700631083,-0.6404909,,,,,,,,,,0,1,1,0,0,0,0,0,0,0,0,0,2,0.5,-0.670560991,0.028411,0.480473,-1.454756289
051331,-0.15318297,-0.209752078,-0.280099936,,0.6398752319,,,0.5494594,-1.010082285,,-1.64117868,,1,1,1,0,1,0,0,1,1,0,1,0,7,0.1428571429,-0.30070876,0.028411,0.480473,-0.684989837
051332,-0.430818911,-0.155209967,0.1862883702,,0.583767548,0.5977453531,,-3.314508203,,,1.1141064109,0.4497722506,1,1,1,0,1,1,0,1,0,0,1,1,8,0.125,-0.121107144,0.028411,0.480473,-0.311188393
051333,,,-0.301299404,0.3157960191,-1.267786018,-3.743691016,-1.715801654,,,,,,0,0,1,1,1,1,1,0,0,0,0,0,5,0.2,-1.342556415,0.028411,0.480473,-2.853367647
051334,-0.470481189,0.3356690385,-1.509669107,,0.8081982834,,,,,,,,1,1,1,0,1,0,0,0,0,0,0,0,4,0.25,-0.209070743,0.028411,0.480473,-0.494265369
051335,,0.0084163685,-0.195302062,,0.6024701093,,,,,,,,0,1,1,0,1,0,0,0,0,0,0,0,3,0.3333333333,0.1385281386,0.028411,0.480473,0.2291856068
051336,-0.490312327,-0.973341641,-0.216501531,,1.5001930506,0.5977453531,,-0.022980245,,,-1.457493007,,1,1,1,0,1,1,0,1,0,0,1,0,7,0.1428571429,-0.151812907,0.028411,0.480473,-0.375095717
051337,,,0.5042803971,,-0.183037464,,,,,,,,0,0,1,0,1,0,0,0,0,0,0,0,2,0.5,0.1606214664,0.028411,0.480473,0.2751680319
060001,0.6698092854,0.8810901551,0.9918681717,0.5485845492,0.3967419353,0.5977453531,1.0033287947,0.6210143556,,0.5516815849,0.7467350655,0.0336741848,1,1,1,1,1,1,1,1,0,1,1,1,11,0.0909090909,0.6402066759,0.028411,0.480473,1.2733196533
060003,-0.520059035,0.1175005918,0.6102777394,,0.041393271,0.1636017162,1.5262384964,0.4779044444,,0.5516815849,0.0119923747,1.3414109632,1,1,1,0,1,1,1,1,0,1,1,1,10,0.1,0.4321942147,0.028411,0.480473,0.8403872539
060004,-0.520059035,0.9356322668,1.0342671087,2.0035128624,-0.014714413,-0.270541921,0.6372920035,0.4779044444,,0.3463329351,0.1956780474,0.9847554782,1,1,1,1,1,1,1,1,0,1,1,1,11,0.0909090909,0.5281872525,0.028411,0.480473,1.0401757471
060006,0.1145374024,0.6629217084,-0.6404909,-0.207978174,0.4528496191,0.1636017162,-0.51310934,0.2632395775,0.4351495627,0.5516815849,-0.171693298,1.5197387057,1,1,1,1,1,1,1,1,1,1,1,1,12,0.0833333333,0.2192040138,0.028411,0.480473,0.3970947792
060008,-0.520059035,0.9901743784,0.037892091,1.3051472721,-0.014714413,0.5977453531,,0.1916846219,,0.5516815849,0.9304207382,0.0336741848,1,1,1,1,1,1,0,1,0,1,1,1,10,0.1,0.4103646776,0.028411,0.480473,0.7949538515
060009,-0.510143466,1.1538007134,1.0130676402,1.4215415371,-1.361298825,-0.704685558,-1.088310012,0.6210143556,,0.5516815849,-0.171693298,1.3414109632,1,1,1,1,1,1,1,1,0,1,1,1,11,0.0909090909,0.2060350578,0.028411,0.480473,0.3696864804
060010,-0.52501682,1.0447164901,0.4406819917,0.4903874167,0.8081982834,1.03188899,-0.46081837,,,0.5516815849,-0.355378971,1.044198059,1,1,1,1,1,1,1,0,0,1,1,1,10,0.1,0.4070538655,0.028411,0.480473,0.7880631209
060011,-0.024280568,0.9356322668,0.6950756133,,-0.725411741,-1.138829195,,0.5494594,,0.5516815849,0.7467350655,-0.798521947,1,1,1,0,1,1,0,1,0,1,1,1,9,0.1111111111,0.0879489421,0.028411,0.480473,0.1239160823
060012,-0.520059035,0.1720427035,-1.933658476,0.2575988866,0.2284188838,-0.270541921,,-1.74029918,,,-0.722750316,0.9847554782,1,1,1,1,1,1,0,1,0,0,1,1,9,0.1111111111,-0.393832553,0.028411,0.480473,-0.878806626
060013,-0.520059035,0.2265848151,-0.407296747,0.3739931517,-0.276550271,0.1636017162,-0.35623643,0.2632395775,,0.5516815849,0.7467350655,0.5092148315,1,1,1,1,1,1,1,1,0,1,1,1,11,0.0909090909,0.1159007509,0.028411,0.480473,0.182091653
060014,0.2136930958,0.8810901551,-1.870060071,1.188753007,0.7333880382,0.1636017162,,,,0.5516815849,-0.539064643,0.6280999932,1,1,1,1,1,1,0,0,0,1,1,1,9,0.1111111111,0.2167980974,0.028411,0.480473,0.3920873909
060015,-0.520059035,0.4447532618,0.5042803971,-2.41946921,-0.575791251,-0.704685558,,0.4779044444,,,-0.539064643,1.2819683824,1,1,1,1,1,1,0,1,0,0,1,1,9,0.1111111111,-0.227795912,0.028411,0.480473,-0.533237709
060020,-0.490312327,1.0992586017,-1.19167708,0.1412046215,-0.332657955,0.1636017162,0.2189642422,-0.380755023,,0.3463329351,0.1956780474,0.5686574123,1,1,1,1,1,1,1,1,0,1,1,1,11,0.0909090909,0.0307541083,0.028411,0.480473,0.0048775571
060022,-0.52501682,1.0992586017,0.5678788025,-0.033386776,0.714685477,1.03188899,-0.303945459,-0.523864934,-0.648774323,-0.885758964,0.3793637201,1.2225258016,1,1,1,1,1,1,1,1,1,1,1,1,12,0.0833333333,0.1745711763,0.028411,0.480473,0.3042012993
060023,-0.510143466,0.8810901551,0.037892091,-0.789949499,-0.781519425,-0.270541921,-0.46081837,0.6210143556,1.5746592885,-0.680410314,-0.355378971,0.2714445081,1,1,1,1,1,1,1,1,1,1,1,1,12,0.0833333333,-0.038555131,0.028411,0.480473,-0.13937445
060024,-0.52501682,1.1538007134,0.3982830548,-0.149781041,0.9017110897,1.03188899,-0.774564191,0.5494594,1.6580380489,0.5516815849,-0.171693298,1.1036406399,1,1,1,1,1,1,1,1,1,1,1,1,12,0.0833333333,0.4772873476,0.028411,0.480473,0.9342387382
060027,0.4367934059,1.0447164901,-0.174102594,0.0248103565,0.6959829157,0.5977453531,1.1602017052,0.6210143556,,0.5516815849,-0.722750316,0.7469851548,1,1,1,1,1,1,1,1,0,1,1,1,11,0.0909090909,0.4530071284,0.028411,0.480473,0.8837047773
060028,-0.510143466,1.1538007134,0.6738761448,2.0035128624,0.0975009548,0.1636017162,-0.35623643,0.4779044444,,0.1409842852,1.1141064109,0.6280999932,1,1,1,1,1,1,1,1,0,1,1,1,11,0.0909090909,0.5079097845,0.028411,0.480473,0.9979726367
060030,0.6549359313,0.9356322668,0.8010729556,1.188753007,0.2097163225,-0.270541921,0.2189642422,0.4779044444,,,0.5630493928,-0.441866462,1,1,1,1,1,1,1,1,0,0,1,1,10,0.1,0.433762018,0.028411,0.480473,0.8436502933
060031,-0.515101251,0.4992953735,0.7798734871,-0.091583909,-0.893734793,-1.138829195,0.480419093,0.3347945331,,0.3463329351,-0.355378971,0.8658703165,1,1,1,1,1,1,1,1,0,1,1,1,11,0.0909090909,0.0283597837,0.028411,0.480473,-0.000105705
060032,-0.520059035,0.3356690385,0.7586740187,-1.837497884,0.2658240063,0.5977453531,0.7418739439,,,0.1409842852,0.5630493928,0.7469851548,1,1,1,1,1,1,1,0,0,1,1,1,10,0.1,0.1793248274,0.028411,0.480473,0.3140949832
060034,0.104621833,0.1720427035,0.7798734871,2.0035128624,0.3967419353,0.5977453531,,,,0.5516815849,-0.722750316,0.687542574,1,1,1,1,1,1,0,0,0,1,1,1,9,0.1111111111,0.5078902241,0.028411,0.480473,0.997931926
060044,-0.296958725,0.6629217084,0.8858708294,,1.0700341412,0.5977453531,,0.4779044444,,0.5516815849,0.3793637201,1.1036406399,1,1,1,0,1,1,0,1,0,1,1,1,9,0.1111111111,0.6035781885,0.028411,0.480473,1.1970854755
060049,-0.52501682,0.8810901551,-0.152903125,-0.673555234,0.9952238961,1.03188899,,0.6210143556,,0.5516815849,0.3793637201,1.8169516099,1,1,1,1,1,1,0,1,0,1,1,1,10,0.1,0.4925739133,0.028411,0.480473,0.966054378
060054,-0.391156634,0.4992953735,0.2922857125,-1.197329427,0.6585777931,0.1636017162,,0.6210143556,,0.5516815849,-0.355378971,0.1525593464,1,1,1,1,1,1,0,1,0,1,1,1,10,0.1,0.0995150851,0.028411,0.480473,0.1479884768
06005F,0.3475532818,-0.537004748,,,-0.220442587,-0.270541921,,-0.380755023,,,,-1.571275498,1,1,0,0,1,1,0,1,0,0,0,1,6,0.1666666667,-0.438744416,0.028411,0.480473,-0.972280837
060064,-0.515101251,0.9356322668,-1.870060071,0.4903874167,-0.257847709,-1.138829195,,0.4063494887,,,-0.722750316,0.8658703165,1,1,1,1,1,1,0,1,0,0,1,1,9,0.1111111111,-0.20070545,0.028411,0.480473,-0.476854842
060065,-0.52501682,-0.046125743,0.9494692348,2.0035128624,0.6398752319,0.5977453531,0.8987468544,0.4063494887,,-0.269713014,0.1956780474,-0.085210977,1,1,1,1,1,1,1,1,0,1,1,1,11,0.0909090909,0.4332100471,0.028411,0.480473,0.8425014867
060071,-0.475438973,0.6629217084,-0.004506846,2.0035128624,0.041393271,0.5977453531,,0.5494594,,,-0.539064643,0.1525593464,1,1,1,1,1,1,0,1,0,0,1,1,9,0.1111111111,0.3320646087,0.028411,0.480473,0.6319893998
060075,3.5750711018,1.2628849367,-1.509669107,-0.266175306,0.1910137612,,0.5327100632,-0.094535201,-1.732698208,-0.064364365,0.9304207382,-0.144653558,1,1,1,1,1,0,1,1,1,1,1,1,11,0.0909090909,0.2436368052,0.028411,0.480473,0.4479462856
060076,0.3078910045,0.7720059318,-0.046905783,,0.8830085285,0.5977453531,,0.4779044444,,0.5516815849,0.1956780474,-0.204096139,1,1,1,0,1,1,0,1,0,1,1,1,9,0.1111111111,0.3927681081,0.028411,0.480473,0.7583304444
06007F,-0.158140754,-0.427920525,,,,1.03188899,,-1.668744224,,,,-0.97684969,1,1,0,0,0,1,0,1,0,0,0,1,5,0.2,-0.439953241,0.028411,0.480473,-0.974796741
060096,1.5721260952,1.2083428251,-1.912459008,-0.149781041,0.583767548,0.5977453531,,0.6210143556,,0.5516815849,0.1956780474,1.044198059,1,1,1,1,1,1,0,1,0,1,1,1,10,0.1,0.431231382,0.028411,0.480473,0.8383833284
060100,-0.351494357,0.3902111501,0.7162750817,-1.953892149,0.1723111999,0.1636017162,-0.094781579,0.4063494887,,0.5516815849,0.1956780474,0.1525593464,1,1,1,1,1,1,1,1,0,1,1,1,11,0.0909090909,0.0316817755,0.028411,0.480473,0.0068082932
060103,-0.520059035,0.3902111501,-0.152903125,,0.0600958323,1.03188899,,0.6210143556,,0.5516815849,0.7467350655,1.3414109632,1,1,1,0,1,1,0,1,0,1,1,1,9,0.1111111111,0.4522306423,0.028411,0.480473,0.8820886917
060104,-0.515101251,0.3356690385,0.2922857125,0.7813730793,0.0039881484,0.1636017162,0.0098003615,0.2632395775,,0.5516815849,-0.171693298,1.5791812866,1,1,1,1,1,1,1,1,0,1,1,1,11,0.0909090909,0.2994569052,0.028411,0.480473,0.5641236034
060107,2.1273979782,1.2083428251,-0.852485584,-4.223580318,,,,0.4063494887,,,,,1,1,1,1,0,0,0,1,0,0,0,0,5,0.2,-0.266795122,0.028411,0.480473,-0.614406026
060112,-0.52501682,0.2265848151,0.7162750817,-3.292426197,0.1723111999,0.5977453531,0.8464558842,0.4063494887,,0.5516815849,-0.355378971,1.1630832207,1,1,1,1,1,1,1,1,0,1,1,1,11,0.0909090909,0.0461513309,0.028411,0.480473,0.0369235051
060113,-0.515101251,0.6083795968,0.7798734871,0.0248103565,-0.613196374,0.1636017162,,0.5494594,,-0.269713014,-0.171693298,1.044198059,1,1,1,1,1,1,0,1,0,1,1,1,10,0.1,0.1600618679,0.028411,0.480473,0.2740033501
060114,-0.520059035,0.6629217084,0.4830809287,-0.615358101,0.2097163225,-0.270541921,0.794164914,0.5494594,,0.5516815849,-0.355378971,1.1036406399,1,1,1,1,1,1,1,1,0,1,1,1,11,0.0909090909,0.2357570428,0.028411,0.480473,0.4315462852
060116,-0.515101251,1.0992586017,0.822272424,,-0.931139915,-0.270541921,0.0620913317,0.4063494887,,-0.475061664,0.3793637201,0.8658703165,1,1,1,0,1,1,1,1,0,1,1,1,10,0.1,0.1443361132,0.028411,0.480473,0.2412736344
060117,-0.287043156,1.0992586017,-0.810086648,,1.3692751217,0.5977453531,,,-0.482016802,,2.0325347745,,1,1,1,0,1,1,0,0,1,0,1,0,7,0.1428571429,0.5028096065,0.028411,0.480473,0.9873577327
060118,-0.52501682,0.3902111501,-0.322498873,-0.324372439,-0.070822097,1.03188899,-1.402055833,,,0.5516815849,1.1141064109,1.5791812866,1,1,1,1,1,1,1,0,0,1,1,1,10,0.1,0.2022303361,0.028411,0.480473,0.3617677851
060119,-0.52501682,1.0992586017,0.4406819917,-0.382569571,0.6959829157,1.03188899,,0.6210143556,1.0188008856,0.5516815849,0.0119923747,0.8658703165,1,1,1,1,1,1,0,1,1,1,1,1,11,0.0909090909,0.4935986932,0.028411,0.480473,0.9681872331
060124,-0.52501682,0.1175005918,,,,,,,,,0.3793637201,,1,1,0,0,0,0,0,0,0,0,1,0,3,0.3333333333,-0.009384169,0.028411,0.480473,-0.078661481
060125,-0.520059035,0.7174638201,0.3346846494,-1.139132294,-0.463575883,0.1636017162,,0.4063494887,,0.5516815849,0.0119923747,1.5791812866,1,1,1,1,1,1,0,1,0,1,1,1,10,0.1,0.1642187708,0.028411,0.480473,0.2826550334
060126,0.6995559934,0.8265480434,0.3346846494,,0.7333880382,1.03188899,,0.6210143556,,0.5516815849,0.5630493928,0.0336741848,1,1,1,0,1,1,0,1,0,1,1,1,9,0.1111111111,0.5994983592,0.028411,0.480473,1.188594204
060128,-0.52501682,1.0992586017,0.4618814602,-0.091583909,0.5276598642,1.03188899,,0.6210143556,,0.5516815849,-0.171693298,1.1630832207,1,1,1,1,1,1,0,1,0,1,1,1,10,0.1,0.4668174051,0.028411,0.480473,0.9124478449
060129,-0.52501682,1.0992586017,0.6526766764,,0.9017110897,0.5977453531,,,,,-0.171693298,,1,1,1,0,1,1,0,0,0,0,1,0,6,0.1666666667,0.4257802671,0.028411,0.480473,0.8270380263
060130,-0.52501682,1.0447164901,1.2250623248,,1.0326290187,0.5977453531,,,,,-0.906435989,,1,1,1,0,1,1,0,0,0,0,1,0,6,0.1666666667,0.411450063,0.028411,0.480473,0.7972128435
060131,-0.52501682,0.9901743784,0.5254798656,0.5485845492,0.4902547416,0.5977453531,,0.6210143556,,0.5516815849,0.3793637201,0.8658703165,1,1,1,1,1,1,0,1,0,1,1,1,10,0.1,0.5045152045,0.028411,0.480473,0.9909075615
060132,-0.52501682,1.1538007134,0.1226899648,-2.88504627,0.3032291289,1.03188899,,0.5494594,,-1.091107614,-0.171693298,1.1036406399,1,1,1,1,1,1,0,1,0,1,1,1,10,0.1,-0.040815516,0.028411,0.480473,-0.144078949
060133,,0.0629584801,,,,,,,,,,,0,1,0,0,0,0,0,0,0,0,0,0,1,1,0.0629584801,0.028411,0.480473,0.0719039067
061300,,1.2628849367,,,,0.5977453531,,,,,,,0,1,0,0,0,1,0,0,0,0,0,0,2,0.5,0.9303151449,0.028411,0.480473,1.87711692
061301,,1.2628849367,1.0554665771,,2.2857006242,1.03188899,,,,,2.7672774653,,0,1,1,0,1,1,0,0,0,0,1,0,5,0.2,1.6806437187,0.028411,0.480473,3.4387615822
061302,,1.1538007134,0.2498867756,,0.5276598642,0.5977453531,,,,,0.5630493928,,0,1,1,0,1,1,0,0,0,0,1,0,5,0.2,0.6184284198,0.028411,0.480473,1.227992981
061303,0.1839463877,0.8265480434,-0.704089305,,0.9578187736,0.5977453531,,0.6210143556,,0.5516815849,1.2977920836,,1,1,1,0,1,1,0,1,0,1,1,0,8,0.125,0.5415571596,0.028411,0.480473,1.0680022817
061304,,-0.482462636,,,0.4715521804,,,,,,,,0,1,0,0,1,0,0,0,0,0,0,0,2,0.5,-0.005455228,0.028411,0.480473,-0.07048425
061305,,0.1720427035,-6.724738348,,0.7894957221,1.03188899,,0.3347945331,,,,,0,1,1,0,1,1,0,1,0,0,0,0,5,0.2,-0.87930328,0.028411,0.480473,-1.889207664
061306,,,,,,,,,,,,,0,0,0,0,0,0,0,0,0,0,0,0,0,,,0.028411,0.480473,
061307,,,,,,,,,,,,,0,0,0,0,0,0,0,0,0,0,0,0,0,,,0.028411,0.480473,
061308,-0.52501682,0.7720059318,1.0554665771,,0.7894957221,1.03188899,,,,,,-0.3229813,1,1,1,0,1,1,0,0,0,0,0,1,6,0.1666666667,0.4668098501,0.028411,0.480473,0.9124321209
061309,-0.351494357,0.9356322668,-1.446070701,,0.8269008446,1.03188899,,,,0.5516815849,2.0325347745,-0.3229813,1,1,1,0,1,1,0,0,0,1,1,1,8,0.125,0.4072615128,0.028411,0.480473,0.7884952934
061310,,-0.373378413,-1.764062728,,0.2097163225,0.5977453531,,,,,,,0,1,1,0,1,1,0,0,0,0,0,0,4,0.25,-0.332494866,0.028411,0.480473,-0.75114566
061311,-0.212676386,0.9356322668,-0.258900467,,-0.220442587,1.03188899,,-1.024749624,,,-0.906435989,-2.046816145,1,1,1,0,1,1,0,1,0,0,1,1,8,0.125,-0.337812493,0.028411,0.480473,-0.762213135
061312,,0.8265480434,0.0590915594,0.1994017541,,,,,,,-1.64117868,,0,1,1,1,0,0,0,0,0,0,1,0,4,0.25,-0.139034331,0.028411,0.480473,-0.348499908
061313,,0.8810901551,-0.322498873,,1.1074392638,1.03188899,,0.6210143556,,,,,0,1,1,0,1,1,0,1,0,0,0,0,5,0.2,0.6637867783,0.028411,0.480473,1.3223964742
061314,0.0252972783,0.3902111501,-0.068105251,,0.9017110897,1.03188899,,,,,-0.539064643,,1,1,1,0,1,1,0,0,0,0,1,0,6,0.1666666667,0.2903231022,0.028411,0.480473,0.5451135922
061315,,1.2083428251,-3.735613295,,1.1448443863,,,,,,,,0,1,1,0,1,0,0,0,0,0,0,0,3,0.3333333333,-0.460808695,0.028411,0.480473,-1.018202803
061316,,1.2083428251,0.1438894333,,0.9017110897,1.03188899,,,,,-0.539064643,,0,1,1,0,1,1,0,0,0,0,1,0,5,0.2,0.5493535389,0.028411,0.480473,1.0842287385
061317,,1.2083428251,-0.746488242,,0.8643059672,0.5977453531,,0.6210143556,,,0.0119923747,1.9358367716,0,1,1,0,1,1,0,1,0,0,1,1,7,0.1428571429,0.6418213436,0.028411,0.480473,1.2766802305
061318,,0.9356322668,-0.428496215,,0.5276598642,,,,,,-1.824864352,,0,1,1,0,1,0,0,0,0,0,1,0,4,0.25,-0.197517109,0.028411,0.480473,-0.470219008
061319,,,,,0.8456034059,,,,,,,,0,0,0,0,1,0,0,0,0,0,0,0,1,1,0.8456034059,0.028411,0.480473,1.7008079807
061320,,1.0992586017,0.4406819917,,0.6211726706,0.5977453531,,,,,,,0,1,1,0,1,1,0,0,0,0,0,0,4,0.25,0.6897146543,0.028411,0.480473,1.3763596718
061321,,1.0992586017,-0.958482927,,0.8456034059,1.03188899,,,,,-1.090121662,1.3414109632,0,1,1,0,1,1,0,0,0,0,1,1,6,0.1666666667,0.3782595621,0.028411,0.480473,0.7281340821
061322,,0.9901743784,-1.764062728,2.0035128624,,,,,,,-0.355378971,,0,1,1,1,0,0,0,0,0,0,1,0,4,0.25,0.2185613854,0.028411,0.480473,0.395757289
061323,,,-0.237700999,,,,,,,,,,0,0,1,0,0,0,0,0,0,0,0,0,1,1,-0.237700999,0.028411,0.480473,-0.553852978
061324,,0.8265480434,-0.598091963,-0.789949499,1.0139264574,,,,,,-0.539064643,-0.620194204,0,1,1,1,1,0,0,0,0,0,1,1,6,0.1666666667,-0.117804301,0.028411,0.480473,-0.30431425
061325,,0.0629584801,-0.110504188,,0.1536086387,0.5977453531,,,,,-0.722750316,,0,1,1,0,1,1,0,0,0,0,1,0,5,0.2,-0.003788407,0.028411,0.480473,-0.067015125
061326,,0.9356322668,0.1438894333,,0.8643059672,1.03188899,,-0.309200067,,,-0.171693298,,0,1,1,0,1,1,0,1,0,0,1,0,6,0.1666666667,0.4158038819,0.028411,0.480473,0.8062743646
061327,0.6698092854,1.0447164901,0.3558841179,,0.6959829157,,0.0098003615,,,-0.885758964,1.1141064109,0.330887089,1,1,1,0,1,0,1,0,0,1,1,1,8,0.125,0.4169284633,0.028411,0.480473,0.8086149345
061328,,,0.5678788025,,0.7707931608,0.1636017162,-1.088310012,,-1.218529186,,,,0,0,1,0,1,1,1,0,1,0,0,0,5,0.2,-0.160913104,0.028411,0.480473,-0.394035784
061336,,0.2811269268,0.313485181,,,,,,,,,,0,1,1,0,0,0,0,0,0,0,0,0,2,0.5,0.2973060539,0.028411,0.480473,0.5596470774
061343,,,,,0.6959829157,1.03188899,,,,,,,0,0,0,0,1,1,0,0,0,0,0,0,2,0.5,0.8639359528,0.028411,0.480473,1.7389631637
061344,-0.52501682,0.6083795968,-1.403671764,,0.2284188838,-0.270541921,1.2124926754,-0.166090156,,0.5516815849,0.5630493928,0.4497722506,1,1,1,0,1,1,1,1,0,1,1,1,10,0.1,0.1248473723,0.028411,0.480473,0.2007120868
070002,1.740690774,-0.155209967,0.9918681717,-0.557160969,-2.31512945,-0.704685558,,0.1201296663,,0.5516815849,0.1956780474,-1.03629227,1,1,1,1,1,1,0,1,0,1,1,1,10,0.1,-0.116842997,0.028411,0.480473,-0.302313505
070003,2.1373135476,-0.427920525,0.4194825233,2.0035128624,-0.4074682,1.03188899,1.0033287947,0.6210143556,,0.5516815849,,1.2225258016,1,1,1,1,1,1,1,1,0,1,0,1,10,0.1,0.8155359736,0.028411,0.480473,1.6382292027
070004,0.6251892233,-0.318836301,-0.216501531,-0.615358101,0.6585777931,1.03188899,,0.5494594,,,-1.090121662,0.5092148315,1,1,1,1,1,1,0,1,0,0,1,1,9,0.1111111111,0.1259458492,0.028411,0.480473,0.202998326
070005,0.1740308184,1.0992586017,0.6102777394,0.7231759468,-1.866267979,-2.441260105,0.5327100632,0.6210143556,,0.1409842852,-0.355378971,-0.857964528,1,1,1,1,1,1,1,1,0,1,1,1,11,0.0909090909,-0.147219979,0.028411,0.480473,-0.365536544
070006,4.0460606454,0.8810901551,-0.068105251,-2.128483547,-1.211678335,0.1636017162,-0.094781579,0.1916846219,0.6574929238,0.1409842852,0.1956780474,0.8064277357,1,1,1,1,1,1,1,1,1,1,1,1,12,0.0833333333,0.2983309516,0.028411,0.480473,0.5617801775
070007,-0.445692265,0.0629584801,0.546679334,-0.557160969,1.0700341412,0.5977453531,0.3758371527,-3.242953248,-0.509809722,-0.885758964,-0.355378971,-1.630718079,1,1,1,1,1,1,1,1,1,1,1,1,12,0.0833333333,-0.414518146,0.028411,0.480473,-0.921859161
070008,3.2577728829,0.5538374851,0.7586740187,,-0.313955393,0.5977453531,0.6372920035,0.0485747107,,,0.3793637201,0.0336741848,1,1,1,0,1,1,1,1,0,0,1,1,9,0.1111111111,0.6614421073,0.028411,0.480473,1.3175165547
070010,-0.455607835,0.3356690385,0.5254798656,-0.266175306,0.7520905995,-0.270541921,0.3235461825,0.2632395775,,0.5516815849,0.0119923747,-0.97684969,1,1,1,1,1,1,1,1,0,1,1,1,11,0.0909090909,0.0722294975,0.028411,0.480473,0.0911994996
070011,-0.505185681,0.9356322668,0.6314772079,-0.207978174,0.0226907097,1.03188899,0.3758371527,0.6210143556,,0.5516815849,-0.906435989,-0.204096139,1,1,1,1,1,1,1,1,0,1,1,1,11,0.0909090909,0.2133205714,0.028411,0.480473,0.3848496819
070012,-0.37628328,0.2265848151,0.6738761448,,0.041393271,0.1636017162,1.107910735,,,,,1.2819683824,1,1,1,0,1,1,1,0,0,0,0,1,7,0.1428571429,0.4455788264,0.028411,0.480473,0.868244393
070016,-0.52501682,-1.355136423,0.4830809287,-0.673555234,-1.28648858,-0.270541921,0.5327100632,0.5494594,,-0.064364365,0.1956780474,1.044198059,1,1,1,1,1,1,1,1,0,1,1,1,11,0.0909090909,-0.124543349,0.028411,0.480473,-0.318340103
070017,-0.425861127,1.0447164901,1.0978655141,,-1.136868089,0.1636017162,0.4281281229,0.1916846219,,-0.064364365,-1.64117868,-0.382423881,1,1,1,0,1,1,1,1,0,1,1,1,10,0.1,-0.072469968,0.028411,0.480473,-0.209960759
070018,-0.475438973,0.2811269268,0.0802910279,-1.080935161,-0.332657955,0.1636017162,,-0.738529801,,0.5516815849,-0.171693298,-0.441866462,1,1,1,1,1,1,0,1,0,1,1,1,10,0.1,-0.216442039,0.028411,0.480473,-0.509607108
070020,2.1720180403,1.2083428251,0.6314772079,,-0.295252832,0.5977453531,0.5850010334,0.3347945331,-0.19019114,0.5516815849,-1.64117868,0.3903296698,1,1,1,0,1,1,1,1,1,1,1,1,11,0.0909090909,0.3949788723,0.028411,0.480473,0.7629316661
070021,-0.445692265,1.0992586017,0.2286873071,-0.557160969,0.4528496191,1.03188899,0.4281281229,0.6210143556,,,-1.457493007,0.3903296698,1,1,1,1,1,1,1,1,0,0,1,1,10,0.1,0.1791810425,0.028411,0.480473,0.3137957265
070022,-0.435776696,0.8810901551,0.4618814602,-0.498963836,-0.968545038,0.1636017162,,-0.022980245,,0.1409842852,-0.906435989,-2.046816145,1,1,1,1,1,1,0,1,0,1,1,1,10,0.1,-0.323196033,0.028411,0.480473,-0.731792175
070024,-0.351494357,1.0447164901,0.1650889017,-0.731752366,0.0975009548,0.5977453531,-1.088310012,0.3347945331,0.296184962,0.5516815849,-0.722750316,-0.144653558,1,1,1,1,1,1,1,1,1,1,1,1,12,0.0833333333,0.0040626809,0.028411,0.480473,-0.050674806
070025,-0.440734481,1.0447164901,0.6950756133,1.1305558745,-2.109401276,0.5977453531,,0.3347945331,,0.5516815849,-0.539064643,-1.03629227,1,1,1,1,1,1,0,1,0,1,1,1,10,0.1,0.0229076779,0.028411,0.480473,-0.01145307
070027,-0.386198849,0.3902111501,0.9070702979,0.0248103565,-1.716647489,-1.572972831,,0.6210143556,,0.5516815849,,-0.739079366,1,1,1,1,1,1,0,1,0,1,0,1,9,0.1111111111,-0.213345643,0.028411,0.480473,-0.503162637
070028,-0.326705433,0.9901743784,0.7374745502,-0.557160969,-0.762816864,0.1636017162,,0.4063494887,,0.5516815849,-0.355378971,-0.3229813,1,1,1,1,1,1,0,1,0,1,1,1,10,0.1,0.0524238182,0.028411,0.480473,0.049978314
070029,4.4327678496,1.2628849367,0.8434718925,0.0248103565,-0.4074682,0.5977453531,-2.970784938,0.3347945331,,-0.680410314,0.0119923747,-0.501309043,1,1,1,1,1,1,1,1,0,1,1,1,11,0.0909090909,0.268044982,0.028411,0.480473,0.4987465621
070031,0.2483975884,1.2083428251,0.6526766764,-0.207978174,-0.931139915,-0.704685558,0.794164914,0.6210143556,,0.5516815849,-0.722750316,0.1525593464,1,1,1,1,1,1,1,1,0,1,1,1,11,0.0909090909,0.1511166662,0.028411,0.480473,0.2553858711
070033,-0.52501682,-1.57330487,0.4830809287,0.2575988866,-1.00595016,-0.704685558,,0.6210143556,0.3517708022,0.1409842852,-0.171693298,-0.3229813,1,1,1,1,1,1,0,1,1,1,1,1,11,0.0909090909,-0.222652977,0.028411,0.480473,-0.522533815
070034,-0.435776696,-0.26429419,0.0166926225,-3.699806125,-0.500981006,-0.270541921,,0.4779044444,-1.538147767,-0.269713014,-0.171693298,0.5092148315,1,1,1,1,1,1,0,1,1,1,1,1,11,0.0909090909,-0.558831102,0.028411,0.480473,-1.222214984
070035,-0.445692265,0.9356322668,0.7374745502,0.7231759468,0.1349060774,0.1636017162,0.0098003615,-0.022980245,-0.523706182,0.5516815849,-0.906435989,-0.441866462,1,1,1,1,1,1,1,1,1,1,1,1,12,0.0833333333,0.07629928,0.028411,0.480473,0.0996698611
070036,2.3802449964,-1.191510088,0.7162750817,-0.731752366,-1.43610907,0.5977453531,,0.0485747107,,0.5516815849,-2.192235698,0.9253128974,1,1,1,1,1,1,0,1,0,1,1,1,10,0.1,-0.03317726,0.028411,0.480473,-0.12818159
07003F,-0.133351831,0.4992953735,,,-0.762816864,0.5977453531,,0.6210143556,,,,-2.225143887,1,1,0,0,1,1,0,1,0,0,0,1,6,0.1666666667,-0.23387625,0.028411,0.480473,-0.5458926
080001,0.6945982087,0.1720427035,0.3558841179,-0.498963836,-1.380001386,-2.007116468,-1.611219714,0.4779044444,-0.398638042,0.1409842852,0.0119923747,-1.392947755,1,1,1,1,1,1,1,1,1,1,1,1,12,0.0833333333,-0.452956756,0.028411,0.480473,-1.001860711
080003,-0.52501682,-0.373378413,0.7586740187,,0.5463624255,-1.572972831,,0.6210143556,,0.1409842852,0.5630493928,0.9847554782,1,1,1,0,1,1,0,1,0,1,1,1,9,0.1111111111,0.1270524324,0.028411,0.480473,0.2053014366
080004,-0.148225185,0.1720427035,0.3770835864,0.4321902842,-2.576965308,-1.572972831,-0.042490609,0.2632395775,,-0.064364365,0.1956780474,-1.214620013,1,1,1,1,1,1,1,1,0,1,1,1,11,0.0909090909,-0.379945828,0.028411,0.480473,-0.849904449
080006,1.0168542122,0.6629217084,0.4618814602,0.4903874167,-0.669304058,-1.572972831,0.9510378245,-0.953194668,,-0.475061664,0.0119923747,0.1525593464,1,1,1,1,1,1,1,1,0,1,1,1,11,0.0909090909,0.0070091929,0.028411,0.480473,-0.044542286
080007,0.134368541,0.9901743784,0.5042803971,0.3739931517,-0.55708869,0.1636017162,0.6372920035,0.4063494887,1.1299725662,-0.064364365,0.0119923747,0.0931167656,1,1,1,1,1,1,1,1,1,1,1,1,12,0.0833333333,0.3186406941,0.028411,0.480473,0.6040504602
080009,-0.237465309,0.3356690385,0.1438894333,1.3051472721,-1.492216754,-1.138829195,0.480419093,0.2632395775,,0.3463329351,0.5630493928,-0.917407109,1,1,1,1,1,1,1,1,0,1,1,1,11,0.0909090909,-0.031651966,0.028411,0.480473,-0.125007024
08002F,0.0947062637,-0.318836301,,,,0.5977453531,,0.6210143556,,,,-1.214620013,1,1,0,0,0,1,0,1,0,0,0,1,5,0.2,-0.043998068,0.028411,0.480473,-0.150702734
090001,-0.296958725,1.0992586017,-0.937283458,0.083007489,-4.671652171,-7.216840111,,0.6210143556,,0.5516815849,0.9304207382,-1.511832917,1,1,1,1,1,1,0,1,0,1,1,1,10,0.1,-1.134918461,0.028411,0.480473,-2.421214704
090003,-0.460565619,0.6083795968,-0.322498873,,-1.828862857,-0.270541921,,-0.022980245,,0.5516815849,2.0325347745,-1.987373564,1,1,1,0,1,1,0,1,0,1,1,1,9,0.1111111111,-0.188914125,0.028411,0.480473,-0.45231378
090004,-0.257296448,0.6629217084,-0.004506846,-3.699806125,-3.063231901,-3.309547379,,0.3347945331,,0.5516815849,-0.171693298,-0.917407109,1,1,1,1,1,1,0,1,0,1,1,1,10,0.1,-0.987409128,0.028411,0.480473,-2.11420632
090005,-0.445692265,1.1538007134,0.6526766764,-3.467017595,-2.576965308,-1.138829195,-1.506637773,0.4779044444,,0.5516815849,0.5630493928,1.044198059,1,1,1,1,1,1,1,1,0,1,1,1,11,0.0909090909,-0.426530115,0.028411,0.480473,-0.946859444
090008,-0.52501682,0.7720059318,0.9282697664,,-2.333832011,-2.875403742,,0.4779044444,,,1.1141064109,-1.630718079,1,1,1,0,1,1,0,1,0,0,1,1,8,0.125,-0.509085512,0.028411,0.480473,-1.11868043
090011,-0.103605123,1.0447164901,0.822272424,0.8395702119,-4.035765087,-1.138829195,,0.0485747107,,0.1409842852,0.9304207382,-0.263538719,1,1,1,1,1,1,0,1,0,1,1,1,10,0.1,-0.171519926,0.028411,0.480473,-0.416111564
09002F,-0.014364999,0.1720427035,,,,-1.572972831,,0.6210143556,,,,-0.501309043,1,1,0,0,0,1,0,1,0,0,0,1,5,0.2,-0.259117963,0.028411,0.480473,-0.598427699
100001,-0.168056324,-0.482462636,-0.004506846,0.1412046215,-0.613196374,-1.572972831,,0.6210143556,-0.482016802,0.5516815849,0.3793637201,0.687542574,1,1,1,1,1,1,0,1,1,1,1,1,11,0.0909090909,-0.085673178,0.028411,0.480473,-0.237440351
100002,-0.480396758,0.3356690385,0.6526766764,-1.197329427,0.041393271,1.03188899,-0.669982251,-0.380755023,,0.3463329351,-0.355378971,0.330887089,1,1,1,1,1,1,1,1,0,1,1,1,11,0.0909090909,-0.03136313,0.028411,0.480473,-0.124405875
100006,0.3128487891,-1.191510088,0.3346846494,-0.498963836,-0.351360516,-0.704685558,,-0.452309979,,-0.064364365,0.3793637201,-0.085210977,1,1,1,1,1,1,0,1,0,1,1,1,10,0.1,-0.232150816,0.028411,0.480473,-0.542301487
100007,-0.520059035,-0.973341641,0.5254798656,-0.789949499,-0.12692978,-0.270541921,-0.46081837,0.4779044444,0.6435964637,0.5516815849,0.0119923747,-0.382423881,1,1,1,1,1,1,1,1,1,1,1,1,12,0.0833333333,-0.109450783,0.028411,0.480473,-0.28692823
100008,-0.490312327,0.6083795968,0.9918681717,-1.779300752,-1.473514192,1.03188899,1.1602017052,0.5494594,,-0.064364365,0.5630493928,1.9952793525,1,1,1,1,1,1,1,1,0,1,1,1,11,0.0909090909,0.2811486339,0.028411,0.480473,0.5260189449
100012,-0.321747649,-2.282352321,-0.110504188,-0.033386776,-0.70670918,-0.270541921,-1.088310012,-0.309200067,-0.12070884,-0.269713014,0.1956780474,-0.382423881,1,1,1,1,1,1,1,1,1,1,1,1,12,0.0833333333,-0.474993317,0.028411,0.480473,-1.047724989
100014,-0.52501682,-0.646088971,0.5042803971,,0.3219316902,0.1636017162,1.107910735,,,,-0.539064643,1.7575090291,1,1,1,0,1,1,1,0,0,0,1,1,8,0.125,0.2681328916,0.028411,0.480473,0.4989295267
100017,-0.505185681,-1.846015428,1.2250623248,,0.2097163225,-2.007116468,,-0.452309979,,0.5516815849,-0.171693298,-0.97684969,1,1,1,0,1,1,0,1,0,1,1,1,9,0.1111111111,-0.441412257,0.028411,0.480473,-0.977833364
100018,-0.490312327,0.1175005918,1.1190649825,-0.382569571,-0.295252832,0.1636017162,-1.349764863,-0.309200067,,0.1409842852,0.0119923747,-0.857964528,1,1,1,1,1,1,1,1,0,1,1,1,11,0.0909090909,-0.193810931,0.028411,0.480473,-0.462505409
100019,0.1889041724,0.1175005918,0.3558841179,-0.207978174,-1.00595016,-0.704685558,,,,0.5516815849,-0.906435989,0.9253128974,1,1,1,1,1,1,0,0,0,1,1,1,9,0.1111111111,-0.07619628,0.028411,0.480473,-0.217716261
100022,-0.128394046,-1.627846981,1.0766660456,-1.313723692,-0.837627109,0.5977453531,0.2189642422,0.3347945331,,0.3463329351,0.5630493928,0.5092148315,1,1,1,1,1,1,1,1,0,1,1,1,11,0.0909090909,-0.023711318,0.028411,0.480473,-0.108480304
100023,-0.435776696,-2.064183875,0.1650889017,,-0.239145148,1.03188899,-0.199363519,,,0.5516815849,-1.090121662,0.5092148315,1,1,1,0,1,1,1,0,0,1,1,1,9,0.1111111111,-0.196746288,0.028411,0.480473,-0.468614713
100025,-0.520059035,,-0.025706314,-0.266175306,0.2658240063,0.1636017162,-0.931437101,0.2632395775,-0.09291592,0.3463329351,0.7467350655,-0.857964528,1,0,1,1,1,1,1,1,1,1,1,1,11,0.0909090909,-0.082593173,0.028411,0.480473,-0.231029995
100026,-0.515101251,,-0.046905783,,0.0039881484,0.5977453531,-0.61769128,,,,-0.171693298,0.1525593464,1,0,1,0,1,1,1,0,0,0,1,1,7,0.1428571429,-0.085299823,0.028411,0.480473,-0.236663295
100028,-0.480396758,-0.209752078,-0.725288774,1.3051472721,-1.024652722,-0.704685558,,0.6210143556,,0.5516815849,-0.171693298,-0.382423881,1,1,1,1,1,1,0,1,0,1,1,1,10,0.1,-0.122104986,0.028411,0.480473,-0.313265183
100029,-0.52501682,-1.136967976,0.8858708294,-0.382569571,-1.00595016,-0.270541921,,0.0485747107,,-0.885758964,0.7467350655,-1.868488402,1,1,1,1,1,1,0,1,0,1,1,1,10,0.1,-0.439411321,0.028411,0.480473,-0.973668854
100030,-0.182929678,-1.627846981,0.7374745502,,0.1162035161,-1.572972831,,-0.309200067,,,0.0119923747,0.0336741848,1,1,1,0,1,1,0,1,0,0,1,1,8,0.125,-0.349200617,0.028411,0.480473,-0.785915022
100032,-0.470481189,-1.027883753,0.0802910279,,0.041393271,-0.270541921,,-2.527403692,,0.3463329351,-0.171693298,-0.263538719,1,1,1,0,1,1,0,1,0,1,1,1,9,0.1111111111,-0.473725038,0.028411,0.480473,-1.045085343
100034,-0.391156634,0.3356690385,-1.128078674,-0.673555234,-0.4074682,0.5977453531,,-1.954964047,,0.5516815849,0.9304207382,0.687542574,1,1,1,1,1,1,0,1,0,1,1,1,10,0.1,-0.14521635,0.028411,0.480473,-0.361366428
100035,-0.52501682,-1.682389093,0.864671361,-0.731752366,-0.276550271,0.1636017162,,-0.166090156,,0.5516815849,-0.171693298,1.044198059,1,1,1,1,1,1,0,1,0,1,1,1,10,0.1,-0.092933928,0.028411,0.480473,-0.252552013
100038,-0.247380879,0.9901743784,0.1650889017,-1.080935161,0.0226907097,0.1636017162,,0.6210143556,,-0.064364365,-0.171693298,0.3903296698,1,1,1,1,1,1,0,1,0,1,1,1,10,0.1,0.0788526029,0.028411,0.480473,0.1049840436
100039,0.0252972783,0.7720059318,-0.682889837,-0.382569571,-0.351360516,0.1636017162,,0.6210143556,,0.5516815849,1.1141064109,0.2714445081,1,1,1,1,1,1,0,1,0,1,1,1,10,0.1,0.2102331862,0.028411,0.480473,0.3784239656
100040,-0.52501682,,-0.216501531,-0.848146631,-0.12692978,0.1636017162,-1.402055833,0.4779044444,,,-0.355378971,0.9253128974,1,0,1,1,1,1,1,1,0,0,1,1,9,0.1111111111,-0.211912279,0.028411,0.480473,-0.500179402
100043,-0.45065005,-2.445978656,-1.022081332,,0.3967419353,0.5977453531,,,,,-1.273807334,0.6280999932,1,1,1,0,1,1,0,0,0,0,1,1,7,0.1428571429,-0.509990013,0.028411,0.480473,-1.12056295
100044,-0.475438973,-0.209752078,0.8858708294,-0.324372439,-0.014714413,0.5977453531,0.3235461825,0.0485747107,,0.5516815849,-0.722750316,-0.798521947,1,1,1,1,1,1,1,1,0,1,1,1,11,0.0909090909,-0.01255741,0.028411,0.480473,-0.085265886
100045,-0.52501682,-0.700631083,0.589078271,,-0.070822097,0.1636017162,,0.0485747107,,,-0.539064643,0.9253128974,1,1,1,0,1,1,0,1,0,0,1,1,8,0.125,-0.013620881,0.028411,0.480473,-0.087479269
100046,-0.520059035,-0.646088971,-1.361272828,,-0.332657955,-1.138829195,1.5262384964,0.4779044444,,0.1409842852,-1.273807334,1.6386238674,1,1,1,0,1,1,1,1,0,1,1,1,10,0.1,-0.148896422,0.028411,0.480473,-0.369025693
100047,0.630147008,-1.300594311,0.822272424,,0.583767548,0.1636017162,,,,,-0.722750316,-0.679636785,1,1,1,0,1,1,0,0,0,0,1,1,7,0.1428571429,-0.071884674,0.028411,0.480473,-0.208742598
100049,-0.445692265,-1.90055754,0.0166926225,,0.6959829157,0.5977453531,,-3.815392893,,,-1.457493007,0.5092148315,1,1,1,0,1,1,0,1,0,0,1,1,8,0.125,-0.724937498,0.028411,0.480473,-1.567929083
100050,-0.440734481,-1.736931205,0.6950756133,,-0.482278445,0.5977453531,,,,,1.6651634291,1.3414109632,1,1,1,0,1,1,0,0,0,0,1,1,7,0.1428571429,0.2342073184,0.028411,0.480473,0.4283208731
100051,-0.282085371,-1.736931205,0.271086244,,0.247121445,0.5977453531,,-4.67405236,,0.3463329351,0.0119923747,0.9847554782,1,1,1,0,1,1,0,1,0,1,1,1,9,0.1111111111,-0.470448345,0.028411,0.480473,-1.038265625
100052,-0.510143466,-2.009641763,0.8434718925,,-1.062057844,-1.572972831,-1.245182922,0.6210143556,,0.3463329351,0.0119923747,-0.025768396,1,1,1,0,1,1,1,1,0,1,1,1,10,0.1,-0.460295567,0.028411,0.480473,-1.017134839
100053,-0.52501682,0.6083795968,1.0130676402,,0.2284188838,-0.270541921,,-1.883409091,,,1.4814777564,-1.69016066,1,1,1,0,1,1,0,1,0,0,1,1,8,0.125,-0.129723077,0.028411,0.480473,-0.329120572
100054,-0.425861127,-2.064183875,-0.555693026,,0.3593368127,0.5977453531,1.3170746157,0.6210143556,,,-0.906435989,1.1630832207,1,1,1,0,1,1,1,1,0,0,1,1,9,0.1111111111,0.0117867046,0.028411,0.480473,-0.034598941
100055,-0.490312327,-0.482462636,-0.534493558,,0.378039374,0.1636017162,,0.3347945331,,,-1.64117868,0.2120019273,1,1,1,0,1,1,0,1,0,0,1,1,8,0.125,-0.257501206,0.028411,0.480473,-0.595062775
100057,-0.515101251,-1.136967976,0.0802910279,0.7813730793,-1.192975773,-0.270541921,,-1.310969446,1.0743867259,0.5516815849,-0.539064643,0.8658703165,1,1,1,1,1,1,0,1,1,1,1,1,11,0.0909090909,-0.146547116,0.028411,0.480473,-0.364136126
100062,-0.520059035,-0.100667855,0.4618814602,,0.2845265676,0.5977453531,,0.6210143556,,0.5516815849,-0.171693298,0.0931167656,1,1,1,0,1,1,0,1,0,1,1,1,9,0.1111111111,0.2019495443,0.028411,0.480473,0.3611833784
100063,-0.510143466,-1.90055754,0.1862883702,,-0.931139915,-0.704685558,,,,,-1.090121662,0.7469851548,1,1,1,0,1,1,0,0,0,0,1,1,7,0.1428571429,-0.600482088,0.028411,0.480473,-1.308902393
100067,-0.500227897,-1.736931205,0.037892091,-0.382569571,-0.725411741,-0.704685558,,0.2632395775,,,-1.273807334,0.330887089,1,1,1,1,1,1,0,1,0,0,1,1,9,0.1111111111,-0.521290505,0.028411,0.480473,-1.144082451
100068,-0.515101251,-0.809715306,-0.152903125,-2.943243402,0.041393271,0.1636017162,-0.094781579,-0.380755023,,0.1409842852,-0.539064643,1.2225258016,1,1,1,1,1,1,1,1,0,1,1,1,11,0.0909090909,-0.351550841,0.028411,0.480473,-0.790806501
100069,-0.495270112,-0.59154686,-0.110504188,,0.0787983936,-0.704685558,,-0.523864934,,,-1.090121662,0.9253128974,1,1,1,0,1,1,0,1,0,0,1,1,8,0.125,-0.313985253,0.028411,0.480473,-0.712621952
100071,-0.083773984,-3.318652443,0.8010729556,,-0.014714413,0.1636017162,-1.088310012,,,-1.091107614,-1.090121662,-0.501309043,1,1,1,0,1,1,1,0,0,1,1,1,9,0.1111111111,-0.691479389,0.028411,0.480473,-1.498293354
100072,-0.515101251,-1.082425865,0.546679334,,0.4341470578,0.1636017162,0.480419093,-0.810084757,,0.5516815849,-0.171693298,0.9847554782,1,1,1,0,1,1,1,1,0,1,1,1,10,0.1,0.0581979094,0.028411,0.480473,0.0619958209
100073,0.0401706323,-1.791473316,-0.301299404,-0.848146631,-0.183037464,0.5977453531,,0.3347945331,0.310081422,,-0.722750316,-0.620194204,1,1,1,1,1,1,0,1,1,0,1,1,10,0.1,-0.31841094,0.028411,0.480473,-0.72183305
100075,-0.515101251,-1.791473316,0.9494692348,-0.207978174,-0.650601496,-1.138829195,1.2647836455,0.5494594,,-0.064364365,0.1956780474,0.2714445081,1,1,1,1,1,1,1,1,0,1,1,1,11,0.0909090909,-0.103410269,0.028411,0.480473,-0.274356223
100077,1.4432236938,-1.518762758,1.1190649825,,0.1349060774,-0.704685558,,-0.166090156,,0.5516815849,-0.539064643,-1.333505175,1,1,1,0,1,1,0,1,0,1,1,1,9,0.1111111111,-0.112581328,0.028411,0.480473,-0.293443774
100080,-0.52501682,-2.391436545,0.9706687033,,0.3032291289,0.1636017162,,0.3347945331,,,-0.722750316,1.1036406399,1,1,1,0,1,1,0,1,0,0,1,1,8,0.125,-0.09540862,0.028411,0.480473,-0.257702542
100084,-0.52501682,0.2265848151,0.9706687033,,-1.136868089,-1.572972831,0.5850010334,0.6210143556,,0.1409842852,-0.355378971,0.2120019273,1,1,1,0,1,1,1,1,0,1,1,1,10,0.1,-0.083398159,0.028411,0.480473,-0.232705397
100086,1.215165599,0.5538374851,0.5254798656,,-0.388765638,1.03188899,,0.1201296663,,,0.3793637201,0.8064277357,1,1,1,0,1,1,0,1,0,0,1,1,8,0.125,0.5304409279,0.028411,0.480473,1.0448662791
100087,-0.505185681,-1.191510088,-0.534493558,0.6649788143,-1.099462967,0.1636017162,,-0.094535201,1.0049044256,-0.064364365,-0.722750316,0.2120019273,1,1,1,1,1,1,0,1,1,1,1,1,11,0.0909090909,-0.196983208,0.028411,0.480473,-0.469107811
100088,-0.505185681,0.9901743784,-0.131703657,-0.033386776,0.1349060774,-0.704685558,-1.611219714,0.0485747107,0.6158035436,0.3463329351,-0.355378971,-1.511832917,1,1,1,1,1,1,1,1,1,1,1,1,12,0.0833333333,-0.226466802,0.028411,0.480473,-0.530471457
100090,-0.356452141,0.0629584801,-0.492094621,-1.080935161,-0.295252832,-0.270541921,-0.61769128,-0.738529801,-0.898910604,0.5516815849,-0.722750316,-0.144653558,1,1,1,1,1,1,1,1,1,1,1,1,12,0.0833333333,-0.416931014,0.028411,0.480473,-0.926881017
100092,-0.52501682,0.2265848151,-0.386097278,-0.324372439,-0.257847709,-0.270541921,,0.6210143556,,0.5516815849,-0.722750316,0.0931167656,1,1,1,1,1,1,0,1,0,1,1,1,10,0.1,-0.099422896,0.028411,0.480473,-0.266057379
100093,-0.495270112,-1.136967976,-0.449695684,0.8395702119,-0.594493812,0.5977453531,-0.61769128,0.2632395775,0.0599451408,0.5516815849,,-0.917407109,1,1,1,1,1,1,1,1,1,1,0,1,11,0.0909090909,-0.172667646,0.028411,0.480473,-0.418500291
100099,-0.52501682,-0.700631083,-0.598091963,,0.7333880382,0.5977453531,,-0.523864934,,,0.1956780474,0.0931167656,1,1,1,0,1,1,0,1,0,0,1,1,8,0.125,-0.090959575,0.028411,0.480473,-0.248442828
10009F,-0.197803032,0.0629584801,,,,0.1636017162,-1.349764863,-0.022980245,,,,1.2225258016,1,1,0,0,0,1,1,1,0,0,0,1,6,0.1666666667,-0.02024369,0.028411,0.480473,-0.101263196
100105,3.2131528209,-0.209752078,0.8858708294,0.4321902842,-0.949842477,0.1636017162,,0.6210143556,,-0.269713014,-0.355378971,-1.630718079,1,1,1,1,1,1,0,1,0,1,1,1,10,0.1,0.1900425387,0.028411,0.480473,0.336401553
100107,-0.520059035,-0.427920525,1.0766660456,,0.3406342514,-1.138829195,,0.6210143556,,,0.1956780474,0.330887089,1,1,1,0,1,1,0,1,0,0,1,1,8,0.125,0.0597588793,0.028411,0.480473,0.065244638
100109,-0.52501682,0.0084163685,-1.149278143,0.3739931517,-0.089524658,-0.270541921,0.8987468544,,,-0.064364365,-0.171693298,-0.917407109,1,1,1,1,1,1,1,0,0,1,1,1,10,0.1,-0.190666994,0.028411,0.480473,-0.455961993
100110,-0.480396758,-2.118725986,0.9706687033,,0.7894957221,0.5977453531,,,,0.5516815849,0.7467350655,0.7469851548,1,1,1,0,1,1,0,0,0,1,1,1,8,0.125,0.2255236049,0.028411,0.480473,0.4102476247
100113,-0.415945557,0.2811269268,-0.6404909,-0.091583909,-1.529621876,-0.704685558,,-0.309200067,1.7136238892,-0.064364365,-0.171693298,0.9253128974,1,1,1,1,1,1,0,1,1,1,1,1,11,0.0909090909,-0.091592892,0.028411,0.480473,-0.24976094
100117,-0.52501682,0.9901743784,-0.704089305,-0.964540896,-0.613196374,0.1636017162,,0.2632395775,,0.5516815849,-0.539064643,-0.857964528,1,1,1,1,1,1,0,1,0,1,1,1,10,0.1,-0.223517531,0.028411,0.480473,-0.524333194
100118,-0.515101251,-1.57330487,0.7374745502,0.6649788143,-0.370063077,0.1636017162,0.3758371527,0.4063494887,,,-0.906435989,1.1630832207,1,1,1,1,1,1,1,1,0,0,1,1,10,0.1,0.0146419756,0.028411,0.480473,-0.02865632
100121,-0.520059035,-1.409678535,-0.004506846,,0.5463624255,0.5977453531,,,,,-0.539064643,0.2714445081,1,1,1,0,1,1,0,0,0,0,1,1,7,0.1428571429,-0.15110811,0.028411,0.480473,-0.373628837
100122,-0.520059035,-0.91879953,-0.322498873,,0.0787983936,0.5977453531,1.107910735,0.6210143556,,-0.064364365,0.9304207382,-0.857964528,1,1,1,0,1,1,1,1,0,1,1,1,10,0.1,0.0652203245,0.028411,0.480473,0.0766114406
100124,-0.52501682,-1.027883753,0.5042803971,2.0035128624,0.6772803544,0.5977453531,,-0.953194668,,0.5516815849,-0.906435989,0.3903296698,1,1,1,1,1,1,0,1,0,1,1,1,10,0.1,0.1312298992,0.028411,0.480473,0.2139959192
100125,-0.495270112,0.5538374851,0.4830809287,,-1.529621876,-0.704685558,-0.199363519,0.2632395775,,0.5516815849,0.7467350655,0.7469851548,1,1,1,0,1,1,1,1,0,1,1,1,10,0.1,0.0416618732,0.028411,0.480473,0.0275796816
100126,-0.475438973,-2.773231326,0.6102777394,,1.0326290187,0.5977453531,,,,,-1.457493007,1.4008535441,1,1,1,0,1,1,0,0,0,0,1,1,7,0.1428571429,-0.15209395,0.028411,0.480473,-0.375680647
100127,-0.505185681,-2.009641763,0.9494692348,,-0.594493812,-0.270541921,,0.4779044444,,0.5516815849,-0.906435989,0.9847554782,1,1,1,0,1,1,0,1,0,1,1,1,9,0.1111111111,-0.146943158,0.028411,0.480473,-0.364960401
100128,-0.22754974,-0.155209967,-0.386097278,-2.41946921,-1.641837244,0.1636017162,,0.4063494887,,-0.064364365,-0.171693298,-0.560751624,1,1,1,1,1,1,0,1,0,1,1,1,10,0.1,-0.505702152,0.028411,0.480473,-1.111638706
100130,-0.495270112,-0.427920525,1.2250623248,,-0.332657955,1.03188899,,,,,-1.457493007,0.1525593464,1,1,1,0,1,1,0,0,0,0,1,1,7,0.1428571429,-0.04340442,0.028411,0.480473,-0.149467184
100131,-0.455607835,-2.88231555,1.1614639194,,0.1910137612,0.5977453531,,-0.953194668,,,0.1956780474,-0.263538719,1,1,1,0,1,1,0,1,0,0,1,1,8,0.125,-0.301094461,0.028411,0.480473,-0.685792591
100132,-0.515101251,-1.409678535,0.0802910279,,-0.388765638,-0.270541921,0.6372920035,0.6210143556,,0.5516815849,-0.355378971,0.687542574,1,1,1,0,1,1,1,1,0,1,1,1,10,0.1,-0.036164477,0.028411,0.480473,-0.134398828
100134,0.5756113766,-1.682389093,0.1014904963,,0.5276598642,-0.270541921,0.166673272,0.6210143556,,,-0.171693298,,1,1,1,0,1,1,1,1,0,0,1,0,8,0.125,-0.016521868,0.028411,0.480473,-0.093517039
100135,-0.396114419,0.4447532618,1.2250623248,,-1.062057844,0.1636017162,-1.977256505,-0.452309979,,0.1409842852,0.0119923747,-0.263538719,1,1,1,0,1,1,1,1,0,1,1,1,10,0.1,-0.21648835,0.028411,0.480473,-0.509703494
100137,-0.520059035,-0.864257418,-0.343698341,,0.583767548,0.1636017162,,0.2632395775,,0.5516815849,0.1956780474,0.1525593464,1,1,1,0,1,1,0,1,0,1,1,1,9,0.1111111111,0.0202792251,0.028411,0.480473,-0.016923619
100140,-0.515101251,0.9901743784,-0.576892494,-1.371920824,-0.201740026,0.1636017162,-1.872674564,0.4063494887,,,0.0119923747,-0.501309043,1,1,1,1,1,1,1,1,0,0,1,1,10,0.1,-0.346752024,0.028411,0.480473,-0.780818813
100142,-0.495270112,-0.537004748,-2.908834025,0.083007489,0.5650649868,0.5977453531,-1.245182922,-3.099843337,,0.5516815849,0.5630493928,0.3903296698,1,1,1,1,1,1,1,1,0,1,1,1,11,0.0909090909,-0.503205152,0.028411,0.480473,-1.106441747
100150,0.3921733439,-1.57330487,0.2074878387,0.4321902842,0.4902547416,-0.270541921,-0.56540031,0.6210143556,,0.5516815849,0.3793637201,-0.263538719,1,1,1,1,1,1,1,1,0,1,1,1,11,0.0909090909,0.0364890953,0.028411,0.480473,0.016813677
100151,0.3525110665,-0.427920525,0.8434718925,-2.65225774,-0.613196374,0.1636017162,-0.46081837,-0.380755023,,,-1.273807334,-0.085210977,1,1,1,1,1,1,1,1,0,0,1,1,10,0.1,-0.453438167,0.028411,0.480473,-1.002862663
100154,-0.500227897,0.6083795968,0.7374745502,-1.139132294,-0.482278445,0.5977453531,1.2124926754,0.6210143556,,0.1409842852,0.7467350655,1.5197387057,1,1,1,1,1,1,1,1,0,1,1,1,11,0.0909090909,0.3693569047,0.028411,0.480473,0.7096051498
100156,-0.475438973,-2.118725986,-0.322498873,,0.7520905995,1.03188899,0.3758371527,0.1201296663,,,-1.457493007,0.1525593464,1,1,1,0,1,1,1,1,0,0,1,1,9,0.1111111111,-0.215739009,0.028411,0.480473,-0.508143905
100157,-0.440734481,0.7174638201,1.0766660456,,-0.688006619,-0.270541921,-0.35623643,-1.525634313,,-0.064364365,0.1956780474,0.0336741848,1,1,1,0,1,1,1,1,0,1,1,1,10,0.1,-0.132203603,0.028411,0.480473,-0.334283244
10015F,,,,,,,,,,,,,0,0,0,0,0,0,0,0,0,0,0,0,0,,,0.028411,0.480473,
100161,-0.475438973,-2.88231555,-0.046905783,,0.4154444965,0.5977453531,,-1.597189269,,,-0.171693298,-0.441866462,1,1,1,0,1,1,0,1,0,0,1,1,8,0.125,-0.575277436,0.028411,0.480473,-1.256444427
100166,-0.52501682,-2.664147103,1.0342671087,,0.6024701093,0.5977453531,,-0.59541989,,,-1.824864352,0.687542574,1,1,1,0,1,1,0,1,0,0,1,1,8,0.125,-0.335927878,0.028411,0.480473,-0.758290721
100167,-0.52501682,-2.282352321,0.7374745502,,0.6024701093,1.03188899,,-0.380755023,,-1.912502213,1.1141064109,1.2819683824,1,1,1,0,1,1,0,1,0,1,1,1,9,0.1111111111,-0.036968659,0.028411,0.480473,-0.136072558
100168,-0.495270112,0.1175005918,0.1014904963,0.1412046215,-1.043355283,-0.270541921,,0.3347945331,-0.593188483,0.5516815849,0.0119923747,0.6280999932,1,1,1,1,1,1,0,1,1,1,1,1,11,0.0909090909,-0.046871964,0.028411,0.480473,-0.156684118
100173,-0.52501682,-0.482462636,-1.382472296,0.083007489,-0.201740026,-0.704685558,,-0.738529801,,0.5516815849,-0.171693298,0.9253128974,1,1,1,1,1,1,0,1,0,1,1,1,10,0.1,-0.264659846,0.028411,0.480473,-0.609961917
100175,-0.52501682,-1.300594311,-0.534493558,0.083007489,-0.108227219,-0.270541921,,0.6210143556,,,-1.457493007,-0.085210977,1,1,1,1,1,1,0,1,0,0,1,1,9,0.1111111111,-0.397506219,0.028411,0.480473,-0.886452558
100176,-0.520059035,-2.88231555,0.6314772079,,0.247121445,0.5977453531,,0.2632395775,,,-0.906435989,0.8064277357,1,1,1,0,1,1,0,1,0,0,1,1,8,0.125,-0.220349907,0.028411,0.480473,-0.517740478
100177,-0.029238353,-0.755173195,-0.131703657,-0.557160969,-0.12692978,0.5977453531,,0.2632395775,,0.5516815849,-0.355378971,1.5197387057,1,1,1,1,1,1,0,1,0,1,1,1,10,0.1,0.0976820297,0.028411,0.480473,0.1441733732
100179,-0.242423094,-2.936857661,-0.195302062,,0.6024701093,0.5977453531,,0.3347945331,,-0.475061664,0.0119923747,-0.025768396,1,1,1,0,1,1,0,1,0,1,1,1,9,0.1111111111,-0.258712279,0.028411,0.480473,-0.597583357
100180,-0.455607835,-2.282352321,-0.004506846,,0.6398752319,1.03188899,,-1.454079357,,0.5516815849,-0.722750316,1.1036406399,1,1,1,0,1,1,0,1,0,1,1,1,9,0.1111111111,-0.176912248,0.028411,0.480473,-0.4273345
100181,-0.505185681,-2.445978656,,,-0.85632967,1.03188899,,0.6210143556,,,1.4814777564,1.8169516099,1,1,0,0,1,1,0,1,0,0,1,1,7,0.1428571429,0.1634055291,0.028411,0.480473,0.280962449
100183,-0.52501682,-0.155209967,1.2250623248,,0.3032291289,0.5977453531,,,,,1.6651634291,-1.333505175,1,1,1,0,1,1,0,0,0,0,1,1,7,0.1428571429,0.2539240392,0.028411,0.480473,0.4693569112
100187,-0.52501682,-0.046125743,0.8010729556,,-0.370063077,-0.270541921,,,,0.1409842852,1.8488491018,-0.560751624,1,1,1,0,1,1,0,0,0,1,1,1,8,0.125,0.1273008947,0.028411,0.480473,0.2058185566
100189,-0.485354543,-2.22781021,1.140264451,,0.3406342514,1.03188899,,-0.738529801,,0.1409842852,0.0119923747,0.8658703165,1,1,1,0,1,1,0,1,0,1,1,1,9,0.1111111111,0.008882235,0.028411,0.480473,-0.040643959
100191,-0.52501682,-2.336894433,0.9494692348,,0.920413651,0.5977453531,-0.35623643,,,-1.091107614,-0.906435989,1.2819683824,1,1,1,0,1,1,1,0,0,1,1,1,9,0.1111111111,-0.162899407,0.028411,0.480473,-0.39816984
100200,0.1839463877,0.4447532618,-0.280099936,-3.758003258,0.4341470578,,,0.1201296663,,,0.5630493928,0.9253128974,1,1,1,1,1,0,0,1,0,0,1,1,8,0.125,-0.170845566,0.028411,0.480473,-0.414708031
100204,-0.52501682,-2.88231555,0.5042803971,,0.9952238961,0.5977453531,0.1143823019,0.1916846219,,-0.269713014,-0.355378971,0.687542574,1,1,1,0,1,1,1,1,0,1,1,1,10,0.1,-0.094156521,0.028411,0.480473,-0.255096572
100206,-0.475438973,-2.609604991,0.4618814602,-2.128483547,0.9017110897,0.5977453531,,-0.022980245,,,-0.171693298,0.8658703165,1,1,1,1,1,1,0,1,0,0,1,1,9,0.1111111111,-0.286776982,0.028411,0.480473,-0.655993892
100209,-0.460565619,-2.773231326,1.1190649825,,0.4154444965,0.5977453531,,0.6210143556,,-0.680410314,1.2977920836,0.4497722506,1,1,1,0,1,1,0,1,0,1,1,1,9,0.1111111111,0.0651806958,0.028411,0.480473,0.0765289621
100211,-0.520059035,-0.646088971,-2.29404944,,0.4341470578,-0.704685558,,0.1916846219,,,-1.457493007,1.2225258016,1,1,1,0,1,1,0,1,0,0,1,1,8,0.125,-0.471752316,0.028411,0.480473,-1.040979556
100212,-0.396114419,-2.173268098,1.1614639194,,0.6959829157,0.5977453531,0.4281281229,-0.094535201,,,-0.171693298,0.9253128974,1,1,1,0,1,1,1,1,0,0,1,1,9,0.1111111111,0.108113577,0.028411,0.480473,0.1658843553
100213,-0.490312327,-2.936857661,0.1226899648,,-0.108227219,0.5977453531,,-0.166090156,,,-0.906435989,0.6280999932,1,1,1,0,1,1,0,1,0,0,1,1,8,0.125,-0.407423505,0.028411,0.480473,-0.907093218
100217,-0.515101251,-1.136967976,0.0802910279,,0.3593368127,-0.270541921,,0.1201296663,,,-1.090121662,-0.560751624,1,1,1,0,1,1,0,1,0,0,1,1,8,0.125,-0.376715866,0.028411,0.480473,-0.84318199
100220,-0.371325495,-2.118725986,1.1614639194,,-2.240319205,-0.270541921,-0.042490609,-1.74029918,,,-0.355378971,-0.679636785,1,1,1,0,1,1,1,1,0,0,1,1,9,0.1111111111,-0.739694915,0.028411,0.480473,-1.598643415
100223,-0.440734481,-2.009641763,0.4406819917,-0.207978174,0.714685477,0.5977453531,0.6372920035,0.1201296663,,-0.269713014,0.0119923747,0.5092148315,1,1,1,1,1,1,1,1,0,1,1,1,11,0.0909090909,0.0094249333,0.028411,0.480473,-0.039514451
100224,-0.52501682,-2.391436545,0.8858708294,,0.7333880382,,,,,,-0.355378971,0.5092148315,1,1,1,0,1,0,0,0,0,0,1,1,6,0.1666666667,-0.190559773,0.028411,0.480473,-0.455738836
100226,-0.52501682,-3.100483996,0.1862883702,,0.8830085285,0.5977453531,,0.6210143556,,0.5516815849,0.1956780474,0.330887089,1,1,1,0,1,1,0,1,0,1,1,1,9,0.1111111111,-0.028799721,0.028411,0.480473,-0.119070701
100228,-0.52501682,-2.282352321,1.0342671087,,0.8830085285,0.5977453531,,0.6210143556,,,-0.539064643,0.687542574,1,1,1,0,1,1,0,1,0,0,1,1,8,0.125,0.0596430169,0.028411,0.480473,0.0650034957
100230,-0.316789864,0.9356322668,0.1014904963,,0.5276598642,0.1636017162,,0.3347945331,,,-0.906435989,1.4008535441,1,1,1,0,1,1,0,1,0,0,1,1,8,0.125,0.280100821,0.028411,0.480473,0.5238381517
100231,-0.445692265,-2.118725986,0.9706687033,0.7231759468,0.6211726706,0.5977453531,,0.1201296663,,-0.680410314,0.3793637201,0.5092148315,1,1,1,1,1,1,0,1,0,1,1,1,10,0.1,0.0676642326,0.028411,0.480473,0.0816979002
100232,-0.361409926,-2.500520768,0.822272424,,0.4902547416,0.1636017162,-0.199363519,-0.309200067,,,-0.355378971,-0.144653558,1,1,1,0,1,1,1,1,0,0,1,1,9,0.1111111111,-0.266044214,0.028411,0.480473,-0.612843175
100236,-0.356452141,-2.445978656,0.3982830548,,0.6024701093,0.5977453531,,,,,-1.273807334,0.5686574123,1,1,1,0,1,1,0,0,0,0,1,1,7,0.1428571429,-0.272726029,0.028411,0.480473,-0.62674991
100238,-0.52501682,-2.282352321,-0.598091963,,-0.201740026,0.5977453531,,-0.881639712,,,-1.64117868,0.330887089,1,1,1,0,1,1,0,1,0,0,1,1,8,0.125,-0.650173385,0.028411,0.480473,-1.41232395
100242,-0.460565619,-2.664147103,-1.721663791,-0.382569571,0.7707931608,0.1636017162,-0.46081837,0.1201296663,,0.1409842852,-0.171693298,-0.263538719,1,1,1,1,1,1,1,1,0,1,1,1,11,0.0909090909,-0.44813524,0.028411,0.480473,-0.991825782
100243,-0.440734481,-2.500520768,0.9282697664,,0.8269008446,0.5977453531,,-0.166090156,,-0.475061664,-0.355378971,1.044198059,1,1,1,0,1,1,0,1,0,1,1,1,9,0.1111111111,-0.060074669,0.028411,0.480473,-0.184162657
100244,-0.366367711,-1.955099651,1.2250623248,0.1994017541,-1.342596263,0.1636017162,,-0.380755023,,0.5516815849,0.0119923747,-0.501309043,1,1,1,1,1,1,0,1,0,1,1,1,10,0.1,-0.239438794,0.028411,0.480473,-0.557469817
100246,-0.52501682,-2.500520768,0.8434718925,,0.6211726706,0.5977453531,,0.6210143556,,0.5516815849,-0.722750316,0.8658703165,1,1,1,0,1,1,0,1,0,1,1,1,9,0.1111111111,0.0391853632,0.028411,0.480473,0.0224253683
100248,-0.520059035,-2.827773438,-0.386097278,,0.7894957221,0.5977453531,,0.2632395775,,,-1.273807334,0.8064277357,1,1,1,0,1,1,0,1,0,0,1,1,8,0.125,-0.318853587,0.028411,0.480473,-0.722754324
100249,-0.52501682,-1.409678535,1.1826633879,,0.4528496191,0.5977453531,-0.46081837,,,,-1.090121662,-0.441866462,1,1,1,0,1,1,1,0,0,0,1,1,8,0.125,-0.211780436,0.028411,0.480473,-0.499905001
100252,-0.52501682,-2.064183875,-1.954857944,,0.9765213348,0.5977453531,0.5327100632,0.0485747107,,,-2.192235698,1.6386238674,1,1,1,0,1,1,1,1,0,0,1,1,9,0.1111111111,-0.326902112,0.028411,0.480473,-0.739505566
100253,1.0168542122,-0.973341641,0.3558841179,-1.953892149,-0.575791251,0.5977453531,,0.5494594,,-0.680410314,-0.355378971,0.8658703165,1,1,1,1,1,1,0,1,0,1,1,1,10,0.1,-0.115300093,0.028411,0.480473,-0.299102288
100254,-0.52501682,-2.718689215,1.0978655141,-0.324372439,0.7333880382,0.1636017162,,-0.237645112,,-0.475061664,-0.171693298,0.5686574123,1,1,1,1,1,1,0,1,0,1,1,1,10,0.1,-0.188896587,0.028411,0.480473,-0.452277278
100256,-0.52501682,-2.609604991,0.9494692348,,-0.033416974,0.5977453531,,,,,-1.457493007,0.5092148315,1,1,1,0,1,1,0,0,0,0,1,1,7,0.1428571429,-0.367014625,0.028411,0.480473,-0.82299098
100258,-0.237465309,-2.173268098,0.864671361,0.0248103565,-0.276550271,-0.270541921,,,,,-0.539064643,-1.155177432,1,1,1,1,1,1,0,0,0,0,1,1,8,0.125,-0.470323245,0.028411,0.480473,-1.038005256
100259,-0.396114419,-2.118725986,0.7798734871,,0.2845265676,0.5977453531,-0.35623643,,,,-0.355378971,0.2714445081,1,1,1,0,1,1,1,0,0,0,1,1,8,0.125,-0.161608236,0.028411,0.480473,-0.395482551
100260,-0.52501682,-2.064183875,0.822272424,0.9559644769,0.9017110897,1.03188899,,,,0.5516815849,-1.64117868,0.7469851548,1,1,1,1,1,1,0,0,0,1,1,1,9,0.1111111111,0.0866804829,0.028411,0.480473,0.1212760621
100264,-0.455607835,-2.173268098,-0.068105251,,0.2284188838,1.03188899,0.794164914,,,0.3463329351,-0.906435989,1.044198059,1,1,1,0,1,1,1,0,0,1,1,1,9,0.1111111111,-0.017601488,0.028411,0.480473,-0.09576403
100265,-0.510143466,-1.2460522,0.5254798656,,-0.931139915,0.5977453531,0.8464558842,0.6210143556,,0.1409842852,-0.722750316,0.9847554782,1,1,1,0,1,1,1,1,0,1,1,1,10,0.1,0.0306349325,0.028411,0.480473,0.0046295185
100266,-0.510143466,-0.755173195,0.1014904963,0.7813730793,-0.444873322,0.1636017162,,0.6210143556,0.0599451408,,,-1.155177432,1,1,1,1,1,1,0,1,1,0,0,1,9,0.1111111111,-0.12643807,0.028411,0.480473,-0.322283548
100267,-0.52501682,-1.627846981,0.9918681717,,0.2097163225,0.5977453531,,,,,-0.906435989,1.1630832207,1,1,1,0,1,1,0,0,0,0,1,1,7,0.1428571429,-0.01384096,0.028411,0.480473,-0.087937315
100268,-0.505185681,-0.973341641,0.9282697664,,0.0600958323,0.1636017162,,0.2632395775,,0.1409842852,0.1956780474,0.8064277357,1,1,1,0,1,1,0,1,0,1,1,1,9,0.1111111111,0.1199744042,0.028411,0.480473,0.1905700705
100269,-0.52501682,-2.500520768,0.7162750817,,0.4902547416,1.03188899,,-0.810084757,,0.1409842852,-0.355378971,1.4602961249,1,1,1,0,1,1,0,1,0,1,1,1,9,0.1111111111,-0.039033566,0.028411,0.480473,-0.140370208
100275,0.1988197417,-1.300594311,0.9706687033,,0.1910137612,0.5977453531,,0.6210143556,,0.5516815849,0.3793637201,0.2714445081,1,1,1,0,1,1,0,1,0,1,1,1,9,0.1111111111,0.2756841574,0.028411,0.480473,0.5146458334
100276,0.015381709,0.7174638201,0.0166926225,,-0.295252832,0.5977453531,,0.1916846219,,-1.091107614,0.1956780474,0.1525593464,1,1,1,0,1,1,0,1,0,1,1,1,9,0.1111111111,0.0556494527,0.028411,0.480473,0.0566917662
100277,-0.52501682,1.2628849367,,,,,,,,,,,1,1,0,0,0,0,0,0,0,0,0,0,2,0.5,0.3689340584,0.028411,0.480473,0.7087250877
100281,-0.163098539,0.9356322668,0.4194825233,,-0.912437354,-0.270541921,,0.5494594,,0.5516815849,0.0119923747,0.9847554782,1,1,1,0,1,1,0,1,0,1,1,1,9,0.1111111111,0.2341028682,0.028411,0.480473,0.428103483
100284,2.1918491789,-1.57330487,-1.530868575,,-1.136868089,1.03188899,,0.3347945331,,,2.0325347745,2.3519348375,1,1,1,0,1,1,0,1,0,0,1,1,8,0.125,0.4627450975,0.028411,0.480473,0.9039722281
100285,-0.346536572,0.9356322668,0.3346846494,,-0.295252832,0.5977453531,,0.6210143556,,0.5516815849,1.1141064109,1.8169516099,1,1,1,0,1,1,0,1,0,1,1,1,9,0.1111111111,0.592225203,0.028411,0.480473,1.1734567216
100286,-0.470481189,-1.846015428,-0.110504188,-0.789949499,-0.052119535,0.5977453531,-1.558928743,0.6210143556,,,-0.171693298,-1.155177432,1,1,1,1,1,1,1,1,0,0,1,1,10,0.1,-0.49361096,0.028411,0.480473,-1.086473538
100287,-0.52501682,-2.718689215,0.271086244,-2.361272077,0.6398752319,0.5977453531,,0.1201296663,-2.13569555,-0.269713014,-0.722750316,-0.679636785,1,1,1,1,1,1,0,1,1,1,1,1,11,0.0909090909,-0.707630662,0.028411,0.480473,-1.531908693
100288,-0.485354543,-1.464220646,0.6950756133,,-0.089524658,-1.138829195,,,,-1.091107614,0.9304207382,-0.679636785,1,1,1,0,1,1,0,0,0,1,1,1,8,0.125,-0.415397136,0.028411,0.480473,-0.923688586
100289,-0.406029988,0.2811269268,0.6314772079,-1.837497884,-1.417406509,0.5977453531,,0.4063494887,-0.217984061,,-0.171693298,-0.144653558,1,1,1,1,1,1,0,1,1,0,1,1,10,0.1,-0.227856632,0.028411,0.480473,-0.533364083
100290,-0.52501682,-0.209752078,1.1614639194,,-0.313955393,0.1636017162,0.5850010334,,,,0.0119923747,0.2714445081,1,1,1,0,1,1,1,0,0,0,1,1,8,0.125,0.1430974075,0.028411,0.480473,0.2386955398
100291,-0.52501682,-0.973341641,-0.110504188,0.7231759468,0.5463624255,0.5977453531,,0.0485747107,,,-0.906435989,0.330887089,1,1,1,1,1,1,0,1,0,0,1,1,9,0.1111111111,-0.029839235,0.028411,0.480473,-0.121234222
100292,-0.520059035,,-0.449695684,-1.895695017,-0.893734793,0.1636017162,1.5262384964,0.6210143556,,0.5516815849,-0.171693298,1.4008535441,1,0,1,1,1,1,1,1,0,1,1,1,10,0.1,0.033251187,0.028411,0.480473,0.0100746797
100296,-0.495270112,0.4447532618,0.1650889017,0.083007489,-0.313955393,1.03188899,,0.6210143556,,,-0.539064643,1.4008535441,1,1,1,1,1,1,0,1,0,0,1,1,9,0.1111111111,0.2664795993,0.028411,0.480473,0.4954885607
100299,-0.52501682,-0.755173195,0.4830809287,,0.5089573029,0.5977453531,,0.6210143556,,0.5516815849,0.0119923747,1.5197387057,1,1,1,0,1,1,0,1,0,1,1,1,9,0.1111111111,0.3348911768,0.028411,0.480473,0.6378722824
100302,-0.232507525,-1.90055754,-0.470895152,,0.4902547416,0.5977453531,,-1.310969446,,,-0.539064643,-0.085210977,1,1,1,0,1,1,0,1,0,0,1,1,8,0.125,-0.431400649,0.028411,0.480473,-0.956996393
100307,-0.515101251,,0.1438894333,-0.149781041,0.6585777931,0.5977453531,,0.6210143556,,0.5516815849,0.1956780474,1.1630832207,1,0,1,1,1,1,0,1,0,1,1,1,9,0.1111111111,0.3629763885,0.028411,0.480473,0.6963255021
100313,-0.52501682,,-0.725288774,-0.091583909,1.2196546314,1.03188899,,0.6210143556,,,-2.008550025,2.3519348375,1,0,1,1,1,1,0,1,0,0,1,1,8,0.125,0.2342566609,0.028411,0.480473,0.4284235688
100314,-0.500227897,0.6629217084,0.9918681717,,-0.482278445,0.1636017162,1.5262384964,0.6210143556,,0.5516815849,0.5630493928,1.7575090291,1,1,1,0,1,1,1,1,0,1,1,1,10,0.1,0.5855378114,0.028411,0.480473,1.15953838
100315,0.0054661396,-0.700631083,0.546679334,0.083007489,-0.482278445,0.5977453531,,0.5494594,,,-0.906435989,1.2819683824,1,1,1,1,1,1,0,1,0,0,1,1,9,0.1111111111,0.1083311757,0.028411,0.480473,0.1663372394
100316,-0.039153922,-0.809715306,0.589078271,,-0.500981006,-0.270541921,,0.4063494887,,,-1.090121662,1.9358367716,1,1,1,0,1,1,0,1,0,0,1,1,8,0.125,0.0275938393,0.028411,0.480473,-0.001699851
100319,-0.520059035,-0.482462636,0.3558841179,0.7813730793,0.1536086387,-0.270541921,-0.722273221,0.3347945331,,0.5516815849,-0.906435989,0.4497722506,1,1,1,1,1,1,1,1,0,1,1,1,11,0.0909090909,-0.024968963,0.028411,0.480473,-0.111097818
100320,-0.326705433,-2.718689215,0.546679334,,1.2757623153,0.5977453531,-0.199363519,-0.094535201,,,0.3793637201,0.1525593464,1,1,1,0,1,1,1,1,0,0,1,1,9,0.1111111111,-0.043020367,0.028411,0.480473,-0.148667861
100321,-0.495270112,,-0.343698341,-1.488315089,-0.482278445,0.5977453531,0.5850010334,0.6210143556,,-0.475061664,-0.539064643,0.5686574123,1,0,1,1,1,1,1,1,0,1,1,1,10,0.1,-0.145127014,0.028411,0.480473,-0.361180495
100329,-0.316789864,-2.664147103,1.1190649825,,0.8081982834,0.5977453531,,,,-0.064364365,0.0119923747,0.4497722506,1,1,1,0,1,1,0,0,0,1,1,1,8,0.125,-0.007316011,0.028411,0.480473,-0.074357062
100330,-0.520059035,-2.445978656,1.2250623248,,0.6398752319,-0.270541921,,,,,-0.539064643,-0.917407109,1,1,1,0,1,1,0,0,0,0,1,1,7,0.1428571429,-0.404016258,0.028411,0.480473,-0.90000178
100350,-0.475438973,-2.991399773,1.0130676402,,0.3219316902,1.03188899,,0.6210143556,,-0.269713014,0.3793637201,0.687542574,1,1,1,0,1,1,0,1,0,1,1,1,9,0.1111111111,0.0353619121,0.028411,0.480473,0.0144676919
100359,-0.52501682,-1.027883753,0.6102777394,0.083007489,-1.342596263,0.5977453531,,,,0.5516815849,-0.906435989,0.5686574123,1,1,1,1,1,1,0,0,0,1,1,1,9,0.1111111111,-0.154507027,0.028411,0.480473,-0.380702939
100360,-0.465523404,-1.846015428,1.2250623248,,0.3593368127,1.03188899,,,,-0.269713014,0.1956780474,1.2819683824,1,1,1,0,1,1,0,0,0,1,1,1,8,0.125,0.1890853388,0.028411,0.480473,0.334409351
100361,-0.515101251,,0.4406819917,,0.4528496191,1.03188899,,,,,0.0119923747,1.044198059,1,0,1,0,1,1,0,0,0,0,1,1,6,0.1666666667,0.411084964,0.028411,0.480473,0.7964529699
100362,-0.515101251,-2.064183875,,,0.3219316902,,,,,,-0.722750316,0.5092148315,1,1,0,0,1,0,0,0,0,0,1,1,5,0.2,-0.494177784,0.028411,0.480473,-1.087653257
100363,-0.520059035,-1.027883753,,,,,,,,,,,1,1,0,0,0,0,0,0,0,0,0,0,2,0.5,-0.773971394,0.028411,0.480473,-1.669982404
10057F,-0.277127587,-0.155209967,,,0.0226907097,0.1636017162,,-0.094535201,,,,0.4497722506,1,1,0,0,1,1,0,1,0,0,0,1,6,0.1666666667,0.0181986538,0.028411,0.480473,-0.021253873
10063F,-0.177971893,-0.155209967,,,0.041393271,1.03188899,,-0.022980245,,,,0.2714445081,1,1,0,0,1,1,0,1,0,0,0,1,6,0.1666666667,0.1647607774,0.028411,0.480473,0.2837831016
10064F,-0.212676386,-0.427920525,,,-0.070822097,0.1636017162,,0.6210143556,,,,-0.025768396,1,1,0,0,1,1,0,1,0,0,0,1,6,0.1666666667,0.0079047781,0.028411,0.480473,-0.042678322
10065F,-0.316789864,-0.209752078,,,,0.1636017162,,-0.380755023,,,,-1.333505175,1,1,0,0,0,1,0,1,0,0,0,1,5,0.2,-0.415440085,0.028411,0.480473,-0.923777974
10099F,-0.30191651,-0.209752078,,,-0.201740026,0.1636017162,-0.35623643,-0.166090156,,,,0.5092148315,1,1,0,0,1,1,1,1,0,0,0,1,7,0.1428571429,-0.08041695,0.028411,0.480473,-0.226500664
101300,-0.52501682,-0.209752078,0.1650889017,,0.6585777931,0.5977453531,,,,,,,1,1,1,0,1,1,0,0,0,0,0,0,5,0.2,0.1373286299,0.028411,0.480473,0.2266890922
101303,,,0.7586740187,,1.2383571927,1.03188899,,,,,1.1141064109,,0,0,1,0,1,1,0,0,0,0,1,0,4,0.25,1.0357566531,0.028411,0.480473,2.0965703357
101304,,-1.2460522,-0.343698341,,0.8643059672,0.5977453531,,,,,-1.824864352,-2.106258725,0,1,1,0,1,1,0,0,0,0,1,1,6,0.1666666667,-0.676470383,0.028411,0.480473,-1.467055394
101307,,-2.391436545,0.6526766764,,0.4715521804,0.5977453531,,,,,0.1956780474,,0,1,1,0,1,1,0,0,0,0,1,0,5,0.2,-0.094756858,0.028411,0.480473,-0.256346041
101308,,-1.136967976,-0.216501531,,,0.5977453531,,,,,-2.375921371,,0,1,1,0,0,1,0,0,0,0,1,0,4,0.25,-0.782911381,0.028411,0.480473,-1.688589029
101309,,-1.027883753,0.1862883702,,0.2284188838,0.1636017162,,,,,,,0,1,1,0,1,1,0,0,0,0,0,0,4,0.25,-0.112393696,0.028411,0.480473,-0.293053259
101311,,-1.791473316,-0.767687711,,0.3219316902,0.1636017162,,,,,,,0,1,1,0,1,1,0,0,0,0,0,0,4,0.25,-0.518406905,0.028411,0.480473,-1.138080869
101312,-0.500227897,0.6629217084,0.8858708294,,1.0326290187,1.03188899,,,,,,,1,1,1,0,1,1,0,0,0,0,0,0,5,0.2,0.62261653,0.028411,0.480473,1.2367096154
101313,-0.480396758,0.6629217084,0.7162750817,-1.779300752,0.9765213348,0.5977453531,1.107910735,0.6210143556,,,-0.906435989,,1,1,1,1,1,1,1,1,0,0,1,0,9,0.1111111111,0.1684727856,0.028411,0.480473,0.2915088339
110001,-0.52501682,0.7720059318,-0.746488242,-2.128483547,-1.024652722,-0.270541921,1.2124926754,0.5494594,,-1.296456264,0.7467350655,0.1525593464,1,1,1,1,1,1,1,1,0,1,1,1,11,0.0909090909,-0.232580645,0.028411,0.480473,-0.543196082
110002,-0.30191651,0.1175005918,0.6950756133,2.0035128624,-0.295252832,0.5977453531,,0.4063494887,,0.5516815849,0.0119923747,-0.144653558,1,1,1,1,1,1,0,1,0,1,1,1,10,0.1,0.3642034969,0.028411,0.480473,0.6988794597
110003,-0.52501682,-1.136967976,0.3346846494,-0.964540896,0.4341470578,-0.270541921,0.8987468544,0.6210143556,-0.468120342,-0.475061664,-2.008550025,0.1525593464,1,1,1,1,1,1,1,1,1,1,1,1,12,0.0833333333,-0.283970615,0.028411,0.480473,-0.650153054
110005,-0.510143466,0.3902111501,-0.449695684,-0.964540896,-0.594493812,0.5977453531,0.4281281229,0.4063494887,0.504631863,0.5516815849,0.1956780474,0.3903296698,1,1,1,1,1,1,1,1,1,1,1,1,12,0.0833333333,0.0788234518,0.028411,0.480473,0.104923372
110006,-0.52501682,-0.973341641,-0.704089305,-1.546512222,-0.052119535,-0.270541921,,0.4063494887,,0.5516815849,-0.171693298,-1.274062594,1,1,1,1,1,1,0,1,0,1,1,1,10,0.1,-0.455934626,0.028411,0.480473,-1.008058497
110007,-0.316789864,0.2265848151,0.1226899648,0.3739931517,-2.128103837,-1.572972831,-0.56540031,-1.811854135,,0.5516815849,0.3793637201,0.6280999932,1,1,1,1,1,1,1,1,0,1,1,1,11,0.0909090909,-0.373882523,0.028411,0.480473,-0.837285006
110008,-0.510143466,0.3356690385,-0.534493558,-2.477666342,-0.875032232,0.1636017162,0.2189642422,0.2632395775,0.6435964637,-0.064364365,-0.722750316,0.687542574,1,1,1,1,1,1,1,1,1,1,1,1,12,0.0833333333,-0.239319722,0.028411,0.480473,-0.557221996
110010,-0.490312327,0.8265480434,0.1862883702,-0.964540896,-3.605606178,0.1636017162,,-2.670513603,0.6297000037,,-1.090121662,-1.571275498,1,1,1,1,1,1,0,1,1,0,1,1,10,0.1,-0.858623203,0.028411,0.480473,-1.846166611
110011,0.000508355,0.6083795968,0.822272424,0.4321902842,-0.538386129,-0.270541921,-0.094781579,0.6210143556,,0.1409842852,-1.824864352,0.7469851548,1,1,1,1,1,1,1,1,0,1,1,1,11,0.0909090909,0.0585236795,0.028411,0.480473,0.0626738401
110015,-0.287043156,0.5538374851,0.0590915594,-0.615358101,0.2284188838,0.5977453531,,0.5494594,,-0.680410314,-1.273807334,0.1525593464,1,1,1,1,1,1,0,1,0,1,1,1,10,0.1,-0.071550688,0.028411,0.480473,-0.208047479
110016,-0.52501682,0.4447532618,0.1226899648,-0.964540896,0.5276598642,1.03188899,,0.1916846219,,-0.064364365,-0.539064643,1.044198059,1,1,1,1,1,1,0,1,0,1,1,1,10,0.1,0.1269888037,0.028411,0.480473,0.2051690075
110018,-0.316789864,-1.518762758,-0.682889837,0.3157960191,-0.85632967,-0.270541921,1.1602017052,-0.022980245,-0.690463703,0.5516815849,0.3793637201,0.0336741848,1,1,1,1,1,1,1,1,1,1,1,1,12,0.0833333333,-0.159836732,0.028411,0.480473,-0.391795552
110023,-0.490312327,-0.155209967,-0.470895152,-1.488315089,-0.70670918,0.1636017162,,0.2632395775,,-1.091107614,-0.539064643,0.3903296698,1,1,1,1,1,1,0,1,0,1,1,1,10,0.1,-0.412444301,0.028411,0.480473,-0.917542905
110024,0.3326799278,-0.046125743,-0.979682395,0.7231759468,-1.00595016,-3.743691016,,0.6210143556,,0.1409842852,0.3793637201,-0.620194204,1,1,1,1,1,1,0,1,0,1,1,1,10,0.1,-0.419842528,0.028411,0.480473,-0.932940696
110025,-0.420903342,-0.100667855,-1.424871233,-1.022738029,-0.688006619,-1.138829195,-0.199363519,0.4063494887,0.7686646044,-2.528548163,0.1956780474,-1.214620013,1,1,1,1,1,1,1,1,1,1,1,1,12,0.0833333333,-0.613987986,0.028411,0.480473,-1.337011962
110027,-0.52501682,-0.482462636,0.271086244,1.072358742,0.6772803544,0.1636017162,-1.715801654,0.2632395775,,-0.064364365,0.0119923747,0.8064277357,1,1,1,1,1,1,1,1,0,1,1,1,11,0.0909090909,0.0434855699,0.028411,0.480473,0.0313753072
110028,-0.252338663,-1.191510088,-0.852485584,-0.382569571,-1.941078224,0.5977453531,,-1.23941449,-0.1346053,0.5516815849,0.3793637201,-0.025768396,1,1,1,1,1,1,0,1,1,1,1,1,11,0.0909090909,-0.408270878,0.028411,0.480473,-0.90885684
110029,-0.212676386,0.7174638201,0.2074878387,-0.382569571,-1.00595016,0.5977453531,-1.245182922,-0.094535201,0.0460486807,0.3463329351,-0.722750316,-1.809045821,1,1,1,1,1,1,1,1,1,1,1,1,12,0.0833333333,-0.296469313,0.028411,0.480473,-0.676166357
110030,-0.356452141,-2.064183875,0.0802910279,,-0.313955393,-0.270541921,1.5262384964,-0.452309979,,0.5516815849,-0.539064643,-0.441866462,1,1,1,0,1,1,1,1,0,1,1,1,10,0.1,-0.22801633,0.028411,0.480473,-0.533696461
110031,-0.520059035,0.0629584801,0.9282697664,,-0.931139915,0.5977453531,1.2124926754,-1.883409091,,-0.269713014,-0.355378971,0.8064277357,1,1,1,0,1,1,1,1,0,1,1,1,10,0.1,-0.035180602,0.028411,0.480473,-0.132351107
110032,-0.505185681,0.5538374851,0.5042803971,,0.5089573029,0.5977453531,,-3.52917307,,,-0.906435989,-1.868488402,1,1,1,0,1,1,0,1,0,0,1,1,8,0.125,-0.580557826,0.028411,0.480473,-1.267434403
110034,0.8284583948,0.7720059318,0.0166926225,0.0248103565,-1.941078224,-1.138829195,,0.2632395775,,0.5516815849,0.5630493928,-0.382423881,1,1,1,1,1,1,0,1,0,1,1,1,10,0.1,-0.044239344,0.028411,0.480473,-0.151204896
110035,-0.520059035,0.3902111501,0.2074878387,-0.324372439,-2.053293592,-0.704685558,,0.4779044444,0.6852858439,-0.475061664,0.0119923747,2.0547219333,1,1,1,1,1,1,0,1,1,1,1,1,11,0.0909090909,-0.022715337,0.028411,0.480473,-0.106407387
110036,-0.257296448,-0.700631083,0.4194825233,-0.207978174,0.3967419353,1.03188899,,0.4063494887,,0.1409842852,0.0119923747,0.4497722506,1,1,1,1,1,1,0,1,0,1,1,1,10,0.1,0.1691306143,0.028411,0.480473,0.2928779605
110038,-0.520059035,0.8265480434,-0.025706314,-0.033386776,-1.810160295,-0.270541921,0.8464558842,0.4779044444,,0.1409842852,0.5630493928,-0.917407109,1,1,1,1,1,1,1,1,0,1,1,1,11,0.0909090909,-0.0656654,0.028411,0.480473,-0.195798541
110041,-0.475438973,0.7174638201,0.6102777394,,0.2097163225,1.03188899,,0.6210143556,,0.5516815849,-0.539064643,0.687542574,1,1,1,0,1,1,0,1,0,1,1,1,9,0.1111111111,0.37945353,0.028411,0.480473,0.7306190649
110042,-0.52501682,-0.100667855,0.4830809287,0.8977673444,-0.818924548,0.5977453531,0.8987468544,-0.738529801,,,-1.457493007,0.8658703165,1,1,1,1,1,1,1,1,0,0,1,1,10,0.1,0.0102578766,0.028411,0.480473,-0.037780862
110043,0.0054661396,-0.318836301,-0.216501531,-0.324372439,-1.080760406,-4.177834653,-0.826855161,0.6210143556,,,-1.090121662,-0.441866462,1,1,1,1,1,1,1,1,0,0,1,1,10,0.1,-0.785066812,0.028411,0.480473,-1.693075086
110044,1.1655877523,0.4992953735,-0.301299404,,-1.062057844,-2.441260105,1.0556197649,-0.452309979,,0.5516815849,-0.722750316,1.1630832207,1,1,1,0,1,1,1,1,0,1,1,1,10,0.1,-0.054440995,0.028411,0.480473,-0.1724374
110045,-0.336621003,0.6083795968,0.2286873071,,0.7333880382,0.5977453531,0.0098003615,0.6210143556,,,-1.457493007,-0.382423881,1,1,1,0,1,1,1,1,0,0,1,1,9,0.1111111111,0.0691641246,0.028411,0.480473,0.0848195971
110046,-0.346536572,-1.846015428,0.0590915594,0.8395702119,0.9765213348,1.03188899,0.3235461825,0.6210143556,,0.5516815849,0.1956780474,-0.560751624,1,1,1,1,1,1,1,1,0,1,1,1,11,0.0909090909,0.1677898766,0.028411,0.480473,0.2900875085
110050,-0.510143466,-0.155209967,0.0166926225,,0.3032291289,0.1636017162,1.5262384964,,,,-0.355378971,1.044198059,1,1,1,0,1,1,1,0,0,0,1,1,8,0.125,0.2541534525,0.028411,0.480473,0.4698343846
110051,2.7719099853,-1.027883753,0.271086244,-0.615358101,-0.220442587,0.1636017162,0.166673272,0.6210143556,,0.5516815849,0.1956780474,-0.620194204,1,1,1,1,1,1,1,1,0,1,1,1,11,0.0909090909,0.2052515054,0.028411,0.480473,0.3680556876
110054,-0.222591955,-0.209752078,0.9494692348,0.3157960191,-0.4074682,0.1636017162,0.480419093,-1.167859535,,0.3463329351,-0.906435989,-1.333505175,1,1,1,1,1,1,1,1,0,1,1,1,11,0.0909090909,-0.181090358,0.028411,0.480473,-0.436030321
110064,-0.148225185,-1.736931205,-0.152903125,,0.378039374,-0.704685558,,0.4063494887,,0.5516815849,0.3793637201,-1.274062594,1,1,1,0,1,1,0,1,0,1,1,1,9,0.1111111111,-0.255708167,0.028411,0.480473,-0.591330955
110069,-0.445692265,1.2083428251,-1.785262197,,-1.959780786,-0.270541921,0.5850010334,-3.672282982,,-1.091107614,0.3793637201,-0.679636785,1,1,1,0,1,1,1,1,0,1,1,1,10,0.1,-0.773159697,0.028411,0.480473,-1.668293034
110071,-0.470481189,-1.300594311,-0.174102594,,0.920413651,0.1636017162,-2.709330087,,,,-0.171693298,,1,1,1,0,1,1,1,0,0,0,1,0,7,0.1428571429,-0.534598016,0.028411,0.480473,-1.171779121
110073,0.3822577745,-0.046125743,0.037892091,,0.4154444965,-0.704685558,-0.669982251,-0.666974846,,,-2.192235698,,1,1,1,0,1,1,1,1,0,0,1,0,8,0.125,-0.430551217,0.028411,0.480473,-0.955228486
110074,-0.108562908,-1.082425865,-1.403671764,-0.207978174,-0.594493812,-0.270541921,0.0098003615,-0.309200067,1.4356946877,0.5516815849,-0.171693298,-0.739079366,1,1,1,1,1,1,1,1,1,1,1,1,12,0.0833333333,-0.240872545,0.028411,0.480473,-0.560453857
110075,-0.475438973,-0.809715306,-0.386097278,,0.3406342514,-0.270541921,-0.4085274,0.4063494887,,-0.680410314,0.0119923747,-1.452390336,1,1,1,0,1,1,1,1,0,1,1,1,10,0.1,-0.372414541,0.028411,0.480473,-0.834229724
110076,-0.510143466,0.8265480434,0.5042803971,-0.033386776,-2.633072992,-2.007116468,-0.669982251,-0.881639712,,-0.885758964,1.2977920836,-2.581799372,1,1,1,1,1,1,1,1,0,1,1,1,11,0.0909090909,-0.688570862,0.028411,0.480473,-1.492239891
110078,-0.505185681,0.8265480434,0.271086244,-0.324372439,-3.362472881,-1.572972831,,-2.956733425,,0.5516815849,0.0119923747,-2.522356791,1,1,1,1,1,1,0,1,0,1,1,1,10,0.1,-0.95827858,0.028411,0.480473,-2.053577462
110079,-0.485354543,-0.318836301,0.3982830548,,-3.138042146,0.5977453531,-0.61769128,0.4063494887,,-0.064364365,1.1141064109,-1.809045821,1,1,1,0,1,1,1,1,0,1,1,1,10,0.1,-0.391685015,0.028411,0.480473,-0.874336996
110082,-0.475438973,0.6629217084,0.5678788025,-0.207978174,-2.090698715,-0.270541921,-0.094781579,-2.813623514,,,0.3793637201,-1.69016066,1,1,1,1,1,1,1,1,0,0,1,1,10,0.1,-0.60330593,0.028411,0.480473,-1.314779603
110083,-0.138309616,-1.027883753,-1.658065386,-0.731752366,-1.417406509,0.5977453531,,-0.166090156,-1.552044227,0.5516815849,0.0119923747,-0.798521947,1,1,1,1,1,1,0,1,1,1,1,1,11,0.0909090909,-0.575332241,0.028411,0.480473,-1.256558492
110086,0.3376377125,0.7174638201,-0.576892494,,1.0139264574,0.1636017162,-0.722273221,0.6210143556,,,,,1,1,1,0,1,1,1,1,0,0,0,0,7,0.1428571429,0.2220683352,0.028411,0.480473,0.4030562372
110087,-0.510143466,0.3356690385,0.1650889017,-0.498963836,-1.754052612,-0.270541921,1.2124926754,-1.74029918,,-0.064364365,0.5630493928,-0.501309043,1,1,1,1,1,1,1,1,0,1,1,1,11,0.0909090909,-0.278488583,0.028411,0.480473,-0.638743405
110089,0.5508224533,0.7720059318,0.0802910279,-0.848146631,-0.276550271,-2.007116468,0.480419093,0.6210143556,,0.5516815849,-1.090121662,1.6980664483,1,1,1,1,1,1,1,1,0,1,1,1,11,0.0909090909,0.0483968966,0.028411,0.480473,0.0415971584
110091,-0.306874295,-1.2460522,-0.555693026,-2.070286414,-0.70670918,-0.270541921,-0.042490609,-0.237645112,,0.5516815849,0.1956780474,-1.095734851,1,1,1,1,1,1,1,1,0,1,1,1,11,0.0909090909,-0.525878907,0.028411,0.480473,-1.153632204
110092,-0.52501682,-2.55506288,-1.234076017,,0.5089573029,0.1636017162,,0.6210143556,,,,-1.868488402,1,1,1,0,1,1,0,1,0,0,0,1,7,0.1428571429,-0.698438678,0.028411,0.480473,-1.51277759
110095,-0.470481189,0.1720427035,0.8434718925,-2.186680679,-2.015888469,-0.270541921,-1.088310012,0.6210143556,-1.065668125,0.5516815849,-0.906435989,0.1525593464,1,1,1,1,1,1,1,1,1,1,1,1,12,0.0833333333,-0.471936375,0.028411,0.480473,-1.041362634
110100,0.7094715627,0.4992953735,0.313485181,,1.3505725604,0.5977453531,,0.6210143556,,,-1.090121662,,1,1,1,0,1,1,0,1,0,0,1,0,7,0.1428571429,0.4287803892,0.028411,0.480473,0.8332821236
110101,-0.470481189,0.1175005918,-0.810086648,,,,,0.5494594,,,-1.64117868,,1,1,1,0,0,0,0,1,0,0,1,0,5,0.2,-0.450957305,0.028411,0.480473,-0.997699292
110104,-0.515101251,0.2811269268,-0.08930472,,-0.351360516,-1.572972831,0.6372920035,-1.382524402,,0.5516815849,0.0119923747,-0.560751624,1,1,1,0,1,1,1,1,0,1,1,1,10,0.1,-0.298992245,0.028411,0.480473,-0.681417289
110105,-0.52501682,-1.355136423,-0.428496215,1.5379358022,-0.12692978,0.1636017162,,0.1916846219,,0.5516815849,-0.355378971,1.8169516099,1,1,1,1,1,1,0,1,0,1,1,1,10,0.1,0.1470897126,0.028411,0.480473,0.2470046487
110107,-0.460565619,1.0992586017,0.4830809287,2.0035128624,-0.538386129,0.1636017162,0.2189642422,0.4063494887,,0.3463329351,0.5630493928,-0.679636785,1,1,1,1,1,1,1,1,0,1,1,1,11,0.0909090909,0.3277783304,0.028411,0.480473,0.6230684499
110109,-0.500227897,-1.90055754,1.0554665771,,0.5276598642,-0.270541921,,0.6210143556,,,0.0119923747,0.8658703165,1,1,1,0,1,1,0,1,0,0,1,1,8,0.125,0.0513345164,0.028411,0.480473,0.0477111709
110111,-0.415945557,-0.809715306,0.589078271,,-0.55708869,-1.138829195,,0.6210143556,,,-0.906435989,-0.144653558,1,1,1,0,1,1,0,1,0,0,1,1,8,0.125,-0.345321959,0.028411,0.480473,-0.777842444
110113,3.5304510397,0.8810901551,-0.258900467,,0.7520905995,0.1636017162,,0.6210143556,,,,,1,1,1,0,1,1,0,1,0,0,0,0,6,0.1666666667,0.9482245664,0.028411,0.480473,1.9143914602
110121,-0.415945557,0.8265480434,0.546679334,,0.9391162123,-1.572972831,,0.4063494887,,0.5516815849,2.0325347745,-2.344029049,1,1,1,0,1,1,0,1,0,1,1,1,9,0.1111111111,0.1077735556,0.028411,0.480473,0.1651766752
110122,-0.52501682,0.3356690385,0.1226899648,-0.673555234,-1.380001386,-0.704685558,-1.506637773,0.1916846219,,-1.091107614,-0.171693298,-0.679636785,1,1,1,1,1,1,1,1,0,1,1,1,11,0.0909090909,-0.552935531,0.028411,0.480473,-1.209944644
110124,0.0352128476,-1.2460522,0.9282697664,1.1305558745,-0.370063077,0.1636017162,-2.134129415,0.1916846219,,0.5516815849,1.1141064109,-2.046816145,1,1,1,1,1,1,1,1,0,1,1,1,11,0.0909090909,-0.152904365,0.028411,0.480473,-0.377367348
110125,-0.321747649,-1.2460522,-1.064480269,0.8977673444,0.2284188838,1.03188899,,-0.309200067,,-2.528548163,0.0119923747,0.1525593464,1,1,1,1,1,1,0,1,0,1,1,1,10,0.1,-0.314740141,0.028411,0.480473,-0.714193086
110128,-0.52501682,-1.518762758,0.3982830548,0.3157960191,0.5089573029,0.5977453531,0.1143823019,0.4779044444,,0.5516815849,-0.171693298,0.8658703165,1,1,1,1,1,1,1,1,0,1,1,1,11,0.0909090909,0.146831591,0.028411,0.480473,0.2464674253
110129,0.3475532818,-0.537004748,-1.764062728,-1.662906487,-1.230380896,-0.704685558,-0.35623643,0.4779044444,,0.5516815849,0.3793637201,-0.97684969,1,1,1,1,1,1,1,1,0,1,1,1,11,0.0909090909,-0.497783955,0.028411,0.480473,-1.095158713
110132,4.2096675395,-0.100667855,0.9494692348,,0.6959829157,0.1636017162,,0.6210143556,,-0.680410314,-0.171693298,-0.857964528,1,1,1,0,1,1,0,1,0,1,1,1,9,0.1111111111,0.5365555296,0.028411,0.480473,1.0575924839
110135,-0.386198849,-0.973341641,0.4406819917,,0.0975009548,0.1636017162,,-3.958502804,,,-1.090121662,-1.927930983,1,1,1,0,1,1,0,1,0,0,1,1,8,0.125,-0.95428891,0.028411,0.480473,-2.045273836
110142,-0.515101251,0.0084163685,-1.043280801,,0.7333880382,0.1636017162,,0.6210143556,,,0.5630493928,-1.452390336,1,1,1,0,1,1,0,1,0,0,1,1,8,0.125,-0.115162815,0.028411,0.480473,-0.298816573
110143,-0.52501682,0.0084163685,0.2286873071,-0.964540896,-1.529621876,0.5977453531,0.3758371527,0.6210143556,,-0.680410314,0.1956780474,-0.263538719,1,1,1,1,1,1,1,1,0,1,1,1,11,0.0909090909,-0.175977277,0.028411,0.480473,-0.425388562
110146,-0.351494357,-0.26429419,-1.212876548,1.072358742,-0.239145148,-0.270541921,0.2189642422,0.1916846219,,-0.885758964,0.3793637201,-0.917407109,1,1,1,1,1,1,1,1,0,1,1,1,11,0.0909090909,-0.207195174,0.028411,0.480473,-0.490361781
110150,-0.430818911,1.0992586017,-1.022081332,,-0.070822097,0.1636017162,-0.722273221,0.6210143556,,-0.064364365,0.5630493928,0.2120019273,1,1,1,0,1,1,1,1,0,1,1,1,10,0.1,0.0348566068,0.028411,0.480473,0.0134160095
110153,,,-0.534493558,,0.1536086387,1.03188899,1.5262384964,-1.096304579,,,,-0.382423881,0,0,1,0,1,1,1,1,0,0,0,1,6,0.1666666667,0.1164190179,0.028411,0.480473,0.1831703122
110161,-0.510143466,0.2811269268,-0.407296747,1.0141616094,-1.267786018,-0.270541921,-0.303945459,-0.380755023,0.0738416008,0.3463329351,1.4814777564,0.0931167656,1,1,1,1,1,1,1,1,1,1,1,1,12,0.0833333333,0.0124657466,0.028411,0.480473,-0.033185664
110164,-0.093689554,-1.518762758,0.2498867756,,-0.893734793,0.5977453531,0.2189642422,0.1201296663,,0.5516815849,0.3793637201,-0.144653558,1,1,1,0,1,1,1,1,0,1,1,1,10,0.1,-0.053306932,0.028411,0.480473,-0.170077096
110165,-0.520059035,-2.009641763,1.2250623248,,-2.894908849,-5.046121927,-1.088310012,0.6210143556,,0.3463329351,0.9304207382,0.330887089,1,1,1,0,1,1,1,1,0,1,1,1,10,0.1,-0.810532414,0.028411,0.480473,-1.746076163
110168,-0.520059035,0.0629584801,0.6314772079,,-0.351360516,-0.270541921,1.2647836455,0.6210143556,,,-1.090121662,0.5092148315,1,1,1,0,1,1,1,1,0,0,1,1,9,0.1111111111,0.0952628208,0.028411,0.480473,0.1391383196
110177,-0.52501682,-2.22781021,-0.046905783,-2.128483547,-0.444873322,0.1636017162,0.3235461825,0.1201296663,,0.5516815849,0.1956780474,-0.144653558,1,1,1,1,1,1,1,1,0,1,1,1,11,0.0909090909,-0.378464186,0.028411,0.480473,-0.846820735
110184,-0.520059035,-0.59154686,0.2498867756,-0.033386776,-0.781519425,-0.270541921,0.8987468544,-0.166090156,,-0.269713014,-1.457493007,0.330887089,1,1,1,1,1,1,1,1,0,1,1,1,11,0.0909090909,-0.237348134,0.028411,0.480473,-0.553118567
110190,0.8482895335,0.4992953735,,,,,,,,,,,1,1,0,0,0,0,0,0,0,0,0,0,2,0.5,0.6737924535,0.028411,0.480473,1.3432210965
110191,-0.356452141,-1.57330487,0.3346846494,,-1.903673102,-2.441260105,0.480419093,-0.309200067,,0.1409842852,0.3793637201,-1.214620013,1,1,1,0,1,1,1,1,0,1,1,1,10,0.1,-0.646305855,0.028411,0.480473,-1.404274533
110192,-0.311832079,-1.90055754,-0.195302062,-0.498963836,-0.594493812,-1.138829195,0.0098003615,,,0.5516815849,0.1956780474,-1.571275498,1,1,1,1,1,1,1,0,0,1,1,1,10,0.1,-0.545409403,0.028411,0.480473,-1.194280656
110194,-0.505185681,-0.646088971,0.4406819917,,-0.370063077,-1.138829195,,-3.600728026,,0.5516815849,-0.722750316,,1,1,1,0,1,1,0,1,0,1,1,0,8,0.125,-0.748910211,0.028411,0.480473,-1.617823038
110198,-0.520059035,-0.155209967,-0.174102594,-0.440766704,-0.444873322,1.03188899,,0.4779044444,,0.5516815849,0.1956780474,0.4497722506,1,1,1,1,1,1,0,1,0,1,1,1,10,0.1,0.0971913696,0.028411,0.480473,0.1431521717
110200,-0.331663218,-1.136967976,0.589078271,,-0.164334903,-0.270541921,,0.3347945331,,,-0.906435989,0.2714445081,1,1,1,0,1,1,0,1,0,0,1,1,8,0.125,-0.201828337,0.028411,0.480473,-0.479191885
110201,-0.420903342,-1.2460522,0.9494692348,,0.1162035161,0.5977453531,,0.1916846219,,,-0.355378971,-0.144653558,1,1,1,0,1,1,0,1,0,0,1,1,8,0.125,-0.038985668,0.028411,0.480473,-0.14027052
110209,-0.430818911,-2.936857661,,,,,,,,,,,1,1,0,0,0,0,0,0,0,0,0,0,2,0.5,-1.683838286,0.028411,0.480473,-3.563671149
110215,-0.252338663,-1.409678535,-0.598091963,-0.266175306,-1.454811631,-0.704685558,0.0098003615,-0.309200067,,0.5516815849,0.1956780474,-0.263538719,1,1,1,1,1,1,1,1,0,1,1,1,11,0.0909090909,-0.409214586,0.028411,0.480473,-0.910820961
110225,-0.30191651,-1.300594311,-0.555693026,-1.255526559,0.0975009548,-0.270541921,,0.6210143556,,0.5516815849,-0.539064643,-0.97684969,1,1,1,1,1,1,0,1,0,1,1,1,10,0.1,-0.392998976,0.028411,0.480473,-0.87707172
110226,-0.520059035,0.7174638201,-0.216501531,,-1.136868089,-0.704685558,-0.722273221,-2.098073958,,,-0.906435989,-2.938454857,1,1,1,0,1,1,1,1,0,0,1,1,9,0.1111111111,-0.947320935,0.028411,0.480473,-2.030771523
110229,-0.321747649,-1.409678535,-1.000881864,0.4903874167,-0.594493812,0.1636017162,-0.147072549,-1.096304579,,0.5516815849,-0.539064643,-0.620194204,1,1,1,1,1,1,1,1,0,1,1,1,11,0.0909090909,-0.411251556,0.028411,0.480473,-0.915060468
110230,-0.505185681,0.9356322668,0.546679334,-0.149781041,-0.931139915,0.5977453531,-1.297473893,-3.314508203,,0.5516815849,-0.539064643,-0.739079366,1,1,1,1,1,1,1,1,0,1,1,1,11,0.0909090909,-0.440408564,0.028411,0.480473,-0.975744397
110233,-0.485354543,0.5538374851,0.271086244,,,,,0.4779044444,,,,0.4497722506,1,1,1,0,0,0,0,1,0,0,0,1,5,0.2,0.2534491763,0.028411,0.480473,0.4683685879
110234,-0.52501682,0.7720059318,0.9706687033,,1.6498135408,0.5977453531,,,,,0.0119923747,,1,1,1,0,1,1,0,0,0,0,1,0,6,0.1666666667,0.5795348473,0.028411,0.480473,1.1470445244
110236,3.8774959666,1.0992586017,0.3982830548,-0.207978174,0.5089573029,-1.138829195,-0.931437101,0.6210143556,,,-0.171693298,1.3414109632,1,1,1,1,1,1,1,1,0,0,1,1,10,0.1,0.5396482477,0.028411,0.480473,1.0640292996
110237,-0.093689554,0.7174638201,0.7586740187,,0.583767548,0.5977453531,,,,,-1.090121662,-0.917407109,1,1,1,0,1,1,0,0,0,0,1,1,7,0.1428571429,0.0794903451,0.028411,0.480473,0.1063113644
110252,-0.510143466,0.5538374851,0.1226899648,,-0.949842477,0.1636017162,-0.722273221,-0.380755023,,,-0.355378971,0.0336741848,1,1,1,0,1,1,1,1,0,0,1,1,9,0.1111111111,-0.227176645,0.028411,0.480473,-0.531948839
11029F,-0.113520692,-0.755173195,,,-1.810160295,-0.704685558,,0.1916846219,,,,-1.155177432,1,1,0,0,1,1,0,1,0,0,0,1,6,0.1666666667,-0.724505425,0.028411,0.480473,-1.567029818
11030F,-0.391156634,0.0629584801,,,,0.1636017162,,0.3347945331,,,,0.4497722506,1,1,0,0,0,1,0,1,0,0,0,1,5,0.2,0.1239940692,0.028411,0.480473,0.1989361233
11031F,-0.187887462,-0.209752078,,,,,,0.1201296663,,,,,1,1,0,0,0,0,0,1,0,0,0,0,3,0.3333333333,-0.092503291,0.028411,0.480473,-0.251655737
111302,,0.8265480434,1.2250623248,,0.9391162123,1.03188899,,,,,,,0,1,1,0,1,1,0,0,0,0,0,0,4,0.25,1.0056538926,0.028411,0.480473,2.03391803
111303,-0.391156634,0.7720059318,,,1.6498135408,0.5977453531,,,,,,,1,1,0,0,1,1,0,0,0,0,0,0,4,0.25,0.6571020479,0.028411,0.480473,1.3084836713
111304,-0.440734481,-0.26429419,0.8010729556,,0.8830085285,0.5977453531,,,,,0.1956780474,0.687542574,1,1,1,0,1,1,0,0,0,0,1,1,7,0.1428571429,0.3514312554,0.028411,0.480473,0.6722968351
111305,-0.391156634,-0.91879953,1.0342671087,,1.2383571927,1.03188899,,,,,-2.559607043,-2.819569696,1,1,1,0,1,1,0,0,0,0,1,1,7,0.1428571429,-0.483517087,0.028411,0.480473,-1.065465351
111306,,0.4447532618,0.8010729556,,-0.070822097,-0.704685558,0.794164914,0.2632395775,-0.996185825,,-1.090121662,-3.176225181,0,1,1,0,1,1,1,1,1,0,1,1,9,0.1111111111,-0.414978846,0.028411,0.480473,-0.922818006
111308,,0.9356322668,1.2250623248,,1.2757623153,0.5977453531,,,,,,,0,1,1,0,1,1,0,0,0,0,0,0,4,0.25,1.008550565,0.028411,0.480473,2.0399468194
111310,-0.410987773,1.0447164901,0.6950756133,,-0.033416974,-0.270541921,,,,,-0.722750316,-0.382423881,1,1,1,0,1,1,0,0,0,0,1,1,7,0.1428571429,-0.011475537,0.028411,0.480473,-0.083014205
111311,,-0.537004748,,,1.3131674378,0.5977453531,,,,,,,0,1,0,0,1,1,0,0,0,0,0,0,3,0.3333333333,0.4579693476,0.028411,0.480473,0.8940325503
111312,-0.45065005,-0.209752078,0.1650889017,,1.5001930506,0.1636017162,,0.6210143556,,,1.6651634291,,1,1,1,0,1,1,0,1,0,0,1,0,7,0.1428571429,0.4935227607,0.028411,0.480473,0.9680291963
111313,,1.2628849367,-0.131703657,,0.920413651,0.1636017162,,,,,0.9304207382,-0.382423881,0,1,1,0,1,1,0,0,0,0,1,1,6,0.1666666667,0.4605322507,0.028411,0.480473,0.8993666721
111314,,-3.591363001,,,1.2944648766,,,,,,,,0,1,0,0,1,0,0,0,0,0,0,0,2,0.5,-1.148449062,0.028411,0.480473,-2.449375688
111316,-0.326705433,-0.59154686,,,1.6311109795,0.1636017162,,,,,,,1,1,0,0,1,1,0,0,0,0,0,0,4,0.25,0.2191151007,0.028411,0.480473,0.396909726
111318,,0.0629584801,0.6950756133,,0.0787983936,-0.270541921,,,,,-3.845406752,,0,1,1,0,1,1,0,0,0,0,1,0,5,0.2,-0.655823237,0.028411,0.480473,-1.42408288
111319,,-0.318836301,1.2250623248,,0.7894957221,0.5977453531,,,,,,,0,1,1,0,1,1,0,0,0,0,0,0,4,0.25,0.5733667746,0.028411,0.480473,1.1342070315
111320,3.2528150982,0.8265480434,-0.513294089,,0.6398752319,-0.704685558,,0.0485747107,,,-2.008550025,,1,1,1,0,1,1,0,1,0,0,1,0,7,0.1428571429,0.2201833446,0.028411,0.480473,0.399133042
111323,,-1.627846981,0.5042803971,,1.6872186634,0.5977453531,,0.6210143556,,,-0.906435989,,0,1,1,0,1,1,0,1,0,0,1,0,6,0.1666666667,0.1459959665,0.028411,0.480473,0.2447282557
111324,,-0.864257418,0.4618814602,,0.0039881484,,,,,,-2.008550025,0.7469851548,0,1,1,0,1,0,0,0,0,0,1,1,5,0.2,-0.331990536,0.028411,0.480473,-0.750096007
111325,,0.9356322668,0.0802910279,,1.0139264574,0.5977453531,,,,,,,0,1,1,0,1,1,0,0,0,0,0,0,4,0.25,0.6568987763,0.028411,0.480473,1.3080606059
111326,-0.52501682,0.8810901551,0.3346846494,,1.5750032957,0.5977453531,,,,,-1.824864352,,1,1,1,0,1,1,0,0,0,0,1,0,6,0.1666666667,0.1731070468,0.028411,0.480473,0.3011540341
111327,1.5076748945,,0.546679334,,-0.014714413,-0.270541921,,,,,-2.375921371,,1,0,1,0,1,1,0,0,0,0,1,0,5,0.2,-0.121364695,0.028411,0.480473,-0.31172443
111328,,0.1175005918,0.6950756133,,0.8643059672,-1.138829195,,,,,-1.273807334,,0,1,1,0,1,1,0,0,0,0,1,0,5,0.2,-0.147150871,0.028411,0.480473,-0.365392711
111329,-0.52501682,-0.537004748,0.1438894333,0.2575988866,0.6585777931,0.1636017162,,,,,-0.355378971,0.4497722506,1,1,1,1,1,1,0,0,0,0,1,1,8,0.125,0.0320049426,0.028411,0.480473,0.0074808948
111330,-0.490312327,-0.155209967,1.0978655141,,1.1074392638,0.5977453531,,,,,-1.273807334,,1,1,1,0,1,1,0,0,0,0,1,0,6,0.1666666667,0.1472867505,0.028411,0.480473,0.2474147399
111331,,1.2083428251,-0.046905783,,0.9952238961,0.1636017162,,,,,,,0,1,1,0,1,1,0,0,0,0,0,0,4,0.25,0.5800656636,0.028411,0.480473,1.1481493024
111332,-0.52501682,0.9901743784,,,1.5375981732,,,,,,,,1,1,0,0,1,0,0,0,0,0,0,0,3,0.3333333333,0.6675852438,0.028411,0.480473,1.3303021486
111333,-0.495270112,-0.26429419,-0.068105251,,0.5276598642,0.1636017162,0.3235461825,,,,-2.192235698,1.5197387057,1,1,1,0,1,1,1,0,0,0,1,1,8,0.125,-0.060669848,0.028411,0.480473,-0.185401393
111334,,-0.046125743,0.864671361,,0.6398752319,0.1636017162,,-2.098073958,,,0.7467350655,-1.214620013,0,1,1,0,1,1,0,1,0,0,1,1,7,0.1428571429,-0.134848048,0.028411,0.480473,-0.339787078
111335,-0.510143466,1.1538007134,0.1438894333,,-0.332657955,,-1.506637773,,-1.065668125,,-0.906435989,,1,1,1,0,1,0,1,0,1,0,1,0,7,0.1428571429,-0.431979023,0.028411,0.480473,-0.958200153
111336,-0.386198849,-0.91879953,0.5042803971,,0.8456034059,0.5977453531,,0.4779044444,,,,,1,1,1,0,1,1,0,1,0,0,0,0,6,0.1666666667,0.1867558702,0.028411,0.480473,0.3295610721
111337,0.0699173403,0.4992953735,1.0554665771,,0.5650649868,,,,,,,-1.452390336,1,1,1,0,1,0,0,0,0,0,0,1,5,0.2,0.1474707883,0.028411,0.480473,0.2477977744
120001,-0.480396758,-0.373378413,0.4406819917,0.0248103565,-0.987247599,0.1636017162,-0.199363519,0.5494594,,0.3463329351,0.9304207382,-0.739079366,1,1,1,1,1,1,1,1,0,1,1,1,11,0.0909090909,-0.029468956,0.028411,0.480473,-0.120463568
120002,-0.455607835,-0.809715306,0.9918681717,1.3051472721,0.3219316902,0.5977453531,-0.931437101,0.0485747107,,-0.064364365,0.3793637201,1.6980664483,1,1,1,1,1,1,1,1,0,1,1,1,11,0.0909090909,0.2801429781,0.028411,0.480473,0.5239258925
120004,,,0.7798734871,,1.462787928,0.5977453531,,,,,1.2977920836,1.5197387057,0,0,1,0,1,1,0,0,0,0,1,1,5,0.2,1.1315875115,0.028411,0.480473,2.296021288
120005,0.9920652889,-0.537004748,0.6102777394,0.6649788143,0.0226907097,-0.270541921,-1.088310012,0.1916846219,,0.1409842852,0.7467350655,-0.025768396,1,1,1,1,1,1,1,1,0,1,1,1,11,0.0909090909,0.1316174044,0.028411,0.480473,0.2148024264
120006,1.5076748945,0.9901743784,0.6102777394,-2.594060607,0.2097163225,0.5977453531,0.3758371527,,,0.5516815849,0.3793637201,1.6386238674,1,1,1,1,1,1,1,0,0,1,1,1,10,0.1,0.4267034406,0.028411,0.480473,0.8289594097
120007,4.3435277255,-0.809715306,-1.509669107,2.0035128624,-0.538386129,0.5977453531,,0.3347945331,,,1.1141064109,0.8658703165,1,1,1,1,1,1,0,1,0,0,1,1,9,0.1111111111,0.7113096289,0.028411,0.480473,1.4213048838
120011,4.3534432949,-0.373378413,0.9070702979,,,,,,,0.3463329351,1.6651634291,1.8763941908,1,1,1,0,0,0,0,0,0,1,1,1,6,0.1666666667,1.4625042891,0.028411,0.480473,2.9847521152
120014,-0.277127587,-0.318836301,-0.555693026,-0.149781041,-0.257847709,-0.270541921,1.107910735,0.4779044444,,-0.680410314,0.3793637201,-0.085210977,1,1,1,1,1,1,1,1,0,1,1,1,11,0.0909090909,-0.057297271,0.028411,0.480473,-0.178382112
120019,-0.520059035,-1.518762758,0.1438894333,1.072358742,-0.183037464,0.1636017162,-0.56540031,,,0.5516815849,,-0.204096139,1,1,1,1,1,1,1,0,0,1,0,1,9,0.1111111111,-0.117758248,0.028411,0.480473,-0.304218399
120022,-0.361409926,-0.209752078,-0.046905783,0.0248103565,0.3219316902,0.5977453531,,0.1916846219,,,0.1956780474,0.4497722506,1,1,1,1,1,1,0,1,0,0,1,1,9,0.1111111111,0.129283837,0.028411,0.480473,0.2099456168
120026,-0.177971893,-0.209752078,-0.08930472,0.5485845492,-0.164334903,0.5977453531,,0.6210143556,,,0.1956780474,0.2120019273,1,1,1,1,1,1,0,1,0,0,1,1,9,0.1111111111,0.1704067376,0.028411,0.480473,0.2955339317
120028,-0.495270112,-0.26429419,0.6526766764,-0.498963836,0.4341470578,0.5977453531,,0.3347945331,,0.5516815849,0.7467350655,-1.630718079,1,1,1,1,1,1,0,1,0,1,1,1,10,0.1,0.0428534054,0.028411,0.480473,0.0300595951
121300,-0.510143466,-2.064183875,-0.237700999,,1.2757623153,1.03188899,,0.6210143556,,0.5516815849,-0.722750316,-0.501309043,1,1,1,0,1,1,0,1,0,1,1,1,9,0.1111111111,-0.061748939,0.028411,0.480473,-0.187647285
121301,,-1.409678535,,,1.5188956119,1.03188899,,,,,,,0,1,0,0,1,1,0,0,0,0,0,0,3,0.3333333333,0.380368689,0.028411,0.480473,0.7325237681
121302,-0.52501682,0.3356690385,,,1.5375981732,1.03188899,,,,,,,1,1,0,0,1,1,0,0,0,0,0,0,4,0.25,0.5950348454,0.028411,0.480473,1.1793043772
121303,-0.52501682,0.7174638201,0.9918681717,,1.7433263472,1.03188899,,,,,-1.090121662,,1,1,1,0,1,1,0,0,0,0,1,0,6,0.1666666667,0.4782348079,0.028411,0.480473,0.9362106694
121304,,0.4447532618,,,1.593705857,,,,,,,,0,1,0,0,1,0,0,0,0,0,0,0,2,0.5,1.0192295594,0.028411,0.480473,2.0621728084
121305,,,,,1.5001930506,1.03188899,,,,,,,0,0,0,0,1,1,0,0,0,0,0,0,2,0.5,1.2660410203,0.028411,0.480473,2.5758568315
121306,-0.52501682,-1.791473316,,,1.8929468374,1.03188899,,,,,,,1,1,0,0,1,1,0,0,0,0,0,0,4,0.25,0.1520864227,0.028411,0.480473,0.257404207
121307,,-1.027883753,,,1.8368391536,0.5977453531,,,,,,,0,1,0,0,1,1,0,0,0,0,0,0,3,0.3333333333,0.4689002512,0.028411,0.480473,0.9167828331
121308,,-0.427920525,,,1.8555417149,1.03188899,,,,,,,0,1,0,0,1,1,0,0,0,0,0,0,3,0.3333333333,0.8198367267,0.028411,0.480473,1.6471802788
130002,-0.391156634,0.9356322668,-0.068105251,0.7231759468,-0.613196374,-0.270541921,-0.56540031,0.6210143556,0.8381469047,0.3463329351,-0.171693298,-0.560751624,1,1,1,1,1,1,1,1,1,1,1,1,12,0.0833333333,0.0686214164,0.028411,0.480473,0.0836900689
130003,-0.455607835,-0.427920525,0.271086244,1.5379358022,-0.388765638,0.1636017162,,0.3347945331,-0.19019114,0.5516815849,-0.722750316,-0.204096139,1,1,1,1,1,1,0,1,1,1,1,1,11,0.0909090909,0.0427062079,0.028411,0.480473,0.0297532358
130006,-0.118478477,0.8810901551,-0.258900467,-0.906343764,-0.183037464,0.1636017162,-0.774564191,0.2632395775,1.1021796461,0.1409842852,0.1956780474,-0.501309043,1,1,1,1,1,1,1,1,1,1,1,1,12,0.0833333333,0.0003450017,0.028411,0.480473,-0.058412341
130007,-0.356452141,0.2265848151,0.822272424,0.1994017541,0.1349060774,0.1636017162,,0.4779044444,,-1.296456264,0.3793637201,-0.441866462,1,1,1,1,1,1,0,1,0,1,1,1,10,0.1,0.0309260084,0.028411,0.480473,0.0052353295
130013,-0.287043156,-0.046125743,0.7586740187,-0.207978174,0.4528496191,0.1636017162,,-0.094535201,-0.245776981,0.5516815849,0.0119923747,-0.144653558,1,1,1,1,1,1,0,1,1,1,1,1,11,0.0909090909,0.0829715002,0.028411,0.480473,0.1135566265
130014,-0.381241065,-0.155209967,0.6738761448,,0.7520905995,0.5977453531,,0.4063494887,,0.5516815849,1.1141064109,0.9253128974,1,1,1,0,1,1,0,1,0,1,1,1,9,0.1111111111,0.498301272,0.028411,0.480473,0.9779746214
130018,-0.386198849,-1.409678535,0.864671361,1.072358742,0.5089573029,1.03188899,-0.669982251,-0.738529801,,0.5516815849,0.1956780474,0.9847554782,1,1,1,1,1,1,1,1,0,1,1,1,11,0.0909090909,0.182327461,0.028411,0.480473,0.3203443076
130025,0.0252972783,-0.155209967,0.7586740187,-0.091583909,0.6959829157,0.5977453531,,0.4779044444,,0.5516815849,1.4814777564,0.7469851548,1,1,1,1,1,1,0,1,0,1,1,1,10,0.1,0.5088954631,0.028411,0.480473,1.0000241109
130028,-0.371325495,0.9356322668,-0.025706314,-2.012089282,-0.650601496,0.1636017162,,0.6210143556,-0.440327422,0.3463329351,0.0119923747,-0.144653558,1,1,1,1,1,1,0,1,1,1,1,1,11,0.0909090909,-0.142375447,0.028411,0.480473,-0.355453711
13003F,-0.049069492,0.5538374851,,,,0.5977453531,,0.6210143556,,,,-0.441866462,1,1,0,0,0,1,0,1,0,0,0,1,5,0.2,0.256332248,0.028411,0.480473,0.4743690706
130049,-0.440734481,-0.046125743,-0.513294089,0.7231759468,-0.837627109,-0.704685558,0.5327100632,0.4063494887,0.0321522206,-0.064364365,0.3793637201,-0.144653558,1,1,1,1,1,1,1,1,1,1,1,1,12,0.0833333333,-0.056477789,0.028411,0.480473,-0.176676539
130063,-0.316789864,-1.082425865,,,,,,,,,-0.355378971,,1,1,0,0,0,0,0,0,0,0,1,0,3,0.3333333333,-0.5848649,0.028411,0.480473,-1.276398635
130065,-0.391156634,-0.91879953,-1.615666449,,0.7520905995,,,0.6210143556,0.4351495627,-0.885758964,1.8488491018,,1,1,1,0,1,0,0,1,1,1,1,0,8,0.125,-0.019284745,0.028411,0.480473,-0.099267361
130066,-0.073858415,-2.118725986,-1.085679738,1.4797386696,,,,-0.452309979,1.1299725662,,-1.273807334,,1,1,1,1,0,0,0,1,1,0,1,0,7,0.1428571429,-0.342095745,0.028411,0.480473,-0.771127788
130071,-0.37628328,0.9901743784,-0.258900467,0.3157960191,0.1536086387,0.5977453531,-0.826855161,-0.022980245,,-0.064364365,-0.171693298,-0.382423881,1,1,1,1,1,1,1,1,0,1,1,1,11,0.0909090909,-0.004197846,0.028411,0.480473,-0.067867284
130073,-0.346536572,0.9356322668,,,,,,,,0.5516815849,,,1,1,0,0,0,0,0,0,0,1,0,0,3,0.3333333333,0.3802590933,0.028411,0.480473,0.7322956685
130074,-0.485354543,-0.91879953,1.0766660456,0.9559644769,0.3406342514,0.5977453531,,,,,0.0119923747,0.3903296698,1,1,1,1,1,1,0,0,0,0,1,1,8,0.125,0.2461472624,0.028411,0.480473,0.4531712527
131301,-0.410987773,-2.664147103,0.313485181,,1.2383571927,,,,,,,,1,1,1,0,1,0,0,0,0,0,0,0,4,0.25,-0.380823125,0.028411,0.480473,-0.851730351
131302,-0.52501682,0.2811269268,0.2286873071,,-0.052119535,,,,,,-3.845406752,-3.1167826,1,1,1,0,1,0,0,0,0,0,1,1,6,0.1666666667,-1.171585246,0.028411,0.480473,-2.497528588
131303,,-1.57330487,0.9706687033,,0.9391162123,1.03188899,,,,,0.5630493928,,0,1,1,0,1,1,0,0,0,0,1,0,5,0.2,0.3862836857,0.028411,0.480473,0.7448345388
131304,,0.4992953735,,,1.0700341412,,,,,,,,0,1,0,0,1,0,0,0,0,0,0,0,2,0.5,0.7846647573,0.028411,0.480473,1.5739775246
131305,,-2.22781021,-0.174102594,,,,,,,,,,0,1,1,0,0,0,0,0,0,0,0,0,2,0.5,-1.200956402,0.028411,0.480473,-2.55865822
131307,-0.52501682,-0.646088971,0.3346846494,,0.5276598642,0.5977453531,,,,,,,1,1,1,0,1,1,0,0,0,0,0,0,5,0.2,0.057796815,0.028411,0.480473,0.0611610308
131308,,0.6083795968,,,1.0887367025,,,,,,,,0,1,0,0,1,0,0,0,0,0,0,0,2,0.5,0.8485581496,0.028411,0.480473,1.7069576329
131309,,0.2265848151,0.6314772079,,1.2383571927,0.5977453531,,,,,,,0,1,1,0,1,1,0,0,0,0,0,0,4,0.25,0.6735411422,0.028411,0.480473,1.3426980472
131310,-0.306874295,0.4447532618,,,0.9765213348,0.5977453531,,,,,-1.64117868,,1,1,0,0,1,1,0,0,0,0,1,0,5,0.2,0.0141933951,0.028411,0.480473,-0.029589942
131311,-0.331663218,0.8810901551,-0.152903125,,0.9017110897,1.03188899,,,,,-1.090121662,,1,1,1,0,1,1,0,0,0,0,1,0,6,0.1666666667,0.2066670383,0.028411,0.480473,0.3710018095
131312,0.1393263257,0.5538374851,-0.894884521,,0.4341470578,0.5977453531,,,,,-0.171693298,,1,1,1,0,1,1,0,0,0,0,1,0,6,0.1666666667,0.1097464004,0.028411,0.480473,0.1692827197
131313,,1.0992586017,-0.237700999,,0.8643059672,,,,,,,,0,1,1,0,1,0,0,0,0,0,0,0,3,0.3333333333,0.5752878566,0.028411,0.480473,1.1382053432
131314,,-1.464220646,-0.258900467,,1.1822495089,,,,,,,,0,1,1,0,1,0,0,0,0,0,0,0,3,0.3333333333,-0.180290535,0.028411,0.480473,-0.434365666
131315,-0.435776696,-1.90055754,-0.322498873,,1.1261418251,1.03188899,,-0.666974846,,,-0.539064643,,1,1,1,0,1,1,0,1,0,0,1,0,7,0.1428571429,-0.24383454,0.028411,0.480473,-0.566618601
131316,,-1.791473316,0.4194825233,,0.7707931608,,,,,,,,0,1,1,0,1,0,0,0,0,0,0,0,3,0.3333333333,-0.200399211,0.028411,0.480473,-0.476217472
131317,,-0.59154686,0.4194825233,,1.2196546314,,,,,,0.5630493928,,0,1,1,0,1,0,0,0,0,0,1,0,4,0.25,0.4026599219,0.028411,0.480473,0.7789180893
131318,,-2.445978656,0.7586740187,,1.1822495089,0.1636017162,,,,,-2.008550025,,0,1,1,0,1,1,0,0,0,0,1,0,5,0.2,-0.470000688,0.028411,0.480473,-1.037333924
131319,,0.1720427035,0.2286873071,,0.9578187736,0.5977453531,,,,,,,0,1,1,0,1,1,0,0,0,0,0,0,4,0.25,0.4890735343,0.028411,0.480473,0.9587691055
131320,,0.1175005918,-1.509669107,,0.5650649868,0.5977453531,,,,,,,0,1,1,0,1,1,0,0,0,0,0,0,4,0.25,-0.057339544,0.028411,0.480473,-0.178470094
131321,,-0.537004748,0.4406819917,,0.6024701093,1.03188899,,,,,,,0,1,1,0,1,1,0,0,0,0,0,0,4,0.25,0.3845090857,0.028411,0.480473,0.7411410974
131322,-0.52501682,-1.027883753,-0.152903125,,-0.295252832,1.03188899,,,,,-1.824864352,,1,1,1,0,1,1,0,0,0,0,1,0,6,0.1666666667,-0.465671982,0.028411,0.480473,-1.028324671
131323,0.3128487891,0.7174638201,-0.725288774,1.4215415371,0.5089573029,0.5977453531,,,-1.371390246,,0.5630493928,,1,1,1,1,1,1,0,0,1,0,1,0,8,0.125,0.2531158969,0.028411,0.480473,0.4676749398
131324,,0.4992953735,0.5678788025,,1.1261418251,0.5977453531,,,,,,,0,1,1,0,1,1,0,0,0,0,0,0,4,0.25,0.6977653385,0.028411,0.480473,1.3931154086
131325,-0.311832079,-0.373378413,0.6314772079,,-0.55708869,,,,,,,0.5686574123,1,1,1,0,1,0,0,0,0,0,0,1,5,0.2,-0.008432912,0.028411,0.480473,-0.076681648
131326,-0.510143466,0.8810901551,-0.174102594,,0.4902547416,0.1636017162,,0.4779044444,,0.1409842852,0.3793637201,0.9847554782,1,1,1,0,1,1,0,1,0,1,1,1,9,0.1111111111,0.3148564979,0.028411,0.480473,0.5961744844
131327,-0.480396758,1.2083428251,0.0166926225,0.1994017541,0.3967419353,0.1636017162,-0.61769128,,-0.996185825,0.5516815849,1.8488491018,0.6280999932,1,1,1,1,1,1,1,0,1,1,1,1,11,0.0909090909,0.2653761518,0.028411,0.480473,0.4931919764
131328,,-2.118725986,-0.068105251,-0.033386776,-0.575791251,,,,-1.565940687,,0.7467350655,-1.630718079,0,1,1,1,1,0,0,0,1,0,1,1,7,0.1428571429,-0.749418995,0.028411,0.480473,-1.61888196
140001,-0.113520692,1.1538007134,0.4618814602,1.0141616094,1.1635469476,0.5977453531,-0.669982251,0.6210143556,,0.5516815849,-1.64117868,-0.263538719,1,1,1,1,1,1,1,1,0,1,1,1,11,0.0909090909,0.2614192438,0.028411,0.480473,0.4849565387
140002,-0.435776696,0.9356322668,0.1650889017,1.0141616094,-0.669304058,-2.441260105,0.4281281229,0.6210143556,0.5880106234,0.5516815849,-0.539064643,-1.333505175,1,1,1,1,1,1,1,1,1,1,1,1,12,0.0833333333,-0.092932768,0.028411,0.480473,-0.252549597
140007,-0.510143466,,0.6950756133,-0.440766704,-1.660539805,-0.270541921,-0.199363519,-2.026519002,0.5880106234,0.5516815849,-0.539064643,0.2120019273,1,0,1,1,1,1,1,1,1,1,1,1,11,0.0909090909,-0.327288119,0.028411,0.480473,-0.740308956
140008,3.1536594048,-0.427920525,-0.619291431,-2.012089282,-2.277724327,-3.743691016,,0.6210143556,,,0.0119923747,-0.679636785,1,1,1,1,1,1,0,1,0,0,1,1,9,0.1111111111,-0.663743026,0.028411,0.480473,-1.440566186
140010,0.8631628875,0.5538374851,-0.110504188,-0.033386776,-1.58572956,-2.007116468,-2.657039117,-0.309200067,0.0738416008,0.3463329351,-0.171693298,-0.620194204,1,1,1,1,1,1,1,1,1,1,1,1,12,0.0833333333,-0.471474064,0.028411,0.480473,-1.040400435
140011,-0.460565619,1.0447164901,-0.407296747,0.3157960191,0.041393271,0.1636017162,1.1602017052,-1.167859535,-0.301362821,,-1.824864352,-0.679636785,1,1,1,1,1,1,1,1,1,0,1,1,11,0.0909090909,-0.192352423,0.028411,0.480473,-0.459469846
140012,0.4764556832,0.8265480434,-1.403671764,-0.615358101,0.5276598642,0.5977453531,0.6895829737,0.4779044444,,-0.064364365,0.3793637201,1.9952793525,1,1,1,1,1,1,1,1,0,1,1,1,11,0.0909090909,0.3533768367,0.028411,0.480473,0.6763461367
140013,-0.515101251,0.8265480434,0.037892091,-1.662906487,-0.295252832,-1.572972831,,,,,-0.722750316,0.6280999932,1,1,1,1,1,1,0,0,0,0,1,1,8,0.125,-0.409555449,0.028411,0.480473,-0.911530392
140015,-0.480396758,1.0447164901,1.1190649825,0.2575988866,-0.332657955,0.1636017162,-1.663510684,0.5494594,,0.5516815849,-1.273807334,0.7469851548,1,1,1,1,1,1,1,1,0,1,1,1,11,0.0909090909,0.0620668622,0.028411,0.480473,0.0700481992
140018,-0.465523404,1.1538007134,0.3346846494,,-0.875032232,1.03188899,,,,0.3463329351,1.4814777564,-0.441866462,1,1,1,0,1,1,0,0,0,1,1,1,8,0.125,0.3207203683,0.028411,0.480473,0.608378847
140029,-0.52501682,0.7720059318,0.1014904963,1.0141616094,-0.575791251,-1.138829195,0.2712552124,0.4779044444,-1.065668125,-0.269713014,0.5630493928,1.6386238674,1,1,1,1,1,1,1,1,1,1,1,1,12,0.0833333333,0.1052893791,0.028411,0.480473,0.1600064057
140030,-0.445692265,0.3356690385,-0.004506846,0.083007489,-0.482278445,0.5977453531,,0.6210143556,-0.579292022,-0.475061664,0.0119923747,1.2225258016,1,1,1,1,1,1,0,1,1,1,1,1,11,0.0909090909,0.0804657427,0.028411,0.480473,0.1083414409
140032,-0.52501682,0.1175005918,-0.894884521,0.1412046215,0.2658240063,0.5977453531,-0.56540031,0.1201296663,-0.301362821,0.5516815849,-0.906435989,0.8064277357,1,1,1,1,1,1,1,1,1,1,1,1,12,0.0833333333,-0.049382242,0.028411,0.480473,-0.161908712
140034,-0.500227897,0.1175005918,0.2498867756,-1.139132294,0.0600958323,0.1636017162,1.0033287947,0.5494594,,,-0.539064643,0.0336741848,1,1,1,1,1,1,1,1,0,0,1,1,10,0.1,-0.000087754,0.028411,0.480473,-0.059313027
14003F,0.6004003,-0.26429419,,,,0.1636017162,,,,,,-2.046816145,1,1,0,0,0,1,0,0,0,0,0,1,4,0.25,-0.38677708,0.028411,0.480473,-0.864122203
140043,2.325709365,0.7720059318,0.589078271,0.3157960191,-0.519683567,0.1636017162,1.2124926754,-0.452309979,,0.5516815849,,0.1525593464,1,1,1,1,1,1,1,1,0,1,0,1,10,0.1,0.5110931364,0.028411,0.480473,1.0045980867
140046,-0.505185681,-0.26429419,-0.322498873,-0.498963836,-0.744114303,-0.704685558,,-0.810084757,,0.5516815849,0.3793637201,-0.204096139,1,1,1,1,1,1,0,1,0,1,1,1,10,0.1,-0.312287803,0.028411,0.480473,-0.709089082
140048,-0.45065005,0.1720427035,0.4830809287,0.7813730793,-1.828862857,-2.875403742,0.2712552124,0.4063494887,-0.02343362,0.5516815849,0.3793637201,0.687542574,1,1,1,1,1,1,1,1,1,1,1,1,12,0.0833333333,-0.120471748,0.028411,0.480473,-0.309865956
140049,-0.510143466,-0.427920525,-0.131703657,,-1.473514192,-2.007116468,,0.4063494887,,-0.269713014,0.7467350655,-1.809045821,1,1,1,0,1,1,0,1,0,1,1,1,9,0.1111111111,-0.60845251,0.028411,0.480473,-1.325491082
14004F,-0.282085371,-0.155209967,,,,,,-0.881639712,,,,,1,1,0,0,0,0,0,1,0,0,0,0,3,0.3333333333,-0.439645017,0.028411,0.480473,-0.974155241
140052,-0.455607835,-1.082425865,0.2074878387,,0.0600958323,0.1636017162,0.5850010334,0.5494594,,,-0.906435989,-0.204096139,1,1,1,0,1,1,1,1,0,0,1,1,9,0.1111111111,-0.120324445,0.028411,0.480473,-0.309559377
140053,-0.515101251,0.6629217084,-0.025706314,0.2575988866,-0.70670918,-1.138829195,,0.3347945331,,-0.885758964,0.1956780474,-0.204096139,1,1,1,1,1,1,0,1,0,1,1,1,10,0.1,-0.202520787,0.028411,0.480473,-0.480633068
140054,-0.37628328,0.1175005918,0.4618814602,-1.139132294,-1.211678335,-1.138829195,0.8464558842,0.6210143556,,0.1409842852,0.3793637201,-0.085210977,1,1,1,1,1,1,1,1,0,1,1,1,11,0.0909090909,-0.125812162,0.028411,0.480473,-0.320980859
140059,1.1209676903,0.5538374851,-0.258900467,0.8395702119,0.7707931608,1.03188899,-1.088310012,0.2632395775,,,,-0.025768396,1,1,1,1,1,1,1,1,0,0,0,1,9,0.1111111111,0.3563686933,0.028411,0.480473,0.6825730312
140062,0.0798329097,0.9356322668,0.271086244,-0.266175306,-1.997185908,-1.572972831,0.480419093,0.5494594,,-0.064364365,-0.722750316,-1.03629227,1,1,1,1,1,1,1,1,0,1,1,1,11,0.0909090909,-0.303937371,0.028411,0.480473,-0.691709486
140063,0.5458646686,1.0992586017,0.0590915594,0.083007489,-1.342596263,-1.138829195,0.0098003615,0.4063494887,,,0.0119923747,-0.97684969,1,1,1,1,1,1,1,1,0,0,1,1,10,0.1,-0.12429106,0.028411,0.480473,-0.317815019
140064,-0.480396758,-0.373378413,0.1014904963,-1.255526559,-0.482278445,-1.138829195,0.3235461825,0.5494594,,-0.064364365,0.5630493928,-0.085210977,1,1,1,1,1,1,1,1,0,1,1,1,11,0.0909090909,-0.212949022,0.028411,0.480473,-0.502337156
140065,-0.515101251,0.3902111501,-0.831286116,-1.430117957,-0.276550271,-0.270541921,1.5262384964,,0.8381469047,,-0.722750316,-0.204096139,1,1,1,1,1,1,1,0,1,0,1,1,10,0.1,-0.149584742,0.028411,0.480473,-0.370458279
140067,-0.500227897,-0.209752078,0.2286873071,0.8395702119,-2.128103837,-2.007116468,-2.291002326,0.5494594,0.1433239012,0.3463329351,-0.906435989,0.6280999932,1,1,1,1,1,1,1,1,1,1,1,1,12,0.0833333333,-0.442263737,0.028411,0.480473,-0.979605534
140068,2.2067225329,0.7720059318,,,-1.604432121,-3.309547379,,,,-1.707153563,1.2977920836,-2.997897438,1,1,0,0,1,1,0,0,0,1,1,1,7,0.1428571429,-0.763215708,0.028411,0.480473,-1.647596797
140077,-0.52501682,1.1538007134,,,0.6585777931,-0.704685558,,-0.380755023,,,,,1,1,0,0,1,1,0,1,0,0,0,0,5,0.2,0.0403842212,0.028411,0.480473,0.0249205287
14007F,0.0252972783,0.4992953735,,,0.2658240063,-0.270541921,,-1.024749624,,,,-1.69016066,1,1,0,0,1,1,0,1,0,0,0,1,6,0.1666666667,-0.365839258,0.028411,0.480473,-0.820544711
140080,-0.420903342,,-0.025706314,-0.673555234,-0.257847709,0.5977453531,-0.931437101,-0.380755023,,,-1.090121662,-0.620194204,1,0,1,1,1,1,1,1,0,0,1,1,9,0.1111111111,-0.422530582,0.028411,0.480473,-0.938535291
140082,-0.52501682,0.6083795968,-0.492094621,,-1.136868089,-2.441260105,,0.6210143556,,,0.7467350655,-1.74960324,1,1,1,0,1,1,0,1,0,0,1,1,8,0.125,-0.546089232,0.028411,0.480473,-1.195695572
140083,4.4327678496,1.1538007134,,,-0.463575883,-1.138829195,,,,,1.8488491018,-2.462914211,1,1,0,0,1,1,0,0,0,0,1,1,6,0.1666666667,0.5616830627,0.028411,0.480473,1.109889943
140084,-0.505185681,0.0629584801,0.0590915594,,-0.295252832,-0.704685558,,0.4063494887,,-0.885758964,0.9304207382,1.3414109632,1,1,1,0,1,1,0,1,0,1,1,1,9,0.1111111111,0.0454831328,0.028411,0.480473,0.0355327969
140088,0.6797248547,1.0447164901,-0.449695684,-0.266175306,-2.202914082,-4.177834653,,0.6210143556,1.2272477867,0.5516815849,0.0119923747,-1.452390336,1,1,1,1,1,1,0,1,1,1,1,1,11,0.0909090909,-0.401148419,0.028411,0.480473,-0.894033001
140089,-0.049069492,0.9901743784,-0.746488242,1.072358742,0.6211726706,0.1636017162,-0.46081837,0.6210143556,,0.5516815849,0.1956780474,-0.144653558,1,1,1,1,1,1,1,1,0,1,1,1,11,0.0909090909,0.2558774394,0.028411,0.480473,0.473422486
14008F,-0.272169802,0.2265848151,,,,0.5977453531,,,,,,-1.333505175,1,1,0,0,0,1,0,0,0,0,0,1,4,0.25,-0.195336202,0.028411,0.480473,-0.465679928
140091,-0.445692265,0.5538374851,-1.170477611,0.6649788143,-0.519683567,0.1636017162,,0.1916846219,1.1299725662,0.1409842852,0.0119923747,0.1525593464,1,1,1,1,1,1,0,1,1,1,1,1,11,0.0909090909,0.0794325242,0.028411,0.480473,0.1061910228
140093,-0.475438973,-0.046125743,-0.343698341,,-0.164334903,-1.138829195,1.5262384964,,,,-0.355378971,0.4497722506,1,1,1,0,1,1,1,0,0,0,1,1,8,0.125,-0.068474422,0.028411,0.480473,-0.201644906
140095,0.1641152491,1.1538007134,0.271086244,,-1.00595016,-0.704685558,,-0.166090156,,-10.94784281,,-1.809045821,1,1,1,0,1,1,0,1,0,1,0,1,8,0.125,-1.630576537,0.028411,0.480473,-3.452818478
140100,-0.480396758,0.6629217084,1.0766660456,,-0.613196374,1.03188899,,0.4063494887,,,,-0.620194204,1,1,1,0,1,1,0,1,0,0,0,1,7,0.1428571429,0.2091484138,0.028411,0.480473,0.3761662493
140101,1.4035614165,0.4447532618,-0.576892494,-0.789949499,0.0226907097,0.5977453531,1.5262384964,0.5494594,-0.02343362,0.5516815849,-0.722750316,0.8658703165,1,1,1,1,1,1,1,1,1,1,1,1,12,0.0833333333,0.3207478841,0.028411,0.480473,0.6084361151
140103,-0.361409926,0.8810901551,1.2250623248,,-2.090698715,-4.177834653,,0.1916846219,,,1.4814777564,0.7469851548,1,1,1,0,1,1,0,1,0,0,1,1,8,0.125,-0.26295541,0.028411,0.480473,-0.606414506
140110,-0.440734481,-0.373378413,-0.258900467,1.188753007,0.4528496191,-0.270541921,0.8987468544,0.4779044444,,0.5516815849,0.5630493928,1.1630832207,1,1,1,1,1,1,1,1,0,1,1,1,11,0.0909090909,0.3593193492,0.028411,0.480473,0.6887141754
140113,-0.45065005,-0.318836301,0.9282697664,,0.5276598642,0.5977453531,,0.6210143556,,,-0.355378971,0.687542574,1,1,1,0,1,1,0,1,0,0,1,1,8,0.125,0.2796708239,0.028411,0.480473,0.5229432068
140114,1.7159018506,0.6629217084,-0.873685053,0.3157960191,-2.015888469,-2.875403742,-0.56540031,0.4063494887,0.4073566425,0.5516815849,0.0119923747,0.0931167656,1,1,1,1,1,1,1,1,1,1,1,1,12,0.0833333333,-0.180438428,0.028411,0.480473,-0.434673473
140115,-0.475438973,0.4992953735,-0.746488242,,-0.500981006,0.5977453531,,-0.452309979,,,1.1141064109,-0.204096139,1,1,1,0,1,1,0,1,0,0,1,1,8,0.125,-0.0210209,0.028411,0.480473,-0.102880788
140116,0.1541996797,0.9901743784,0.3346846494,-0.848146631,-1.211678335,-0.704685558,0.0098003615,0.6210143556,0.1989097415,0.1409842852,-0.539064643,0.2120019273,1,1,1,1,1,1,1,1,1,1,1,1,12,0.0833333333,-0.053483816,0.028411,0.480473,-0.17044524
140117,-0.465523404,,-0.704089305,-0.266175306,-0.85632967,0.5977453531,,-0.738529801,1.5746592885,-0.680410314,0.0119923747,-1.095734851,1,0,1,1,1,1,0,1,1,1,1,1,10,0.1,-0.262239564,0.028411,0.480473,-0.604924628
140119,0.8681206721,1.1538007134,-0.449695684,-0.440766704,-3.063231901,0.5977453531,,0.4063494887,1.5607628284,0.5516815849,-0.171693298,-2.106258725,1,1,1,1,1,1,0,1,1,1,1,1,11,0.0909090909,-0.099380516,0.028411,0.480473,-0.265969173
140120,-0.52501682,0.9356322668,-0.36489781,,0.9017110897,0.5977453531,0.794164914,0.4779044444,,,-1.273807334,0.6280999932,1,1,1,0,1,1,1,1,0,0,1,1,9,0.1111111111,0.2412817885,0.028411,0.480473,0.4430448341
140122,-0.515101251,0.3902111501,-0.258900467,-0.440766704,-0.893734793,-0.704685558,-0.094781579,0.4063494887,1.1160761061,0.5516815849,-0.539064643,-0.798521947,1,1,1,1,1,1,1,1,1,1,1,1,12,0.0833333333,-0.148436551,0.028411,0.480473,-0.368068571
140124,0.4367934059,0.3902111501,0.589078271,0.3157960191,-2.502155063,-1.572972831,,-0.237645112,,0.5516815849,1.6651634291,0.687542574,1,1,1,1,1,1,0,1,0,1,1,1,10,0.1,0.0323493428,0.028411,0.480473,0.0081976884
140125,-0.520059035,-2.445978656,-1.870060071,,0.4528496191,1.03188899,,0.4063494887,,,-0.355378971,0.3903296698,1,1,1,0,1,1,0,1,0,0,1,1,8,0.125,-0.363757371,0.028411,0.480473,-0.816211719
140127,-0.510143466,0.3356690385,-0.025706314,0.4321902842,-0.781519425,-0.270541921,,0.2632395775,,0.1409842852,-0.355378971,0.4497722506,1,1,1,1,1,1,0,1,0,1,1,1,10,0.1,-0.032143466,0.028411,0.480473,-0.126029974
140130,0.3078910045,1.1538007134,-0.407296747,-0.266175306,-1.380001386,-0.704685558,,0.4779044444,0.5880106234,0.3463329351,0.0119923747,0.0336741848,1,1,1,1,1,1,0,1,1,1,1,1,11,0.0909090909,0.0146770258,0.028411,0.480473,-0.028583371
140133,-0.133351831,1.0992586017,0.6950756133,,-0.594493812,0.5977453531,,0.6210143556,,,1.8488491018,-0.560751624,1,1,1,0,1,1,0,1,0,0,1,1,8,0.125,0.4466682198,0.028411,0.480473,0.8705117269
140135,1.3440680004,-0.318836301,-0.131703657,-0.149781041,-1.342596263,-1.138829195,0.6372920035,0.6210143556,-0.996185825,-0.680410314,,-1.630718079,1,1,1,1,1,1,1,1,1,1,0,1,11,0.0909090909,-0.34424421,0.028411,0.480473,-0.775599348
140137,-0.52501682,0.1720427035,-0.08930472,,0.9391162123,1.03188899,,,,,-1.457493007,0.3903296698,1,1,1,0,1,1,0,0,0,0,1,1,7,0.1428571429,0.0659375755,0.028411,0.480473,0.0781042415
140145,-0.505185681,0.4992953735,-0.513294089,0.1412046215,0.8081982834,1.03188899,,0.5494594,,0.1409842852,-0.171693298,0.687542574,1,1,1,1,1,1,0,1,0,1,1,1,10,0.1,0.2668400459,0.028411,0.480473,0.4962387515
140147,-0.52501682,0.9356322668,-1.000881864,0.7231759468,0.4341470578,0.5977453531,,0.6210143556,,-1.296456264,-0.722750316,-0.144653558,1,1,1,1,1,1,0,1,0,1,1,1,10,0.1,-0.037804384,0.028411,0.480473,-0.137811936
140148,0.7144293474,-0.26429419,0.4194825233,-0.382569571,-1.716647489,-0.704685558,,0.1916846219,,0.5516815849,-0.171693298,-0.501309043,1,1,1,1,1,1,0,1,0,1,1,1,10,0.1,-0.186392107,0.028411,0.480473,-0.447064752
140150,0.8829940262,1.0992586017,0.0802910279,0.4903874167,-3.362472881,-0.704685558,,0.5494594,,0.5516815849,-0.906435989,-0.382423881,1,1,1,1,1,1,0,1,0,1,1,1,10,0.1,-0.170194625,0.028411,0.480473,-0.413353239
140155,-0.480396758,,-1.064480269,0.3157960191,0.4715521804,0.5977453531,-0.094781579,0.2632395775,,0.5516815849,0.0119923747,0.6280999932,1,0,1,1,1,1,1,1,0,1,1,1,10,0.1,0.1200448477,0.028411,0.480473,0.1907166832
140158,-0.480396758,-0.864257418,0.4406819917,,-0.613196374,-0.270541921,,,,,,-0.501309043,1,1,1,0,1,1,0,0,0,0,0,1,6,0.1666666667,-0.381503254,0.028411,0.480473,-0.853145889
140160,-0.138309616,-0.046125743,-0.534493558,-1.197329427,0.0600958323,1.03188899,,0.2632395775,,0.5516815849,-1.457493007,-0.204096139,1,1,1,1,1,1,0,1,0,1,1,1,10,0.1,-0.16709415,0.028411,0.480473,-0.40690028
140161,-0.346536572,0.7720059318,0.1650889017,0.3739931517,0.6585777931,0.5977453531,0.6372920035,0.6210143556,,,-0.722750316,0.4497722506,1,1,1,1,1,1,1,1,0,0,1,1,10,0.1,0.3206202853,0.028411,0.480473,0.608170546
140162,-0.381241065,0.3356690385,-0.470895152,-0.498963836,-1.024652722,-0.270541921,,,-0.787738924,0.1409842852,-0.171693298,-0.501309043,1,1,1,1,1,1,0,0,1,1,1,1,10,0.1,-0.363038264,0.028411,0.480473,-0.814715055
140164,-0.336621003,1.0447164901,-0.110504188,-1.488315089,-0.575791251,-0.704685558,,,,0.5516815849,-0.906435989,-1.274062594,1,1,1,1,1,1,0,0,0,1,1,1,9,0.1111111111,-0.422224177,0.028411,0.480473,-0.937897577
140166,-0.52501682,0.4992953735,-0.046905783,0.2575988866,-1.00595016,-3.309547379,1.107910735,-1.382524402,0.2544955818,0.5516815849,-0.355378971,0.0931167656,1,1,1,1,1,1,1,1,1,1,1,1,12,0.0833333333,-0.321768716,0.028411,0.480473,-0.728821526
140172,-0.510143466,-0.427920525,-0.046905783,-0.964540896,-2.128103837,-1.138829195,-1.036019042,0.1201296663,,0.5516815849,0.5630493928,-0.382423881,1,1,1,1,1,1,1,1,0,1,1,1,11,0.0909090909,-0.490911453,0.028411,0.480473,-1.080855104
140174,-0.500227897,,0.6526766764,,-1.118165528,0.5977453531,-0.094781579,-1.310969446,,0.5516815849,0.3793637201,0.5686574123,1,0,1,0,1,1,1,1,0,1,1,1,9,0.1111111111,-0.030446634,0.028411,0.480473,-0.122498389
140177,4.3633588642,,,,-0.594493812,0.5977453531,,-1.883409091,,,1.1141064109,-3.295110342,1,0,0,0,1,1,0,1,0,0,1,1,6,0.1666666667,0.0503662304,0.028411,0.480473,0.0456958956
140179,-0.490312327,-0.373378413,-0.322498873,-1.779300752,-2.090698715,-2.875403742,1.0033287947,0.4063494887,,0.5516815849,1.1141064109,-0.798521947,1,1,1,1,1,1,1,1,0,1,1,1,11,0.0909090909,-0.514058954,0.028411,0.480473,-1.129031559
140180,-0.406029988,,-2.01845635,0.8395702119,-0.594493812,0.5977453531,,0.2632395775,,0.5516815849,0.3793637201,1.1036406399,1,0,1,1,1,1,0,1,0,1,1,1,9,0.1111111111,0.0795845486,0.028411,0.480473,0.1065074283
140181,-0.52501682,0.6629217084,,,-1.847565418,-2.007116468,,,,,2.2162204472,0.8658703165,1,1,0,0,1,1,0,0,0,0,1,1,6,0.1666666667,-0.105781039,0.028411,0.480473,-0.279290461
140182,-0.37628328,0.4447532618,0.3346846494,-1.953892149,-1.00595016,0.1636017162,,0.4063494887,,0.5516815849,0.7467350655,1.4008535441,1,1,1,1,1,1,0,1,0,1,1,1,10,0.1,0.0712533721,0.028411,0.480473,0.0891679083
140184,-0.515101251,-0.59154686,-0.258900467,2.0035128624,-0.4074682,-0.270541921,0.7418739439,-1.74029918,,,-1.090121662,0.0336741848,1,1,1,1,1,1,1,1,0,0,1,1,10,0.1,-0.209491855,0.028411,0.480473,-0.49514182
140185,-0.386198849,1.0992586017,0.2922857125,-0.382569571,-0.650601496,-0.270541921,-0.56540031,0.5494594,,0.5516815849,0.0119923747,-0.382423881,1,1,1,1,1,1,1,1,0,1,1,1,11,0.0909090909,-0.012096214,0.028411,0.480473,-0.084306008
140186,-0.292000941,1.1538007134,0.1014904963,-0.731752366,-0.613196374,-0.704685558,1.0556197649,-0.738529801,0.9215256651,-0.269713014,-1.273807334,-0.560751624,1,1,1,1,1,1,1,1,1,1,1,1,12,0.0833333333,-0.162666698,0.028411,0.480473,-0.397685506
140187,-0.505185681,0.4447532618,-0.513294089,-0.207978174,-0.538386129,0.5977453531,-0.199363519,0.5494594,0.1850132814,0.5516815849,-0.906435989,0.5092148315,1,1,1,1,1,1,1,1,1,1,1,1,12,0.0833333333,-0.002731322,0.028411,0.480473,-0.064815036
140189,-0.187887462,0.6083795968,-0.110504188,0.2575988866,-0.781519425,0.1636017162,0.3758371527,0.4063494887,-1.552044227,0.5516815849,-0.722750316,0.8064277357,1,1,1,1,1,1,1,1,1,1,1,1,12,0.0833333333,-0.015402455,0.028411,0.480473,-0.091187224
140191,2.2463848103,1.0447164901,-0.661690368,0.1412046215,0.2284188838,-2.875403742,0.2712552124,-0.022980245,,0.5516815849,0.3793637201,-3.176225181,1,1,1,1,1,1,1,1,0,1,1,1,11,0.0909090909,-0.170297656,0.028411,0.480473,-0.413567675
140197,-0.475438973,0.4447532618,,,-0.444873322,1.03188899,,0.4779044444,,,,,1,1,0,0,1,1,0,1,0,0,0,0,5,0.2,0.2068468801,0.028411,0.480473,0.3713761108
140200,-0.52501682,0.9901743784,0.2922857125,-0.498963836,-0.426170761,0.1636017162,0.794164914,0.4063494887,,0.3463329351,-0.539064643,0.1525593464,1,1,1,1,1,1,1,1,0,1,1,1,11,0.0909090909,0.1051138573,0.028411,0.480473,0.1596410956
140202,-0.415945557,0.4992953735,0.5678788025,1.4797386696,-1.623134683,-2.441260105,0.8464558842,0.6210143556,-0.676567243,0.5516815849,-0.722750316,1.044198059,1,1,1,1,1,1,1,1,1,1,1,1,12,0.0833333333,-0.022449598,0.028411,0.480473,-0.10585431
140206,-0.52501682,0.6083795968,0.3558841179,,-0.239145148,0.5977453531,,-0.094535201,,0.5516815849,-0.171693298,-1.927930983,1,1,1,0,1,1,0,1,0,1,1,1,9,0.1111111111,-0.093847866,0.028411,0.480473,-0.254454175
140208,-0.460565619,0.7174638201,-0.555693026,0.7813730793,-2.651775553,-4.61197829,-0.35623643,-0.094535201,-0.620981403,0.3463329351,0.3793637201,0.6280999932,1,1,1,1,1,1,1,1,1,1,1,1,12,0.0833333333,-0.541594331,0.028411,0.480473,-1.186340419
140209,-0.52501682,0.7174638201,-0.831286116,0.5485845492,-1.866267979,-4.61197829,0.5327100632,-0.022980245,,-5.198080611,-1.090121662,0.0336741848,1,1,1,1,1,1,1,1,0,1,1,1,11,0.0909090909,-1.119390828,0.028411,0.480473,-2.388897334
140210,-0.425861127,1.2628849367,-0.195302062,1.188753007,-0.370063077,0.1636017162,,0.6210143556,,,-2.008550025,-0.263538719,1,1,1,1,1,1,0,1,0,0,1,1,9,0.1111111111,-0.003006777,0.028411,0.480473,-0.065388335
140211,0.2285664498,1.0992586017,0.3346846494,-1.255526559,-1.080760406,-0.270541921,0.1143823019,0.0485747107,0.296184962,-0.269713014,-0.171693298,0.3903296698,1,1,1,1,1,1,1,1,1,1,1,1,12,0.0833333333,-0.044687821,0.028411,0.480473,-0.152138303
140213,-0.495270112,1.0992586017,0.0166926225,-0.266175306,-1.604432121,-0.704685558,-0.199363519,-0.094535201,-0.10681238,-0.064364365,0.1956780474,-0.441866462,1,1,1,1,1,1,1,1,1,1,1,1,12,0.0833333333,-0.222156313,0.028411,0.480473,-0.521500116
140217,-0.520059035,,0.1014904963,-0.382569571,0.0226907097,0.5977453531,,0.5494594,,,0.0119923747,1.2819683824,1,0,1,1,1,1,0,1,0,0,1,1,8,0.125,0.2078397637,0.028411,0.480473,0.3734425806
140223,-0.415945557,0.8265480434,0.589078271,-0.673555234,-1.492216754,-0.704685558,,-0.022980245,-0.259673441,0.3463329351,-0.171693298,1.1630832207,1,1,1,1,1,1,0,1,1,1,1,1,11,0.0909090909,-0.074155238,0.028411,0.480473,-0.21346828
140224,-0.331663218,,-0.831286116,0.0248103565,0.0787983936,0.5977453531,,0.6210143556,,-1.912502213,0.9304207382,0.4497722506,1,0,1,1,1,1,0,1,0,1,1,1,9,0.1111111111,-0.041432233,0.028411,0.480473,-0.14536251
140228,-0.30191651,0.4447532618,-0.555693026,0.4321902842,-0.837627109,-2.441260105,-1.349764863,0.2632395775,,-0.475061664,0.7467350655,-0.025768396,1,1,1,1,1,1,1,1,0,1,1,1,11,0.0909090909,-0.372743044,0.028411,0.480473,-0.834913431
140231,-0.52501682,0.8265480434,-0.025706314,-1.022738029,-0.332657955,-0.270541921,,0.5494594,0.6435964637,0.5516815849,-0.171693298,-0.144653558,1,1,1,1,1,1,0,1,1,1,1,1,11,0.0909090909,0.0071161452,0.028411,0.480473,-0.044319688
140233,-0.45065005,-0.755173195,-0.343698341,-0.324372439,-0.893734793,-0.704685558,,0.1201296663,,0.5516815849,-0.171693298,-0.085210977,1,1,1,1,1,1,0,1,0,1,1,1,10,0.1,-0.30574074,0.028411,0.480473,-0.695462803
140239,3.0594614961,0.0629584801,-0.661690368,0.0248103565,-1.155570651,-4.61197829,,0.4063494887,,0.5516815849,0.3793637201,-0.917407109,1,1,1,1,1,1,0,1,0,1,1,1,10,0.1,-0.286202129,0.028411,0.480473,-0.654797462
140242,0.2136930958,1.0992586017,0.2498867756,-1.022738029,-1.192975773,-1.138829195,,0.4063494887,-0.565395562,-0.269713014,-0.355378971,-1.095734851,1,1,1,1,1,1,0,1,1,1,1,1,11,0.0909090909,-0.333779767,0.028411,0.480473,-0.753819899
140251,-0.495270112,0.9356322668,-1.382472296,,-1.305191141,-4.61197829,-0.879146131,0.5494594,,,,-2.760127115,1,1,1,0,1,1,1,1,0,0,0,1,8,0.125,-1.243636677,0.028411,0.480473,-2.64748787
140252,-0.262254233,1.2083428251,0.037892091,0.0248103565,-0.332657955,0.5977453531,-1.297473893,0.3347945331,-0.690463703,0.1409842852,-0.539064643,0.9847554782,1,1,1,1,1,1,1,1,1,1,1,1,12,0.0833333333,0.017284208,0.028411,0.480473,-0.023157092
140258,-0.495270112,,-0.555693026,-0.440766704,-0.968545038,0.1636017162,,0.6210143556,0.4768389429,0.5516815849,-0.355378971,1.2225258016,1,0,1,1,1,1,0,1,1,1,1,1,10,0.1,0.0220008551,0.028411,0.480473,-0.013340423
140275,0.1541996797,0.1720427035,1.0342671087,,-0.85632967,-1.572972831,0.480419093,0.6210143556,,0.5516815849,0.3793637201,0.1525593464,1,1,1,0,1,1,1,1,0,1,1,1,10,0.1,0.111624509,0.028411,0.480473,0.1731915917
140276,-0.52501682,0.1720427035,-0.725288774,-0.207978174,-3.755226668,-2.441260105,,-0.022980245,0.6435964637,0.5516815849,0.1956780474,-1.095734851,1,1,1,1,1,1,0,1,1,1,1,1,11,0.0909090909,-0.655498803,0.028411,0.480473,-1.423407642
140280,-0.440734481,-0.209752078,0.6314772079,,-0.781519425,-2.007116468,0.2189642422,,,-0.064364365,0.1956780474,-0.798521947,1,1,1,0,1,1,1,0,0,1,1,1,9,0.1111111111,-0.361765474,0.028411,0.480473,-0.812066022
140281,0.4566245446,1.0992586017,-0.110504188,-0.324372439,-3.100637024,-4.61197829,,0.6210143556,0.3517708022,0.1409842852,-0.171693298,-0.679636785,1,1,1,1,1,1,0,1,1,1,1,1,11,0.0909090909,-0.575379039,0.028411,0.480473,-1.256655894
140286,0.2136930958,1.0992586017,-0.428496215,-0.615358101,-0.669304058,0.1636017162,1.1602017052,0.6210143556,,0.5516815849,0.0119923747,0.6280999932,1,1,1,1,1,1,1,1,0,1,1,1,11,0.0909090909,0.2487622776,0.028411,0.480473,0.4586138343
140288,-0.420903342,0.4447532618,0.8434718925,-1.604709354,-0.482278445,0.1636017162,0.2712552124,-0.022980245,0.7269752242,0.5516815849,-0.539064643,1.5791812866,1,1,1,1,1,1,1,1,1,1,1,1,12,0.0833333333,0.1259153458,0.028411,0.480473,0.2029348398
140289,-0.470481189,-0.26429419,0.5042803971,-0.266175306,-0.85632967,0.5977453531,-0.56540031,0.4779044444,,0.5516815849,0.3793637201,-1.214620013,1,1,1,1,1,1,1,1,0,1,1,1,11,0.0909090909,-0.102393198,0.028411,0.480473,-0.272239412
140290,-0.490312327,,-1.594466981,-0.266175306,-0.631898935,0.5977453531,-0.35623643,0.6210143556,-1.96893803,0.5516815849,0.1956780474,1.2225258016,1,0,1,1,1,1,1,1,1,1,1,1,11,0.0909090909,-0.19267117,0.028411,0.480473,-0.460133246
140291,-0.445692265,0.3902111501,0.7374745502,-0.906343764,-0.295252832,0.1636017162,,0.1201296663,-0.17629468,0.5516815849,-0.171693298,1.1036406399,1,1,1,1,1,1,0,1,1,1,1,1,11,0.0909090909,0.0974056789,0.028411,0.480473,0.1435982096
140292,-0.510143466,0.4992953735,0.7798734871,,-0.257847709,0.1636017162,,0.2632395775,,0.5516815849,0.1956780474,0.5092148315,1,1,1,0,1,1,0,1,0,1,1,1,9,0.1111111111,0.2438437158,0.028411,0.480473,0.4483769249
140294,-0.212676386,0.2811269268,-1.658065386,,0.4902547416,0.5977453531,,0.1201296663,,,-1.457493007,1.1036406399,1,1,1,0,1,1,0,1,0,0,1,1,8,0.125,-0.091917181,0.028411,0.480473,-0.250435877
140300,0.1789886031,-0.318836301,0.7798734871,,-0.650601496,-0.704685558,,-0.237645112,,,1.8488491018,-0.857964528,1,1,1,0,1,1,0,1,0,0,1,1,8,0.125,0.0047472746,0.028411,0.480473,-0.049249974
140304,-0.515101251,0.0084163685,-0.746488242,-2.070286414,-0.519683567,-0.270541921,0.9510378245,0.4063494887,,0.5516815849,0.7467350655,0.330887089,1,1,1,1,1,1,1,1,0,1,1,1,11,0.0909090909,-0.102453998,0.028411,0.480473,-0.272365953
140308,2.9553480181,1.1538007134,,,1.4253828055,,,,,,,,1,1,0,0,1,0,0,0,0,0,0,0,3,0.3333333333,1.8448438457,0.028411,0.480473,3.7805081993
14034F,-0.148225185,0.5538374851,,,,0.5977453531,,0.2632395775,,,,-2.165701306,1,1,0,0,0,1,0,1,0,0,0,1,5,0.2,-0.179820815,0.028411,0.480473,-0.433388046
141300,3.8675803973,1.2083428251,,,,,,,,,,,1,1,0,0,0,0,0,0,0,0,0,0,2,0.5,2.5379616112,0.028411,0.480473,5.2230810888
141301,,0.7720059318,-0.513294089,,1.0700341412,1.03188899,,0.2632395775,,,-1.090121662,0.3903296698,0,1,1,0,1,1,0,1,0,0,1,1,7,0.1428571429,0.2748689371,0.028411,0.480473,0.5129491307
141302,,0.9901743784,,,,,,,,,-0.906435989,,0,1,0,0,0,0,0,0,0,0,1,0,2,0.5,0.0418691948,0.028411,0.480473,0.0280111761
141303,,,-0.661690368,,,,,,,,1.2977920836,,0,0,1,0,0,0,0,0,0,0,1,0,2,0.5,0.3180508577,0.028411,0.480473,0.602822845
141304,,0.3902111501,0.5254798656,,1.1822495089,1.03188899,,,,,,,0,1,1,0,1,1,0,0,0,0,0,0,4,0.25,0.7824573786,0.028411,0.480473,1.569383349
141305,,1.0992586017,-0.068105251,,0.3219316902,0.5977453531,,,,,-2.375921371,,0,1,1,0,1,1,0,0,0,0,1,0,5,0.2,-0.085018195,0.028411,0.480473,-0.236077148
141306,,-0.427920525,,,,,,,,,-0.722750316,,0,1,0,0,0,0,0,0,0,0,1,0,2,0.5,-0.575335421,0.028411,0.480473,-1.25656511
141307,,1.2083428251,0.3346846494,,0.1162035161,1.03188899,,0.3347945331,,,,-0.144653558,0,1,1,0,1,1,0,1,0,0,0,1,6,0.1666666667,0.4802101593,0.028411,0.480473,0.9403219309
141308,,0.6083795968,-0.237700999,,1.3131674378,1.03188899,,,,,,,0,1,1,0,1,1,0,0,0,0,0,0,4,0.25,0.6789337564,0.028411,0.480473,1.353921593
141309,-0.475438973,0.7174638201,0.3558841179,,1.0700341412,0.5977453531,,0.6210143556,,,-0.906435989,,1,1,1,0,1,1,0,1,0,0,1,0,7,0.1428571429,0.2828952608,0.028411,0.480473,0.5296541664
141310,-0.475438973,0.9356322668,-0.36489781,,,0.5977453531,,,,,-0.722750316,,1,1,1,0,0,1,0,0,0,0,1,0,5,0.2,-0.005941896,0.028411,0.480473,-0.071497142
141311,-0.406029988,0.8265480434,0.313485181,2.0035128624,0.6772803544,0.1636017162,,-0.738529801,,,-0.722750316,2.3519348375,1,1,1,1,1,1,0,1,0,0,1,1,9,0.1111111111,0.4965614322,0.028411,0.480473,0.9743535257
141312,-0.505185681,0.9356322668,,,,,,,,,-0.906435989,,1,1,0,0,0,0,0,0,0,0,1,0,3,0.3333333333,-0.158663134,0.028411,0.480473,-0.389352966
141313,-0.500227897,0.9356322668,-1.297674422,,1.4066802442,1.03188899,,0.6210143556,,,,,1,1,1,0,1,1,0,1,0,0,0,0,6,0.1666666667,0.366218923,0.028411,0.480473,0.7030741277
141315,-0.465523404,0.6083795968,0.1650889017,,0.9017110897,,,,,,-2.008550025,,1,1,1,0,1,0,0,0,0,0,1,0,5,0.2,-0.159778768,0.028411,0.480473,-0.391674913
141316,-0.52501682,0.1720427035,,,,,,,,,0.9304207382,,1,1,0,0,0,0,0,0,0,0,1,0,3,0.3333333333,0.1924822072,0.028411,0.480473,0.3414791889
141317,-0.465523404,0.4992953735,-1.212876548,-0.149781041,,0.5977453531,,,,0.5516815849,1.2977920836,,1,1,1,1,0,1,0,0,0,1,1,0,7,0.1428571429,0.1597619145,0.028411,0.480473,0.2733790629
141318,-0.490312327,0.3902111501,0.5254798656,,0.8269008446,-0.704685558,0.5850010334,0.6210143556,,,-0.355378971,0.7469851548,1,1,1,0,1,1,1,1,0,0,1,1,9,0.1111111111,0.2383572832,0.028411,0.480473,0.4369581163
141319,,0.8810901551,0.3770835864,,0.6959829157,,,,,,0.1956780474,,0,1,1,0,1,0,0,0,0,0,1,0,4,0.25,0.5374586761,0.028411,0.480473,1.0594721856
141320,,-0.91879953,-0.555693026,-0.149781041,0.9952238961,0.5977453531,,-0.237645112,,,-1.457493007,2.1141645141,0,1,1,1,1,1,0,1,0,0,1,1,8,0.125,0.048465256,0.028411,0.480473,0.0417394334
141321,,0.7174638201,0.6102777394,,1.4440853668,,,,,,0.9304207382,,0,1,1,0,1,0,0,0,0,0,1,0,4,0.25,0.9255619161,0.028411,0.480473,1.867224115
141322,2.9603058027,-1.082425865,-0.36489781,-0.964540896,,0.5977453531,,,,,-1.090121662,,1,1,1,1,0,1,0,0,0,0,1,0,6,0.1666666667,0.0093441539,0.028411,0.480473,-0.039682576
141323,0.030255063,0.1720427035,-2.463645188,,0.9952238961,,,,,,-2.559607043,,1,1,1,0,1,0,0,0,0,0,1,0,5,0.2,-0.765146114,0.028411,0.480473,-1.651614514
141324,-0.485354543,0.9356322668,-0.746488242,,,,,,,,-3.110664061,,1,1,1,0,0,0,0,0,0,0,1,0,4,0.25,-0.851718645,0.028411,0.480473,-1.831796285
141325,-0.475438973,0.6083795968,0.5042803971,,0.7333880382,0.1636017162,,,,,0.5630493928,0.4497722506,1,1,1,0,1,1,0,0,0,0,1,1,7,0.1428571429,0.3638617741,0.028411,0.480473,0.6981682383
141326,-0.331663218,1.2628849367,-0.470895152,,0.041393271,1.03188899,-0.199363519,,,,-3.294349734,,1,1,1,0,1,1,1,0,0,0,1,0,7,0.1428571429,-0.280014918,0.028411,0.480473,-0.641920137
141327,-0.396114419,-0.100667855,-1.700464323,,1.462787928,1.03188899,,0.4063494887,,,,1.1630832207,1,1,1,0,1,1,0,1,0,0,0,1,7,0.1428571429,0.2666947187,0.028411,0.480473,0.4959362848
141328,-0.495270112,0.4447532618,0.3770835864,,,,,,,,-3.845406752,,1,1,1,0,0,0,0,0,0,0,1,0,4,0.25,-0.879710004,0.028411,0.480473,-1.890054171
141329,,,-0.152903125,,1.1635469476,0.5977453531,,,,,,,0,0,1,0,1,1,0,0,0,0,0,0,3,0.3333333333,0.5361297252,0.028411,0.480473,1.0567062651
141330,,1.0447164901,-0.152903125,,1.8368391536,0.5977453531,,,-1.732698208,,,,0,1,1,0,1,1,0,0,1,0,0,0,5,0.2,0.3187399326,0.028411,0.480473,0.6042570036
141331,,0.9901743784,1.0766660456,,,,,,,,-1.273807334,,0,1,1,0,0,0,0,0,0,0,1,0,3,0.3333333333,0.2643443632,0.028411,0.480473,0.4910445343
141332,,0.8265480434,-0.110504188,,0.378039374,1.03188899,,,,,,,0,1,1,0,1,1,0,0,0,0,0,0,4,0.25,0.5314930548,0.028411,0.480473,1.0470560508
141333,,0.1720427035,0.2286873071,,,,,,,,,,0,1,1,0,0,0,0,0,0,0,0,0,2,0.5,0.2003650053,0.028411,0.480473,0.3578855074
141334,-0.361409926,1.2628849367,-1.064480269,,0.583767548,0.5977453531,,0.4063494887,,,-2.192235698,0.3903296698,1,1,1,0,1,1,0,1,0,0,1,1,8,0.125,-0.047131112,0.028411,0.480473,-0.157223478
141335,3.1933216822,-1.191510088,0.546679334,0.1994017541,0.8456034059,0.5977453531,,0.6210143556,,,-1.273807334,,1,1,1,1,1,1,0,1,0,0,1,0,8,0.125,0.4423060578,0.028411,0.480473,0.8614328417
141336,-0.52501682,0.7174638201,0.2498867756,,,1.03188899,,,,,-2.375921371,0.7469851548,1,1,1,0,0,1,0,0,0,0,1,1,6,0.1666666667,-0.025785575,0.028411,0.480473,-0.112797416
141337,-0.470481189,0.9901743784,-0.598091963,,0.7707931608,0.5977453531,1.5262384964,,,,0.3793637201,-0.382423881,1,1,1,0,1,1,1,0,0,0,1,1,8,0.125,0.3516647595,0.028411,0.480473,0.6727828227
141338,,0.8265480434,0.2922857125,,0.041393271,0.1636017162,,0.6210143556,,,-2.559607043,,0,1,1,0,1,1,0,1,0,0,1,0,6,0.1666666667,-0.102460657,0.028411,0.480473,-0.272379814
141339,1.0614742743,-0.427920525,0.271086244,,0.6398752319,0.1636017162,,,,,0.0119923747,,1,1,1,0,1,1,0,0,0,0,1,0,6,0.1666666667,0.286684886,0.028411,0.480473,0.5375414417
141340,0.2632709424,1.0992586017,-0.131703657,,0.4528496191,0.1636017162,,-0.094535201,,,-1.090121662,0.2120019273,1,1,1,0,1,1,0,1,0,0,1,1,8,0.125,0.109327786,0.028411,0.480473,0.1684114655
141341,,0.9356322668,-0.08930472,,0.3219316902,,,,,,-0.722750316,,0,1,1,0,1,0,0,0,0,0,1,0,4,0.25,0.1113772302,0.028411,0.480473,0.172676935
141342,3.7188468572,-0.209752078,0.4618814602,,0.7707931608,1.03188899,,-3.386063159,,,-2.743292716,0.7469851548,1,1,1,0,1,1,0,1,0,0,1,1,8,0.125,0.0489109587,0.028411,0.480473,0.0426670662
141343,,0.5538374851,-1.19167708,,0.7894957221,-0.270541921,0.9510378245,0.6210143556,,,0.7467350655,1.8169516099,0,1,1,0,1,1,1,1,0,0,1,1,8,0.125,0.5021066328,0.028411,0.480473,0.9858946468
141344,,0.8810901551,,,,,,,,,-2.743292716,,0,1,0,0,0,0,0,0,0,0,1,0,2,0.5,-0.93110128,0.028411,0.480473,-1.997013862
141345,-0.1432674,0.9356322668,-1.870060071,,0.5276598642,0.1636017162,-0.094781579,,,,1.4814777564,,1,1,1,0,1,1,1,0,0,0,1,0,7,0.1428571429,0.1428946505,0.028411,0.480473,0.2382735455
141346,,1.1538007134,-0.046905783,,,,,,,,1.6651634291,,0,1,1,0,0,0,0,0,0,0,1,0,3,0.3333333333,0.9240194532,0.028411,0.480473,1.864013816
141347,,0.1720427035,-0.322498873,,0.5276598642,,,,,,0.5630493928,,0,1,1,0,1,0,0,0,0,0,1,0,4,0.25,0.2350632719,0.028411,0.480473,0.430102353
141348,-0.336621003,0.3356690385,-0.746488242,,0.7520905995,1.03188899,,0.6210143556,,,-0.539064643,1.8169516099,1,1,1,0,1,1,0,1,0,0,1,1,8,0.125,0.3669300882,0.028411,0.480473,0.7045542624
141349,,1.0992586017,-1.085679738,2.0035128624,,,,,,,0.5630493928,,0,1,1,1,0,0,0,0,0,0,1,0,4,0.25,0.6450352799,0.028411,0.480473,1.2833693353
141350,-0.52501682,0.4992953735,0.2922857125,-2.244877812,,0.5977453531,,,-0.579292022,0.5516815849,-0.355378971,0.8064277357,1,1,1,1,0,1,0,0,1,1,1,1,9,0.1111111111,-0.106347763,0.028411,0.480473,-0.280469973
141351,-0.515101251,0.9356322668,0.2074878387,,1.4440853668,,-0.199363519,,,,0.5630493928,,1,1,1,0,1,0,1,0,0,0,1,0,6,0.1666666667,0.4059650159,0.028411,0.480473,0.7857969188
141352,,,0.0590915594,1.5961329347,-0.519683567,-2.007116468,0.6372920035,,,,,,0,0,1,1,1,1,1,0,0,0,0,0,5,0.2,-0.046856708,0.028411,0.480473,-0.156652366
141353,,,,,0.3593368127,,,,,,-0.171693298,,0,0,0,0,1,0,0,0,0,0,1,0,2,0.5,0.0938217573,0.028411,0.480473,0.1361390615
150001,-0.247380879,0.3356690385,-0.810086648,0.1994017541,0.4902547416,0.5977453531,1.2124926754,0.4063494887,,0.5516815849,0.0119923747,2.173607095,1,1,1,1,1,1,1,1,0,1,1,1,11,0.0909090909,0.4474296891,0.028411,0.480473,0.8720965585
150002,-0.391156634,-0.100667855,-0.470895152,0.7813730793,0.1536086387,1.03188899,0.8987468544,0.6210143556,,0.1409842852,0.0119923747,0.3903296698,1,1,1,1,1,1,1,1,0,1,1,1,11,0.0909090909,0.2788380552,0.028411,0.480473,0.5212099811
150005,-0.029238353,0.9356322668,0.2922857125,-0.382569571,-0.108227219,0.1636017162,1.5262384964,0.6210143556,0.5324247832,0.5516815849,0.0119923747,1.2225258016,1,1,1,1,1,1,1,1,1,1,1,1,12,0.0833333333,0.4447801624,0.028411,0.480473,0.8665821487
150006,-0.272169802,-0.26429419,0.4194825233,0.1412046215,0.041393271,0.5977453531,,0.1916846219,,-0.064364365,-0.355378971,0.3903296698,1,1,1,1,1,1,0,1,0,1,1,1,10,0.1,0.0825632733,0.028411,0.480473,0.1127069918
150007,-0.52501682,0.8810901551,0.1438894333,-1.197329427,0.041393271,-1.138829195,1.0033287947,0.1916846219,,0.5516815849,0.0119923747,-1.452390336,1,1,1,1,1,1,1,1,0,1,1,1,11,0.0909090909,-0.135318686,0.028411,0.480473,-0.340766606
150008,-0.292000941,0.7720059318,-0.152903125,,-0.239145148,0.1636017162,,0.3347945331,,0.1409842852,-1.090121662,0.1525593464,1,1,1,0,1,1,0,1,0,1,1,1,9,0.1111111111,-0.02335834,0.028411,0.480473,-0.107745658
150009,-0.52501682,-0.537004748,-0.258900467,-0.091583909,-0.688006619,-0.704685558,,-0.523864934,,-2.323199513,0.1956780474,0.0336741848,1,1,1,1,1,1,0,1,0,1,1,1,10,0.1,-0.542291034,0.028411,0.480473,-1.187790453
150010,0.8235006101,,0.2286873071,0.8395702119,0.1536086387,0.1636017162,1.107910735,0.2632395775,,-0.269713014,0.3793637201,-0.263538719,1,0,1,1,1,1,1,1,0,1,1,1,10,0.1,0.3426230783,0.028411,0.480473,0.6539645427
150011,-0.465523404,0.7174638201,-0.322498873,2.0035128624,0.583767548,0.5977453531,1.107910735,0.6210143556,-1.149046885,0.5516815849,0.5630493928,-0.679636785,1,1,1,1,1,1,1,1,1,1,1,1,12,0.0833333333,0.3441199754,0.028411,0.480473,0.6570800063
150012,3.0693770655,-1.2460522,-0.682889837,1.5379358022,-0.669304058,-1.138829195,-2.291002326,-1.668744224,,0.5516815849,0.1956780474,0.2714445081,1,1,1,1,1,1,1,1,0,1,1,1,11,0.0909090909,-0.188245894,0.028411,0.480473,-0.450923003
150015,0.9127407342,-0.646088971,0.2922857125,-0.498963836,-0.295252832,0.5977453531,-0.303945459,0.2632395775,,-2.939245463,-0.355378971,-0.025768396,1,1,1,1,1,1,1,1,0,1,1,1,11,0.0909090909,-0.272602959,0.028411,0.480473,-0.626493767
150017,-0.396114419,-1.736931205,0.271086244,0.9559644769,-0.594493812,-1.138829195,,-0.022980245,1.6163486687,0.5516815849,0.5630493928,-0.679636785,1,1,1,1,1,1,0,1,1,1,1,1,11,0.0909090909,-0.055532299,0.028411,0.480473,-0.174708711
150018,0.1442841104,0.8265480434,-0.237700999,0.4321902842,-0.85632967,-0.704685558,0.9510378245,-0.094535201,,0.5516815849,1.4814777564,-0.204096139,1,1,1,1,1,1,1,1,0,1,1,1,11,0.0909090909,0.2081701852,0.028411,0.480473,0.3741302807
150021,-0.520059035,0.2811269268,0.2286873071,0.0248103565,0.1536086387,0.5977453531,,0.5494594,1.5607628284,0.5516815849,0.5630493928,0.5092148315,1,1,1,1,1,1,0,1,1,1,1,1,11,0.0909090909,0.4090988713,0.028411,0.480473,0.7923193528
150022,-0.52501682,0.2811269268,0.1862883702,0.7231759468,1.0139264574,0.5977453531,0.5850010334,-0.237645112,,,-0.906435989,-1.095734851,1,1,1,1,1,1,1,1,0,0,1,1,10,0.1,0.0622431316,0.028411,0.480473,0.0704150652
150023,1.155672183,0.9901743784,0.0802910279,-0.266175306,-0.370063077,0.5977453531,1.2647836455,-0.953194668,1.6997274291,0.3463329351,-0.539064643,-0.204096139,1,1,1,1,1,1,1,1,1,1,1,1,12,0.0833333333,0.3168444266,0.028411,0.480473,0.6003119227
150024,4.1799208315,1.0992586017,-0.195302062,1.3051472721,-0.818924548,-0.270541921,,0.6210143556,,0.1409842852,0.5630493928,-1.03629227,1,1,1,1,1,1,0,1,0,1,1,1,10,0.1,0.5588313938,0.028411,0.480473,1.1039548185
150026,-0.425861127,1.0992586017,-0.237700999,0.1412046215,0.0600958323,0.1636017162,0.5850010334,-0.881639712,,0.5516815849,0.3793637201,-0.144653558,1,1,1,1,1,1,1,1,0,1,1,1,11,0.0909090909,0.1173047013,0.028411,0.480473,0.1850136684
150030,-0.520059035,0.9901743784,-1.022081332,-0.731752366,0.0039881484,0.1636017162,,0.5494594,,0.5516815849,-0.355378971,0.8658703165,1,1,1,1,1,1,0,1,0,1,1,1,10,0.1,0.049550384,0.028411,0.480473,0.0439978899
150034,-0.415945557,0.8265480434,0.1014904963,0.1412046215,-0.145632342,0.5977453531,1.3170746157,0.6210143556,-0.301362821,0.5516815849,-1.090121662,1.1630832207,1,1,1,1,1,1,1,1,1,1,1,1,12,0.0833333333,0.2805649925,0.028411,0.480473,0.524804223
150035,-0.515101251,-1.2460522,-0.195302062,0.1412046215,-0.052119535,0.1636017162,0.1143823019,0.4779044444,0.2544955818,0.5516815849,-0.906435989,-0.798521947,1,1,1,1,1,1,1,1,1,1,1,1,12,0.0833333333,-0.167521894,0.028411,0.480473,-0.407790536
150037,-0.52501682,0.6629217084,0.589078271,-0.498963836,0.041393271,0.1636017162,,0.2632395775,-2.413624752,-0.885758964,-0.171693298,0.7469851548,1,1,1,1,1,1,0,1,1,1,1,1,11,0.0909090909,-0.184348906,0.028411,0.480473,-0.442812277
15003F,-0.06890063,0.2265848151,,,-0.239145148,0.1636017162,,0.4063494887,,,,-1.868488402,1,1,0,0,1,1,0,1,0,0,0,1,6,0.1666666667,-0.229999693,0.028411,0.480473,-0.537824396
150042,0.3078910045,0.7720059318,-0.810086648,0.1412046215,0.6024701093,0.5977453531,1.107910735,0.4779044444,,0.5516815849,-0.906435989,0.5092148315,1,1,1,1,1,1,1,1,0,1,1,1,11,0.0909090909,0.3046823618,0.028411,0.480473,0.5749992474
150044,-0.262254233,0.5538374851,0.6314772079,0.3157960191,-0.631898935,-1.572972831,0.9510378245,0.6210143556,0.0043593005,0.1409842852,-0.539064643,0.330887089,1,1,1,1,1,1,1,1,1,1,1,1,12,0.0833333333,0.0452669104,0.028411,0.480473,0.0350827773
150045,-0.515101251,0.6083795968,0.8010729556,,0.3967419353,0.5977453531,1.0033287947,0.4063494887,,0.5516815849,0.5630493928,1.1630832207,1,1,1,0,1,1,1,1,0,1,1,1,10,0.1,0.5576331072,0.028411,0.480473,1.1014608472
150046,-0.366367711,-1.136967976,-0.068105251,,0.0039881484,0.5977453531,,0.6210143556,,0.5516815849,-0.906435989,-0.085210977,1,1,1,0,1,1,0,1,0,1,1,1,9,0.1111111111,-0.087628718,0.028411,0.480473,-0.241510379
150047,-0.445692265,-1.409678535,0.5254798656,-0.789949499,0.714685477,0.1636017162,,0.6210143556,,,0.5630493928,0.0336741848,1,1,1,1,1,1,0,1,0,0,1,1,9,0.1111111111,-0.002646145,0.028411,0.480473,-0.064637759
150048,0.0054661396,1.0447164901,-0.407296747,-0.382569571,0.4154444965,0.1636017162,-0.042490609,0.6210143556,-0.454223882,0.5516815849,-0.539064643,0.8658703165,1,1,1,1,1,1,1,1,1,1,1,1,12,0.0833333333,0.1535124706,0.028411,0.480473,0.2603722136
15004F,-0.168056324,-0.209752078,,,,1.03188899,,0.6210143556,,,,,1,1,0,0,0,1,0,1,0,0,0,0,4,0.25,0.3187737359,0.028411,0.480473,0.6043273577
150051,-0.480396758,0.1720427035,0.4406819917,0.083007489,-1.080760406,-0.704685558,-0.251654489,0.5494594,,0.5516815849,0.0119923747,-1.03629227,1,1,1,1,1,1,1,1,0,1,1,1,11,0.0909090909,-0.158629449,0.028411,0.480473,-0.389282857
150056,-0.495270112,-0.100667855,-0.449695684,-0.615358101,-0.594493812,-0.270541921,,0.4779044444,0.1294274411,0.5516815849,-0.722750316,-1.74960324,1,1,1,1,1,1,0,1,1,1,1,1,11,0.0909090909,-0.349033416,0.028411,0.480473,-0.78556703
150057,-0.440734481,-0.537004748,0.4618814602,-2.826849137,0.583767548,0.5977453531,-0.199363519,0.6210143556,,0.5516815849,-0.722750316,-0.144653558,1,1,1,1,1,1,1,1,0,1,1,1,11,0.0909090909,-0.186842314,0.028411,0.480473,-0.44800176
150058,0.0996640483,0.9356322668,-0.280099936,-0.557160969,-0.12692978,-1.572972831,-2.604748147,-0.881639712,,0.3463329351,1.1141064109,-0.917407109,1,1,1,1,1,1,1,1,0,1,1,1,11,0.0909090909,-0.404111166,0.028411,0.480473,-0.900199309
150059,-0.490312327,0.4447532618,-0.08930472,-2.012089282,0.9765213348,1.03188899,,-0.881639712,-0.1346053,-0.475061664,0.1956780474,0.3903296698,1,1,1,1,1,1,0,1,1,1,1,1,11,0.0909090909,-0.0948947,0.028411,0.480473,-0.25663293
150061,-0.490312327,0.1720427035,-0.894884521,2.0035128624,0.9391162123,0.5977453531,,-0.380755023,,-0.269713014,1.2977920836,-0.501309043,1,1,1,1,1,1,0,1,0,1,1,1,10,0.1,0.2473235286,0.028411,0.480473,0.4556193933
150065,-0.306874295,-1.682389093,-0.046905783,-0.266175306,0.2658240063,-0.704685558,-0.199363519,0.4779044444,,-0.269713014,1.2977920836,-0.025768396,1,1,1,1,1,1,1,1,0,1,1,1,11,0.0909090909,-0.132759494,0.028411,0.480473,-0.335440208
150069,-0.336621003,0.6629217084,0.2498867756,0.3739931517,-0.257847709,-1.138829195,0.5327100632,0.5494594,,0.5516815849,-0.171693298,0.0931167656,1,1,1,1,1,1,1,1,0,1,1,1,11,0.0909090909,0.1007980223,0.028411,0.480473,0.1506586297
150072,-0.341578787,0.1175005918,-0.555693026,-0.731752366,-0.332657955,-0.704685558,,0.6210143556,,0.1409842852,1.6651634291,1.1036406399,1,1,1,1,1,1,0,1,0,1,1,1,10,0.1,0.098193561,0.028411,0.480473,0.1452380137
150074,-0.52501682,0.9356322668,0.5042803971,-0.789949499,-0.108227219,-0.704685558,-0.199363519,-1.668744224,0.5880106234,0.5516815849,0.1956780474,-1.74960324,1,1,1,1,1,1,1,1,1,1,1,1,12,0.0833333333,-0.247525597,0.028411,0.480473,-0.574300727
150075,0.0352128476,0.0629584801,-0.174102594,,0.9952238961,0.5977453531,,0.4779044444,,-0.475061664,1.6651634291,-0.025768396,1,1,1,0,1,1,0,1,0,1,1,1,9,0.1111111111,0.351030644,0.028411,0.480473,0.6714630502
150076,3.3073507296,-2.173268098,-0.682889837,2.0035128624,0.3032291289,-1.138829195,0.0098003615,0.0485747107,,,-0.355378971,1.4008535441,1,1,1,1,1,1,1,1,0,0,1,1,10,0.1,0.2722955237,0.028411,0.480473,0.5075931342
150082,0.4814134679,0.7174638201,0.0590915594,-0.557160969,-0.201740026,-0.704685558,-2.291002326,0.6210143556,-0.14850176,,-0.906435989,0.4497722506,1,1,1,1,1,1,1,1,1,0,1,1,11,0.0909090909,-0.225524652,0.028411,0.480473,-0.528510578
150084,-0.505185681,,0.1650889017,0.1412046215,0.5650649868,0.5977453531,,0.2632395775,,0.3463329351,-0.171693298,-0.798521947,1,0,1,1,1,1,0,1,0,1,1,1,9,0.1111111111,0.0670306055,0.028411,0.480473,0.0803791441
150086,-0.044111707,0.9901743784,0.2498867756,0.8395702119,0.3406342514,0.1636017162,1.5262384964,-0.022980245,,0.5516815849,-1.64117868,-0.560751624,1,1,1,1,1,1,1,1,0,1,1,1,11,0.0909090909,0.2175241054,0.028411,0.480473,0.3935984177
150088,3.1338282662,,0.1862883702,-0.324372439,-0.85632967,-0.704685558,,0.1201296663,,-0.064364365,0.0119923747,-0.679636785,1,0,1,1,1,1,0,1,0,1,1,1,9,0.1111111111,0.0914277623,0.028411,0.480473,0.1311564849
150089,-0.500227897,0.1175005918,0.0802910279,0.6067816818,-0.893734793,-0.270541921,0.4281281229,-0.309200067,,0.5516815849,0.0119923747,-1.630718079,1,1,1,1,1,1,1,1,0,1,1,1,11,0.0909090909,-0.164367943,0.028411,0.480473,-0.401226276
150090,-0.415945557,-0.59154686,0.6102777394,0.5485845492,0.0039881484,-0.270541921,0.6372920035,,,0.5516815849,0.0119923747,0.2120019273,1,1,1,1,1,1,1,0,0,1,1,1,10,0.1,0.129778399,0.028411,0.480473,0.2109749393
150091,-0.510143466,0.5538374851,0.4618814602,,0.4902547416,0.5977453531,,0.4063494887,,0.5516815849,0.5630493928,0.8658703165,1,1,1,0,1,1,0,1,0,1,1,1,9,0.1111111111,0.4422807063,0.028411,0.480473,0.8613800781
150097,-0.515101251,0.9901743784,-0.36489781,1.3051472721,0.378039374,1.03188899,-0.826855161,-0.59541989,,-0.064364365,0.3793637201,0.5092148315,1,1,1,1,1,1,1,1,0,1,1,1,11,0.0909090909,0.2024718263,0.028411,0.480473,0.3622703941
150100,-0.510143466,,-0.36489781,-0.906343764,0.0039881484,0.5977453531,,-0.022980245,1.296730087,0.5516815849,-0.355378971,-0.382423881,1,0,1,1,1,1,0,1,1,1,1,1,10,0.1,-0.009202296,0.028411,0.480473,-0.078282952
150101,-0.510143466,0.6083795968,0.546679334,,0.7333880382,1.03188899,1.5262384964,0.6210143556,,-0.269713014,1.1141064109,0.7469851548,1,1,1,0,1,1,1,1,0,1,1,1,10,0.1,0.6148823896,0.028411,0.480473,1.2206126954
150102,-0.272169802,-1.791473316,0.546679334,,0.6959829157,0.5977453531,,0.6210143556,,,-2.008550025,-0.3229813,1,1,1,0,1,1,0,1,0,0,1,1,8,0.125,-0.241719061,0.028411,0.480473,-0.562215694
150104,-0.192845247,0.8810901551,-0.025706314,0.0248103565,0.7520905995,0.5977453531,,-0.881639712,,0.5516815849,-0.355378971,0.9847554782,1,1,1,1,1,1,0,1,0,1,1,1,10,0.1,0.2336603283,0.028411,0.480473,0.427182433
150109,-0.515101251,0.2265848151,0.6526766764,-0.207978174,-0.183037464,-0.270541921,0.7418739439,0.0485747107,,0.5516815849,0.0119923747,-1.095734851,1,1,1,1,1,1,1,1,0,1,1,1,11,0.0909090909,-0.003546323,0.028411,0.480473,-0.066511282
150112,-0.52501682,0.7174638201,0.0166926225,0.8977673444,-0.108227219,0.1636017162,0.2189642422,0.5494594,,0.5516815849,0.3793637201,1.4008535441,1,1,1,1,1,1,1,1,0,1,1,1,11,0.0909090909,0.3875094505,0.028411,0.480473,0.7473856998
150113,-0.52501682,0.9356322668,0.0802910279,1.072358742,0.1536086387,0.1636017162,0.2189642422,-0.59541989,,0.5516815849,0.0119923747,-0.620194204,1,1,1,1,1,1,1,1,0,1,1,1,11,0.0909090909,0.1315908799,0.028411,0.480473,0.2147472216
150115,-0.475438973,0.7720059318,-0.004506846,-0.615358101,-0.014714413,0.5977453531,,0.0485747107,0.8520433648,0.5516815849,-0.906435989,0.8658703165,1,1,1,1,1,1,0,1,1,1,1,1,11,0.0909090909,0.1519515399,0.028411,0.480473,0.2571234781
150125,-0.515101251,0.8265480434,-0.174102594,0.2575988866,0.0975009548,0.1636017162,1.5262384964,0.6210143556,-0.315259281,0.5516815849,-0.906435989,0.5092148315,1,1,1,1,1,1,1,1,1,1,1,1,12,0.0833333333,0.2202083129,0.028411,0.480473,0.399185008
150126,-0.500227897,-0.155209967,0.313485181,-1.022738029,-0.482278445,,0.9510378245,0.4063494887,-0.17629468,0.5516815849,0.1956780474,0.3903296698,1,1,1,1,1,0,1,1,1,1,1,1,11,0.0909090909,0.0428920708,0.028411,0.480473,0.0301400687
150128,-0.52501682,0.8810901551,0.6102777394,0.1994017541,-0.650601496,-1.572972831,0.6895829737,0.3347945331,,0.3463329351,-0.171693298,-2.046816145,1,1,1,1,1,1,1,1,0,1,1,1,11,0.0909090909,-0.173238227,0.028411,0.480473,-0.419687831
150133,-0.52501682,-1.409678535,0.5678788025,1.188753007,0.1162035161,1.03188899,0.5327100632,-0.166090156,,-0.475061664,1.1141064109,0.0336741848,1,1,1,1,1,1,1,1,0,1,1,1,11,0.0909090909,0.1826697999,0.028411,0.480473,0.3210568113
150146,-0.505185681,0.6083795968,0.5678788025,,0.7707931608,0.1636017162,,0.6210143556,,0.5516815849,-0.355378971,1.4008535441,1,1,1,0,1,1,0,1,0,1,1,1,9,0.1111111111,0.4248486787,0.028411,0.480473,0.825099129
150149,-0.520059035,0.9356322668,,,0.4902547416,1.03188899,,,,0.1409842852,2.3999061199,,1,1,0,0,1,1,0,0,0,1,1,0,6,0.1666666667,0.7464345614,0.028411,0.480473,1.4944097411
150150,-0.52501682,-1.791473316,-0.025706314,2.0035128624,0.6211726706,0.1636017162,,0.3347945331,,-0.680410314,1.4814777564,0.3903296698,1,1,1,1,1,1,0,1,0,1,1,1,10,0.1,0.1972282443,0.028411,0.480473,0.3513570261
150153,-0.470481189,,,0.4903874167,-1.080760406,1.03188899,,,,,0.3793637201,,1,0,0,1,1,1,0,0,0,0,1,0,5,0.2,0.0700797065,0.028411,0.480473,0.0867251804
150157,-0.495270112,,0.4406819917,,-0.295252832,0.5977453531,,0.6210143556,,-0.475061664,0.7467350655,-0.679636785,1,0,1,0,1,1,0,1,0,1,1,1,8,0.125,0.0576194215,0.028411,0.480473,0.060791825
150158,-0.500227897,0.6629217084,-0.131703657,0.3739931517,-1.510919315,0.1636017162,0.4281281229,0.3347945331,,0.5516815849,0.1956780474,-0.798521947,1,1,1,1,1,1,1,1,0,1,1,1,11,0.0909090909,-0.020961268,0.028411,0.480473,-0.102756678
150160,0.2037775264,0.8265480434,,,,,,,0.2267026616,,-0.355378971,,1,1,0,0,0,0,0,0,1,0,1,0,4,0.25,0.2254123152,0.028411,0.480473,0.4100159994
150161,-0.495270112,0.0629584801,0.037892091,-1.139132294,-0.688006619,0.1636017162,,0.3347945331,,-0.064364365,0.3793637201,-0.204096139,1,1,1,1,1,1,0,1,0,1,1,1,10,0.1,-0.161225899,0.028411,0.480473,-0.394686799
150162,-0.465523404,0.0629584801,0.313485181,0.083007489,-1.192975773,-0.704685558,1.1602017052,0.6210143556,-0.704360163,0.5516815849,0.0119923747,-1.333505175,1,1,1,1,1,1,1,1,1,1,1,1,12,0.0833333333,-0.133059075,0.028411,0.480473,-0.336063722
150165,-0.505185681,-1.027883753,0.4194825233,0.1412046215,0.3406342514,0.1636017162,,0.5494594,,,-1.090121662,-0.382423881,1,1,1,1,1,1,0,1,0,0,1,1,9,0.1111111111,-0.154581385,0.028411,0.480473,-0.380857698
150166,-0.148225185,-1.791473316,-0.216501531,,,,,,,,,,1,1,1,0,0,0,0,0,0,0,0,0,3,0.3333333333,-0.718733344,0.028411,0.480473,-1.555016495
150167,-0.515101251,0.7720059318,,,,,,,,,-4.212778098,,1,1,0,0,0,0,0,0,0,0,1,0,3,0.3333333333,-1.318624472,0.028411,0.480473,-2.803558548
150168,-0.148225185,-0.59154686,,,,,,,-0.940599984,,-2.192235698,,1,1,0,0,0,0,0,0,1,0,1,0,4,0.25,-0.968151932,0.028411,0.480473,-2.074126682
150169,-0.52501682,0.9901743784,0.2074878387,,-0.70670918,-0.270541921,1.2647836455,0.6210143556,0.0877380609,0.3463329351,0.1956780474,-2.165701306,1,1,1,0,1,1,1,1,1,1,1,1,11,0.0909090909,0.0041127304,0.028411,0.480473,-0.050570639
150172,-0.515101251,-0.046125743,,,,,,-0.237645112,,,0.1956780474,,1,1,0,0,0,0,0,1,0,0,1,0,4,0.25,-0.150798515,0.028411,0.480473,-0.372984481
150173,-0.515101251,-0.318836301,0.2286873071,0.1994017541,-0.313955393,-0.270541921,0.6895829737,0.5494594,,0.5516815849,0.5630493928,-0.025768396,1,1,1,1,1,1,1,1,0,1,1,1,11,0.0909090909,0.1216053773,0.028411,0.480473,0.193964584
150177,-0.490312327,0.8265480434,,,,,,,,,1.8488491018,,1,1,0,0,0,0,0,0,0,0,1,0,3,0.3333333333,0.728361606,0.028411,0.480473,1.456794841
150179,-0.52501682,0.9901743784,,,,,,,,,,,1,1,0,0,0,0,0,0,0,0,0,0,2,0.5,0.2325787792,0.028411,0.480473,0.4249314254
150181,-0.485354543,,-0.195302062,,0.4528496191,0.5977453531,,0.4779044444,,0.5516815849,0.7467350655,-0.857964528,1,0,1,0,1,1,0,1,0,1,1,1,8,0.125,0.1610368668,0.028411,0.480473,0.2760325969
150183,-0.52501682,0.7174638201,0.822272424,,0.9952238961,0.5977453531,,0.6210143556,,,0.0119923747,0.687542574,1,1,1,0,1,1,0,1,0,0,1,1,8,0.125,0.4910297472,0.028411,0.480473,0.9628405344
150193,-0.455607835,-0.318836301,,,,,,,,,-2.192235698,,1,1,0,0,0,0,0,0,0,0,1,0,3,0.3333333333,-0.988893278,0.028411,0.480473,-2.117295253
151300,-0.168056324,0.6629217084,0.6314772079,,,,,,,,,,1,1,1,0,0,0,0,0,0,0,0,0,3,0.3333333333,0.3754475308,0.028411,0.480473,0.7222814547
151301,,1.0447164901,-1.297674422,,1.05133158,0.5977453531,,-0.452309979,,0.5516815849,1.4814777564,,0,1,1,0,1,1,0,1,0,1,1,0,7,0.1428571429,0.4252811948,0.028411,0.480473,0.8259993165
151303,,0.9356322668,0.5254798656,,0.8830085285,0.1636017162,,0.6210143556,,,0.3793637201,,0,1,1,0,1,1,0,1,0,0,1,0,6,0.1666666667,0.5846834088,0.028411,0.480473,1.157760128
151304,-0.440734481,-0.427920525,0.0166926225,,1.2383571927,0.5977453531,,,,,1.1141064109,-0.263538719,1,1,1,0,1,1,0,0,0,0,1,1,7,0.1428571429,0.262101122,0.028411,0.480473,0.4863757189
151305,-0.187887462,1.0992586017,0.6950756133,,0.8269008446,1.03188899,,0.6210143556,,,0.5630493928,2.0547219333,1,1,1,0,1,1,0,1,0,0,1,1,8,0.125,0.8380027836,0.028411,0.480473,1.6849889493
151306,-0.52501682,0.5538374851,0.2498867756,,0.5276598642,0.5977453531,,,,,0.3793637201,0.4497722506,1,1,1,0,1,1,0,0,0,0,1,1,7,0.1428571429,0.3190355184,0.028411,0.480473,0.6048722006
151307,,0.7174638201,0.7586740187,,0.920413651,1.03188899,,0.2632395775,,,-0.171693298,,0,1,1,0,1,1,0,1,0,0,1,0,6,0.1666666667,0.5866644599,0.028411,0.480473,1.1618832522
151308,,1.0992586017,0.3558841179,,1.1261418251,0.5977453531,,0.4063494887,,,0.7467350655,,0,1,1,0,1,1,0,1,0,0,1,0,6,0.1666666667,0.7220190753,0.028411,0.480473,1.443594252
151309,,0.9901743784,-1.488469638,,0.6398752319,-0.704685558,,-4.745607316,,,0.3793637201,,0,1,1,0,1,1,0,1,0,0,1,0,6,0.1666666667,-0.821558197,0.028411,0.480473,-1.769023915
151310,-0.515101251,0.4992953735,0.2498867756,,0.2845265676,0.5977453531,1.5262384964,0.6210143556,,,0.1956780474,-0.560751624,1,1,1,0,1,1,1,1,0,0,1,1,9,0.1111111111,0.3220591216,0.028411,0.480473,0.6111651689
151311,-0.52501682,0.4447532618,-0.216501531,,1.1074392638,1.03188899,,,,,-0.355378971,0.8658703165,1,1,1,0,1,1,0,0,0,0,1,1,7,0.1428571429,0.3361506444,0.028411,0.480473,0.6404935885
151312,-0.490312327,0.1175005918,0.3982830548,,1.1635469476,1.03188899,1.107910735,0.1201296663,,,0.0119923747,0.5092148315,1,1,1,0,1,1,1,1,0,0,1,1,9,0.1111111111,0.4411283183,0.028411,0.480473,0.8589816346
151313,-0.490312327,0.8265480434,0.7798734871,0.8395702119,,,,,,,,,1,1,1,1,0,0,0,0,0,0,0,0,4,0.25,0.4889198538,0.028411,0.480473,0.9584492531
151314,,0.8265480434,1.0342671087,,1.0887367025,0.1636017162,,-0.666974846,,,,,0,1,1,0,1,1,0,1,0,0,0,0,5,0.2,0.489235745,0.028411,0.480473,0.9591067117
151315,-0.073858415,0.4992953735,0.7798734871,,-0.183037464,0.5977453531,0.8987468544,,,0.5516815849,0.0119923747,1.3414109632,1,1,1,0,1,1,1,0,0,1,1,1,9,0.1111111111,0.4915389013,0.028411,0.480473,0.9639002272
151316,-0.505185681,0.7174638201,0.3346846494,,1.3505725604,0.5977453531,,0.6210143556,,,0.0119923747,0.9253128974,1,1,1,0,1,1,0,1,0,0,1,1,8,0.125,0.5067000412,0.028411,0.480473,0.9954548207
151317,-0.460565619,0.8265480434,0.7162750817,,,,,,,,-1.090121662,,1,1,1,0,0,0,0,0,0,0,1,0,4,0.25,-0.001966039,0.028411,0.480473,-0.063222266
151318,-0.15318297,-0.646088971,0.589078271,-0.440766704,0.5650649868,0.5977453531,,0.3347945331,,,0.0119923747,-1.155177432,1,1,1,1,1,1,0,1,0,0,1,1,9,0.1111111111,-0.032948951,0.028411,0.480473,-0.127706415
151319,0.6400625773,0.6083795968,-0.449695684,,1.1635469476,,,,,,-0.722750316,,1,1,1,0,1,0,0,0,0,0,1,0,5,0.2,0.2479086244,0.028411,0.480473,0.4568371421
151320,-0.52501682,0.3356690385,0.1650889017,,0.9017110897,0.5977453531,,0.1916846219,,,-0.539064643,1.044198059,1,1,1,0,1,1,0,1,0,0,1,1,8,0.125,0.2715019501,0.028411,0.480473,0.5059414843
151322,,0.7720059318,-1.403671764,-0.440766704,0.5463624255,,,,,,0.9304207382,-0.917407109,0,1,1,1,1,0,0,0,0,0,1,1,6,0.1666666667,-0.085509414,0.028411,0.480473,-0.237099511
151323,-0.500227897,0.6629217084,0.7162750817,,0.8269008446,1.03188899,,0.4779044444,,,0.1956780474,1.1630832207,1,1,1,0,1,1,0,1,0,0,1,1,8,0.125,0.5718030551,0.028411,0.480473,1.1309524916
151324,-0.500227897,0.0629584801,0.4618814602,,1.0887367025,1.03188899,,-0.094535201,,,-0.906435989,0.2714445081,1,1,1,0,1,1,0,1,0,0,1,1,8,0.125,0.1769638818,0.028411,0.480473,0.3091811919
151325,-0.52501682,0.8810901551,-0.788887179,,1.4440853668,0.5977453531,,,,,0.9304207382,,1,1,1,0,1,1,0,0,0,0,1,0,6,0.1666666667,0.4232396023,0.028411,0.480473,0.8217501887
151326,0.8036694714,0.9901743784,0.4406819917,,0.3593368127,0.5977453531,,,,,-1.273807334,1.5791812866,1,1,1,0,1,1,0,0,0,0,1,1,7,0.1428571429,0.4995688514,0.028411,0.480473,0.9806128104
151327,-0.465523404,0.9901743784,-0.513294089,,0.2284188838,0.5977453531,,,,,0.9304207382,-0.620194204,1,1,1,0,1,1,0,0,0,0,1,1,7,0.1428571429,0.1639639509,0.028411,0.480473,0.2821246816
151328,-0.520059035,0.4447532618,-0.576892494,1.2469501395,0.0975009548,0.5977453531,-2.291002326,,,,-0.539064643,-0.620194204,1,1,1,1,1,1,1,0,0,0,1,1,9,0.1111111111,-0.240029222,0.028411,0.480473,-0.558698663
151329,,-0.427920525,-2.527243593,-2.070286414,1.0139264574,0.5977453531,1.107910735,-0.59541989,,-0.680410314,0.5630493928,0.0336741848,0,1,1,1,1,1,1,1,0,1,1,1,10,0.1,-0.298497461,0.028411,0.480473,-0.680387504
151330,-0.52501682,-0.26429419,0.589078271,-3.35062333,0.8269008446,0.5977453531,,-0.666974846,-0.885014144,-0.064364365,0.3793637201,0.8064277357,1,1,1,1,1,1,0,1,1,1,1,1,11,0.0909090909,-0.232433797,0.028411,0.480473,-0.54289045
151331,,0.7720059318,-0.068105251,0.1412046215,-0.183037464,-0.270541921,,,,-1.091107614,1.6651634291,0.0336741848,0,1,1,1,1,1,0,0,0,1,1,1,8,0.125,0.1249069896,0.028411,0.480473,0.2008361672
151332,,0.7174638201,0.1438894333,1.1305558745,0.9765213348,0.5977453531,,0.5494594,,0.5516815849,-0.171693298,1.1036406399,0,1,1,1,1,1,0,1,0,1,1,1,9,0.1111111111,0.6221404603,0.028411,0.480473,1.2357187805
151333,-0.465523404,0.6083795968,-0.301299404,2.0035128624,0.6959829157,0.5977453531,,,,,0.1956780474,,1,1,1,1,1,1,0,0,0,0,1,0,7,0.1428571429,0.4763537096,0.028411,0.480473,0.932295575
151334,,0.8265480434,-1.000881864,,0.7333880382,0.1636017162,,0.6210143556,,,-0.355378971,-0.620194204,0,1,1,0,1,1,0,1,0,0,1,1,7,0.1428571429,0.0525853021,0.028411,0.480473,0.0503144075
160001,-0.212676386,0.2811269268,0.7374745502,,0.1723111999,-0.704685558,0.3235461825,0.6210143556,,,-0.722750316,1.044198059,1,1,1,0,1,1,1,1,0,0,1,1,9,0.1111111111,0.1710621127,0.028411,0.480473,0.2968979515
160013,-0.445692265,-0.209752078,0.8010729556,,0.1349060774,-0.270541921,0.7418739439,0.4779044444,,,-0.171693298,0.330887089,1,1,1,0,1,1,1,1,0,0,1,1,9,0.1111111111,0.1543294387,0.028411,0.480473,0.2620725536
160016,-0.257296448,0.2811269268,0.1014904963,,-0.295252832,-2.007116468,,0.6210143556,,0.1409842852,-0.906435989,-1.452390336,1,1,1,0,1,1,0,1,0,1,1,1,9,0.1111111111,-0.419319557,0.028411,0.480473,-0.931852245
160028,-0.505185681,1.0447164901,0.7162750817,-0.964540896,-0.220442587,-0.704685558,,0.5494594,,-0.269713014,0.0119923747,0.8064277357,1,1,1,1,1,1,0,1,0,1,1,1,10,0.1,0.0464303345,0.028411,0.480473,0.03750419
160029,-0.326705433,-0.209752078,0.5254798656,,0.1536086387,0.1636017162,,-0.452309979,,0.3463329351,,0.330887089,1,1,1,0,1,1,0,1,0,1,0,1,8,0.125,0.0663928443,0.028411,0.480473,0.0790517838
160030,-0.386198849,0.9901743784,1.0978655141,0.3157960191,0.3406342514,1.03188899,,0.3347945331,,0.5516815849,0.3793637201,-0.441866462,1,1,1,1,1,1,0,1,0,1,1,1,10,0.1,0.421413368,0.028411,0.480473,0.8179492817
160032,4.2394142475,-0.59154686,0.9706687033,-0.789949499,0.3406342514,0.1636017162,0.2189642422,0.6210143556,,0.5516815849,0.3793637201,0.0336741848,1,1,1,1,1,1,1,1,0,1,1,1,11,0.0909090909,0.5579564225,0.028411,0.480473,1.1021337572
160033,0.4318356212,-0.046125743,1.0978655141,0.6649788143,-0.594493812,-2.441260105,0.8464558842,0.6210143556,0.5185283231,0.5516815849,0.7467350655,-0.085210977,1,1,1,1,1,1,1,1,1,1,1,1,12,0.0833333333,0.1926670438,0.028411,0.480473,0.3418638857
16003F,-0.232507525,0.8810901551,,,,1.03188899,,,,,,0.4497722506,1,1,0,0,0,1,0,0,0,0,0,1,4,0.25,0.5325609678,0.028411,0.480473,1.0492786779
160040,0.0500862017,0.6629217084,-0.449695684,,0.9578187736,0.5977453531,,0.6210143556,,,-0.539064643,0.4497722506,1,1,1,0,1,1,0,1,0,0,1,1,8,0.125,0.2938247895,0.028411,0.480473,0.5524015876
160045,-0.396114419,0.4992953735,0.546679334,0.4903874167,-0.70670918,-0.270541921,-0.042490609,0.6210143556,-0.02343362,0.1409842852,0.1956780474,-0.97684969,1,1,1,1,1,1,1,1,1,1,1,1,12,0.0833333333,0.0064916146,0.028411,0.480473,-0.045619512
160047,-0.272169802,0.3356690385,-0.046905783,1.072358742,0.378039374,0.1636017162,,0.1201296663,,-1.912502213,0.5630493928,0.5686574123,1,1,1,1,1,1,0,1,0,1,1,1,10,0.1,0.0969927544,0.028411,0.480473,0.1427387977
16004F,0.000508355,-0.046125743,,,,1.03188899,,,,,,-2.700684534,1,1,0,0,0,1,0,0,0,0,0,1,4,0.25,-0.428603233,0.028411,0.480473,-0.951174185
160057,-0.396114419,-0.046125743,-0.301299404,1.4797386696,0.3406342514,0.1636017162,0.9510378245,0.5494594,0.2405991217,0.5516815849,0.3793637201,0.330887089,1,1,1,1,1,1,1,1,1,1,1,1,12,0.0833333333,0.3536219843,0.028411,0.480473,0.6768563576
160058,0.7144293474,0.3356690385,0.5678788025,0.1412046215,-1.305191141,-2.007116468,,0.2632395775,-0.343052201,0.1409842852,0.1956780474,-0.025768396,1,1,1,1,1,1,0,1,1,1,1,1,11,0.0909090909,-0.120185862,0.028411,0.480473,-0.309270948
160064,-0.52501682,-0.482462636,-0.725288774,0.8395702119,-0.070822097,-0.704685558,-0.879146131,0.6210143556,,0.1409842852,-0.355378971,-0.560751624,1,1,1,1,1,1,1,1,0,1,1,1,11,0.0909090909,-0.245634887,0.028411,0.480473,-0.570365629
160067,-0.356452141,0.4992953735,0.1438894333,-0.033386776,-0.931139915,-1.138829195,,0.5494594,-0.1346053,0.5516815849,0.7467350655,0.9253128974,1,1,1,1,1,1,0,1,1,1,1,1,11,0.0909090909,0.0747236752,0.028411,0.480473,0.0963905845
160069,-0.52501682,-0.59154686,1.0342671087,,-0.351360516,-0.704685558,0.5850010334,0.2632395775,,-0.064364365,-0.722750316,-0.3229813,1,1,1,0,1,1,1,1,0,1,1,1,10,0.1,-0.140019801,0.028411,0.480473,-0.35055095
160079,0.0252972783,0.0629584801,0.0166926225,-0.964540896,0.1910137612,0.1636017162,0.480419093,0.3347945331,,-0.475061664,-0.355378971,-0.798521947,1,1,1,1,1,1,1,1,0,1,1,1,11,0.0909090909,-0.119884181,0.028411,0.480473,-0.308643065
160080,-0.296958725,-0.91879953,0.313485181,1.188753007,0.5089573029,0.1636017162,0.8987468544,-0.523864934,,-1.707153563,0.0119923747,0.5092148315,1,1,1,1,1,1,1,1,0,1,1,1,11,0.0909090909,0.0134522286,0.028411,0.480473,-0.031132518
160082,-0.331663218,-0.59154686,0.7798734871,0.1994017541,-0.631898935,-2.007116468,-0.199363519,-0.452309979,,0.5516815849,0.1956780474,-0.620194204,1,1,1,1,1,1,1,1,0,1,1,1,11,0.0909090909,-0.28249621,0.028411,0.480473,-0.647084403
160083,-0.366367711,-1.136967976,0.9918681717,0.5485845492,-1.323893702,-0.704685558,-1.402055833,-0.166090156,,0.5516815849,0.5630493928,0.0336741848,1,1,1,1,1,1,1,1,0,1,1,1,11,0.0909090909,-0.219200278,0.028411,0.480473,-0.515347776
160089,-0.262254233,0.0629584801,-3.714413827,,-0.594493812,-0.704685558,1.107910735,0.4063494887,,0.5516815849,0.9304207382,0.8064277357,1,1,1,0,1,1,1,1,0,1,1,1,10,0.1,-0.141009867,0.028411,0.480473,-0.352611554
160101,-0.460565619,1.0992586017,-0.958482927,,-0.875032232,-2.441260105,,0.2632395775,,-0.064364365,0.7467350655,0.2120019273,1,1,1,0,1,1,0,1,0,1,1,1,9,0.1111111111,-0.275385564,0.028411,0.480473,-0.63228515
160104,-0.420903342,-0.155209967,1.0342671087,,-0.370063077,-2.875403742,,-0.022980245,,0.5516815849,0.5630493928,-0.263538719,1,1,1,0,1,1,0,1,0,1,1,1,9,0.1111111111,-0.21767789,0.028411,0.480473,-0.512179259
160110,-0.440734481,0.0629584801,-1.000881864,0.1994017541,0.4154444965,0.1636017162,-0.46081837,,,0.5516815849,0.0119923747,-0.085210977,1,1,1,1,1,1,1,0,0,1,1,1,10,0.1,-0.058256528,0.028411,0.480473,-0.180378597
160112,-0.182929678,-2.282352321,-0.555693026,,0.8830085285,1.03188899,-1.820383594,0.3347945331,0.3378743422,0.5516815849,0.0119923747,0.5092148315,1,1,1,0,1,1,1,1,1,1,1,1,11,0.0909090909,-0.107354858,0.028411,0.480473,-0.28256602
160117,-0.401072203,1.0992586017,0.822272424,0.4321902842,0.3406342514,0.1636017162,0.9510378245,,,0.1409842852,-0.355378971,-0.620194204,1,1,1,1,1,1,1,0,0,1,1,1,10,0.1,0.2573334009,0.028411,0.480473,0.4764527511
160124,3.2726462369,0.7174638201,-1.106879206,,1.0326290187,0.5977453531,,0.5494594,,0.5516815849,-0.171693298,1.1630832207,1,1,1,0,1,1,0,1,0,1,1,1,9,0.1111111111,0.7340151256,0.028411,0.480473,1.4685614045
160146,-0.490312327,0.2811269268,0.5678788025,-0.091583909,-0.370063077,-0.704685558,,,,0.5516815849,-0.355378971,-0.501309043,1,1,1,1,1,1,0,0,0,1,1,1,9,0.1111111111,-0.123627286,0.028411,0.480473,-0.316433517
160147,-0.510143466,0.9356322668,0.3346846494,,0.6024701093,0.5977453531,-0.51310934,0.2632395775,,0.5516815849,-0.722750316,0.4497722506,1,1,1,0,1,1,1,1,0,1,1,1,10,0.1,0.1989222669,0.028411,0.480473,0.3548827633
160153,-0.460565619,-1.027883753,0.5254798656,1.1305558745,-0.613196374,-0.270541921,,0.3347945331,,,-0.722750316,-0.144653558,1,1,1,1,1,1,0,1,0,0,1,1,9,0.1111111111,-0.138751252,0.028411,0.480473,-0.347910742
161300,,0.1175005918,,,1.3692751217,1.03188899,,,,,,,0,1,0,0,1,1,0,0,0,0,0,0,3,0.3333333333,0.8395549011,0.028411,0.480473,1.6882193422
161301,,-0.155209967,-0.91608399,,1.3692751217,,,,,,1.2977920836,,0,1,1,0,1,0,0,0,0,0,1,0,4,0.25,0.3989433122,0.028411,0.480473,0.7711827799
161302,,-0.482462636,-0.873685053,,1.2009520702,1.03188899,,,1.0604902658,0.5516815849,1.6651634291,,0,1,1,0,1,1,0,0,1,1,1,0,7,0.1428571429,0.5934326644,0.028411,0.480473,1.1759697882
161303,,0.5538374851,0.0590915594,,1.5375981732,1.03188899,,,,,-1.090121662,,0,1,1,0,1,1,0,0,0,0,1,0,5,0.2,0.4184589092,0.028411,0.480473,0.8118002226
161304,-0.495270112,0.8265480434,0.3982830548,,0.378039374,0.5977453531,,,,,-1.090121662,,1,1,1,0,1,1,0,0,0,0,1,0,6,0.1666666667,0.1025373419,0.028411,0.480473,0.1542786428
161305,,,0.2922857125,,0.8456034059,1.03188899,,,,,,,0,0,1,0,1,1,0,0,0,0,0,0,3,0.3333333333,0.7232593695,0.028411,0.480473,1.4461756527
161306,,-0.537004748,0.7374745502,,0.9765213348,,-0.931437101,,,,1.2977920836,0.0336741848,0,1,1,0,1,0,1,0,0,0,1,1,6,0.1666666667,0.2628367173,0.028411,0.480473,0.4879066994
161307,,0.6629217084,-0.428496215,,1.0887367025,1.03188899,,0.6210143556,,,,1.8763941908,0,1,1,0,1,1,0,1,0,0,0,1,6,0.1666666667,0.8087432887,0.028411,0.480473,1.6240917162
161308,-0.52501682,-0.26429419,-0.386097278,,0.9765213348,0.1636017162,,0.6210143556,,,-1.457493007,,1,1,1,0,1,1,0,1,0,0,1,0,7,0.1428571429,-0.124537698,0.028411,0.480473,-0.318328342
161309,-0.485354543,0.8810901551,0.7586740187,,1.0887367025,1.03188899,,,,,-0.906435989,-0.025768396,1,1,1,0,1,1,0,0,0,0,1,1,7,0.1428571429,0.3346901341,0.028411,0.480473,0.6374538561
161310,,,1.2250623248,,0.5276598642,1.03188899,,,,,,,0,0,1,0,1,1,0,0,0,0,0,0,3,0.3333333333,0.9282037263,0.028411,0.480473,1.8727224645
161311,,-0.046125743,-0.280099936,,0.041393271,1.03188899,,,,,-1.824864352,,0,1,1,0,1,1,0,0,0,0,1,0,5,0.2,-0.215561554,0.028411,0.480473,-0.50777457
161312,,1.1538007134,0.9070702979,,1.1448443863,1.03188899,,,,,-3.294349734,0.7469851548,0,1,1,0,1,1,0,0,0,0,1,1,6,0.1666666667,0.2817066347,0.028411,0.480473,0.5271803014
161313,,-0.755173195,1.0130676402,,1.1261418251,1.03188899,,0.6210143556,,,,-0.3229813,0,1,1,0,1,1,0,1,0,0,0,1,6,0.1666666667,0.452326386,0.028411,0.480473,0.882287961
161314,,0.8810901551,0.1438894333,,0.4715521804,1.03188899,,,,,-0.722750316,,0,1,1,0,1,1,0,0,0,0,1,0,5,0.2,0.3611340885,0.028411,0.480473,0.692491158
161315,,-1.027883753,,,,1.03188899,,,,,,,0,1,0,0,0,1,0,0,0,0,0,0,2,0.5,0.0020026184,0.028411,0.480473,-0.054962375
161316,,0.7174638201,0.8858708294,,0.9952238961,1.03188899,,,,,1.6651634291,0.3903296698,0,1,1,0,1,1,0,0,0,0,1,1,6,0.1666666667,0.9476567724,0.028411,0.480473,1.9132097212
161317,,1.2628849367,0.4618814602,,0.7894957221,0.5977453531,,,,,0.1956780474,,0,1,1,0,1,1,0,0,0,0,1,0,5,0.2,0.6615371039,0.028411,0.480473,1.3177142694
161318,,-0.537004748,0.6738761448,,,,,,,,-0.539064643,,0,1,1,0,0,0,0,0,0,0,1,0,3,0.3333333333,-0.134064416,0.028411,0.480473,-0.338156118
161319,,-0.700631083,0.0590915594,,1.1822495089,1.03188899,,,,,,,0,1,1,0,1,1,0,0,0,0,0,0,4,0.25,0.3931497438,0.028411,0.480473,0.7591247355
161320,,0.7720059318,-0.195302062,,0.9578187736,,,,,,,,0,1,1,0,1,0,0,0,0,0,0,0,3,0.3333333333,0.5115075477,0.028411,0.480473,1.0054605932
161321,,0.6083795968,,,1.0700341412,,,,,,,,0,1,0,0,1,0,0,0,0,0,0,0,2,0.5,0.839206869,0.028411,0.480473,1.6874949895
161322,,0.6083795968,0.5678788025,,0.9578187736,0.5977453531,,,,,,,0,1,1,0,1,1,0,0,0,0,0,0,4,0.25,0.6829556315,0.028411,0.480473,1.3622922455
161323,,0.4447532618,0.4406819917,,1.2196546314,1.03188899,,,,,-0.906435989,,0,1,1,0,1,1,0,0,0,0,1,0,5,0.2,0.4461085772,0.028411,0.480473,0.8693469534
161324,,-0.59154686,0.8434718925,,1.0326290187,,,,,,,,0,1,1,0,1,0,0,0,0,0,0,0,3,0.3333333333,0.4281846838,0.028411,0.480473,0.8320422932
161325,,1.0992586017,0.6526766764,,0.9391162123,0.5977453531,,,,,-1.457493007,,0,1,1,0,1,1,0,0,0,0,1,0,5,0.2,0.3662607673,0.028411,0.480473,0.7031612175
161326,,0.8810901551,0.8434718925,,0.9391162123,,,,,,-3.294349734,0.3903296698,0,1,1,0,1,0,0,0,0,0,1,1,5,0.2,-0.048068361,0.028411,0.480473,-0.159174157
161327,,0.9901743784,0.3982830548,,1.1448443863,1.03188899,,0.6210143556,,,0.0119923747,,0,1,1,0,1,1,0,1,0,0,1,0,6,0.1666666667,0.69969959,0.028411,0.480473,1.3971411295
161328,,0.8265480434,0.5254798656,,1.3131674378,1.03188899,,,,,-0.171693298,,0,1,1,0,1,1,0,0,0,0,1,0,5,0.2,0.7050782077,0.028411,0.480473,1.4083355449
161329,,0.2811269268,1.0978655141,,1.3505725604,1.03188899,,0.6210143556,,,,,0,1,1,0,1,1,0,1,0,0,0,0,5,0.2,0.8764936694,0.028411,0.480473,1.7650993015
161330,0.5309913146,1.0992586017,,,1.3879776829,1.03188899,,,,,,,1,1,0,0,1,1,0,0,0,0,0,0,4,0.25,1.0125291473,0.028411,0.480473,2.0482273675
161331,,0.6083795968,0.4830809287,,1.1822495089,1.03188899,,,,,-0.906435989,,0,1,1,0,1,1,0,0,0,0,1,0,5,0.2,0.4798326071,0.028411,0.480473,0.9395361386
161332,,1.0992586017,,,1.2009520702,1.03188899,,,,,,,0,1,0,0,1,1,0,0,0,0,0,0,3,0.3333333333,1.1106998873,0.028411,0.480473,2.252548271
161333,,1.1538007134,0.313485181,,1.1635469476,1.03188899,,0.6210143556,,,-1.457493007,,0,1,1,0,1,1,0,1,0,0,1,0,6,0.1666666667,0.4710405301,0.028411,0.480473,0.9212373551
161334,,0.7174638201,-1.128078674,,1.05133158,0.5977453531,,,,,-1.824864352,,0,1,1,0,1,1,0,0,0,0,1,0,5,0.2,-0.117280455,0.028411,0.480473,-0.303223978
161335,,0.2811269268,0.589078271,,1.4066802442,1.03188899,,,,,-1.457493007,,0,1,1,0,1,1,0,0,0,0,1,0,5,0.2,0.370256285,0.028411,0.480473,0.7114770129
161336,,1.0992586017,-1.46727017,,1.1635469476,1.03188899,,,,,-2.743292716,,0,1,1,0,1,1,0,0,0,0,1,0,5,0.2,-0.183173669,0.028411,0.480473,-0.440366278
161337,,0.1175005918,-0.322498873,,0.1162035161,1.03188899,,,,,-0.539064643,,0,1,1,0,1,1,0,0,0,0,1,0,5,0.2,0.0808059163,0.028411,0.480473,0.1090494379
161338,,0.6629217084,0.6950756133,,,0.5977453531,,,,,0.5630493928,,0,1,1,0,0,1,0,0,0,0,1,0,4,0.25,0.6296980169,0.028411,0.480473,1.2514481801
161339,-0.500227897,1.0992586017,0.3770835864,2.0035128624,0.0787983936,,,,,,1.4814777564,,1,1,1,1,1,0,0,0,0,0,1,0,6,0.1666666667,0.7566505506,0.028411,0.480473,1.5156720862
161340,,,0.4618814602,,0.9578187736,,,,,,-1.090121662,,0,0,1,0,1,0,0,0,0,0,1,0,3,0.3333333333,0.109859524,0.028411,0.480473,0.1695181619
161341,,0.1175005918,-0.873685053,,1.05133158,1.03188899,,0.0485747107,,,-1.090121662,-1.03629227,0,1,1,0,1,1,0,1,0,0,1,1,7,0.1428571429,-0.107257587,0.028411,0.480473,-0.282363574
161342,,0.5538374851,-1.615666449,,0.6959829157,1.03188899,,-0.022980245,,,-2.192235698,,0,1,1,0,1,1,0,1,0,0,1,0,6,0.1666666667,-0.2581955,0.028411,0.480473,-0.596507795
161343,,0.4447532618,-0.174102594,,0.5276598642,1.03188899,,,,,1.2977920836,,0,1,1,0,1,1,0,0,0,0,1,0,5,0.2,0.6255983212,0.028411,0.480473,1.242915561
161344,,0.9356322668,0.2922857125,0.3157960191,,,,,,,,,0,1,1,1,0,0,0,0,0,0,0,0,3,0.3333333333,0.5145713328,0.028411,0.480473,1.011837191
161345,,0.1175005918,-0.004506846,,0.9017110897,1.03188899,,,,,,,0,1,1,0,1,1,0,0,0,0,0,0,4,0.25,0.5116484564,0.028411,0.480473,1.0057538637
161346,,1.2083428251,-0.534493558,,0.8643059672,1.03188899,,,,,0.0119923747,,0,1,1,0,1,1,0,0,0,0,1,0,5,0.2,0.5164073199,0.028411,0.480473,1.0156583962
161347,-0.440734481,0.4447532618,-0.280099936,,0.7520905995,0.5977453531,,,,0.5516815849,-0.722750316,,1,1,1,0,1,1,0,0,0,1,1,0,7,0.1428571429,0.1289551524,0.028411,0.480473,0.2092615317
161348,,0.9356322668,0.7586740187,,1.1074392638,1.03188899,,0.6210143556,,,-1.64117868,,0,1,1,0,1,1,0,1,0,0,1,0,6,0.1666666667,0.4689117025,0.028411,0.480473,0.9168066665
161349,,0.5538374851,-0.661690368,,1.3131674378,0.5977453531,,0.6210143556,,,-1.457493007,,0,1,1,0,1,1,0,1,0,0,1,0,6,0.1666666667,0.161096876,0.028411,0.480473,0.276157493
161350,,1.0447164901,-0.152903125,,0.7520905995,,,,,,-2.008550025,,0,1,1,0,1,0,0,0,0,0,1,0,4,0.25,-0.091161515,0.028411,0.480473,-0.248863123
161351,,0.9356322668,-0.152903125,,0.6772803544,0.5977453531,,,,,-0.906435989,,0,1,1,0,1,1,0,0,0,0,1,0,5,0.2,0.230263772,0.028411,0.480473,0.4201132448
161352,-0.128394046,-0.427920525,0.037892091,,0.3032291289,0.5977453531,,-0.094535201,,,,1.2225258016,1,1,1,0,1,1,0,1,0,0,0,1,7,0.1428571429,0.2157918004,0.028411,0.480473,0.389993004
161353,,-0.537004748,-0.280099936,0.8395702119,1.2009520702,1.03188899,,,,0.5516815849,-1.090121662,-0.620194204,0,1,1,1,1,1,0,0,0,1,1,1,8,0.125,0.1370840383,0.028411,0.480473,0.2261800283
161354,,1.0992586017,-1.149278143,,0.9952238961,1.03188899,,,,,-0.171693298,,0,1,1,0,1,1,0,0,0,0,1,0,5,0.2,0.3610800094,0.028411,0.480473,0.6923786041
161355,,-0.046125743,0.7798734871,,0.6772803544,0.5977453531,,0.6210143556,,,-2.926978389,,0,1,1,0,1,1,0,1,0,0,1,0,6,0.1666666667,-0.049531764,0.028411,0.480473,-0.162219909
161356,,0.6629217084,0.1650889017,,,0.5977453531,,,,,,,0,1,1,0,0,1,0,0,0,0,0,0,3,0.3333333333,0.4752519877,0.028411,0.480473,0.9300025822
161357,,0.3356690385,-1.085679738,,1.05133158,1.03188899,,0.6210143556,,,2.0325347745,,0,1,1,0,1,1,0,1,0,0,1,0,6,0.1666666667,0.6644598335,0.028411,0.480473,1.3237972912
161358,,,0.864671361,,,,,,,,0.1956780474,,0,0,1,0,0,0,0,0,0,0,1,0,2,0.5,0.5301747042,0.028411,0.480473,1.0443121926
161359,,0.8810901551,-1.255275485,,0.6959829157,1.03188899,,,,,-1.64117868,,0,1,1,0,1,1,0,0,0,0,1,0,5,0.2,-0.057498421,0.028411,0.480473,-0.178800762
161360,,-1.027883753,-0.831286116,,,1.03188899,,,,,0.5630493928,,0,1,1,0,0,1,0,0,0,0,1,0,4,0.25,-0.066057872,0.028411,0.480473,-0.196615385
161361,,0.9356322668,1.2250623248,,0.9765213348,0.5977453531,,,,,-1.824864352,,0,1,1,0,1,1,0,0,0,0,1,0,5,0.2,0.3820193854,0.028411,0.480473,0.7359593312
161362,,1.0447164901,0.1438894333,,0.583767548,1.03188899,,0.6210143556,,,-0.722750316,,0,1,1,0,1,1,0,1,0,0,1,0,6,0.1666666667,0.4504210835,0.028411,0.480473,0.878322491
161363,,-0.046125743,0.0802910279,,1.0326290187,1.03188899,,,,,-0.355378971,,0,1,1,0,1,1,0,0,0,0,1,0,5,0.2,0.3486608645,0.028411,0.480473,0.6665308729
161364,,0.6083795968,0.4406819917,,1.3318699991,1.03188899,,0.4779044444,,,-3.110664061,1.2819683824,0,1,1,0,1,1,0,1,0,0,1,1,7,0.1428571429,0.2945756204,0.028411,0.480473,0.5539642778
161365,0.5508224533,0.9901743784,0.5042803971,,1.3131674378,1.03188899,,0.3347945331,,,-0.171693298,1.2819683824,1,1,1,0,1,1,0,1,0,0,1,1,8,0.125,0.7294254093,0.028411,0.480473,1.4590089147
161366,,0.6629217084,-0.894884521,,0.8830085285,1.03188899,,,,0.5516815849,-0.355378971,,0,1,1,0,1,1,0,0,0,1,1,0,6,0.1666666667,0.3132062199,0.028411,0.480473,0.5927397921
161367,-0.093689554,-0.482462636,0.0590915594,0.8977673444,-0.052119535,0.5977453531,,,,-0.885758964,1.4814777564,0.1525593464,1,1,1,1,1,1,0,0,0,1,1,1,9,0.1111111111,0.1860678522,0.028411,0.480473,0.3281291132
161368,,0.7174638201,-0.449695684,,0.4528496191,1.03188899,,,,,-1.273807334,,0,1,1,0,1,1,0,0,0,0,1,0,5,0.2,0.0957398822,0.028411,0.480473,0.1401312186
161369,,-0.318836301,0.3770835864,,,1.03188899,,0.3347945331,,,,,0,1,1,0,0,1,0,1,0,0,0,0,4,0.25,0.356232702,0.028411,0.480473,0.682289995
161370,,0.9356322668,0.4406819917,,0.714685477,0.5977453531,,,,,-2.375921371,,0,1,1,0,1,1,0,0,0,0,1,0,5,0.2,0.0625647436,0.028411,0.480473,0.0710844302
161371,,1.2083428251,-0.746488242,,0.6024701093,0.5977453531,,,,,1.1141064109,,0,1,1,0,1,1,0,0,0,0,1,0,5,0.2,0.5552352913,0.028411,0.480473,1.0964703183
161372,,0.9901743784,0.2286873071,,1.1074392638,0.5977453531,,,,,0.9304207382,-0.620194204,0,1,1,0,1,1,0,0,0,0,1,1,6,0.1666666667,0.5390454727,0.028411,0.480473,1.0627747553
161373,,0.3356690385,-0.6404909,,0.6211726706,,,,,,0.9304207382,,0,1,1,0,1,0,0,0,0,0,1,0,4,0.25,0.3116928869,0.028411,0.480473,0.5895901206
161374,-0.148225185,-0.482462636,-0.513294089,0.7813730793,1.7807314698,1.03188899,,,,0.5516815849,-1.273807334,1.1630832207,1,1,1,1,1,1,0,0,0,1,1,1,9,0.1111111111,0.3212187889,0.028411,0.480473,0.6094162002
161375,,0.9356322668,-0.449695684,,0.2658240063,0.5977453531,,,,,0.5630493928,,0,1,1,0,1,1,0,0,0,0,1,0,5,0.2,0.3825110671,0.028411,0.480473,0.7369826589
161376,,0.3356690385,0.5042803971,1.072358742,1.3318699991,1.03188899,,,,,0.1956780474,1.6386238674,0,1,1,1,1,1,0,0,0,0,1,1,7,0.1428571429,0.8729098688,0.028411,0.480473,1.7576404051
161377,-0.52501682,-0.537004748,0.4618814602,,0.4528496191,1.03188899,,,,,0.1956780474,,1,1,1,0,1,1,0,0,0,0,1,0,6,0.1666666667,0.1800460914,0.028411,0.480473,0.3155961364
161378,,-0.59154686,,,0.5276598642,1.03188899,,,,,,,0,1,0,0,1,1,0,0,0,0,0,0,3,0.3333333333,0.3226673314,0.028411,0.480473,0.6124310244
161379,-0.22754974,0.7174638201,0.5042803971,,0.5276598642,0.5977453531,,,,-3.144594112,0.5630493928,,1,1,1,0,1,1,0,0,0,1,1,0,7,0.1428571429,-0.065992146,0.028411,0.480473,-0.196478592
161380,,0.7174638201,-1.403671764,,0.7894957221,-0.270541921,,0.6210143556,,,,,0,1,1,0,1,1,0,1,0,0,0,0,5,0.2,0.0907520425,0.028411,0.480473,0.1297501221
161381,,0.9356322668,0.6102777394,,1.05133158,1.03188899,,,,,0.1956780474,,0,1,1,0,1,1,0,0,0,0,1,0,5,0.2,0.7649617247,0.028411,0.480473,1.5329699756
170006,-0.257296448,,-0.110504188,1.3633444046,1.05133158,0.1636017162,,0.0485747107,,-0.475061664,-0.171693298,0.330887089,1,0,1,1,1,1,0,1,0,1,1,1,9,0.1111111111,0.2159093224,0.028411,0.480473,0.3902376004
170009,-0.510143466,0.9901743784,0.7374745502,,0.7894957221,0.5977453531,0.8987468544,0.6210143556,,,-0.722750316,0.0931167656,1,1,1,0,1,1,1,1,0,0,1,1,9,0.1111111111,0.3883193552,0.028411,0.480473,0.7490713392
170012,0.1095796177,-0.809715306,0.1014904963,2.0035128624,0.4528496191,0.1636017162,1.5262384964,0.3347945331,,0.5516815849,-0.171693298,0.2120019273,1,1,1,1,1,1,1,1,0,1,1,1,11,0.0909090909,0.4067583863,0.028411,0.480473,0.7874481456
170013,0.9276140882,0.8810901551,-2.039655818,-0.557160969,0.9765213348,1.03188899,,0.6210143556,0.4629424828,0.5516815849,-0.171693298,-0.204096139,1,1,1,1,1,1,0,1,1,1,1,1,11,0.0909090909,0.225467888,0.028411,0.480473,0.4101316621
170014,-0.500227897,0.8810901551,-0.152903125,0.8395702119,1.2196546314,0.5977453531,,0.5494594,,,-0.906435989,0.2120019273,1,1,1,1,1,1,0,1,0,0,1,1,9,0.1111111111,0.3044394075,0.028411,0.480473,0.5744935914
170016,-0.52501682,0.9901743784,-0.873685053,-0.149781041,-1.024652722,-1.572972831,1.5262384964,0.6210143556,-0.384741581,0.5516815849,-0.171693298,-0.144653558,1,1,1,1,1,1,1,1,1,1,1,1,12,0.0833333333,-0.096507341,0.028411,0.480473,-0.259989289
170017,1.2994479384,0.3356690385,0.0590915594,2.0035128624,0.4902547416,-0.704685558,,0.6210143556,,-0.064364365,-0.722750316,-2.106258725,1,1,1,1,1,1,0,1,0,1,1,1,10,0.1,0.1210931532,0.028411,0.480473,0.1928985016
170020,-0.490312327,-0.100667855,0.2922857125,,-0.426170761,,-0.199363519,-1.167859535,,-0.064364365,-0.355378971,-0.620194204,1,1,1,0,1,0,1,1,0,1,1,1,9,0.1111111111,-0.348002869,0.028411,0.480473,-0.783422173
170023,-0.52501682,0.0629584801,-1.446070701,-1.546512222,0.714685477,1.03188899,-0.199363519,0.3347945331,,0.3463329351,0.9304207382,1.3414109632,1,1,1,1,1,1,1,1,0,1,1,1,11,0.0909090909,0.0950480777,0.028411,0.480473,0.1386913788
170027,-0.445692265,1.2628849367,-0.937283458,1.2469501395,1.1448443863,0.5977453531,,-1.454079357,,0.5516815849,0.9304207382,0.5092148315,1,1,1,1,1,1,0,1,0,1,1,1,10,0.1,0.3406686889,0.028411,0.480473,0.6498969091
170040,-0.044111707,0.8810901551,-0.407296747,-0.673555234,-2.838801166,-2.441260105,0.3235461825,0.5494594,1.6302451287,0.3463329351,-0.171693298,1.1630832207,1,1,1,1,1,1,1,1,1,1,1,1,12,0.0833333333,-0.14024677,0.028411,0.480473,-0.351023334
170049,0.2533553731,0.9356322668,0.4618814602,-0.906343764,-0.762816864,-0.270541921,0.5327100632,0.5494594,0.4212531026,0.5516815849,-0.539064643,0.0336741848,1,1,1,1,1,1,1,1,1,1,1,1,12,0.0833333333,0.1050733536,0.028411,0.480473,0.1595567959
17005F,0.045128417,0.5538374851,,,,0.5977453531,,,,,,-2.165701306,1,1,0,0,0,1,0,0,0,0,0,1,4,0.25,-0.242247513,0.028411,0.480473,-0.563315551
170068,-0.52501682,0.8810901551,0.0802910279,,0.4902547416,0.1636017162,,-4.387832538,,0.5516815849,-0.539064643,-0.382423881,1,1,1,0,1,1,0,1,0,1,1,1,9,0.1111111111,-0.407490962,0.028411,0.480473,-0.907233615
170074,3.2032372515,1.0992586017,0.7162750817,,0.8643059672,0.1636017162,-0.56540031,-0.380755023,,0.5516815849,-0.355378971,0.6280999932,1,1,1,0,1,1,1,1,0,1,1,1,10,0.1,0.5924925892,0.028411,0.480473,1.1740132276
170086,3.7932136272,1.0992586017,-0.025706314,0.3157960191,-0.818924548,-0.704685558,0.4281281229,-0.022980245,1.8525884899,0.5516815849,0.0119923747,0.8658703165,1,1,1,1,1,1,1,1,1,1,1,1,12,0.0833333333,0.6121860393,0.028411,0.480473,1.2150008326
17008F,-0.391156634,0.4992953735,,,,1.03188899,,,,,,0.330887089,1,1,0,0,0,1,0,0,0,0,0,1,4,0.25,0.3677287046,0.028411,0.480473,0.7062164077
170103,1.2796167997,0.7720059318,0.8858708294,,0.5650649868,-0.270541921,,0.0485747107,0.3517708022,0.5516815849,0.7467350655,-0.263538719,1,1,1,0,1,1,0,1,1,1,1,1,10,0.1,0.4667240071,0.028411,0.480473,0.9122534575
170104,-0.485354543,0.6083795968,-0.258900467,-0.673555234,0.1910137612,-1.138829195,-0.094781579,-0.166090156,-0.676567243,-0.064364365,0.3793637201,-0.382423881,1,1,1,1,1,1,1,1,1,1,1,1,12,0.0833333333,-0.230175799,0.028411,0.480473,-0.538190921
170105,-0.06890063,0.9901743784,-0.682889837,,1.0887367025,1.03188899,,-0.022980245,,0.5516815849,1.2977920836,-0.739079366,1,1,1,0,1,1,0,1,0,1,1,1,9,0.1111111111,0.3829359624,0.028411,0.480473,0.7378669855
170109,0.0352128476,0.6629217084,0.7162750817,,0.9765213348,0.1636017162,,0.6210143556,,,-0.171693298,-0.3229813,1,1,1,0,1,1,0,1,0,0,1,1,8,0.125,0.3351090558,0.028411,0.480473,0.6383257498
170110,-0.52501682,-0.155209967,-0.831286116,,1.1635469476,1.03188899,,,,,0.5630493928,,1,1,1,0,1,1,0,0,0,0,1,0,6,0.1666666667,0.207828738,0.028411,0.480473,0.3734196329
170120,0.6549359313,-0.755173195,-0.237700999,-0.149781041,1.05133158,0.5977453531,,0.3347945331,-0.746049543,-1.912502213,-0.355378971,-0.025768396,1,1,1,1,1,1,0,1,1,1,1,1,11,0.0909090909,-0.140322451,0.028411,0.480473,-0.351180849
170122,-0.515101251,,-0.449695684,,0.2097163225,0.1636017162,1.0556197649,-0.452309979,,0.1409842852,0.5630493928,-1.74960324,1,0,1,0,1,1,1,1,0,1,1,1,9,0.1111111111,-0.114859852,0.028411,0.480473,-0.298186024
170123,-0.520059035,-0.26429419,-0.174102594,0.8977673444,0.7520905995,-0.270541921,,-0.094535201,-0.468120342,0.3463329351,0.7467350655,0.0931167656,1,1,1,1,1,1,0,1,1,1,1,1,11,0.0909090909,0.0949444935,0.028411,0.480473,0.1384757909
170137,-0.113520692,0.9356322668,0.6314772079,0.3157960191,-0.875032232,-1.138829195,0.0098003615,0.6210143556,0.2683920418,0.3463329351,-0.906435989,-0.144653558,1,1,1,1,1,1,1,1,1,1,1,1,12,0.0833333333,-0.004168873,0.028411,0.480473,-0.067806983
170142,-0.435776696,,0.0166926225,,0.4902547416,0.1636017162,-0.722273221,0.4779044444,,-0.064364365,0.9304207382,-0.085210977,1,0,1,0,1,1,1,1,0,1,1,1,9,0.1111111111,0.0856943338,0.028411,0.480473,0.1192236088
170146,-0.460565619,1.0992586017,0.9070702979,-1.080935161,0.0975009548,-0.270541921,,0.6210143556,,0.5516815849,-1.090121662,0.3903296698,1,1,1,1,1,1,0,1,0,1,1,1,10,0.1,0.0764691102,0.028411,0.480473,0.1000233253
170175,-0.52501682,-0.646088971,-0.704089305,,0.5276598642,0.5977453531,,0.6210143556,,0.5516815849,0.9304207382,0.687542574,1,1,1,0,1,1,0,1,0,1,1,1,9,0.1111111111,0.2267632637,0.028411,0.480473,0.412827703
170176,-0.014364999,-0.373378413,0.5254798656,0.4321902842,0.7333880382,1.03188899,1.5262384964,0.1916846219,,-0.475061664,-0.539064643,-0.085210977,1,1,1,1,1,1,1,1,0,1,1,1,11,0.0909090909,0.2685263272,0.028411,0.480473,0.4997483768
170182,-0.371325495,-0.427920525,0.3558841179,-0.848146631,0.041393271,0.5977453531,,0.1916846219,-1.051771665,0.5516815849,-2.008550025,1.1036406399,1,1,1,1,1,1,0,1,1,1,1,1,11,0.0909090909,-0.169607705,0.028411,0.480473,-0.412131693
170183,-0.311832079,1.2083428251,,,,,,,,,,,1,1,0,0,0,0,0,0,0,0,0,0,2,0.5,0.4482553729,0.028411,0.480473,0.8738150387
170185,-0.510143466,0.3902111501,0.313485181,-0.789949499,1.1635469476,0.1636017162,0.3758371527,0.4063494887,,,-1.273807334,-0.620194204,1,1,1,1,1,1,1,1,0,0,1,1,10,0.1,-0.038106287,0.028411,0.480473,-0.13844028
170186,0.4120044825,0.4992953735,,2.0035128624,,,,,,,1.2977920836,,1,1,0,1,0,0,0,0,0,0,1,0,4,0.25,1.0531512005,0.028411,0.480473,2.1327732781
170187,-0.366367711,-1.300594311,,,,,,0.4063494887,,,1.2977920836,,1,1,0,0,0,0,0,1,0,0,1,0,4,0.25,0.0092948876,0.028411,0.480473,-0.039785113
170188,4.2741187402,-1.791473316,,,,,,,0.1572203613,,0.9304207382,,1,1,0,0,0,0,0,0,1,0,1,0,4,0.25,0.8925716308,0.028411,0.480473,1.7985620584
170190,0.1294107564,0.6083795968,,,,,,0.6210143556,,,0.3793637201,,1,1,0,0,0,0,0,1,0,0,1,0,4,0.25,0.4345421072,0.028411,0.480473,0.8452738782
170191,-0.361409926,0.7720059318,0.546679334,-1.895695017,0.8830085285,1.03188899,,0.3347945331,,-0.269713014,0.5630493928,1.2819683824,1,1,1,1,1,1,0,1,0,1,1,1,10,0.1,0.2886577135,0.028411,0.480473,0.5416474502
170194,0.7491338401,0.3902111501,,,,,,,,,-2.926978389,,1,1,0,0,0,0,0,0,0,0,1,0,3,0.3333333333,-0.5958778,0.028411,0.480473,-1.299319575
170196,-0.515101251,0.2265848151,,,,,,,,,-2.375921371,,1,1,0,0,0,0,0,0,0,0,1,0,3,0.3333333333,-0.888145935,0.028411,0.480473,-1.907611716
170197,0.1889041724,0.1175005918,0.4194825233,0.0248103565,-0.426170761,-0.704685558,,,,,0.3793637201,0.7469851548,1,1,1,1,1,1,0,0,0,0,1,1,8,0.125,0.093273775,0.028411,0.480473,0.1349985563
170198,3.3668441456,-0.700631083,,,,,,0.6210143556,,,1.6651634291,,1,1,0,0,0,0,0,1,0,0,1,0,4,0.25,1.2380977118,0.028411,0.480473,2.5176989523
170199,-0.331663218,-0.209752078,,,,,,,,,,,1,1,0,0,0,0,0,0,0,0,0,0,2,0.5,-0.270707648,0.028411,0.480473,-0.622549092
170200,-0.505185681,,0.3982830548,,0.1723111999,0.1636017162,,0.3347945331,,,-0.355378971,-1.03629227,1,0,1,0,1,1,0,1,0,0,1,1,7,0.1428571429,-0.118266631,0.028411,0.480473,-0.305276488
170203,-0.52501682,0.9901743784,-1.000881864,,,,,0.6210143556,0.2822885019,,0.0119923747,,1,1,1,0,0,0,0,1,1,0,1,0,6,0.1666666667,0.0632618211,0.028411,0.480473,0.0725352446
170204,-0.420903342,1.0447164901,-0.386097278,,1.1635469476,0.5977453531,,-0.166090156,,,-0.171693298,0.3903296698,1,1,1,0,1,1,0,1,0,0,1,1,8,0.125,0.2564442983,0.028411,0.480473,0.4746022786
171300,,-0.537004748,,,1.0700341412,1.03188899,,,,,,,0,1,0,0,1,1,0,0,0,0,0,0,3,0.3333333333,0.521639461,0.028411,0.480473,1.0265479526
171301,,-0.864257418,,,0.9578187736,1.03188899,,,,,,,0,1,0,0,1,1,0,0,0,0,0,0,3,0.3333333333,0.3751501151,0.028411,0.480473,0.721662449
171303,,0.9901743784,,,1.6124084183,1.03188899,,,,,,,0,1,0,0,1,1,0,0,0,0,0,0,3,0.3333333333,1.2114905955,0.028411,0.480473,2.4623220648
171304,,-1.90055754,,,0.4715521804,1.03188899,,,,,,,0,1,0,0,1,1,0,0,0,0,0,0,3,0.3333333333,-0.132372123,0.028411,0.480473,-0.334633982
171306,,-1.027883753,,,0.6398752319,1.03188899,,-0.309200067,,,,,0,1,0,0,1,1,0,1,0,0,0,0,4,0.25,0.0836701003,0.028411,0.480473,0.1150106098
171307,-0.202760816,-0.59154686,0.271086244,,0.6772803544,1.03188899,,,,,,,1,1,1,0,1,1,0,0,0,0,0,0,5,0.2,0.2371895824,0.028411,0.480473,0.4345278029
171308,-0.52501682,0.8810901551,,,1.3505725604,1.03188899,,,,,,,1,1,0,0,1,1,0,0,0,0,0,0,4,0.25,0.6846337214,0.028411,0.480473,1.3657848223
171309,,0.8265480434,,,1.3692751217,,,,,,,,0,1,0,0,1,0,0,0,0,0,0,0,2,0.5,1.0979115825,0.028411,0.480473,2.2259322143
171310,,0.6083795968,-1.234076017,,1.0887367025,,,,,,-2.559607043,,0,1,1,0,1,0,0,0,0,0,1,0,4,0.25,-0.52414169,0.028411,0.480473,-1.150016568
171311,1.2548278764,0.6083795968,-0.767687711,,1.4066802442,1.03188899,,,,,,,1,1,1,0,1,1,0,0,0,0,0,0,5,0.2,0.7068177993,0.028411,0.480473,1.411956124
171312,,-2.173268098,,,1.593705857,,,,,,,,0,1,0,0,1,0,0,0,0,0,0,0,2,0.5,-0.289781121,0.028411,0.480473,-0.662246349
171313,-0.420903342,0.6629217084,-1.933658476,,0.6772803544,1.03188899,,-5.532711828,,,2.5835917926,,1,1,1,0,1,1,0,1,0,0,1,0,7,0.1428571429,-0.418798686,0.028411,0.480473,-0.930768166
171314,,0.6083795968,,,-0.089524658,,,,,,,,0,1,0,0,1,0,0,0,0,0,0,0,2,0.5,0.2594274694,0.028411,0.480473,0.4808110963
171315,,0.8265480434,-0.025706314,-0.382569571,1.0700341412,1.03188899,,,,,1.1141064109,-0.441866462,0,1,1,1,1,1,0,0,0,0,1,1,7,0.1428571429,0.4560621769,0.028411,0.480473,0.890063192
171316,-0.52501682,-0.26429419,-0.068105251,,1.2383571927,1.03188899,,,,,,,1,1,1,0,1,1,0,0,0,0,0,0,5,0.2,0.2825659843,0.028411,0.480473,0.5289688495
171317,-0.430818911,0.9901743784,,,0.8269008446,1.03188899,,,,,,,1,1,0,0,1,1,0,0,0,0,0,0,4,0.25,0.6045363254,0.028411,0.480473,1.1990796278
171318,,-0.046125743,0.9070702979,,1.5563007344,0.5977453531,,,,,,,0,1,1,0,1,1,0,0,0,0,0,0,4,0.25,0.7537476605,0.028411,0.480473,1.5096303561
171319,,0.9901743784,-1.212876548,,0.714685477,1.03188899,,,,,-1.090121662,,0,1,1,0,1,1,0,0,0,0,1,0,5,0.2,0.0867501271,0.028411,0.480473,0.1214210113
171321,-0.386198849,0.5538374851,-0.08930472,,0.7333880382,1.03188899,,,,,,,1,1,1,0,1,1,0,0,0,0,0,0,5,0.2,0.3687221888,0.028411,0.480473,0.7082841277
171322,,0.1720427035,,,1.4066802442,1.03188899,,,,,,,0,1,0,0,1,1,0,0,0,0,0,0,3,0.3333333333,0.8702039792,0.028411,0.480473,1.7520086884
171323,,-1.027883753,,,0.9391162123,1.03188899,,,,,,,0,1,0,0,1,1,0,0,0,0,0,0,3,0.3333333333,0.3143738164,0.028411,0.480473,0.5951698885
171324,,-1.627846981,,,1.2009520702,1.03188899,,,,,,,0,1,0,0,1,1,0,0,0,0,0,0,3,0.3333333333,0.2016646929,0.028411,0.480473,0.3605905226
171325,-0.52501682,-0.59154686,-3.311623926,,0.7894957221,,,,,,-2.192235698,,1,1,1,0,1,0,0,0,0,0,1,0,5,0.2,-1.166185516,0.028411,0.480473,-2.486290234
171326,,-1.300594311,,,0.4902547416,1.03188899,,,,,-0.171693298,,0,1,0,0,1,1,0,0,0,0,1,0,4,0.25,0.0124640305,0.028411,0.480473,-0.033189236
171327,,-1.191510088,-0.852485584,,0.6959829157,1.03188899,,,,,-3.110664061,0.2714445081,0,1,1,0,1,1,0,0,0,0,1,1,6,0.1666666667,-0.525890553,0.028411,0.480473,-1.153656444
171328,,-0.864257418,0.5042803971,,0.9765213348,1.03188899,,,,,,,0,1,1,0,1,1,0,0,0,0,0,0,4,0.25,0.4121083259,0.028411,0.480473,0.7985828738
171329,,-1.2460522,,,0.4154444965,1.03188899,,,,,,,0,1,0,0,1,1,0,0,0,0,0,0,3,0.3333333333,0.0670937622,0.028411,0.480473,0.0805105911
171330,0.0104239243,-0.91879953,0.822272424,,1.5375981732,1.03188899,,,,0.5516815849,0.1956780474,,1,1,1,0,1,1,0,0,0,1,1,0,7,0.1428571429,0.461534802,0.028411,0.480473,0.9014532631
171331,-0.296958725,1.2083428251,,,1.6124084183,1.03188899,,,,,,,1,1,0,0,1,1,0,0,0,0,0,0,4,0.25,0.888920377,0.028411,0.480473,1.790962773
171332,-0.485354543,0.5538374851,0.7586740187,,0.9765213348,1.03188899,,,,,,,1,1,1,0,1,1,0,0,0,0,0,0,5,0.2,0.5671134572,0.028411,0.480473,1.1211921203
171333,,-1.2460522,-0.746488242,1.4797386696,0.3032291289,,,,,,-0.171693298,0.5092148315,0,1,1,1,1,0,0,0,0,0,1,1,6,0.1666666667,0.021324815,0.028411,0.480473,-0.014747453
171334,-0.182929678,-1.136967976,,,1.593705857,1.03188899,,,,,,0.9847554782,1,1,0,0,1,1,0,0,0,0,0,1,5,0.2,0.4580905342,0.028411,0.480473,0.8942847737
171335,-0.316789864,-0.318836301,-0.068105251,,0.6398752319,,,,,,,,1,1,1,0,1,0,0,0,0,0,0,0,4,0.25,-0.015964046,0.028411,0.480473,-0.092356054
171336,,-1.518762758,-0.598091963,,0.9391162123,0.5977453531,,,,,,,0,1,1,0,1,1,0,0,0,0,0,0,4,0.25,-0.144998289,0.028411,0.480473,-0.360912582
171337,-0.430818911,1.1538007134,0.2074878387,,0.8081982834,0.5977453531,,,,,-2.743292716,,1,1,1,0,1,1,0,0,0,0,1,0,6,0.1666666667,-0.06781324,0.028411,0.480473,-0.200268799
171338,,0.9356322668,-0.280099936,,0.8643059672,1.03188899,,,,,-0.355378971,,0,1,1,0,1,1,0,0,0,0,1,0,5,0.2,0.4392696634,0.028411,0.480473,0.8551132515
171339,,0.8265480434,-1.891259539,,0.920413651,1.03188899,,,,,0.3793637201,,0,1,1,0,1,1,0,0,0,0,1,0,5,0.2,0.2533909731,0.028411,0.480473,0.4682474507
171340,,,,,,,,,,,,,0,0,0,0,0,0,0,0,0,0,0,0,0,,,0.028411,0.480473,
171341,,-0.427920525,-0.004506846,,1.3131674378,1.03188899,,,,,-1.824864352,,0,1,1,0,1,1,0,0,0,0,1,0,5,0.2,0.0175529409,0.028411,0.480473,-0.022597783
171343,-0.187887462,-0.373378413,,,0.5463624255,0.5977453531,,,,,,,1,1,0,0,1,1,0,0,0,0,0,0,4,0.25,0.1457104757,0.028411,0.480473,0.2441340692
171344,-0.435776696,0.2265848151,-0.110504188,,1.2383571927,1.03188899,,,,,-2.926978389,2.0547219333,1,1,1,0,1,1,0,0,0,0,1,1,7,0.1428571429,0.1540419512,0.028411,0.480473,0.2614742114
171345,-0.485354543,0.2811269268,-0.280099936,,0.9578187736,1.03188899,,,,,0.0119923747,,1,1,1,0,1,1,0,0,0,0,1,0,6,0.1666666667,0.2528954311,0.028411,0.480473,0.4672160885
171346,,0.0629584801,-1.297674422,,1.2196546314,1.03188899,,,,,0.0119923747,,0,1,1,0,1,1,0,0,0,0,1,0,5,0.2,0.2057640108,0.028411,0.480473,0.3691223554
171347,,-0.100667855,,,0.6024701093,1.03188899,,,,,,,0,1,0,0,1,1,0,0,0,0,0,0,3,0.3333333333,0.5112304148,0.028411,0.480473,1.0048838017
171348,,,-0.873685053,,1.05133158,1.03188899,,,,,,,0,0,1,0,1,1,0,0,0,0,0,0,3,0.3333333333,0.4031785057,0.028411,0.480473,0.7799974078
171349,,0.4447532618,-2.760437746,,0.9952238961,,,,,,-4.029092425,-0.798521947,0,1,1,0,1,0,0,0,0,0,1,1,5,0.2,-1.229614992,0.028411,0.480473,-2.618304802
171350,,-1.2460522,-0.810086648,,1.4814904893,0.5977453531,,,,,,,0,1,1,0,1,1,0,0,0,0,0,0,4,0.25,0.0057742488,0.028411,0.480473,-0.047112552
171351,,0.2811269268,,,1.0326290187,,,,,,,,0,1,0,0,1,0,0,0,0,0,0,0,2,0.5,0.6568779727,0.028411,0.480473,1.3080173079
171352,,0.6629217084,,,1.1261418251,1.03188899,,,,,,,0,1,0,0,1,1,0,0,0,0,0,0,3,0.3333333333,0.9403175078,0.028411,0.480473,1.8979346487
171353,,0.4992953735,-1.636865918,,1.05133158,0.5977453531,,,,,-0.539064643,,0,1,1,0,1,1,0,0,0,0,1,0,5,0.2,-0.005511651,0.028411,0.480473,-0.070601681
171354,-0.510143466,0.8810901551,-0.046905783,-0.498963836,0.6024701093,1.03188899,,-0.380755023,,,-0.539064643,,1,1,1,1,1,1,0,1,0,0,1,0,8,0.125,0.0674520628,0.028411,0.480473,0.0812563153
171355,,1.2628849367,-0.470895152,,0.583767548,1.03188899,,,,,,,0,1,1,0,1,1,0,0,0,0,0,0,4,0.25,0.6019115807,0.028411,0.480473,1.1936167962
171356,-0.381241065,-0.427920525,0.7374745502,,0.714685477,1.03188899,,,,,,,1,1,1,0,1,1,0,0,0,0,0,0,5,0.2,0.3349774855,0.028411,0.480473,0.6380519152
171357,-0.361409926,-0.59154686,0.8010729556,,0.8081982834,1.03188899,,,,,,,1,1,1,0,1,1,0,0,0,0,0,0,5,0.2,0.3376406886,0.028411,0.480473,0.6435947894
171358,2.4149494891,-0.046125743,0.6102777394,,0.7520905995,1.03188899,,,,,-2.926978389,,1,1,1,0,1,1,0,0,0,0,1,0,6,0.1666666667,0.3060171143,0.028411,0.480473,0.5777772427
171359,,,-1.382472296,,0.5276598642,,,,,,,,0,0,1,0,1,0,0,0,0,0,0,0,2,0.5,-0.427406216,0.028411,0.480473,-0.948682856
171360,,-1.57330487,0.7798734871,,0.6024701093,1.03188899,,,,,,,0,1,1,0,1,1,0,0,0,0,0,0,4,0.25,0.2102319292,0.028411,0.480473,0.3784213493
171361,,0.9356322668,0.3558841179,,0.9017110897,1.03188899,,,,,-1.273807334,0.0336741848,0,1,1,0,1,1,0,0,0,0,1,1,6,0.1666666667,0.3308305525,0.028411,0.480473,0.6294209819
171362,,0.9356322668,-1.912459008,-1.662906487,0.3032291289,1.03188899,,,,,0.5630493928,,0,1,1,1,1,1,0,0,0,0,1,0,6,0.1666666667,-0.123594286,0.028411,0.480473,-0.316364835
171363,,-0.373378413,-0.386097278,0.083007489,1.1635469476,1.03188899,,,,,0.7467350655,,0,1,1,1,1,1,0,0,0,0,1,0,6,0.1666666667,0.3776171334,0.028411,0.480473,0.7267970075
171364,,-0.373378413,0.2922857125,,1.1448443863,,,,,,-1.64117868,,0,1,1,0,1,0,0,0,0,0,1,0,4,0.25,-0.144356749,0.028411,0.480473,-0.359577356
171365,-0.039153922,0.4447532618,,,1.3692751217,,,,,,,,1,1,0,0,1,0,0,0,0,0,0,0,3,0.3333333333,0.5916248203,0.028411,0.480473,1.1722071566
171367,-0.440734481,0.8265480434,-1.615666449,,1.3131674378,1.03188899,,,,,1.8488491018,,1,1,1,0,1,1,0,0,0,0,1,0,6,0.1666666667,0.4940087739,0.028411,0.480473,0.9690407263
171368,,1.1538007134,-0.386097278,,0.5089573029,1.03188899,,,,,-1.457493007,,0,1,1,0,1,1,0,0,0,0,1,0,5,0.2,0.1702113442,0.028411,0.480473,0.2951272631
171369,,-1.136967976,,,1.1074392638,0.5977453531,,,,,,,0,1,0,0,1,1,0,0,0,0,0,0,3,0.3333333333,0.1894055468,0.028411,0.480473,0.3350757938
171370,-0.52501682,-0.155209967,0.271086244,,0.9578187736,1.03188899,,,,,0.3793637201,,1,1,1,0,1,1,0,0,0,0,1,0,6,0.1666666667,0.3266551569,0.028411,0.480473,0.62073081
171371,-0.410987773,0.1175005918,-0.237700999,0.8395702119,0.6211726706,1.03188899,,,,,-0.906435989,-1.69016066,1,1,1,1,1,1,0,0,0,0,1,1,8,0.125,-0.079394119,0.028411,0.480473,-0.224371865
171372,,-0.318836301,-1.785262197,,0.9952238961,1.03188899,,,,,-0.906435989,,0,1,1,0,1,1,0,0,0,0,1,0,5,0.2,-0.19668432,0.028411,0.480473,-0.46848574
171373,-0.52501682,-0.373378413,0.6950756133,,0.5650649868,0.5977453531,,0.0485747107,,,-0.722750316,1.2225258016,1,1,1,0,1,1,0,1,0,0,1,1,8,0.125,0.1884801145,0.028411,0.480473,0.333149709
171374,,1.0992586017,-0.852485584,,0.8081982834,1.03188899,,,,,-0.906435989,0.687542574,0,1,1,0,1,1,0,0,0,0,1,1,6,0.1666666667,0.3113278126,0.028411,0.480473,0.5888302985
171375,-0.52501682,-1.736931205,-0.746488242,,0.3406342514,1.03188899,,-5.031827138,-0.482016802,,0.3793637201,-1.392947755,1,1,1,0,1,1,0,1,1,0,1,1,9,0.1111111111,-0.907037889,0.028411,0.480473,-1.946931181
171376,,0.4992953735,-0.025706314,,0.7520905995,0.1636017162,,0.1201296663,,,-0.906435989,,0,1,1,0,1,1,0,1,0,0,1,0,6,0.1666666667,0.100495842,0.028411,0.480473,0.1500297076
171377,,1.1538007134,-2.506044124,,1.1261418251,,,,,,-0.539064643,-0.917407109,0,1,1,0,1,0,0,0,0,0,1,1,5,0.2,-0.336514668,0.028411,0.480473,-0.759511997
171378,,-0.209752078,-0.195302062,,1.1822495089,1.03188899,,,,,0.1956780474,,0,1,1,0,1,1,0,0,0,0,1,0,5,0.2,0.4009524812,0.028411,0.480473,0.7753644252
171379,,-0.155209967,0.5254798656,,0.6211726706,1.03188899,,,,,1.1141064109,-2.225143887,0,1,1,0,1,1,0,0,0,0,1,1,6,0.1666666667,0.1520490139,0.028411,0.480473,0.2573263487
171380,,0.8810901551,-0.046905783,1.6543300672,0.6772803544,0.5977453531,,0.5494594,-2.09400617,0.5516815849,0.5630493928,-0.501309043,0,1,1,1,1,1,0,1,1,1,1,1,10,0.1,0.2832415312,0.028411,0.480473,0.5303748524
171381,2.3058782263,-0.373378413,-0.025706314,,0.7333880382,,,,,,-2.375921371,,1,1,1,0,1,0,0,0,0,0,1,0,5,0.2,0.0528520333,0.028411,0.480473,0.0508695501
171382,,0.1720427035,0.864671361,-2.594060607,1.1822495089,1.03188899,,,,0.5516815849,-1.090121662,,0,1,1,1,1,1,0,0,0,1,1,0,7,0.1428571429,0.0169074114,0.028411,0.480473,-0.023941311
171383,-0.406029988,0.2811269268,-0.174102594,0.4903874167,0.3593368127,0.5977453531,,0.6210143556,,0.5516815849,0.3793637201,-0.085210977,1,1,1,1,1,1,0,1,0,1,1,1,10,0.1,0.2615312611,0.028411,0.480473,0.4851896782
171384,-0.406029988,0.5538374851,0.2286873071,-1.779300752,0.6024701093,1.03188899,-0.879146131,,,0.5516815849,0.3793637201,0.330887089,1,1,1,1,1,1,1,0,0,1,1,1,10,0.1,0.0614339414,0.028411,0.480473,0.0687309132
171385,,0.9356322668,0.3770835864,,1.3505725604,1.03188899,,0.6210143556,,,0.9304207382,,0,1,1,0,1,1,0,1,0,0,1,0,6,0.1666666667,0.8744354162,0.028411,0.480473,1.7608154981
180001,-0.282085371,1.1538007134,0.7162750817,1.3633444046,-0.183037464,0.1636017162,-1.088310012,,,,-0.906435989,-1.155177432,1,1,1,1,1,1,1,0,0,0,1,1,9,0.1111111111,-0.024224928,0.028411,0.480473,-0.109549271
180002,-0.381241065,0.8810901551,0.2286873071,,0.3406342514,0.5977453531,,-0.022980245,,-0.680410314,0.1956780474,1.3414109632,1,1,1,0,1,1,0,1,0,1,1,1,9,0.1111111111,0.2778460504,0.028411,0.480473,0.5191453403
180004,-0.500227897,0.0084163685,0.589078271,,0.3406342514,0.5977453531,-0.35623643,0.6210143556,,,-0.171693298,1.1630832207,1,1,1,0,1,1,1,1,0,0,1,1,9,0.1111111111,0.2546460218,0.028411,0.480473,0.4708595598
180005,0.0054661396,0.4992953735,-0.110504188,,-0.482278445,0.1636017162,,-0.309200067,,-0.269713014,-0.355378971,0.0336741848,1,1,1,0,1,1,0,1,0,1,1,1,9,0.1111111111,-0.091670808,0.028411,0.480473,-0.249923105
180009,-0.292000941,-0.209752078,-0.216501531,-0.091583909,-0.987247599,0.1636017162,-0.147072549,0.6210143556,1.4495911478,-0.885758964,-0.171693298,0.0336741848,1,1,1,1,1,1,1,1,1,1,1,1,12,0.0833333333,-0.061144122,0.028411,0.480473,-0.186388491
180010,-0.06890063,-1.082425865,0.589078271,-0.266175306,-0.519683567,-1.138829195,,0.6210143556,,,-0.355378971,-0.739079366,1,1,1,1,1,1,0,1,0,0,1,1,9,0.1111111111,-0.328931142,0.028411,0.480473,-0.743728547
180011,0.9276140882,0.2265848151,-0.195302062,-0.440766704,-1.136868089,-2.007116468,-0.303945459,-3.386063159,0.310081422,0.1409842852,-0.539064643,-0.679636785,1,1,1,1,1,1,1,1,1,1,1,1,12,0.0833333333,-0.590291563,0.028411,0.480473,-1.287693047
180012,-0.480396758,0.3356690385,-0.470895152,-0.673555234,-1.192975773,-1.138829195,-0.669982251,0.3347945331,1.9498637104,0.5516815849,0.3793637201,-0.204096139,1,1,1,1,1,1,1,1,1,1,1,1,12,0.0833333333,-0.10661316,0.028411,0.480473,-0.281022338
180013,-0.445692265,0.2811269268,-0.301299404,0.0248103565,-1.136868089,-1.138829195,-0.147072549,0.0485747107,,0.3463329351,0.7467350655,-0.620194204,1,1,1,1,1,1,1,1,0,1,1,1,11,0.0909090909,-0.212943247,0.028411,0.480473,-0.502325136
180016,-0.034196138,0.8265480434,-0.004506846,0.8977673444,0.1536086387,0.1636017162,,0.1201296663,,,-0.171693298,0.9253128974,1,1,1,1,1,1,0,1,0,0,1,1,9,0.1111111111,0.3196191138,0.028411,0.480473,0.6060868268
180017,-0.485354543,0.1720427035,0.4194825233,-0.266175306,-0.875032232,-0.270541921,0.5327100632,0.4779044444,,-0.064364365,0.7467350655,0.330887089,1,1,1,1,1,1,1,1,0,1,1,1,11,0.0909090909,0.0652994112,0.028411,0.480473,0.0767760422
180018,-0.113520692,0.9356322668,0.4830809287,1.3633444046,-0.257847709,0.5977453531,,0.4063494887,,-2.323199513,0.0119923747,0.5092148315,1,1,1,1,1,1,0,1,0,1,1,1,10,0.1,0.1612791733,0.028411,0.480473,0.2765369049
180019,-0.52501682,-0.537004748,-1.891259539,-0.498963836,0.3967419353,0.1636017162,0.5850010334,-0.022980245,,-0.064364365,1.1141064109,0.2120019273,1,1,1,1,1,1,1,1,0,1,1,1,11,0.0909090909,-0.097103321,0.028411,0.480473,-0.261229691
180020,-0.460565619,0.1175005918,0.1014904963,,0.041393271,0.1636017162,,0.4779044444,,-0.680410314,-1.824864352,-0.560751624,1,1,1,0,1,1,0,1,0,1,1,1,9,0.1111111111,-0.291633488,0.028411,0.480473,-0.666101646
180024,-0.336621003,0.6083795968,-0.661690368,-0.266175306,0.2097163225,0.5977453531,,0.4063494887,,0.5516815849,1.4814777564,0.8064277357,1,1,1,1,1,1,0,1,0,1,1,1,10,0.1,0.3397291161,0.028411,0.480473,0.647941394
180025,-0.490312327,0.5538374851,0.9494692348,1.2469501395,-0.594493812,-1.572972831,,-0.022980245,,-0.885758964,0.1956780474,-0.441866462,1,1,1,1,1,1,0,1,0,1,1,1,10,0.1,-0.106244974,0.028411,0.480473,-0.28025604
180027,-0.113520692,0.1720427035,-1.170477611,0.3157960191,-0.295252832,-0.704685558,1.0556197649,-0.738529801,,-2.117850863,-0.722750316,-0.857964528,1,1,1,1,1,1,1,1,0,1,1,1,11,0.0909090909,-0.470688519,0.028411,0.480473,-1.038765495
180029,-0.311832079,0.7174638201,-0.894884521,1.3633444046,0.1536086387,0.5977453531,,0.6210143556,,0.1409842852,-1.457493007,2.1141645141,1,1,1,1,1,1,0,1,0,1,1,1,10,0.1,0.3044115764,0.028411,0.480473,0.5744356669
180035,-0.460565619,1.0447164901,0.4618814602,-0.091583909,0.041393271,-0.270541921,0.9510378245,0.5494594,0.8659398249,0.1409842852,0.1956780474,-0.679636785,1,1,1,1,1,1,1,1,1,1,1,1,12,0.0833333333,0.2290635308,0.028411,0.480473,0.4176152054
180038,-0.445692265,-0.59154686,-0.216501531,0.0248103565,-0.781519425,-1.572972831,-0.774564191,0.6210143556,1.3940053075,0.3463329351,0.3793637201,0.1525593464,1,1,1,1,1,1,1,1,1,1,1,1,12,0.0833333333,-0.122059257,0.028411,0.480473,-0.313170008
180040,-0.039153922,0.4992953735,-0.004506846,0.1994017541,-0.12692978,-0.704685558,0.6372920035,-1.525634313,-1.343597326,,0.0119923747,-0.857964528,1,1,1,1,1,1,1,1,1,0,1,1,11,0.0909090909,-0.295862797,0.028411,0.480473,-0.674904028
180043,-0.515101251,0.6629217084,-0.682889837,,0.3593368127,0.1636017162,,-4.173167671,,,-1.64117868,-0.025768396,1,1,1,0,1,1,0,1,0,0,1,1,8,0.125,-0.7315307,0.028411,0.480473,-1.581651389
180044,-0.500227897,0.9356322668,-2.039655818,0.4903874167,-0.257847709,-0.270541921,,0.6210143556,0.5880106234,-0.269713014,0.0119923747,0.9847554782,1,1,1,1,1,1,0,1,1,1,1,1,11,0.0909090909,0.0267096505,0.028411,0.480473,-0.003540096
180045,-0.351494357,1.0992586017,0.822272424,0.3157960191,0.0226907097,-1.138829195,1.2647836455,0.6210143556,,,-0.539064643,-0.441866462,1,1,1,1,1,1,1,1,0,0,1,1,10,0.1,0.1674561099,0.028411,0.480473,0.2893928461
180046,-0.510143466,-0.427920525,0.6526766764,,1.4253828055,1.03188899,,,,,0.1956780474,1.4602961249,1,1,1,0,1,1,0,0,0,0,1,1,7,0.1428571429,0.5468369505,0.028411,0.480473,1.0789910105
180048,-0.316789864,1.0447164901,-1.721663791,1.188753007,-0.014714413,0.5977453531,0.3235461825,0.6210143556,,-0.475061664,0.3793637201,1.2225258016,1,1,1,1,1,1,1,1,0,1,1,1,11,0.0909090909,0.2590395616,0.028411,0.480473,0.4800037511
180049,-0.396114419,0.8265480434,0.2074878387,,0.1162035161,-0.704685558,,0.3347945331,,0.5516815849,0.3793637201,0.2714445081,1,1,1,0,1,1,0,1,0,1,1,1,9,0.1111111111,0.1763026409,0.028411,0.480473,0.3078049637
180050,0.015381709,0.6629217084,0.5042803971,,0.0226907097,-0.270541921,,,,0.5516815849,-0.906435989,1.1036406399,1,1,1,0,1,1,0,0,0,1,1,1,8,0.125,0.2104523549,0.028411,0.480473,0.3788801173
180051,0.570653592,0.5538374851,-0.301299404,,-0.463575883,0.5977453531,-0.199363519,0.1916846219,0.6713893839,0.1409842852,0.0119923747,-2.284586468,1,1,1,0,1,1,1,1,1,1,1,1,11,0.0909090909,-0.046412562,0.028411,0.480473,-0.155727973
180056,0.4268778365,0.7720059318,-0.004506846,-1.430117957,0.7707931608,0.5977453531,,0.6210143556,,0.5516815849,0.1956780474,0.9253128974,1,1,1,1,1,1,0,1,0,1,1,1,10,0.1,0.3426484365,0.028411,0.480473,0.6540173203
180064,-0.321747649,-1.682389093,0.3982830548,,0.4902547416,-2.007116468,-0.931437101,0.4063494887,,0.5516815849,-0.355378971,-0.917407109,1,1,1,0,1,1,1,1,0,1,1,1,10,0.1,-0.436890752,0.028411,0.480473,-0.968422842
180066,-0.505185681,0.8810901551,-1.488469638,,0.6398752319,-0.270541921,,-0.452309979,,,1.2977920836,-1.809045821,1,1,1,0,1,1,0,1,0,0,1,1,8,0.125,-0.213349446,0.028411,0.480473,-0.503170552
180067,-0.52501682,0.6083795968,-0.174102594,0.7231759468,-0.538386129,-0.270541921,,0.4779044444,,0.1409842852,-0.355378971,-2.106258725,1,1,1,1,1,1,0,1,0,1,1,1,10,0.1,-0.201924089,0.028411,0.480473,-0.479391171
180069,-0.128394046,0.4447532618,0.4618814602,,-0.444873322,-0.704685558,,0.6210143556,,,-1.273807334,1.2225258016,1,1,1,0,1,1,0,1,0,0,1,1,8,0.125,0.0248018273,0.028411,0.480473,-0.007510813
18006F,-0.039153922,0.7174638201,,,,-0.270541921,,,,,,-0.025768396,1,1,0,0,0,1,0,0,0,0,0,1,4,0.25,0.0954998952,0.028411,0.480473,0.1396317381
180070,-0.430818911,-1.027883753,0.2074878387,,1.05133158,0.5977453531,,-0.166090156,,-0.269713014,1.4814777564,0.330887089,1,1,1,0,1,1,0,1,0,1,1,1,9,0.1111111111,0.197158198,0.028411,0.480473,0.35121124
180078,-0.485354543,0.5538374851,0.9070702979,,-0.089524658,-1.572972831,,-0.666974846,,,-0.171693298,1.1630832207,1,1,1,0,1,1,0,1,0,0,1,1,8,0.125,-0.045316146,0.028411,0.480473,-0.153446025
180079,0.6103158693,1.1538007134,-0.958482927,-0.848146631,0.1910137612,-0.270541921,0.5850010334,-1.310969446,,0.5516815849,-0.539064643,0.4497722506,1,1,1,1,1,1,1,1,0,1,1,1,11,0.0909090909,-0.035056396,0.028411,0.480473,-0.1320926
18007F,-0.029238353,0.0084163685,,,,0.5977453531,,0.6210143556,,,,-1.511832917,1,1,0,0,0,1,0,1,0,0,0,1,5,0.2,-0.062779039,0.028411,0.480473,-0.189791212
180080,-0.460565619,0.1720427035,-0.280099936,0.3157960191,-0.931139915,0.5977453531,0.8464558842,-0.094535201,0.893732745,0.1409842852,0.1956780474,0.8064277357,1,1,1,1,1,1,1,1,1,1,1,1,12,0.0833333333,0.1835435085,0.028411,0.480473,0.3228752444
180087,-0.356452141,0.6083795968,-1.891259539,1.4215415371,0.378039374,-0.270541921,,0.4779044444,,0.5516815849,0.3793637201,-1.03629227,1,1,1,1,1,1,0,1,0,1,1,1,10,0.1,0.0262364386,0.028411,0.480473,-0.004524984
180088,-0.356452141,0.5538374851,-0.280099936,0.1412046215,-0.444873322,-1.572972831,0.2189642422,0.4779044444,0.2683920418,0.1409842852,0.1956780474,-0.917407109,1,1,1,1,1,1,1,1,1,1,1,1,12,0.0833333333,-0.131236681,0.028411,0.480473,-0.332270807
180092,-0.366367711,0.0084163685,-0.746488242,0.0248103565,0.3032291289,0.5977453531,0.3758371527,0.1916846219,,-0.269713014,0.3793637201,1.044198059,1,1,1,1,1,1,1,1,0,1,1,1,11,0.0909090909,0.1402468903,0.028411,0.480473,0.2327628123
180093,-0.500227897,0.7174638201,0.037892091,0.7813730793,-0.12692978,0.1636017162,0.5850010334,0.6210143556,-0.634877863,0.5516815849,0.1956780474,-0.204096139,1,1,1,1,1,1,1,1,1,1,1,1,12,0.0833333333,0.1822978374,0.028411,0.480473,0.3202826528
180101,-0.336621003,-1.027883753,0.2922857125,-0.382569571,0.3406342514,0.1636017162,0.0098003615,0.3347945331,,0.5516815849,1.1141064109,-1.274062594,1,1,1,1,1,1,1,1,0,1,1,1,11,0.0909090909,-0.019475668,0.028411,0.480473,-0.099664726
180102,-0.158140754,0.7174638201,-2.230451034,-0.557160969,-0.482278445,-0.704685558,-0.35623643,0.1201296663,-1.732698208,0.5516815849,-0.355378971,-0.382423881,1,1,1,1,1,1,1,1,1,1,1,1,12,0.0833333333,-0.464181598,0.028411,0.480473,-1.025222763
180103,-0.272169802,0.9356322668,-0.661690368,-0.615358101,-0.931139915,0.1636017162,0.6372920035,-0.237645112,1.2411442468,0.3463329351,0.3793637201,-0.144653558,1,1,1,1,1,1,1,1,1,1,1,1,12,0.0833333333,0.0700591693,0.028411,0.480473,0.0866824367
180104,-0.485354543,0.7174638201,-0.91608399,0.2575988866,-1.024652722,-0.704685558,-1.192891952,0.0485747107,1.491280528,0.3463329351,-0.539064643,-0.025768396,1,1,1,1,1,1,1,1,1,1,1,1,12,0.0833333333,-0.168937577,0.028411,0.480473,-0.410736969
180105,-0.490312327,0.0629584801,0.271086244,1.0141616094,0.4902547416,0.5977453531,-3.441403669,,,,-2.008550025,,1,1,1,1,1,1,1,0,0,0,1,0,8,0.125,-0.438007449,0.028411,0.480473,-0.970747002
180115,-0.475438973,-0.809715306,0.4194825233,,-0.014714413,-0.704685558,,0.6210143556,,,0.3793637201,-0.798521947,1,1,1,0,1,1,0,1,0,0,1,1,8,0.125,-0.17290195,0.028411,0.480473,-0.418987943
180116,-0.485354543,-1.136967976,-2.675639872,2.0035128624,0.6024701093,-0.704685558,,-2.527403692,,-0.064364365,-0.171693298,-0.857964528,1,1,1,1,1,1,0,1,0,1,1,1,10,0.1,-0.601809086,0.028411,0.480473,-1.311664249
180124,-0.52501682,-0.646088971,-0.937283458,,-0.183037464,-1.138829195,0.6895829737,0.4779044444,,,0.3793637201,0.7469851548,1,1,1,0,1,1,1,1,0,0,1,1,9,0.1111111111,-0.126268846,0.028411,0.480473,-0.321931347
180127,-0.386198849,-1.355136423,0.3770835864,-0.498963836,-0.519683567,-1.138829195,0.7418739439,-6.534481206,,-0.680410314,0.3793637201,-0.441866462,1,1,1,1,1,1,1,1,0,1,1,1,11,0.0909090909,-0.914295328,0.028411,0.480473,-1.962035951
180128,-0.515101251,-1.846015428,0.7798734871,,0.0039881484,0.1636017162,,-0.094535201,,,-0.906435989,1.5791812866,1,1,1,0,1,1,0,1,0,0,1,1,8,0.125,-0.104430404,0.028411,0.480473,-0.27647941
180130,-0.470481189,0.5538374851,0.3346846494,-0.091583909,-0.482278445,-0.270541921,-2.343293296,0.2632395775,0.2128062015,0.5516815849,0.1956780474,0.1525593464,1,1,1,1,1,1,1,1,1,1,1,1,12,0.0833333333,-0.116140989,0.028411,0.480473,-0.300852429
180132,-0.505185681,-1.136967976,-0.449695684,-0.440766704,0.0975009548,0.5977453531,1.5262384964,-2.670513603,-0.843324764,0.5516815849,0.3793637201,-1.214620013,1,1,1,1,1,1,1,1,1,1,1,1,12,0.0833333333,-0.342378693,0.028411,0.480473,-0.771716681
180138,-0.515101251,0.1720427035,-0.258900467,0.6649788143,0.3032291289,0.5977453531,,0.6210143556,,-1.091107614,0.7467350655,-1.333505175,1,1,1,1,1,1,0,1,0,1,1,1,10,0.1,-0.009286909,0.028411,0.480473,-0.078459054
180139,0.6995559934,-2.664147103,0.589078271,,0.5276598642,1.03188899,,,,,-2.926978389,0.687542574,1,1,1,0,1,1,0,0,0,0,1,1,7,0.1428571429,-0.293628543,0.028411,0.480473,-0.670253916
180141,0.2037775264,0.4992953735,0.5042803971,1.1305558745,-0.987247599,-1.138829195,,-0.237645112,,0.3463329351,0.7467350655,-0.441866462,1,1,1,1,1,1,0,1,0,1,1,1,10,0.1,0.0625388804,0.028411,0.480473,0.0710306018
180143,-0.123436262,-1.736931205,-0.322498873,,-0.276550271,-1.138829195,0.6372920035,0.1916846219,,-0.475061664,0.5630493928,-0.679636785,1,1,1,0,1,1,1,1,0,1,1,1,10,0.1,-0.336091824,0.028411,0.480473,-0.758631939
180149,-0.52501682,-0.046125743,0.9070702979,,1.0139264574,0.5977453531,,,,,-0.539064643,,1,1,1,0,1,1,0,0,0,0,1,0,6,0.1666666667,0.2347558169,0.028411,0.480473,0.4294624529
180154,0.2483975884,0.8810901551,,,1.0887367025,0.5977453531,,,,,,,1,1,0,0,1,1,0,0,0,0,0,0,4,0.25,0.7039924498,0.028411,0.480473,1.4060757774
181301,-0.207718601,0.6629217084,0.0166926225,,0.583767548,0.1636017162,,,,,-4.029092425,,1,1,1,0,1,1,0,0,0,0,1,0,6,0.1666666667,-0.468304572,0.028411,0.480473,-1.03380383
181302,-0.296958725,1.1538007134,0.7374745502,,1.0139264574,1.03188899,,-4.173167671,,,-0.171693298,,1,1,1,0,1,1,0,1,0,0,1,0,7,0.1428571429,-0.100675569,0.028411,0.480473,-0.268664543
181304,,-0.155209967,0.0166926225,,0.6585777931,,,,,,,,0,1,1,0,1,0,0,0,0,0,0,0,3,0.3333333333,0.173353483,0.028411,0.480473,0.3016669372
181305,-0.505185681,0.3902111501,0.7162750817,,1.3505725604,0.5977453531,,0.4063494887,,,-1.090121662,1.8763941908,1,1,1,0,1,1,0,1,0,0,1,1,8,0.125,0.4677800602,0.028411,0.480473,0.9144514009
181306,-0.52501682,0.8265480434,1.0554665771,,1.1261418251,,,,,,-0.539064643,,1,1,1,0,1,0,0,0,0,0,1,0,5,0.2,0.3888149964,0.028411,0.480473,0.7501029078
181307,-0.401072203,0.6083795968,1.2250623248,,0.5276598642,1.03188899,,,,,-2.559607043,,1,1,1,0,1,1,0,0,0,0,1,0,6,0.1666666667,0.0720519215,0.028411,0.480473,0.0908299142
181308,-0.15318297,-0.537004748,-0.767687711,,1.0700341412,0.5977453531,,0.6210143556,,,,,1,1,1,0,1,1,0,1,0,0,0,0,6,0.1666666667,0.1384864036,0.028411,0.480473,0.2290987445
181309,,-2.827773438,-0.619291431,,1.2383571927,0.5977453531,,,,,-2.743292716,,0,1,1,0,1,1,0,0,0,0,1,0,5,0.2,-0.870851008,0.028411,0.480473,-1.87161611
181310,,-0.155209967,0.3770835864,,,,,,,,-0.539064643,,0,1,1,0,0,0,0,0,0,0,1,0,3,0.3333333333,-0.105730341,0.028411,0.480473,-0.279184945
181311,0.2285664498,1.0992586017,0.4406819917,,0.8456034059,0.5977453531,,0.4779044444,,,-4.763835116,,1,1,1,0,1,1,0,1,0,0,1,0,7,0.1428571429,-0.153439267,0.028411,0.480473,-0.37848063
181314,-0.515101251,-0.100667855,-2.209251566,,,,,,,,,,1,1,1,0,0,0,0,0,0,0,0,0,3,0.3333333333,-0.941673557,0.028411,0.480473,-2.019017742
181315,-0.296958725,0.8265480434,0.2286873071,,0.6398752319,0.5977453531,,,,0.5516815849,0.1956780474,,1,1,1,0,1,1,0,0,0,1,1,0,7,0.1428571429,0.3918938347,0.028411,0.480473,0.7565108356
181316,-0.361409926,0.4447532618,0.6526766764,,1.1261418251,,,,,,-2.192235698,,1,1,1,0,1,0,0,0,0,0,1,0,5,0.2,-0.066014772,0.028411,0.480473,-0.196525683
181317,-0.351494357,-2.936857661,0.4194825233,,1.4253828055,0.5977453531,,,,,,,1,1,1,0,1,1,0,0,0,0,0,0,5,0.2,-0.169148267,0.028411,0.480473,-0.411175474
181318,-0.520059035,-0.537004748,-1.997256881,,,,,,,,,,1,1,1,0,0,0,0,0,0,0,0,0,3,0.3333333333,-1.018106888,0.028411,0.480473,-2.178096988
181319,0.0352128476,-1.464220646,-1.700464323,,0.920413651,-0.270541921,,0.6210143556,,,,,1,1,1,0,1,1,0,1,0,0,0,0,6,0.1666666667,-0.309764339,0.028411,0.480473,-0.703837044
181320,,0.8810901551,1.2250623248,,1.2944648766,1.03188899,,,,,-0.722750316,1.1630832207,0,1,1,0,1,1,0,0,0,0,1,1,6,0.1666666667,0.8121398752,0.028411,0.480473,1.6311609674
181321,-0.500227897,-1.682389093,-0.428496215,,,,,,,,-1.090121662,,1,1,1,0,0,0,0,0,0,0,1,0,4,0.25,-0.925308717,0.028411,0.480473,-1.984957909
181322,,0.4447532618,0.1014904963,0.9559644769,,,,,,,0.1956780474,,0,1,1,1,0,0,0,0,0,0,1,0,4,0.25,0.4244715706,0.028411,0.480473,0.824314261
181323,-0.500227897,0.0084163685,-0.746488242,,0.714685477,,,,,,,-1.987373564,1,1,1,0,1,0,0,0,0,0,0,1,5,0.2,-0.502197571,0.028411,0.480473,-1.104344689
181324,-0.500227897,-0.100667855,-1.170477611,,,,,,,,,,1,1,1,0,0,0,0,0,0,0,0,0,3,0.3333333333,-0.590457788,0.028411,0.480473,-1.288039007
181325,,-2.609604991,-2.442445719,,0.247121445,0.5977453531,,,,,-1.824864352,,0,1,1,0,1,1,0,0,0,0,1,0,5,0.2,-1.206409653,0.028411,0.480473,-2.570007968
181327,-0.168056324,-1.90055754,0.1650889017,,1.1635469476,0.5977453531,,,,,0.1956780474,,1,1,1,0,1,1,0,0,0,0,1,0,6,0.1666666667,0.0089075644,0.028411,0.480473,-0.040591241
181328,-0.455607835,1.0992586017,0.4406819917,,1.0700341412,0.5977453531,,-0.738529801,,,-1.64117868,0.8064277357,1,1,1,0,1,1,0,1,0,0,1,1,8,0.125,0.1473539385,0.028411,0.480473,0.2475545771
181329,1.0069386429,0.2811269268,0.6314772079,,0.2845265676,-2.875403742,0.480419093,-1.525634313,,,-1.457493007,0.6280999932,1,1,1,0,1,1,1,1,0,0,1,1,9,0.1111111111,-0.282882515,0.028411,0.480473,-0.647888411
181330,,-2.991399773,-0.788887179,,,,,,,,0.0119923747,,0,1,1,0,0,0,0,0,0,0,1,0,3,0.3333333333,-1.256098192,0.028411,0.480473,-2.673423785
181331,-0.475438973,1.0992586017,0.7586740187,,1.4440853668,0.5977453531,,,,,-1.64117868,,1,1,1,0,1,1,0,0,0,0,1,0,6,0.1666666667,0.2971909479,0.028411,0.480473,0.5594075094
181332,-0.52501682,-1.136967976,-2.103254224,,1.2009520702,1.03188899,,,,,0.7467350655,0.4497722506,1,1,1,0,1,1,0,0,0,0,1,1,7,0.1428571429,-0.047984378,0.028411,0.480473,-0.158999364
190002,-0.52501682,0.3902111501,-0.852485584,1.3051472721,-0.183037464,-0.270541921,,-0.022980245,,0.1409842852,0.0119923747,-0.97684969,1,1,1,1,1,1,0,1,0,1,1,1,10,0.1,-0.098257664,0.028411,0.480473,-0.263632204
190004,-0.485354543,0.1175005918,-0.407296747,,-0.332657955,0.1636017162,1.107910735,-4.173167671,,0.5516815849,0.3793637201,0.8064277357,1,1,1,0,1,1,1,1,0,1,1,1,10,0.1,-0.227199083,0.028411,0.480473,-0.531995539
190005,0.9920652889,0.4447532618,-0.619291431,-0.266175306,-3.399878004,-3.309547379,-1.245182922,0.0485747107,,,0.5630493928,-0.204096139,1,1,1,1,1,1,1,1,0,0,1,1,10,0.1,-0.699572853,0.028411,0.480473,-1.515138127
190006,-0.52501682,0.6083795968,-2.166852629,-0.382569571,0.1536086387,0.1636017162,-0.669982251,0.4779044444,,,0.0119923747,0.2120019273,1,1,1,1,1,1,1,1,0,0,1,1,10,0.1,-0.211693257,0.028411,0.480473,-0.499723557
190007,-0.52501682,1.2083428251,-1.361272828,-1.953892149,0.3219316902,-0.704685558,-0.931437101,0.5494594,,0.1409842852,1.1141064109,0.6280999932,1,1,1,1,1,1,1,1,0,1,1,1,11,0.0909090909,-0.137579986,0.028411,0.480473,-0.345473009
190008,-0.30191651,0.4447532618,-0.110504188,,-0.164334903,-2.007116468,1.107910735,0.5494594,,0.3463329351,0.1956780474,1.3414109632,1,1,1,0,1,1,1,1,0,1,1,1,10,0.1,0.1401673273,0.028411,0.480473,0.2325972193
190011,-0.52501682,0.4447532618,-5.367972367,,0.1536086387,0.1636017162,,0.4063494887,,0.5516815849,0.5630493928,-1.571275498,1,1,1,0,1,1,0,1,0,1,1,1,9,0.1111111111,-0.575691178,0.028411,0.480473,-1.257305542
190013,-0.440734481,-0.26429419,-1.700464323,-1.488315089,0.714685477,0.5977453531,-0.879146131,0.6210143556,,0.5516815849,-0.906435989,0.2714445081,1,1,1,1,1,1,1,1,0,1,1,1,11,0.0909090909,-0.265710811,0.028411,0.480473,-0.61214927
190014,-0.52501682,0.6629217084,0.0590915594,,1.4814904893,1.03188899,0.2189642422,0.1916846219,,,-0.355378971,0.687542574,1,1,1,0,1,1,1,1,0,0,1,1,9,0.1111111111,0.3836875994,0.028411,0.480473,0.7394313534
190015,-0.52501682,0.0084163685,-1.149278143,-0.789949499,-0.351360516,-2.007116468,0.9510378245,-1.382524402,,0.5516815849,-0.722750316,-0.679636785,1,1,1,1,1,1,1,1,0,1,1,1,11,0.0909090909,-0.554227016,0.028411,0.480473,-1.212632586
190017,-0.475438973,-0.318836301,-2.866435088,,0.4154444965,0.1636017162,1.2124926754,0.1916846219,-0.829428304,0.3463329351,0.9304207382,-0.3229813,1,1,1,0,1,1,1,1,1,1,1,1,11,0.0909090909,-0.141194799,0.028411,0.480473,-0.352996449
190019,0.119495187,0.4447532618,-3.799211701,0.8977673444,-1.043355283,0.1636017162,,0.6210143556,-0.912807064,0.5516815849,0.1956780474,1.044198059,1,1,1,1,1,1,0,1,1,1,1,1,11,0.0909090909,-0.156107681,0.028411,0.480473,-0.384034349
190020,-0.52501682,0.4447532618,-0.068105251,,-0.631898935,-0.270541921,0.8464558842,-0.59541989,,-0.269713014,0.7467350655,0.3903296698,1,1,1,0,1,1,1,1,0,1,1,1,10,0.1,0.006757805,0.028411,0.480473,-0.045065495
190025,-0.460565619,0.2811269268,0.589078271,,0.7707931608,0.5977453531,,0.6210143556,,,-2.743292716,1.9358367716,1,1,1,0,1,1,0,1,0,0,1,1,8,0.125,0.1989670629,0.028411,0.480473,0.3549759964
190026,-0.356452141,-2.009641763,0.1438894333,0.4321902842,-0.332657955,0.5977453531,1.0033287947,0.5494594,-1.135150425,0.5516815849,-0.171693298,-0.382423881,1,1,1,1,1,1,1,1,1,1,1,1,12,0.0833333333,-0.092477051,0.028411,0.480473,-0.251601123
190027,0.2037775264,0.6629217084,-1.785262197,0.083007489,-0.183037464,0.1636017162,0.8987468544,0.6210143556,,,0.0119923747,0.9847554782,1,1,1,1,1,1,1,1,0,0,1,1,10,0.1,0.1661517842,0.028411,0.480473,0.2866781777
190034,-0.024280568,0.6083795968,-2.802836683,,1.0139264574,0.5977453531,,0.6210143556,,0.5516815849,0.1956780474,-1.392947755,1,1,1,0,1,1,0,1,0,1,1,1,9,0.1111111111,-0.070182179,0.028411,0.480473,-0.205199228
190036,-0.52501682,0.1720427035,-0.08930472,-0.149781041,-0.4074682,0.5977453531,-0.669982251,0.4063494887,1.2550407068,0.5516815849,-0.539064643,0.8064277357,1,1,1,1,1,1,1,1,1,1,1,1,12,0.0833333333,0.1173891582,0.028411,0.480473,0.1851894469
190039,-0.510143466,-0.209752078,-0.682889837,-0.964540896,0.3219316902,-0.270541921,-1.872674564,0.6210143556,,0.5516815849,0.0119923747,-0.560751624,1,1,1,1,1,1,1,1,0,1,1,1,11,0.0909090909,-0.324061307,0.028411,0.480473,-0.733593053
190040,-0.520059035,-0.646088971,-1.297674422,-0.440766704,-1.136868089,0.1636017162,1.0556197649,0.6210143556,-2.03842033,0.1409842852,-0.355378971,0.3903296698,1,1,1,1,1,1,1,1,1,1,1,1,12,0.0833333333,-0.338642228,0.028411,0.480473,-0.763940047
190041,1.0961787669,0.4992953735,-1.000881864,-1.080935161,-0.313955393,-0.704685558,,0.3347945331,0.101634521,-0.064364365,-0.171693298,0.0931167656,1,1,1,1,1,1,0,1,1,1,1,1,11,0.0909090909,-0.110135971,0.028411,0.480473,-0.288354299
190044,-0.52501682,0.3902111501,-0.661690368,,0.7333880382,-1.138829195,,-1.167859535,,,-0.906435989,-0.3229813,1,1,1,0,1,1,0,1,0,0,1,1,8,0.125,-0.449901752,0.028411,0.480473,-0.99550239
190045,0.0500862017,0.1720427035,0.1014904963,-0.557160969,-0.145632342,0.5977453531,0.2189642422,0.6210143556,-0.787738924,0.5516815849,0.1956780474,0.6280999932,1,1,1,1,1,1,1,1,1,1,1,1,12,0.0833333333,0.1371892286,0.028411,0.480473,0.2263989589
190046,-0.356452141,-0.046125743,-4.053605322,1.072358742,-0.070822097,-0.270541921,,-1.954964047,,0.3463329351,1.1141064109,-1.095734851,1,1,1,1,1,1,0,1,0,1,1,1,10,0.1,-0.531544803,0.028411,0.480473,-1.165424528
190050,-0.242423094,-0.973341641,-1.19167708,,-0.519683567,0.5977453531,-1.977256505,0.5494594,,0.5516815849,0.1956780474,-0.441866462,1,1,1,0,1,1,1,1,0,1,1,1,10,0.1,-0.345168396,0.028411,0.480473,-0.777522838
190053,-0.52501682,0.3356690385,0.3770835864,,1.05133158,-0.270541921,,0.5494594,,0.5516815849,-0.539064643,-1.095734851,1,1,1,0,1,1,0,1,0,1,1,1,9,0.1111111111,0.0483185505,0.028411,0.480473,0.0414340981
190054,1.0069386429,0.0084163685,-5.198376619,,0.714685477,0.1636017162,0.166673272,-0.380755023,,0.1409842852,0.5630493928,1.6386238674,1,1,1,0,1,1,1,1,0,1,1,1,10,0.1,-0.117615862,0.028411,0.480473,-0.303922055
190060,-0.52501682,0.9901743784,-1.933658476,0.083007489,-0.55708869,0.1636017162,0.2712552124,0.6210143556,,-0.064364365,0.7467350655,-0.97684969,1,1,1,1,1,1,1,1,0,1,1,1,11,0.0909090909,-0.107380893,0.028411,0.480473,-0.282620207
190064,-0.515101251,0.3902111501,-0.343698341,-1.953892149,-0.033416974,0.5977453531,-0.46081837,0.3347945331,0.490735403,,-0.539064643,-0.144653558,1,1,1,1,1,1,1,1,1,0,1,1,11,0.0909090909,-0.197923532,0.028411,0.480473,-0.471064888
190065,-0.52501682,-3.318652443,0.7374745502,,-0.613196374,0.5977453531,-1.245182922,0.3347945331,,-1.501804914,0.7467350655,1.3414109632,1,1,1,0,1,1,1,1,0,1,1,1,10,0.1,-0.344569301,0.028411,0.480473,-0.776275952
190079,-0.52501682,0.6083795968,-0.810086648,,0.7894957221,1.03188899,,0.6210143556,,,-0.355378971,1.7575090291,1,1,1,0,1,1,0,1,0,0,1,1,8,0.125,0.3897256569,0.028411,0.480473,0.7519982483
190086,-0.470481189,-2.22781021,0.9494692348,1.1305558745,-0.033416974,-0.704685558,1.2124926754,0.6210143556,,-2.528548163,0.3793637201,0.5686574123,1,1,1,1,1,1,1,1,0,1,1,1,11,0.0909090909,-0.100308075,0.028411,0.480473,-0.267899684
190088,-0.455607835,0.0084163685,-2.060855287,,0.7894957221,0.1636017162,-1.611219714,-0.094535201,,,-1.64117868,,1,1,1,0,1,1,1,1,0,0,1,0,8,0.125,-0.612735364,0.028411,0.480473,-1.334404904
190090,0.1889041724,-3.155026108,0.5678788025,,1.1448443863,0.5977453531,,-0.523864934,,,-0.722750316,0.330887089,1,1,1,0,1,1,0,1,0,0,1,1,8,0.125,-0.196422694,0.028411,0.480473,-0.467941224
190098,-0.52501682,0.5538374851,-7.085129312,0.9559644769,-1.510919315,0.1636017162,,0.5494594,,,-0.906435989,-1.452390336,1,1,1,1,1,1,0,1,0,0,1,1,9,0.1111111111,-1.028558744,0.028411,0.480473,-2.199850237
190099,-0.490312327,-0.700631083,0.4618814602,,1.4066802442,0.1636017162,,-1.024749624,,,-0.539064643,-2.522356791,1,1,1,0,1,1,0,1,0,0,1,1,8,0.125,-0.405618881,0.028411,0.480473,-0.903337288
190102,-0.52501682,0.2265848151,-1.149278143,-0.266175306,0.1536086387,0.1636017162,,-0.309200067,0.699182304,0.3463329351,0.3793637201,0.687542574,1,1,1,1,1,1,0,1,1,1,1,1,11,0.0909090909,0.0369587606,0.028411,0.480473,0.0177911824
190106,0.5409068839,-1.736931205,-1.297674422,,0.9017110897,0.5977453531,,-6.534481206,,,-1.273807334,-1.511832917,1,1,1,0,1,1,0,1,0,0,1,1,8,0.125,-1.28929547,0.028411,0.480473,-2.74251665
190111,-0.500227897,-0.59154686,-1.361272828,-0.440766704,-0.257847709,-1.572972831,0.3235461825,0.3347945331,1.4634876079,-0.680410314,-0.539064643,-0.204096139,1,1,1,1,1,1,1,1,1,1,1,1,12,0.0833333333,-0.335531467,0.028411,0.480473,-0.757465679
190114,-0.470481189,-1.955099651,-1.19167708,,1.3505725604,0.5977453531,,0.0485747107,,,-2.375921371,,1,1,1,0,1,1,0,1,0,0,1,0,7,0.1428571429,-0.570898095,0.028411,0.480473,-1.247329789
190116,-0.520059035,-1.2460522,-2.357647845,,1.0326290187,-0.270541921,,0.5494594,,0.5516815849,1.1141064109,0.0336741848,1,1,1,0,1,1,0,1,0,1,1,1,9,0.1111111111,-0.123638934,0.028411,0.480473,-0.316457759
190118,-0.52501682,-0.646088971,-0.237700999,,0.9391162123,0.1636017162,,-0.881639712,,,0.3793637201,,1,1,1,0,1,1,0,1,0,0,1,0,7,0.1428571429,-0.115480693,0.028411,0.480473,-0.299478169
190125,-0.485354543,0.3902111501,-1.46727017,0.2575988866,-1.230380896,0.1636017162,-0.4085274,,-0.468120342,0.5516815849,0.1956780474,0.7469851548,1,1,1,1,1,1,1,0,1,1,1,1,11,0.0909090909,-0.159445165,0.028411,0.480473,-0.39098059
190128,-0.520059035,0.0084163685,1.0766660456,,0.1723111999,1.03188899,,-0.237645112,,0.1409842852,2.3999061199,,1,1,1,0,1,1,0,1,0,1,1,0,8,0.125,0.5090586077,0.028411,0.480473,1.0003636607
190133,1.0466009202,-0.91879953,-3.078429773,,1.2944648766,0.5977453531,,,,,0.7467350655,,1,1,1,0,1,1,0,0,0,0,1,0,6,0.1666666667,-0.051947181,0.028411,0.480473,-0.167247072
190140,-0.52501682,-3.264110331,-0.046905783,,-0.108227219,-2.441260105,,,,,-1.090121662,-1.571275498,1,1,1,0,1,1,0,0,0,0,1,1,7,0.1428571429,-1.292416774,0.028411,0.480473,-2.749012962
190144,-0.470481189,0.3902111501,-0.110504188,,0.6024701093,-0.270541921,0.2712552124,0.5494594,,0.1409842852,1.1141064109,1.2225258016,1,1,1,0,1,1,1,1,0,1,1,1,10,0.1,0.3439485072,0.028411,0.480473,0.6567231328
190145,-0.52501682,-3.045941885,0.3346846494,,0.583767548,0.5977453531,,,,,1.1141064109,-2.581799372,1,1,1,0,1,1,0,0,0,0,1,1,7,0.1428571429,-0.503207731,0.028411,0.480473,-1.106447115
190151,-0.505185681,-1.791473316,-6.131153231,,1.9490545212,0.5977453531,,,,,0.9304207382,1.4602961249,1,1,1,0,1,1,0,0,0,0,1,1,7,0.1428571429,-0.498613642,0.028411,0.480473,-1.096885524
190160,-0.505185681,0.0084163685,-2.760437746,,0.0975009548,0.5977453531,,,,,0.1956780474,0.4497722506,1,1,1,0,1,1,0,0,0,0,1,1,7,0.1428571429,-0.273787208,0.028411,0.480473,-0.628958521
190164,3.3668441456,-1.90055754,-1.870060071,,1.0887367025,0.5977453531,0.2712552124,-0.022980245,,-3.144594112,0.7467350655,1.4008535441,1,1,1,0,1,1,1,1,0,1,1,1,10,0.1,0.0533978055,0.028411,0.480473,0.0520054556
190167,-0.490312327,-0.700631083,-0.046905783,2.0035128624,0.583767548,-0.270541921,,0.6210143556,-0.996185825,,-1.273807334,0.2120019273,1,1,1,1,1,1,0,1,1,0,1,1,10,0.1,-0.035808758,0.028411,0.480473,-0.133658477
190176,-0.435776696,-0.100667855,-2.378847314,-0.731752366,-0.220442587,0.5977453531,-1.297473893,0.3347945331,-1.524251307,0.3463329351,-0.722750316,0.0336741848,1,1,1,1,1,1,1,1,1,1,1,1,12,0.0833333333,-0.508284611,0.028411,0.480473,-1.117013529
190183,-0.52501682,0.3902111501,0.7586740187,,0.4902547416,0.5977453531,,0.6210143556,,,-0.171693298,-0.204096139,1,1,1,0,1,1,0,1,0,0,1,1,8,0.125,0.2446366703,0.028411,0.480473,0.450027286
190184,-0.455607835,-3.045941885,0.2074878387,,0.714685477,0.5977453531,,-0.452309979,,,-2.375921371,,1,1,1,0,1,1,0,1,0,0,1,0,7,0.1428571429,-0.6871232,0.028411,0.480473,-1.4892269
190190,-0.366367711,-2.55506288,,,,,,,,,2.3999061199,,1,1,0,0,0,0,0,0,0,0,1,0,3,0.3333333333,-0.17384149,0.028411,0.480473,-0.42094339
190201,0.4169622672,0.7174638201,-3.778012232,,0.3406342514,-0.704685558,,-0.59541989,,-0.064364365,1.1141064109,1.044198059,1,1,1,0,1,1,0,1,0,1,1,1,9,0.1111111111,-0.167679693,0.028411,0.480473,-0.408118958
190202,-0.52501682,0.1720427035,-1.19167708,-1.371920824,-0.4074682,0.5977453531,0.2712552124,0.6210143556,,0.1409842852,-0.355378971,1.044198059,1,1,1,1,1,1,1,1,0,1,1,1,11,0.0909090909,-0.091292902,0.028411,0.480473,-0.249136577
190208,-0.52501682,-2.88231555,,,1.4440853668,-1.572972831,,,,,-2.926978389,,1,1,0,0,1,1,0,0,0,0,1,0,5,0.2,-1.292639645,0.028411,0.480473,-2.749476818
190218,0.3475532818,-1.027883753,-0.025706314,,0.2284188838,0.5977453531,,,,,-1.64117868,,1,1,1,0,1,1,0,0,0,0,1,0,6,0.1666666667,-0.253508538,0.028411,0.480473,-0.58675291
190241,-0.510143466,-0.91879953,,,,,,-3.242953248,,,,,1,1,0,0,0,0,0,1,0,0,0,0,3,0.3333333333,-1.557298748,0.028411,0.480473,-3.300306802
190245,-0.52501682,-1.409678535,-6.385546853,-0.266175306,,,,0.6210143556,-0.690463703,,,,1,1,1,1,0,0,0,1,1,0,0,0,6,0.1666666667,-1.442644477,0.028411,0.480473,-3.061679037
190251,-0.500227897,-2.827773438,,,,,,,,,,,1,1,0,0,0,0,0,0,0,0,0,0,2,0.5,-1.664000667,0.028411,0.480473,-3.522383488
190255,-0.262254233,-1.2460522,,,,,,-3.672282982,,,-2.375921371,,1,1,0,0,0,0,0,1,0,0,1,0,4,0.25,-1.889127696,0.028411,0.480473,-3.990936113
190256,-0.52501682,-2.991399773,,,,,,,,,-2.559607043,,1,1,0,0,0,0,0,0,0,0,1,0,3,0.3333333333,-2.025341212,0.028411,0.480473,-4.274434726
190259,-0.52501682,-1.627846981,,,,,,,,,-3.110664061,,1,1,0,0,0,0,0,0,0,0,1,0,3,0.3333333333,-1.754509288,0.028411,0.480473,-3.710757366
190266,1.2697012304,0.8265480434,,,,,,,,,0.7467350655,,1,1,0,0,0,0,0,0,0,0,1,0,3,0.3333333333,0.9476614464,0.028411,0.480473,1.9132194492
190267,-0.490312327,-1.300594311,,,,,,,,,-0.906435989,,1,1,0,0,0,0,0,0,0,0,1,0,3,0.3333333333,-0.899114209,0.028411,0.480473,-1.930439776
190270,0.7838383328,-2.55506288,,,,,,,,,-0.171693298,,1,1,0,0,0,0,0,0,0,0,1,0,3,0.3333333333,-0.647639282,0.028411,0.480473,-1.407049768
190274,-0.52501682,0.4447532618,-1.149278143,0.8977673444,0.247121445,0.1636017162,-0.303945459,0.6210143556,,0.5516815849,0.3793637201,-0.441866462,1,1,1,1,1,1,1,1,0,1,1,1,11,0.0909090909,0.0804724131,0.028411,0.480473,0.1083553239
190278,-0.212676386,-0.809715306,,,,,,,,,-2.192235698,,1,1,0,0,0,0,0,0,0,0,1,0,3,0.3333333333,-1.071542463,0.028411,0.480473,-2.289311439
190298,-0.52501682,-0.700631083,-0.852485584,,,,,0.6210143556,-0.676567243,,0.1956780474,,1,1,1,0,0,0,0,1,1,0,1,0,6,0.1666666667,-0.323001388,0.028411,0.480473,-0.731387063
190303,-0.52501682,-0.155209967,,,,,,-1.454079357,,,-2.743292716,,1,1,0,0,0,0,0,1,0,0,1,0,4,0.25,-1.219399715,0.028411,0.480473,-2.597043939
190308,-0.52501682,0.4447532618,-0.767687711,,0.3032291289,0.1636017162,-0.722273221,0.4779044444,,,0.1956780474,1.4008535441,1,1,1,0,1,1,1,1,0,0,1,1,9,0.1111111111,0.107893599,0.028411,0.480473,0.1654265193
190312,-0.52501682,0.6083795968,-0.152903125,,0.6398752319,,-0.094781579,0.2632395775,,0.5516815849,0.3793637201,0.2120019273,1,1,1,0,1,0,1,1,0,1,1,1,9,0.1111111111,0.209093346,0.028411,0.480473,0.3760516378
190313,3.421379777,-0.100667855,0.037892091,,0.3593368127,-0.270541921,-2.081838445,0.6210143556,,,-0.355378971,-0.204096139,1,1,1,0,1,1,1,1,0,0,1,1,9,0.1111111111,0.158566634,0.028411,0.480473,0.2708913482
190316,-0.52501682,-2.827773438,,,-0.519683567,-0.270541921,,,,,,1.1036406399,1,1,0,0,1,1,0,0,0,0,0,1,5,0.2,-0.607875021,0.028411,0.480473,-1.324289166
190317,-0.52501682,0.6629217084,-8.611491041,,,,,,,0.5516815849,1.8488491018,,1,1,1,0,0,0,0,0,0,1,1,0,5,0.2,-1.214611093,0.028411,0.480473,-2.587077471
190318,-0.515101251,-0.809715306,-1.382472296,0.8977673444,0.9391162123,0.5977453531,,0.5494594,,0.5516815849,0.0119923747,1.6386238674,1,1,1,1,1,1,0,1,0,1,1,1,10,0.1,0.2479097284,0.028411,0.480473,0.4568394398
19043F,-0.366367711,-0.100667855,,,,,,,,,,,1,1,0,0,0,0,0,0,0,0,0,0,2,0.5,-0.233517783,0.028411,0.480473,-0.545146529
19047F,-0.014364999,-0.318836301,,,,0.5977453531,,-1.454079357,,,,-1.69016066,1,1,0,0,0,1,0,1,0,0,0,1,5,0.2,-0.575939193,0.028411,0.480473,-1.25782173
19048F,-0.277127587,0.0084163685,,,,-0.270541921,,0.6210143556,,,,-1.927930983,1,1,0,0,0,1,0,1,0,0,0,1,5,0.2,-0.369233953,0.028411,0.480473,-0.827610026
191300,-0.158140754,-2.22781021,,,1.3131674378,0.5977453531,,,,,,,1,1,0,0,1,1,0,0,0,0,0,0,4,0.25,-0.118759543,0.028411,0.480473,-0.306302377
191301,-0.45065005,-1.191510088,-0.534493558,,-0.12692978,1.03188899,,,,,-0.171693298,1.1036406399,1,1,1,0,1,1,0,0,0,0,1,1,7,0.1428571429,-0.048535306,0.028411,0.480473,-0.160146001
191302,-0.52501682,0.5538374851,-1.022081332,0.6649788143,1.1074392638,,0.1143823019,,,,-2.743292716,-1.214620013,1,1,1,1,1,0,1,0,0,0,1,1,8,0.125,-0.383046627,0.028411,0.480473,-0.856358083
191304,,-3.100483996,0.8010729556,,0.8830085285,,,,,,0.7467350655,,0,1,1,0,1,0,0,0,0,0,1,0,4,0.25,-0.167416862,0.028411,0.480473,-0.407571933
191305,,0.7720059318,-0.513294089,,0.8830085285,0.5977453531,,0.6210143556,,,0.5630493928,1.6980664483,0,1,1,0,1,1,0,1,0,0,1,1,7,0.1428571429,0.6602279887,0.028411,0.480473,1.3149896327
191306,,-0.155209967,,,1.2944648766,0.5977453531,,,,,,,0,1,0,0,1,1,0,0,0,0,0,0,3,0.3333333333,0.5790000877,0.028411,0.480473,1.1459315394
191307,,,1.2250623248,,1.1074392638,0.5977453531,,,,,,,0,0,1,0,1,1,0,0,0,0,0,0,3,0.3333333333,0.9767489806,0.028411,0.480473,1.9737587835
191309,,-1.627846981,,,1.2383571927,,,,,,,,0,1,0,0,1,0,0,0,0,0,0,0,2,0.5,-0.194744894,0.028411,0.480473,-0.46444925
191310,-0.52501682,-0.59154686,-4.392796818,,1.2757623153,0.5977453531,-0.669982251,0.6210143556,,0.5516815849,,0.3903296698,1,1,1,0,1,1,1,1,0,1,0,1,9,0.1111111111,-0.304756608,0.028411,0.480473,-0.693414547
191311,,-2.773231326,1.0342671087,,0.714685477,,,,,,-1.090121662,,0,1,1,0,1,0,0,0,0,0,1,0,4,0.25,-0.528600101,0.028411,0.480473,-1.159295773
191312,0.1789886031,-0.318836301,0.6102777394,,,,,,,,-0.355378971,,1,1,1,0,0,0,0,0,0,0,1,0,4,0.25,0.0287627676,0.028411,0.480473,0.0007330172
191313,,-0.646088971,0.1650889017,,,-0.704685558,,-0.738529801,,,,,0,1,1,0,0,1,0,1,0,0,0,0,4,0.25,-0.481053857,0.028411,0.480473,-1.060338677
191315,-0.52501682,-2.009641763,-0.682889837,,1.0326290187,1.03188899,,0.6210143556,,,-0.355378971,,1,1,1,0,1,1,0,1,0,0,1,0,7,0.1428571429,-0.126770718,0.028411,0.480473,-0.322975883
191316,1.9786644381,0.2811269268,0.2498867756,,0.6772803544,0.5977453531,,,,,,,1,1,1,0,1,1,0,0,0,0,0,0,5,0.2,0.7569407696,0.028411,0.480473,1.5162761135
191317,,-1.464220646,-2.039655818,,0.583767548,0.5977453531,,0.6210143556,,,1.1141064109,0.2714445081,0,1,1,0,1,1,0,1,0,0,1,1,7,0.1428571429,-0.045114041,0.028411,0.480473,-0.153025387
191318,,,,,,,,,,,0.3793637201,,0,0,0,0,0,0,0,0,0,0,1,0,1,1,0.3793637201,0.028411,0.480473,0.7304321452
191320,-0.406029988,,,,,0.5977453531,,,,,,,1,0,0,0,0,1,0,0,0,0,0,0,2,0.5,0.0958576826,0.028411,0.480473,0.1403763941
191321,3.7337202112,0.0084163685,-1.594466981,,1.2383571927,-0.704685558,,-1.382524402,,,-0.906435989,,1,1,1,0,1,1,0,1,0,0,1,0,7,0.1428571429,0.0560544062,0.028411,0.480473,0.0575345883
191322,-0.52501682,0.8265480434,-1.361272828,,1.1635469476,0.5977453531,,0.6210143556,,,-0.722750316,-0.620194204,1,1,1,0,1,1,0,1,0,0,1,1,8,0.125,-0.002547434,0.028411,0.480473,-0.064432312
191323,0.104621833,-1.90055754,-0.513294089,,0.0787983936,0.5977453531,,0.2632395775,,,0.1956780474,,1,1,1,0,1,1,0,1,0,0,1,0,7,0.1428571429,-0.167681203,0.028411,0.480473,-0.408122102
191324,-0.52501682,0.3356690385,0.3770835864,,1.0887367025,0.5977453531,,0.2632395775,,0.5516815849,1.8488491018,0.9253128974,1,1,1,0,1,1,0,1,0,1,1,1,9,0.1111111111,0.6070334469,0.028411,0.480473,1.2042768394
191325,-0.420903342,0.1175005918,,,2.2108903791,0.5977453531,,,,,,,1,1,0,0,1,1,0,0,0,0,0,0,4,0.25,0.6263082455,0.028411,0.480473,1.2443931131
191326,,,1.2250623248,,0.8456034059,,,,,,,,0,0,1,0,1,0,0,0,0,0,0,0,2,0.5,1.0353328654,0.028411,0.480473,2.0956883144
200001,0.1988197417,0.3902111501,0.8010729556,-2.128483547,-0.85632967,-0.704685558,,0.3347945331,,,0.1956780474,1.6386238674,1,1,1,1,1,1,0,1,0,0,1,1,9,0.1111111111,-0.014477609,0.028411,0.480473,-0.08926236
200008,0.5458646686,1.0447164901,0.1226899648,-1.022738029,-1.043355283,-0.704685558,,0.6210143556,,0.5516815849,-0.171693298,0.8064277357,1,1,1,1,1,1,0,1,0,1,1,1,10,0.1,0.0749922632,0.028411,0.480473,0.0969495917
200009,-0.465523404,1.2628849367,0.5678788025,0.4903874167,-2.015888469,-0.270541921,-1.558928743,0.6210143556,0.4212531026,0.5516815849,-0.539064643,1.1036406399,1,1,1,1,1,1,1,1,1,1,1,1,12,0.0833333333,0.0140661382,0.028411,0.480473,-0.029854799
200018,-0.415945557,0.9901743784,0.589078271,-0.382569571,-1.00595016,-2.875403742,,0.6210143556,,0.5516815849,-0.539064643,0.8658703165,1,1,1,1,1,1,0,1,0,1,1,1,10,0.1,-0.160111477,0.028411,0.480473,-0.392367374
200019,-0.480396758,1.2083428251,0.5042803971,0.6067816818,-0.762816864,-0.704685558,-2.134129415,0.6210143556,-0.287466361,0.5516815849,-0.539064643,-0.560751624,1,1,1,1,1,1,1,1,1,1,1,1,12,0.0833333333,-0.164767532,0.028411,0.480473,-0.402057932
200020,2.6925854306,1.2083428251,-0.195302062,0.1994017541,0.0600958323,0.1636017162,,0.4779044444,,,0.9304207382,0.5092148315,1,1,1,1,1,1,0,1,0,0,1,1,9,0.1111111111,0.6718072789,0.028411,0.480473,1.3390893903
200021,-0.435776696,0.8810901551,0.0166926225,0.4321902842,-1.155570651,0.1636017162,-0.35623643,0.3347945331,,0.5516815849,-0.355378971,-0.025768396,1,1,1,1,1,1,1,1,0,1,1,1,11,0.0909090909,0.0046654321,0.028411,0.480473,-0.049420311
200024,-0.52501682,1.0447164901,-0.322498873,-1.430117957,-0.968545038,-1.572972831,0.6372920035,0.6210143556,,0.5516815849,-0.171693298,1.1036406399,1,1,1,1,1,1,1,1,0,1,1,1,11,0.0909090909,-0.093863613,0.028411,0.480473,-0.254486948
200031,0.1541996797,1.0992586017,-0.258900467,,0.247121445,0.1636017162,,0.6210143556,,-0.680410314,1.8488491018,-0.917407109,1,1,1,0,1,1,0,1,0,1,1,1,9,0.1111111111,0.2530363344,0.028411,0.480473,0.4675093479
200033,-0.128394046,1.2083428251,0.5254798656,0.7231759468,-1.080760406,-0.270541921,,0.4779044444,0.7130787641,0.5516815849,0.5630493928,0.9253128974,1,1,1,1,1,1,0,1,1,1,1,1,11,0.0909090909,0.3825753953,0.028411,0.480473,0.7371165441
200034,-0.177971893,0.1720427035,0.6950756133,,-0.164334903,-0.270541921,,0.6210143556,,,0.1956780474,1.4008535441,1,1,1,0,1,1,0,1,0,0,1,1,8,0.125,0.3089769434,0.028411,0.480473,0.5839374788
200039,-0.177971893,0.9901743784,0.7162750817,-0.964540896,-0.463575883,-1.572972831,0.8464558842,0.4779044444,,0.5516815849,-0.355378971,-0.857964528,1,1,1,1,1,1,1,1,0,1,1,1,11,0.0909090909,-0.073628512,0.028411,0.480473,-0.212372015
20003F,0.3227643585,0.5538374851,,,,0.1636017162,,0.6210143556,,,,-3.057340019,1,1,0,0,0,1,0,1,0,0,0,1,5,0.2,-0.279224421,0.028411,0.480473,-0.64027489
200041,-0.435776696,0.9901743784,0.589078271,0.0248103565,-0.631898935,-2.007116468,,0.3347945331,,0.5516815849,-0.539064643,-0.085210977,1,1,1,1,1,1,0,1,0,1,1,1,10,0.1,-0.12085286,0.028411,0.480473,-0.310659156
200050,-0.252338663,1.0447164901,0.0166926225,0.5485845492,-1.548324438,0.1636017162,,-0.380755023,,0.5516815849,-0.171693298,1.3414109632,1,1,1,1,1,1,0,1,0,1,1,1,10,0.1,0.1313576504,0.028411,0.480473,0.2142618055
200052,-0.410987773,1.2628849367,0.3982830548,,0.583767548,1.03188899,,-1.167859535,,,2.0325347745,1.1630832207,1,1,1,0,1,1,0,1,0,0,1,1,8,0.125,0.6116994022,0.028411,0.480473,1.2139880039
200063,-0.475438973,0.8810901551,0.7162750817,-0.906343764,0.041393271,0.5977453531,-0.826855161,,,,0.1956780474,0.3903296698,1,1,1,1,1,1,1,0,0,0,1,1,9,0.1111111111,0.0682081866,0.028411,0.480473,0.0828300215
201300,-0.182929678,1.2083428251,0.4194825233,,0.8081982834,0.5977453531,,,,,1.6651634291,,1,1,1,0,1,1,0,0,0,0,1,0,6,0.1666666667,0.7526671227,0.028411,0.480473,1.507381453
201301,-0.192845247,1.0992586017,,,1.4814904893,,,,,,,,1,1,0,0,1,0,0,0,0,0,0,0,3,0.3333333333,0.795967948,0.028411,0.480473,1.5975026413
201302,-0.415945557,1.2083428251,0.822272424,,0.6398752319,0.5977453531,-0.774564191,0.1916846219,,,-2.008550025,,1,1,1,0,1,1,1,1,0,0,1,0,8,0.125,0.0326075853,0.028411,0.480473,0.0087351636
201303,,1.2083428251,0.7374745502,,0.7520905995,0.1636017162,,0.4779044444,,,,,0,1,1,0,1,1,0,1,0,0,0,0,5,0.2,0.6678828271,0.028411,0.480473,1.3309215029
201304,-0.192845247,1.0992586017,0.8010729556,,0.4715521804,,,,,,0.5630493928,1.044198059,1,1,1,0,1,0,0,0,0,0,1,1,6,0.1666666667,0.6310476571,0.028411,0.480473,1.2542571607
201305,,1.2083428251,0.4406819917,,0.1910137612,,,,,,-1.457493007,,0,1,1,0,1,0,0,0,0,0,1,0,4,0.25,0.0956363927,0.028411,0.480473,0.1399158278
201306,,1.2628849367,0.3982830548,,0.9765213348,0.5977453531,,0.3347945331,,,-0.906435989,,0,1,1,0,1,1,0,1,0,0,1,0,6,0.1666666667,0.4439655373,0.028411,0.480473,0.8648866849
201307,,,0.8858708294,,,,,,,,,,0,0,1,0,0,0,0,0,0,0,0,0,1,1,0.8858708294,0.028411,0.480473,1.7846158073
201308,,1.2083428251,0.864671361,,-0.463575883,-0.704685558,,,,,-0.906435989,,0,1,1,0,1,1,0,0,0,0,1,0,5,0.2,-0.000336649,0.028411,0.480473,-0.059831047
201309,-0.247380879,1.2083428251,0.5678788025,,0.7520905995,0.1636017162,,0.6210143556,,,-0.539064643,,1,1,1,0,1,1,0,1,0,0,1,0,7,0.1428571429,0.360926111,0.028411,0.480473,0.6920582983
201310,,1.1538007134,0.1650889017,,0.8081982834,0.5977453531,,0.6210143556,,,-0.539064643,,0,1,1,0,1,1,0,1,0,0,1,0,6,0.1666666667,0.4677971606,0.028411,0.480473,0.9144869916
201311,,1.2083428251,0.1438894333,,0.1536086387,-0.270541921,,,,,-0.171693298,,0,1,1,0,1,1,0,0,0,0,1,0,5,0.2,0.2127211356,0.028411,0.480473,0.3836020876
201312,-0.455607835,0.5538374851,0.7798734871,-0.149781041,0.3406342514,0.1636017162,,,,,-0.171693298,,1,1,1,1,1,1,0,0,0,0,1,0,7,0.1428571429,0.1515521094,0.028411,0.480473,0.2562921509
201313,,1.2083428251,0.2286873071,,-0.463575883,,,,,,-2.192235698,,0,1,1,0,1,0,0,0,0,0,1,0,4,0.25,-0.304695362,0.028411,0.480473,-0.693287078
201314,-0.009407214,1.1538007134,0.546679334,,0.8830085285,-0.270541921,,,,,-0.539064643,1.1036406399,1,1,1,0,1,1,0,0,0,0,1,1,7,0.1428571429,0.4097307767,0.028411,0.480473,0.7936345256
201315,-0.425861127,0.2265848151,-0.08930472,,0.8269008446,1.03188899,-0.879146131,0.6210143556,,-1.091107614,0.3793637201,,1,1,1,0,1,1,1,1,0,1,1,0,9,0.1111111111,0.0667036815,0.028411,0.480473,0.0796987235
210001,-0.217634171,1.0992586017,1.140264451,,-1.062057844,-0.704685558,0.5327100632,0.1916846219,,0.1409842852,-0.171693298,1.1630832207,1,1,1,0,1,1,1,1,0,1,1,1,10,0.1,0.2111914373,0.028411,0.480473,0.3804183555
210002,-0.52501682,1.0992586017,1.0342671087,-0.440766704,-2.483452501,-2.875403742,,0.1201296663,,-1.912502213,-0.355378971,-0.085210977,1,1,1,1,1,1,0,1,0,1,1,1,10,0.1,-0.642407655,0.028411,0.480473,-1.396161283
210003,-0.520059035,1.0992586017,0.9918681717,,-2.071996153,,-0.774564191,,,-0.475061664,1.4814777564,-0.798521947,1,1,1,0,1,0,1,0,0,1,1,1,8,0.125,-0.133449808,0.028411,0.480473,-0.336876946
210004,4.2840343095,-0.427920525,1.1826633879,,-3.325067759,-1.138829195,,0.3347945331,,-0.885758964,1.4814777564,0.8064277357,1,1,1,0,1,1,0,1,0,1,1,1,9,0.1111111111,0.2568690311,0.028411,0.480473,0.4754862671
210005,1.9885800075,0.6629217084,1.2038628564,,-1.267786018,-0.704685558,-1.036019042,,,0.5516815849,0.0119923747,1.4602961249,1,1,1,0,1,1,1,0,0,1,1,1,9,0.1111111111,0.318982671,0.028411,0.480473,0.6047622104
210008,,1.2083428251,0.2922857125,-1.197329427,-1.548324438,-3.309547379,,0.6210143556,,,-0.171693298,2.1141645141,0,1,1,1,1,1,0,1,0,0,1,1,8,0.125,-0.248885892,0.028411,0.480473,-0.577131883
210009,-0.37628328,0.9356322668,0.6314772079,-0.615358101,-3.175447269,-2.007116468,,0.4779044444,,-0.269713014,-0.355378971,0.3903296698,1,1,1,1,1,1,0,1,0,1,1,1,10,0.1,-0.436395351,0.028411,0.480473,-0.967391774
210011,,,1.2250623248,,-1.398703947,,-2.238711356,,,0.5516815849,0.0119923747,0.5092148315,0,0,1,0,1,0,1,0,0,1,1,1,6,0.1666666667,-0.223244031,0.028411,0.480473,-0.523763964
210012,-0.182929678,0.9356322668,1.0130676402,,-0.295252832,0.1636017162,-0.669982251,0.5494594,,0.5516815849,-0.355378971,-0.857964528,1,1,1,0,1,1,1,1,0,1,1,1,10,0.1,0.0851934349,0.028411,0.480473,0.1181810973
210015,-0.207718601,1.0992586017,0.6314772079,-2.128483547,-3.474688249,0.1636017162,-0.56540031,0.3347945331,,0.5516815849,0.3793637201,-1.809045821,1,1,1,1,1,1,1,1,0,1,1,1,11,0.0909090909,-0.456832651,0.028411,0.480473,-1.009927539
210016,-0.475438973,1.2083428251,1.1826633879,-0.498963836,-4.147980455,-1.138829195,,0.2632395775,,0.5516815849,0.9304207382,1.6386238674,1,1,1,1,1,1,0,1,0,1,1,1,10,0.1,-0.048624048,0.028411,0.480473,-0.160330697
210017,-0.396114419,0.4992953735,0.9494692348,1.1305558745,0.0600958323,0.5977453531,0.1143823019,0.5494594,,0.5516815849,0.0119923747,0.3903296698,1,1,1,1,1,1,1,1,0,1,1,1,11,0.0909090909,0.405353871,0.028411,0.480473,0.7845249545
210018,-0.341578787,1.0992586017,1.0130676402,,-1.454811631,0.5977453531,,0.4063494887,,-0.475061664,0.3793637201,-0.560751624,1,1,1,0,1,1,0,1,0,1,1,1,9,0.1111111111,0.0737312331,0.028411,0.480473,0.0943250335
210019,1.5027171099,0.9356322668,1.0130676402,-3.35062333,-0.594493812,-0.704685558,-2.395584266,0.6210143556,,0.5516815849,0.0119923747,0.0931167656,1,1,1,1,1,1,1,1,0,1,1,1,11,0.0909090909,-0.210560443,0.028411,0.480473,-0.497365851
210022,-0.470481189,1.1538007134,1.1826633879,,-1.267786018,0.1636017162,-2.918493968,0.6210143556,,,-0.171693298,0.0336741848,1,1,1,0,1,1,1,1,0,0,1,1,9,0.1111111111,-0.185966679,0.028411,0.480473,-0.446179318
210023,-0.52501682,0.6083795968,1.1614639194,,-2.034591031,0.5977453531,-0.61769128,0.1201296663,,0.1409842852,0.3793637201,0.9253128974,1,1,1,0,1,1,1,1,0,1,1,1,10,0.1,0.0756080307,0.028411,0.480473,0.0982311769
210024,-0.158140754,1.0992586017,0.6526766764,0.6649788143,-1.080760406,0.1636017162,,,,,0.0119923747,0.9847554782,1,1,1,1,1,1,0,0,0,0,1,1,8,0.125,0.2922953127,0.028411,0.480473,0.5492183165
210027,-0.515101251,0.4447532618,0.9494692348,1.2469501395,-1.567026999,-0.270541921,0.480419093,-0.237645112,,-0.269713014,-0.171693298,0.4497722506,1,1,1,1,1,1,1,1,0,1,1,1,11,0.0909090909,0.0490583987,0.028411,0.480473,0.0429739301
210028,-0.500227897,1.1538007134,0.7374745502,,-2.034591031,-2.441260105,0.3235461825,0.4779044444,,0.5516815849,0.0119923747,-0.025768396,1,1,1,0,1,1,1,1,0,1,1,1,10,0.1,-0.174544758,0.028411,0.480473,-0.422407088
210029,-0.420903342,1.2083428251,0.9918681717,-3.58341186,-2.707883237,-1.572972831,-1.088310012,0.4063494887,,0.5516815849,-0.355378971,0.1525593464,1,1,1,1,1,1,1,1,0,1,1,1,11,0.0909090909,-0.583459894,0.028411,0.480473,-1.273474424
210030,-0.505185681,,-1.785262197,,0.041393271,0.1636017162,,0.6210143556,,,-1.090121662,,1,0,1,0,1,1,0,1,0,0,1,0,6,0.1666666667,-0.425760033,0.028411,0.480473,-0.945256686
210032,0.1938619571,0.5538374851,0.271086244,-1.313723692,-1.43610907,-0.704685558,-1.088310012,0.5494594,,0.5516815849,-0.355378971,-0.679636785,1,1,1,1,1,1,1,1,0,1,1,1,11,0.0909090909,-0.314356129,0.028411,0.480473,-0.713393849
210033,-0.232507525,1.0447164901,1.2038628564,,-0.875032232,,0.4281281229,,,0.1409842852,-0.539064643,-0.025768396,1,1,1,0,1,0,1,0,0,1,1,1,8,0.125,0.1431648699,0.028411,0.480473,0.2388359479
210034,0.3971311285,1.0992586017,0.3558841179,,-0.594493812,-1.138829195,-0.35623643,0.5494594,,0.1409842852,0.1956780474,-0.739079366,1,1,1,0,1,1,1,1,0,1,1,1,10,0.1,-0.009024322,0.028411,0.480473,-0.077912538
210035,-0.52501682,0.9356322668,1.2038628564,,-1.380001386,-0.704685558,1.5262384964,0.6210143556,,0.5516815849,0.3793637201,1.6386238674,1,1,1,0,1,1,1,1,0,1,1,1,10,0.1,0.4246713384,0.028411,0.480473,0.8247300339
210037,-0.515101251,,0.8858708294,,-0.313955393,-1.572972831,0.5850010334,0.2632395775,,0.3463329351,0.1956780474,-0.501309043,1,0,1,0,1,1,1,1,0,1,1,1,9,0.1111111111,-0.069690677,0.028411,0.480473,-0.204176274
210038,-0.52501682,1.0992586017,0.8858708294,,-2.446047379,-4.177834653,,0.2632395775,,,-0.539064643,1.1630832207,1,1,1,0,1,1,0,1,0,0,1,1,8,0.125,-0.534563908,0.028411,0.480473,-1.171708133
210039,-0.386198849,1.1538007134,1.1826633879,,-1.417406509,-0.270541921,1.0556197649,0.1201296663,,0.5516815849,-0.171693298,0.0931167656,1,1,1,0,1,1,1,1,0,1,1,1,10,0.1,0.1911171306,0.028411,0.480473,0.3386380808
210040,-0.277127587,1.0447164901,1.0978655141,,-2.446047379,-0.270541921,-0.826855161,0.1201296663,,,-0.539064643,0.0931167656,1,1,1,0,1,1,1,1,0,0,1,1,9,0.1111111111,-0.222645362,0.028411,0.480473,-0.522517965
210043,0.8284583948,,1.1826633879,,,-2.875403742,,0.3347945331,,0.5516815849,-0.355378971,-1.571275498,1,0,1,0,0,1,0,1,0,1,1,1,7,0.1428571429,-0.272065759,0.028411,0.480473,-0.625375702
210044,-0.306874295,1.1538007134,0.1226899648,-1.779300752,-1.941078224,-0.704685558,,0.1916846219,,0.3463329351,0.7467350655,-1.274062594,1,1,1,1,1,1,0,1,0,1,1,1,10,0.1,-0.344475812,0.028411,0.480473,-0.776081376
210048,-0.440734481,1.1538007134,1.1826633879,,-2.558262746,-0.704685558,0.480419093,,,-1.707153563,0.0119923747,0.9253128974,1,1,1,0,1,1,1,0,0,1,1,1,9,0.1111111111,-0.184071987,0.028411,0.480473,-0.44223593
210049,-0.52501682,1.0447164901,1.1614639194,0.1412046215,-0.332657955,-2.007116468,-0.199363519,-0.022980245,,0.5516815849,-0.171693298,-0.679636785,1,1,1,1,1,1,1,1,0,1,1,1,11,0.0909090909,-0.09449077,0.028411,0.480473,-0.255792239
210051,-0.52501682,0.2265848151,1.1826633879,,-2.46474994,,-0.042490609,-0.523864934,,,-0.171693298,0.8658703165,1,1,1,0,1,0,1,1,0,0,1,1,8,0.125,-0.181587135,0.028411,0.480473,-0.437064255
210056,0.089748479,1.0992586017,0.822272424,,-1.342596263,-0.704685558,,0.5494594,,,-0.171693298,1.044198059,1,1,1,0,1,1,0,1,0,0,1,1,8,0.125,0.1732452306,0.028411,0.480473,0.3014416334
210057,-0.475438973,1.2628849367,1.140264451,,-1.398703947,-0.270541921,-1.768092624,0.6210143556,,0.5516815849,0.1956780474,1.044198059,1,1,1,0,1,1,1,1,0,1,1,1,10,0.1,0.0902943969,0.028411,0.480473,0.128797633
210058,,,,,,,,,,,,,0,0,0,0,0,0,0,0,0,0,0,0,0,,,0.028411,0.480473,
210060,-0.465523404,1.2083428251,1.0554665771,,-2.146806398,-2.875403742,,0.1916846219,,,0.7467350655,1.2819683824,1,1,1,0,1,1,0,1,0,0,1,1,8,0.125,-0.125442009,0.028411,0.480473,-0.320210466
210061,-0.52501682,1.0992586017,0.3558841179,,0.1162035161,,-0.35623643,,,,-0.722750316,-0.917407109,1,1,1,0,1,0,1,0,0,0,1,1,7,0.1428571429,-0.135723491,0.028411,0.480473,-0.341609121
210062,-0.490312327,1.0447164901,1.1826633879,,-3.19414983,-0.704685558,0.9510378245,0.6210143556,,-0.269713014,0.3793637201,-1.630718079,1,1,1,0,1,1,1,1,0,1,1,1,10,0.1,-0.211078303,0.028411,0.480473,-0.498443664
210063,-0.510143466,1.2083428251,1.0342671087,0.1412046215,-2.539560185,-2.007116468,-0.35623643,0.5494594,,0.5516815849,0.3793637201,-0.263538719,1,1,1,1,1,1,1,1,0,1,1,1,11,0.0909090909,-0.164752364,0.028411,0.480473,-0.402026365
210064,-0.321747649,1.0992586017,,,,,,,,,1.2977920836,,1,1,0,0,0,0,0,0,0,0,1,0,3,0.3333333333,0.6917676789,0.028411,0.480473,1.3806325932
210065,4.1303429848,-0.973341641,0.8858708294,,-1.567026999,-1.138829195,0.794164914,,,0.5516815849,0.1956780474,1.5197387057,1,1,1,0,1,1,1,0,0,1,1,1,9,0.1111111111,0.4886976924,0.028411,0.480473,0.9579868729
21020F,-0.366367711,0.2811269268,,,,-1.138829195,,0.6210143556,,,,-1.392947755,1,1,0,0,0,1,0,1,0,0,0,1,5,0.2,-0.399200676,0.028411,0.480473,-0.889979199
220001,-0.277127587,0.4447532618,0.4830809287,-0.033386776,-1.754052612,-3.743691016,0.166673272,-0.309200067,,-0.885758964,-0.355378971,-0.917407109,1,1,1,1,1,1,1,1,0,1,1,1,11,0.0909090909,-0.65286324,0.028411,0.480473,-1.417922294
220002,-0.039153922,1.2083428251,-1.212876548,0.0248103565,-0.85632967,1.03188899,,0.6210143556,-0.759946003,0.5516815849,-0.539064643,-1.630718079,1,1,1,1,1,1,0,1,1,1,1,1,11,0.0909090909,-0.145486432,0.028411,0.480473,-0.361928545
220008,0.6053580847,0.7174638201,-0.004506846,,-0.631898935,-0.270541921,1.0033287947,0.6210143556,,0.5516815849,-0.906435989,1.1036406399,1,1,1,0,1,1,1,1,0,1,1,1,10,0.1,0.2789103589,0.028411,0.480473,0.5213604656
220010,4.3782322182,1.1538007134,-0.258900467,-1.371920824,-1.454811631,-2.441260105,0.0620913317,0.4779044444,,0.5516815849,0.3793637201,-1.155177432,1,1,1,1,1,1,1,1,0,1,1,1,11,0.0909090909,0.0291821412,0.028411,0.480473,0.0016058515
220011,1.2102078143,1.0447164901,0.4406819917,1.5379358022,-0.370063077,1.03188899,,0.5494594,,0.5516815849,0.5630493928,0.2714445081,1,1,1,1,1,1,0,1,0,1,1,1,10,0.1,0.6831002897,0.028411,0.480473,1.36259332
220012,1.200292245,0.3902111501,-0.704089305,-0.848146631,-0.725411741,0.1636017162,0.5327100632,0.4063494887,0.7547681443,0.5516815849,-0.722750316,0.5092148315,1,1,1,1,1,1,1,1,1,1,1,1,12,0.0833333333,0.1257026025,0.028411,0.480473,0.2024920612
220015,0.3326799278,1.2083428251,0.546679334,-0.498963836,-1.810160295,-0.270541921,-1.611219714,0.6210143556,-0.09291592,0.5516815849,-0.539064643,0.330887089,1,1,1,1,1,1,1,1,1,1,1,1,12,0.0833333333,-0.102631768,0.028411,0.480473,-0.272735943
220016,0.4219200519,1.0992586017,0.4830809287,0.9559644769,-0.444873322,-0.270541921,,0.6210143556,,-0.269713014,-0.171693298,-0.144653558,1,1,1,1,1,1,0,1,0,1,1,1,10,0.1,0.2279763302,0.028411,0.480473,0.4153524353
220017,-0.52501682,0.6629217084,0.6102777394,,0.1910137612,-2.007116468,,0.6210143556,,,-0.539064643,1.1630832207,1,1,1,0,1,1,0,1,0,0,1,1,8,0.125,0.0221391067,0.028411,0.480473,-0.013052683
220019,-0.321747649,0.7174638201,0.6314772079,0.4321902842,-1.454811631,-2.007116468,1.5262384964,-0.022980245,,,-0.906435989,-0.97684969,1,1,1,1,1,1,1,1,0,0,1,1,10,0.1,-0.238257186,0.028411,0.480473,-0.55501056
22001F,0.119495187,0.4447532618,,,,,,,,,,,1,1,0,0,0,0,0,0,0,0,0,0,2,0.5,0.2821242244,0.028411,0.480473,0.528049423
220020,-0.52501682,-0.046125743,0.1438894333,,-0.837627109,-2.441260105,0.6372920035,0.6210143556,-0.565395562,,-1.824864352,1.9358367716,1,1,1,0,1,1,1,1,1,0,1,1,10,0.1,-0.290225713,0.028411,0.480473,-0.663171671
220024,-0.138309616,-1.355136423,0.1226899648,1.2469501395,-1.230380896,-3.309547379,,0.1916846219,,,-0.906435989,1.4602961249,1,1,1,1,1,1,0,1,0,0,1,1,9,0.1111111111,-0.435354384,0.028411,0.480473,-0.965225227
220029,0.1740308184,0.9901743784,0.5042803971,0.083007489,-0.725411741,0.1636017162,-1.506637773,0.6210143556,,0.5516815849,-0.906435989,-0.857964528,1,1,1,1,1,1,1,1,0,1,1,1,11,0.0909090909,-0.08260539,0.028411,0.480473,-0.231055422
220030,0.134368541,1.0992586017,0.7798734871,0.8977673444,-1.249083457,-1.138829195,1.5262384964,0.4779044444,,,-0.722750316,-0.501309043,1,1,1,1,1,1,1,1,0,0,1,1,10,0.1,0.1303438904,0.028411,0.480473,0.212151886
220031,0.6004003,1.0992586017,-0.36489781,1.1305558745,-1.884970541,-4.177834653,-2.918493968,0.4063494887,-0.03733008,0.5516815849,-0.171693298,-0.263538719,1,1,1,1,1,1,1,1,1,1,1,1,12,0.0833333333,-0.502542768,0.028411,0.480473,-1.10506314
220033,-0.237465309,1.2083428251,-1.361272828,0.083007489,-0.893734793,-0.704685558,-0.826855161,0.3347945331,0.0321522206,0.5516815849,-0.906435989,-1.274062594,1,1,1,1,1,1,1,1,1,1,1,1,12,0.0833333333,-0.332877798,0.028411,0.480473,-0.751942649
220035,0.2087353111,1.1538007134,0.5254798656,-0.266175306,-2.16550896,-3.309547379,-0.46081837,0.4063494887,-0.370845121,-1.912502213,-0.539064643,-0.857964528,1,1,1,1,1,1,1,1,1,1,1,1,12,0.0833333333,-0.632338429,0.028411,0.480473,-1.375204392
220036,-0.52501682,0.1720427035,-1.361272828,0.3157960191,-0.201740026,-0.270541921,,0.6210143556,,0.5516815849,-0.722750316,1.9358367716,1,1,1,1,1,1,0,1,0,1,1,1,10,0.1,0.0515049525,0.028411,0.480473,0.0480658963
220046,1.5671683106,1.1538007134,0.2922857125,-0.498963836,-0.912437354,-2.007116468,0.3235461825,0.4063494887,1.5468663683,0.5516815849,-0.906435989,1.5197387057,1,1,1,1,1,1,1,1,1,1,1,1,12,0.0833333333,0.2530402849,0.028411,0.480473,0.4675175701
220049,-0.187887462,0.5538374851,0.9070702979,-0.615358101,-1.211678335,-0.704685558,0.7418739439,0.0485747107,,,-0.539064643,-0.204096139,1,1,1,1,1,1,1,1,0,0,1,1,10,0.1,-0.12114138,0.028411,0.480473,-0.311259649
220052,-0.326705433,0.3356690385,0.5254798656,0.8395702119,-1.548324438,-1.572972831,,0.6210143556,1.3106265471,,,0.5686574123,1,1,1,1,1,1,0,1,1,0,0,1,9,0.1111111111,0.0836683032,0.028411,0.480473,0.1150068695
220060,2.8462767553,1.2083428251,-0.004506846,-0.964540896,-1.492216754,-0.270541921,0.2189642422,0.5494594,,0.5516815849,-0.722750316,-0.382423881,1,1,1,1,1,1,1,1,0,1,1,1,11,0.0909090909,0.1397949267,0.028411,0.480473,0.2318221489
220062,-0.505185681,-1.355136423,,,,,,,,,-0.171693298,,1,1,0,0,0,0,0,0,0,0,1,0,3,0.3333333333,-0.677338468,0.028411,0.480473,-1.468862122
220063,-0.044111707,1.0447164901,0.3346846494,-0.557160969,-2.071996153,-2.441260105,-0.4085274,0.1916846219,,0.5516815849,-1.090121662,-0.97684969,1,1,1,1,1,1,1,1,0,1,1,1,11,0.0909090909,-0.497023667,0.028411,0.480473,-1.09357634
220065,0.1393263257,0.8810901551,0.5678788025,0.3739931517,-0.688006619,-1.572972831,1.5262384964,0.6210143556,,,-0.355378971,0.0336741848,1,1,1,1,1,1,1,1,0,0,1,1,10,0.1,0.1526857051,0.028411,0.480473,0.258651482
220066,3.5453243937,0.1720427035,0.5678788025,-0.324372439,-2.633072992,-1.138829195,-0.931437101,0.6210143556,,-1.707153563,,0.0931167656,1,1,1,1,1,1,1,1,0,1,0,1,10,0.1,-0.173548827,0.028411,0.480473,-0.420334276
220070,0.7689649787,1.2083428251,0.4194825233,0.7231759468,-0.650601496,-1.138829195,-0.094781579,0.4063494887,,0.5516815849,-0.171693298,-1.274062594,1,1,1,1,1,1,1,1,0,1,1,1,11,0.0909090909,0.0680026533,0.028411,0.480473,0.0824022488
220071,0.3971311285,1.2083428251,0.7798734871,-0.615358101,-2.670478114,-0.704685558,,0.1201296663,-0.03733008,0.5516815849,-1.457493007,0.687542574,1,1,1,1,1,1,0,1,1,1,1,1,11,0.0909090909,-0.158240327,0.028411,0.480473,-0.388472984
220073,-0.52501682,0.1720427035,0.2922857125,-0.207978174,-1.192975773,-2.875403742,0.2712552124,0.6210143556,0.6435964637,,-0.906435989,0.1525593464,1,1,1,1,1,1,1,1,1,0,1,1,11,0.0909090909,-0.323186973,0.028411,0.480473,-0.731773318
220074,-0.06890063,-0.155209967,0.3346846494,-0.266175306,-0.650601496,-1.138829195,0.6372920035,0.4063494887,0.7130787641,0.5516815849,-1.090121662,-0.085210977,1,1,1,1,1,1,1,1,1,1,1,1,12,0.0833333333,-0.067663562,0.028411,0.480473,-0.199957277
220075,0.149241895,1.1538007134,1.2250623248,,0.0039881484,0.1636017162,,,,,0.3793637201,,1,1,1,0,1,1,0,0,0,0,1,0,6,0.1666666667,0.512509753,0.028411,0.480473,1.007546464
220077,0.3921733439,1.1538007134,0.6526766764,-0.033386776,-2.277724327,-3.743691016,-0.46081837,0.6210143556,,-2.528548163,-0.355378971,-0.857964528,1,1,1,1,1,1,1,1,0,1,1,1,11,0.0909090909,-0.676167915,0.028411,0.480473,-1.466425872
220080,-0.520059035,-0.809715306,0.6314772079,0.0248103565,-1.249083457,-2.007116468,0.2189642422,0.5494594,1.9220707902,0.5516815849,-0.539064643,0.7469851548,1,1,1,1,1,1,1,1,1,1,1,1,12,0.0833333333,-0.039965848,0.028411,0.480473,-0.14231055
220083,-0.277127587,1.1538007134,0.3558841179,-0.673555234,-1.099462967,0.1636017162,0.166673272,0.4063494887,,,-0.171693298,-1.868488402,1,1,1,1,1,1,1,1,0,0,1,1,10,0.1,-0.184401818,0.028411,0.480473,-0.442922401
220084,0.6995559934,0.8265480434,0.8010729556,-1.953892149,-1.00595016,0.1636017162,-0.199363519,0.5494594,-0.14850176,-0.064364365,0.1956780474,0.5686574123,1,1,1,1,1,1,1,1,1,1,1,1,12,0.0833333333,0.0360418012,0.028411,0.480473,0.0158827321
220086,0.3475532818,1.2628849367,-1.170477611,0.0248103565,-3.830036913,0.5977453531,,0.5494594,-0.982289365,0.3463329351,-0.171693298,-0.501309043,1,1,1,1,1,1,0,1,1,1,1,1,11,0.0909090909,-0.320638179,0.028411,0.480473,-0.726468561
220088,-0.232507525,1.0992586017,,,,,,,,,-0.171693298,,1,1,0,0,0,0,0,0,0,0,1,0,3,0.3333333333,0.2316859264,0.028411,0.480473,0.4230731477
220090,-0.287043156,1.2083428251,0.4830809287,-1.721103619,-1.772755173,-0.704685558,-1.924965535,0.5494594,0.4490460227,0.5516815849,0.0119923747,-0.857964528,1,1,1,1,1,1,1,1,1,1,1,1,12,0.0833333333,-0.334576203,0.028411,0.480473,-0.755477506
220095,-0.009407214,0.6083795968,0.6526766764,-0.091583909,-0.276550271,-0.270541921,-2.081838445,0.5494594,,-0.885758964,-1.090121662,-0.144653558,1,1,1,1,1,1,1,1,0,1,1,1,11,0.0909090909,-0.276358206,0.028411,0.480473,-0.634309492
220098,-0.52501682,0.2265848151,0.4830809287,-2.768652005,0.1536086387,0.1636017162,-0.722273221,0.6210143556,,,0.1956780474,1.4008535441,1,1,1,1,1,1,1,1,0,0,1,1,10,0.1,-0.077152,0.028411,0.480473,-0.219705384
22009F,0.1641152491,0.5538374851,,,,,,,,,,,1,1,0,0,0,0,0,0,0,0,0,0,2,0.5,0.3589763671,0.028411,0.480473,0.6880003332
220100,-0.242423094,-0.26429419,0.1438894333,-1.837497884,-1.978483347,0.1636017162,-0.46081837,0.5494594,0.0321522206,0.5516815849,-0.355378971,-0.501309043,1,1,1,1,1,1,1,1,1,1,1,1,12,0.0833333333,-0.349951712,0.028411,0.480473,-0.787478263
220101,0.3475532818,1.2083428251,1.0130676402,-1.139132294,-1.567026999,-0.270541921,-0.147072549,0.5494594,0.2683920418,-0.885758964,-0.539064643,-0.263538719,1,1,1,1,1,1,1,1,1,1,1,1,12,0.0833333333,-0.118776742,0.028411,0.480473,-0.306338172
220105,1.5076748945,1.2083428251,0.2498867756,0.8395702119,-0.949842477,0.1636017162,,0.3347945331,,-0.475061664,0.1956780474,-0.441866462,1,1,1,1,1,1,0,1,0,1,1,1,10,0.1,0.2632778401,0.028411,0.480473,0.4888247999
220108,-0.460565619,1.2083428251,0.3558841179,0.3739931517,-1.00595016,-0.270541921,,0.4779044444,-1.051771665,,-0.355378971,-0.144653558,1,1,1,1,1,1,0,1,1,0,1,1,10,0.1,-0.087273735,0.028411,0.480473,-0.240771561
22010F,0.5210757453,0.4447532618,,,-0.313955393,1.03188899,,-0.380755023,,,,-1.155177432,1,1,0,0,1,1,0,1,0,0,0,1,6,0.1666666667,0.0246383581,0.028411,0.480473,-0.007851038
220110,0.2483975884,1.1538007134,0.037892091,-1.139132294,-3.007124217,-1.138829195,,0.5494594,-0.315259281,0.5516815849,-1.273807334,-0.144653558,1,1,1,1,1,1,0,1,1,1,1,1,11,0.0909090909,-0.407052227,0.028411,0.480473,-0.906320485
220111,-0.52501682,-1.300594311,0.313485181,0.3157960191,-3.399878004,-2.875403742,0.5850010334,0.6210143556,0.2683920418,0.5516815849,-0.171693298,0.5092148315,1,1,1,1,1,1,1,1,1,1,1,1,12,0.0833333333,-0.425666761,0.028411,0.480473,-0.945062561
220116,1.1655877523,0.7174638201,0.1014904963,-0.789949499,-0.875032232,-0.704685558,,-0.380755023,,0.1409842852,-0.539064643,-1.214620013,1,1,1,1,1,1,0,1,0,1,1,1,10,0.1,-0.237858061,0.028411,0.480473,-0.554179869
220119,0.0203394936,1.2083428251,0.546679334,-2.070286414,-1.828862857,-0.704685558,-0.56540031,0.4779044444,-0.1346053,,-1.457493007,0.0931167656,1,1,1,1,1,1,1,1,1,0,1,1,11,0.0909090909,-0.401359144,0.028411,0.480473,-0.894471578
220126,,,-0.831286116,,,,,,-0.468120342,,,,0,0,1,0,0,0,0,0,1,0,0,0,2,0.5,-0.649703229,0.028411,0.480473,-1.411345423
220135,1.3986036318,0.2811269268,-0.195302062,0.0248103565,-0.033416974,0.1636017162,0.9510378245,0.5494594,0.0738416008,,-0.355378971,1.4008535441,1,1,1,1,1,1,1,1,1,0,1,1,11,0.0909090909,0.3872033631,0.028411,0.480473,0.7467486458
220163,-0.247380879,0.5538374851,0.5042803971,-0.091583909,-1.941078224,-2.441260105,,-0.022980245,,-0.064364365,-0.171693298,-0.144653558,1,1,1,1,1,1,0,1,0,1,1,1,10,0.1,-0.40668767,0.028411,0.480473,-0.905561738
220171,-0.287043156,1.2083428251,0.7162750817,0.2575988866,-1.249083457,-0.704685558,,0.4063494887,1.1438690263,,-0.355378971,-0.739079366,1,1,1,1,1,1,0,1,1,0,1,1,10,0.1,0.0397164801,0.028411,0.480473,0.0235307718
220175,-0.148225185,-0.427920525,-0.492094621,-0.440766704,-1.567026999,-2.007116468,-0.722273221,-0.022980245,,-0.475061664,,-0.917407109,1,1,1,1,1,1,1,1,0,1,0,1,10,0.1,-0.722087274,0.028411,0.480473,-1.561996966
220176,-0.202760816,-0.482462636,0.0802910279,0.083007489,-1.884970541,-2.875403742,-0.826855161,0.3347945331,,0.3463329351,,-1.927930983,1,1,1,1,1,1,1,1,0,1,0,1,10,0.1,-0.735595789,0.028411,0.480473,-1.590111984
220177,0.6400625773,1.1538007134,0.589078271,,0.8269008446,1.03188899,,0.6210143556,,-0.680410314,0.7467350655,1.1036406399,1,1,1,0,1,1,0,1,0,1,1,1,9,0.1111111111,0.6703012381,0.028411,0.480473,1.3359548961
221300,0.4962868219,1.2083428251,0.7798734871,0.5485845492,0.378039374,0.5977453531,,,,0.5516815849,0.1956780474,,1,1,1,1,1,1,0,0,0,1,1,0,8,0.125,0.5945290053,0.028411,0.480473,1.1782515819
221302,,1.1538007134,0.5042803971,-1.080935161,0.6398752319,,,,,,-0.539064643,,0,1,1,1,1,0,0,0,0,0,1,0,5,0.2,0.1355913075,0.028411,0.480473,0.2230732358
221303,-0.014364999,0.7174638201,0.546679334,,-0.482278445,-0.270541921,,0.1916846219,,,-0.722750316,,1,1,1,0,1,1,0,1,0,0,1,0,7,0.1428571429,-0.004872558,0.028411,0.480473,-0.069271549
230002,-0.52501682,-0.973341641,-0.301299404,-0.615358101,-1.791457734,-1.138829195,1.2647836455,-0.738529801,0.0043593005,0.5516815849,0.0119923747,-0.620194204,1,1,1,1,1,1,1,1,1,1,1,1,12,0.0833333333,-0.405934166,0.028411,0.480473,-0.903993486
230003,-0.207718601,0.6629217084,-0.195302062,,0.2097163225,0.5977453531,0.8987468544,0.4063494887,,0.5516815849,0.9304207382,0.0931167656,1,1,1,0,1,1,1,1,0,1,1,1,10,0.1,0.3947678153,0.028411,0.480473,0.762492397
230005,-0.52501682,0.7174638201,0.3346846494,0.3739931517,-0.332657955,-1.138829195,0.166673272,0.6210143556,,0.5516815849,1.1141064109,-0.144653558,1,1,1,1,1,1,1,1,0,1,1,1,11,0.0909090909,0.1580417925,0.028411,0.480473,0.2697990055
230013,3.9518627366,-0.755173195,,,,,,,,,2.5835917926,,1,1,0,0,0,0,0,0,0,0,1,0,3,0.3333333333,1.9267604448,0.028411,0.480473,3.950999667
230015,0.2682287271,0.7720059318,0.4618814602,,0.247121445,-0.270541921,-3.023075908,,,0.5516815849,0.9304207382,0.3903296698,1,1,1,0,1,1,1,0,0,1,1,1,9,0.1111111111,0.036450192,0.028411,0.480473,0.0167327083
230017,1.9935377921,1.0992586017,-0.195302062,0.3739931517,-1.454811631,-4.177834653,,-0.094535201,,-0.064364365,-0.355378971,-0.3229813,1,1,1,1,1,1,0,1,0,1,1,1,10,0.1,-0.319841864,0.028411,0.480473,-0.724811205
230019,-0.45065005,,-1.043280801,-0.789949499,-0.931139915,0.1636017162,0.3235461825,0.2632395775,1.0326973457,0.3463329351,0.3793637201,-0.620194204,1,0,1,1,1,1,1,1,1,1,1,1,11,0.0909090909,-0.120584817,0.028411,0.480473,-0.310101285
230020,-0.381241065,0.0084163685,-0.343698341,-0.440766704,-1.192975773,0.5977453531,,0.4779044444,,0.1409842852,-0.171693298,-1.155177432,1,1,1,1,1,1,0,1,0,1,1,1,10,0.1,-0.246050216,0.028411,0.480473,-0.571230046
230021,-0.272169802,0.3356690385,0.271086244,0.7813730793,-0.183037464,-0.270541921,0.5327100632,0.5494594,-0.10681238,-0.475061664,-0.171693298,-0.3229813,1,1,1,1,1,1,1,1,1,1,1,1,12,0.0833333333,0.0556666663,0.028411,0.480473,0.0567275925
230022,-0.52501682,1.0447164901,0.4830809287,1.2469501395,0.3032291289,0.1636017162,,0.6210143556,,-0.885758964,0.7467350655,0.9253128974,1,1,1,1,1,1,0,1,0,1,1,1,10,0.1,0.4123864938,0.028411,0.480473,0.7991618192
230024,-0.490312327,-0.700631083,-1.000881864,,-0.800221986,-4.61197829,,0.1201296663,,-1.501804914,0.7467350655,-1.74960324,1,1,1,0,1,1,0,1,0,1,1,1,9,0.1111111111,-1.109840997,0.028411,0.480473,-2.369021452
230029,-0.52501682,-0.59154686,-0.449695684,0.9559644769,-0.482278445,0.1636017162,,0.1916846219,0.2267026616,-0.680410314,-0.355378971,-0.679636785,1,1,1,1,1,1,0,1,1,1,1,1,11,0.0909090909,-0.202364582,0.028411,0.480473,-0.480307962
230030,-0.30191651,-0.046125743,-0.004506846,0.083007489,-1.080760406,-0.704685558,-0.56540031,0.4063494887,,0.5516815849,0.5630493928,-0.382423881,1,1,1,1,1,1,1,1,0,1,1,1,11,0.0909090909,-0.134702845,0.028411,0.480473,-0.33948487
230031,-0.495270112,-0.537004748,0.313485181,,0.3032291289,-0.270541921,,0.1916846219,,,-2.008550025,0.2714445081,1,1,1,0,1,1,0,1,0,0,1,1,8,0.125,-0.278940421,0.028411,0.480473,-0.639683806
230035,-0.222591955,0.9356322668,-0.174102594,0.3157960191,-0.295252832,-0.704685558,0.2189642422,0.3347945331,,0.5516815849,-0.171693298,0.8658703165,1,1,1,1,1,1,1,1,0,1,1,1,11,0.0909090909,0.1504011569,0.028411,0.480473,0.2538966952
230036,-0.22754974,-0.155209967,0.589078271,-0.673555234,-0.949842477,-0.270541921,1.107910735,0.4779044444,-0.648774323,0.5516815849,-0.539064643,-0.085210977,1,1,1,1,1,1,1,1,1,1,1,1,12,0.0833333333,-0.068597854,0.028411,0.480473,-0.201901802
230037,0.0104239243,0.2265848151,0.4406819917,-0.498963836,-0.538386129,0.5977453531,,0.6210143556,,0.5516815849,1.2977920836,-1.987373564,1,1,1,1,1,1,0,1,0,1,1,1,10,0.1,0.072120058,0.028411,0.480473,0.0909717253
230038,-0.098647338,0.4447532618,-0.216501531,-0.615358101,-0.12692978,0.1636017162,-0.826855161,0.5494594,1.1299725662,-0.064364365,-0.171693298,-0.085210977,1,1,1,1,1,1,1,1,1,1,1,1,12,0.0833333333,0.0068521994,0.028411,0.480473,-0.044869034
230041,-0.108562908,-0.700631083,-0.91608399,0.1994017541,0.4528496191,0.5977453531,0.7418739439,0.4779044444,-1.482561927,0.5516815849,0.1956780474,0.5686574123,1,1,1,1,1,1,1,1,1,1,1,1,12,0.0833333333,0.0481626876,0.028411,0.480473,0.0411097037
230046,3.2528150982,0.7720059318,0.313485181,0.1994017541,-3.773929229,-1.138829195,-1.820383594,0.2632395775,0.3239778821,-0.269713014,0.0119923747,-0.441866462,1,1,1,1,1,1,1,1,1,1,1,1,12,0.0833333333,-0.192316975,0.028411,0.480473,-0.459396067
230047,2.0629467775,0.6629217084,-0.619291431,0.3157960191,-2.31512945,-1.138829195,-0.35623643,0.0485747107,0.3239778821,0.3463329351,-0.171693298,-0.144653558,1,1,1,1,1,1,1,1,1,1,1,1,12,0.0833333333,-0.082106944,0.028411,0.480473,-0.230018016
230053,3.0297147881,0.9901743784,-0.852485584,-0.557160969,-0.650601496,-2.875403742,,0.4063494887,1.3801088475,0.5516815849,0.5630493928,-0.263538719,1,1,1,1,1,1,0,1,1,1,1,1,11,0.0909090909,0.1565352699,0.028411,0.480473,0.2666635086
230054,-0.52501682,0.7174638201,-2.675639872,0.4903874167,-0.444873322,-0.270541921,-0.094781579,0.4779044444,1.9776566305,0.5516815849,-1.090121662,-0.263538719,1,1,1,1,1,1,1,1,1,1,1,1,12,0.0833333333,-0.095785,0.028411,0.480473,-0.258485894
230055,-0.510143466,0.1720427035,-0.449695684,1.1305558745,0.3967419353,0.1636017162,0.5850010334,0.4063494887,,0.5516815849,,0.9847554782,1,1,1,1,1,1,1,1,0,1,0,1,10,0.1,0.3430890665,0.028411,0.480473,0.6549343952
230058,0.1889041724,0.8810901551,0.2286873071,0.3739931517,-0.594493812,-0.704685558,0.480419093,0.6210143556,,-0.680410314,-0.539064643,0.8658703165,1,1,1,1,1,1,1,1,0,1,1,1,11,0.0909090909,0.1019385658,0.028411,0.480473,0.1530324213
230059,0.0649595557,-0.864257418,0.1650889017,1.2469501395,0.041393271,-0.270541921,,0.2632395775,-0.454223882,0.5516815849,-1.090121662,0.0336741848,1,1,1,1,1,1,0,1,1,1,1,1,11,0.0909090909,-0.02837797,0.028411,0.480473,-0.118192918
23005F,-0.088731769,-0.427920525,,,,,,0.6210143556,,,,,1,1,0,0,0,0,0,1,0,0,0,0,3,0.3333333333,0.0347873539,0.028411,0.480473,0.0132718747
230066,-0.029238353,-1.791473316,-0.258900467,0.1994017541,-0.631898935,-0.704685558,0.8987468544,-1.382524402,0.893732745,0.1409842852,0.5630493928,-0.501309043,1,1,1,1,1,1,1,1,1,1,1,1,12,0.0833333333,-0.217009587,0.028411,0.480473,-0.510788333
230069,-0.52501682,-0.864257418,0.2498867756,0.1412046215,-0.033416974,0.5977453531,0.0098003615,0.4063494887,,,-0.355378971,-0.025768396,1,1,1,1,1,1,1,1,0,0,1,1,10,0.1,-0.039885198,0.028411,0.480473,-0.142142694
230070,0.9424874422,-0.046125743,-0.470895152,0.5485845492,-0.893734793,-1.572972831,,0.4779044444,0.3656672623,0.3463329351,-0.171693298,0.9253128974,1,1,1,1,1,1,0,1,1,1,1,1,11,0.0909090909,0.0409879739,0.028411,0.480473,0.0261771078
230071,-0.415945557,0.6629217084,,,,,,,,,-0.355378971,,1,1,0,0,0,0,0,0,0,0,1,0,3,0.3333333333,-0.036134273,0.028411,0.480473,-0.134335966
230072,-0.391156634,0.9901743784,-0.258900467,1.2469501395,0.0226907097,0.1636017162,1.2124926754,0.6210143556,-1.343597326,0.3463329351,0.1956780474,1.6980664483,1,1,1,1,1,1,1,1,1,1,1,1,12,0.0833333333,0.3752789148,0.028411,0.480473,0.7219305173
230075,1.5027171099,1.0992586017,-0.025706314,1.4797386696,-0.426170761,-2.441260105,-0.56540031,-0.022980245,,0.5516815849,-0.171693298,-0.085210977,1,1,1,1,1,1,1,1,0,1,1,1,11,0.0909090909,0.0813612687,0.028411,0.480473,0.1102052822
230077,-0.520059035,,-0.937283458,0.8977673444,-0.145632342,1.03188899,,0.6210143556,-1.732698208,,,0.0931167656,1,0,1,1,1,1,0,1,1,0,0,1,8,0.125,-0.086485699,0.028411,0.480473,-0.239131434
230078,-0.306874295,0.4992953735,-0.046905783,,1.0326290187,0.5977453531,,0.6210143556,,,,,1,1,1,0,1,1,0,1,0,0,0,0,6,0.1666666667,0.3994840039,0.028411,0.480473,0.7723081112
230080,-0.356452141,-0.373378413,-0.682889837,1.4797386696,0.5276598642,0.1636017162,0.7418739439,0.5494594,,0.5516815849,0.9304207382,0.8658703165,1,1,1,1,1,1,1,1,0,1,1,1,11,0.0909090909,0.3997805311,0.028411,0.480473,0.7729252677
230081,0.0203394936,0.9901743784,0.5678788025,-0.789949499,-0.388765638,-1.138829195,-0.199363519,0.1201296663,,-0.475061664,0.1956780474,0.3903296698,1,1,1,1,1,1,1,1,0,1,1,1,11,0.0909090909,-0.064312678,0.028411,0.480473,-0.192983146
230085,1.4184347705,1.2083428251,-0.258900467,,0.4902547416,0.1636017162,,,,,-0.355378971,0.2120019273,1,1,1,0,1,1,0,0,0,0,1,1,7,0.1428571429,0.4111937918,0.028411,0.480473,0.7966794711
230089,-0.475438973,0.0084163685,-0.174102594,-1.022738029,-0.351360516,-0.704685558,,0.6210143556,,-0.064364365,-0.355378971,0.8658703165,1,1,1,1,1,1,0,1,0,1,1,1,10,0.1,-0.165276796,0.028411,0.480473,-0.403117856
230092,1.6514506499,0.8265480434,0.4406819917,-0.266175306,-0.818924548,0.5977453531,-0.042490609,0.6210143556,0.0599451408,0.5516815849,-0.355378971,0.6280999932,1,1,1,1,1,1,1,1,1,1,1,1,12,0.0833333333,0.3245164733,0.028411,0.480473,0.6162796084
230093,-0.173014108,0.6083795968,-0.6404909,-1.022738029,0.6398752319,0.1636017162,1.107910735,,,0.5516815849,0.3793637201,-0.263538719,1,1,1,1,1,1,1,0,0,1,1,1,10,0.1,0.1351030828,0.028411,0.480473,0.2220571031
230095,3.0098836494,0.0629584801,-0.36489781,-1.255526559,-0.968545038,0.5977453531,1.2647836455,-2.88517847,,0.5516815849,-0.539064643,0.0336741848,1,1,1,1,1,1,1,1,0,1,1,1,11,0.0909090909,-0.04477142,0.028411,0.480473,-0.152312296
230097,0.074875125,0.8265480434,-0.174102594,-0.906343764,-1.997185908,-1.138829195,-0.774564191,,,-0.475061664,0.0119923747,0.0931167656,1,1,1,1,1,1,1,0,0,1,1,1,10,0.1,-0.445955501,0.028411,0.480473,-0.987289131
230099,-0.52501682,-0.209752078,0.6314772079,0.8395702119,0.2845265676,0.1636017162,1.1602017052,-0.523864934,,-0.064364365,-0.171693298,1.2819683824,1,1,1,1,1,1,1,1,0,1,1,1,11,0.0909090909,0.260604936,0.028411,0.480473,0.4832617352
230100,-0.475438973,,-0.025706314,1.3633444046,0.8081982834,1.03188899,0.3235461825,-4.03005776,,0.5516815849,,-0.025768396,1,0,1,1,1,1,1,1,0,1,0,1,9,0.1111111111,-0.053145778,0.028411,0.480473,-0.169741688
230104,-0.445692265,-0.973341641,-3.417621268,0.9559644769,-0.55708869,-3.743691016,,-0.380755023,,-1.501804914,0.7467350655,-1.69016066,1,1,1,1,1,1,0,1,0,1,1,1,10,0.1,-1.100745593,0.028411,0.480473,-2.350091361
230105,-0.336621003,-0.59154686,-0.386097278,0.3157960191,-0.257847709,-1.138829195,-1.558928743,0.3347945331,,0.5516815849,0.0119923747,0.0931167656,1,1,1,1,1,1,1,1,0,1,1,1,11,0.0909090909,-0.269317228,0.028411,0.480473,-0.619655237
230108,-0.346536572,-0.155209967,0.4830809287,-1.255526559,0.4154444965,0.1636017162,-0.826855161,0.2632395775,,0.5516815849,0.3793637201,0.9253128974,1,1,1,1,1,1,1,1,0,1,1,1,11,0.0909090909,0.0543269693,0.028411,0.480473,0.0539393066
230110,-0.088731769,0.8265480434,-0.428496215,0.7231759468,0.4528496191,0.1636017162,1.5262384964,0.6210143556,,0.5516815849,-0.355378971,0.1525593464,1,1,1,1,1,1,1,1,0,1,1,1,11,0.0909090909,0.3768238322,0.028411,0.480473,0.7251459246
230117,-0.515101251,,0.3770835864,0.0248103565,-0.893734793,0.1636017162,-0.35623643,0.1201296663,-0.523706182,0.5516815849,0.0119923747,-0.382423881,1,0,1,1,1,1,1,1,1,1,1,1,11,0.0909090909,-0.129263932,0.028411,0.480473,-0.328164962
23011F,0.4120044825,0.5538374851,,,,0.5977453531,,0.4063494887,,,,-1.868488402,1,1,0,0,0,1,0,1,0,0,0,1,5,0.2,0.0202896815,0.028411,0.480473,-0.016901857
230121,-0.505185681,0.3902111501,0.6314772079,,-0.594493812,-0.704685558,1.5262384964,0.5494594,,-0.064364365,-0.539064643,-0.144653558,1,1,1,0,1,1,1,1,0,1,1,1,10,0.1,0.0544938637,0.028411,0.480473,0.0542866607
23012F,-0.277127587,-0.155209967,,,,,,0.6210143556,,,,,1,1,0,0,0,0,0,1,0,0,0,0,3,0.3333333333,0.0628922675,0.028411,0.480473,0.0717660996
230130,-0.346536572,0.2265848151,0.1862883702,-0.207978174,-2.146806398,-1.572972831,,0.2632395775,0.3795637224,0.3463329351,-0.539064643,0.5686574123,1,1,1,1,1,1,0,1,1,1,1,1,11,0.0909090909,-0.258426526,0.028411,0.480473,-0.596988625
230132,-0.485354543,0.3356690385,0.5042803971,,-1.080760406,-6.348552837,-0.722273221,-0.666974846,,0.5516815849,0.0119923747,-1.571275498,1,1,1,0,1,1,1,1,0,1,1,1,10,0.1,-0.947156795,0.028411,0.480473,-2.030429902
230133,-0.406029988,1.0992586017,0.546679334,-0.207978174,-0.201740026,0.1636017162,0.8987468544,0.6210143556,,-0.064364365,0.1956780474,0.7469851548,1,1,1,1,1,1,1,1,0,1,1,1,11,0.0909090909,0.3083501375,0.028411,0.480473,0.5826329196
230141,-0.222591955,-1.027883753,-1.000881864,,-0.669304058,-0.270541921,,0.4779044444,-0.551499102,-1.707153563,-0.539064643,0.2120019273,1,1,1,0,1,1,0,1,1,1,1,1,10,0.1,-0.529901449,0.028411,0.480473,-1.162004245
230142,-0.391156634,0.0084163685,0.6314772079,,-0.482278445,-0.704685558,1.0033287947,0.6210143556,-0.07901946,0.5516815849,-0.171693298,-0.441866462,1,1,1,0,1,1,1,1,1,1,1,1,11,0.0909090909,0.0495653141,0.028411,0.480473,0.0440289637
230144,-0.257296448,-0.427920525,,,,,,,,,1.6651634291,,1,1,0,0,0,0,0,0,0,0,1,0,3,0.3333333333,0.3266488188,0.028411,0.480473,0.6207176187
230146,2.7322477079,0.4992953735,-0.046905783,0.5485845492,0.1162035161,-0.270541921,1.107910735,0.1201296663,,0.5516815849,-0.539064643,-0.560751624,1,1,1,1,1,1,1,1,0,1,1,1,11,0.0909090909,0.3871626511,0.028411,0.480473,0.7466639128
230151,-0.396114419,0.0084163685,-0.280099936,0.083007489,-0.370063077,-2.441260105,-0.46081837,0.1916846219,,0.5516815849,-0.171693298,0.0931167656,1,1,1,1,1,1,1,1,0,1,1,1,11,0.0909090909,-0.290194761,0.028411,0.480473,-0.663107252
230156,-0.52501682,-0.100667855,0.037892091,0.5485845492,-1.510919315,-1.138829195,,0.2632395775,0.9215256651,-0.064364365,0.1956780474,-1.155177432,1,1,1,1,1,1,0,1,1,1,1,1,11,0.0909090909,-0.229823186,0.028411,0.480473,-0.537457036
230165,-0.52501682,,-1.064480269,-0.091583909,-1.192975773,-0.270541921,,-0.523864934,-0.398638042,-0.064364365,0.1956780474,-1.868488402,1,0,1,1,1,1,0,1,1,1,1,1,10,0.1,-0.580427639,0.028411,0.480473,-1.267163448
230167,-0.222591955,-0.700631083,-0.449695684,-0.324372439,-1.679242366,0.1636017162,,0.0485747107,,-1.091107614,0.1956780474,-1.095734851,1,1,1,1,1,1,0,1,0,1,1,1,10,0.1,-0.515552152,0.028411,0.480473,-1.132139324
230174,-0.133351831,-1.136967976,-0.661690368,,0.1349060774,-1.138829195,-1.402055833,0.6210143556,,,0.5630493928,0.0931167656,1,1,1,0,1,1,1,1,0,0,1,1,9,0.1111111111,-0.340089846,0.028411,0.480473,-0.766952947
230176,-0.45065005,0.1175005918,0.3346846494,-0.498963836,-0.781519425,1.03188899,,0.6210143556,,0.5516815849,-0.906435989,-0.085210977,1,1,1,1,1,1,0,1,0,1,1,1,10,0.1,-0.006601011,0.028411,0.480473,-0.072868945
230180,-0.177971893,-0.26429419,0.546679334,-0.091583909,-0.388765638,-0.270541921,-0.669982251,0.4779044444,,,0.5630493928,-0.025768396,1,1,1,1,1,1,1,1,0,0,1,1,10,0.1,-0.030127503,0.028411,0.480473,-0.121834188
230193,-0.440734481,-1.2460522,-0.682889837,,-0.613196374,0.1636017162,,0.1916846219,-0.10681238,0.5516815849,0.1956780474,0.330887089,1,1,1,0,1,1,0,1,1,1,1,1,10,0.1,-0.165615221,0.028411,0.480473,-0.403822213
230195,-0.52501682,,-0.280099936,-0.033386776,-1.828862857,-0.270541921,0.3235461825,-0.237645112,1.1438690263,,-0.171693298,-1.571275498,1,0,1,1,1,1,1,1,1,0,1,1,10,0.1,-0.345110701,0.028411,0.480473,-0.777402758
230197,-0.520059035,,0.9070702979,-1.604709354,-0.70670918,0.1636017162,0.794164914,-0.166090156,-1.927248649,-0.680410314,,-0.620194204,1,0,1,1,1,1,1,1,1,1,0,1,10,0.1,-0.436058397,0.028411,0.480473,-0.966690476
230207,-0.326705433,-0.26429419,-0.428496215,0.1412046215,0.9578187736,0.5977453531,,-3.457618115,0.5880106234,,-0.171693298,0.6280999932,1,1,1,1,1,1,0,1,1,0,1,1,10,0.1,-0.173592789,0.028411,0.480473,-0.420425773
230208,-0.391156634,0.0084163685,1.2250623248,,1.2009520702,1.03188899,,0.4063494887,,,-1.090121662,0.2714445081,1,1,1,0,1,1,0,1,0,0,1,1,8,0.125,0.3328544318,0.028411,0.480473,0.6336332437
230216,-0.321747649,-1.136967976,-0.131703657,1.3051472721,-0.70670918,-1.572972831,0.1143823019,-1.454079357,-1.329700866,-1.091107614,-0.171693298,0.687542574,1,1,1,1,1,1,1,1,1,1,1,1,12,0.0833333333,-0.48413419,0.028411,0.480473,-1.066749715
230217,-0.45065005,-1.082425865,0.7374745502,2.0035128624,0.3032291289,-0.270541921,,0.1916846219,-2.246867231,0.5516815849,0.3793637201,-0.263538719,1,1,1,1,1,1,0,1,1,1,1,1,11,0.0909090909,-0.013370665,0.028411,0.480473,-0.086958499
230222,-0.1432674,0.0084163685,0.1226899648,0.3739931517,-0.089524658,0.5977453531,0.794164914,,,0.3463329351,0.3793637201,-0.085210977,1,1,1,1,1,1,1,0,0,1,1,1,10,0.1,0.2304703372,0.028411,0.480473,0.4205431649
230227,-0.465523404,-0.59154686,-0.407296747,-1.488315089,-0.033416974,0.1636017162,,-0.953194668,-0.287466361,-0.680410314,-0.171693298,-1.333505175,1,1,1,1,1,1,0,1,1,1,1,1,11,0.0909090909,-0.568069743,0.028411,0.480473,-1.241443193
230230,-0.381241065,-0.155209967,-0.174102594,-0.673555234,-1.903673102,0.1636017162,0.1143823019,0.3347945331,1.7970026496,0.5516815849,0.0119923747,-0.679636785,1,1,1,1,1,1,1,1,1,1,1,1,12,0.0833333333,-0.082830299,0.028411,0.480473,-0.23152352
230236,-0.510143466,0.6083795968,-0.852485584,-1.779300752,-0.108227219,-0.270541921,,0.6210143556,,-0.475061664,-1.090121662,0.3903296698,1,1,1,1,1,1,0,1,0,1,1,1,10,0.1,-0.346615865,0.028411,0.480473,-0.780535427
230239,-0.52501682,-0.482462636,-2.908834025,1.3633444046,-0.108227219,-0.270541921,,0.5494594,,0.5516815849,-0.171693298,0.0931167656,1,1,1,1,1,1,0,1,0,1,1,1,10,0.1,-0.190917376,0.028411,0.480473,-0.45648311
230241,-0.52501682,,-0.619291431,,0.3406342514,1.03188899,1.107910735,-4.817162271,,,-0.906435989,-1.155177432,1,0,1,0,1,1,1,1,0,0,1,1,8,0.125,-0.692831246,0.028411,0.480473,-1.501106948
230244,-0.52501682,0.7174638201,0.3346846494,,0.9391162123,0.5977453531,,,,,0.1956780474,0.1525593464,1,1,1,0,1,1,0,0,0,0,1,1,7,0.1428571429,0.3446043727,0.028411,0.480473,0.6580881732
230254,-0.520059035,,-1.128078674,-0.324372439,-1.00595016,0.1636017162,,0.1916846219,,-0.475061664,-0.355378971,-0.441866462,1,0,1,1,1,1,0,1,0,1,1,1,9,0.1111111111,-0.43283123,0.028411,0.480473,-0.959973835
230259,-0.52501682,-0.482462636,0.0802910279,1.072358742,-1.230380896,0.1636017162,0.480419093,0.4063494887,,,-0.355378971,-0.798521947,1,1,1,1,1,1,1,1,0,0,1,1,10,0.1,-0.11887412,0.028411,0.480473,-0.306540844
230264,-0.430818911,-0.864257418,,,,,,,,,-1.090121662,,1,1,0,0,0,0,0,0,0,0,1,0,3,0.3333333333,-0.795065997,0.028411,0.480473,-1.713886201
230269,-0.430818911,0.2265848151,0.2074878387,-0.906343764,-0.987247599,0.1636017162,0.2712552124,-0.094535201,0.6435964637,0.5516815849,-0.722750316,-0.025768396,1,1,1,1,1,1,1,1,1,1,1,1,12,0.0833333333,-0.091938046,0.028411,0.480473,-0.250479303
230270,-0.386198849,0.3356690385,0.6526766764,-0.207978174,-0.164334903,0.1636017162,,0.4779044444,,,-1.273807334,0.2714445081,1,1,1,1,1,1,0,1,0,0,1,1,9,0.1111111111,-0.014558097,0.028411,0.480473,-0.089429879
230273,-0.45065005,-0.482462636,0.1226899648,,-1.062057844,-2.875403742,,,,,0.1956780474,-1.511832917,1,1,1,0,1,1,0,0,0,0,1,1,7,0.1428571429,-0.866291311,0.028411,0.480473,-1.8621261
230275,-0.495270112,-0.537004748,,,,,,,,,2.3999061199,,1,1,0,0,0,0,0,0,0,0,1,0,3,0.3333333333,0.4558770866,0.028411,0.480473,0.8896779671
230277,-0.054027276,0.6083795968,-1.700464323,-0.266175306,-0.145632342,-0.270541921,0.8987468544,0.0485747107,,-0.680410314,0.1956780474,-1.630718079,1,1,1,1,1,1,1,1,0,1,1,1,11,0.0909090909,-0.272417305,0.028411,0.480473,-0.626107368
230279,-0.485354543,0.9356322668,,,,,,,,,,,1,1,0,0,0,0,0,0,0,0,0,0,2,0.5,0.225138862,0.028411,0.480473,0.4094468666
230297,-0.505185681,-0.155209967,-0.301299404,,,,,,,,-1.273807334,-1.69016066,1,1,1,0,0,0,0,0,0,0,1,1,5,0.2,-0.785132609,0.028411,0.480473,-1.693212029
230301,-0.455607835,-1.191510088,,,,,,,,,0.3793637201,,1,1,0,0,0,0,0,0,0,0,1,0,3,0.3333333333,-0.422584734,0.028411,0.480473,-0.938647997
230302,2.2761315183,0.9356322668,-0.195302062,0.6649788143,-1.978483347,-1.572972831,,0.4063494887,,0.5516815849,0.3793637201,0.2714445081,1,1,1,1,1,1,0,1,0,1,1,1,10,0.1,0.1738823661,0.028411,0.480473,0.3027676915
230303,0.074875125,0.8265480434,0.6314772079,,0.6024701093,0.5977453531,,0.5494594,,,0.3793637201,-0.144653558,1,1,1,0,1,1,0,1,0,0,1,1,8,0.125,0.4396606751,0.028411,0.480473,0.8559270568
23037F,-0.267212017,0.3356690385,,,,0.5977453531,,0.6210143556,,,,-0.620194204,1,1,0,0,0,1,0,1,0,0,0,1,5,0.2,0.1334045051,0.028411,0.480473,0.2185218854
231300,0.6004003,1.1538007134,-0.470895152,,1.1261418251,0.1636017162,,,,,,,1,1,1,0,1,1,0,0,0,0,0,0,5,0.2,0.5146098805,0.028411,0.480473,1.0119174196
231301,,0.9356322668,1.0342671087,,1.0700341412,,,,,,-0.355378971,,0,1,1,0,1,0,0,0,0,0,1,0,4,0.25,0.6711386365,0.028411,0.480473,1.3376977575
231303,,1.0992586017,-1.976057413,1.0141616094,0.1910137612,,,,,,-1.273807334,,0,1,1,1,1,0,0,0,0,0,1,0,5,0.2,-0.189086155,0.028411,0.480473,-0.452671823
231304,,0.6083795968,0.4194825233,,0.8830085285,0.5977453531,,,,,-0.722750316,,0,1,1,0,1,1,0,0,0,0,1,0,5,0.2,0.3571731371,0.028411,0.480473,0.6842473047
231305,,0.7174638201,-0.407296747,,1.1261418251,1.03188899,1.107910735,,,,,1.7575090291,0,1,1,0,1,1,1,0,0,0,0,1,6,0.1666666667,0.8889362754,0.028411,0.480473,1.790995862
231306,,0.4992953735,0.3982830548,,0.714685477,0.1636017162,,,,,,,0,1,1,0,1,1,0,0,0,0,0,0,4,0.25,0.4439664053,0.028411,0.480473,0.8648884916
231307,,0.6083795968,0.3346846494,,0.7707931608,,,,,,-0.722750316,,0,1,1,0,1,0,0,0,0,0,1,0,4,0.25,0.2477767727,0.028411,0.480473,0.4565627217
231308,,1.0992586017,-0.258900467,,0.9391162123,1.03188899,,,,,,,0,1,1,0,1,1,0,0,0,0,0,0,4,0.25,0.7028408341,0.028411,0.480473,1.4036789415
231310,-0.138309616,-0.427920525,-0.407296747,0.4321902842,1.1448443863,1.03188899,0.1143823019,,,,-0.355378971,,1,1,1,1,1,1,1,0,0,0,1,0,8,0.125,0.174300013,0.028411,0.480473,0.3036369322
231311,-0.029238353,-1.627846981,,,1.5750032957,1.03188899,,,,,,,1,1,0,0,1,1,0,0,0,0,0,0,4,0.25,0.2374517378,0.028411,0.480473,0.4350734219
231312,,0.8810901551,,,1.1074392638,0.1636017162,,,,,,,0,1,0,0,1,1,0,0,0,0,0,0,3,0.3333333333,0.717377045,0.028411,0.480473,1.4339328822
231313,,-1.682389093,0.864671361,,0.8643059672,,,,,,,,0,1,1,0,1,0,0,0,0,0,0,0,3,0.3333333333,0.0155294117,0.028411,0.480473,-0.026809316
231314,,-2.173268098,-0.407296747,,1.1074392638,0.5977453531,,,,,,,0,1,1,0,1,1,0,0,0,0,0,0,4,0.25,-0.218845057,0.028411,0.480473,-0.514608463
231315,,-0.155209967,0.9494692348,,1.2009520702,0.5977453531,,,,,1.1141064109,,0,1,1,0,1,1,0,0,0,0,1,0,5,0.2,0.7414126205,0.028411,0.480473,1.4839576706
231316,-0.515101251,-0.155209967,-1.382472296,,1.3505725604,1.03188899,,,,,-2.008550025,,1,1,1,0,1,1,0,0,0,0,1,0,6,0.1666666667,-0.279811998,0.028411,0.480473,-0.641497803
231318,-0.257296448,-1.355136423,0.1862883702,,0.7894957221,1.03188899,,,,,-1.090121662,,1,1,1,0,1,1,0,0,0,0,1,0,6,0.1666666667,-0.115813575,0.028411,0.480473,-0.300170989
231319,-0.168056324,-0.537004748,0.3558841179,-0.324372439,0.8456034059,1.03188899,,,,,-2.926978389,,1,1,1,1,1,1,0,0,0,0,1,0,7,0.1428571429,-0.246147912,0.028411,0.480473,-0.571433379
231320,,-1.027883753,-0.661690368,,1.0887367025,0.1636017162,-0.094781579,,,,-0.539064643,,0,1,1,0,1,1,1,0,0,0,1,0,6,0.1666666667,-0.178513654,0.028411,0.480473,-0.430667477
231321,-0.52501682,-1.2460522,-2.378847314,,0.2658240063,0.1636017162,,0.4779044444,,0.5516815849,0.3793637201,-0.263538719,1,1,1,0,1,1,0,1,0,1,1,1,9,0.1111111111,-0.286119953,0.028411,0.480473,-0.654626432
231322,-0.034196138,0.9356322668,0.6526766764,-0.266175306,0.3406342514,0.5977453531,,,,,-0.171693298,,1,1,1,1,1,1,0,0,0,0,1,0,7,0.1428571429,0.2935176865,0.028411,0.480473,0.5517624201
231323,-0.049069492,0.8810901551,0.1862883702,,1.1448443863,0.1636017162,,0.4063494887,,,1.8488491018,0.5686574123,1,1,1,0,1,1,0,1,0,0,1,1,8,0.125,0.6438263924,0.028411,0.480473,1.2808533006
231324,0.7293027014,-0.809715306,0.0166926225,,0.8456034059,0.5977453531,,,,,-1.64117868,,1,1,1,0,1,1,0,0,0,0,1,0,6,0.1666666667,-0.043591651,0.028411,0.480473,-0.149856864
231325,2.8859390327,-0.59154686,0.2498867756,,0.3593368127,0.5977453531,,,,,-2.559607043,0.0336741848,1,1,1,0,1,1,0,0,0,0,1,1,7,0.1428571429,0.1393468937,0.028411,0.480473,0.2308896663
231326,-0.247380879,-0.482462636,0.0166926225,-0.498963836,0.0787983936,0.1636017162,,,,,-0.906435989,,1,1,1,1,1,1,0,0,0,0,1,0,7,0.1428571429,-0.268021515,0.028411,0.480473,-0.616958495
231327,-0.480396758,0.1720427035,-0.08930472,,0.3032291289,0.5977453531,0.1143823019,,,,-0.906435989,,1,1,1,0,1,1,1,0,0,0,1,0,7,0.1428571429,-0.041248283,0.028411,0.480473,-0.144979657
231328,,0.0084163685,-0.513294089,,1.05133158,0.5977453531,,,,,,,0,1,1,0,1,1,0,0,0,0,0,0,4,0.25,0.2860498031,0.028411,0.480473,0.5362196556
231329,-0.465523404,-1.736931205,1.2250623248,,1.8181365923,,,,,,,,1,1,1,0,1,0,0,0,0,0,0,0,4,0.25,0.2101860771,0.028411,0.480473,0.3783259183
231330,-0.386198849,-1.627846981,-0.068105251,2.0035128624,1.2009520702,,,,,,0.5630493928,,1,1,1,1,1,0,0,0,0,0,1,0,6,0.1666666667,0.2808938739,0.028411,0.480473,0.5254887177
231331,-0.480396758,0.0084163685,-0.237700999,,0.041393271,0.5977453531,,,,,0.1956780474,,1,1,1,0,1,1,0,0,0,0,1,0,6,0.1666666667,0.0208558805,0.028411,0.480473,-0.015723437
231332,2.2860470877,1.2083428251,0.1650889017,-0.207978174,0.0787983936,0.1636017162,,,,,-0.539064643,,1,1,1,1,1,1,0,0,0,0,1,0,7,0.1428571429,0.4506908724,0.028411,0.480473,0.8788839977
231333,-0.163098539,-0.91879953,0.1862883702,2.0035128624,0.5650649868,1.03188899,,,,,-0.722750316,,1,1,1,1,1,1,0,0,0,0,1,0,7,0.1428571429,0.2831581177,0.028411,0.480473,0.5302012456
231337,-0.490312327,-0.700631083,0.037892091,0.0248103565,-0.145632342,0.1636017162,-1.245182922,,,,0.5630493928,,1,1,1,1,1,1,1,0,0,0,1,0,8,0.125,-0.22405064,0.028411,0.480473,-0.525442744
231338,-0.326705433,0.5538374851,0.589078271,-0.789949499,0.0226907097,-0.704685558,0.794164914,0.6210143556,,-0.064364365,0.0119923747,0.0931167656,1,1,1,1,1,1,1,1,0,1,1,1,11,0.0909090909,0.0727445474,0.028411,0.480473,0.0922714633
231339,-0.083773984,0.6083795968,0.1650889017,-0.266175306,0.4902547416,0.5977453531,0.6372920035,0.4779044444,,0.5516815849,-0.539064643,1.3414109632,1,1,1,1,1,1,1,1,0,1,1,1,11,0.0909090909,0.3618857868,0.028411,0.480473,0.6940556535
231340,,,-0.280099936,-0.731752366,0.9952238961,,,,,,,,0,0,1,1,1,0,0,0,0,0,0,0,3,0.3333333333,-0.005542802,0.028411,0.480473,-0.070666516
240001,-0.52501682,0.7720059318,0.5678788025,-0.848146631,-0.631898935,-2.441260105,,-0.022980245,,0.5516815849,0.0119923747,-1.214620013,1,1,1,1,1,1,0,1,0,1,1,1,10,0.1,-0.378036406,0.028411,0.480473,-0.845930404
240002,-0.37628328,0.9901743784,1.0554665771,0.7231759468,-1.211678335,-0.704685558,,0.4779044444,,0.5516815849,0.1956780474,0.4497722506,1,1,1,1,1,1,0,1,0,1,1,1,10,0.1,0.2151206058,0.028411,0.480473,0.3885960594
240004,-0.440734481,0.6083795968,0.6314772079,-0.324372439,-1.267786018,-1.138829195,,0.2632395775,,0.5516815849,1.1141064109,-0.501309043,1,1,1,1,1,1,0,1,0,1,1,1,10,0.1,-0.05041468,0.028411,0.480473,-0.164057506
240006,1.9191710221,-1.464220646,-0.428496215,2.0035128624,0.9765213348,-0.270541921,,-0.59541989,,0.5516815849,1.8488491018,-0.144653558,1,1,1,1,1,1,0,1,0,1,1,1,10,0.1,0.4396403676,0.028411,0.480473,0.8558847911
240010,1.3986036318,-0.26429419,0.864671361,-2.303074945,-1.454811631,-0.270541921,0.2189642422,-1.382524402,,0.5516815849,-0.171693298,-1.095734851,1,1,1,1,1,1,1,1,0,1,1,1,11,0.0909090909,-0.355341311,0.028411,0.480473,-0.798695532
240014,0.2781442965,0.6629217084,1.0978655141,,0.378039374,0.5977453531,-1.088310012,0.4063494887,,-0.269713014,1.1141064109,-0.917407109,1,1,1,0,1,1,1,1,0,1,1,1,10,0.1,0.2259742011,0.028411,0.480473,0.4111854419
240018,0.8631628875,0.0084163685,0.3770835864,,0.1349060774,0.1636017162,0.2189642422,-0.094535201,,0.5516815849,0.3793637201,-0.204096139,1,1,1,0,1,1,1,1,0,1,1,1,10,0.1,0.2398548844,0.028411,0.480473,0.4400750454
240019,-0.401072203,0.8810901551,-0.407296747,,,,,,,,1.1141064109,,1,1,1,0,0,0,0,0,0,0,1,0,4,0.25,0.296706904,0.028411,0.480473,0.5584000781
240020,-0.316789864,-0.209752078,0.6738761448,,0.1723111999,0.5977453531,-0.826855161,0.4779044444,,,0.1956780474,-0.441866462,1,1,1,0,1,1,1,1,0,0,1,1,9,0.1111111111,0.035805736,0.028411,0.480473,0.0153914142
240022,-0.435776696,0.8265480434,-0.131703657,,0.4528496191,0.1636017162,,0.6210143556,,0.5516815849,1.2977920836,-0.263538719,1,1,1,0,1,1,0,1,0,1,1,1,9,0.1111111111,0.3424964812,0.028411,0.480473,0.6537010586
24002F,-0.163098539,0.2811269268,,,,,,0.6210143556,,,,,1,1,0,0,0,0,0,1,0,0,0,0,3,0.3333333333,0.2463475811,0.028411,0.480473,0.4535881722
240030,-0.06890063,-0.537004748,-0.08930472,-1.488315089,0.6398752319,0.5977453531,-1.402055833,0.6210143556,-0.315259281,0.5516815849,0.7467350655,0.8064277357,1,1,1,1,1,1,1,1,1,1,1,1,12,0.0833333333,0.0052199188,0.028411,0.480473,-0.048266269
240036,0.0252972783,-2.718689215,-0.08930472,-0.091583909,-1.267786018,-1.572972831,,0.4063494887,-1.232425646,-0.475061664,0.5630493928,-1.511832917,1,1,1,1,1,1,0,1,1,1,1,1,11,0.0909090909,-0.724087342,0.028411,0.480473,-1.566159669
240038,-0.1432674,-0.209752078,0.7374745502,-0.731752366,-0.575791251,-0.704685558,,0.2632395775,,-3.349942762,0.3793637201,-0.620194204,1,1,1,1,1,1,0,1,0,1,1,1,10,0.1,-0.495530777,0.028411,0.480473,-1.090469216
24003F,0.8482895335,0.1175005918,,,0.9391162123,0.5977453531,-1.768092624,,,,,0.2714445081,1,1,0,0,1,1,1,0,0,0,0,1,6,0.1666666667,0.1676672624,0.028411,0.480473,0.2898323139
240040,0.1889041724,0.4447532618,0.7586740187,,0.1349060774,0.1636017162,1.5262384964,0.5494594,,0.5516815849,1.1141064109,-0.025768396,1,1,1,0,1,1,1,1,0,1,1,1,10,0.1,0.5406556743,0.028411,0.480473,1.0661260373
240043,0.689640424,-0.26429419,0.589078271,0.7813730793,0.1162035161,0.1636017162,0.5850010334,0.0485747107,,0.5516815849,1.8488491018,-0.739079366,1,1,1,1,1,1,1,1,0,1,1,1,11,0.0909090909,0.3973299892,0.028411,0.480473,0.7678250012
240044,-0.52501682,0.3902111501,0.4618814602,,0.1723111999,0.1636017162,1.107910735,0.6210143556,,-0.885758964,0.5630493928,-0.382423881,1,1,1,0,1,1,1,1,0,1,1,1,10,0.1,0.1686780345,0.028411,0.480473,0.2919360146
240047,0.7392182707,0.9901743784,0.313485181,0.1412046215,-0.55708869,-1.138829195,,0.6210143556,-1.565940687,0.5516815849,-0.355378971,0.8658703165,1,1,1,1,1,1,0,1,1,1,1,1,11,0.0909090909,0.0550373787,0.028411,0.480473,0.0554178682
240050,-0.485354543,0.1720427035,0.822272424,0.7231759468,-0.762816864,-1.138829195,-0.042490609,0.4063494887,,0.1409842852,0.3793637201,-0.025768396,1,1,1,1,1,1,1,1,0,1,1,1,11,0.0909090909,0.0171753602,0.028411,0.480473,-0.023383634
240052,0.4913290372,-0.155209967,0.4194825233,2.0035128624,0.1910137612,-0.270541921,,0.4779044444,,-0.269713014,0.3793637201,-1.03629227,1,1,1,1,1,1,0,1,0,1,1,1,10,0.1,0.2230849176,0.028411,0.480473,0.405172031
240053,0.5756113766,-0.537004748,0.8010729556,-0.033386776,-1.754052612,-0.270541921,0.3235461825,0.6210143556,-1.107357505,0.5516815849,0.3793637201,0.5092148315,1,1,1,1,1,1,1,1,1,1,1,1,12,0.0833333333,0.0049301204,0.028411,0.480473,-0.04886942
240056,-0.1432674,-0.646088971,1.0978655141,1.2469501395,0.4341470578,0.1636017162,-0.879146131,0.1916846219,,-1.296456264,0.1956780474,0.687542574,1,1,1,1,1,1,1,1,0,1,1,1,11,0.0909090909,0.0956828094,0.028411,0.480473,0.140012434
240057,-0.173014108,-0.26429419,0.2074878387,-0.731752366,-0.55708869,-1.138829195,,0.6210143556,-1.135150425,-1.707153563,0.1956780474,-1.511832917,1,1,1,1,1,1,0,1,1,1,1,1,11,0.0909090909,-0.563175928,0.028411,0.480473,-1.23125779
240064,0.4467089752,0.7174638201,0.5254798656,-0.789949499,-0.164334903,-1.138829195,0.7418739439,0.4063494887,-1.037875205,0.5516815849,-0.355378971,-0.085210977,1,1,1,1,1,1,1,1,1,1,1,1,12,0.0833333333,-0.015168423,0.028411,0.480473,-0.090700137
240066,0.4863712526,-0.427920525,0.0166926225,-0.382569571,0.041393271,0.5977453531,1.2124926754,0.4779044444,,0.5516815849,0.3793637201,0.5092148315,1,1,1,1,1,1,1,1,0,1,1,1,11,0.0909090909,0.3147608781,0.028411,0.480473,0.5959754728
240069,-0.386198849,-0.809715306,0.8858708294,,0.6772803544,0.1636017162,0.6372920035,0.5494594,,-0.475061664,1.6651634291,-0.441866462,1,1,1,0,1,1,1,1,0,1,1,1,10,0.1,0.2465825451,0.028411,0.480473,0.4540771983
240071,-0.252338663,0.1175005918,0.9070702979,,0.2097163225,0.1636017162,-0.46081837,0.6210143556,,-0.475061664,0.7467350655,-1.095734851,1,1,1,0,1,1,1,1,0,1,1,1,10,0.1,0.0481684801,0.028411,0.480473,0.0411217594
240075,-0.455607835,0.6629217084,0.313485181,0.4903874167,0.9952238961,0.5977453531,1.0556197649,0.4779044444,,0.5516815849,0.5630493928,0.0931167656,1,1,1,1,1,1,1,1,0,1,1,1,11,0.0909090909,0.4859570612,0.028411,0.480473,0.952282849
240076,-0.306874295,-0.155209967,0.6950756133,0.8977673444,0.4154444965,0.5977453531,,0.1916846219,,0.5516815849,0.3793637201,0.3903296698,1,1,1,1,1,1,0,1,0,1,1,1,10,0.1,0.3657008143,0.028411,0.480473,0.701995798
240078,-0.490312327,0.3902111501,0.4830809287,0.4321902842,-1.043355283,-1.572972831,,0.5494594,,0.5516815849,0.7467350655,0.0336741848,1,1,1,1,1,1,0,1,0,1,1,1,10,0.1,0.0080392156,0.028411,0.480473,-0.042398519
240080,-0.425861127,0.4447532618,0.9918681717,-1.080935161,-0.351360516,1.03188899,,0.2632395775,,-3.965988712,-0.171693298,-0.560751624,1,1,1,1,1,1,0,1,0,1,1,1,10,0.1,-0.382484044,0.028411,0.480473,-0.855187189
240084,-0.465523404,0.7720059318,0.546679334,,0.1162035161,0.5977453531,0.5850010334,-1.167859535,,0.5516815849,0.0119923747,0.6280999932,1,1,1,0,1,1,1,1,0,1,1,1,10,0.1,0.2176026182,0.028411,0.480473,0.393761825
240088,0.0847906943,-2.55506288,0.6102777394,-0.906343764,0.1910137612,0.1636017162,0.794164914,,,-1.501804914,1.1141064109,-1.095734851,1,1,1,1,1,1,1,0,0,1,1,1,10,0.1,-0.310099117,0.028411,0.480473,-0.704533811
240093,0.6499781467,-0.755173195,1.1190649825,0.7231759468,-0.70670918,-0.704685558,-0.199363519,-2.241183869,,0.5516815849,0.7467350655,-0.679636785,1,1,1,1,1,1,1,1,0,1,1,1,11,0.0909090909,-0.13601058,0.028411,0.480473,-0.342206633
240100,-0.520059035,0.2811269268,-0.407296747,-0.615358101,-0.332657955,-0.704685558,0.0098003615,0.3347945331,-0.676567243,0.5516815849,0.3793637201,-0.560751624,1,1,1,1,1,1,1,1,1,1,1,1,12,0.0833333333,-0.188384095,0.028411,0.480473,-0.451210638
240101,-0.440734481,0.7174638201,-0.046905783,,0.0226907097,-0.270541921,1.5262384964,0.6210143556,-0.204087601,0.5516815849,0.5630493928,0.330887089,1,1,1,0,1,1,1,1,1,1,1,1,11,0.0909090909,0.3064323331,0.028411,0.480473,0.5786414295
240104,-0.242423094,-0.26429419,0.7374745502,-0.033386776,-0.276550271,0.5977453531,-0.094781579,0.4779044444,,-0.269713014,0.0119923747,0.330887089,1,1,1,1,1,1,1,1,0,1,1,1,11,0.0909090909,0.0886231716,0.028411,0.480473,0.1253193434
240106,0.4516667599,-0.482462636,0.2074878387,-0.557160969,-1.305191141,-1.138829195,0.480419093,0.3347945331,,0.3463329351,1.2977920836,-0.917407109,1,1,1,1,1,1,1,1,0,1,1,1,11,0.0909090909,-0.116596164,0.028411,0.480473,-0.301799777
240115,-0.336621003,-0.100667855,1.0130676402,-1.197329427,-0.220442587,-0.704685558,-0.35623643,0.3347945331,,-2.323199513,0.7467350655,-0.620194204,1,1,1,1,1,1,1,1,0,1,1,1,11,0.0909090909,-0.342252667,0.028411,0.480473,-0.771454386
240141,-0.500227897,0.0629584801,0.864671361,,0.3593368127,0.5977453531,1.107910735,0.4779044444,,0.5516815849,0.7467350655,-0.144653558,1,1,1,0,1,1,1,1,0,1,1,1,10,0.1,0.4124062382,0.028411,0.480473,0.799202913
240166,0.3822577745,-0.646088971,0.3982830548,,1.1448443863,1.03188899,,0.4779044444,,0.5516815849,0.3793637201,0.6280999932,1,1,1,0,1,1,0,1,0,1,1,1,9,0.1111111111,0.4831372196,0.028411,0.480473,0.9464139661
240187,0.2186508804,-0.482462636,0.9706687033,,0.3967419353,0.5977453531,0.5850010334,,,0.5516815849,0.3793637201,0.687542574,1,1,1,0,1,1,1,0,0,1,1,1,9,0.1111111111,0.4338814609,0.028411,0.480473,0.8438988875
240206,1.4085192011,0.4992953735,,,1.5188956119,-3.309547379,,,,,,,1,1,0,0,1,1,0,0,0,0,0,0,4,0.25,0.0292907018,0.028411,0.480473,0.0018317968
240207,-0.465523404,0.4447532618,0.4618814602,0.0248103565,-0.875032232,-1.572972831,0.794164914,0.5494594,,-1.091107614,0.5630493928,0.2120019273,1,1,1,1,1,1,1,1,0,1,1,1,11,0.0909090909,-0.086774124,0.028411,0.480473,-0.23973173
240210,-0.480396758,0.6083795968,0.3770835864,0.7813730793,-0.538386129,-0.270541921,1.3170746157,,,-1.296456264,0.9304207382,-0.620194204,1,1,1,1,1,1,1,0,0,1,1,1,10,0.1,0.0808356341,0.028411,0.480473,0.1091112889
240213,-0.480396758,0.6083795968,0.7162750817,-0.789949499,0.0226907097,1.03188899,1.0556197649,0.6210143556,,-0.885758964,0.5630493928,0.330887089,1,1,1,1,1,1,1,1,0,1,1,1,11,0.0909090909,0.2539727054,0.028411,0.480473,0.4694581992
240214,-0.52501682,0.7174638201,1.140264451,,-0.220442587,-0.704685558,-0.303945459,-0.452309979,,0.5516815849,0.9304207382,-1.274062594,1,1,1,0,1,1,1,1,0,1,1,1,10,0.1,-0.01406324,0.028411,0.480473,-0.088399942
241301,-0.52501682,-0.482462636,,,0.7520905995,1.03188899,,,,,,,1,1,0,0,1,1,0,0,0,0,0,0,4,0.25,0.1941250332,0.028411,0.480473,0.3448983716
241302,,0.9356322668,,,1.2383571927,1.03188899,,,,,,,0,1,0,0,1,1,0,0,0,0,0,0,3,0.3333333333,1.0686261498,0.028411,0.480473,2.1649809973
241303,,0.6629217084,,,1.1448443863,1.03188899,,,,,0.9304207382,,0,1,0,0,1,1,0,0,0,0,1,0,4,0.25,0.9425189557,0.028411,0.480473,1.9025164806
241304,,0.8810901551,,,1.05133158,1.03188899,,,,,0.1956780474,,0,1,0,0,1,1,0,0,0,0,1,0,4,0.25,0.7899971931,0.028411,0.480473,1.5850758222
241305,,-0.973341641,0.546679334,,0.7333880382,0.1636017162,,,,0.5516815849,-0.355378971,,0,1,1,0,1,1,0,0,0,1,1,0,6,0.1666666667,0.1111050102,0.028411,0.480473,0.1721103686
241306,-0.123436262,-0.046125743,-0.470895152,,0.9017110897,1.03188899,,,,,1.6651634291,-0.620194204,1,1,1,0,1,1,0,0,0,0,1,1,7,0.1428571429,0.334016021,0.028411,0.480473,0.6360508373
241308,,0.6083795968,0.2074878387,,0.3967419353,1.03188899,,,,,0.3793637201,,0,1,1,0,1,1,0,0,0,0,1,0,5,0.2,0.5247724161,0.028411,0.480473,1.0330685128
241309,-0.480396758,0.2265848151,0.1226899648,,0.7894957221,1.03188899,,,,,-0.539064643,0.2714445081,1,1,1,0,1,1,0,0,0,0,1,1,7,0.1428571429,0.2032346569,0.028411,0.480473,0.363858059
241311,,-0.100667855,,,0.6024701093,1.03188899,,,,,,,0,1,0,0,1,1,0,0,0,0,0,0,3,0.3333333333,0.5112304148,0.028411,0.480473,1.0048838017
241312,,-1.355136423,0.546679334,,0.9578187736,1.03188899,,,,,,,0,1,1,0,1,1,0,0,0,0,0,0,4,0.25,0.2953126686,0.028411,0.480473,0.5554982823
241313,-0.52501682,0.7174638201,,,1.2009520702,1.03188899,,,,,,,1,1,0,0,1,1,0,0,0,0,0,0,4,0.25,0.6063220151,0.028411,0.480473,1.2027961498
241314,0.2632709424,-0.209752078,,,0.8643059672,0.5977453531,,,,,0.5630493928,,1,1,0,0,1,1,0,0,0,0,1,0,5,0.2,0.4157239155,0.028411,0.480473,0.8061079318
241315,,0.6083795968,0.9282697664,,0.7520905995,1.03188899,,,,,,,0,1,1,0,1,1,0,0,0,0,0,0,4,0.25,0.8301572382,0.028411,0.480473,1.668660164
241316,,0.6629217084,,,0.9578187736,1.03188899,,,,,-0.539064643,-0.3229813,0,1,0,0,1,1,0,0,0,0,1,1,5,0.2,0.3581167056,0.028411,0.480473,0.6862111361
241317,,-0.809715306,0.4194825233,,1.1261418251,0.5977453531,,,,,,,0,1,1,0,1,1,0,0,0,0,0,0,4,0.25,0.3334135987,0.028411,0.480473,0.6347970272
241318,3.4114642077,0.9901743784,-0.237700999,,0.2658240063,1.03188899,,,,,,,1,1,1,0,1,1,0,0,0,0,0,0,5,0.2,1.0923301167,0.028411,0.480473,2.214315615
241319,,-0.373378413,-0.343698341,,0.8269008446,1.03188899,,,,,,,0,1,1,0,1,1,0,0,0,0,0,0,4,0.25,0.28542827,0.028411,0.480473,0.5349260706
241320,,0.0084163685,0.3346846494,,1.0139264574,1.03188899,,,,,-0.722750316,,0,1,1,0,1,1,0,0,0,0,1,0,5,0.2,0.3332332298,0.028411,0.480473,0.6344216288
241321,-0.52501682,0.3902111501,,,1.05133158,1.03188899,,,,,,0.8658703165,1,1,0,0,1,1,0,0,0,0,0,1,5,0.2,0.5628570433,0.028411,0.480473,1.1123333266
241322,,-0.646088971,0.1014904963,,0.247121445,0.5977453531,,,,,-0.722750316,,0,1,1,0,1,1,0,0,0,0,1,0,5,0.2,-0.084496399,0.028411,0.480473,-0.234991142
241323,,-0.373378413,,,0.3967419353,1.03188899,,,,,,,0,1,0,0,1,1,0,0,0,0,0,0,3,0.3333333333,0.3517508374,0.028411,0.480473,0.6729619749
241325,,-1.518762758,0.589078271,,0.1536086387,0.5977453531,,,,0.5516815849,0.9304207382,,0,1,1,0,1,1,0,0,0,1,1,0,6,0.1666666667,0.2172953046,0.028411,0.480473,0.393122219
241326,0.0352128476,-2.173268098,1.0342671087,,0.7520905995,0.5977453531,1.107910735,0.1201296663,,,0.0119923747,-0.620194204,1,1,1,0,1,1,1,1,0,0,1,1,9,0.1111111111,0.096209598,0.028411,0.480473,0.1411088292
241327,,,-0.025706314,,0.9765213348,1.03188899,,,,,,,0,0,1,0,1,1,0,0,0,0,0,0,3,0.3333333333,0.6609013368,0.028411,0.480473,1.3163910594
241328,,0.4447532618,0.8010729556,,0.2284188838,0.1636017162,,,,,-3.294349734,,0,1,1,0,1,1,0,0,0,0,1,0,5,0.2,-0.331300583,0.028411,0.480473,-0.748660022
241329,,0.1720427035,0.4830809287,,0.8269008446,1.03188899,0.5327100632,,,-0.475061664,0.3793637201,,0,1,1,0,1,1,1,0,0,1,1,0,7,0.1428571429,0.421560798,0.028411,0.480473,0.8182561249
241330,-0.232507525,-2.118725986,0.4830809287,,0.4154444965,0.5977453531,,0.4779044444,,,-0.722750316,-1.630718079,1,1,1,0,1,1,0,1,0,0,1,1,8,0.125,-0.341315835,0.028411,0.480473,-0.769504576
241332,,-0.046125743,0.9282697664,,0.9578187736,1.03188899,,,,0.5516815849,0.0119923747,,0,1,1,0,1,1,0,0,0,1,1,0,6,0.1666666667,0.5725876244,0.028411,0.480473,1.1325854009
241333,0.3227643585,-0.59154686,0.0802910279,,1.1448443863,1.03188899,,,,,0.3793637201,,1,1,1,0,1,1,0,0,0,0,1,0,6,0.1666666667,0.3946009372,0.028411,0.480473,0.7621450768
241334,-0.52501682,-0.646088971,1.2250623248,,0.4528496191,0.5977453531,,,,,-2.375921371,,1,1,1,0,1,1,0,0,0,0,1,0,6,0.1666666667,-0.211894978,0.028411,0.480473,-0.500143394
241335,,-0.537004748,0.313485181,,1.2757623153,1.03188899,,,,,,1.2819683824,0,1,1,0,1,1,0,0,0,0,0,1,5,0.2,0.6732200241,0.028411,0.480473,1.3420297101
241336,,-1.736931205,,,,1.03188899,,,,,,,0,1,0,0,0,1,0,0,0,0,0,0,2,0.5,-0.352521107,0.028411,0.480473,-0.792825897
241337,,-0.755173195,0.822272424,,0.8269008446,1.03188899,,,,,,,0,1,1,0,1,1,0,0,0,0,0,0,4,0.25,0.481472266,0.028411,0.480473,0.9429487296
241338,0.6053580847,-0.046125743,0.7586740187,,0.9017110897,1.03188899,,,,,0.0119923747,,1,1,1,0,1,1,0,0,0,0,1,0,6,0.1666666667,0.5439164691,0.028411,0.480473,1.0729126679
241339,,0.0629584801,,,0.9017110897,,,,,,,,0,1,0,0,1,0,0,0,0,0,0,0,2,0.5,0.4823347849,0.028411,0.480473,0.944743874
241340,-0.475438973,1.0992586017,1.2250623248,,0.9391162123,1.03188899,,,,,-0.722750316,1.6980664483,1,1,1,0,1,1,0,0,0,0,1,1,7,0.1428571429,0.6850290411,0.028411,0.480473,1.3666075937
241341,,,,,0.583767548,0.1636017162,,,,,,,0,0,0,0,1,1,0,0,0,0,0,0,2,0.5,0.3736846321,0.028411,0.480473,0.7186123669
241342,,0.6083795968,-0.08930472,,0.6772803544,1.03188899,,,,-0.064364365,0.0119923747,,0,1,1,0,1,1,0,0,0,1,1,0,6,0.1666666667,0.3626453719,0.028411,0.480473,0.6956365635
241343,,0.2811269268,0.3558841179,,1.0887367025,1.03188899,,,,,,,0,1,1,0,1,1,0,0,0,0,0,0,4,0.25,0.6894091843,0.028411,0.480473,1.3757239029
241344,,0.2265848151,0.0166926225,,0.9391162123,1.03188899,,,,0.5516815849,-0.355378971,,0,1,1,0,1,1,0,0,0,1,1,0,6,0.1666666667,0.401764209,0.028411,0.480473,0.777053859
241345,0.3822577745,-0.646088971,-1.022081332,,1.0700341412,0.5977453531,,,,,-0.171693298,,1,1,1,0,1,1,0,0,0,0,1,0,6,0.1666666667,0.0350289445,0.028411,0.480473,0.0137746927
241346,0.615273654,-0.155209967,0.7374745502,,1.3318699991,1.03188899,,,,,,,1,1,1,0,1,1,0,0,0,0,0,0,5,0.2,0.7122594453,0.028411,0.480473,1.4232817188
241347,,0.5538374851,,,0.7894957221,1.03188899,-0.35623643,,,,0.9304207382,,0,1,0,0,1,1,1,0,0,0,1,0,5,0.2,0.5898813012,0.028411,0.480473,1.1685784031
241348,,0.6083795968,,,1.1448443863,1.03188899,,,,,,,0,1,0,0,1,1,0,0,0,0,0,0,3,0.3333333333,0.928370991,0.028411,0.480473,1.8730705894
241349,0.045128417,-2.173268098,0.2498867756,,0.3406342514,0.5977453531,,0.4779044444,,,1.1141064109,-0.917407109,1,1,1,0,1,1,0,1,0,0,1,1,8,0.125,-0.033158694,0.028411,0.480473,-0.12814295
241350,-0.371325495,0.9901743784,0.822272424,,1.0700341412,1.03188899,,,,0.5516815849,-1.090121662,0.4497722506,1,1,1,0,1,1,0,0,0,1,1,1,8,0.125,0.4317970765,0.028411,0.480473,0.8395606978
241351,0.104621833,-2.064183875,-0.025706314,,0.2658240063,0.5977453531,,0.1916846219,,,-0.171693298,-0.917407109,1,1,1,0,1,1,0,1,0,0,1,1,8,0.125,-0.252389348,0.028411,0.480473,-0.58442356
241353,,-1.191510088,0.4406819917,,0.9765213348,0.5977453531,,,-0.579292022,0.5516815849,0.0119923747,,0,1,1,0,1,1,0,0,1,1,1,0,7,0.1428571429,0.1154029327,0.028411,0.480473,0.1810555533
241354,,1.1538007134,0.313485181,,0.378039374,1.03188899,,,,,0.1956780474,,0,1,1,0,1,1,0,0,0,0,1,0,5,0.2,0.6145784611,0.028411,0.480473,1.2199801348
241355,,-0.59154686,-0.131703657,,0.2284188838,0.5977453531,,,,0.5516815849,0.5630493928,,0,1,1,0,1,1,0,0,0,1,1,0,6,0.1666666667,0.202940783,0.028411,0.480473,0.3632464248
241356,-0.277127587,-0.26429419,0.9706687033,,1.9864596438,0.1636017162,,0.6210143556,,,-1.273807334,,1,1,1,0,1,1,0,1,0,0,1,0,7,0.1428571429,0.2752164726,0.028411,0.480473,0.5136724498
241357,-0.52501682,0.4992953735,0.1438894333,,1.4253828055,0.5977453531,,,,,1.6651634291,1.6386238674,1,1,1,0,1,1,0,0,0,0,1,1,7,0.1428571429,0.7778690631,0.028411,0.480473,1.5598337747
241358,1.5572527412,0.7720059318,,,1.5750032957,-0.704685558,,,,,,,1,1,0,0,1,1,0,0,0,0,0,0,4,0.25,0.7998941028,0.028411,0.480473,1.605674073
241359,,0.2811269268,0.0802910279,,0.9578187736,1.03188899,,,,-1.912502213,-0.539064643,,0,1,1,0,1,1,0,0,0,1,1,0,6,0.1666666667,-0.01674019,0.028411,0.480473,-0.093971427
241360,-0.445692265,0.8265480434,0.8434718925,,1.1822495089,0.5977453531,,,,,-2.743292716,0.330887089,1,1,1,0,1,1,0,0,0,0,1,1,7,0.1428571429,0.0845595579,0.028411,0.480473,0.1168618211
241361,0.6648515007,-0.100667855,0.313485181,,0.5463624255,0.5977453531,,,,-1.296456264,-1.090121662,,1,1,1,0,1,1,0,0,0,1,1,0,7,0.1428571429,-0.052114474,0.028411,0.480473,-0.167595256
241362,-0.019322784,-2.718689215,0.6738761448,,0.714685477,0.1636017162,,0.5494594,,-1.501804914,1.4814777564,-0.382423881,1,1,1,0,1,1,0,1,0,1,1,1,9,0.1111111111,-0.115460033,0.028411,0.480473,-0.299435169
241363,,-1.355136423,-0.407296747,,0.0039881484,1.03188899,,,,,,,0,1,1,0,1,1,0,0,0,0,0,0,4,0.25,-0.181639008,0.028411,0.480473,-0.437172217
241364,-0.217634171,-0.59154686,0.4830809287,,0.7333880382,0.5977453531,,,,,0.9304207382,,1,1,1,0,1,1,0,0,0,0,1,0,6,0.1666666667,0.3225756713,0.028411,0.480473,0.6122402539
241365,0.2781442965,-1.2460522,-0.301299404,,0.5650649868,0.5977453531,,,,,,,1,1,1,0,1,1,0,0,0,0,0,0,5,0.2,-0.021279394,0.028411,0.480473,-0.103418786
241366,,-0.755173195,0.4406819917,,1.2757623153,0.5977453531,,,,,0.9304207382,,0,1,1,0,1,1,0,0,0,0,1,0,5,0.2,0.4978874407,0.028411,0.480473,0.9771133221
241367,,0.4447532618,0.8858708294,,0.2097163225,0.5977453531,,,,0.5516815849,0.9304207382,,0,1,1,0,1,1,0,0,0,1,1,0,6,0.1666666667,0.6033646817,0.028411,0.480473,1.1966411078
241368,-0.029238353,-2.064183875,0.6526766764,,0.714685477,1.03188899,,0.6210143556,,,0.9304207382,0.1525593464,1,1,1,0,1,1,0,1,0,0,1,1,8,0.125,0.2512279195,0.028411,0.480473,0.4637455281
241369,0.0847906943,-0.537004748,0.1226899648,,1.05133158,0.5977453531,,,,,-0.906435989,,1,1,1,0,1,1,0,0,0,0,1,0,6,0.1666666667,0.0688528092,0.028411,0.480473,0.0841716622
241370,-0.515101251,0.2811269268,0.822272424,,0.8456034059,1.03188899,1.0556197649,,,,-1.090121662,-1.74960324,1,1,1,0,1,1,1,0,0,0,1,1,8,0.125,0.0852106699,0.028411,0.480473,0.1182169681
241371,,0.9901743784,0.8858708294,,0.7894957221,1.03188899,,,,,-1.457493007,,0,1,1,0,1,1,0,0,0,0,1,0,5,0.2,0.4479873826,0.028411,0.480473,0.8732572754
241372,,-0.427920525,0.7798734871,,0.9765213348,1.03188899,,,,,,,0,1,1,0,1,1,0,0,0,0,0,0,4,0.25,0.5900908218,0.028411,0.480473,1.1690144744
241373,-0.267212017,0.6083795968,-0.470895152,,0.2097163225,1.03188899,-1.297473893,,,0.5516815849,-0.171693298,,1,1,1,0,1,1,1,0,0,1,1,0,8,0.125,0.0242990168,0.028411,0.480473,-0.008557303
241374,,0.6083795968,-0.894884521,,0.6959829157,1.03188899,,,,,1.4814777564,,0,1,1,0,1,1,0,0,0,0,1,0,5,0.2,0.5845689475,0.028411,0.480473,1.1575219019
241375,,-0.809715306,,,1.2757623153,1.03188899,,,,,,,0,1,0,0,1,1,0,0,0,0,0,0,3,0.3333333333,0.4993119996,0.028411,0.480473,0.9800782296
241376,,-1.409678535,0.0590915594,,-0.070822097,1.03188899,,,,0.5516815849,-2.008550025,,0,1,1,0,1,1,0,0,0,1,1,0,6,0.1666666667,-0.30773142,0.028411,0.480473,-0.699605969
241377,-0.52501682,0.1720427035,-0.08930472,,0.4715521804,1.03188899,,,,,1.2977920836,0.0931167656,1,1,1,0,1,1,0,0,0,0,1,1,7,0.1428571429,0.3502958833,0.028411,0.480473,0.6699338066
241378,-0.272169802,-0.155209967,-0.280099936,0.4321902842,0.9578187736,1.03188899,,0.5494594,,-1.091107614,1.4814777564,0.0336741848,1,1,1,1,1,1,0,1,0,1,1,1,10,0.1,0.2687922071,0.028411,0.480473,0.5003017475
241379,-0.093689554,-0.482462636,,,0.8081982834,1.03188899,,,,,-2.926978389,,1,1,0,0,1,1,0,0,0,0,1,0,5,0.2,-0.332608661,0.028411,0.480473,-0.751382499
241380,0.1789886031,0.6083795968,0.1226899648,,0.2284188838,0.1636017162,0.7418739439,,,,0.1956780474,-0.263538719,1,1,1,0,1,1,1,0,0,0,1,1,8,0.125,0.2470115045,0.028411,0.480473,0.4549699836
241381,,0.4992953735,-0.661690368,-0.207978174,0.9765213348,1.03188899,,,,,1.2977920836,,0,1,1,1,1,1,0,0,0,0,1,0,6,0.1666666667,0.4893048733,0.028411,0.480473,0.9592505871
250001,1.0713898436,1.2628849367,-2.357647845,0.0248103565,-0.4074682,-2.441260105,,0.6210143556,,-1.296456264,0.5630493928,-2.462914211,1,1,1,1,1,1,0,1,0,1,1,1,10,0.1,-0.542259774,0.028411,0.480473,-1.187725393
250002,-0.52501682,0.6629217084,-1.700464323,,1.1074392638,0.5977453531,,,,,-0.355378971,1.6386238674,1,1,1,0,1,1,0,0,0,0,1,1,7,0.1428571429,0.2036957256,0.028411,0.480473,0.3648176724
250004,-0.52501682,-0.209752078,-0.682889837,,-1.024652722,-1.138829195,,,,-1.707153563,0.7467350655,1.2225258016,1,1,1,0,1,1,0,0,0,1,1,1,8,0.125,-0.414879168,0.028411,0.480473,-0.922610549
250006,-0.510143466,-0.427920525,-1.403671764,0.6067816818,0.2658240063,-0.270541921,-0.147072549,0.6210143556,-0.1346053,-0.064364365,1.2977920836,1.6980664483,1,1,1,1,1,1,1,1,1,1,1,1,12,0.0833333333,0.1275965571,0.028411,0.480473,0.2064339132
250007,-0.515101251,-2.118725986,-0.025706314,,0.1162035161,-0.704685558,,-0.380755023,-1.524251307,-1.912502213,0.7467350655,-1.155177432,1,1,1,0,1,1,0,1,1,1,1,1,10,0.1,-0.74739665,0.028411,0.480473,-1.614672892
250009,-0.505185681,-1.57330487,0.6738761448,-0.440766704,0.0600958323,0.1636017162,0.8987468544,,1.8247955697,-0.269713014,-0.355378971,0.2714445081,1,1,1,1,1,1,1,0,1,1,1,1,11,0.0909090909,0.0680192169,0.028411,0.480473,0.0824367223
250017,-0.52501682,,-3.332823394,,,,,,,,,,1,0,1,0,0,0,0,0,0,0,0,0,2,0.5,-1.928920107,0.028411,0.480473,-4.073755305
250018,-0.52501682,-1.90055754,,,,,,,,,,,1,1,0,0,0,0,0,0,0,0,0,0,2,0.5,-1.21278718,0.028411,0.480473,-2.583281395
250019,-0.495270112,-0.809715306,-0.894884521,-0.382569571,-0.201740026,-2.007116468,-0.61769128,0.4779044444,1.6997274291,-0.680410314,0.7467350655,0.2714445081,1,1,1,1,1,1,1,1,1,1,1,1,12,0.0833333333,-0.241132179,0.028411,0.480473,-0.560994229
250020,-0.52501682,0.4992953735,-0.91608399,,1.5188956119,1.03188899,,,,,-0.722750316,0.6280999932,1,1,1,0,1,1,0,0,0,0,1,1,7,0.1428571429,0.2163326918,0.028411,0.480473,0.3911187511
250025,-0.52501682,-0.26429419,-0.386097278,,0.4902547416,0.5977453531,,0.5494594,,-2.117850863,1.4814777564,1.5791812866,1,1,1,0,1,1,0,1,0,1,1,1,9,0.1111111111,0.1560954874,0.028411,0.480473,0.2657481974
250027,-0.148225185,0.6629217084,-0.386097278,,1.0887367025,0.1636017162,,,,,0.5630493928,,1,1,1,0,1,1,0,0,0,0,1,0,6,0.1666666667,0.3239978427,0.028411,0.480473,0.6152001924
250031,-0.371325495,-2.500520768,0.1014904963,-0.498963836,0.6772803544,1.03188899,0.4281281229,0.3347945331,,0.5516815849,1.2977920836,-0.857964528,1,1,1,1,1,1,1,1,0,1,1,1,11,0.0909090909,0.017661958,0.028411,0.480473,-0.022370888
250034,-0.440734481,-2.009641763,-0.174102594,-1.313723692,0.4341470578,0.1636017162,0.3235461825,-1.382524402,,-0.475061664,0.5630493928,1.5791812866,1,1,1,1,1,1,1,1,0,1,1,1,11,0.0909090909,-0.248387542,0.028411,0.480473,-0.576094677
250036,-0.52501682,-1.082425865,0.2922857125,,0.1162035161,-1.138829195,,-1.167859535,,,0.5630493928,-2.225143887,1,1,1,0,1,1,0,1,0,0,1,1,8,0.125,-0.645967085,0.028411,0.480473,-1.403569457
250038,1.3539835698,-0.427920525,0.8434718925,,0.6398752319,-1.138829195,,0.6210143556,,,1.1141064109,-1.452390336,1,1,1,0,1,1,0,1,0,0,1,1,8,0.125,0.1941639256,0.028411,0.480473,0.3449793176
250040,-0.52501682,-0.537004748,-0.470895152,-0.789949499,-0.313955393,-2.441260105,0.6895829737,-0.523864934,-1.023978745,0.5516815849,0.1956780474,0.5092148315,1,1,1,1,1,1,1,1,1,1,1,1,12,0.0833333333,-0.389980663,0.028411,0.480473,-0.870789761
250042,-0.396114419,-1.409678535,-0.08930472,,0.247121445,-1.572972831,-1.088310012,,,-0.475061664,2.2162204472,-0.382423881,1,1,1,0,1,1,1,0,0,1,1,1,9,0.1111111111,-0.327836019,0.028411,0.480473,-0.741449289
250043,1.0366853509,0.6083795968,0.6526766764,,1.1822495089,0.1636017162,,,,,-0.539064643,-0.025768396,1,1,1,0,1,1,0,0,0,0,1,1,7,0.1428571429,0.4398228299,0.028411,0.480473,0.8562645465
250044,-0.52501682,0.7174638201,0.1438894333,,0.9952238961,0.5977453531,,0.6210143556,,,-0.355378971,0.4497722506,1,1,1,0,1,1,0,1,0,0,1,1,8,0.125,0.3305891647,0.028411,0.480473,0.6289185862
250048,-0.520059035,0.6083795968,-0.576892494,,-1.660539805,-0.704685558,,,0.9215256651,-0.475061664,0.5630493928,-0.085210977,1,1,1,0,1,1,0,0,1,1,1,1,9,0.1111111111,-0.21438832,0.028411,0.480473,-0.50533274
250049,-0.52501682,-2.664147103,,,,,,,,,,,1,1,0,0,0,0,0,0,0,0,0,0,2,0.5,-1.594581962,0.028411,0.480473,-3.377903649
250050,0.689640424,-0.700631083,-1.658065386,,0.5089573029,-0.270541921,,0.6210143556,,-1.091107614,2.2162204472,-0.263538719,1,1,1,0,1,1,0,1,0,1,1,1,9,0.1111111111,0.0057719785,0.028411,0.480473,-0.047117277
250057,-0.505185681,-0.91879953,0.7162750817,-0.498963836,0.247121445,0.1636017162,-0.147072549,0.6210143556,-0.19019114,-0.064364365,1.6651634291,-0.263538719,1,1,1,1,1,1,1,1,1,1,1,1,12,0.0833333333,0.0687550172,0.028411,0.480473,0.0839681296
250058,-0.495270112,-1.191510088,0.037892091,0.4321902842,0.0600958323,0.1636017162,0.8987468544,-2.742068558,,-0.680410314,1.2977920836,0.330887089,1,1,1,1,1,1,1,1,0,1,1,1,11,0.0909090909,-0.171641193,0.028411,0.480473,-0.416363954
250061,3.7089312878,-2.827773438,,,,,,,,,1.2977920836,,1,1,0,0,0,0,0,0,0,0,1,0,3,0.3333333333,0.7263166445,0.028411,0.480473,1.4525387014
250067,-0.52501682,-0.864257418,-0.598091963,,0.9391162123,0.1636017162,,0.1201296663,,0.5516815849,1.1141064109,1.5791812866,1,1,1,0,1,1,0,1,0,1,1,1,9,0.1111111111,0.2756056307,0.028411,0.480473,0.5144823972
250069,-0.52501682,0.5538374851,-1.212876548,0.9559644769,0.1162035161,0.5977453531,1.107910735,0.6210143556,,0.5516815849,0.1956780474,1.6386238674,1,1,1,1,1,1,1,1,0,1,1,1,11,0.0909090909,0.4182514594,0.028411,0.480473,0.8113684612
250072,-0.396114419,-1.955099651,0.1438894333,,0.8456034059,0.1636017162,,0.2632395775,,-0.885758964,0.9304207382,-1.452390336,1,1,1,0,1,1,0,1,0,1,1,1,9,0.1111111111,-0.260289833,0.028411,0.480473,-0.600866691
250077,-0.52501682,-0.373378413,0.8010729556,,0.378039374,-0.704685558,0.0620913317,-2.169628914,,-0.269713014,1.6651634291,-0.917407109,1,1,1,0,1,1,1,1,0,1,1,1,10,0.1,-0.205346274,0.028411,0.480473,-0.4865137
250078,-0.485354543,-2.173268098,0.9070702979,0.1994017541,-0.893734793,0.5977453531,1.1602017052,,,-0.064364365,0.5630493928,0.2120019273,1,1,1,1,1,1,1,0,0,1,1,1,10,0.1,0.0022748632,0.028411,0.480473,-0.054395757
250081,-0.455607835,0.9901743784,,,,,,,,,,,1,1,0,0,0,0,0,0,0,0,0,0,2,0.5,0.2672832719,0.028411,0.480473,0.4971612293
250082,0.6251892233,-1.846015428,-0.237700999,0.8977673444,-4.110575332,-5.046121927,,0.6210143556,-0.482016802,0.5516815849,1.2977920836,-0.620194204,1,1,1,1,1,1,0,1,1,1,1,1,11,0.0909090909,-0.759016373,0.028411,0.480473,-1.6388568
250084,-0.52501682,-1.682389093,0.822272424,0.7813730793,-0.519683567,-0.704685558,0.2189642422,0.6210143556,,-2.117850863,1.8488491018,-0.97684969,1,1,1,1,1,1,1,1,0,1,1,1,11,0.0909090909,-0.203091126,0.028411,0.480473,-0.481820104
250085,-0.52501682,-2.009641763,-0.6404909,,0.920413651,-0.270541921,,,,,0.0119923747,0.5686574123,1,1,1,0,1,1,0,0,0,0,1,1,7,0.1428571429,-0.277803995,0.028411,0.480473,-0.637318585
250093,-0.500227897,0.2811269268,-0.046905783,,0.7520905995,-1.138829195,0.6372920035,0.1201296663,,0.5516815849,1.2977920836,-0.97684969,1,1,1,0,1,1,1,1,0,1,1,1,10,0.1,0.0977300301,0.028411,0.480473,0.1442732757
250094,-0.45065005,-1.027883753,0.271086244,-0.266175306,0.0787983936,0.5977453531,0.1143823019,,,0.5516815849,1.2977920836,-0.085210977,1,1,1,1,1,1,1,0,0,1,1,1,10,0.1,0.1081565875,0.028411,0.480473,0.1659738723
250095,-0.485354543,0.0629584801,-0.004506846,,0.2284188838,-2.875403742,,0.4063494887,,0.5516815849,1.6651634291,-1.571275498,1,1,1,0,1,1,0,1,0,1,1,1,9,0.1111111111,-0.224663196,0.028411,0.480473,-0.526717645
250096,-0.22754974,-1.791473316,0.0802910279,,1.1261418251,0.1636017162,,0.1916846219,,,0.0119923747,-0.441866462,1,1,1,0,1,1,0,1,0,0,1,1,8,0.125,-0.110897244,0.028411,0.480473,-0.289938722
250097,-0.440734481,-0.537004748,0.3770835864,-2.012089282,0.583767548,0.5977453531,-0.251654489,0.5494594,,-0.475061664,,-0.739079366,1,1,1,1,1,1,1,1,0,1,0,1,10,0.1,-0.234756814,0.028411,0.480473,-0.547725302
250099,-0.52501682,0.9901743784,-0.449695684,-0.266175306,0.1349060774,-1.572972831,0.5850010334,0.4779044444,-0.05122654,,2.2162204472,-0.739079366,1,1,1,1,1,1,1,1,1,0,1,1,11,0.0909090909,0.072730894,0.028411,0.480473,0.0922430466
250100,-0.505185681,0.7720059318,-1.022081332,-0.848146631,0.4154444965,0.5977453531,1.1602017052,,,-0.064364365,0.5630493928,1.2819683824,1,1,1,1,1,1,1,0,0,1,1,1,10,0.1,0.2350637252,0.028411,0.480473,0.4301032965
250102,-0.272169802,0.3902111501,-0.449695684,0.083007489,-0.85632967,-2.441260105,0.4281281229,-0.237645112,-0.245776981,-1.091107614,0.5630493928,-1.214620013,1,1,1,1,1,1,1,1,1,1,1,1,12,0.0833333333,-0.445350735,0.028411,0.480473,-0.986030445
250104,-0.495270112,0.6629217084,0.0802910279,,-0.725411741,-2.007116468,0.3235461825,0.1916846219,0.0460486807,0.1409842852,0.7467350655,-0.441866462,1,1,1,0,1,1,1,1,1,1,1,1,11,0.0909090909,-0.134313928,0.028411,0.480473,-0.338675424
250117,-0.485354543,-1.082425865,-1.318873891,,0.4154444965,-0.270541921,0.480419093,-1.024749624,,0.5516815849,0.7467350655,0.687542574,1,1,1,0,1,1,1,1,0,1,1,1,10,0.1,-0.130012303,0.028411,0.480473,-0.329722532
250123,-0.52501682,-0.700631083,-1.000881864,1.1305558745,0.378039374,0.5977453531,0.3758371527,0.2632395775,,0.5516815849,-0.171693298,-0.441866462,1,1,1,1,1,1,1,1,0,1,1,1,11,0.0909090909,0.0415463082,0.028411,0.480473,0.0273391584
250124,-0.470481189,-1.2460522,-1.615666449,,1.5750032957,0.5977453531,,-1.024749624,,,,-0.3229813,1,1,1,0,1,1,0,1,0,0,0,1,7,0.1428571429,-0.358168873,0.028411,0.480473,-0.804580485
250127,-0.212676386,1.0992586017,,,0.8830085285,0.1636017162,,,,,,,1,1,0,0,1,1,0,0,0,0,0,0,4,0.25,0.4832981151,0.028411,0.480473,0.9467488349
250134,-0.093689554,-2.445978656,,,,,,,,,,,1,1,0,0,0,0,0,0,0,0,0,0,2,0.5,-1.269834105,0.028411,0.480473,-2.70201208
250136,-0.52501682,-2.22781021,,,,,,,,-1.501804914,2.5835917926,,1,1,0,0,0,0,0,0,0,1,1,0,4,0.25,-0.417760038,0.028411,0.480473,-0.928606448
250138,-0.52501682,-1.955099651,0.1014904963,,-0.370063077,-1.138829195,,0.3347945331,0.0043593005,-0.064364365,1.4814777564,-1.274062594,1,1,1,0,1,1,0,1,1,1,1,1,10,0.1,-0.340531362,0.028411,0.480473,-0.767871865
250141,-0.505185681,0.8265480434,0.9282697664,0.0248103565,-1.716647489,-0.704685558,1.0033287947,0.4779044444,,0.5516815849,0.7467350655,0.4497722506,1,1,1,1,1,1,1,1,0,1,1,1,11,0.0909090909,0.1893210526,0.028411,0.480473,0.3348999376
250151,-0.500227897,-1.57330487,,,,,,,,,,,1,1,0,0,0,0,0,0,0,0,0,0,2,0.5,-1.036766383,0.028411,0.480473,-2.216932641
250162,-0.52501682,0.0629584801,-0.810086648,-0.440766704,0.4715521804,0.1636017162,-0.199363519,0.1201296663,,,0.7467350655,-0.441866462,1,1,1,1,1,1,1,1,0,0,1,1,10,0.1,-0.085212304,0.028411,0.480473,-0.236481143
250167,0.015381709,1.0992586017,0.4618814602,2.0035128624,-0.669304058,-0.270541921,1.107910735,,-0.829428304,-0.269713014,1.4814777564,0.8658703165,1,1,1,1,1,1,1,0,1,1,1,1,11,0.0909090909,0.4542096495,0.028411,0.480473,0.8862075619
250168,-0.52501682,0.9901743784,-1.361272828,0.8395702119,0.8830085285,,,-1.096304579,0.310081422,0.1409842852,0.1956780474,0.2714445081,1,1,1,1,1,0,0,1,1,1,1,1,10,0.1,0.0648347155,0.028411,0.480473,0.0758088798
250172,-0.52501682,-1.136967976,1.2250623248,,0.1536086387,-0.270541921,,,,,,-0.382423881,1,1,1,0,1,1,0,0,0,0,0,1,6,0.1666666667,-0.156046606,0.028411,0.480473,-0.383907234
25042F,-0.267212017,-0.482462636,,,,0.5977453531,,0.3347945331,,,,-2.997897438,1,1,0,0,0,1,0,1,0,0,0,1,5,0.2,-0.563006441,0.028411,0.480473,-1.230905039
25043F,-0.242423094,-0.100667855,,,,-0.704685558,,-0.022980245,,,,-1.452390336,1,1,0,0,0,1,0,1,0,0,0,1,5,0.2,-0.504629418,0.028411,0.480473,-1.109406044
251300,,-3.427736666,1.2250623248,,0.5650649868,0.5977453531,,0.5494594,,,0.7467350655,,0,1,1,0,1,1,0,1,0,0,1,0,6,0.1666666667,0.042721744,0.028411,0.480473,0.0297855706
251302,,-1.90055754,-0.216501531,,1.1261418251,,,,,,0.7467350655,,0,1,1,0,1,0,0,0,0,0,1,0,4,0.25,-0.061045545,0.028411,0.480473,-0.186183324
251304,,-2.88231555,1.2250623248,,1.2009520702,,,,,,,,0,1,1,0,1,0,0,0,0,0,0,0,3,0.3333333333,-0.152100385,0.028411,0.480473,-0.37569404
251305,,,0.9282697664,,,,,,,,,,0,0,1,0,0,0,0,0,0,0,0,0,1,1,0.9282697664,0.028411,0.480473,1.8728599124
251308,-0.52501682,0.6629217084,-0.428496215,,1.0700341412,1.03188899,,,,,1.1141064109,1.4602961249,1,1,1,0,1,1,0,0,0,0,1,1,7,0.1428571429,0.6265334772,0.028411,0.480473,1.2448618835
251309,,0.9901743784,-0.576892494,,,,,,,,,,0,1,1,0,0,0,0,0,0,0,0,0,2,0.5,0.206640942,0.028411,0.480473,0.3709474957
251312,,0.8265480434,0.9706687033,,1.0326290187,-0.270541921,,,,,-1.090121662,,0,1,1,0,1,1,0,0,0,0,1,0,5,0.2,0.2938364366,0.028411,0.480473,0.5524258286
251313,-0.52501682,0.9901743784,0.0590915594,,1.3505725604,-0.270541921,,,,,1.1141064109,-1.74960324,1,1,1,0,1,1,0,0,0,0,1,1,7,0.1428571429,0.1383975611,0.028411,0.480473,0.2289138384
251315,,0.7720059318,-1.170477611,,1.5001930506,0.1636017162,,,,,0.0119923747,,0,1,1,0,1,1,0,0,0,0,1,0,5,0.2,0.2554630924,0.028411,0.480473,0.4725601133
251316,-0.52501682,0.4447532618,,,1.5750032957,,,,,,0.1956780474,,1,1,0,0,1,0,0,0,0,0,1,0,4,0.25,0.4226044462,0.028411,0.480473,0.8204282503
251317,-0.52501682,-2.064183875,-0.152903125,,0.8456034059,0.5977453531,,,,,,,1,1,1,0,1,1,0,0,0,0,0,0,5,0.2,-0.259751012,0.028411,0.480473,-0.599745253
251318,,-0.59154686,-2.01845635,1.1305558745,,,,,,,,,0,1,1,1,0,0,0,0,0,0,0,0,3,0.3333333333,-0.493149112,0.028411,0.480473,-1.085512301
251319,-0.331663218,1.2628849367,1.2250623248,,0.9765213348,-0.270541921,,,,,0.5630493928,,1,1,1,0,1,1,0,0,0,0,1,0,6,0.1666666667,0.5708854751,0.028411,0.480473,1.1290427498
251320,,,,,,,,,,,1.4814777564,,0,0,0,0,0,0,0,0,0,0,1,0,1,1,1.4814777564,0.028411,0.480473,3.0242412336
251322,-0.52501682,0.2265848151,-0.958482927,,0.7894957221,,,,,,0.7467350655,,1,1,1,0,1,0,0,0,0,0,1,0,5,0.2,0.0558631712,0.028411,0.480473,0.0571365744
251323,-0.52501682,0.9356322668,0.3346846494,,1.3692751217,0.1636017162,,,,,0.9304207382,,1,1,1,0,1,1,0,0,0,0,1,0,6,0.1666666667,0.5347662787,0.028411,0.480473,1.0538685498
251324,0.0996640483,-1.355136423,-0.174102594,,,,,,,,0.5630493928,,1,1,1,0,0,0,0,0,0,0,1,0,4,0.25,-0.216631394,0.028411,0.480473,-0.510001207
251325,-0.460565619,0.5538374851,0.4406819917,,1.3505725604,0.1636017162,,,,,,,1,1,1,0,1,1,0,0,0,0,0,0,5,0.2,0.4096256268,0.028411,0.480473,0.7934156791
251326,0.5062023913,-0.537004748,,,,0.1636017162,,,,,,,1,1,0,0,0,1,0,0,0,0,0,0,3,0.3333333333,0.0442664531,0.028411,0.480473,0.0330005445
251327,,-0.373378413,0.8434718925,,,,,,,,-2.559607043,,0,1,1,0,0,0,0,0,0,0,1,0,3,0.3333333333,-0.696504521,0.028411,0.480473,-1.508752067
251330,,-2.064183875,0.822272424,,1.5563007344,,,,,,,,0,1,1,0,1,0,0,0,0,0,0,0,3,0.3333333333,0.1047964279,0.028411,0.480473,0.1589804357
251331,-0.495270112,0.9901743784,1.0554665771,,1.3318699991,1.03188899,,,,,0.3793637201,,1,1,1,0,1,1,0,0,0,0,1,0,6,0.1666666667,0.7155822588,0.028411,0.480473,1.4301974276
251333,-0.505185681,-2.55506288,0.8010729556,,,,,,,,,,1,1,1,0,0,0,0,0,0,0,0,0,3,0.3333333333,-0.753058535,0.028411,0.480473,-1.626456866
251334,,-0.046125743,0.2922857125,,,,,,,,,,0,1,1,0,0,0,0,0,0,0,0,0,2,0.5,0.1230799847,0.028411,0.480473,0.1970336564
251335,-0.52501682,0.5538374851,,,1.462787928,0.5977453531,,,,,0.9304207382,,1,1,0,0,1,1,0,0,0,0,1,0,5,0.2,0.6039549369,0.028411,0.480473,1.1978695948
251336,-0.52501682,0.8265480434,0.6526766764,,1.7433263472,0.5977453531,,0.6210143556,,,-0.355378971,,1,1,1,0,1,1,0,1,0,0,1,0,7,0.1428571429,0.5087021407,0.028411,0.480473,0.9996217526
251337,-0.52501682,-1.409678535,0.6950756133,,1.462787928,0.1636017162,,,,,-0.539064643,,1,1,1,0,1,1,0,0,0,0,1,0,6,0.1666666667,-0.025382457,0.028411,0.480473,-0.111958414
251338,,,0.864671361,,,1.03188899,,,,,,,0,0,1,0,0,1,0,0,0,0,0,0,2,0.5,0.9482801755,0.028411,0.480473,1.9145071982
260001,-0.455607835,0.9901743784,-0.513294089,-0.731752366,-1.791457734,-2.441260105,-0.826855161,0.0485747107,-0.482016802,0.5516815849,-0.355378971,0.330887089,1,1,1,1,1,1,1,1,1,1,1,1,12,0.0833333333,-0.473025442,0.028411,0.480473,-1.043629287
260005,-0.435776696,0.3902111501,0.6526766764,1.0141616094,0.1162035161,0.1636017162,,0.1916846219,-0.287466361,,-0.539064643,0.2714445081,1,1,1,1,1,1,0,1,1,0,1,1,10,0.1,0.1537676098,0.028411,0.480473,0.2609032298
260006,-0.341578787,1.0447164901,0.7586740187,0.6649788143,-0.295252832,-1.138829195,1.0033287947,0.3347945331,0.3795637224,-0.269713014,0.0119923747,-0.501309043,1,1,1,1,1,1,1,1,1,1,1,1,12,0.0833333333,0.1376138231,0.028411,0.480473,0.2272826592
260009,-0.515101251,0.8265480434,0.1650889017,0.4321902842,-0.388765638,-0.704685558,-0.042490609,-0.452309979,0.5880106234,-0.885758964,0.5630493928,0.2120019273,1,1,1,1,1,1,1,1,1,1,1,1,12,0.0833333333,-0.016851902,0.028411,0.480473,-0.094203932
260011,-0.505185681,0.3902111501,0.6102777394,,-0.070822097,0.1636017162,1.107910735,0.6210143556,0.1572203613,0.5516815849,-0.539064643,-0.798521947,1,1,1,0,1,1,1,1,1,1,1,1,11,0.0909090909,0.153483934,0.028411,0.480473,0.2603128208
260017,-0.515101251,-0.373378413,0.7162750817,0.7813730793,-1.267786018,-0.704685558,-0.303945459,0.4063494887,-1.732698208,0.5516815849,-1.824864352,0.0336741848,1,1,1,1,1,1,1,1,1,1,1,1,12,0.0833333333,-0.35275882,0.028411,0.480473,-0.793320644
260020,-0.366367711,0.9356322668,-0.301299404,-0.033386776,-1.211678335,-0.704685558,-2.081838445,0.6210143556,-0.204087601,0.3463329351,-0.355378971,-0.263538719,1,1,1,1,1,1,1,1,1,1,1,1,12,0.0833333333,-0.30160683,0.028411,0.480473,-0.686858975
260022,-0.272169802,-1.136967976,0.2074878387,1.2469501395,0.1162035161,0.1636017162,,0.1201296663,,-0.885758964,-1.090121662,-0.501309043,1,1,1,1,1,1,0,1,0,1,1,1,10,0.1,-0.203195457,0.028411,0.480473,-0.482037246
260023,-0.401072203,1.0447164901,0.0590915594,-0.149781041,-0.332657955,0.5977453531,-0.042490609,0.6210143556,,0.5516815849,-0.906435989,0.0931167656,1,1,1,1,1,1,1,1,0,1,1,1,11,0.0909090909,0.1031753011,0.028411,0.480473,0.1556064152
260024,-0.044111707,0.3902111501,-0.237700999,,0.8456034059,0.5977453531,-0.303945459,-0.166090156,,0.5516815849,,,1,1,1,0,1,1,1,1,0,1,0,0,8,0.125,0.2041741465,0.028411,0.480473,0.3658134009
260025,-0.361409926,0.5538374851,0.7798734871,0.4903874167,0.1349060774,0.1636017162,0.9510378245,0.3347945331,-1.135150425,0.1409842852,-0.906435989,0.2120019273,1,1,1,1,1,1,1,1,1,1,1,1,12,0.0833333333,0.1132023677,0.028411,0.480473,0.1764755591
260027,-0.52501682,-1.191510088,0.6950756133,,1.4814904893,0.5977453531,,0.0485747107,,0.5516815849,-0.539064643,0.8658703165,1,1,1,0,1,1,0,1,0,1,1,1,9,0.1111111111,0.2205385018,0.028411,0.480473,0.3998722239
260032,-0.326705433,0.9901743784,0.2922857125,0.7813730793,-2.951016533,-2.875403742,,0.1916846219,0.7964575245,0.5516815849,0.0119923747,-1.571275498,1,1,1,1,1,1,0,1,1,1,1,1,11,0.0909090909,-0.373522903,0.028411,0.480473,-0.836536536
260034,-0.475438973,-0.209752078,0.1014904963,,1.3879776829,1.03188899,,,,,-0.722750316,-1.155177432,1,1,1,0,1,1,0,0,0,0,1,1,7,0.1428571429,-0.005965947,0.028411,0.480473,-0.0715472
260040,-0.366367711,1.0447164901,-0.788887179,0.1994017541,-1.28648858,-0.704685558,-1.192891952,0.5494594,-0.12070884,0.5516815849,-0.171693298,-1.452390336,1,1,1,1,1,1,1,1,1,1,1,1,12,0.0833333333,-0.311571185,0.028411,0.480473,-0.707597599
260048,-0.505185681,0.9901743784,-1.149278143,,-1.323893702,-0.270541921,,0.2632395775,,-1.091107614,1.8488491018,-0.739079366,1,1,1,0,1,1,0,1,0,1,1,1,9,0.1111111111,-0.219647041,0.028411,0.480473,-0.516277617
26004F,0.1740308184,0.3356690385,,,,0.1636017162,,0.6210143556,,,,-0.917407109,1,1,0,0,0,1,0,1,0,0,0,1,5,0.2,0.075381764,0.028411,0.480473,0.0977602523
260050,-0.177971893,0.9901743784,0.2074878387,0.4903874167,0.6398752319,0.5977453531,,0.6210143556,,0.5516815849,0.0119923747,0.3903296698,1,1,1,1,1,1,0,1,0,1,1,1,10,0.1,0.4322716311,0.028411,0.480473,0.8405483792
260052,-0.341578787,0.9901743784,-0.004506846,-0.207978174,-0.070822097,0.5977453531,0.0098003615,0.2632395775,,0.5516815849,0.0119923747,0.7469851548,1,1,1,1,1,1,1,1,0,1,1,1,11,0.0909090909,0.231521171,0.028411,0.480473,0.4227302456
260057,3.7188468572,1.0447164901,-2.103254224,-0.906343764,0.9391162123,0.1636017162,,-1.024749624,,-2.117850863,1.4814777564,-0.501309043,1,1,1,1,1,1,0,1,0,1,1,1,10,0.1,0.0694251515,0.028411,0.480473,0.0853628674
260059,-0.37628328,0.8810901551,0.9070702979,0.8977673444,-0.145632342,-0.270541921,,0.5494594,-1.343597326,0.5516815849,-0.355378971,0.5686574123,1,1,1,1,1,1,0,1,1,1,1,1,11,0.0909090909,0.1694811232,0.028411,0.480473,0.2936074679
260061,-0.520059035,-0.973341641,0.037892091,,1.1074392638,0.1636017162,,0.6210143556,,0.5516815849,1.1141064109,-1.987373564,1,1,1,0,1,1,0,1,0,1,1,1,9,0.1111111111,0.0127734646,0.028411,0.480473,-0.032545216
260062,-0.505185681,0.4992953735,0.546679334,0.2575988866,-0.014714413,-0.704685558,0.6372920035,0.1916846219,,0.5516815849,-0.906435989,-0.3229813,1,1,1,1,1,1,1,1,0,1,1,1,11,0.0909090909,0.0209298967,0.028411,0.480473,-0.015569389
260065,-0.435776696,0.8810901551,0.589078271,-0.266175306,-2.034591031,-4.61197829,,0.4779044444,0.1850132814,0.5516815849,-0.722750316,0.5092148315,1,1,1,1,1,1,0,1,1,1,1,1,11,0.0909090909,-0.443389916,0.028411,0.480473,-0.981949428
260068,-0.510143466,0.8265480434,0.4194825233,0.8395702119,-0.4074682,1.03188899,,-0.166090156,0.9076292051,0.5516815849,0.0119923747,0.1525593464,1,1,1,1,1,1,0,1,1,1,1,1,11,0.0909090909,0.332513678,0.028411,0.480473,0.6329240392
260070,-0.485354543,-0.973341641,,,0.0600958323,-0.270541921,,,,,,,1,1,0,0,1,1,0,0,0,0,0,0,4,0.25,-0.417285568,0.028411,0.480473,-0.927618943
260074,-0.52501682,-0.755173195,-0.08930472,1.0141616094,0.7520905995,0.5977453531,,0.6210143556,,,-0.171693298,0.3903296698,1,1,1,1,1,1,0,1,0,0,1,1,9,0.1111111111,0.2037948394,0.028411,0.480473,0.3650239562
260077,-0.396114419,0.7174638201,-0.322498873,-0.906343764,-1.192975773,-2.875403742,0.5850010334,0.4779044444,0.2544955818,0.5516815849,-0.906435989,-0.025768396,1,1,1,1,1,1,1,1,1,1,1,1,12,0.0833333333,-0.336582874,0.028411,0.480473,-0.759653954
260078,-0.019322784,0.1720427035,0.6950756133,0.1412046215,-0.052119535,-0.704685558,0.8464558842,0.6210143556,0.8381469047,0.3463329351,-1.090121662,-1.511832917,1,1,1,1,1,1,1,1,1,1,1,1,12,0.0833333333,0.0235158802,0.028411,0.480473,-0.01018723
26007F,-0.118478477,0.0629584801,,,,,,,,,,,1,1,0,0,0,0,0,0,0,0,0,0,2,0.5,-0.027759998,0.028411,0.480473,-0.116906746
260081,-0.445692265,0.1720427035,0.7798734871,0.2575988866,-1.136868089,0.1636017162,,0.6210143556,,-0.269713014,-0.355378971,0.330887089,1,1,1,1,1,1,0,1,0,1,1,1,10,0.1,0.0117365898,0.028411,0.480473,-0.034703244
260085,-0.520059035,-0.755173195,0.6314772079,-0.149781041,0.1162035161,0.5977453531,,0.6210143556,,,-1.273807334,1.1036406399,1,1,1,1,1,1,0,1,0,0,1,1,9,0.1111111111,0.041251163,0.028411,0.480473,0.0267248783
260091,-0.366367711,0.5538374851,0.5678788025,1.4215415371,-0.276550271,-0.704685558,0.1143823019,-1.74029918,,-4.582034661,0.5630493928,-1.868488402,1,1,1,1,1,1,1,1,0,1,1,1,11,0.0909090909,-0.57433966,0.028411,0.480473,-1.254492653
260094,-0.415945557,0.9356322668,-0.237700999,1.0141616094,-1.080760406,-1.138829195,1.1602017052,0.6210143556,-0.231880521,0.5516815849,0.0119923747,-1.03629227,1,1,1,1,1,1,1,1,1,1,1,1,12,0.0833333333,0.0127729124,0.028411,0.480473,-0.032546366
260095,-0.52501682,-0.318836301,1.0342671087,0.083007489,-0.183037464,0.1636017162,1.1602017052,0.1916846219,-0.843324764,-0.885758964,-0.539064643,-0.204096139,1,1,1,1,1,1,1,1,1,1,1,1,12,0.0833333333,-0.072197705,0.028411,0.480473,-0.209394103
260096,0.074875125,1.1538007134,-0.449695684,0.8977673444,-0.426170761,-1.138829195,0.3758371527,0.2632395775,-0.898910604,0.5516815849,-0.355378971,-0.263538719,1,1,1,1,1,1,1,1,1,1,1,1,12,0.0833333333,-0.017943536,0.028411,0.480473,-0.096475929
260097,-0.058985061,0.8810901551,0.3770835864,0.6649788143,0.0039881484,-0.270541921,0.5850010334,-0.380755023,,-1.707153563,0.1956780474,1.044198059,1,1,1,1,1,1,1,1,0,1,1,1,11,0.0909090909,0.1213256614,0.028411,0.480473,0.1933824166
26009F,0.1938619571,0.1175005918,,,-0.220442587,0.5977453531,,0.6210143556,,,,-2.700684534,1,1,0,0,1,1,0,1,0,0,0,1,6,0.1666666667,-0.231834144,0.028411,0.480473,-0.541642403
260102,-0.510143466,0.9356322668,-0.725288774,,0.0039881484,-1.572972831,,0.6210143556,,-1.707153563,1.2977920836,0.687542574,1,1,1,0,1,1,0,1,0,1,1,1,9,0.1111111111,-0.107732134,0.028411,0.480473,-0.283351239
260104,-0.45065005,0.1175005918,0.4618814602,0.1412046215,-1.155570651,-1.138829195,,0.4779044444,,-0.064364365,0.0119923747,-1.095734851,1,1,1,1,1,1,0,1,0,1,1,1,10,0.1,-0.269466562,0.028411,0.480473,-0.619966043
260105,-0.430818911,-1.027883753,0.546679334,-1.779300752,-3.661713862,0.1636017162,,0.1916846219,,,0.0119923747,-1.74960324,1,1,1,1,1,1,0,1,0,0,1,1,9,0.1111111111,-0.859484719,0.028411,0.480473,-1.847959668
260108,-0.425861127,1.0447164901,0.271086244,-0.033386776,-1.754052612,-1.138829195,,0.5494594,-0.02343362,0.1409842852,-0.171693298,-0.3229813,1,1,1,1,1,1,0,1,1,1,1,1,11,0.0909090909,-0.169453773,0.028411,0.480473,-0.411811319
260110,-0.505185681,0.4992953735,-2.378847314,-0.207978174,-0.650601496,-2.007116468,0.7418739439,0.5494594,1.1160761061,-0.475061664,-0.722750316,-0.441866462,1,1,1,1,1,1,1,1,1,1,1,1,12,0.0833333333,-0.373558563,0.028411,0.480473,-0.836610754
260113,0.089748479,0.7174638201,0.271086244,,-0.55708869,-2.441260105,0.6895829737,0.3347945331,,0.5516815849,-0.355378971,0.9847554782,1,1,1,0,1,1,1,1,0,1,1,1,10,0.1,0.0285385347,0.028411,0.480473,0.0002663256
260119,-0.52501682,-1.191510088,-0.195302062,-1.255526559,-0.594493812,-0.704685558,0.3758371527,0.1916846219,,0.5516815849,0.1956780474,-0.97684969,1,1,1,1,1,1,1,1,0,1,1,1,11,0.0909090909,-0.375318471,0.028411,0.480473,-0.840273618
260137,-0.440734481,0.8810901551,0.5042803971,-0.207978174,-1.791457734,-4.177834653,-1.820383594,0.0485747107,-1.121253965,0.5516815849,1.6651634291,-0.144653558,1,1,1,1,1,1,1,1,1,1,1,1,12,0.0833333333,-0.504458823,0.028411,0.480473,-1.10905099
260138,-0.510143466,0.7720059318,1.1190649825,-0.149781041,-1.267786018,-1.572972831,,0.4779044444,,0.5516815849,-0.539064643,0.1525593464,1,1,1,1,1,1,0,1,0,1,1,1,10,0.1,-0.096653171,0.028411,0.480473,-0.260292803
260141,-0.088731769,0.4992953735,0.1226899648,0.2575988866,-0.426170761,-0.270541921,,0.5494594,-0.217984061,-1.091107614,-0.171693298,-1.511832917,1,1,1,1,1,1,0,1,1,1,1,1,11,0.0909090909,-0.213547156,0.028411,0.480473,-0.503582041
260142,-0.381241065,-0.046125743,0.1862883702,,1.4440853668,0.5977453531,1.5262384964,-0.380755023,,0.5516815849,0.7467350655,0.2120019273,1,1,1,0,1,1,1,1,0,1,1,1,10,0.1,0.4456654333,0.028411,0.480473,0.8684246464
260160,-0.505185681,-0.373378413,-1.106879206,2.0035128624,0.714685477,-0.270541921,-1.088310012,,,,-1.824864352,-0.798521947,1,1,1,1,1,1,1,0,0,0,1,1,9,0.1111111111,-0.361053688,0.028411,0.480473,-0.810584596
260162,-0.455607835,1.0447164901,-0.046905783,2.0035128624,-1.136868089,-1.138829195,,0.5494594,0.9215256651,,-1.273807334,-0.97684969,1,1,1,1,1,1,0,1,1,0,1,1,10,0.1,-0.050965351,0.028411,0.480473,-0.165203607
260163,-0.401072203,0.9356322668,0.546679334,0.8395702119,-0.781519425,-1.138829195,0.5327100632,-0.166090156,,0.5516815849,0.3793637201,-0.857964528,1,1,1,1,1,1,1,1,0,1,1,1,11,0.0909090909,0.0400146976,0.028411,0.480473,0.0241514463
260175,1.3093635077,0.4992953735,0.6950756133,0.6067816818,0.3032291289,-0.704685558,1.107910735,0.4779044444,1.0188008856,0.5516815849,-0.722750316,-0.382423881,1,1,1,1,1,1,1,1,1,1,1,1,12,0.0833333333,0.3966819333,0.028411,0.480473,0.7664762148
260176,1.4333081245,0.1720427035,-0.91608399,,0.1536086387,0.5977453531,,-0.166090156,,,-0.722750316,-0.620194204,1,1,1,0,1,1,0,1,0,0,1,1,8,0.125,-0.008551731,0.028411,0.480473,-0.076928942
260177,-0.381241065,0.7720059318,,,,,,,,0.1409842852,0.9304207382,1.5197387057,1,1,0,0,0,0,0,0,0,1,1,1,5,0.2,0.5963817193,0.028411,0.480473,1.1821076003
260179,2.1472291169,0.5538374851,-0.258900467,-0.789949499,-0.912437354,-0.270541921,,0.2632395775,0.490735403,0.3463329351,-0.722750316,-0.085210977,1,1,1,1,1,1,0,1,1,1,1,1,11,0.0909090909,0.0692349076,0.028411,0.480473,0.0849669163
260180,-0.420903342,1.0447164901,0.7586740187,,-1.174273212,-1.572972831,0.8464558842,0.3347945331,,,-0.355378971,-1.392947755,1,1,1,0,1,1,1,1,0,0,1,1,9,0.1111111111,-0.214648354,0.028411,0.480473,-0.505873944
260183,-0.52501682,0.8265480434,0.4194825233,-0.731752366,-1.136868089,0.5977453531,0.480419093,-0.022980245,,-0.269713014,-0.355378971,1.044198059,1,1,1,1,1,1,1,1,0,1,1,1,11,0.0909090909,0.029698506,0.028411,0.480473,0.0026805519
260186,-0.505185681,0.8265480434,0.822272424,0.083007489,0.0787983936,-0.270541921,0.0098003615,0.6210143556,,0.1409842852,0.3793637201,0.9847554782,1,1,1,1,1,1,1,1,0,1,1,1,11,0.0909090909,0.2882560862,0.028411,0.480473,0.540811551
260190,-0.321747649,-1.027883753,0.7798734871,-1.313723692,-0.070822097,0.5977453531,1.107910735,0.2632395775,,,-1.824864352,0.1525593464,1,1,1,1,1,1,1,1,0,0,1,1,10,0.1,-0.165771304,0.028411,0.480473,-0.404147065
260191,-0.406029988,0.9901743784,0.5042803971,0.3157960191,-1.342596263,-0.270541921,0.8987468544,0.5494594,,,-0.906435989,-1.333505175,1,1,1,1,1,1,1,1,0,0,1,1,10,0.1,-0.100065229,0.028411,0.480473,-0.267394254
260193,-0.52501682,0.8265480434,0.271086244,2.0035128624,0.4902547416,-0.270541921,0.6372920035,,,,-1.090121662,0.7469851548,1,1,1,1,1,1,1,0,0,0,1,1,9,0.1111111111,0.3433331831,0.028411,0.480473,0.6554424703
260195,-0.410987773,0.7174638201,0.0802910279,1.188753007,-0.351360516,-0.704685558,0.6372920035,0.6210143556,,0.1409842852,0.1956780474,-0.025768396,1,1,1,1,1,1,1,1,0,1,1,1,11,0.0909090909,0.1898794822,0.028411,0.480473,0.3360621866
260200,-0.465523404,0.6629217084,0.5678788025,1.3051472721,-1.417406509,-0.270541921,1.2647836455,-0.237645112,,-0.475061664,-0.171693298,-0.798521947,1,1,1,1,1,1,1,1,0,1,1,1,11,0.0909090909,-0.003242039,0.028411,0.480473,-0.065877981
260210,,,,,0.6772803544,0.5977453531,,,,,,-1.987373564,0,0,0,0,1,1,0,0,0,0,0,1,3,0.3333333333,-0.237449285,0.028411,0.480473,-0.553329091
260214,-0.128394046,-0.91879953,0.6102777394,-1.139132294,0.9578187736,0.5977453531,-0.56540031,0.6210143556,,,-0.539064643,0.2120019273,1,1,1,1,1,1,1,1,0,0,1,1,10,0.1,-0.029193268,0.028411,0.480473,-0.119889782
260216,-0.500227897,0.6083795968,0.1438894333,0.083007489,-1.73535005,-1.572972831,0.9510378245,0.0485747107,-1.037875205,0.5516815849,-0.722750316,-0.025768396,1,1,1,1,1,1,1,1,1,1,1,1,12,0.0833333333,-0.267364505,0.028411,0.480473,-0.615591071
260219,-0.430818911,0.9901743784,-0.237700999,0.7813730793,-0.650601496,-1.138829195,,0.5494594,,-0.475061664,0.3793637201,-0.560751624,1,1,1,1,1,1,0,1,0,1,1,1,10,0.1,-0.079339331,0.028411,0.480473,-0.224257835
26023F,-0.326705433,0.3356690385,,,,1.03188899,,,,,,-1.868488402,1,1,0,0,0,1,0,0,0,0,0,1,4,0.25,-0.206908952,0.028411,0.480473,-0.489766073
261301,-0.311832079,-2.118725986,,,0.9391162123,,,,,,-1.64117868,,1,1,0,0,1,0,0,0,0,0,1,0,4,0.25,-0.783155133,0.028411,0.480473,-1.689096346
261302,-0.52501682,-2.445978656,0.3770835864,,1.6685161021,,,,,,,,1,1,1,0,1,0,0,0,0,0,0,0,4,0.25,-0.231348947,0.028411,0.480473,-0.540632572
261303,,0.0084163685,-1.085679738,,1.3318699991,1.03188899,,0.6210143556,,,0.3793637201,,0,1,1,0,1,1,0,1,0,0,1,0,6,0.1666666667,0.381145616,0.028411,0.480473,0.7341407714
261305,,-1.682389093,0.7798734871,,0.6585777931,1.03188899,,,,,,,0,1,1,0,1,1,0,0,0,0,0,0,4,0.25,0.1969877943,0.028411,0.480473,0.350856582
261306,,-1.355136423,,,0.9391162123,1.03188899,,,,,,,0,1,0,0,1,1,0,0,0,0,0,0,3,0.3333333333,0.2052895931,0.028411,0.480473,0.3681349587
261307,,-1.464220646,0.0166926225,,1.2383571927,0.1636017162,,0.6210143556,,,0.0119923747,,0,1,1,0,1,1,0,1,0,0,1,0,6,0.1666666667,0.0979062692,0.028411,0.480473,0.1446400787
261308,,,0.8010729556,,0.4528496191,0.1636017162,,,,,-1.090121662,-2.522356791,0,0,1,0,1,1,0,0,0,0,1,1,5,0.2,-0.438990832,0.028411,0.480473,-0.972793699
261309,-0.52501682,-0.100667855,0.7162750817,,0.6398752319,0.5977453531,,,,,-0.722750316,,1,1,1,0,1,1,0,0,0,0,1,0,6,0.1666666667,0.1009101126,0.028411,0.480473,0.1508919212
261310,,,0.2498867756,,1.05133158,,,,,,-1.64117868,,0,0,1,0,1,0,0,0,0,0,1,0,3,0.3333333333,-0.113320108,0.028411,0.480473,-0.294981383
261311,-0.435776696,0.7174638201,-1.382472296,,0.3967419353,0.5977453531,,0.6210143556,,,-0.906435989,,1,1,1,0,1,1,0,1,0,0,1,0,7,0.1428571429,-0.055959931,0.028411,0.480473,-0.175598732
261312,0.0203394936,-0.155209967,-0.746488242,,0.4528496191,,,,,,-2.743292716,,1,1,1,0,1,0,0,0,0,0,1,0,5,0.2,-0.634360362,0.028411,0.480473,-1.379412605
261313,,-1.409678535,-1.997256881,,,,,,,,0.5630493928,,0,1,1,0,0,0,0,0,0,0,1,0,3,0.3333333333,-0.947962008,0.028411,0.480473,-2.032105775
261314,,,0.3558841179,,1.2757623153,,,,,,1.2977920836,,0,0,1,0,1,0,0,0,0,0,1,0,3,0.3333333333,0.9764795056,0.028411,0.480473,1.9731979304
261316,-0.485354543,0.9901743784,0.9070702979,,0.2845265676,0.1636017162,,-1.024749624,,-0.475061664,-2.559607043,,1,1,1,0,1,1,0,1,0,1,1,0,8,0.125,-0.274924989,0.028411,0.480473,-0.631326564
261317,-0.495270112,0.7720059318,0.2922857125,,1.05133158,0.5977453531,,0.3347945331,,,-2.926978389,,1,1,1,0,1,1,0,1,0,0,1,0,7,0.1428571429,-0.05344077,0.028411,0.480473,-0.17035565
261318,0.149241895,0.7720059318,0.1226899648,,0.4902547416,,,,,,-1.273807334,,1,1,1,0,1,0,0,0,0,0,1,0,5,0.2,0.0520770398,0.028411,0.480473,0.0492565708
261319,-0.371325495,0.9356322668,0.7374745502,,0.2658240063,0.5977453531,-0.35623643,0.6210143556,,,-1.090121662,,1,1,1,0,1,1,1,1,0,0,1,0,8,0.125,0.1675008682,0.028411,0.480473,0.2894860007
261320,-0.52501682,-0.427920525,0.1862883702,,0.4715521804,0.5977453531,,0.6210143556,,,-0.539064643,1.8169516099,1,1,1,0,1,1,0,1,0,0,1,1,8,0.125,0.2751937351,0.028411,0.480473,0.5136251267
261321,-0.515101251,0.3356690385,0.6950756133,1.3051472721,0.378039374,0.1636017162,,0.6210143556,,0.5516815849,0.1956780474,0.5686574123,1,1,1,1,1,1,0,1,0,1,1,1,10,0.1,0.4299463163,0.028411,0.480473,0.8357087457
261322,,0.9901743784,0.6526766764,,1.0887367025,0.5977453531,,,,,-1.824864352,,0,1,1,0,1,1,0,0,0,0,1,0,5,0.2,0.3008937516,0.028411,0.480473,0.5671140847
261323,0.6499781467,,-0.216501531,,1.257059754,0.5977453531,,,,,-1.457493007,,1,0,1,0,1,1,0,0,0,0,1,0,5,0.2,0.1661577432,0.028411,0.480473,0.2866905801
261324,0.4665401139,-0.318836301,0.2922857125,,0.7333880382,,-1.820383594,,,,-1.090121662,0.9847554782,1,1,1,0,1,0,1,0,0,0,1,1,7,0.1428571429,-0.107481745,0.028411,0.480473,-0.282830109
261325,-0.430818911,0.8810901551,-1.212876548,,1.5750032957,1.03188899,,,,,-2.192235698,,1,1,1,0,1,1,0,0,0,0,1,0,6,0.1666666667,-0.057991453,0.028411,0.480473,-0.1798269
261327,,-0.209752078,-0.534493558,,1.0139264574,1.03188899,,,,,,,0,1,1,0,1,1,0,0,0,0,0,0,4,0.25,0.3253924529,0.028411,0.480473,0.6181027682
261328,-0.262254233,1.0992586017,0.7162750817,,,,,,,,-1.824864352,,1,1,1,0,0,0,0,0,0,0,1,0,4,0.25,-0.067896225,0.028411,0.480473,-0.200441516
261329,-0.415945557,1.0992586017,0.7162750817,,0.7520905995,0.5977453531,,,,,-1.64117868,0.7469851548,1,1,1,0,1,1,0,0,0,0,1,1,7,0.1428571429,0.2650329363,0.028411,0.480473,0.4924776484
261330,,-0.100667855,-0.174102594,-0.498963836,0.9578187736,1.03188899,,,,,-0.355378971,,0,1,1,1,1,1,0,0,0,0,1,0,6,0.1666666667,0.143432418,0.028411,0.480473,0.2393927908
261331,-0.52501682,0.9356322668,0.4830809287,,0.3219316902,-2.007116468,,0.6210143556,,,1.6651634291,-1.214620013,1,1,1,0,1,1,0,1,0,0,1,1,8,0.125,0.0350086711,0.028411,0.480473,0.0137324981
261332,-0.52501682,0.8810901551,-0.025706314,,1.1261418251,1.03188899,,0.6210143556,,,0.1956780474,-0.739079366,1,1,1,0,1,1,0,1,0,0,1,1,8,0.125,0.3207513591,0.028411,0.480473,0.6084433474
261333,,0.6083795968,0.9070702979,,0.6211726706,1.03188899,-0.879146131,0.6210143556,,,-3.294349734,-0.620194204,0,1,1,0,1,1,1,1,0,0,1,1,8,0.125,-0.12552052,0.028411,0.480473,-0.320373869
261335,-0.341578787,0.6629217084,0.2074878387,,1.05133158,1.03188899,,,,,-2.559607043,,1,1,1,0,1,1,0,0,0,0,1,0,6,0.1666666667,0.0087407144,0.028411,0.480473,-0.040938503
261336,,,-2.675639872,,0.1723111999,0.5977453531,,,,,0.7467350655,,0,0,1,0,1,1,0,0,0,0,1,0,4,0.25,-0.289712063,0.028411,0.480473,-0.662102622
261337,-0.445692265,0.3902111501,0.546679334,,-0.052119535,-0.270541921,-0.879146131,0.6210143556,,0.5516815849,-0.171693298,-0.620194204,1,1,1,0,1,1,1,1,0,1,1,1,10,0.1,-0.032980093,0.028411,0.480473,-0.12777123
261338,-0.480396758,1.0992586017,0.6314772079,,1.3318699991,1.03188899,,-0.237645112,,,-0.906435989,,1,1,1,0,1,1,0,1,0,0,1,0,7,0.1428571429,0.3528595629,0.028411,0.480473,0.6752695443
270003,-0.039153922,-1.2460522,0.313485181,1.2469501395,-0.818924548,-0.270541921,-0.46081837,0.4779044444,0.4351495627,0.5516815849,0.3793637201,0.4497722506,1,1,1,1,1,1,1,1,1,1,1,1,12,0.0833333333,0.0849013269,0.028411,0.480473,0.1175731384
270004,3.465999839,-0.864257418,-0.110504188,0.4321902842,-0.220442587,-0.270541921,0.7418739439,0.6210143556,0.5880106234,0.5516815849,-0.171693298,0.6280999932,1,1,1,1,1,1,1,1,1,1,1,1,12,0.0833333333,0.4492859343,0.028411,0.480473,0.8759599266
270012,0.0203394936,-2.282352321,-0.36489781,0.7231759468,-1.230380896,-2.875403742,-0.826855161,0.5494594,-1.843869889,0.1409842852,0.9304207382,-1.214620013,1,1,1,1,1,1,1,1,1,1,1,1,12,0.0833333333,-0.689499997,0.028411,0.480473,-1.494173684
270014,0.0252972783,-0.59154686,-0.237700999,0.0248103565,0.0600958323,-0.270541921,-0.35623643,0.6210143556,0.0877380609,0.5516815849,0.0119923747,1.5791812866,1,1,1,1,1,1,1,1,1,1,1,1,12,0.0833333333,0.1254820767,0.028411,0.480473,0.2020330851
270017,-0.510143466,0.7174638201,-0.937283458,0.6067816818,0.3219316902,-0.704685558,-1.088310012,0.6210143556,-0.231880521,0.5516815849,0.1956780474,0.3903296698,1,1,1,1,1,1,1,1,1,1,1,1,12,0.0833333333,-0.005618514,0.028411,0.480473,-0.070824093
270023,-0.52501682,-1.355136423,-0.280099936,-0.440766704,0.6211726706,0.1636017162,,0.6210143556,-1.065668125,0.5516815849,-0.171693298,-0.204096139,1,1,1,1,1,1,0,1,1,1,1,1,11,0.0909090909,-0.189546102,0.028411,0.480473,-0.453629101
27003F,0.0054661396,0.2265848151,,,,0.1636017162,,0.4779044444,,,,-1.214620013,1,1,0,0,0,1,0,1,0,0,0,1,5,0.2,-0.06821258,0.028411,0.480473,-0.201099938
270049,-0.510143466,0.2811269268,-0.534493558,0.7231759468,0.1162035161,-0.704685558,,0.6210143556,-0.482016802,-0.269713014,-0.171693298,0.3903296698,1,1,1,1,1,1,0,1,1,1,1,1,11,0.0909090909,-0.049172298,0.028411,0.480473,-0.16147176
270051,-0.192845247,-2.55506288,-1.064480269,-0.324372439,-0.781519425,-0.270541921,,0.6210143556,-0.857221224,0.1409842852,-0.906435989,0.5686574123,1,1,1,1,1,1,0,1,1,1,1,1,11,0.0909090909,-0.511074849,0.028411,0.480473,-1.122820799
270057,0.2236086651,-0.482462636,0.6526766764,0.0248103565,0.0600958323,0.5977453531,0.0098003615,0.5494594,,0.3463329351,0.7467350655,0.9847554782,1,1,1,1,1,1,1,1,0,1,1,1,11,0.0909090909,0.3375961352,0.028411,0.480473,0.6435020612
270074,0.2483975884,-0.155209967,,,,,,,,0.5516815849,-0.539064643,,1,1,0,0,0,0,0,0,0,1,1,0,4,0.25,0.0264511408,0.028411,0.480473,-0.004078128
270086,1.5126326792,0.0629584801,-0.280099936,0.083007489,0.3219316902,0.1636017162,,0.2632395775,,,0.3793637201,-0.97684969,1,1,1,1,1,1,0,1,0,0,1,1,9,0.1111111111,0.1699761919,0.028411,0.480473,0.294637845
271300,,-3.645905113,0.1014904963,,,,,,,,,,0,1,1,0,0,0,0,0,0,0,0,0,2,0.5,-1.772207308,0.028411,0.480473,-3.747591922
271301,,0.5538374851,,,1.5001930506,1.03188899,,,,,,,0,1,0,0,1,1,0,0,0,0,0,0,3,0.3333333333,1.0286398419,0.028411,0.480473,2.0817582513
271302,,-0.864257418,,,,,,,,,,,0,1,0,0,0,0,0,0,0,0,0,0,1,1,-0.864257418,0.028411,0.480473,-1.857892997
271303,,-3.482278778,,,,,,,,,,,0,1,0,0,0,0,0,0,0,0,0,0,1,1,-3.482278778,0.028411,0.480473,-7.306731312
271305,,,,,1.799434031,1.03188899,,,,,,,0,0,0,0,1,1,0,0,0,0,0,0,2,0.5,1.4156615105,0.028411,0.480473,2.8872591265
271306,,-0.482462636,,,1.2196546314,0.5977453531,,,,,,,0,1,0,0,1,1,0,0,0,0,0,0,3,0.3333333333,0.444979116,0.028411,0.480473,0.8669962271
271307,,-1.57330487,,,1.257059754,1.03188899,,,,,,,0,1,0,0,1,1,0,0,0,0,0,0,3,0.3333333333,0.2385479581,0.028411,0.480473,0.4373549644
271308,,,,,1.3879776829,,,,,,,,0,0,0,0,1,0,0,0,0,0,0,0,1,1,1.3879776829,0.028411,0.480473,2.8296413001
271309,,-1.136967976,,,1.6311109795,,,,,,,,0,1,0,0,1,0,0,0,0,0,0,0,2,0.5,0.2470715015,0.028411,0.480473,0.4550948542
271310,,,,,1.593705857,,,,,,,,0,0,0,0,1,0,0,0,0,0,0,0,1,1,1.593705857,0.028411,0.480473,3.2578194557
271311,,,,,1.462787928,,,,,,,,0,0,0,0,1,0,0,0,0,0,0,0,1,1,1.462787928,0.028411,0.480473,2.9853424476
271312,,,,,,,,,,,,,0,0,0,0,0,0,0,0,0,0,0,0,0,,,0.028411,0.480473,
271313,,0.1175005918,,,1.4814904893,,,,,,,,0,1,0,0,1,0,0,0,0,0,0,0,2,0.5,0.7994955406,0.028411,0.480473,1.604844553
271314,,-2.827773438,-1.234076017,,0.5463624255,1.03188899,,,,,-1.090121662,,0,1,1,0,1,1,0,0,0,0,1,0,5,0.2,-0.71474394,0.028411,0.480473,-1.546713424
271316,,0.2811269268,0.0590915594,,0.0600958323,0.1636017162,,,,0.5516815849,-1.273807334,,0,1,1,0,1,1,0,0,0,1,1,0,6,0.1666666667,-0.026368286,0.028411,0.480473,-0.114010201
271317,,-1.136967976,0.8434718925,-0.266175306,0.9391162123,1.03188899,,,,,0.0119923747,,0,1,1,1,1,1,0,0,0,0,1,0,6,0.1666666667,0.2372210311,0.028411,0.480473,0.4345932565
271318,-0.52501682,-1.955099651,-0.407296747,0.1994017541,0.5463624255,1.03188899,,0.4063494887,,,-0.539064643,1.3414109632,1,1,1,1,1,1,0,1,0,0,1,1,9,0.1111111111,0.0109928622,0.028411,0.480473,-0.036251151
271319,,0.1175005918,0.8858708294,,0.8081982834,,,,,,,,0,1,1,0,1,0,0,0,0,0,0,0,3,0.3333333333,0.6038565682,0.028411,0.480473,1.1976648619
271320,,-1.518762758,-0.280099936,0.8977673444,0.4528496191,,,,,,-1.090121662,,0,1,1,1,1,0,0,0,0,0,1,0,5,0.2,-0.307673478,0.028411,0.480473,-0.699485375
271321,,-0.155209967,,,,0.5977453531,,,,,,,0,1,0,0,0,1,0,0,0,0,0,0,2,0.5,0.2212676933,0.028411,0.480473,0.4013898763
271322,,-1.57330487,0.546679334,,0.0975009548,0.1636017162,,,,,,,0,1,1,0,1,1,0,0,0,0,0,0,4,0.25,-0.191380716,0.028411,0.480473,-0.45744745
271323,,-1.027883753,-0.470895152,,-0.014714413,0.5977453531,,,,,-0.722750316,,0,1,1,0,1,1,0,0,0,0,1,0,5,0.2,-0.327699656,0.028411,0.480473,-0.74116548
271324,,-1.136967976,0.6314772079,,1.1635469476,,,,,,,,0,1,1,0,1,0,0,0,0,0,0,0,3,0.3333333333,0.2193520597,0.028411,0.480473,0.3974029044
271325,,0.1175005918,0.589078271,,0.8456034059,,,,,,-1.457493007,,0,1,1,0,1,0,0,0,0,0,1,0,4,0.25,0.0236723154,0.028411,0.480473,-0.009861645
271326,,-0.755173195,-0.025706314,,1.0326290187,1.03188899,,,,,,,0,1,1,0,1,1,0,0,0,0,0,0,4,0.25,0.3209096249,0.028411,0.480473,0.608772743
271327,,-0.427920525,,,0.9391162123,,,,,,,,0,1,0,0,1,0,0,0,0,0,0,0,2,0.5,0.2555978437,0.028411,0.480473,0.4728405688
271328,,-2.336894433,0.4406819917,,,,,,,,,,0,1,1,0,0,0,0,0,0,0,0,0,2,0.5,-0.948106221,0.028411,0.480473,-2.032405923
271329,,-2.773231326,-0.407296747,,0.3593368127,,,,,,,,0,1,1,0,1,0,0,0,0,0,0,0,3,0.3333333333,-0.940397087,0.028411,0.480473,-2.016361048
271330,,-1.136967976,,,1.2383571927,-1.572972831,,,,,,,0,1,0,0,1,1,0,0,0,0,0,0,3,0.3333333333,-0.490527872,0.028411,0.480473,-1.080056764
271331,,-2.55506288,,,1.2757623153,1.03188899,,,,,,,0,1,0,0,1,1,0,0,0,0,0,0,3,0.3333333333,-0.082470525,0.028411,0.480473,-0.230774729
271332,,-1.082425865,0.822272424,,0.5463624255,0.5977453531,,,,,0.3793637201,,0,1,1,0,1,1,0,0,0,0,1,0,5,0.2,0.2526636116,0.028411,0.480473,0.466733607
271333,,-1.300594311,-0.470895152,,1.4253828055,1.03188899,,,,,,,0,1,1,0,1,1,0,0,0,0,0,0,4,0.25,0.171445583,0.028411,0.480473,0.2976960609
271334,,-2.391436545,,,0.6585777931,0.5977453531,,,,,,,0,1,0,0,1,1,0,0,0,0,0,0,3,0.3333333333,-0.378371133,0.028411,0.480473,-0.846627066
271335,,-1.518762758,-0.386097278,-1.022738029,0.9578187736,1.03188899,,,,0.5516815849,-0.722750316,1.7575090291,0,1,1,1,1,1,0,0,0,1,1,1,8,0.125,0.0810687495,0.028411,0.480473,0.1095964676
271336,,-0.427920525,-0.237700999,2.0035128624,0.5463624255,0.1636017162,,,,,0.1956780474,1.2819683824,0,1,1,1,1,1,0,0,0,0,1,1,7,0.1428571429,0.50364313,0.028411,0.480473,0.9890925293
271337,,-1.791473316,-0.152903125,,1.7433263472,,,,,,,,0,1,1,0,1,0,0,0,0,0,0,0,3,0.3333333333,-0.067016698,0.028411,0.480473,-0.198610972
271338,,-2.173268098,,,0.247121445,-1.138829195,,,,,,,0,1,0,0,1,1,0,0,0,0,0,0,3,0.3333333333,-1.021658616,0.028411,0.480473,-2.185489131
271340,,,-0.470895152,0.7231759468,,,,,0.504631863,,-1.090121662,,0,0,1,1,0,0,0,0,1,0,1,0,4,0.25,-0.083302251,0.028411,0.480473,-0.232505785
271341,,-2.718689215,,,,,,,,,0.3793637201,,0,1,0,0,0,0,0,0,0,0,1,0,2,0.5,-1.169662747,0.028411,0.480473,-2.493527329
271342,-0.460565619,0.0629584801,,,0.7894957221,1.03188899,,,,,,,1,1,0,0,1,1,0,0,0,0,0,0,4,0.25,0.3559443932,0.028411,0.480473,0.6816899434
271343,-0.292000941,-0.482462636,0.1226899648,,0.920413651,1.03188899,0.480419093,0.6210143556,,,0.1956780474,0.5686574123,1,1,1,0,1,1,1,1,0,0,1,1,9,0.1111111111,0.3518108819,0.028411,0.480473,0.6730869445
271344,-0.22754974,-0.155209967,-0.428496215,0.8395702119,-0.014714413,0.5977453531,,0.6210143556,,0.5516815849,-0.355378971,,1,1,1,1,1,1,0,1,0,1,1,0,9,0.1111111111,0.1587402445,0.028411,0.480473,0.2712526803
271345,,-0.537004748,-1.530868575,,0.6772803544,1.03188899,,,,,0.1956780474,,0,1,1,0,1,1,0,0,0,0,1,0,5,0.2,-0.032605186,0.028411,0.480473,-0.126990944
271346,,-1.027883753,,,0.9017110897,1.03188899,,,,,,,0,1,0,0,1,1,0,0,0,0,0,0,3,0.3333333333,0.3019054422,0.028411,0.480473,0.5692196972
271347,-0.520059035,-0.100667855,0.5042803971,,0.378039374,0.5977453531,,-0.022980245,-0.634877863,0.5516815849,0.7467350655,1.1036406399,1,1,1,0,1,1,0,1,1,1,1,1,10,0.1,0.2603537417,0.028411,0.480473,0.4827389292
271348,,,-0.449695684,1.072358742,0.7520905995,-0.270541921,,0.6210143556,,,,,0,0,1,1,1,1,0,1,0,0,0,0,5,0.2,0.3450452185,0.028411,0.480473,0.6590056974
271389,0.030255063,-0.100667855,0.5678788025,,1.0326290187,0.5977453531,,,,,,,1,1,1,0,1,1,0,0,0,0,0,0,5,0.2,0.4255680765,0.028411,0.480473,0.8265963979
280003,-0.113520692,0.1720427035,-1.530868575,-0.207978174,0.6211726706,1.03188899,-0.722273221,0.6210143556,0.1294274411,0.5516815849,-1.273807334,-0.3229813,1,1,1,1,1,1,1,1,1,1,1,1,12,0.0833333333,-0.087016796,0.028411,0.480473,-0.240236797
280009,-0.282085371,0.5538374851,0.1014904963,0.0248103565,0.5650649868,1.03188899,,-0.166090156,,0.5516815849,-1.090121662,1.4602961249,1,1,1,1,1,1,0,1,0,1,1,1,10,0.1,0.2750772836,0.028411,0.480473,0.5133827583
280013,0.5656958073,-1.2460522,0.2498867756,-0.091583909,-1.454811631,-1.138829195,-3.70285852,-0.166090156,,0.5516815849,-0.171693298,-0.501309043,1,1,1,1,1,1,1,1,0,1,1,1,11,0.0909090909,-0.645996708,0.028411,0.480473,-1.40363111
280020,-0.45065005,0.8810901551,0.3346846494,,0.4341470578,0.5977453531,,-0.380755023,,0.5516815849,-0.722750316,1.5791812866,1,1,1,0,1,1,0,1,0,1,1,1,9,0.1111111111,0.3138194109,0.028411,0.480473,0.5940160147
280023,-0.420903342,0.6629217084,-0.131703657,,0.4154444965,0.5977453531,,0.1916846219,,-0.064364365,-0.906435989,0.9253128974,1,1,1,0,1,1,0,1,0,1,1,1,9,0.1111111111,0.1410779695,0.028411,0.480473,0.2344925215
280032,-0.52501682,-0.046125743,-1.721663791,-0.615358101,0.714685477,0.5977453531,,0.3347945331,,0.5516815849,0.7467350655,-0.382423881,1,1,1,1,1,1,0,1,0,1,1,1,10,0.1,-0.034494632,0.028411,0.480473,-0.130923412
280040,-0.287043156,-0.209752078,0.589078271,0.4321902842,0.041393271,0.1636017162,1.5262384964,-1.167859535,-0.620981403,-0.269713014,0.0119923747,-0.679636785,1,1,1,1,1,1,1,1,1,1,1,1,12,0.0833333333,-0.03920763,0.028411,0.480473,-0.140732485
280060,-0.420903342,0.7720059318,0.3558841179,0.6067816818,0.4528496191,-0.704685558,,0.1916846219,,0.1409842852,0.1956780474,-0.204096139,1,1,1,1,1,1,0,1,0,1,1,1,10,0.1,0.1386183267,0.028411,0.480473,0.2293733136
280061,-0.410987773,0.9356322668,-1.022081332,0.0248103565,-0.332657955,-0.270541921,0.2189642422,0.4063494887,-0.718256623,0.5516815849,-0.355378971,-0.917407109,1,1,1,1,1,1,1,1,1,1,1,1,12,0.0833333333,-0.157489479,0.028411,0.480473,-0.386910258
280065,0.0054661396,0.8265480434,0.1862883702,0.5485845492,0.5276598642,0.5977453531,,0.6210143556,1.3106265471,0.1409842852,-0.355378971,-0.085210977,1,1,1,1,1,1,0,1,1,1,1,1,11,0.0909090909,0.3931206873,0.028411,0.480473,0.7590642607
28006F,0.1442841104,-0.537004748,,,,0.5977453531,,-0.59541989,,,,0.6280999932,1,1,0,0,0,1,0,1,0,0,0,1,5,0.2,0.0475409637,0.028411,0.480473,0.0398157215
280077,-0.282085371,-0.100667855,-0.6404909,,0.3219316902,0.1636017162,1.2124926754,-0.237645112,1.2411442468,-0.475061664,-0.171693298,0.1525593464,1,1,1,0,1,1,1,1,1,1,1,1,11,0.0909090909,0.1076441341,0.028411,0.480473,0.1649073126
280081,-0.480396758,0.9356322668,0.7586740187,1.1305558745,0.1723111999,-0.704685558,0.0098003615,-0.237645112,,0.5516815849,-0.355378971,0.687542574,1,1,1,1,1,1,1,1,0,1,1,1,11,0.0909090909,0.2243719529,0.028411,0.480473,0.4078507132
280105,-0.232507525,0.6083795968,0.2074878387,-0.557160969,0.4902547416,0.5977453531,,0.6210143556,,,0.1956780474,0.8064277357,1,1,1,1,1,1,0,1,0,0,1,1,9,0.1111111111,0.3041465751,0.028411,0.480473,0.5738841246
280111,-0.455607835,0.7174638201,-0.746488242,1.188753007,0.714685477,1.03188899,,-2.312738825,1.4495911478,0.3463329351,0.9304207382,-1.511832917,1,1,1,1,1,1,0,1,1,1,1,1,11,0.0909090909,0.1229516633,0.028411,0.480473,0.1967665836
280125,-0.45065005,0.8810901551,0.037892091,-0.964540896,1.0700341412,1.03188899,,,,0.5516815849,-1.64117868,0.9253128974,1,1,1,1,1,1,0,0,0,1,1,1,9,0.1111111111,0.1601700259,0.028411,0.480473,0.2742284574
280127,1.1606299676,-0.373378413,,,,,,,,,-0.722750316,,1,1,0,0,0,0,0,0,0,0,1,0,3,0.3333333333,0.0215004128,0.028411,0.480473,-0.014381984
280128,-0.386198849,0.8265480434,,-0.207978174,,,,,,,-0.171693298,,1,1,0,1,0,0,0,0,0,0,1,0,4,0.25,0.0151694306,0.028411,0.480473,-0.027558538
280129,-0.351494357,0.2265848151,0.822272424,,1.3505725604,1.03188899,,,1.2411442468,,-0.722750316,,1,1,1,0,1,1,0,0,1,0,1,0,7,0.1428571429,0.5140311948,0.028411,0.480473,1.010713012
280130,-0.316789864,0.3902111501,0.9918681717,-0.207978174,-0.351360516,-0.704685558,1.0556197649,0.6210143556,,0.5516815849,-0.722750316,0.3903296698,1,1,1,1,1,1,1,1,0,1,1,1,11,0.0909090909,0.1542872973,0.028411,0.480473,0.2619848456
280131,-0.356452141,0.4992953735,,,,,,,-0.593188483,,-1.64117868,,1,1,0,0,0,0,0,0,1,0,1,0,4,0.25,-0.522880983,0.028411,0.480473,-1.147392681
280132,0.3227643585,-0.59154686,-0.046905783,,0.0039881484,-0.270541921,-1.088310012,0.2632395775,,,-0.539064643,-0.501309043,1,1,1,0,1,1,1,1,0,0,1,1,9,0.1111111111,-0.271965131,0.028411,0.480473,-0.625166267
280133,-0.52501682,-3.86407356,,,,,,,,,0.0119923747,,1,1,0,0,0,0,0,0,0,0,1,0,3,0.3333333333,-1.459032668,0.028411,0.480473,-3.09578747
280134,-0.485354543,0.4992953735,0.2074878387,0.7231759468,0.8643059672,1.03188899,,-0.237645112,,0.5516815849,-0.722750316,0.9253128974,1,1,1,1,1,1,0,1,0,1,1,1,10,0.1,0.3357398628,0.028411,0.480473,0.6396386365
280139,-0.212676386,0.0084163685,-2.484844656,,1.0326290187,1.03188899,,0.1916846219,,-0.475061664,0.1956780474,-0.204096139,1,1,1,0,1,1,0,1,0,1,1,1,9,0.1111111111,-0.1018202,0.028411,0.480473,-0.271046842
281300,,0.0084163685,-0.788887179,,1.0326290187,0.1636017162,,,,,-4.029092425,,0,1,1,0,1,1,0,0,0,0,1,0,5,0.2,-0.7226665,0.028411,0.480473,-1.563202498
281301,-0.485354543,-0.537004748,-2.802836683,,1.1635469476,1.03188899,,,,,1.8488491018,,1,1,1,0,1,1,0,0,0,0,1,0,6,0.1666666667,0.0365148443,0.028411,0.480473,0.0168672678
281302,0.030255063,0.4992953735,0.2074878387,,1.0326290187,,,,,,,,1,1,1,0,1,0,0,0,0,0,0,0,4,0.25,0.4424168234,0.028411,0.480473,0.8616633761
281303,,-1.027883753,,,,,,,,,,,0,1,0,0,0,0,0,0,0,0,0,0,1,1,-1.027883753,0.028411,0.480473,-2.198445391
281304,,0.4992953735,,,1.5001930506,1.03188899,,,,,-0.539064643,,0,1,0,0,1,1,0,0,0,0,1,0,4,0.25,0.6230781926,0.028411,0.480473,1.2376704651
281305,,-3.20956822,0.4194825233,,0.4154444965,,,,,,,,0,1,1,0,1,0,0,0,0,0,0,0,3,0.3333333333,-0.791547067,0.028411,0.480473,-1.706562318
281306,-0.52501682,0.7174638201,-0.343698341,,0.4341470578,1.03188899,,,,,,,1,1,1,0,1,1,0,0,0,0,0,0,5,0.2,0.2629569413,0.028411,0.480473,0.4881569193
281307,,0.7174638201,0.589078271,,1.3131674378,1.03188899,,0.6210143556,,,-1.824864352,,0,1,1,0,1,1,0,1,0,0,1,0,6,0.1666666667,0.407958087,0.028411,0.480473,0.78994506
281308,,-0.482462636,,,1.8555417149,1.03188899,,,,,,,0,1,0,0,1,1,0,0,0,0,0,0,3,0.3333333333,0.8016560228,0.028411,0.480473,1.6093411238
281309,,0.8265480434,-0.852485584,,0.9578187736,1.03188899,,,,,,,0,1,1,0,1,1,0,0,0,0,0,0,4,0.25,0.4909425556,0.028411,0.480473,0.9626590643
281310,,-0.209752078,0.864671361,,0.5276598642,,,,,,,,0,1,1,0,1,0,0,0,0,0,0,0,3,0.3333333333,0.394193049,0.028411,0.480473,0.7612961469
281311,,-1.791473316,,,1.5001930506,1.03188899,,0.6210143556,,,,,0,1,0,0,1,1,0,1,0,0,0,0,4,0.25,0.3404057699,0.028411,0.480473,0.6493497008
281312,,0.8810901551,,,1.2383571927,,,,,,,,0,1,0,0,1,0,0,0,0,0,0,0,2,0.5,1.0597236739,0.028411,0.480473,2.1464524427
281313,,0.2811269268,0.1650889017,,0.9391162123,1.03188899,,,,,2.3999061199,,0,1,1,0,1,1,0,0,0,0,1,0,5,0.2,0.9634254301,0.028411,0.480473,1.9460287302
281314,,,,,1.3131674378,1.03188899,,-1.024749624,,,,,0,0,0,0,1,1,0,1,0,0,0,0,3,0.3333333333,0.4401022681,0.028411,0.480473,0.8568461358
281315,1.4977593252,-0.155209967,0.7586740187,,1.1448443863,1.03188899,,,,,-0.539064643,,1,1,1,0,1,1,0,0,0,0,1,0,6,0.1666666667,0.623148685,0.028411,0.480473,1.2378171796
281316,,0.9356322668,,,1.3131674378,1.03188899,,,,,,,0,1,0,0,1,1,0,0,0,0,0,0,3,0.3333333333,1.0935628982,0.028411,0.480473,2.2168813798
281318,,1.0992586017,-0.449695684,,0.2658240063,,,,,,,,0,1,1,0,1,0,0,0,0,0,0,0,3,0.3333333333,0.3051289748,0.028411,0.480473,0.5759287746
281319,,,-0.619291431,,1.3131674378,1.03188899,,0.6210143556,,,-0.722750316,,0,0,1,0,1,1,0,1,0,0,1,0,5,0.2,0.3248058072,0.028411,0.480473,0.6168817935
281320,-0.510143466,0.1720427035,-0.788887179,,1.05133158,,,,,,,,1,1,1,0,1,0,0,0,0,0,0,0,4,0.25,-0.01891409,0.028411,0.480473,-0.098495925
281322,,0.2811269268,-1.573267512,,0.9578187736,0.5977453531,,0.6210143556,,,0.0119923747,0.7469851548,0,1,1,0,1,1,0,1,0,0,1,1,7,0.1428571429,0.2347736323,0.028411,0.480473,0.4294995317
281323,-0.410987773,1.0447164901,1.2250623248,,0.6772803544,1.03188899,,,,,,,1,1,1,0,1,1,0,0,0,0,0,0,5,0.2,0.7135920773,0.028411,0.480473,1.4260553006
281324,,-0.209752078,-0.661690368,,0.4715521804,1.03188899,,,,,,,0,1,1,0,1,1,0,0,0,0,0,0,4,0.25,0.157999681,0.028411,0.480473,0.2697113595
281325,,-1.955099651,1.2250623248,,0.6211726706,,,,,,,,0,1,1,0,1,0,0,0,0,0,0,0,3,0.3333333333,-0.036288219,0.028411,0.480473,-0.134656369
281326,-0.505185681,-0.373378413,,,1.05133158,1.03188899,,,,,,,1,1,0,0,1,1,0,0,0,0,0,0,4,0.25,0.3011641189,0.028411,0.480473,0.567676795
281327,,-0.755173195,,,0.9391162123,0.5977453531,,,,,,,0,1,0,0,1,1,0,0,0,0,0,0,3,0.3333333333,0.2605627902,0.028411,0.480473,0.4831740179
281328,,0.9901743784,-1.361272828,,0.8830085285,1.03188899,,,,,-0.355378971,0.0931167656,0,1,1,0,1,1,0,0,0,0,1,1,6,0.1666666667,0.2135894774,0.028411,0.480473,0.3854093508
281329,,0.2811269268,-0.216501531,0.7813730793,1.0700341412,1.03188899,,,,,-0.906435989,,0,1,1,1,1,1,0,0,0,0,1,0,6,0.1666666667,0.340247603,0.028411,0.480473,0.6490205109
281331,,0.9356322668,,,1.1635469476,1.03188899,,,,,-5.314892134,,0,1,0,0,1,1,0,0,0,0,1,0,4,0.25,-0.545955982,0.028411,0.480473,-1.195418242
281332,,-0.155209967,0.589078271,,1.2383571927,,,,,,0.1956780474,,0,1,1,0,1,0,0,0,0,0,1,0,4,0.25,0.4669758861,0.028411,0.480473,0.9127776886
281333,,-0.046125743,,,0.8081982834,,,,,,,,0,1,0,0,1,0,0,0,0,0,0,0,2,0.5,0.3810362701,0.028411,0.480473,0.7339131919
281334,,-0.59154686,-0.449695684,,1.0326290187,1.03188899,,,,,-1.090121662,,0,1,1,0,1,1,0,0,0,0,1,0,5,0.2,-0.013369239,0.028411,0.480473,-0.086955531
281335,,-0.537004748,,,0.378039374,1.03188899,,,,,,,0,1,0,0,1,1,0,0,0,0,0,0,3,0.3333333333,0.2909745386,0.028411,0.480473,0.5464694144
281336,-0.52501682,-0.91879953,-0.492094621,1.2469501395,,,,,,,1.1141064109,,1,1,1,1,0,0,0,0,0,0,1,0,5,0.2,0.085029116,0.028411,0.480473,0.1178391035
281338,,0.9901743784,0.1650889017,,1.5001930506,,,,,,,,0,1,1,0,1,0,0,0,0,0,0,0,3,0.3333333333,0.8851521103,0.028411,0.480473,1.7831199507
281339,,0.1175005918,-0.958482927,0.083007489,1.2757623153,,,,,,0.7467350655,,0,1,1,1,1,0,0,0,0,0,1,0,5,0.2,0.252904507,0.028411,0.480473,0.467234978
281340,,-0.318836301,,,0.5276598642,1.03188899,,,,,,,0,1,0,0,1,1,0,0,0,0,0,0,3,0.3333333333,0.4135708509,0.028411,0.480473,0.8016267993
281341,-0.039153922,-1.300594311,-1.043280801,,1.0887367025,0.5977453531,,,,,1.1141064109,,1,1,1,0,1,1,0,0,0,0,1,0,6,0.1666666667,0.0695932387,0.028411,0.480473,0.0857127041
281342,1.9637910841,1.1538007134,0.3770835864,0.8395702119,0.8830085285,1.03188899,,,,,-1.824864352,0.8658703165,1,1,1,1,1,1,0,0,0,0,1,1,8,0.125,0.6612686348,0.028411,0.480473,1.3171555097
281343,,-0.373378413,0.2922857125,,1.0139264574,0.1636017162,,,,,,,0,1,1,0,1,1,0,0,0,0,0,0,4,0.25,0.2741088682,0.028411,0.480473,0.5113672138
281344,,,-0.004506846,1.0141616094,,,,,,,,,0,0,1,1,0,0,0,0,0,0,0,0,2,0.5,0.5048273817,0.028411,0.480473,0.9915572901
281345,-0.510143466,-0.864257418,-0.470895152,,0.247121445,1.03188899,,,,,0.3793637201,,1,1,1,0,1,1,0,0,0,0,1,0,6,0.1666666667,-0.031153647,0.028411,0.480473,-0.123969882
281346,-0.445692265,0.9901743784,,,1.1635469476,1.03188899,,,,,,2.3519348375,1,1,0,0,1,1,0,0,0,0,0,1,5,0.2,1.0183705776,0.028411,0.480473,2.0603850259
281347,,-1.300594311,,,0.8269008446,0.5977453531,,0.6210143556,,,,,0,1,0,0,1,1,0,1,0,0,0,0,4,0.25,0.1862665605,0.028411,0.480473,0.3285426809
281348,,0.8265480434,-1.064480269,,0.4715521804,,,,,,,,0,1,1,0,1,0,0,0,0,0,0,0,3,0.3333333333,0.0778733183,0.028411,0.480473,0.102945877
281349,-0.287043156,1.0447164901,-1.318873891,,0.8081982834,,,,,,1.6651634291,,1,1,1,0,1,0,0,0,0,0,1,0,5,0.2,0.3824322312,0.028411,0.480473,0.7368185794
281350,-0.177971893,0.7174638201,-0.513294089,,1.1822495089,1.03188899,,,,,,,1,1,1,0,1,1,0,0,0,0,0,0,5,0.2,0.4480672674,0.028411,0.480473,0.8734235381
281351,-0.52501682,-0.26429419,-0.831286116,,0.7520905995,,,,,,,,1,1,1,0,1,0,0,0,0,0,0,0,4,0.25,-0.217126632,0.028411,0.480473,-0.511031936
281352,,0.0629584801,-0.661690368,2.0035128624,1.2944648766,,,,,,-2.008550025,0.7469851548,0,1,1,1,1,0,0,0,0,0,1,1,6,0.1666666667,0.2396134967,0.028411,0.480473,0.4395726499
281353,,-0.155209967,-1.212876548,,0.7894957221,1.03188899,,,,,,,0,1,1,0,1,1,0,0,0,0,0,0,4,0.25,0.1133245493,0.028411,0.480473,0.1767298534
281354,-0.510143466,0.4447532618,-1.594466981,,1.0326290187,,,,,,-0.539064643,,1,1,1,0,1,0,0,0,0,0,1,0,5,0.2,-0.233258562,0.028411,0.480473,-0.544607018
281355,0.3475532818,1.0447164901,0.4406819917,,0.8456034059,0.5977453531,,0.6210143556,,,2.3999061199,,1,1,1,0,1,1,0,1,0,0,1,0,7,0.1428571429,0.8996029997,0.028411,0.480473,1.8131963135
281356,0.8383739641,-0.373378413,0.6950756133,2.0035128624,0.8830085285,,,,,,,,1,1,1,1,1,0,0,0,0,0,0,0,5,0.2,0.809318511,0.028411,0.480473,1.6252889156
281357,,,-0.025706314,,0.6211726706,,,,,,,,0,0,1,0,1,0,0,0,0,0,0,0,2,0.5,0.2977331781,0.028411,0.480473,0.5605360429
281358,-0.212676386,-1.57330487,-3.099629241,,0.2845265676,1.03188899,,,,,,,1,1,1,0,1,1,0,0,0,0,0,0,5,0.2,-0.713838988,0.028411,0.480473,-1.544829964
281359,-0.138309616,0.2811269268,0.2074878387,,0.6772803544,0.5977453531,,,,0.5516815849,0.0119923747,0.5686574123,1,1,1,0,1,1,0,0,0,1,1,1,8,0.125,0.3447077786,0.028411,0.480473,0.6583033901
281360,,,-0.682889837,,0.2845265676,,,,,-4.582034661,-0.722750316,,0,0,1,0,1,0,0,0,0,1,1,0,4,0.25,-1.425787062,0.028411,0.480473,-3.026594018
281361,-0.515101251,-0.427920525,-0.470895152,,1.1448443863,,,,,-2.117850863,0.7467350655,,1,1,1,0,1,0,0,0,0,1,1,0,6,0.1666666667,-0.273364723,0.028411,0.480473,-0.628079212
281362,,0.6083795968,-0.576892494,0.7231759468,0.8269008446,,,,,,-1.273807334,,0,1,1,1,1,0,0,0,0,0,1,0,5,0.2,0.0615513119,0.028411,0.480473,0.068975194
281363,,0.3902111501,0.0802910279,1.3633444046,0.4528496191,1.03188899,,,,,1.4814777564,,0,1,1,1,1,1,0,0,0,0,1,0,6,0.1666666667,0.8000104913,0.028411,0.480473,1.6059163103
281364,,0.6629217084,-0.280099936,0.8977673444,1.1822495089,1.03188899,,,,,-0.906435989,1.2225258016,0,1,1,1,1,1,0,0,0,0,1,1,7,0.1428571429,0.5444024898,0.028411,0.480473,1.0739242135
281365,0.3326799278,0.6629217084,0.8434718925,,0.6772803544,1.03188899,,,,,,,1,1,1,0,1,1,0,0,0,0,0,0,5,0.2,0.7096485746,0.028411,0.480473,1.417847763
290001,-0.470481189,-0.046125743,-0.343698341,-0.266175306,-0.725411741,-0.270541921,,,-2.927793774,0.3463329351,0.3793637201,0.8064277357,1,1,1,1,1,1,0,0,1,1,1,1,10,0.1,-0.351810362,0.028411,0.480473,-0.791346637
290003,-0.520059035,-2.118725986,1.1826633879,,-0.201740026,1.03188899,,,,0.3463329351,0.1956780474,0.2714445081,1,1,1,0,1,1,0,0,0,1,1,1,8,0.125,0.0234353526,0.028411,0.480473,-0.010354831
290005,-0.460565619,-1.027883753,1.1190649825,,0.2097163225,0.5977453531,,,,,1.2977920836,0.6280999932,1,1,1,0,1,1,0,0,0,0,1,1,7,0.1428571429,0.3377099089,0.028411,0.480473,0.6437388563
290007,-0.475438973,0.0084163685,1.1826633879,,-1.043355283,0.5977453531,,,,0.5516815849,0.3793637201,1.1036406399,1,1,1,0,1,1,0,0,0,1,1,1,8,0.125,0.2880895997,0.028411,0.480473,0.5404650458
290008,0.1740308184,0.0629584801,0.1862883702,0.9559644769,-0.12692978,-1.138829195,0.7418739439,0.1201296663,,0.1409842852,1.8488491018,-1.095734851,1,1,1,1,1,1,1,1,0,1,1,1,11,0.0909090909,0.1699623015,0.028411,0.480473,0.2946089353
290009,-0.420903342,0.4992953735,0.037892091,0.2575988866,-0.014714413,0.5977453531,,,,,-0.355378971,0.687542574,1,1,1,1,1,1,0,0,0,0,1,1,8,0.125,0.1611346941,0.028411,0.480473,0.2762362029
290012,-0.45065005,-0.59154686,1.2250623248,,0.9765213348,0.5977453531,,,,,-0.539064643,,1,1,1,0,1,1,0,0,0,0,1,0,6,0.1666666667,0.2030112432,0.028411,0.480473,0.3633930723
290019,-0.500227897,0.5538374851,-0.428496215,0.7813730793,-0.519683567,0.1636017162,0.480419093,,-0.426430962,0.5516815849,0.0119923747,-0.085210977,1,1,1,1,1,1,1,0,1,1,1,1,11,0.0909090909,0.0529868832,0.028411,0.480473,0.0511502107
290021,0.074875125,0.2265848151,0.9494692348,,-1.080760406,0.5977453531,,-1.74029918,,,-0.355378971,-0.441866462,1,1,1,0,1,1,0,1,0,0,1,1,8,0.125,-0.221203811,0.028411,0.480473,-0.519517693
29002F,-0.168056324,0.6629217084,,,,0.5977453531,,0.4063494887,,,,-0.204096139,1,1,0,0,0,1,0,1,0,0,0,1,5,0.2,0.2589728176,0.028411,0.480473,0.479864838
290032,0.9127407342,0.4447532618,0.6102777394,-0.498963836,0.7707931608,0.5977453531,,0.6210143556,,,-0.171693298,-0.204096139,1,1,1,1,1,1,0,1,0,0,1,1,9,0.1111111111,0.3425079258,0.028411,0.480473,0.653724878
290039,-0.267212017,-2.336894433,1.0130676402,1.188753007,0.1162035161,0.5977453531,,-1.74029918,,-0.680410314,-0.539064643,-0.025768396,1,1,1,1,1,1,0,1,0,1,1,1,10,0.1,-0.267387947,0.028411,0.480473,-0.61563986
290041,-0.52501682,-1.57330487,1.0554665771,,-0.725411741,0.5977453531,0.6372920035,0.1201296663,,0.5516815849,0.5630493928,-0.739079366,1,1,1,0,1,1,1,1,0,1,1,1,10,0.1,-0.003744822,0.028411,0.480473,-0.066924414
290045,-0.148225185,-0.209752078,0.9918681717,,-0.70670918,0.5977453531,-0.303945459,-3.314508203,,0.5516815849,0.5630493928,-0.263538719,1,1,1,0,1,1,1,1,0,1,1,1,10,0.1,-0.224233432,0.028411,0.480473,-0.525823186
290046,-0.346536572,0.2265848151,1.0554665771,,-0.332657955,1.03188899,,-0.237645112,,0.5516815849,0.0119923747,-0.97684969,1,1,1,0,1,1,0,1,0,1,1,1,9,0.1111111111,0.1093250016,0.028411,0.480473,0.1684056703
290047,-0.296958725,-1.955099651,1.1826633879,,0.9765213348,1.03188899,,-0.59541989,,0.1409842852,-0.171693298,0.4497722506,1,1,1,0,1,1,0,1,0,1,1,1,9,0.1111111111,0.0847398538,0.028411,0.480473,0.1172370675
290049,-0.485354543,-0.155209967,-0.555693026,-1.313723692,-0.295252832,0.1636017162,-1.454346803,,,,-0.355378971,1.1630832207,1,1,1,1,1,1,1,0,0,0,1,1,9,0.1111111111,-0.365363877,0.028411,0.480473,-0.819555311
29004F,-0.202760816,0.4992953735,,,,0.1636017162,,0.6210143556,,,,0.5092148315,1,1,0,0,0,1,0,1,0,0,0,1,5,0.2,0.318073092,0.028411,0.480473,0.6028691209
290053,-0.311832079,-0.427920525,1.0978655141,,-0.070822097,0.5977453531,,,,-0.269713014,-0.355378971,0.330887089,1,1,1,0,1,1,0,0,0,1,1,1,8,0.125,0.0738539088,0.028411,0.480473,0.0945803561
290054,-0.495270112,-0.155209967,1.140264451,,-0.145632342,0.5977453531,,-0.166090156,,0.5516815849,0.5630493928,-0.3229813,1,1,1,0,1,1,0,1,0,1,1,1,9,0.1111111111,0.1741729894,0.028411,0.480473,0.3033725604
290057,-0.52501682,0.0084163685,1.0130676402,,-0.482278445,1.03188899,,0.4779044444,,0.5516815849,0.3793637201,-0.085210977,1,1,1,0,1,1,0,1,0,1,1,1,9,0.1111111111,0.2633129451,0.028411,0.480473,0.4888978634
290058,-0.500227897,-1.082425865,1.1826633879,,1.1635469476,0.1636017162,,,,,0.1956780474,-0.382423881,1,1,1,0,1,1,0,0,0,0,1,1,7,0.1428571429,0.1057732081,0.028411,0.480473,0.1610133897
290061,0.9325718728,0.6083795968,0.9282697664,0.4321902842,-0.239145148,0.5977453531,,,,-0.269713014,0.5630493928,1.7575090291,1,1,1,1,1,1,0,0,0,1,1,1,9,0.1111111111,0.5900952369,0.028411,0.480473,1.1690236636
291300,,1.2083428251,-0.513294089,,1.3318699991,1.03188899,,,,,,,0,1,1,0,1,1,0,0,0,0,0,0,4,0.25,0.7647019313,0.028411,0.480473,1.5324292724
291301,-0.52501682,0.6083795968,-0.937283458,,1.0700341412,0.5977453531,,,,,,,1,1,1,0,1,1,0,0,0,0,0,0,5,0.2,0.1627717626,0.028411,0.480473,0.2796434026
291302,,-0.646088971,-0.110504188,,,0.5977453531,,,,,0.3793637201,,0,1,1,0,0,1,0,0,0,0,1,0,4,0.25,0.0551289783,0.028411,0.480473,0.0556085128
291303,,0.4447532618,,,1.05133158,-0.270541921,,,,,,,0,1,0,0,1,1,0,0,0,0,0,0,3,0.3333333333,0.408514307,0.028411,0.480473,0.7911027102
291304,,0.2265848151,,,0.8269008446,0.5977453531,,,,,,,0,1,0,0,1,1,0,0,0,0,0,0,3,0.3333333333,0.5504103376,0.028411,0.480473,1.0864282336
291306,,0.0084163685,0.1862883702,1.3633444046,1.05133158,0.5977453531,,,,,-0.722750316,,0,1,1,1,1,1,0,0,0,0,1,0,6,0.1666666667,0.4140626267,0.028411,0.480473,0.8026503229
291307,-0.510143466,-2.391436545,-0.407296747,,0.4341470578,1.03188899,,,0.490735403,,-0.171693298,-0.025768396,1,1,1,0,1,1,0,0,1,0,1,1,8,0.125,-0.193695875,0.028411,0.480473,-0.462265946
291308,,-1.082425865,-1.700464323,2.0035128624,1.05133158,0.5977453531,,,,-1.091107614,0.1956780474,-0.620194204,0,1,1,1,1,1,0,0,0,1,1,1,8,0.125,-0.08074052,0.028411,0.480473,-0.227174104
291309,-0.420903342,-1.846015428,0.5254798656,,0.8456034059,0.5977453531,,,,,0.1956780474,,1,1,1,0,1,1,0,0,0,0,1,0,6,0.1666666667,-0.017068683,0.028411,0.480473,-0.094655114
291311,,0.4447532618,0.5254798656,,0.041393271,0.1636017162,,-0.166090156,,,,,0,1,1,0,1,1,0,1,0,0,0,0,5,0.2,0.2018275917,0.028411,0.480473,0.3609295607
291312,,-0.046125743,-0.513294089,,0.7894957221,,,,,,,,0,1,1,0,1,0,0,0,0,0,0,0,3,0.3333333333,0.0766919633,0.028411,0.480473,0.1004871453
291313,0.1591574644,0.7720059318,0.1862883702,,1.0887367025,0.5977453531,,0.4063494887,,0.5516815849,1.2977920836,,1,1,1,0,1,1,0,1,0,1,1,0,8,0.125,0.6324696224,0.028411,0.480473,1.2572166702
291314,,-3.155026108,-1.424871233,,1.1261418251,0.5977453531,,,,,,,0,1,1,0,1,1,0,0,0,0,0,0,4,0.25,-0.714002541,0.028411,0.480473,-1.545170364
300001,-0.346536572,0.7174638201,0.7798734871,0.5485845492,-1.529621876,-2.875403742,0.166673272,0.6210143556,,0.5516815849,-1.457493007,-0.441866462,1,1,1,1,1,1,1,1,0,1,1,1,11,0.0909090909,-0.296875508,0.028411,0.480473,-0.677011764
300003,-0.445692265,1.0992586017,0.3558841179,-0.673555234,-2.539560185,0.5977453531,,0.5494594,1.6302451287,0.5516815849,-0.355378971,-1.274062594,1,1,1,1,1,1,0,1,1,1,1,1,11,0.0909090909,-0.045815915,0.028411,0.480473,-0.154486183
300005,-0.440734481,0.4992953735,-0.025706314,1.0141616094,-0.744114303,-1.138829195,0.0098003615,-1.954964047,,,-0.906435989,0.0336741848,1,1,1,1,1,1,1,1,0,0,1,1,10,0.1,-0.36538528,0.028411,0.480473,-0.819599855
300011,-0.396114419,0.9901743784,0.3982830548,-0.149781041,-0.818924548,-0.704685558,,0.6210143556,,-1.296456264,-0.171693298,-0.560751624,1,1,1,1,1,1,0,1,0,1,1,1,10,0.1,-0.208893496,0.028411,0.480473,-0.493896467
300012,-0.485354543,0.9901743784,0.0590915594,0.2575988866,-2.015888469,-4.177834653,0.2189642422,0.4063494887,0.1155309811,-0.269713014,-0.539064643,-0.679636785,1,1,1,1,1,1,1,1,1,1,1,1,12,0.0833333333,-0.509981881,0.028411,0.480473,-1.120546025
300014,-0.52501682,-0.26429419,0.8858708294,,0.1536086387,0.5977453531,,-0.810084757,,,-1.457493007,-0.441866462,1,1,1,0,1,1,0,1,0,0,1,1,8,0.125,-0.232691302,0.028411,0.480473,-0.54342639
300017,-0.52501682,-1.136967976,-0.174102594,0.0248103565,0.2097163225,0.5977453531,0.7418739439,0.3347945331,,,0.3793637201,0.0336741848,1,1,1,1,1,1,1,1,0,0,1,1,10,0.1,0.0485891024,0.028411,0.480473,0.0419971927
300018,0.1988197417,1.1538007134,0.6526766764,0.2575988866,-1.58572956,-1.572972831,0.7418739439,0.6210143556,0.9910079655,0.3463329351,-0.722750316,-0.382423881,1,1,1,1,1,1,1,1,1,1,1,1,12,0.0833333333,0.0582707191,0.028411,0.480473,0.0621473584
300019,-0.430818911,0.9356322668,0.1862883702,-2.361272077,-0.631898935,-1.138829195,-1.297473893,0.4779044444,,0.5516815849,-0.539064643,0.8064277357,1,1,1,1,1,1,1,1,0,1,1,1,11,0.0909090909,-0.312856659,0.028411,0.480473,-0.710273031
300020,-0.520059035,1.0992586017,0.5678788025,-0.266175306,-1.211678335,-2.441260105,-1.506637773,0.3347945331,,0.5516815849,-0.722750316,-0.441866462,1,1,1,1,1,1,1,1,0,1,1,1,11,0.0909090909,-0.414255801,0.028411,0.480473,-0.921313146
300023,-0.242423094,0.6629217084,-0.492094621,0.6649788143,-0.781519425,-0.704685558,,0.5494594,-0.426430962,0.5516815849,-1.273807334,0.8658703165,1,1,1,1,1,1,0,1,1,1,1,1,11,0.0909090909,-0.056913561,0.028411,0.480473,-0.177583504
300029,-0.520059035,-1.082425865,0.4618814602,0.3157960191,0.7520905995,0.5977453531,,0.5494594,,-1.091107614,-0.355378971,0.330887089,1,1,1,1,1,1,0,1,0,1,1,1,10,0.1,-0.004111156,0.028411,0.480473,-0.067686859
300034,-0.138309616,1.0992586017,-0.046905783,0.6067816818,-1.00595016,0.5977453531,-1.402055833,0.4779044444,-1.135150425,0.5516815849,-1.273807334,-0.025768396,1,1,1,1,1,1,1,1,1,1,1,1,12,0.0833333333,-0.141214657,0.028411,0.480473,-0.35303778
301300,,0.7174638201,0.2498867756,,0.9952238961,,,,,,-2.375921371,,0,1,1,0,1,0,0,0,0,0,1,0,4,0.25,-0.10333672,0.028411,0.480473,-0.274203146
301301,,-0.046125743,0.7586740187,,0.9765213348,0.5977453531,,,,,-1.090121662,,0,1,1,0,1,1,0,0,0,0,1,0,5,0.2,0.2393386604,0.028411,0.480473,0.4390006381
301302,,0.9356322668,0.6950756133,1.2469501395,0.3593368127,0.5977453531,,0.5494594,,-1.707153563,0.9304207382,1.4008535441,0,1,1,1,1,1,0,1,0,1,1,1,9,0.1111111111,0.5564800338,0.028411,0.480473,1.0990609774
301303,,0.8265480434,0.5254798656,,0.7520905995,,,,,,-0.171693298,,0,1,1,0,1,0,0,0,0,0,1,0,4,0.25,0.4831063026,0.028411,0.480473,0.9463496192
301304,,0.9356322668,0.7586740187,0.4903874167,0.2097163225,0.5977453531,,,,,-2.192235698,,0,1,1,1,1,1,0,0,0,0,1,0,6,0.1666666667,0.1333199466,0.028411,0.480473,0.2183458954
301305,-0.406029988,1.0447164901,0.589078271,,0.7333880382,,,,-1.204632726,,-1.824864352,,1,1,1,0,1,0,0,0,1,0,1,0,6,0.1666666667,-0.178057378,0.028411,0.480473,-0.429717838
301306,-0.475438973,0.4447532618,1.0342671087,,0.5463624255,-0.704685558,0.166673272,,,,-0.171693298,0.5092148315,1,1,1,0,1,1,1,0,0,0,1,1,8,0.125,0.1686816338,0.028411,0.480473,0.2919435058
301307,-0.45065005,-3.53682089,0.3982830548,1.1305558745,0.8269008446,0.5977453531,,,,-2.528548163,-1.64117868,1.5197387057,1,1,1,1,1,1,0,0,0,1,1,1,9,0.1111111111,-0.409330439,0.028411,0.480473,-0.911062083
301308,,1.0447164901,0.8434718925,,0.0039881484,0.1636017162,,,,,0.1956780474,,0,1,1,0,1,1,0,0,0,0,1,0,5,0.2,0.4502912589,0.028411,0.480473,0.8780522896
301309,-0.192845247,0.7720059318,0.0590915594,-1.546512222,0.4902547416,0.5977453531,,,,,,,1,1,1,1,1,1,0,0,0,0,0,0,6,0.1666666667,0.0299566862,0.028411,0.480473,0.0032178974
301310,2.1769758249,-0.100667855,0.3558841179,-0.673555234,0.8830085285,0.5977453531,,,,-0.885758964,-1.64117868,,1,1,1,1,1,1,0,0,0,1,1,0,8,0.125,0.0890566365,0.028411,0.480473,0.1262215056
301311,0.2483975884,0.8265480434,0.5254798656,1.1305558745,0.6024701093,0.5977453531,,,,,0.7467350655,0.5092148315,1,1,1,1,1,1,0,0,0,0,1,1,8,0.125,0.6483933414,0.028411,0.480473,1.2903584053
301312,,-0.318836301,0.5042803971,2.0035128624,0.1536086387,0.5977453531,,,,,,,0,1,1,1,1,1,0,0,0,0,0,0,5,0.2,0.5880621899,0.028411,0.480473,1.1647923214
310001,0.2186508804,0.9356322668,0.4406819917,-0.615358101,-0.875032232,0.5977453531,,-0.380755023,,-1.091107614,-0.171693298,0.7469851548,1,1,1,1,1,1,0,1,0,1,1,1,10,0.1,-0.019425062,0.028411,0.480473,-0.099559401
310002,4.0262295067,0.8810901551,0.313485181,0.7813730793,-0.70670918,-1.138829195,,-0.452309979,,-2.117850863,-0.171693298,0.0931167656,1,1,1,1,1,1,0,1,0,1,1,1,10,0.1,0.1507902173,0.028411,0.480473,0.2547064392
310003,-0.252338663,1.0447164901,0.1438894333,-1.837497884,-0.257847709,1.03188899,0.6372920035,-5.81893165,,0.3463329351,1.2977920836,0.2120019273,1,1,1,1,1,1,1,1,0,1,1,1,11,0.0909090909,-0.313882004,0.028411,0.480473,-0.712407062
310005,-0.490312327,1.2083428251,0.1226899648,0.1994017541,-1.099462967,0.1636017162,0.2189642422,0.6210143556,,0.5516815849,,0.5686574123,1,1,1,1,1,1,1,1,0,1,0,1,10,0.1,0.2064578561,0.028411,0.480473,0.3705664424
310006,-0.52501682,0.1720427035,-0.152903125,-1.139132294,-0.4074682,0.5977453531,,-0.59541989,,-2.939245463,1.2977920836,0.8064277357,1,1,1,1,1,1,0,1,0,1,1,1,10,0.1,-0.288517792,0.028411,0.480473,-0.659617007
310008,1.3638991391,1.0447164901,0.0802910279,-2.128483547,-0.538386129,0.5977453531,,0.6210143556,,0.3463329351,0.0119923747,1.7575090291,1,1,1,1,1,1,0,1,0,1,1,1,10,0.1,0.3156631029,0.028411,0.480473,0.5978532561
310009,4.1105118461,0.2811269268,0.1226899648,-0.615358101,-0.594493812,-0.270541921,,0.0485747107,,0.5516815849,1.2977920836,0.6280999932,1,1,1,1,1,1,0,1,0,1,1,1,10,0.1,0.5560083276,0.028411,0.480473,1.0980792241
310010,-0.475438973,1.1538007134,0.6738761448,-0.033386776,-0.575791251,0.5977453531,0.480419093,0.5494594,,0.5516815849,-0.906435989,0.5092148315,1,1,1,1,1,1,1,1,0,1,1,1,11,0.0909090909,0.2295585574,0.028411,0.480473,0.4186454949
310011,0.1839463877,-0.973341641,0.5254798656,-0.615358101,-0.519683567,0.1636017162,-0.199363519,0.4779044444,,,-0.906435989,0.6280999932,1,1,1,1,1,1,1,1,0,0,1,1,10,0.1,-0.123515041,0.028411,0.480473,-0.316199904
310012,-0.311832079,0.8810901551,0.037892091,-0.440766704,-0.669304058,0.5977453531,,0.6210143556,0.490735403,0.1409842852,-0.171693298,-0.3229813,1,1,1,1,1,1,0,1,1,1,1,1,11,0.0909090909,0.0775349276,0.028411,0.480473,0.1022415911
310014,-0.510143466,0.9356322668,0.7374745502,-1.022738029,-0.688006619,0.1636017162,,0.6210143556,0.101634521,0.3463329351,-0.539064643,0.8658703165,1,1,1,1,1,1,0,1,1,1,1,1,11,0.0909090909,0.0919643549,0.028411,0.480473,0.132273285
310015,0.4913290372,1.0992586017,-0.046905783,-0.266175306,-1.884970541,-0.270541921,-0.983728072,0.4063494887,,0.5516815849,-1.090121662,-0.204096139,1,1,1,1,1,1,1,1,0,1,1,1,11,0.0909090909,-0.199810974,0.028411,0.480473,-0.474993185
310016,0.6499781467,0.8810901551,0.3770835864,,-0.201740026,-0.270541921,,0.6210143556,,,0.5630493928,-1.511832917,1,1,1,0,1,1,0,1,0,0,1,1,8,0.125,0.1385125966,0.028411,0.480473,0.2291532596
310017,0.3227643585,1.0992586017,0.4406819917,1.7125271997,-1.043355283,-0.270541921,0.7418739439,-0.166090156,,0.5516815849,-0.722750316,-0.025768396,1,1,1,1,1,1,1,1,0,1,1,1,11,0.0909090909,0.2400256007,0.028411,0.480473,0.4404303542
310019,2.4099917044,1.2083428251,-0.767687711,-0.382569571,-1.062057844,-0.704685558,,0.4063494887,-0.412534502,0.5516815849,0.1956780474,-1.214620013,1,1,1,1,1,1,0,1,1,1,1,1,11,0.0909090909,0.020717132,0.028411,0.480473,-0.016012212
31001F,-0.252338663,-1.409678535,,,,0.5977453531,,-0.022980245,,,,-1.03629227,1,1,0,0,0,1,0,1,0,0,0,1,5,0.2,-0.424708872,0.028411,0.480473,-0.943068925
310022,3.5701133171,0.9901743784,1.0342671087,-0.149781041,0.3967419353,0.1636017162,0.166673272,0.6210143556,,0.3463329351,-0.539064643,0.8064277357,1,1,1,1,1,1,1,1,0,1,1,1,11,0.0909090909,0.673318279,0.028411,0.480473,1.3422342063
310024,4.1353007694,0.7174638201,0.7374745502,-0.964540896,0.5650649868,0.1636017162,,-1.310969446,,,-0.171693298,1.2819683824,1,1,1,1,1,1,0,1,0,0,1,1,9,0.1111111111,0.5726300649,0.028411,0.480473,1.1326737316
310025,4.1253852001,0.7720059318,0.5678788025,-1.080935161,-0.781519425,0.1636017162,0.5850010334,0.1201296663,,,-0.355378971,0.687542574,1,1,1,1,1,1,1,1,0,0,1,1,10,0.1,0.4803711367,0.028411,0.480473,0.94065697
310027,3.8130447659,0.8265480434,0.7586740187,,-0.893734793,-0.270541921,,0.0485747107,,-0.064364365,0.5630493928,1.9358367716,1,1,1,0,1,1,0,1,0,1,1,1,9,0.1111111111,0.7463429583,0.028411,0.480473,1.4942190894
310028,0.4020889132,0.8265480434,0.822272424,1.1305558745,-0.12692978,0.1636017162,0.480419093,-1.883409091,,-0.064364365,-1.090121662,-0.382423881,1,1,1,1,1,1,1,1,0,1,1,1,11,0.0909090909,0.0252942987,0.028411,0.480473,-0.006485841
310029,3.5651555324,1.0447164901,0.6526766764,-1.313723692,0.041393271,0.5977453531,-0.51310934,0.6210143556,,0.5516815849,-0.171693298,1.044198059,1,1,1,1,1,1,1,1,0,1,1,1,11,0.0909090909,0.5563686357,0.028411,0.480473,1.0988291267
310031,4.2592453862,1.2083428251,0.4618814602,0.0248103565,,,,,,,-0.539064643,0.2120019273,1,1,1,1,0,0,0,0,0,0,1,1,6,0.1666666667,0.937869552,0.028411,0.480473,1.8928397645
310032,2.3951183504,0.6083795968,0.6526766764,0.6067816818,-0.482278445,-0.704685558,0.5850010334,-0.738529801,,0.5516815849,0.1956780474,-0.501309043,1,1,1,1,1,1,1,1,0,1,1,1,11,0.0909090909,0.2880467386,0.028411,0.480473,0.5403758397
310034,0.8681206721,0.8810901551,0.589078271,-1.721103619,-0.818924548,0.5977453531,,-0.380755023,,-0.680410314,-0.722750316,0.8064277357,1,1,1,1,1,1,0,1,0,1,1,1,10,0.1,-0.058148163,0.028411,0.480473,-0.180153059
310038,3.9122004593,0.8265480434,0.546679334,-2.070286414,-0.388765638,0.5977453531,,-0.237645112,,-0.680410314,-0.722750316,1.2225258016,1,1,1,1,1,1,0,1,0,1,1,1,10,0.1,0.3005841196,0.028411,0.480473,0.5664696536
310039,1.244912307,0.6083795968,0.546679334,,-0.4074682,0.1636017162,,-4.387832538,,-0.475061664,0.5630493928,1.1036406399,1,1,1,0,1,1,0,1,0,1,1,1,9,0.1111111111,-0.115566602,0.028411,0.480473,-0.299656968
310040,-0.505185681,0.5538374851,0.7798734871,,-0.744114303,-1.138829195,,0.2632395775,,-0.885758964,1.1141064109,2.173607095,1,1,1,0,1,1,0,1,0,1,1,1,9,0.1111111111,0.1789751015,0.028411,0.480473,0.3133671053
310041,3.7337202112,1.0447164901,0.589078271,-0.266175306,-0.800221986,0.5977453531,-0.042490609,-3.886947848,,0.3463329351,-0.539064643,0.330887089,1,1,1,1,1,1,1,1,0,1,1,1,11,0.0909090909,0.1006890869,0.028411,0.480473,0.1504319046
310044,-0.361409926,1.0447164901,0.3346846494,-1.080935161,-0.893734793,-0.270541921,,0.6210143556,,0.5516815849,0.5630493928,0.6280999932,1,1,1,1,1,1,0,1,0,1,1,1,10,0.1,0.1136624665,0.028411,0.480473,0.177433154
310045,-0.148225185,1.1538007134,0.4618814602,-1.139132294,-0.669304058,0.5977453531,,0.6210143556,0.1989097415,0.5516815849,0.1956780474,1.4602961249,1,1,1,1,1,1,0,1,1,1,1,1,11,0.0909090909,0.2985768949,0.028411,0.480473,0.5622920548
310047,3.495746547,0.7720059318,0.9494692348,,0.0039881484,0.5977453531,,-0.094535201,,0.3463329351,-0.539064643,0.0931167656,1,1,1,0,1,1,0,1,0,1,1,1,9,0.1111111111,0.6249783413,0.028411,0.480473,1.2416252086
310048,4.1799208315,0.9901743784,0.3346846494,0.1994017541,-1.305191141,0.1636017162,,-0.237645112,,0.5516815849,-0.171693298,0.8658703165,1,1,1,1,1,1,0,1,0,1,1,1,10,0.1,0.557080568,0.028411,0.480473,1.1003108579
310050,-0.207718601,0.8810901551,0.2498867756,,-0.257847709,0.5977453531,,,,0.3463329351,0.5630493928,-0.204096139,1,1,1,0,1,1,0,0,0,1,1,1,8,0.125,0.2460552703,0.028411,0.480473,0.4529797913
310051,0.4120044825,0.9901743784,0.1014904963,-0.731752366,-0.55708869,0.1636017162,,-0.953194668,,0.3463329351,-0.355378971,-0.620194204,1,1,1,1,1,1,0,1,0,1,1,1,10,0.1,-0.120400489,0.028411,0.480473,-0.309717646
310052,0.5458646686,0.5538374851,0.2286873071,0.4903874167,-0.089524658,1.03188899,0.2189642422,-0.166090156,,0.3463329351,-1.090121662,0.687542574,1,1,1,1,1,1,1,1,0,1,1,1,11,0.0909090909,0.2507062857,0.028411,0.480473,0.4626598617
310054,4.4228522803,1.0447164901,0.4406819917,-1.546512222,-1.305191141,-0.704685558,,-0.309200067,,0.1409842852,0.5630493928,0.3903296698,1,1,1,1,1,1,0,1,0,1,1,1,10,0.1,0.3137025122,0.028411,0.480473,0.5937727158
310057,3.7386779959,1.0992586017,1.0130676402,,-1.136868089,-0.270541921,0.6372920035,0.4063494887,,0.3463329351,-0.171693298,1.1036406399,1,1,1,0,1,1,1,1,0,1,1,1,10,0.1,0.6765515997,0.028411,0.480473,1.3489636554
310058,-0.435776696,1.2628849367,,,0.3219316902,0.5977453531,,,,,1.1141064109,-0.025768396,1,1,0,0,1,1,0,0,0,0,1,1,6,0.1666666667,0.4725205498,0.028411,0.480473,0.9243176921
310060,-0.515101251,1.0447164901,0.4830809287,-0.440766704,0.4154444965,0.1636017162,,0.5494594,,,-0.355378971,1.6980664483,1,1,1,1,1,1,0,1,0,0,1,1,9,0.1111111111,0.3381247283,0.028411,0.480473,0.644602212
310061,3.7089312878,1.0447164901,0.9494692348,,-0.837627109,0.1636017162,,0.4779044444,,,-0.355378971,0.9253128974,1,1,1,0,1,1,0,1,0,0,1,1,8,0.125,0.7596162489,0.028411,0.480473,1.5218445378
310064,-0.505185681,0.8810901551,1.0554665771,-0.324372439,-0.332657955,-1.138829195,,-0.237645112,,0.1409842852,-0.171693298,0.1525593464,1,1,1,1,1,1,0,1,0,1,1,1,10,0.1,-0.048028332,0.028411,0.480473,-0.159090844
310069,2.3504982884,0.9356322668,0.8858708294,0.0248103565,-0.85632967,0.1636017162,0.7418739439,-0.810084757,,0.3463329351,-0.906435989,-0.501309043,1,1,1,1,1,1,1,1,0,1,1,1,11,0.0909090909,0.2158600798,0.028411,0.480473,0.3901351126
310070,-0.361409926,0.9901743784,1.0554665771,-0.207978174,-0.575791251,0.5977453531,,0.5494594,,0.1409842852,1.2977920836,-0.798521947,1,1,1,1,1,1,0,1,0,1,1,1,10,0.1,0.268792078,0.028411,0.480473,0.5003014789
310073,0.4615823292,0.7720059318,0.8434718925,0.0248103565,-0.968545038,-0.270541921,,-0.237645112,,0.5516815849,-0.722750316,-0.025768396,1,1,1,1,1,1,0,1,0,1,1,1,10,0.1,0.0428301312,0.028411,0.480473,0.030011155
310074,4.0559762147,1.0447164901,0.5042803971,-0.033386776,-0.818924548,-0.704685558,1.107910735,-0.166090156,,0.1409842852,0.7467350655,1.2225258016,1,1,1,1,1,1,1,1,0,1,1,1,11,0.0909090909,0.6454583592,0.028411,0.480473,1.2842498824
310075,4.021271722,0.9901743784,0.271086244,-0.731752366,-0.463575883,0.5977453531,,-1.23941449,,0.5516815849,-1.090121662,1.5791812866,1,1,1,1,1,1,0,1,0,1,1,1,10,0.1,0.4486276167,0.028411,0.480473,0.8745897826
310076,4.1154696307,0.6629217084,0.6526766764,-0.440766704,-0.257847709,0.5977453531,,-0.666974846,,0.3463329351,-0.722750316,0.9253128974,1,1,1,1,1,1,0,1,0,1,1,1,10,0.1,0.5212119626,0.028411,0.480473,1.0256582082
310083,-0.505185681,-0.482462636,0.2498867756,,-0.145632342,0.5977453531,,0.6210143556,,,0.5630493928,0.2120019273,1,1,1,0,1,1,0,1,0,0,1,1,8,0.125,0.1388021431,0.028411,0.480473,0.2297558872
310084,3.8279181199,0.9356322668,0.589078271,1.072358742,-0.631898935,0.5977453531,,-3.099843337,,,-0.722750316,1.1630832207,1,1,1,1,1,1,0,1,0,0,1,1,9,0.1111111111,0.4145914873,0.028411,0.480473,0.8037510305
310086,-0.123436262,0.9356322668,0.7162750817,-1.662906487,-0.893734793,0.1636017162,,0.6210143556,-0.787738924,0.5516815849,-1.457493007,0.5092148315,1,1,1,1,1,1,0,1,1,1,1,1,11,0.0909090909,-0.129808149,0.028411,0.480473,-0.32929763
310092,-0.391156634,1.1538007134,0.3770835864,1.072358742,-0.295252832,-1.572972831,,0.6210143556,,,0.3793637201,0.687542574,1,1,1,1,1,1,0,1,0,0,1,1,9,0.1111111111,0.2257534882,0.028411,0.480473,0.4107260764
310096,-0.52501682,0.8265480434,0.7586740187,,-1.342596263,-1.138829195,,0.6210143556,,,0.9304207382,0.5686574123,1,1,1,0,1,1,0,1,0,0,1,1,8,0.125,0.0873590363,0.028411,0.480473,0.1226883224
310108,0.5210757453,0.8810901551,0.546679334,-0.440766704,-0.70670918,0.1636017162,,-2.527403692,-1.579837148,-0.064364365,-0.171693298,0.3903296698,1,1,1,1,1,1,0,1,1,1,1,1,11,0.0909090909,-0.27163616,0.028411,0.480473,-0.624481587
310110,4.0956384921,1.0992586017,0.313485181,1.3051472721,-0.388765638,-0.270541921,,-0.237645112,,,-1.090121662,0.3903296698,1,1,1,1,1,1,0,1,0,0,1,1,9,0.1111111111,0.5796427649,0.028411,0.480473,1.1472691313
310111,-0.410987773,0.9356322668,0.5254798656,-3.81620039,-1.305191141,-0.270541921,1.1602017052,-2.38429378,,0.5516815849,-0.355378971,0.5686574123,1,1,1,1,1,1,1,1,0,1,1,1,11,0.0909090909,-0.436449195,0.028411,0.480473,-0.967503836
310112,0.8780362415,0.7720059318,0.271086244,0.5485845492,-0.295252832,0.5977453531,,,,,-1.457493007,0.9253128974,1,1,1,1,1,1,0,0,0,0,1,1,8,0.125,0.2800031722,0.028411,0.480473,0.5236349172
310113,0.7640071941,0.6629217084,0.6102777394,-0.964540896,-0.463575883,1.03188899,,-0.237645112,,0.5516815849,-0.906435989,1.1630832207,1,1,1,1,1,1,0,1,0,1,1,1,10,0.1,0.2211662557,0.028411,0.480473,0.4011787562
310115,0.3624266358,0.9356322668,0.4194825233,1.072358742,-0.370063077,0.1636017162,-0.094781579,-0.452309979,,,-0.722750316,-1.095734851,1,1,1,1,1,1,1,1,0,0,1,1,10,0.1,0.0217862082,0.028411,0.480473,-0.013787164
310118,-0.485354543,0.7720059318,0.9918681717,,-0.145632342,-0.270541921,,-0.309200067,,,2.0325347745,-0.025768396,1,1,1,0,1,1,0,1,0,0,1,1,8,0.125,0.3199889512,0.028411,0.480473,0.6068565622
310119,-0.52501682,1.0447164901,-1.806461665,,-3.025826778,-4.61197829,,-0.953194668,,0.5516815849,0.3793637201,-0.382423881,1,1,1,0,1,1,0,1,0,1,1,1,9,0.1111111111,-1.036571145,0.028411,0.480473,-2.216526296
310130,-0.495270112,0.5538374851,-0.004506846,-1.080935161,0.3219316902,1.03188899,,-0.666974846,,0.5516815849,0.0119923747,0.8064277357,1,1,1,1,1,1,0,1,0,1,1,1,10,0.1,0.1030072896,0.028411,0.480473,0.1552567359
320001,-0.430818911,-0.373378413,-0.767687711,0.1994017541,-2.988421656,-0.704685558,,,0.3934601825,-0.885758964,0.7467350655,-2.046816145,1,1,1,1,1,1,0,0,1,1,1,1,10,0.1,-0.685797036,0.028411,0.480473,-1.486466779
320002,0.6797248547,0.1720427035,0.6738761448,0.8977673444,-0.444873322,-0.270541921,-0.774564191,-0.953194668,,-0.064364365,0.7467350655,0.6280999932,1,1,1,1,1,1,1,1,0,1,1,1,11,0.0909090909,0.1173370581,0.028411,0.480473,0.1850810121
320004,2.7768677699,-1.136967976,0.4618814602,-0.149781041,-1.099462967,0.5977453531,0.2189642422,-0.166090156,,-0.269713014,1.2977920836,-0.3229813,1,1,1,1,1,1,1,1,0,1,1,1,11,0.0909090909,0.2007504049,0.028411,0.480473,0.3586876322
320005,-0.52501682,-0.26429419,0.589078271,-0.207978174,0.1162035161,-0.270541921,-0.35623643,0.5494594,2.1583106114,-1.296456264,1.1141064109,-1.452390336,1,1,1,1,1,1,1,1,1,1,1,1,12,0.0833333333,0.012853673,0.028411,0.480473,-0.03237828
320006,3.436253131,-1.191510088,-0.598091963,-0.731752366,0.1910137612,0.5977453531,0.2712552124,0.0485747107,,0.1409842852,0.1956780474,-1.630718079,1,1,1,1,1,1,1,1,0,1,1,1,11,0.0909090909,0.0663120004,0.028411,0.480473,0.078883525
320009,-0.495270112,0.0084163685,0.0590915594,0.1994017541,-0.744114303,0.1636017162,,-0.380755023,,,0.1956780474,-0.144653558,1,1,1,1,1,1,0,1,0,0,1,1,9,0.1111111111,-0.126511506,0.028411,0.480473,-0.322436389
320011,2.2017647483,0.5538374851,0.1226899648,,-0.052119535,-1.138829195,-3.336821729,-1.23941449,,0.5516815849,-0.539064643,-0.501309043,1,1,1,0,1,1,1,1,0,1,1,1,10,0.1,-0.337758485,0.028411,0.480473,-0.762100731
320017,-0.52501682,0.6083795968,-1.022081332,,-0.70670918,-1.138829195,,-0.166090156,,-0.064364365,1.2977920836,-0.085210977,1,1,1,0,1,1,0,1,0,1,1,1,9,0.1111111111,-0.200236705,0.028411,0.480473,-0.475879251
320018,-0.500227897,0.3902111501,-2.527243593,0.4903874167,-0.875032232,0.5977453531,,0.1916846219,,0.1409842852,1.1141064109,-0.204096139,1,1,1,1,1,1,0,1,0,1,1,1,10,0.1,-0.118148062,0.028411,0.480473,-0.305029713
320021,0.9871075042,-0.100667855,0.1014904963,-0.207978174,-2.932313972,-2.875403742,-2.657039117,0.2632395775,-1.99673095,-0.680410314,0.0119923747,-2.225143887,1,1,1,1,1,1,1,1,1,1,1,1,12,0.0833333333,-1.025988171,0.028411,0.480473,-2.194500153
320022,0.570653592,-0.427920525,-0.576892494,,-0.85632967,-1.138829195,-3.336821729,-3.600728026,,-0.064364365,0.9304207382,-1.69016066,1,1,1,0,1,1,1,1,0,1,1,1,10,0.1,-1.019097233,0.028411,0.480473,-2.180158174
320030,-0.460565619,-1.355136423,-0.343698341,-0.207978174,1.1822495089,0.5977453531,,0.0485747107,0.4212531026,,1.4814777564,-1.095734851,1,1,1,1,1,1,0,1,1,0,1,1,10,0.1,0.0268187023,0.028411,0.480473,-0.003313129
320033,0.3574688512,0.0084163685,-1.128078674,0.0248103565,0.1910137612,0.5977453531,,0.4779044444,,,1.1141064109,0.0336741848,1,1,1,1,1,1,0,1,0,0,1,1,9,0.1111111111,0.1863401173,0.028411,0.480473,0.3286957734
320059,2.3356249344,0.9356322668,,,,,,,,-5.198080611,2.3999061199,-1.095734851,1,1,0,0,0,0,0,0,0,1,1,1,5,0.2,-0.124530428,0.028411,0.480473,-0.31831321
32005F,0.5656958073,0.6083795968,,,,0.1636017162,,-0.881639712,,,,-1.927930983,1,1,0,0,0,1,0,1,0,0,0,1,5,0.2,-0.294378715,0.028411,0.480473,-0.671815236
320060,0.9077829495,0.9901743784,,,,,,,,0.5516815849,,,1,1,0,0,0,0,0,0,0,1,0,0,3,0.3333333333,0.8165463043,0.028411,0.480473,1.6403319849
320061,0.9524030115,0.9901743784,,,,,,,,0.5516815849,-1.64117868,-1.392947755,1,1,0,0,0,0,0,0,0,1,1,1,5,0.2,-0.107973492,0.028411,0.480473,-0.283853572
320062,4.1452163388,1.1538007134,,,,,,,,,0.5630493928,,1,1,0,0,0,0,0,0,0,0,1,0,3,0.3333333333,1.9540221483,0.028411,0.480473,4.0077389346
320063,3.7585091345,-2.664147103,-0.513294089,2.0035128624,-0.55708869,-1.138829195,,-1.454079357,,0.1409842852,1.1141064109,-0.382423881,1,1,1,1,1,1,0,1,0,1,1,1,10,0.1,0.0307250378,0.028411,0.480473,0.0048170531
320065,-0.396114419,-1.082425865,0.2498867756,,0.2284188838,-2.441260105,-0.35623643,-3.314508203,,-0.885758964,0.9304207382,-1.571275498,1,1,1,0,1,1,1,1,0,1,1,1,10,0.1,-0.863885309,0.028411,0.480473,-1.857118532
320074,1.0614742743,0.8265480434,0.037892091,,-0.014714413,0.5977453531,,-0.166090156,,,0.1956780474,-0.204096139,1,1,1,0,1,1,0,1,0,0,1,1,8,0.125,0.2918046377,0.028411,0.480473,0.5481970839
320084,0.8879518108,-0.100667855,0.8858708294,,-1.043355283,-1.138829195,,,,,-0.355378971,-3.592323246,1,1,1,0,1,1,0,0,0,0,1,1,7,0.1428571429,-0.636675987,0.028411,0.480473,-1.384232071
320085,-0.460565619,-1.191510088,0.1014904963,-1.837497884,0.0039881484,-0.270541921,-1.977256505,-0.738529801,,-1.501804914,1.1141064109,-1.333505175,1,1,1,1,1,1,1,1,0,1,1,1,11,0.0909090909,-0.735602441,0.028411,0.480473,-1.590125827
320086,2.4595695511,-0.155209967,-2.866435088,,1.0887367025,0.5977453531,,0.6210143556,,-1.912502213,0.9304207382,-0.144653558,1,1,1,0,1,1,0,1,0,1,1,1,9,0.1111111111,0.068742875,0.028411,0.480473,0.0839428582
320090,1.6167461573,0.3356690385,-0.301299404,2.0035128624,-0.762816864,-2.441260105,-3.70285852,0.6210143556,,-2.323199513,0.3793637201,-1.69016066,1,1,1,1,1,1,1,1,0,1,1,1,11,0.0909090909,-0.569571721,0.028411,0.480473,-1.244569232
320091,-0.396114419,-0.427920525,0.1862883702,,0.0787983936,,,,,,0.0119923747,-1.511832917,1,1,1,0,1,0,0,0,0,0,1,1,6,0.1666666667,-0.343131454,0.028411,0.480473,-0.773283388
321300,-0.396114419,0.2811269268,-0.873685053,,0.4528496191,-0.704685558,,,,,-0.539064643,,1,1,1,0,1,1,0,0,0,0,1,0,6,0.1666666667,-0.296595521,0.028411,0.480473,-0.676429032
321301,0.9722341502,0.0629584801,-0.6404909,,0.8269008446,-0.270541921,,-0.666974846,,,-0.171693298,,1,1,1,0,1,1,0,1,0,0,1,0,7,0.1428571429,0.016056073,0.028411,0.480473,-0.025713186
321302,0.6698092854,-0.482462636,-0.91608399,,0.5650649868,1.03188899,,,,,,,1,1,1,0,1,1,0,0,0,0,0,0,5,0.2,0.1736433272,0.028411,0.480473,0.3022701843
321304,,,,,0.4715521804,,,,,,,,0,0,0,0,1,0,0,0,0,0,0,0,1,1,0.4715521804,0.028411,0.480473,0.9223022432
321305,,0.2265848151,-3.184427115,-1.488315089,0.4902547416,,,,,,-0.722750316,,0,1,1,1,1,0,0,0,0,0,1,0,5,0.2,-0.935730593,0.028411,0.480473,-2.006648763
321306,0.0401706323,-0.864257418,-0.428496215,,0.4154444965,0.1636017162,,-6.033596517,,-2.117850863,0.3793637201,,1,1,1,0,1,1,0,1,0,1,1,0,8,0.125,-1.055702556,0.028411,0.480473,-2.256344139
321307,,1.0447164901,-0.449695684,,0.7894957221,,,,,,0.1956780474,-0.3229813,0,1,1,0,1,0,0,0,0,0,1,1,5,0.2,0.2514426551,0.028411,0.480473,0.4641924534
321308,,-0.427920525,0.1438894333,,0.9578187736,0.1636017162,,,,0.5516815849,1.1141064109,-1.392947755,0,1,1,0,1,1,0,0,0,1,1,1,7,0.1428571429,0.1586042341,0.028411,0.480473,0.2709696045
321309,-0.520059035,-0.864257418,0.3770835864,,0.2658240063,-0.270541921,0.5850010334,0.4779044444,,-1.091107614,0.9304207382,1.4602961249,1,1,1,0,1,1,1,1,0,1,1,1,10,0.1,0.1350563945,0.028411,0.480473,0.2219599316
321310,4.05101843,0.4992953735,0.7374745502,0.7813730793,0.9765213348,-0.270541921,1.0556197649,0.6210143556,,0.5516815849,1.1141064109,1.7575090291,1,1,1,1,1,1,1,1,0,1,1,1,11,0.0909090909,1.0795519993,0.028411,0.480473,2.1877207611
321311,0.9375296575,-1.082425865,-0.470895152,1.4215415371,-0.108227219,0.1636017162,0.7418739439,-1.454079357,,0.1409842852,1.6651634291,-0.560751624,1,1,1,1,1,1,1,1,0,1,1,1,11,0.0909090909,0.1267559411,0.028411,0.480473,0.2046843549
321312,,,,,0.0787983936,,,,,,,,0,0,0,0,1,0,0,0,0,0,0,0,1,1,0.0787983936,0.028411,0.480473,0.1048712188
321313,,,,,0.2658240063,,,,,,,,0,0,0,0,1,0,0,0,0,0,0,0,1,1,0.2658240063,0.028411,0.480473,0.4941240875
330005,-0.197803032,-1.409678535,0.546679334,-0.906343764,-1.267786018,-0.704685558,,0.6210143556,,-0.064364365,0.0119923747,-0.3229813,1,1,1,1,1,1,0,1,0,1,1,1,10,0.1,-0.369395651,0.028411,0.480473,-0.827946564
330006,-0.52501682,-1.2460522,0.4830809287,,-0.164334903,0.1636017162,,0.6210143556,,,0.9304207382,-1.511832917,1,1,1,0,1,1,0,1,0,0,1,1,8,0.125,-0.156139888,0.028411,0.480473,-0.38410138
330008,-0.410987773,-1.300594311,-1.170477611,,0.5276598642,0.5977453531,,0.5494594,,-0.885758964,0.1956780474,-0.917407109,1,1,1,0,1,1,0,1,0,1,1,1,9,0.1111111111,-0.312742567,0.028411,0.480473,-0.710035573
330009,-0.386198849,,-1.340073359,,-0.744114303,-1.138829195,-1.820383594,0.6210143556,,0.5516815849,1.4814777564,0.0931167656,1,0,1,0,1,1,1,1,0,1,1,1,9,0.1111111111,-0.298034315,0.028411,0.480473,-0.679423567
330011,-0.515101251,0.9901743784,-0.937283458,0.1412046215,-1.361298825,-0.270541921,,-0.022980245,,0.5516815849,0.0119923747,-0.204096139,1,1,1,1,1,1,0,1,0,1,1,1,10,0.1,-0.161624888,0.028411,0.480473,-0.395517207
330013,-0.465523404,1.2083428251,-0.513294089,-1.022738029,-3.19414983,-2.007116468,,0.3347945331,,0.5516815849,0.3793637201,-1.452390336,1,1,1,1,1,1,0,1,0,1,1,1,10,0.1,-0.618102949,0.028411,0.480473,-1.345576359
330014,3.1239126968,-0.973341641,0.1650889017,,-1.043355283,-0.704685558,,0.3347945331,,0.3463329351,1.6651634291,1.4602961249,1,1,1,0,1,1,0,1,0,1,1,1,9,0.1111111111,0.4860229043,0.028411,0.480473,0.952419887
330019,0.0649595557,-2.22781021,1.2250623248,,-0.463575883,0.5977453531,-1.977256505,,,,2.2162204472,-0.025768396,1,1,1,0,1,1,1,0,0,0,1,1,8,0.125,-0.073802914,0.028411,0.480473,-0.212734995
330023,-0.520059035,-1.136967976,-0.280099936,-0.498963836,-2.745288359,0.1636017162,,-2.169628914,0.7547681443,0.5516815849,-0.539064643,-1.095734851,1,1,1,1,1,1,0,1,1,1,1,1,11,0.0909090909,-0.683250555,0.028411,0.480473,-1.481166838
330024,-0.485354543,0.2265848151,0.6738761448,-1.488315089,-1.380001386,0.1636017162,-1.820383594,0.4063494887,,-0.269713014,0.1956780474,-0.620194204,1,1,1,1,1,1,1,1,0,1,1,1,11,0.0909090909,-0.399806511,0.028411,0.480473,-0.891240112
330027,-0.247380879,-1.90055754,0.9282697664,,-0.164334903,-0.270541921,,0.6210143556,,0.5516815849,0.9304207382,-2.462914211,1,1,1,0,1,1,0,1,0,1,1,1,9,0.1111111111,-0.22381589,0.028411,0.480473,-0.524954163
330028,-0.485354543,-0.700631083,0.5678788025,,-1.716647489,,,,,0.5516815849,,-2.522356791,1,1,1,0,1,0,0,0,0,1,0,1,6,0.1666666667,-0.717571586,0.028411,0.480473,-1.552598551
330030,-0.148225185,-0.646088971,-0.131703657,,-0.875032232,-0.704685558,0.1143823019,0.4779044444,,0.5516815849,-0.539064643,-0.560751624,1,1,1,0,1,1,1,1,0,1,1,1,10,0.1,-0.246158354,0.028411,0.480473,-0.57145511
330033,-0.044111707,0.6629217084,0.5042803971,,1.2944648766,0.5977453531,,0.0485747107,,0.5516815849,0.7467350655,0.7469851548,1,1,1,0,1,1,0,1,0,1,1,1,9,0.1111111111,0.5676974604,0.028411,0.480473,1.1224075952
330043,-0.425861127,-0.864257418,0.4830809287,,-1.342596263,0.5977453531,,0.3347945331,,0.1409842852,-0.355378971,-0.3229813,1,1,1,0,1,1,0,1,0,1,1,1,9,0.1111111111,-0.194941109,0.028411,0.480473,-0.464857628
330044,-0.515101251,-0.26429419,0.313485181,,-1.024652722,0.1636017162,0.794164914,-0.810084757,,-0.064364365,0.5630493928,-0.97684969,1,1,1,0,1,1,1,1,0,1,1,1,10,0.1,-0.182104577,0.028411,0.480473,-0.438141197
330045,-0.425861127,-0.482462636,1.1826633879,,-0.85632967,0.5977453531,1.2647836455,-3.314508203,,0.5516815849,-0.539064643,-0.025768396,1,1,1,0,1,1,1,1,0,1,1,1,10,0.1,-0.20471207,0.028411,0.480473,-0.485193745
330046,-0.510143466,0.0084163685,0.1014904963,-1.895695017,-1.810160295,0.1636017162,,0.3347945331,,0.1409842852,0.7467350655,-0.085210977,1,1,1,1,1,1,0,1,0,1,1,1,10,0.1,-0.280518729,0.028411,0.480473,-0.642968709
330047,-0.381241065,0.1720427035,-0.110504188,,-0.818924548,-1.138829195,,-0.523864934,,-0.269713014,-0.906435989,0.6280999932,1,1,1,0,1,1,0,1,0,1,1,1,9,0.1111111111,-0.372152248,0.028411,0.480473,-0.833683819
330049,-0.520059035,-0.973341641,0.2922857125,0.083007489,-0.108227219,0.1636017162,,0.6210143556,,,-1.090121662,0.0931167656,1,1,1,1,1,1,0,1,0,0,1,1,9,0.1111111111,-0.159858169,0.028411,0.480473,-0.391840168
330055,-0.465523404,1.0992586017,0.6526766764,-1.662906487,-2.296426889,-2.441260105,,0.4063494887,,0.5516815849,1.2977920836,1.3414109632,1,1,1,1,1,1,0,1,0,1,1,1,10,0.1,-0.151694749,0.028411,0.480473,-0.374849796
330056,-0.296958725,-1.736931205,-0.08930472,,-0.70670918,-0.270541921,,0.6210143556,,0.5516815849,2.0325347745,-0.025768396,1,1,1,0,1,1,0,1,0,1,1,1,9,0.1111111111,0.0087796187,0.028411,0.480473,-0.040857532
330057,0.2979754351,-0.482462636,-0.343698341,-1.139132294,-3.979657404,-1.138829195,0.5850010334,-1.454079357,,0.5516815849,0.0119923747,0.8658703165,1,1,1,1,1,1,1,1,0,1,1,1,11,0.0909090909,-0.565939862,0.028411,0.480473,-1.237010312
330058,0.4863712526,0.6083795968,-0.619291431,-0.440766704,-0.12692978,0.5977453531,1.5262384964,0.3347945331,,,0.0119923747,0.0931167656,1,1,1,1,1,1,1,1,0,0,1,1,10,0.1,0.2471650457,0.028411,0.480473,0.4552895458
330059,0.0352128476,-0.26429419,-0.110504188,-1.371920824,-1.641837244,-0.270541921,,0.6210143556,,0.5516815849,0.7467350655,-1.868488402,1,1,1,1,1,1,0,1,0,1,1,1,10,0.1,-0.357294292,0.028411,0.480473,-0.802760235
330065,0.8433317488,-1.627846981,-0.301299404,,-1.754052612,-1.138829195,,0.6210143556,,0.5516815849,1.1141064109,-0.97684969,1,1,1,0,1,1,0,1,0,1,1,1,9,0.1111111111,-0.296527087,0.028411,0.480473,-0.676286601
330073,-0.202760816,-0.809715306,-1.827661134,,-0.220442587,0.1636017162,,0.1916846219,,0.5516815849,-0.906435989,-0.620194204,1,1,1,0,1,1,0,1,0,1,1,1,9,0.1111111111,-0.40891579,0.028411,0.480473,-0.910199083
330074,-0.401072203,-0.046125743,-0.746488242,0.1412046215,-0.482278445,0.1636017162,,0.6210143556,,0.5516815849,0.7467350655,-0.97684969,1,1,1,1,1,1,0,1,0,1,1,1,10,0.1,-0.042857698,0.028411,0.480473,-0.148329302
330078,-0.296958725,-0.700631083,1.1190649825,,-0.183037464,-0.270541921,,0.6210143556,,-0.064364365,0.5630493928,-1.214620013,1,1,1,0,1,1,0,1,0,1,1,1,9,0.1111111111,-0.047447204,0.028411,0.480473,-0.157881355
330079,0.659893716,-0.209752078,0.3346846494,0.3157960191,0.5650649868,1.03188899,,0.5494594,,,0.3793637201,-1.74960324,1,1,1,1,1,1,0,1,0,0,1,1,9,0.1111111111,0.208532907,0.028411,0.480473,0.3748852065
330080,-0.515101251,-2.118725986,0.4830809287,,-1.548324438,-2.875403742,,0.4779044444,,0.5516815849,1.8488491018,-2.165701306,1,1,1,0,1,1,0,1,0,1,1,1,9,0.1111111111,-0.651304518,0.028411,0.480473,-1.414678156
330085,-0.515101251,-1.191510088,0.4618814602,1.0141616094,0.6398752319,0.1636017162,,,,,0.0119923747,0.3903296698,1,1,1,1,1,1,0,0,0,0,1,1,8,0.125,0.1219038404,0.028411,0.480473,0.1945857696
330086,4.4327678496,-1.027883753,1.2250623248,,0.0226907097,0.5977453531,,-0.881639712,,,0.9304207382,-1.333505175,1,1,1,0,1,1,0,1,0,0,1,1,8,0.125,0.4957072919,0.028411,0.480473,0.9725758197
330090,-0.113520692,0.4447532618,-1.509669107,0.5485845492,-0.575791251,-0.704685558,,0.6210143556,,0.5516815849,,-0.441866462,1,1,1,1,1,1,0,1,0,1,0,1,9,0.1111111111,-0.13105548,0.028411,0.480473,-0.331893677
330094,-0.128394046,1.0447164901,-0.131703657,-1.022738029,-0.931139915,-0.270541921,-2.918493968,0.0485747107,,,-0.171693298,0.3903296698,1,1,1,1,1,1,1,1,0,0,1,1,10,0.1,-0.409108396,0.028411,0.480473,-0.91059995
330096,0.5607380226,-0.209752078,-1.488469638,2.0035128624,0.1162035161,-0.270541921,,0.6210143556,,-0.475061664,0.1956780474,0.6280999932,1,1,1,1,1,1,0,1,0,1,1,1,10,0.1,0.1681421496,0.028411,0.480473,0.2908206875
33009F,0.1541996797,-0.318836301,,,,0.1636017162,,,,,,-2.462914211,1,1,0,0,0,1,0,0,0,0,0,1,4,0.25,-0.615987279,0.028411,0.480473,-1.341173054
330100,-0.495270112,0.4447532618,,,,,,,,,1.4814777564,,1,1,0,0,0,0,0,0,0,0,1,0,3,0.3333333333,0.4769869687,0.028411,0.480473,0.9336135653
330101,-0.490312327,1.0992586017,-0.704089305,-1.080935161,-1.567026999,-0.270541921,1.107910735,0.6210143556,0.2128062015,0.5516815849,0.5630493928,-0.679636785,1,1,1,1,1,1,1,1,1,1,1,1,12,0.0833333333,-0.053068469,0.028411,0.480473,-0.169580787
330102,-0.356452141,-0.755173195,1.0554665771,,-0.893734793,-0.704685558,,0.6210143556,,,-0.722750316,-1.274062594,1,1,1,0,1,1,0,1,0,0,1,1,8,0.125,-0.378797208,0.028411,0.480473,-0.847513848
330103,-0.52501682,-2.064183875,-0.810086648,-0.266175306,0.247121445,0.1636017162,,0.2632395775,-0.551499102,-6.63552116,-0.171693298,0.4497722506,1,1,1,1,1,1,0,1,1,1,1,1,11,0.0909090909,-0.900040111,0.028411,0.480473,-1.932366838
330104,-0.351494357,-0.100667855,0.864671361,-0.964540896,-1.043355283,0.1636017162,,-2.312738825,,0.5516815849,-0.171693298,0.330887089,1,1,1,1,1,1,0,1,0,1,1,1,10,0.1,-0.303364876,0.028411,0.480473,-0.690517963
330106,-0.410987773,-0.59154686,0.546679334,-1.255526559,-2.333832011,0.1636017162,0.8987468544,0.1916846219,1.1994548665,0.3463329351,-0.539064643,-0.441866462,1,1,1,1,1,1,1,1,1,1,1,1,12,0.0833333333,-0.185526998,0.028411,0.480473,-0.445264218
330107,-0.386198849,-0.155209967,0.9706687033,,-1.380001386,-0.704685558,1.0556197649,0.4779044444,,0.1409842852,-0.355378971,0.0931167656,1,1,1,0,1,1,1,1,0,1,1,1,10,0.1,-0.024318077,0.028411,0.480473,-0.109743139
330111,-0.192845247,-0.482462636,-0.280099936,,0.0787983936,-1.138829195,,0.5494594,,,-1.273807334,,1,1,1,0,1,1,0,1,0,0,1,0,7,0.1428571429,-0.391398079,0.028411,0.480473,-0.873739803
330115,-0.505185681,-0.482462636,-0.110504188,,-0.500981006,0.1636017162,,-0.523864934,,0.5516815849,0.3793637201,0.6280999932,1,1,1,0,1,1,0,1,0,1,1,1,9,0.1111111111,-0.044472381,0.028411,0.480473,-0.151689912
330119,-0.430818911,-0.59154686,0.6738761448,-1.371920824,-0.669304058,0.1636017162,,0.1201296663,,0.5516815849,0.0119923747,0.5092148315,1,1,1,1,1,1,0,1,0,1,1,1,10,0.1,-0.103309433,0.028411,0.480473,-0.274146356
33011F,-0.177971893,0.4447532618,,,,,,,,,,,1,1,0,0,0,0,0,0,0,0,0,0,2,0.5,0.1333906843,0.028411,0.480473,0.2184931205
330125,-0.232507525,-1.191510088,0.2498867756,0.2575988866,-1.174273212,0.5977453531,,0.1201296663,,0.5516815849,0.3793637201,-0.97684969,1,1,1,1,1,1,0,1,0,1,1,1,10,0.1,-0.141873453,0.028411,0.480473,-0.354408919
330126,-0.520059035,0.0629584801,0.5042803971,-2.128483547,-1.997185908,-5.914409201,0.2189642422,0.5494594,,0.5516815849,-0.539064643,-0.679636785,1,1,1,1,1,1,1,1,0,1,1,1,11,0.0909090909,-0.89922682,0.028411,0.480473,-1.93067415
330127,-0.475438973,-2.609604991,0.8434718925,,-0.931139915,0.1636017162,,-0.094535201,,-0.269713014,1.6651634291,-2.225143887,1,1,1,0,1,1,0,1,0,1,1,1,9,0.1111111111,-0.437037661,0.028411,0.480473,-0.968728599
330128,-0.420903342,-1.300594311,-0.598091963,,-2.277724327,-1.138829195,,0.6210143556,,0.3463329351,2.0325347745,-1.511832917,1,1,1,0,1,1,0,1,0,1,1,1,9,0.1111111111,-0.472010443,0.028411,0.480473,-1.041516791
33012F,-0.287043156,-0.155209967,,,,0.5977453531,,-0.309200067,,,,-0.917407109,1,1,0,0,0,1,0,1,0,0,0,1,5,0.2,-0.214222989,0.028411,0.480473,-0.50498864
330135,-0.52501682,-0.155209967,0.271086244,,-0.332657955,0.5977453531,-1.297473893,0.6210143556,,,0.0119923747,-0.560751624,1,1,1,0,1,1,1,1,0,0,1,1,9,0.1111111111,-0.152141326,0.028411,0.480473,-0.375779249
330136,4.3980633569,0.0084163685,0.6738761448,0.0248103565,-0.70670918,0.5977453531,,0.4063494887,,-0.064364365,-0.355378971,-0.798521947,1,1,1,1,1,1,0,1,0,1,1,1,10,0.1,0.4184286606,0.028411,0.480473,0.8117372667
330140,0.3376377125,-0.26429419,1.1826633879,,-2.820098604,-1.138829195,,-0.666974846,,-0.064364365,0.0119923747,-0.97684969,1,1,1,0,1,1,0,1,0,1,1,1,9,0.1111111111,-0.488790824,0.028411,0.480473,-1.076441479
330141,-0.049069492,0.1720427035,1.0978655141,,-1.847565418,0.1636017162,0.480419093,0.6210143556,,,-0.355378971,0.9253128974,1,1,1,0,1,1,1,1,0,0,1,1,9,0.1111111111,0.1342491555,0.028411,0.480473,0.2202798402
330144,-0.326705433,0.6629217084,0.2498867756,,0.6024701093,0.1636017162,0.5850010334,0.6210143556,,,,-0.3229813,1,1,1,0,1,1,1,1,0,0,0,1,8,0.125,0.2794011206,0.028411,0.480473,0.5223818786
330151,-0.490312327,0.2811269268,-1.361272828,,-0.201740026,0.5977453531,,0.3347945331,,,-1.64117868,0.9847554782,1,1,1,0,1,1,0,1,0,0,1,1,8,0.125,-0.187010196,0.028411,0.480473,-0.448351169
330153,-0.52501682,0.7174638201,0.8858708294,,-2.333832011,-0.704685558,0.9510378245,0.6210143556,,0.1409842852,1.1141064109,-0.857964528,1,1,1,0,1,1,1,1,0,1,1,1,10,0.1,0.0008978609,0.028411,0.480473,-0.057261686
330157,2.8413189707,-0.482462636,-1.721663791,,-1.58572956,-3.743691016,-1.506637773,0.4779044444,,0.5516815849,0.1956780474,0.8658703165,1,1,1,0,1,1,1,1,0,1,1,1,10,0.1,-0.410773141,0.028411,0.480473,-0.914064753
330158,-0.52501682,-0.046125743,-0.407296747,0.3739931517,-1.623134683,0.1636017162,,0.6210143556,,0.1409842852,-0.355378971,-1.74960324,1,1,1,1,1,1,0,1,0,1,1,1,10,0.1,-0.34069627,0.028411,0.480473,-0.768215085
33015F,-0.311832079,-0.26429419,,,,,,-0.452309979,,,,,1,1,0,0,0,0,0,1,0,0,0,0,3,0.3333333333,-0.342812083,0.028411,0.480473,-0.772618687
330160,-0.465523404,-0.973341641,0.3982830548,-1.139132294,-0.370063077,0.5977453531,,-0.237645112,,0.1409842852,0.0119923747,-0.3229813,1,1,1,1,1,1,0,1,0,1,1,1,10,0.1,-0.235968176,0.028411,0.480473,-0.550246486
330162,-0.257296448,-0.046125743,0.8010729556,-0.731752366,-0.949842477,1.03188899,1.2124926754,0.6210143556,,0.5516815849,0.0119923747,0.5686574123,1,1,1,1,1,1,1,1,0,1,1,1,11,0.0909090909,0.2557984831,0.028411,0.480473,0.4732581558
330164,-0.217634171,-0.427920525,-0.258900467,-0.033386776,-2.689180675,-2.441260105,,0.5494594,,0.5516815849,-0.539064643,-0.382423881,1,1,1,1,1,1,0,1,0,1,1,1,10,0.1,-0.588863026,0.028411,0.480473,-1.284719859
330166,-0.52501682,-0.100667855,0.0590915594,,1.0326290187,0.1636017162,,0.1201296663,,,,,1,1,1,0,1,1,0,1,0,0,0,0,6,0.1666666667,0.1249612143,0.028411,0.480473,0.200949024
330169,-0.505185681,0.0084163685,0.3558841179,-3.001440535,-1.361298825,0.1636017162,0.6895829737,0.6210143556,,,0.5630493928,0.5686574123,1,1,1,1,1,1,1,1,0,0,1,1,10,0.1,-0.18977187,0.028411,0.480473,-0.454098989
33016F,-0.356452141,-0.646088971,,,,0.5977453531,,0.1916846219,,,,0.8064277357,1,1,0,0,0,1,0,1,0,0,0,1,5,0.2,0.1186633196,0.028411,0.480473,0.1878413349
330175,4.3435277255,1.1538007134,-0.195302062,0.7231759468,-0.538386129,-1.138829195,-2.657039117,-0.666974846,,0.5516815849,-0.171693298,-0.144653558,1,1,1,1,1,1,1,1,0,1,1,1,11,0.0909090909,0.1144825243,0.028411,0.480473,0.1791399248
33017F,-0.058985061,-0.482462636,,,-0.351360516,0.5977453531,,0.1916846219,,,,-0.857964528,1,1,0,0,1,1,0,1,0,0,0,1,6,0.1666666667,-0.160223794,0.028411,0.480473,-0.392601138
330180,-0.52501682,-0.373378413,0.1226899648,,-1.211678335,-0.270541921,0.3235461825,-1.74029918,,0.5516815849,-0.171693298,0.5686574123,1,1,1,0,1,1,1,1,0,1,1,1,10,0.1,-0.272603282,0.028411,0.480473,-0.626494439
330181,-0.420903342,-0.537004748,0.9282697664,,0.1162035161,1.03188899,,-2.813623514,,,-0.539064643,0.9253128974,1,1,1,0,1,1,0,1,0,0,1,1,8,0.125,-0.163615135,0.028411,0.480473,-0.39965947
330182,-0.063942846,-0.755173195,0.1650889017,-1.430117957,-1.080760406,0.5977453531,,-1.310969446,,,-1.273807334,1.4602961249,1,1,1,1,1,1,0,1,0,0,1,1,9,0.1111111111,-0.410182312,0.028411,0.480473,-0.91283507
330184,4.4278100649,-0.537004748,0.546679334,,-0.370063077,0.5977453531,,-1.024749624,,0.5516815849,-1.090121662,-0.025768396,1,1,1,0,1,1,0,1,0,1,1,1,9,0.1111111111,0.3418009812,0.028411,0.480473,0.6522535275
330185,-0.415945557,-0.26429419,1.0130676402,,-2.128103837,0.5977453531,,0.2632395775,,,-1.824864352,0.2120019273,1,1,1,0,1,1,0,1,0,0,1,1,8,0.125,-0.31839418,0.028411,0.480473,-0.721798168
330188,-0.277127587,-0.755173195,-0.110504188,-0.557160969,-0.239145148,-0.270541921,0.8464558842,0.4779044444,,0.5516815849,-0.906435989,-1.095734851,1,1,1,1,1,1,1,1,0,1,1,1,11,0.0909090909,-0.212343812,0.028411,0.480473,-0.501077545
330191,-0.52501682,1.0447164901,0.2922857125,1.0141616094,-1.754052612,-1.138829195,1.2124926754,0.5494594,,0.5516815849,0.5630493928,-0.204096139,1,1,1,1,1,1,1,1,0,1,1,1,11,0.0909090909,0.1459865546,0.028411,0.480473,0.2447086669
330193,3.2577728829,-0.809715306,-0.195302062,,-0.818924548,0.1636017162,,0.6210143556,,-0.269713014,2.0325347745,1.2225258016,1,1,1,0,1,1,0,1,0,1,1,1,9,0.1111111111,0.5781994,0.028411,0.480473,1.1442650833
330194,0.0252972783,0.4447532618,0.1650889017,-0.324372439,-1.342596263,0.5977453531,,-0.380755023,,0.5516815849,1.1141064109,-0.085210977,1,1,1,1,1,1,0,1,0,1,1,1,10,0.1,0.0765738089,0.028411,0.480473,0.1002412327
330195,-0.391156634,-0.755173195,0.9706687033,-2.070286414,-1.623134683,0.1636017162,-0.303945459,-0.452309979,,0.5516815849,0.1956780474,-0.501309043,1,1,1,1,1,1,1,1,0,1,1,1,11,0.0909090909,-0.383244123,0.028411,0.480473,-0.856769128
330196,-0.490312327,-2.391436545,0.8434718925,,-0.725411741,0.5977453531,1.5262384964,0.3347945331,,0.5516815849,1.4814777564,-1.571275498,1,1,1,0,1,1,1,1,0,1,1,1,10,0.1,0.0156973505,0.028411,0.480473,-0.026459788
330197,-0.440734481,-0.155209967,-0.470895152,0.1994017541,0.3967419353,0.5977453531,0.6895829737,-1.167859535,0.6713893839,-0.064364365,-0.171693298,-1.274062594,1,1,1,1,1,1,1,1,1,1,1,1,12,0.0833333333,-0.099163166,0.028411,0.480473,-0.265516807
330198,-0.406029988,-0.26429419,0.9282697664,0.1412046215,-2.071996153,-1.572972831,0.8987468544,0.5494594,,0.5516815849,-0.355378971,0.2120019273,1,1,1,1,1,1,1,1,0,1,1,1,11,0.0909090909,-0.126300725,0.028411,0.480473,-0.321997696
330199,-0.455607835,-2.500520768,-2.230451034,,-0.276550271,,,-1.668744224,,0.5516815849,2.2162204472,-1.571275498,1,1,1,0,1,0,0,1,0,1,1,1,8,0.125,-0.74190595,0.028411,0.480473,-1.603245201
33019F,-0.277127587,-0.427920525,,,,0.5977453531,,-2.241183869,,,,0.0931167656,1,1,0,0,0,1,0,1,0,0,0,1,5,0.2,-0.451073972,0.028411,0.480473,-0.99794211
330202,-0.500227897,-2.718689215,0.7798734871,,-2.128103837,-2.875403742,,0.6210143556,,0.5516815849,1.1141064109,-1.927930983,1,1,1,0,1,1,0,1,0,1,1,1,9,0.1111111111,-0.787075537,0.028411,0.480473,-1.697255808
330203,4.2443720322,-0.482462636,0.5678788025,0.083007489,-0.744114303,0.5977453531,0.2189642422,0.6210143556,,0.5516815849,0.3793637201,1.044198059,1,1,1,1,1,1,1,1,0,1,1,1,11,0.0909090909,0.6437862454,0.028411,0.480473,1.2807697435
330204,-0.455607835,-2.55506288,0.3346846494,,-0.781519425,0.5977453531,,0.5494594,,0.5516815849,1.8488491018,-0.857964528,1,1,1,0,1,1,0,1,0,1,1,1,9,0.1111111111,-0.085303842,0.028411,0.480473,-0.236671659
330205,-0.52501682,-0.046125743,0.0802910279,,-0.089524658,0.5977453531,,0.6210143556,,0.5516815849,0.5630493928,-0.739079366,1,1,1,0,1,1,0,1,0,1,1,1,9,0.1111111111,0.1126705697,0.028411,0.480473,0.1753687379
330208,-0.366367711,-2.118725986,-1.361272828,-0.266175306,-1.454811631,0.1636017162,,-5.81893165,,-1.296456264,1.1141064109,0.0336741848,1,1,1,1,1,1,0,1,0,1,1,1,10,0.1,-1.137135906,0.028411,0.480473,-2.425829831
33020F,,,,,,,,,,,,,0,0,0,0,0,0,0,0,0,0,0,0,0,,,0.028411,0.480473,
330211,-0.505185681,-0.59154686,0.037892091,1.3051472721,0.3406342514,0.5977453531,,0.1916846219,,,1.1141064109,1.1036406399,1,1,1,1,1,1,0,1,0,0,1,1,9,0.1111111111,0.3993464554,0.028411,0.480473,0.7720218342
330214,0.5111601759,1.2083428251,0.9282697664,-1.779300752,-0.949842477,0.5977453531,,0.6210143556,0.8242504446,0.5516815849,0.5630493928,1.2225258016,1,1,1,1,1,1,0,1,1,1,1,1,11,0.0909090909,0.3908087701,0.028411,0.480473,0.7542525113
330215,-0.306874295,-1.518762758,0.6102777394,0.083007489,-0.070822097,0.1636017162,,-0.309200067,,0.5516815849,1.4814777564,-1.214620013,1,1,1,1,1,1,0,1,0,1,1,1,10,0.1,-0.053023294,0.028411,0.480473,-0.169486766
330218,-0.445692265,-0.155209967,-0.131703657,-0.440766704,-0.538386129,-2.875403742,,0.6210143556,,0.5516815849,0.5630493928,-0.97684969,1,1,1,1,1,1,0,1,0,1,1,1,10,0.1,-0.382826682,0.028411,0.480473,-0.855900315
330219,3.0247570034,0.6083795968,0.5042803971,,-3.474688249,-3.309547379,,0.3347945331,,,2.0325347745,1.1036406399,1,1,1,0,1,1,0,1,0,0,1,1,8,0.125,0.1030189146,0.028411,0.480473,0.1552809308
330221,-0.371325495,-1.627846981,0.2286873071,,-1.342596263,0.1636017162,,-0.166090156,,0.5516815849,1.1141064109,0.5686574123,1,1,1,0,1,1,0,1,0,1,1,1,9,0.1111111111,-0.097902718,0.028411,0.480473,-0.262893462
330222,-0.410987773,1.0447164901,0.2922857125,-0.673555234,-2.16550896,-1.138829195,-0.35623643,0.6210143556,,0.5516815849,-0.355378971,1.2225258016,1,1,1,1,1,1,1,1,0,1,1,1,11,0.0909090909,-0.12438842,0.028411,0.480473,-0.318017651
330224,-0.356452141,-0.209752078,0.7162750817,0.5485845492,-0.818924548,-0.270541921,0.480419093,,,,-0.171693298,0.2120019273,1,1,1,1,1,1,1,0,0,0,1,1,9,0.1111111111,0.014435185,0.028411,0.480473,-0.029086709
330226,-0.242423094,-1.300594311,1.0766660456,0.8977673444,-2.483452501,0.1636017162,,0.1201296663,,0.5516815849,-0.906435989,-1.74960324,1,1,1,1,1,1,0,1,0,1,1,1,10,0.1,-0.387266278,0.028411,0.480473,-0.865140363
330229,-0.262254233,0.3356690385,0.5042803971,,0.1162035161,-0.270541921,-2.500166206,0.5494594,,,0.5630493928,0.2714445081,1,1,1,0,1,1,1,1,0,0,1,1,9,0.1111111111,-0.076984012,0.028411,0.480473,-0.219355754
330231,-0.500227897,-1.136967976,-0.08930472,,-1.847565418,0.5977453531,,0.6210143556,,0.5516815849,2.2162204472,-2.165701306,1,1,1,0,1,1,0,1,0,1,1,1,9,0.1111111111,-0.194789508,0.028411,0.480473,-0.464542105
330233,-0.410987773,-2.609604991,0.8010729556,,-0.725411741,-1.138829195,,-2.312738825,,0.5516815849,-0.171693298,-0.441866462,1,1,1,0,1,1,0,1,0,1,1,1,9,0.1111111111,-0.717597527,0.028411,0.480473,-1.552652541
330234,-0.029238353,0.0629584801,-0.576892494,-0.266175306,-1.641837244,-0.704685558,,0.2632395775,,0.5516815849,0.5630493928,0.5686574123,1,1,1,1,1,1,0,1,0,1,1,1,10,0.1,-0.120924251,0.028411,0.480473,-0.310807741
330235,-0.148225185,-1.300594311,-0.598091963,,-1.361298825,-1.138829195,-0.042490609,-0.022980245,,0.5516815849,1.2977920836,-1.927930983,1,1,1,0,1,1,1,1,0,1,1,1,10,0.1,-0.469096765,0.028411,0.480473,-1.035452606
330238,-0.252338663,0.6083795968,-1.827661134,1.0141616094,-0.85632967,-1.138829195,,0.1201296663,,0.5516815849,1.2977920836,-0.620194204,1,1,1,1,1,1,0,1,0,1,1,1,10,0.1,-0.110320833,0.028411,0.480473,-0.288739048
330239,3.8527070433,1.0992586017,-3.67201489,-0.615358101,0.1162035161,-0.270541921,-1.977256505,0.5494594,,0.5516815849,0.3793637201,-1.095734851,1,1,1,1,1,1,1,1,0,1,1,1,11,0.0909090909,-0.098384764,0.028411,0.480473,-0.263896734
330240,-0.455607835,-2.118725986,0.9282697664,,0.4528496191,-0.704685558,,0.5494594,,-0.475061664,2.2162204472,-1.571275498,1,1,1,0,1,1,0,1,0,1,1,1,9,0.1111111111,-0.130950812,0.028411,0.480473,-0.331675834
330241,-0.510143466,-1.409678535,-0.025706314,-0.557160969,-2.446047379,-0.270541921,,0.6210143556,,-1.296456264,0.3793637201,-0.085210977,1,1,1,1,1,1,0,1,0,1,1,1,10,0.1,-0.560056775,0.028411,0.480473,-1.224765954
330245,,,0.8434718925,2.0035128624,-0.688006619,0.1636017162,,,,,0.1956780474,-0.3229813,0,0,1,1,1,1,0,0,0,0,1,1,6,0.1666666667,0.3658794332,0.028411,0.480473,0.7023675542
330246,4.3683166489,-0.209752078,0.9918681717,,-1.118165528,0.1636017162,,-0.738529801,,0.5516815849,-0.539064643,0.5686574123,1,1,1,0,1,1,0,1,0,1,1,1,9,0.1111111111,0.4487348315,0.028411,0.480473,0.8748129266
33024F,-0.262254233,0.2265848151,,,,-0.270541921,,,,,,-0.798521947,1,1,0,0,0,1,0,0,0,0,0,1,4,0.25,-0.276183321,0.028411,0.480473,-0.633945507
330250,-0.252338663,-0.26429419,0.2074878387,0.8977673444,-1.810160295,-1.138829195,-1.663510684,0.1916846219,0.0599451408,0.5516815849,-0.171693298,-0.620194204,1,1,1,1,1,1,1,1,1,1,1,1,12,0.0833333333,-0.334371167,0.028411,0.480473,-0.755050768
330259,-0.455607835,-0.537004748,0.4830809287,0.8395702119,-1.417406509,0.1636017162,,0.4779044444,,0.5516815849,0.7467350655,1.2819683824,1,1,1,1,1,1,0,1,0,1,1,1,10,0.1,0.2134523242,0.028411,0.480473,0.3851238966
330261,-0.296958725,-0.155209967,0.313485181,-2.244877812,-0.800221986,1.03188899,,-0.523864934,0.4073566425,0.5516815849,0.0119923747,0.3903296698,1,1,1,1,1,1,0,1,1,1,1,1,11,0.0909090909,-0.119490817,0.028411,0.480473,-0.307824362
330264,-0.401072203,-1.2460522,1.0130676402,,-0.631898935,0.5977453531,-1.088310012,0.6210143556,,0.5516815849,0.5630493928,1.5791812866,1,1,1,0,1,1,1,1,0,1,1,1,10,0.1,0.1558406263,0.028411,0.480473,0.2652177599
330265,-0.287043156,-1.027883753,-2.378847314,,-0.183037464,0.1636017162,,0.4779044444,,,-0.906435989,-0.679636785,1,1,1,0,1,1,0,1,0,0,1,1,8,0.125,-0.602672288,0.028411,0.480473,-1.313460814
330267,-0.470481189,1.0992586017,0.4618814602,-1.604709354,-0.55708869,0.1636017162,,-0.309200067,,0.5516815849,-0.171693298,-0.560751624,1,1,1,1,1,1,0,1,0,1,1,1,10,0.1,-0.139750086,0.028411,0.480473,-0.349989596
330270,-0.1432674,1.0992586017,,,,,,,-0.1346053,,-0.171693298,,1,1,0,0,0,0,0,0,1,0,1,0,4,0.25,0.1624231508,0.028411,0.480473,0.2789178435
330273,-0.520059035,-0.809715306,0.589078271,,-0.500981006,-1.138829195,-1.349764863,-0.166090156,,,-1.090121662,-0.025768396,1,1,1,0,1,1,1,1,0,0,1,1,9,0.1111111111,-0.556916816,0.028411,0.480473,-1.218230818
330276,-0.163098539,-0.537004748,0.5678788025,,0.0039881484,-0.704685558,,0.6210143556,,0.5516815849,0.0119923747,0.330887089,1,1,1,0,1,1,0,1,0,1,1,1,9,0.1111111111,0.07585039,0.028411,0.480473,0.0987355948
330277,4.2394142475,1.0992586017,0.2922857125,2.0035128624,-0.968545038,-0.704685558,1.1602017052,0.6210143556,,0.5516815849,-0.171693298,-0.560751624,1,1,1,1,1,1,1,1,0,1,1,1,11,0.0909090909,0.6874266866,0.028411,0.480473,1.371597768
330279,-0.158140754,-0.755173195,1.0554665771,,-2.090698715,-0.704685558,,-0.022980245,,-0.064364365,0.0119923747,-0.97684969,1,1,1,0,1,1,0,1,0,1,1,1,9,0.1111111111,-0.411714841,0.028411,0.480473,-0.916024694
330285,-0.22754974,-0.318836301,-3.078429773,0.1412046215,-1.623134683,-2.007116468,-2.395584266,0.5494594,0.9215256651,0.5516815849,0.5630493928,-1.392947755,1,1,1,1,1,1,1,1,1,1,1,1,12,0.0833333333,-0.693056527,0.028411,0.480473,-1.501575821
330286,-0.470481189,-0.209752078,0.7162750817,-0.440766704,-1.567026999,0.1636017162,,0.5494594,,0.5516815849,0.0119923747,1.4602961249,1,1,1,1,1,1,0,1,0,1,1,1,10,0.1,0.0765279313,0.028411,0.480473,0.1001457486
330304,-0.346536572,1.2628849367,0.1014904963,-1.371920824,-0.220442587,1.03188899,,0.6210143556,0.490735403,0.5516815849,0.1956780474,1.044198059,1,1,1,1,1,1,0,1,1,1,1,1,11,0.0909090909,0.3055156264,0.028411,0.480473,0.5767335052
330307,-0.336621003,-0.646088971,0.1014904963,0.8395702119,-1.230380896,-0.270541921,0.3235461825,0.5494594,,0.5516815849,1.1141064109,-2.046816145,1,1,1,1,1,1,1,1,0,1,1,1,11,0.0909090909,-0.095508604,0.028411,0.480473,-0.257910638
330331,-0.391156634,-0.755173195,1.1614639194,,-1.192975773,0.5977453531,0.8987468544,0.0485747107,,,-0.171693298,-0.382423881,1,1,1,0,1,1,1,1,0,0,1,1,9,0.1111111111,-0.020765772,0.028411,0.480473,-0.102349794
330332,-0.420903342,-0.26429419,1.0978655141,,-1.754052612,0.5977453531,-0.722273221,-0.166090156,,,-0.171693298,1.2819683824,1,1,1,0,1,1,1,1,0,0,1,1,9,0.1111111111,-0.05796973,0.028411,0.480473,-0.179781688
330350,-0.381241065,-2.118725986,-1.997256881,,-0.351360516,0.5977453531,,0.6210143556,,0.5516815849,0.7467350655,2.3519348375,1,1,1,0,1,1,0,1,0,1,1,1,9,0.1111111111,0.0022807498,0.028411,0.480473,-0.054383505
330386,-0.520059035,-0.155209967,0.8434718925,0.8395702119,-0.818924548,0.1636017162,-0.35623643,0.4063494887,,0.5516815849,0.0119923747,-0.620194204,1,1,1,1,1,1,1,1,0,1,1,1,11,0.0909090909,0.0314584623,0.028411,0.480473,0.0063435156
330393,-0.475438973,-0.755173195,0.3346846494,-0.382569571,-1.361298825,0.1636017162,,0.3347945331,-0.482016802,-0.064364365,-0.171693298,0.8064277357,1,1,1,1,1,1,0,1,1,1,1,1,11,0.0909090909,-0.186640581,0.028411,0.480473,-0.447581897
330394,-0.435776696,0.0629584801,0.0590915594,1.188753007,-1.118165528,-0.704685558,,0.5494594,,0.1409842852,0.0119923747,-0.382423881,1,1,1,1,1,1,0,1,0,1,1,1,10,0.1,-0.062781256,0.028411,0.480473,-0.189795826
330395,-0.073858415,-0.864257418,0.1226899648,,-1.361298825,0.1636017162,,0.6210143556,,0.5516815849,0.9304207382,-0.144653558,1,1,1,0,1,1,0,1,0,1,1,1,9,0.1111111111,-0.006073317,0.028411,0.480473,-0.071770667
330396,-0.505185681,-2.336894433,0.5678788025,,-1.062057844,-1.572972831,1.0033287947,0.3347945331,,0.5516815849,2.0325347745,-0.857964528,1,1,1,0,1,1,1,1,0,1,1,1,10,0.1,-0.184485683,0.028411,0.480473,-0.443096947
330399,4.4327678496,-0.427920525,-0.873685053,,-2.689180675,-3.309547379,,0.4063494887,,0.5516815849,,-1.868488402,1,1,1,0,1,1,0,1,0,1,0,1,8,0.125,-0.472252889,0.028411,0.480473,-1.042021388
330401,-0.435776696,-0.373378413,0.7374745502,,-1.062057844,0.5977453531,,0.6210143556,,0.5516815849,0.3793637201,1.5197387057,1,1,1,0,1,1,0,1,0,1,1,1,9,0.1111111111,0.2817561462,0.028411,0.480473,0.5272833488
330405,-0.445692265,-0.427920525,,,,,,,,,,,1,1,0,0,0,0,0,0,0,0,0,0,2,0.5,-0.436806395,0.028411,0.480473,-0.968247271
330406,0.3772999898,-0.155209967,,,,,,,,,-0.355378971,,1,1,0,0,0,0,0,0,0,0,1,0,3,0.3333333333,-0.044429649,0.028411,0.480473,-0.151600975
331301,,-1.355136423,,,1.7246237859,1.03188899,,,,,,,0,1,0,0,1,1,0,0,0,0,0,0,3,0.3333333333,0.4671254509,0.028411,0.480473,0.9130889749
331302,0.3574688512,0.7720059318,0.5678788025,,0.9765213348,0.5977453531,-2.970784938,-0.738529801,,,0.0119923747,,1,1,1,0,1,1,1,1,0,0,1,0,8,0.125,-0.053212761,0.028411,0.480473,-0.1698811
331303,-0.52501682,0.1175005918,1.2250623248,,1.5750032957,1.03188899,,,,,-2.375921371,,1,1,1,0,1,1,0,0,0,0,1,0,6,0.1666666667,0.1747528353,0.028411,0.480473,0.3045793826
331304,,-0.209752078,0.4194825233,,,,,,,,,,0,1,1,0,0,0,0,0,0,0,0,0,2,0.5,0.1048652226,0.028411,0.480473,0.1591236167
331305,-0.282085371,0.8810901551,0.6102777394,,1.3318699991,0.5977453531,,0.1916846219,,,,,1,1,1,0,1,1,0,1,0,0,0,0,6,0.1666666667,0.5550970829,0.028411,0.480473,1.0961826679
331307,,0.9901743784,,,,1.03188899,,,,,,,0,1,0,0,0,1,0,0,0,0,0,0,2,0.5,1.0110316842,0.028411,0.480473,2.0451107259
331309,,-1.355136423,0.313485181,,0.4528496191,0.1636017162,,,,,,,0,1,1,0,1,1,0,0,0,0,0,0,4,0.25,-0.106299977,0.028411,0.480473,-0.280370517
331310,,,0.6102777394,,1.5375981732,0.1636017162,,-6.534481206,,,,,0,0,1,0,1,1,0,1,0,0,0,0,4,0.25,-1.055750894,0.028411,0.480473,-2.256444745
331311,4.2840343095,0.0629584801,0.6738761448,,0.8269008446,-0.270541921,,,,,-1.457493007,0.2714445081,1,1,1,0,1,1,0,0,0,0,1,1,7,0.1428571429,0.6273113371,0.028411,0.480473,1.2464808285
331312,0.1591574644,0.8265480434,-0.152903125,,1.2196546314,1.03188899,,,,,-0.171693298,,1,1,1,0,1,1,0,0,0,0,1,0,6,0.1666666667,0.4854421177,0.028411,0.480473,0.9512111068
331313,,-1.027883753,0.7586740187,,1.0700341412,,,,,,,,0,1,1,0,1,0,0,0,0,0,0,0,3,0.3333333333,0.2669414689,0.028411,0.480473,0.4964498413
331314,-0.182929678,0.7720059318,0.0590915594,,1.2383571927,1.03188899,,,,,-0.722750316,1.044198059,1,1,1,0,1,1,0,0,0,0,1,1,7,0.1428571429,0.4628373913,0.028411,0.480473,0.9041643175
331315,-0.500227897,-0.155209967,0.2498867756,,,0.5977453531,,,,,0.0119923747,,1,1,1,0,0,1,0,0,0,0,1,0,5,0.2,0.040837328,0.028411,0.480473,0.0258635714
331316,,-0.373378413,-0.110504188,-2.594060607,0.6772803544,,,,,,-0.171693298,,0,1,1,1,1,0,0,0,0,0,1,0,5,0.2,-0.51447123,0.028411,0.480473,-1.129889623
331317,,,0.2922857125,,-0.594493812,-1.138829195,,0.4063494887,,,,,0,0,1,0,1,1,0,1,0,0,0,0,4,0.25,-0.258671951,0.028411,0.480473,-0.597499424
331319,3.0545037114,-2.282352321,-1.149278143,,0.8269008446,,,,,,-1.273807334,-1.333505175,1,1,1,0,1,0,0,0,0,0,1,1,6,0.1666666667,-0.359589736,0.028411,0.480473,-0.8075377
331320,4.4278100649,0.3356690385,0.3558841179,,1.1261418251,0.5977453531,,0.6210143556,,,0.7467350655,0.6280999932,1,1,1,0,1,1,0,1,0,0,1,1,8,0.125,1.1048874767,0.028411,0.480473,2.2404510108
331321,-0.217634171,0.1720427035,0.2922857125,1.072358742,-0.257847709,-1.138829195,-2.709330087,0.6210143556,,,-2.559607043,-0.204096139,1,1,1,1,1,1,1,1,0,0,1,1,10,0.1,-0.492964283,0.028411,0.480473,-1.08512762
340001,-0.480396758,0.2811269268,-0.534493558,-0.091583909,-0.744114303,-1.572972831,-1.402055833,0.0485747107,-0.662670783,0.3463329351,-0.355378971,-1.511832917,1,1,1,1,1,1,1,1,1,1,1,1,12,0.0833333333,-0.556622107,0.028411,0.480473,-1.217617446
340002,-0.386198849,-0.318836301,0.9282697664,0.2575988866,-1.192975773,1.03188899,,-1.597189269,,0.5516815849,-0.539064643,-0.144653558,1,1,1,1,1,1,0,1,0,1,1,1,10,0.1,-0.140947917,0.028411,0.480473,-0.352482618
340003,-0.485354543,0.8265480434,0.1650889017,2.0035128624,-0.85632967,-1.138829195,1.0556197649,0.6210143556,,-0.475061664,0.0119923747,-0.263538719,1,1,1,1,1,1,1,1,0,1,1,1,11,0.0909090909,0.1331511374,0.028411,0.480473,0.217994556
340004,0.2731865118,0.1720427035,0.7162750817,,-1.454811631,-0.270541921,-1.192891952,0.1201296663,,-0.269713014,0.0119923747,-0.798521947,1,1,1,0,1,1,1,1,0,1,1,1,10,0.1,-0.269285413,0.028411,0.480473,-0.619589021
340008,1.9984955768,1.2083428251,0.3558841179,,-1.342596263,-1.138829195,0.1143823019,-0.022980245,,-0.475061664,0.7467350655,1.4602961249,1,1,1,0,1,1,1,1,0,1,1,1,10,0.1,0.2904668645,0.028411,0.480473,0.5454128019
340010,-0.435776696,1.2628849367,0.8858708294,-0.440766704,-1.342596263,-1.138829195,0.1143823019,0.1916846219,-0.523706182,0.5516815849,0.1956780474,-0.3229813,1,1,1,1,1,1,1,1,1,1,1,1,12,0.0833333333,-0.083539501,0.028411,0.480473,-0.23299957
340013,-0.460565619,-0.209752078,0.5042803971,,0.247121445,-0.704685558,-1.245182922,0.2632395775,,0.5516815849,-0.171693298,0.2120019273,1,1,1,0,1,1,1,1,0,1,1,1,10,0.1,-0.101355454,0.028411,0.480473,-0.270079576
340014,-0.52501682,1.0447164901,-0.322498873,-0.033386776,-0.949842477,-1.138829195,,0.3347945331,-1.843869889,-1.091107614,-0.539064643,0.4497722506,1,1,1,1,1,1,0,1,1,1,1,1,11,0.0909090909,-0.419484819,0.028411,0.480473,-0.932196203
340015,-0.52501682,0.7174638201,0.2922857125,-0.906343764,-0.875032232,-1.138829195,0.9510378245,0.4779044444,,0.5516815849,-0.539064643,1.3414109632,1,1,1,1,1,1,1,1,0,1,1,1,11,0.0909090909,0.0315906997,0.028411,0.480473,0.0066187387
340016,0.2236086651,-0.373378413,-0.513294089,,-0.688006619,-1.572972831,-2.291002326,0.0485747107,-2.03842033,0.5516815849,-0.355378971,-0.501309043,1,1,1,0,1,1,1,1,1,1,1,1,11,0.0909090909,-0.682717969,0.028411,0.480473,-1.480058377
340017,-0.52501682,0.3356690385,-0.407296747,0.3739931517,-1.28648858,,-0.35623643,0.5494594,0.4212531026,0.5516815849,-0.722750316,-0.144653558,1,1,1,1,1,0,1,1,1,1,1,1,11,0.0909090909,-0.110035107,0.028411,0.480473,-0.288144372
340020,-0.515101251,-0.973341641,0.4406819917,,-0.650601496,-2.007116468,0.8987468544,,,0.5516815849,0.1956780474,-0.263538719,1,1,1,0,1,1,1,0,0,1,1,1,9,0.1111111111,-0.258101233,0.028411,0.480473,-0.596311599
340021,-0.485354543,0.2811269268,-0.6404909,0.3157960191,0.4528496191,-1.572972831,0.6372920035,0.3347945331,,0.1409842852,-0.539064643,-1.69016066,1,1,1,1,1,1,1,1,0,1,1,1,11,0.0909090909,-0.251381835,0.028411,0.480473,-0.582326644
340023,-0.500227897,-0.100667855,-0.810086648,0.7231759468,-0.875032232,-0.270541921,-1.297473893,,,0.5516815849,-0.355378971,0.2120019273,1,1,1,1,1,1,1,0,0,1,1,1,10,0.1,-0.272254996,0.028411,0.480473,-0.625769557
340024,-0.52501682,1.2628849367,-0.237700999,,0.1536086387,-0.270541921,0.8464558842,0.4063494887,,0.5516815849,0.1956780474,-0.739079366,1,1,1,0,1,1,1,1,0,1,1,1,10,0.1,0.1644319475,0.028411,0.480473,0.2830987141
340027,-0.440734481,1.0447164901,0.6950756133,,-0.594493812,-0.270541921,1.5262384964,,,0.5516815849,-0.722750316,-0.798521947,1,1,1,0,1,1,1,0,0,1,1,1,9,0.1111111111,0.110074412,0.028411,0.480473,0.169965404
340028,1.2498700917,-0.155209967,0.7162750817,2.0035128624,-1.024652722,-5.046121927,0.3758371527,-1.167859535,,0.5516815849,0.3793637201,0.0336741848,1,1,1,1,1,1,1,1,0,1,1,1,11,0.0909090909,-0.189420861,0.028411,0.480473,-0.45336844
340030,-0.435776696,1.0992586017,-0.704089305,-0.440766704,-5.270134132,0.1636017162,1.1602017052,0.6210143556,0.9076292051,-1.296456264,0.1956780474,-0.501309043,1,1,1,1,1,1,1,1,1,1,1,1,12,0.0833333333,-0.375095709,0.028411,0.480473,-0.839809989
340032,-0.470481189,0.9356322668,0.0166926225,0.5485845492,-0.968545038,-0.270541921,0.480419093,0.4063494887,,0.1409842852,-0.722750316,0.9253128974,1,1,1,1,1,1,1,1,0,1,1,1,11,0.0909090909,0.0928778854,0.028411,0.480473,0.1341745987
340039,-0.500227897,0.6629217084,1.0978655141,,-0.313955393,-0.704685558,1.2647836455,0.3347945331,,0.5516815849,-0.539064643,-0.204096139,1,1,1,0,1,1,1,1,0,1,1,1,10,0.1,0.1650017356,0.028411,0.480473,0.2842846034
340040,-0.401072203,1.0992586017,0.9070702979,-1.022738029,-2.277724327,-1.572972831,-1.245182922,0.0485747107,0.7825610644,0.5516815849,-0.355378971,-1.511832917,1,1,1,1,1,1,1,1,1,1,1,1,12,0.0833333333,-0.416479662,0.028411,0.480473,-0.925941626
340041,-0.520059035,0.8265480434,0.271086244,0.3739931517,-0.145632342,-1.572972831,-1.088310012,0.6210143556,,,-1.090121662,0.8658703165,1,1,1,1,1,1,1,1,0,0,1,1,10,0.1,-0.145858377,0.028411,0.480473,-0.362702667
340042,-0.495270112,0.3902111501,0.822272424,,-1.267786018,-1.138829195,0.480419093,0.6210143556,,0.5516815849,0.1956780474,0.4497722506,1,1,1,0,1,1,1,1,0,1,1,1,10,0.1,0.0609163581,0.028411,0.480473,0.0676536767
340047,0.6251892233,0.9901743784,0.1226899648,0.4321902842,-1.28648858,0.1636017162,-0.722273221,0.4063494887,,0.1409842852,-0.355378971,-1.452390336,1,1,1,1,1,1,1,1,0,1,1,1,11,0.0909090909,-0.085031979,0.028411,0.480473,-0.236105835
340049,-0.505185681,1.0992586017,,,,,,,,,0.0119923747,,1,1,0,0,0,0,0,0,0,0,1,0,3,0.3333333333,0.202021765,0.028411,0.480473,0.36133369
340050,2.7471210619,1.2083428251,-0.152903125,,-1.828862857,-1.138829195,-1.611219714,-0.094535201,0.3517708022,0.3463329351,1.1141064109,-0.144653558,1,1,1,0,1,1,1,1,1,1,1,1,11,0.0909090909,0.0724245806,0.028411,0.480473,0.0916055225
340051,0.555780238,0.3902111501,0.9918681717,0.0248103565,-0.688006619,-0.270541921,,0.1201296663,,-1.296456264,-0.355378971,-1.452390336,1,1,1,1,1,1,0,1,0,1,1,1,10,0.1,-0.197997453,0.028411,0.480473,-0.471218738
340053,-0.52501682,0.9901743784,0.3558841179,-0.266175306,-0.276550271,-2.441260105,,0.1916846219,0.3378743422,0.3463329351,0.1956780474,2.2924922567,1,1,1,1,1,1,0,1,1,1,1,1,11,0.0909090909,0.1091925634,0.028411,0.480473,0.1681300293
340060,-0.460565619,1.0992586017,1.0766660456,,-0.631898935,,-0.042490609,0.1916846219,,-2.733896813,-0.171693298,-0.620194204,1,1,1,0,1,0,1,1,0,1,1,1,9,0.1111111111,-0.254792245,0.028411,0.480473,-0.589424666
340061,-0.445692265,1.0992586017,0.3346846494,0.1412046215,-1.903673102,-1.572972831,,0.2632395775,0.7547681443,-0.269713014,-0.171693298,-0.3229813,1,1,1,1,1,1,0,1,1,1,1,1,11,0.0909090909,-0.190324565,0.028411,0.480473,-0.455249303
340064,0.6499781467,0.3356690385,0.0590915594,,-0.220442587,-1.138829195,0.0098003615,0.0485747107,,-0.269713014,-1.64117868,-0.679636785,1,1,1,0,1,1,1,1,0,1,1,1,10,0.1,-0.284668644,0.028411,0.480473,-0.651605849
340068,-0.475438973,0.9901743784,-1.043280801,,-0.295252832,-4.61197829,0.8987468544,-3.743837937,,0.5516815849,-0.355378971,-0.204096139,1,1,1,0,1,1,1,1,0,1,1,1,10,0.1,-0.828866112,0.028411,0.480473,-1.784233742
340069,4.1551319081,1.0992586017,0.589078271,0.7813730793,-1.118165528,-0.270541921,0.2189642422,0.5494594,,0.1409842852,0.5630493928,0.2714445081,1,1,1,1,1,1,1,1,0,1,1,1,11,0.0909090909,0.6345487491,0.028411,0.480473,1.2615439172
340070,-0.520059035,0.7174638201,0.4406819917,0.6067816818,-0.85632967,-1.572972831,0.1143823019,0.6210143556,,0.3463329351,-0.171693298,0.4497722506,1,1,1,1,1,1,1,1,0,1,1,1,11,0.0909090909,0.0159431365,0.028411,0.480473,-0.025948238
340071,0.4120044825,-0.26429419,0.7586740187,,-0.818924548,-1.138829195,-0.46081837,,,0.5516815849,0.0119923747,0.1525593464,1,1,1,0,1,1,1,0,0,1,1,1,9,0.1111111111,-0.088439388,0.028411,0.480473,-0.243197612
340073,-0.440734481,1.0992586017,0.0166926225,,-1.847565418,0.1636017162,,0.4063494887,0.5880106234,,-1.64117868,0.0931167656,1,1,1,0,1,1,0,1,1,0,1,1,9,0.1111111111,-0.173605418,0.028411,0.480473,-0.420452058
340075,-0.505185681,0.5538374851,-0.216501531,-0.498963836,0.041393271,-1.138829195,-0.774564191,0.4063494887,,-1.091107614,-0.539064643,-0.620194204,1,1,1,1,1,1,1,1,0,1,1,1,11,0.0909090909,-0.39843915,0.028411,0.480473,-0.88839425
340084,-0.52501682,0.4992953735,0.1226899648,,0.7333880382,0.1636017162,-0.669982251,,,,-0.171693298,-1.987373564,1,1,1,0,1,1,1,0,0,0,1,1,8,0.125,-0.229386355,0.028411,0.480473,-0.536547867
340085,-0.52501682,0.6083795968,0.1226899648,,-0.463575883,-1.572972831,,0.1916846219,,-0.269713014,-0.171693298,0.2714445081,1,1,1,0,1,1,0,1,0,1,1,1,9,0.1111111111,-0.200974795,0.028411,0.480473,-0.477415425
340087,-0.406029988,-0.318836301,0.5678788025,,0.2284188838,0.5977453531,-1.088310012,0.6210143556,,0.5516815849,0.3793637201,0.8658703165,1,1,1,0,1,1,1,1,0,1,1,1,10,0.1,0.1998796715,0.028411,0.480473,0.3568753913
340090,-0.52501682,1.0992586017,-0.534493558,,-0.893734793,-1.138829195,1.0033287947,0.6210143556,,0.5516815849,-0.355378971,0.4497722506,1,1,1,0,1,1,1,1,0,1,1,1,10,0.1,0.0277602252,0.028411,0.480473,-0.001353555
340091,-0.520059035,0.9356322668,0.7162750817,0.6649788143,-1.136868089,-1.138829195,-0.51310934,0.2632395775,,0.3463329351,-0.722750316,0.9847554782,1,1,1,1,1,1,1,1,0,1,1,1,11,0.0909090909,-0.01094562,0.028411,0.480473,-0.081911299
340096,0.645020362,0.7174638201,0.2498867756,,-0.033416974,-0.270541921,0.794164914,0.4779044444,,,-0.906435989,-0.560751624,1,1,1,0,1,1,1,1,0,0,1,1,9,0.1111111111,0.1236993121,0.028411,0.480473,0.1983226508
340097,-0.515101251,0.8810901551,0.864671361,-0.324372439,-0.145632342,0.5977453531,0.6372920035,0.5494594,,0.5516815849,0.3793637201,1.1036406399,1,1,1,1,1,1,1,1,0,1,1,1,11,0.0909090909,0.416348926,0.028411,0.480473,0.8074087545
340098,-0.495270112,0.2811269268,0.5254798656,0.8395702119,-0.332657955,-0.704685558,-1.402055833,-0.810084757,,0.5516815849,0.3793637201,-1.571275498,1,1,1,1,1,1,1,1,0,1,1,1,11,0.0909090909,-0.248982491,0.028411,0.480473,-0.577332934
340099,-0.410987773,1.2083428251,0.7162750817,,0.4715521804,0.1636017162,-0.199363519,0.3347945331,,0.5516815849,-0.355378971,-0.798521947,1,1,1,0,1,1,1,1,0,1,1,1,10,0.1,0.1681995712,0.028411,0.480473,0.290940198
340107,-0.485354543,1.1538007134,0.8858708294,,-1.043355283,-1.572972831,0.2189642422,0.6210143556,,-0.064364365,-1.090121662,-0.025768396,1,1,1,0,1,1,1,1,0,1,1,1,10,0.1,-0.140228694,0.028411,0.480473,-0.350985714
340109,-0.52501682,0.2811269268,0.0802910279,-0.731752366,0.1910137612,0.1636017162,-0.51310934,-0.953194668,-1.190736266,-0.064364365,-0.722750316,-0.382423881,1,1,1,1,1,1,1,1,1,1,1,1,12,0.0833333333,-0.363942882,0.028411,0.480473,-0.816597821
340113,-0.485354543,0.3902111501,-0.386097278,1.5379358022,-1.230380896,-1.138829195,,-0.380755023,,0.3463329351,0.3793637201,-1.868488402,1,1,1,1,1,1,0,1,0,1,1,1,10,0.1,-0.283606173,0.028411,0.480473,-0.649394548
340114,-0.22754974,1.1538007134,0.7586740187,1.188753007,-0.631898935,0.1636017162,-1.715801654,0.4779044444,,0.3463329351,0.0119923747,-0.441866462,1,1,1,1,1,1,1,1,0,1,1,1,11,0.0909090909,0.0985402199,0.028411,0.480473,0.1459595083
340115,-0.163098539,0.9901743784,0.7586740187,-0.266175306,-0.837627109,-1.138829195,0.480419093,0.6210143556,-0.16239822,0.1409842852,0.3793637201,-0.085210977,1,1,1,1,1,1,1,1,1,1,1,1,12,0.0833333333,0.0597742087,0.028411,0.480473,0.0652765429
340116,-0.520059035,-1.409678535,-0.174102594,-0.557160969,-0.444873322,0.5977453531,1.2124926754,,0.9493185853,0.5516815849,-0.171693298,-0.025768396,1,1,1,1,1,1,1,0,1,1,1,1,11,0.0909090909,0.0007183682,0.028411,0.480473,-0.057635261
340119,-0.510143466,-0.100667855,-2.103254224,2.0035128624,0.3032291289,0.1636017162,0.2189642422,-0.738529801,-1.329700866,0.5516815849,-0.355378971,-1.630718079,1,1,1,1,1,1,1,1,1,1,1,1,12,0.0833333333,-0.293950311,0.028411,0.480473,-0.670923606
340120,0.0104239243,1.0992586017,0.9494692348,,-0.426170761,-1.138829195,0.6895829737,0.6210143556,,0.5516815849,-0.722750316,-0.560751624,1,1,1,0,1,1,1,1,0,1,1,1,10,0.1,0.107292878,0.028411,0.480473,0.16417625
340123,-0.470481189,0.9356322668,-0.110504188,,-0.837627109,-2.441260105,0.3235461825,0.6210143556,,0.5516815849,0.3793637201,-1.392947755,1,1,1,0,1,1,1,1,0,1,1,1,10,0.1,-0.244158224,0.028411,0.480473,-0.567292277
340126,-0.52501682,0.7720059318,-0.534493558,,-1.305191141,-3.309547379,-0.35623643,0.3347945331,,0.5516815849,0.1956780474,-0.382423881,1,1,1,0,1,1,1,1,0,1,1,1,10,0.1,-0.455874911,0.028411,0.480473,-1.007934213
340127,4.0956384921,0.6083795968,0.7374745502,,-1.361298825,-1.572972831,-0.669982251,-0.452309979,,-0.475061664,-0.171693298,0.330887089,1,1,1,0,1,1,1,1,0,1,1,1,10,0.1,0.106906088,0.028411,0.480473,0.1633712313
340129,-0.45065005,-1.2460522,0.3770835864,-0.498963836,-0.164334903,-0.270541921,-0.303945459,-0.452309979,,0.5516815849,-0.355378971,-0.204096139,1,1,1,1,1,1,1,1,0,1,1,1,11,0.0909090909,-0.274318935,0.028411,0.480473,-0.630065195
34012F,0.2037775264,0.1720427035,,,-0.987247599,-0.270541921,,-0.452309979,,,,-0.501309043,1,1,0,0,1,1,0,1,0,0,0,1,6,0.1666666667,-0.305931385,0.028411,0.480473,-0.69585959
340130,-0.490312327,0.2265848151,0.4406819917,0.7813730793,0.5463624255,0.1636017162,0.1143823019,-0.094535201,,0.5516815849,0.1956780474,-1.392947755,1,1,1,1,1,1,1,1,0,1,1,1,11,0.0909090909,0.0947773344,0.028411,0.480473,0.138127886
340131,1.1507143983,1.0992586017,-0.470895152,-1.604709354,-0.818924548,-0.704685558,0.3235461825,0.6210143556,,0.5516815849,-0.906435989,-0.144653558,1,1,1,1,1,1,1,1,0,1,1,1,11,0.0909090909,-0.082189912,0.028411,0.480473,-0.230190696
340132,-0.515101251,1.2083428251,0.6102777394,,-0.426170761,-0.270541921,0.480419093,0.6210143556,,0.1409842852,0.5630493928,-0.97684969,1,1,1,0,1,1,1,1,0,1,1,1,10,0.1,0.1435424069,0.028411,0.480473,0.2396217086
34013F,-0.292000941,-0.046125743,,,,0.1636017162,,-0.094535201,,,,-2.344029049,1,1,0,0,0,1,0,1,0,0,0,1,5,0.2,-0.522617843,0.028411,0.480473,-1.146845015
340141,-0.445692265,0.7174638201,-0.174102594,0.083007489,-0.220442587,-0.704685558,,0.1201296663,1.3384194673,-0.269713014,-0.355378971,-0.620194204,1,1,1,1,1,1,0,1,1,1,1,1,11,0.0909090909,-0.048289886,0.028411,0.480473,-0.159635213
340142,-0.465523404,0.9356322668,0.3982830548,,-0.893734793,-0.270541921,0.0098003615,0.6210143556,,-0.475061664,-0.722750316,0.5092148315,1,1,1,0,1,1,1,1,0,1,1,1,10,0.1,-0.035366723,0.028411,0.480473,-0.132738478
340143,-0.420903342,0.7720059318,0.2922857125,0.3739931517,-1.323893702,-2.007116468,0.5327100632,-1.597189269,,0.5516815849,0.1956780474,-0.085210977,1,1,1,1,1,1,1,1,0,1,1,1,11,0.0909090909,-0.246905388,0.028411,0.480473,-0.573009898
340145,-0.515101251,0.3356690385,0.1438894333,-1.430117957,0.041393271,0.1636017162,0.5850010334,-0.452309979,,-0.269713014,-0.355378971,-2.165701306,1,1,1,1,1,1,1,1,0,1,1,1,11,0.0909090909,-0.356251635,0.028411,0.480473,-0.800590173
340147,-0.52501682,0.4992953735,0.5042803971,1.3051472721,-0.631898935,0.1636017162,0.166673272,0.4779044444,0.893732745,0.5516815849,0.0119923747,0.6280999932,1,1,1,1,1,1,1,1,1,1,1,1,12,0.0833333333,0.3371244515,0.028411,0.480473,0.6425203548
340148,-0.52501682,0.9901743784,,,,,,,,,-1.457493007,,1,1,0,0,0,0,0,0,0,0,1,0,3,0.3333333333,-0.330778483,0.028411,0.480473,-0.747573384
340151,-0.520059035,1.0447164901,0.3982830548,,-1.155570651,-2.875403742,0.480419093,-0.166090156,,0.5516815849,0.0119923747,-0.3229813,1,1,1,0,1,1,1,1,0,1,1,1,10,0.1,-0.255301229,0.028411,0.480473,-0.590484003
340155,-0.460565619,1.0992586017,0.0802910279,,-2.408642256,-5.046121927,,0.6210143556,0.0738416008,-0.885758964,0.3793637201,0.3903296698,1,1,1,0,1,1,0,1,1,1,1,1,10,0.1,-0.615698979,0.028411,0.480473,-1.340573021
340156,0.0996640483,0.4992953735,,,,,,,,,-0.171693298,,1,1,0,0,0,0,0,0,0,0,1,0,3,0.3333333333,0.1424220412,0.028411,0.480473,0.2372899127
340158,-0.52501682,0.9901743784,-1.255275485,0.4321902842,0.0600958323,-0.704685558,,0.6210143556,,-0.475061664,-1.090121662,1.1630832207,1,1,1,1,1,1,0,1,0,1,1,1,10,0.1,-0.078360312,0.028411,0.480473,-0.222220221
340159,-0.460565619,-0.427920525,0.2286873071,,-0.575791251,-1.138829195,,0.5494594,,,-0.906435989,0.6280999932,1,1,1,0,1,1,0,1,0,0,1,1,8,0.125,-0.262911985,0.028411,0.480473,-0.606324126
340166,-0.515101251,0.2811269268,0.4406819917,0.4321902842,-0.239145148,-0.270541921,-1.088310012,0.1201296663,,0.3463329351,1.2977920836,-1.452390336,1,1,1,1,1,1,1,1,0,1,1,1,11,0.0909090909,-0.058839525,0.028411,0.480473,-0.181591978
340168,-0.009407214,,,,,,,,,,,,1,0,0,0,0,0,0,0,0,0,0,0,1,1,-0.009407214,0.028411,0.480473,-0.078709444
340171,-0.52501682,0.8265480434,0.2074878387,0.1412046215,-1.192975773,-0.704685558,1.2124926754,0.4779044444,,0.5516815849,1.1141064109,1.9952793525,1,1,1,1,1,1,1,1,0,1,1,1,11,0.0909090909,0.3730933473,0.028411,0.480473,0.7173817371
340173,4.0807651381,1.1538007134,0.3982830548,0.4903874167,-0.631898935,0.1636017162,0.8987468544,0.5494594,,0.3463329351,0.1956780474,0.330887089,1,1,1,1,1,1,1,1,0,1,1,1,11,0.0909090909,0.7250948573,0.028411,0.480473,1.4499958188
34017F,-0.093689554,0.2811269268,,,,-0.270541921,,0.2632395775,,,,-0.97684969,1,1,0,0,0,1,0,1,0,0,0,1,5,0.2,-0.159342932,0.028411,0.480473,-0.390767816
340183,-0.52501682,0.8810901551,0.5042803971,0.7813730793,-1.230380896,-1.138829195,0.9510378245,-0.237645112,,-0.269713014,0.1956780474,2.0547219333,1,1,1,1,1,1,1,1,0,1,1,1,11,0.0909090909,0.1787814909,0.028411,0.480473,0.3129641473
340184,-0.52501682,-0.318836301,-0.704089305,0.4903874167,-0.239145148,-0.270541921,,0.6210143556,-0.509809722,0.5516815849,-0.722750316,0.6280999932,1,1,1,1,1,1,0,1,1,1,1,1,11,0.0909090909,-0.090818744,0.028411,0.480473,-0.24814972
340187,-0.049069492,0.4447532618,0.4830809287,0.7231759468,0.0787983936,0.5977453531,,0.5494594,,,-1.457493007,0.330887089,1,1,1,1,1,1,0,1,0,0,1,1,9,0.1111111111,0.1890375416,0.028411,0.480473,0.3343098714
340188,1.0118964276,-0.755173195,0.9918681717,,-0.931139915,-1.572972831,-0.199363519,,,,0.1956780474,0.4497722506,1,1,1,0,1,1,1,0,0,0,1,1,8,0.125,-0.10117932,0.028411,0.480473,-0.269712992
340190,-0.52501682,0.7174638201,-0.025706314,-0.440766704,-0.519683567,-0.704685558,,,,0.5516815849,0.0119923747,2.173607095,1,1,1,1,1,1,0,0,0,1,1,1,9,0.1111111111,0.1376539902,0.028411,0.480473,0.2273662583
340195,-0.52501682,0.8810901551,,,,,,,,,0.3793637201,,1,1,0,0,0,0,0,0,0,0,1,0,3,0.3333333333,0.2451456851,0.028411,0.480473,0.4510866887
34036F,-0.128394046,0.5538374851,,,,0.5977453531,,-0.452309979,,,,-1.452390336,1,1,0,0,0,1,0,1,0,0,0,1,5,0.2,-0.176302305,0.028411,0.480473,-0.426065037
341303,-0.163098539,0.9901743784,0.5042803971,,1.1261418251,,,,,,-0.539064643,1.1036406399,1,1,1,0,1,0,0,0,0,0,1,1,6,0.1666666667,0.5036790096,0.028411,0.480473,0.989167205
341304,-0.45065005,1.1538007134,0.9282697664,,0.6585777931,0.1636017162,1.0556197649,,,,-2.008550025,,1,1,1,0,1,1,1,0,0,0,1,0,7,0.1428571429,0.2143813827,0.028411,0.480473,0.3870575284
341305,1.5622105259,0.3902111501,-1.488469638,,1.5750032957,0.1636017162,,,,,,,1,1,1,0,1,1,0,0,0,0,0,0,5,0.2,0.4405114099,0.028411,0.480473,0.857697675
341307,-0.406029988,0.1720427035,-0.449695684,,,,,,,,0.5630493928,,1,1,1,0,0,0,0,0,0,0,1,0,4,0.25,-0.030158394,0.028411,0.480473,-0.121898481
341311,,1.1538007134,0.5042803971,,-1.305191141,-2.875403742,,,,0.5516815849,-1.090121662,,0,1,1,0,1,1,0,0,0,1,1,0,6,0.1666666667,-0.510158975,0.028411,0.480473,-1.120914607
341314,,,1.2250623248,,,,,,,,,,0,0,1,0,0,0,0,0,0,0,0,0,1,1,1.2250623248,0.028411,0.480473,2.4905686481
341315,0.9424874422,0.1720427035,1.1190649825,,-0.183037464,-1.572972831,-1.715801654,-4.173167671,,,0.3793637201,-0.560751624,1,1,1,0,1,1,1,1,0,0,1,1,9,0.1111111111,-0.621419155,0.028411,0.480473,-1.352478315
341316,-0.475438973,-0.427920525,0.4618814602,,1.2009520702,1.03188899,,,,,-0.171693298,0.3903296698,1,1,1,0,1,1,0,0,0,0,1,1,7,0.1428571429,0.2871427706,0.028411,0.480473,0.5384944281
341317,,,,,,,,,,,,,0,0,0,0,0,0,0,0,0,0,0,0,0,,,0.028411,0.480473,
341318,-0.415945557,0.9901743784,0.6738761448,,-0.183037464,0.1636017162,,0.4779044444,-1.885559269,-1.091107614,-1.090121662,,1,1,1,0,1,1,0,1,1,1,1,0,9,0.1111111111,-0.262246098,0.028411,0.480473,-0.604938228
341319,-0.420903342,-0.373378413,0.2498867756,,0.4154444965,0.5977453531,,,,,-0.722750316,0.7469851548,1,1,1,0,1,1,0,0,0,0,1,1,7,0.1428571429,0.0704328155,0.028411,0.480473,0.0874600995
341320,,0.3356690385,1.0342671087,,,,,,,,,,0,1,1,0,0,0,0,0,0,0,0,0,2,0.5,0.6849680736,0.028411,0.480473,1.3664807032
341322,,0.4447532618,-0.682889837,2.0035128624,0.5463624255,,,,,,-2.008550025,0.0931167656,0,1,1,1,1,0,0,0,0,0,1,1,6,0.1666666667,0.0660509089,0.028411,0.480473,0.0783401201
341323,0.6053580847,0.8265480434,0.7374745502,,0.4154444965,0.5977453531,,,,,-2.559607043,,1,1,1,0,1,1,0,0,0,0,1,0,6,0.1666666667,0.1038272474,0.028411,0.480473,0.1569632987
341324,-0.415945557,0.9356322668,0.5254798656,0.6067816818,-0.875032232,-0.704685558,0.5327100632,0.4779044444,,0.5516815849,-1.273807334,,1,1,1,1,1,1,1,1,0,1,1,0,10,0.1,0.0360719226,0.028411,0.480473,0.0159454232
341325,,1.0992586017,0.5042803971,,-0.482278445,-0.704685558,,,,,,,0,1,1,0,1,1,0,0,0,0,0,0,4,0.25,0.1041437491,0.028411,0.480473,0.1576220277
341326,-0.410987773,-0.482462636,0.6314772079,-2.186680679,0.3406342514,0.5977453531,-0.094781579,-0.738529801,,,-0.539064643,0.9253128974,1,1,1,1,1,1,1,1,0,0,1,1,10,0.1,-0.19573374,0.028411,0.480473,-0.466507316
341327,,1.0992586017,-0.131703657,-2.303074945,0.6585777931,0.5977453531,,,,,-0.171693298,,0,1,1,1,1,1,0,0,0,0,1,0,6,0.1666666667,-0.041815025,0.028411,0.480473,-0.146159207
341328,-0.039153922,-0.100667855,0.0590915594,,-0.332657955,-0.704685558,0.5850010334,-1.954964047,0.0321522206,,0.0119923747,,1,1,1,0,1,1,1,1,1,0,1,0,9,0.1111111111,-0.271543572,0.028411,0.480473,-0.624288885
341329,-0.45065005,-0.155209967,0.5254798656,-0.440766704,0.0787983936,1.03188899,-0.35623643,0.1201296663,,,-1.457493007,1.044198059,1,1,1,1,1,1,1,1,0,0,1,1,10,0.1,-0.005986118,0.028411,0.480473,-0.071589181
350002,-0.520059035,0.1720427035,-3.269224989,-0.557160969,0.1349060774,-0.270541921,,,1.1855584065,0.5516815849,-0.355378971,-0.204096139,1,1,1,1,1,1,0,0,1,1,1,1,10,0.1,-0.313227325,0.028411,0.480473,-0.711044491
350006,-0.30191651,-1.300594311,-0.174102594,1.0141616094,-1.73535005,-1.138829195,,0.4779044444,-0.343052201,0.5516815849,0.7467350655,-1.03629227,1,1,1,1,1,1,0,1,1,1,1,1,11,0.0909090909,-0.294514039,0.028411,0.480473,-0.672096883
350011,-0.520059035,0.9356322668,-0.343698341,0.1412046215,-0.744114303,-0.270541921,-2.500166206,0.5494594,0.8520433648,0.5516815849,0.0119923747,-0.679636785,1,1,1,1,1,1,1,1,1,1,1,1,12,0.0833333333,-0.168016915,0.028411,0.480473,-0.408820812
350015,-0.520059035,0.7720059318,-0.004506846,1.0141616094,0.0787983936,-1.572972831,,0.2632395775,2.283378752,0.5516815849,0.7467350655,-1.095734851,1,1,1,1,1,1,0,1,1,1,1,1,11,0.0909090909,0.2287933955,0.028411,0.480473,0.417052978
350019,0.074875125,1.0992586017,-0.386097278,-0.149781041,0.1162035161,0.1636017162,-0.199363519,0.5494594,,0.3463329351,0.0119923747,-0.204096139,1,1,1,1,1,1,1,1,0,1,1,1,11,0.0909090909,0.1293077902,0.028411,0.480473,0.2099954701
35002F,0.1938619571,0.6083795968,,,,0.5977453531,,-0.094535201,,,,-0.025768396,1,1,0,0,0,1,0,1,0,0,0,1,5,0.2,0.255936662,0.028411,0.480473,0.473545745
350063,-0.292000941,0.8810901551,,,,,,,,,,-2.641241953,1,1,0,0,0,0,0,0,0,0,0,1,3,0.3333333333,-0.684050913,0.028411,0.480473,-1.482832607
350070,-0.425861127,0.9901743784,-0.131703657,-1.313723692,0.8269008446,0.5977453531,,0.6210143556,,0.1409842852,0.3793637201,0.330887089,1,1,1,1,1,1,0,1,0,1,1,1,10,0.1,0.2015781551,0.028411,0.480473,0.3604104131
351300,,-2.936857661,0.546679334,,1.7620289085,1.03188899,,,,,-2.743292716,,0,1,1,0,1,1,0,0,0,0,1,0,5,0.2,-0.467910629,0.028411,0.480473,-1.032983924
351301,,-1.464220646,,,1.257059754,1.03188899,,,,,,,0,1,0,0,1,1,0,0,0,0,0,0,3,0.3333333333,0.2749093658,0.028411,0.480473,0.5130332744
351302,,-2.064183875,-0.216501531,,0.6211726706,1.03188899,,,,,0.3793637201,,0,1,1,0,1,1,0,0,0,0,1,0,5,0.2,-0.049652005,0.028411,0.480473,-0.162470165
351303,-0.52501682,0.4992953735,-0.004506846,,1.3318699991,1.03188899,,,,,-5.682263479,,1,1,1,0,1,1,0,0,0,0,1,0,6,0.1666666667,-0.55812213,0.028411,0.480473,-1.220739415
351304,-0.485354543,0.2265848151,,,1.0139264574,1.03188899,,,,,,,1,1,0,0,1,1,0,0,0,0,0,0,4,0.25,0.44676143,0.028411,0.480473,0.8707057234
351305,-0.52501682,-1.846015428,,,0.9391162123,,,,,,,,1,1,0,0,1,0,0,0,0,0,0,0,3,0.3333333333,-0.477305345,0.028411,0.480473,-1.05253697
351306,,-0.427920525,,,0.9391162123,1.03188899,,,,,,,0,1,0,0,1,1,0,0,0,0,0,0,3,0.3333333333,0.5143615591,0.028411,0.480473,1.0114005931
351307,,0.2265848151,-0.619291431,,1.593705857,1.03188899,,,,,,,0,1,1,0,1,1,0,0,0,0,0,0,4,0.25,0.5582220577,0.028411,0.480473,1.1026866187
351308,,-1.409678535,,,0.9391162123,1.03188899,,,,,,,0,1,0,0,1,1,0,0,0,0,0,0,3,0.3333333333,0.1871088892,0.028411,0.480473,0.3302958037
351309,,0.7174638201,1.2250623248,,1.2757623153,1.03188899,,,,,0.1956780474,,0,1,1,0,1,1,0,0,0,0,1,0,5,0.2,0.8891710995,0.028411,0.480473,1.7914845969
351310,,-2.827773438,-0.746488242,,0.3967419353,,,,,,-0.722750316,,0,1,1,0,1,0,0,0,0,0,1,0,4,0.25,-0.975067515,0.028411,0.480473,-2.088519955
351311,4.2989076635,1.0992586017,-0.08930472,,0.7333880382,1.03188899,,,,,,,1,1,1,0,1,1,0,0,0,0,0,0,5,0.2,1.4148277147,0.028411,0.480473,2.8855237632
351312,-0.401072203,0.9901743784,,,1.462787928,1.03188899,,,,,0.9304207382,,1,1,0,0,1,1,0,0,0,0,1,0,5,0.2,0.8028399663,0.028411,0.480473,1.611805243
351313,,-0.91879953,,,0.4341470578,,,,,,,,0,1,0,0,1,0,0,0,0,0,0,0,2,0.5,-0.242326236,0.028411,0.480473,-0.563479396
351314,,-2.718689215,,,0.8643059672,,,,,,,,0,1,0,0,1,0,0,0,0,0,0,0,2,0.5,-0.927191624,0.028411,0.480473,-1.988876768
351315,-0.173014108,1.0447164901,-0.470895152,,1.0887367025,1.03188899,,,,,,-0.263538719,1,1,1,0,1,1,0,0,0,0,0,1,6,0.1666666667,0.3763157004,0.028411,0.480473,0.7240883596
351316,,0.8810901551,,,1.5375981732,-0.270541921,,,,,,,0,1,0,0,1,1,0,0,0,0,0,0,3,0.3333333333,0.7160488025,0.028411,0.480473,1.4311684362
351318,-0.396114419,-0.209752078,0.6738761448,,1.257059754,1.03188899,,,,,0.9304207382,-0.263538719,1,1,1,0,1,1,0,0,0,0,1,1,7,0.1428571429,0.4319772015,0.028411,0.480473,0.8399355886
351319,,-1.682389093,0.6526766764,,1.6498135408,1.03188899,,,,,1.8488491018,,0,1,1,0,1,1,0,0,0,0,1,0,5,0.2,0.7001678432,0.028411,0.480473,1.398115696
351320,,0.3902111501,0.1650889017,,0.8269008446,1.03188899,,,,,-0.722750316,,0,1,1,0,1,1,0,0,0,0,1,0,5,0.2,0.3382679141,0.028411,0.480473,0.6449002218
351321,,-1.2460522,0.1650889017,,0.9578187736,1.03188899,,,,,0.0119923747,,0,1,1,0,1,1,0,0,0,0,1,0,5,0.2,0.184147368,0.028411,0.480473,0.3241320458
351322,-0.52501682,-2.500520768,,,1.2383571927,1.03188899,,,,,,,1,1,0,0,1,1,0,0,0,0,0,0,4,0.25,-0.188822851,0.028411,0.480473,-0.452123814
351323,,0.8265480434,0.9494692348,,1.2757623153,1.03188899,,,,,-0.539064643,,0,1,1,0,1,1,0,0,0,0,1,0,5,0.2,0.708920788,0.028411,0.480473,1.4163330345
351324,-0.192845247,1.0992586017,0.822272424,,1.1074392638,1.03188899,,,,,0.9304207382,-0.263538719,1,1,1,0,1,1,0,0,0,0,1,1,7,0.1428571429,0.647842293,0.028411,0.480473,1.2892115187
351325,,-1.736931205,,,1.593705857,1.03188899,,,,,,,0,1,0,0,1,1,0,0,0,0,0,0,3,0.3333333333,0.2962212141,0.028411,0.480473,0.5573892208
351326,,-0.209752078,0.3770835864,,0.9765213348,1.03188899,,,,,-1.090121662,,0,1,1,0,1,1,0,0,0,0,1,0,5,0.2,0.2171240343,0.028411,0.480473,0.3927657572
351327,,-2.118725986,0.864671361,,1.6872186634,1.03188899,,,,,,,0,1,1,0,1,1,0,0,0,0,0,0,4,0.25,0.366263257,0.028411,0.480473,0.7031663993
351328,,-1.90055754,-5.092379277,,0.9017110897,1.03188899,,0.6210143556,,,,,0,1,1,0,1,1,0,1,0,0,0,0,5,0.2,-0.887664476,0.028411,0.480473,-1.906609664
351329,,1.0447164901,,,1.6498135408,1.03188899,,,,,-1.457493007,,0,1,0,0,1,1,0,0,0,0,1,0,4,0.25,0.5672315035,0.028411,0.480473,1.1214378077
351330,,0.1175005918,0.5254798656,,0.7894957221,1.03188899,,,,,,,0,1,1,0,1,1,0,0,0,0,0,0,4,0.25,0.6160912924,0.028411,0.480473,1.2231287618
351331,,-0.91879953,,,1.7246237859,1.03188899,,,,,,,0,1,0,0,1,1,0,0,0,0,0,0,3,0.3333333333,0.612571082,0.028411,0.480473,1.2158022147
351332,-0.296958725,-1.2460522,-0.746488242,,0.9017110897,1.03188899,,-0.523864934,,,-0.539064643,,1,1,1,0,1,1,0,1,0,0,1,0,7,0.1428571429,-0.202689809,0.028411,0.480473,-0.480984851
351333,3.6692690105,0.6629217084,0.0166926225,,0.7520905995,-0.270541921,,,,0.5516815849,1.2977920836,0.0931167656,1,1,1,0,1,1,0,0,0,1,1,1,8,0.125,0.8466278068,0.028411,0.480473,1.7029400469
351334,-0.430818911,0.3902111501,0.6102777394,0.8977673444,0.1723111999,-0.704685558,-0.35623643,,,0.5516815849,0.1956780474,-0.144653558,1,1,1,1,1,1,1,0,0,1,1,1,10,0.1,0.118153261,0.028411,0.480473,0.1867797596
351335,,0.7174638201,-1.658065386,,1.1261418251,1.03188899,,0.6210143556,,0.5516815849,0.3793637201,0.687542574,0,1,1,0,1,1,0,1,0,1,1,1,8,0.125,0.4321289355,0.028411,0.480473,0.8402513896
351336,-0.510143466,0.0629584801,0.5254798656,0.3739931517,-0.183037464,0.1636017162,,,-0.09291592,0.5516815849,0.7467350655,0.1525593464,1,1,1,1,1,1,0,0,1,1,1,1,10,0.1,0.179091236,0.028411,0.480473,0.3136088139
351364,,,,,1.5001930506,-0.704685558,,,,,,,0,0,0,0,1,1,0,0,0,0,0,0,2,0.5,0.3977537465,0.028411,0.480473,0.7687069592
360001,-0.049069492,0.7174638201,0.6314772079,0.6067816818,-0.201740026,0.5977453531,0.6895829737,0.3347945331,,0.5516815849,0.5630493928,0.6280999932,1,1,1,1,1,1,1,1,0,1,1,1,11,0.0909090909,0.4608970021,0.028411,0.480473,0.9001258223
360002,-0.52501682,0.0629584801,0.2922857125,0.8977673444,0.0226907097,0.5977453531,0.480419093,0.6210143556,,-0.885758964,-0.355378971,-1.392947755,1,1,1,1,1,1,1,1,0,1,1,1,11,0.0909090909,-0.016747406,0.028411,0.480473,-0.093986445
360003,-0.410987773,1.0992586017,0.0166926225,0.3739931517,-2.689180675,1.03188899,,0.4063494887,-0.468120342,0.3463329351,0.1956780474,-1.333505175,1,1,1,1,1,1,0,1,1,1,1,1,11,0.0909090909,-0.130145466,0.028411,0.480473,-0.329999683
360006,0.2731865118,0.2265848151,0.2922857125,0.0248103565,-1.024652722,0.1636017162,-0.46081837,0.0485747107,0.0877380609,0.1409842852,0.0119923747,-1.74960324,1,1,1,1,1,1,1,1,1,1,1,1,12,0.0833333333,-0.163776316,0.028411,0.480473,-0.399994933
360008,-0.505185681,0.8265480434,-0.301299404,0.4903874167,-1.567026999,-0.704685558,1.1602017052,0.4779044444,,-0.064364365,-0.355378971,-0.085210977,1,1,1,1,1,1,1,1,0,1,1,1,11,0.0909090909,-0.05710094,0.028411,0.480473,-0.177973493
360009,-0.52501682,-1.082425865,0.7374745502,-1.080935161,-0.033416974,0.1636017162,,0.6210143556,,0.1409842852,0.7467350655,1.1036406399,1,1,1,1,1,1,0,1,0,1,1,1,10,0.1,0.0791655792,0.028411,0.480473,0.1056354353
360010,-0.356452141,-0.318836301,0.6314772079,0.8395702119,-0.837627109,0.1636017162,-1.454346803,-1.668744224,,-0.680410314,-0.722750316,-0.798521947,1,1,1,1,1,1,1,1,0,1,1,1,11,0.0909090909,-0.473003638,0.028411,0.480473,-1.043583908
360011,0.4219200519,-0.318836301,-0.386097278,0.3157960191,-0.463575883,-0.270541921,,0.6210143556,,-0.064364365,0.0119923747,0.2714445081,1,1,1,1,1,1,0,1,0,1,1,1,10,0.1,0.0138751561,0.028411,0.480473,-0.030252287
360012,-0.311832079,-1.191510088,0.5042803971,0.8977673444,-0.351360516,0.1636017162,,0.4779044444,,0.5516815849,0.9304207382,0.8064277357,1,1,1,1,1,1,0,1,0,1,1,1,10,0.1,0.2477381278,0.028411,0.480473,0.4564822907
360013,-0.420903342,-2.282352321,0.313485181,-0.615358101,0.041393271,-0.704685558,-0.931437101,0.6210143556,,0.5516815849,1.1141064109,-0.501309043,1,1,1,1,1,1,1,1,0,1,1,1,11,0.0909090909,-0.255851333,0.028411,0.480473,-0.591628925
360014,1.3291946464,-0.59154686,0.6314772079,-1.430117957,-1.062057844,0.1636017162,,-1.525634313,,-0.475061664,-0.355378971,0.5686574123,1,1,1,1,1,1,0,1,0,1,1,1,10,0.1,-0.274686663,0.028411,0.480473,-0.63083054
360016,0.1294107564,0.6629217084,0.3346846494,0.0248103565,-0.070822097,0.1636017162,,0.4779044444,,,-0.539064643,0.0336741848,1,1,1,1,1,1,0,1,0,0,1,1,9,0.1111111111,0.1352356751,0.028411,0.480473,0.2223330649
360017,0.8185428254,0.0084163685,0.6738761448,0.1412046215,0.2658240063,-1.138829195,-0.61769128,0.6210143556,-0.773842463,0.1409842852,0.7467350655,-1.868488402,1,1,1,1,1,1,1,1,1,1,1,1,12,0.0833333333,-0.081854472,0.028411,0.480473,-0.229492551
36001F,0.2483975884,0.1720427035,,,-0.12692978,0.1636017162,,0.6210143556,,,,-1.03629227,1,1,0,0,1,1,0,1,0,0,0,1,6,0.1666666667,0.0069723855,0.028411,0.480473,-0.044618893
360020,-0.058985061,1.0992586017,0.2074878387,0.7231759468,-1.810160295,-0.704685558,,0.6210143556,,0.5516815849,0.3793637201,0.6280999932,1,1,1,1,1,1,0,1,0,1,1,1,10,0.1,0.1636251127,0.028411,0.480473,0.2814194641
360025,-0.217634171,1.0447164901,0.3770835864,-0.207978174,0.041393271,-0.270541921,1.2124926754,0.4063494887,,0.5516815849,0.3793637201,0.9253128974,1,1,1,1,1,1,1,1,0,1,1,1,11,0.0909090909,0.3856581317,0.028411,0.480473,0.7435325851
360026,-0.52501682,0.7174638201,0.0590915594,,0.1349060774,0.1636017162,,,,,-0.539064643,0.9253128974,1,1,1,0,1,1,0,0,0,0,1,1,7,0.1428571429,0.1337563724,0.028411,0.480473,0.2192542202
360027,0.015381709,0.2811269268,0.2922857125,-0.906343764,0.0600958323,0.1636017162,-1.506637773,-0.022980245,-1.010082285,-0.885758964,0.5630493928,-0.739079366,1,1,1,1,1,1,1,1,1,1,1,1,12,0.0833333333,-0.307945092,0.028411,0.480473,-0.70005068
360029,-0.044111707,0.0629584801,0.546679334,0.0248103565,-0.164334903,0.5977453531,,0.1916846219,,-0.064364365,0.9304207382,0.9253128974,1,1,1,1,1,1,0,1,0,1,1,1,10,0.1,0.3006800806,0.028411,0.480473,0.5666693754
360032,-0.515101251,-0.864257418,0.7586740187,-0.091583909,0.4154444965,1.03188899,1.2124926754,0.4779044444,,-0.475061664,1.1141064109,0.2120019273,1,1,1,1,1,1,1,1,0,1,1,1,11,0.0909090909,0.2978644292,0.028411,0.480473,0.5608092134
360035,-0.37628328,-1.2460522,0.6526766764,0.083007489,0.1536086387,0.5977453531,,0.1916846219,-0.690463703,0.5516815849,0.7467350655,0.330887089,1,1,1,1,1,1,0,1,1,1,1,1,11,0.0909090909,0.0904752123,0.028411,0.480473,0.1291739607
360036,0.3326799278,0.6083795968,0.6526766764,-0.731752366,-0.201740026,0.5977453531,0.480419093,0.3347945331,,0.5516815849,1.1141064109,0.3903296698,1,1,1,1,1,1,1,1,0,1,1,1,11,0.0909090909,0.3753927685,0.028411,0.480473,0.7221674789
360039,2.7173743539,0.4447532618,-0.449695684,-0.964540896,-0.70670918,-0.270541921,-0.042490609,0.6210143556,,0.1409842852,-0.539064643,0.5686574123,1,1,1,1,1,1,1,1,0,1,1,1,11,0.0909090909,0.1381582487,0.028411,0.480473,0.228415762
36003F,0.1641152491,0.6629217084,,,,0.1636017162,,0.6210143556,,,,-0.798521947,1,1,0,0,0,1,0,1,0,0,0,1,5,0.2,0.1626262164,0.028411,0.480473,0.2793404803
360040,-0.0788162,0.4992953735,-0.216501531,0.5485845492,-0.370063077,-0.704685558,-0.46081837,0.5494594,,0.5516815849,1.1141064109,-0.085210977,1,1,1,1,1,1,1,1,0,1,1,1,11,0.0909090909,0.1224574188,0.028411,0.480473,0.1957379218
360041,-0.52501682,0.0084163685,0.546679334,-0.324372439,-0.987247599,-0.704685558,0.1143823019,0.5494594,,,0.1956780474,-1.511832917,1,1,1,1,1,1,1,1,0,0,1,1,10,0.1,-0.263853988,0.028411,0.480473,-0.608284699
360044,-0.475438973,0.6083795968,0.546679334,1.072358742,0.4341470578,-0.270541921,-0.61769128,0.6210143556,,-0.269713014,1.1141064109,-1.452390336,1,1,1,1,1,1,1,1,0,1,1,1,11,0.0909090909,0.1191736338,0.028411,0.480473,0.1889034423
360046,4.1402585541,-0.427920525,0.0802910279,,1.0326290187,,-1.820383594,-0.380755023,,-0.269713014,-0.171693298,-0.739079366,1,1,1,0,1,0,1,1,0,1,1,1,9,0.1111111111,0.1604037533,0.028411,0.480473,0.2747149098
360048,-0.445692265,0.9901743784,0.1226899648,0.3739931517,-0.145632342,-0.270541921,,0.2632395775,,,-0.171693298,0.330887089,1,1,1,1,1,1,0,1,0,0,1,1,9,0.1111111111,0.1163804817,0.028411,0.480473,0.1830901077
360051,-0.470481189,0.9901743784,-0.152903125,0.3739931517,0.1910137612,-0.270541921,-0.61769128,0.6210143556,1.3384194673,0.5516815849,0.1956780474,0.5092148315,1,1,1,1,1,1,1,1,1,1,1,1,12,0.0833333333,0.2716310052,0.028411,0.480473,0.5062100845
360054,-0.391156634,0.1175005918,-0.513294089,0.5485845492,0.583767548,0.1636017162,-0.042490609,0.1201296663,-2.09400617,0.5516815849,0.3793637201,0.2120019273,1,1,1,1,1,1,1,1,1,1,1,1,12,0.0833333333,-0.030359683,0.028411,0.480473,-0.122317421
360055,-0.52501682,-1.027883753,-1.106879206,0.1412046215,-1.192975773,-2.007116468,,0.4063494887,,,-0.171693298,0.5686574123,1,1,1,1,1,1,0,1,0,0,1,1,9,0.1111111111,-0.546150422,0.028411,0.480473,-1.195822925
360056,-0.073858415,0.6083795968,0.1014904963,0.2575988866,-0.295252832,0.5977453531,-0.199363519,0.4063494887,,-2.117850863,0.9304207382,0.2120019273,1,1,1,1,1,1,1,1,0,1,1,1,11,0.0909090909,0.0388782598,0.028411,0.480473,0.0217861998
360058,-0.505185681,0.2265848151,0.271086244,0.0248103565,0.8081982834,1.03188899,-0.094781579,0.0485747107,,0.5516815849,0.7467350655,-0.204096139,1,1,1,1,1,1,1,1,0,1,1,1,11,0.0909090909,0.2641360592,0.028411,0.480473,0.4906109951
360059,0.2979754351,0.9356322668,0.2286873071,0.6649788143,-0.257847709,-1.138829195,-3.336821729,0.6210143556,0.504631863,0.1409842852,1.6651634291,-1.630718079,1,1,1,1,1,1,1,1,1,1,1,1,12,0.0833333333,-0.108762413,0.028411,0.480473,-0.285495539
360064,0.045128417,0.6083795968,0.3770835864,0.6649788143,-0.762816864,0.5977453531,,-0.094535201,,,0.3793637201,-2.106258725,1,1,1,1,1,1,0,1,0,0,1,1,9,0.1111111111,-0.0323257,0.028411,0.480473,-0.126409255
360065,-0.52501682,0.7174638201,0.3982830548,-0.207978174,0.6211726706,0.5977453531,1.5262384964,0.5494594,,0.5516815849,0.0119923747,0.5092148315,1,1,1,1,1,1,1,1,0,1,1,1,11,0.0909090909,0.4318415084,0.028411,0.480473,0.839653173
360066,-0.222591955,0.2811269268,-0.131703657,0.4903874167,0.1910137612,0.5977453531,,-0.738529801,0.2405991217,0.3463329351,0.7467350655,-0.620194204,1,1,1,1,1,1,0,1,1,1,1,1,11,0.0909090909,0.1073564511,0.028411,0.480473,0.1643085636
360068,-0.52501682,0.4447532618,0.3770835864,0.1412046215,-0.220442587,-0.270541921,-1.088310012,0.5494594,0.5880106234,-0.064364365,0.1956780474,-0.263538719,1,1,1,1,1,1,1,1,1,1,1,1,12,0.0833333333,-0.011335407,0.028411,0.480473,-0.082722555
360070,-0.37628328,0.0629584801,0.5254798656,1.072358742,-2.053293592,-3.743691016,0.8987468544,-0.022980245,,0.5516815849,0.0119923747,-0.3229813,1,1,1,1,1,1,1,1,0,1,1,1,11,0.0909090909,-0.308728321,0.028411,0.480473,-0.701680799
360071,0.7193871321,0.6629217084,-1.022081332,-0.731752366,0.5089573029,0.5977453531,,0.3347945331,,-1.707153563,1.1141064109,-0.263538719,1,1,1,1,1,1,0,1,0,1,1,1,10,0.1,0.0213386459,0.028411,0.480473,-0.014718667
360072,-0.425861127,0.9356322668,0.3770835864,-0.673555234,0.0975009548,,1.0033287947,0.4779044444,,-1.296456264,0.1956780474,-0.441866462,1,1,1,1,1,0,1,1,0,1,1,1,10,0.1,0.0249389008,0.028411,0.480473,-0.007225524
360075,-0.52501682,-0.373378413,0.2498867756,-0.615358101,-0.70670918,1.03188899,0.5850010334,,-0.523706182,-0.064364365,0.5630493928,-0.3229813,1,1,1,1,1,1,1,0,1,1,1,1,11,0.0909090909,-0.063789834,0.028411,0.480473,-0.19189496
360076,-0.45065005,1.0992586017,-1.255275485,0.3739931517,-0.183037464,0.1636017162,-0.199363519,0.6210143556,-0.871117684,0.5516815849,-0.355378971,0.5686574123,1,1,1,1,1,1,1,1,1,1,1,1,12,0.0833333333,0.0052819708,0.028411,0.480473,-0.048137121
360077,-0.207718601,0.4992953735,0.822272424,0.6649788143,-1.43610907,-2.007116468,0.794164914,-0.237645112,,0.5516815849,1.1141064109,0.0931167656,1,1,1,1,1,1,1,1,0,1,1,1,11,0.0909090909,0.059184276,0.028411,0.480473,0.0640487271
360078,-0.52501682,0.3902111501,0.4406819917,1.3051472721,-1.342596263,-2.007116468,0.6895829737,0.5494594,,,0.5630493928,0.6280999932,1,1,1,1,1,1,1,1,0,0,1,1,10,0.1,0.0691502622,0.028411,0.480473,0.0847907455
360079,-0.52501682,0.9901743784,0.5254798656,0.2575988866,-0.070822097,-0.270541921,,-1.382524402,,-0.680410314,0.1956780474,0.0931167656,1,1,1,1,1,1,0,1,0,1,1,1,10,0.1,-0.086726761,0.028411,0.480473,-0.239633153
36007F,-0.311832079,0.3356690385,,,,0.5977453531,,-0.237645112,,,,-2.938454857,1,1,0,0,0,1,0,1,0,0,0,1,5,0.2,-0.510903531,0.028411,0.480473,-1.122464239
360080,0.0352128476,0.8810901551,0.7798734871,,0.0787983936,-0.704685558,,-4.745607316,,,,-0.382423881,1,1,1,0,1,1,0,1,0,0,0,1,7,0.1428571429,-0.57967741,0.028411,0.480473,-1.265602011
360082,-0.123436262,0.6083795968,0.8434718925,,0.1723111999,-0.270541921,,0.4063494887,,,1.2977920836,0.0931167656,1,1,1,0,1,1,0,1,0,0,1,1,8,0.125,0.3784303556,0.028411,0.480473,0.7284895514
360084,-0.505185681,-1.082425865,-0.004506846,0.5485845492,-0.295252832,-0.704685558,0.4281281229,-0.022980245,,0.3463329351,0.7467350655,0.330887089,1,1,1,1,1,1,1,1,0,1,1,1,11,0.0909090909,-0.019488115,0.028411,0.480473,-0.099690632
360085,-0.52501682,0.4447532618,-0.746488242,-0.033386776,-2.333832011,-2.007116468,,-0.022980245,1.8247955697,-0.269713014,0.0119923747,-0.798521947,1,1,1,1,1,1,0,1,1,1,1,1,11,0.0909090909,-0.405046756,0.028411,0.480473,-0.902146536
360086,-0.15318297,0.3902111501,0.7162750817,-0.207978174,0.247121445,-0.270541921,0.2712552124,0.6210143556,,-0.064364365,0.7467350655,-0.798521947,1,1,1,1,1,1,1,1,0,1,1,1,11,0.0909090909,0.1361839031,0.028411,0.480473,0.224306594
360087,-0.138309616,0.5538374851,0.5042803971,,-0.052119535,-1.138829195,,0.4063494887,,,1.2977920836,0.1525593464,1,1,1,0,1,1,0,1,0,0,1,1,8,0.125,0.1981950569,0.028411,0.480473,0.3533692349
360089,-0.257296448,0.4447532618,0.2286873071,-0.266175306,0.4902547416,0.1636017162,0.1143823019,0.5494594,,0.5516815849,1.2977920836,-1.095734851,1,1,1,1,1,1,1,1,0,1,1,1,11,0.0909090909,0.2019459811,0.028411,0.480473,0.3611759624
36008F,-0.306874295,0.3902111501,,,,,,0.6210143556,,,,,1,1,0,0,0,0,0,1,0,0,0,0,3,0.3333333333,0.2347837371,0.028411,0.480473,0.4295205625
360091,-0.15318297,0.5538374851,0.8858708294,0.2575988866,-0.594493812,0.1636017162,1.107910735,0.4779044444,,,0.5630493928,0.330887089,1,1,1,1,1,1,1,1,0,0,1,1,10,0.1,0.3592983796,0.028411,0.480473,0.6886705318
360092,0.1393263257,0.8265480434,0.313485181,-1.430117957,-0.295252832,1.03188899,0.3235461825,0.5494594,,0.5516815849,0.9304207382,0.1525593464,1,1,1,1,1,1,1,1,0,1,1,1,11,0.0909090909,0.281231364,0.028411,0.480473,0.5261911294
360095,-0.257296448,0.1175005918,-0.449695684,-1.255526559,-0.070822097,0.5977453531,,0.6210143556,1.6997274291,-0.064364365,1.6651634291,0.0336741848,1,1,1,1,1,1,0,1,1,1,1,1,11,0.0909090909,0.2397381992,0.028411,0.480473,0.4398321908
360096,-0.386198849,-0.209752078,-0.682889837,,0.4154444965,-0.704685558,,-1.454079357,,,0.1956780474,0.0931167656,1,1,1,0,1,1,0,1,0,0,1,1,8,0.125,-0.341670796,0.028411,0.480473,-0.770243349
360098,-0.52501682,0.0084163685,0.6950756133,0.4321902842,-1.118165528,-0.270541921,0.5850010334,-0.022980245,0.5880106234,0.5516815849,1.1141064109,-1.214620013,1,1,1,1,1,1,1,1,1,1,1,1,12,0.0833333333,0.0685964493,0.028411,0.480473,0.0836381053
360107,-0.123436262,0.9901743784,0.4406819917,0.2575988866,0.5650649868,0.1636017162,,0.1916846219,,-1.707153563,0.1956780474,-1.095734851,1,1,1,1,1,1,0,1,0,1,1,1,10,0.1,-0.012184005,0.028411,0.480473,-0.084488725
360109,-0.406029988,0.4992953735,1.0130676402,,0.1910137612,-0.704685558,-1.349764863,0.6210143556,,,0.5630493928,-0.917407109,1,1,1,0,1,1,1,1,0,0,1,1,9,0.1111111111,-0.05449411,0.028411,0.480473,-0.172547947
360112,-0.073858415,0.6629217084,0.6314772079,-0.440766704,0.1536086387,0.1636017162,0.5850010334,0.6210143556,0.1572203613,0.1409842852,0.3793637201,-0.739079366,1,1,1,1,1,1,1,1,1,1,1,1,12,0.0833333333,0.1867907118,0.028411,0.480473,0.3296335872
360118,0.5161179606,-0.155209967,0.7586740187,-0.615358101,0.7520905995,0.1636017162,,0.4779044444,,0.5516815849,0.3793637201,-0.3229813,1,1,1,1,1,1,0,1,0,1,1,1,10,0.1,0.2505884676,0.028411,0.480473,0.4624146491
360121,2.5835141678,0.9356322668,1.0342671087,1.2469501395,1.05133158,1.03188899,,-0.166090156,,-0.680410314,1.2977920836,0.2714445081,1,1,1,1,1,1,0,1,0,1,1,1,10,0.1,0.8606320374,0.028411,0.480473,1.732086787
360123,-0.52501682,-0.427920525,0.313485181,0.3739931517,-0.912437354,0.1636017162,-0.931437101,0.4063494887,,,0.0119923747,-0.620194204,1,1,1,1,1,1,1,1,0,0,1,1,10,0.1,-0.214758409,0.028411,0.480473,-0.506103
360125,-0.381241065,0.3902111501,0.8010729556,0.6067816818,0.1910137612,0.1636017162,,0.5494594,,,1.1141064109,-1.095734851,1,1,1,1,1,1,0,1,0,0,1,1,9,0.1111111111,0.2599190178,0.028411,0.480473,0.4818341466
360131,-0.326705433,-0.973341641,0.037892091,-0.091583909,-0.089524658,-0.704685558,,0.4063494887,,,1.2977920836,-0.560751624,1,1,1,1,1,1,0,1,0,0,1,1,9,0.1111111111,-0.111617684,0.028411,0.480473,-0.291438161
360132,-0.52501682,0.8810901551,0.7798734871,0.0248103565,0.4715521804,0.1636017162,1.5262384964,-1.23941449,,0.1409842852,-0.539064643,0.9847554782,1,1,1,1,1,1,1,1,0,1,1,1,11,0.0909090909,0.2426736546,0.028411,0.480473,0.4459416986
360133,-0.52501682,0.9901743784,0.313485181,-0.091583909,0.378039374,-0.270541921,0.5327100632,0.1201296663,0.3795637224,0.5516815849,0.7467350655,0.330887089,1,1,1,1,1,1,1,1,1,1,1,1,12,0.0833333333,0.2880219563,0.028411,0.480473,0.5403242607
360134,4.2344564628,-0.100667855,0.6526766764,0.4321902842,0.2658240063,-1.572972831,,0.1201296663,-1.149046885,0.5516815849,0.0119923747,-0.97684969,1,1,1,1,1,1,0,1,1,1,1,1,11,0.0909090909,0.2244921631,0.028411,0.480473,0.4081009044
360137,-0.52501682,0.0084163685,0.271086244,0.5485845492,-1.828862857,-0.270541921,,0.6210143556,-0.1346053,-0.064364365,0.1956780474,-1.511832917,1,1,1,1,1,1,0,1,1,1,1,1,11,0.0909090909,-0.244585874,0.028411,0.480473,-0.568182338
360143,-0.173014108,0.5538374851,0.4830809287,,-0.968545038,-1.572972831,0.6372920035,0.5494594,,,0.3793637201,-0.263538719,1,1,1,0,1,1,1,1,0,0,1,1,9,0.1111111111,-0.041670796,0.028411,0.480473,-0.145859025
360144,-0.182929678,0.6083795968,0.589078271,,-0.688006619,-1.572972831,,0.5494594,,,0.9304207382,0.0931167656,1,1,1,0,1,1,0,1,0,0,1,1,8,0.125,0.0408182054,0.028411,0.480473,0.0258237719
360145,-0.52501682,-0.046125743,0.4830809287,-0.615358101,-0.295252832,0.5977453531,1.1602017052,-0.523864934,0.9354221252,,0.0119923747,-0.739079366,1,1,1,1,1,1,1,1,1,0,1,1,11,0.0909090909,0.0403404264,0.028411,0.480473,0.0248293793
360147,-0.396114419,-0.755173195,-0.449695684,0.0248103565,0.4154444965,0.5977453531,0.480419093,0.6210143556,-1.023978745,0.5516815849,0.0119923747,0.2714445081,1,1,1,1,1,1,1,1,1,1,1,1,12,0.0833333333,0.0291325067,0.028411,0.480473,0.0015025483
360148,-0.52501682,-1.191510088,0.313485181,,-0.014714413,0.1636017162,0.8464558842,0.4779044444,,0.5516815849,1.6651634291,1.4008535441,1,1,1,0,1,1,1,1,0,1,1,1,10,0.1,0.3687904463,0.028411,0.480473,0.7084261906
360150,-0.296958725,1.2083428251,0.8010729556,0.8395702119,0.1162035161,-0.270541921,,0.3347945331,,,0.9304207382,-0.798521947,1,1,1,1,1,1,0,1,0,0,1,1,9,0.1111111111,0.3182646874,0.028411,0.480473,0.6032678848
360152,0.7838383328,-0.482462636,-0.110504188,-0.207978174,-0.482278445,0.1636017162,,0.5494594,,0.3463329351,0.5630493928,0.0931167656,1,1,1,1,1,1,0,1,0,1,1,1,10,0.1,0.1216175099,0.028411,0.480473,0.1939898354
360155,-0.495270112,-1.355136423,-0.110504188,0.7813730793,-0.781519425,-0.704685558,0.0620913317,0.1201296663,1.1855584065,0.1409842852,0.3793637201,1.4602961249,1,1,1,1,1,1,1,1,1,1,1,1,12,0.0833333333,0.0568900757,0.028411,0.480473,0.0592738513
360156,-0.52501682,0.2811269268,0.8858708294,1.5961329347,0.5276598642,0.1636017162,1.107910735,0.5494594,,0.5516815849,0.3793637201,-1.214620013,1,1,1,1,1,1,1,1,0,1,1,1,11,0.0909090909,0.3911973526,0.028411,0.480473,0.7550612606
360159,-0.292000941,0.1720427035,0.8010729556,0.1412046215,-0.70670918,-2.007116468,1.0556197649,0.4779044444,-0.523706182,-0.269713014,-0.355378971,-0.560751624,1,1,1,1,1,1,1,1,1,1,1,1,12,0.0833333333,-0.172294324,0.028411,0.480473,-0.417723303
360161,0.2979754351,0.6083795968,0.7162750817,,0.3219316902,0.1636017162,-3.075366878,-2.098073958,,0.5516815849,0.9304207382,-2.106258725,1,1,1,0,1,1,1,1,0,1,1,1,10,0.1,-0.368943372,0.028411,0.480473,-0.827005245
360163,-0.455607835,1.0447164901,-0.258900467,-0.149781041,-0.575791251,-0.704685558,-0.35623643,0.1916846219,0.2267026616,0.5516815849,0.3793637201,0.5092148315,1,1,1,1,1,1,1,1,1,1,1,1,12,0.0833333333,0.0335301107,0.028411,0.480473,0.0106551983
360170,0.8879518108,-0.864257418,0.1014904963,0.5485845492,-0.108227219,0.5977453531,,0.1916846219,,-1.912502213,0.3793637201,-1.333505175,1,1,1,1,1,1,0,1,0,1,1,1,10,0.1,-0.151167147,0.028411,0.480473,-0.37375171
360172,-0.123436262,0.2811269268,0.4194825233,-0.033386776,0.041393271,0.5977453531,,0.6210143556,,0.5516815849,0.9304207382,-1.214620013,1,1,1,1,1,1,0,1,0,1,1,1,10,0.1,0.2071421702,0.028411,0.480473,0.3719906925
360174,-0.510143466,0.7720059318,-0.046905783,-1.080935161,-0.052119535,0.5977453531,-0.303945459,0.6210143556,,0.5516815849,0.0119923747,0.7469851548,1,1,1,1,1,1,1,1,0,1,1,1,11,0.0909090909,0.1188523045,0.028411,0.480473,0.1882346657
360175,-0.282085371,-1.682389093,-0.598091963,0.0248103565,0.3406342514,-0.270541921,0.9510378245,,,0.5516815849,0.1956780474,1.2819683824,1,1,1,1,1,1,1,0,0,1,1,1,10,0.1,0.0512702099,0.028411,0.480473,0.0475773311
360179,4.1749630468,-0.373378413,0.4406819917,-0.149781041,0.0787983936,0.5977453531,0.5850010334,0.4063494887,-0.065123,0.5516815849,0.1956780474,-0.857964528,1,1,1,1,1,1,1,1,1,1,1,1,12,0.0833333333,0.4653876631,0.028411,0.480473,0.9094721501
360180,-0.024280568,0.7174638201,0.5678788025,-0.149781041,-0.4074682,-2.007116468,0.5327100632,0.5494594,0.9076292051,,0.1956780474,-0.204096139,1,1,1,1,1,1,1,1,1,0,1,1,11,0.0909090909,0.0616433566,0.028411,0.480473,0.0691667649
360185,-0.00444943,-1.627846981,0.1862883702,0.2575988866,-1.080760406,-0.704685558,-2.500166206,0.4779044444,,,0.1956780474,0.0931167656,1,1,1,1,1,1,1,1,0,0,1,1,10,0.1,-0.470732207,0.028411,0.480473,-1.038856421
360189,-0.505185681,0.7174638201,0.3770835864,,0.4902547416,0.1636017162,,0.4063494887,,,0.0119923747,-2.760127115,1,1,1,0,1,1,0,1,0,0,1,1,8,0.125,-0.137320884,0.028411,0.480473,-0.344933743
360197,-0.480396758,-0.373378413,0.1438894333,1.072358742,-0.239145148,0.1636017162,0.6372920035,0.6210143556,,0.5516815849,0.9304207382,1.4008535441,1,1,1,1,1,1,1,1,0,1,1,1,11,0.0909090909,0.4025628908,0.028411,0.480473,0.7787161402
360203,-0.52501682,0.8265480434,-0.407296747,0.5485845492,0.1536086387,1.03188899,-0.826855161,0.4779044444,,-0.064364365,0.1956780474,0.3903296698,1,1,1,1,1,1,1,1,0,1,1,1,11,0.0909090909,0.1637281173,0.028411,0.480473,0.2816338457
360210,0.8433317488,-0.755173195,-0.280099936,-0.789949499,0.2845265676,-0.270541921,,0.4063494887,,0.5516815849,0.3793637201,0.2120019273,1,1,1,1,1,1,0,1,0,1,1,1,10,0.1,0.0581490487,0.028411,0.480473,0.0618941281
360211,-0.465523404,0.3356690385,-0.110504188,-0.324372439,-0.912437354,-1.138829195,-0.35623643,-1.74029918,0.296184962,0.5516815849,0.3793637201,-0.204096139,1,1,1,1,1,1,1,1,1,1,1,1,12,0.0833333333,-0.307449919,0.028411,0.480473,-0.699020084
360218,-0.182929678,0.4447532618,-0.068105251,0.8977673444,-0.85632967,-0.704685558,1.3693655859,0.6210143556,-1.329700866,0.5516815849,0.3793637201,1.3414109632,1,1,1,1,1,1,1,1,1,1,1,1,12,0.0833333333,0.2053004827,0.028411,0.480473,0.3681576231
360230,-0.242423094,0.4992953735,0.4618814602,-0.440766704,-0.931139915,-0.704685558,1.107910735,-0.022980245,1.0743867259,0.5516815849,1.1141064109,-0.382423881,1,1,1,1,1,1,1,1,1,1,1,1,12,0.0833333333,0.1737369078,0.028411,0.480473,0.302464952
360234,-0.009407214,0.6083795968,0.3558841179,-0.557160969,0.1162035161,0.1636017162,-0.35623643,0.6210143556,,0.5516815849,0.1956780474,0.2120019273,1,1,1,1,1,1,1,1,0,1,1,1,11,0.0909090909,0.1728763863,0.028411,0.480473,0.3006739648
360236,0.0054661396,0.4447532618,0.3558841179,-0.673555234,0.378039374,0.1636017162,0.2189642422,0.4063494887,,,0.1956780474,0.6280999932,1,1,1,1,1,1,1,1,0,0,1,1,10,0.1,0.2123281147,0.028411,0.480473,0.3827841006
360239,-0.52501682,0.9901743784,0.4406819917,1.188753007,0.6772803544,-0.270541921,0.4281281229,0.1916846219,,,0.0119923747,0.9847554782,1,1,1,1,1,1,1,1,0,0,1,1,10,0.1,0.4117891588,0.028411,0.480473,0.7979185973
360245,0.0699173403,0.0084163685,,,,,,,,,,,1,1,0,0,0,0,0,0,0,0,0,0,2,0.5,0.0391668544,0.028411,0.480473,0.0223868463
360259,-0.52501682,-0.700631083,0.8010729556,0.3157960191,0.8830085285,0.1636017162,1.0556197649,-0.022980245,,0.5516815849,0.0119923747,0.1525593464,1,1,1,1,1,1,1,1,0,1,1,1,11,0.0909090909,0.2442458311,0.028411,0.480473,0.4492138397
360263,-0.247380879,0.6629217084,,,,,,,,,2.3999061199,,1,1,0,0,0,0,0,0,0,0,1,0,3,0.3333333333,0.9384823166,0.028411,0.480473,1.8941151
360266,-0.391156634,-0.973341641,-1.106879206,,,,,,,,0.0119923747,,1,1,1,0,0,0,0,0,0,0,1,0,4,0.25,-0.614846277,0.028411,0.480473,-1.338798308
360270,-0.098647338,0.1175005918,0.9070702979,0.6067816818,0.5650649868,1.03188899,,0.6210143556,,,-0.355378971,-1.452390336,1,1,1,1,1,1,0,1,0,0,1,1,9,0.1111111111,0.2158782509,0.028411,0.480473,0.3901729319
360276,0.134368541,0.7720059318,0.313485181,-1.197329427,-1.417406509,0.1636017162,-3.70285852,-0.094535201,,-0.475061664,0.7467350655,-1.511832917,1,1,1,1,1,1,1,1,0,1,1,1,11,0.0909090909,-0.569893437,0.028411,0.480473,-1.245238812
360348,1.244912307,-0.755173195,-0.619291431,0.5485845492,-0.912437354,-0.704685558,,0.5494594,,0.3463329351,0.9304207382,-0.144653558,1,1,1,1,1,1,0,1,0,1,1,1,10,0.1,0.0483468834,0.028411,0.480473,0.0414930669
360351,-0.52501682,0.7720059318,,,,,,,0.8520433648,,0.0119923747,,1,1,0,0,0,0,0,0,1,0,1,0,4,0.25,0.2777562128,0.028411,0.480473,0.518958363
360352,-0.515101251,-0.755173195,0.822272424,-1.313723692,,,,0.6210143556,2.9226159153,,0.0119923747,,1,1,1,1,0,0,0,1,1,0,1,0,7,0.1428571429,0.2562709904,0.028411,0.480473,0.4742415762
360354,-0.15318297,0.9901743784,-0.068105251,0.1412046215,-1.192975773,1.03188899,0.4281281229,0.4063494887,-0.287466361,0.3463329351,0.0119923747,-0.025768396,1,1,1,1,1,1,1,1,1,1,1,1,12,0.0833333333,0.1357143467,0.028411,0.480473,0.2233293149
360355,-0.401072203,0.1720427035,-2.124453692,,,,,0.4779044444,,,0.7467350655,,1,1,1,0,0,0,0,1,0,0,1,0,5,0.2,-0.225768736,0.028411,0.480473,-0.529018586
360358,-0.505185681,0.2811269268,0.589078271,,1.0326290187,1.03188899,,,,,2.2162204472,,1,1,1,0,1,1,0,0,0,0,1,0,6,0.1666666667,0.7742929954,0.028411,0.480473,1.5523909727
360359,-0.52501682,-0.59154686,-0.258900467,0.2575988866,-1.529621876,-0.270541921,-0.094781579,0.2632395775,,,0.3793637201,0.330887089,1,1,1,1,1,1,1,1,0,0,1,1,10,0.1,-0.203932025,0.028411,0.480473,-0.483570251
360360,-0.52501682,1.0447164901,0.546679334,1.3051472721,-0.295252832,-0.270541921,0.1143823019,0.1201296663,,0.5516815849,-0.171693298,0.4497722506,1,1,1,1,1,1,1,1,0,1,1,1,11,0.0909090909,0.2609094572,0.028411,0.480473,0.4838955294
360361,-0.45065005,0.4992953735,-1.552068044,0.1994017541,0.4528496191,1.03188899,,0.6210143556,,,,,1,1,1,1,1,1,0,1,0,0,0,0,7,0.1428571429,0.1145331426,0.028411,0.480473,0.1792452758
360364,-0.187887462,0.4447532618,0.7374745502,-2.361272077,-1.211678335,-0.270541921,0.2189642422,-0.452309979,,,0.7467350655,-0.025768396,1,1,1,1,1,1,1,1,0,0,1,1,10,0.1,-0.236153105,0.028411,0.480473,-0.550631375
360365,-0.465523404,0.2265848151,-0.025706314,,0.714685477,0.1636017162,1.5262384964,0.3347945331,,-0.475061664,1.1141064109,0.0931167656,1,1,1,0,1,1,1,1,0,1,1,1,10,0.1,0.3206836832,0.028411,0.480473,0.6083024948
360367,-0.52501682,0.4447532618,,,0.5463624255,0.5977453531,,,,,1.2977920836,,1,1,0,0,1,1,0,0,0,0,1,0,5,0.2,0.4723272608,0.028411,0.480473,0.9239154034
360368,-0.52501682,0.9901743784,0.8010729556,-0.906343764,0.4715521804,0.5977453531,0.2189642422,0.0485747107,,,0.3793637201,1.1630832207,1,1,1,1,1,1,1,1,0,0,1,1,10,0.1,0.3239170177,0.028411,0.480473,0.6150319728
361300,,-0.100667855,0.5042803971,,1.6311109795,,,,,,-0.171693298,,0,1,1,0,1,0,0,0,0,0,1,0,4,0.25,0.4657575559,0.028411,0.480473,0.910242001
361301,,,0.822272424,,,1.03188899,,-0.881639712,,,,,0,0,1,0,0,1,0,1,0,0,0,0,3,0.3333333333,0.3241739005,0.028411,0.480473,0.6155666182
361302,-0.510143466,-0.700631083,0.9494692348,,,-1.138829195,,-4.888717227,,,,,1,1,1,0,0,1,0,1,0,0,0,0,5,0.2,-1.257770347,0.028411,0.480473,-2.676904009
361303,-0.257296448,0.1720427035,0.6738761448,,0.6585777931,1.03188899,0.2189642422,0.6210143556,,,,,1,1,1,0,1,1,1,1,0,0,0,0,7,0.1428571429,0.4455811116,0.028411,0.480473,0.8682491492
361304,-0.455607835,0.6629217084,1.0978655141,,1.2383571927,0.5977453531,,,,,-0.539064643,,1,1,1,0,1,1,0,0,0,0,1,0,6,0.1666666667,0.4337028817,0.028411,0.480473,0.843527214
361306,-0.058985061,-0.100667855,0.6738761448,,1.2196546314,1.03188899,,,,,0.0119923747,,1,1,1,0,1,1,0,0,0,0,1,0,6,0.1666666667,0.4629598708,0.028411,0.480473,0.9044192319
361307,-0.52501682,0.0084163685,0.864671361,,-0.519683567,-0.270541921,1.1602017052,0.5494594,,,0.5630493928,0.2120019273,1,1,1,0,1,1,1,1,0,0,1,1,9,0.1111111111,0.2269508718,0.028411,0.480473,0.4132181683
361308,,,0.9070702979,,0.3593368127,0.5977453531,1.5262384964,0.6210143556,,,0.5630493928,0.0931167656,0,0,1,0,1,1,1,1,0,0,1,1,7,0.1428571429,0.6667959249,0.028411,0.480473,1.328659354
361309,-0.480396758,0.0084163685,0.9070702979,-0.789949499,0.9765213348,0.5977453531,,0.6210143556,,0.5516815849,0.7467350655,-0.441866462,1,1,1,1,1,1,0,1,0,1,1,1,10,0.1,0.2696971642,0.028411,0.480473,0.5021852176
361310,-0.207718601,0.4992953735,-0.449695684,-0.440766704,1.3131674378,1.03188899,,0.6210143556,,,-1.64117868,,1,1,1,1,1,1,0,1,0,0,1,0,8,0.125,0.0907508111,0.028411,0.480473,0.1297475591
361311,-0.52501682,0.9901743784,0.271086244,,1.1074392638,,,,,,-0.722750316,,1,1,1,0,1,0,0,0,0,0,1,0,5,0.2,0.22418655,0.028411,0.480473,0.4074648376
361312,-0.222591955,0.4447532618,0.7586740187,,0.7894957221,0.1636017162,0.2189642422,,,,0.0119923747,-0.620194204,1,1,1,0,1,1,1,0,0,0,1,1,8,0.125,0.193086897,0.028411,0.480473,0.3427377183
361313,,,0.1014904963,,,,,,,,-2.192235698,,0,0,1,0,0,0,0,0,0,0,1,0,2,0.5,-1.045372601,0.028411,0.480473,-2.234844599
361314,,0.9901743784,0.6526766764,,0.5650649868,0.5977453531,,,,,0.9304207382,,0,1,1,0,1,1,0,0,0,0,1,0,5,0.2,0.7472164266,0.028411,0.480473,1.4960370223
361315,1.696070712,-1.409678535,0.7162750817,,,1.03188899,,,,,0.3793637201,0.8658703165,1,1,1,0,0,1,0,0,0,0,1,1,6,0.1666666667,0.5466317142,0.028411,0.480473,1.0785638563
361316,-0.425861127,0.2811269268,-0.576892494,,0.8269008446,0.5977453531,,0.6210143556,,,-0.355378971,,1,1,1,0,1,1,0,1,0,0,1,0,7,0.1428571429,0.1383792698,0.028411,0.480473,0.2288757689
361318,-0.52501682,-0.046125743,0.3770835864,,,0.5977453531,,,,,-0.906435989,0.8658703165,1,1,1,0,0,1,0,0,0,0,1,1,6,0.1666666667,0.0605201173,0.028411,0.480473,0.0668289883
361319,-0.391156634,-0.91879953,-3.078429773,,1.1635469476,0.5977453531,,,,,0.0119923747,,1,1,1,0,1,1,0,0,0,0,1,0,6,0.1666666667,-0.43585021,0.028411,0.480473,-0.966257182
361320,-0.460565619,0.1175005918,-0.301299404,,0.2845265676,0.1636017162,0.0098003615,,,,0.1956780474,0.687542574,1,1,1,0,1,1,1,0,0,0,1,1,8,0.125,0.0870981043,0.028411,0.480473,0.1221452497
361321,-0.52501682,0.9901743784,0.5042803971,,0.5276598642,,-2.447875236,,,,0.0119923747,,1,1,1,0,1,0,1,0,0,0,1,0,6,0.1666666667,-0.156464174,0.028411,0.480473,-0.38477631
361322,-0.296958725,-0.646088971,-0.810086648,,1.05133158,1.03188899,,0.6210143556,,,,,1,1,1,0,1,1,0,1,0,0,0,0,6,0.1666666667,0.1585167636,0.028411,0.480473,0.2707875537
361323,-0.351494357,-0.26429419,0.9706687033,0.7231759468,0.9765213348,1.03188899,,,,0.5516815849,1.2977920836,0.7469851548,1,1,1,1,1,1,0,0,0,1,1,1,9,0.1111111111,0.6314361391,0.028411,0.480473,1.255065701
361324,1.6712817886,-1.791473316,0.0802910279,,,1.03188899,,0.2632395775,,,-0.355378971,,1,1,1,0,0,1,0,1,0,0,1,0,6,0.1666666667,0.1499748495,0.028411,0.480473,0.2530094296
361325,-0.440734481,0.1720427035,-0.470895152,2.0035128624,0.7707931608,0.5977453531,,0.3347945331,,0.1409842852,1.4814777564,,1,1,1,1,1,1,0,1,0,1,1,0,9,0.1111111111,0.5099690024,0.028411,0.480473,1.0022584479
361326,,-0.537004748,-0.958482927,,-0.631898935,,,,,,-2.192235698,,0,1,1,0,1,0,0,0,0,0,1,0,4,0.25,-1.079905577,0.028411,0.480473,-2.306717429
361327,,0.2811269268,0.4194825233,,,1.03188899,,,,,0.1956780474,,0,1,1,0,0,1,0,0,0,0,1,0,4,0.25,0.4820441219,0.028411,0.480473,0.9441389224
361328,-0.52501682,0.2265848151,0.313485181,0.4321902842,,1.03188899,,0.6210143556,,-0.475061664,0.9304207382,,1,1,1,1,0,1,0,1,0,1,1,0,8,0.125,0.319438235,0.028411,0.480473,0.605710367
361329,,,0.7162750817,,0.6398752319,,,,,,-3.478035407,,0,0,1,0,1,0,0,0,0,0,1,0,3,0.3333333333,-0.707295031,0.028411,0.480473,-1.531210151
361330,,0.3902111501,-0.110504188,,,,,,,,-0.539064643,,0,1,1,0,0,0,0,0,0,0,1,0,3,0.3333333333,-0.086452561,0.028411,0.480473,-0.239062465
361331,-0.505185681,0.7174638201,0.589078271,,0.3032291289,0.1636017162,0.0098003615,-0.309200067,,,-0.171693298,-0.97684969,1,1,1,0,1,1,1,1,0,0,1,1,9,0.1111111111,-0.019972827,0.028411,0.480473,-0.100699453
361332,,-1.2460522,-0.174102594,,0.6959829157,-0.270541921,1.5262384964,,,,-1.457493007,,0,1,1,0,1,1,1,0,0,0,1,0,6,0.1666666667,-0.154328052,0.028411,0.480473,-0.38033044
361333,-0.361409926,-0.26429419,0.6314772079,0.1412046215,0.5089573029,1.03188899,,-3.386063159,,0.5516815849,0.7467350655,0.5092148315,1,1,1,1,1,1,0,1,0,1,1,1,10,0.1,0.0109392329,0.028411,0.480473,-0.036362768
361334,-0.420903342,0.8810901551,0.9070702979,,1.0326290187,0.1636017162,-0.931437101,,,,-0.722750316,,1,1,1,0,1,1,1,0,0,0,1,0,7,0.1428571429,0.1299000612,0.028411,0.480473,0.2112281526
370001,-0.515101251,0.9901743784,-2.124453692,0.4321902842,-0.669304058,-2.007116468,,0.3347945331,,0.3463329351,0.5630493928,0.0931167656,1,1,1,1,1,1,0,1,0,1,1,1,10,0.1,-0.255631718,0.028411,0.480473,-0.591171844
370002,-0.088731769,-0.755173195,-0.810086648,0.8977673444,0.8269008446,0.5977453531,,-0.094535201,,0.5516815849,0.7467350655,-0.3229813,1,1,1,1,1,1,0,1,0,1,1,1,10,0.1,0.154932208,0.028411,0.480473,0.2633270861
370004,-0.52501682,0.3356690385,0.1438894333,,0.9765213348,0.5977453531,,0.6210143556,,-0.475061664,-0.171693298,-0.560751624,1,1,1,0,1,1,0,1,0,1,1,1,9,0.1111111111,0.1047017899,0.028411,0.480473,0.1587834674
370006,-0.520059035,-0.91879953,-0.004506846,0.2575988866,0.1536086387,0.1636017162,,0.2632395775,-0.912807064,0.5516815849,0.0119923747,-1.392947755,1,1,1,1,1,1,0,1,1,1,1,1,11,0.0909090909,-0.213399768,0.028411,0.480473,-0.503275286
370008,-0.500227897,0.4992953735,0.6738761448,0.4321902842,0.4528496191,-0.704685558,0.6372920035,0.1916846219,-0.773842463,0.3463329351,0.7467350655,-0.025768396,1,1,1,1,1,1,1,1,1,1,1,1,12,0.0833333333,0.1646443111,0.028411,0.480473,0.2835407026
370013,-0.430818911,0.9356322668,-0.36489781,,0.4902547416,0.1636017162,-1.088310012,0.5494594,0.4212531026,0.3463329351,0.5630493928,0.2714445081,1,1,1,0,1,1,1,1,1,1,1,1,11,0.0909090909,0.1688183027,0.028411,0.480473,0.2922279523
370014,-0.425861127,-1.300594311,0.1438894333,,0.4154444965,-0.270541921,0.8464558842,-0.380755023,-0.273569901,-0.064364365,-0.171693298,-1.571275498,1,1,1,0,1,1,1,1,1,1,1,1,11,0.0909090909,-0.277533239,0.028411,0.480473,-0.636755065
370015,-0.465523404,1.0992586017,-0.386097278,0.8977673444,1.2944648766,0.1636017162,,-0.59541989,,,0.9304207382,0.7469851548,1,1,1,1,1,1,0,1,0,0,1,1,9,0.1111111111,0.4094953177,0.028411,0.480473,0.7931444693
370016,-0.52501682,0.6083795968,-2.548443061,0.1412046215,0.3593368127,0.1636017162,,0.6210143556,,0.5516815849,1.1141064109,-1.095734851,1,1,1,1,1,1,0,1,0,1,1,1,10,0.1,-0.060986963,0.028411,0.480473,-0.1860614
370018,-0.460565619,,-0.237700999,0.4321902842,-0.370063077,-1.572972831,-0.61769128,0.6210143556,-0.1346053,-0.680410314,0.5630493928,-0.501309043,1,0,1,1,1,1,1,1,1,1,1,1,11,0.0909090909,-0.269005857,0.028411,0.480473,-0.619007187
370019,-0.515101251,0.3356690385,-0.386097278,-1.080935161,1.2757623153,1.03188899,,0.3347945331,,-0.064364365,,-0.620194204,1,1,1,1,1,1,0,1,0,1,0,1,9,0.1111111111,0.034602513,0.028411,0.480473,0.0128871689
370020,-0.465523404,0.7720059318,0.0166926225,,0.1723111999,0.5977453531,,0.4063494887,-0.996185825,-0.269713014,0.0119923747,0.9253128974,1,1,1,0,1,1,0,1,1,1,1,1,10,0.1,0.1170987625,0.028411,0.480473,0.1845850519
370022,-0.515101251,0.4992953735,-0.470895152,,1.1635469476,0.1636017162,,-1.024749624,,-0.064364365,-0.539064643,-0.917407109,1,1,1,0,1,1,0,1,0,1,1,1,9,0.1111111111,-0.18945979,0.028411,0.480473,-0.453449461
370023,-0.500227897,0.7720059318,0.2922857125,-0.731752366,0.2284188838,0.5977453531,0.0098003615,0.2632395775,-0.204087601,-0.475061664,-0.539064643,0.8064277357,1,1,1,1,1,1,1,1,1,1,1,1,12,0.0833333333,0.043310782,0.028411,0.480473,0.0310115244
370025,-0.515101251,0.5538374851,-1.128078674,-0.149781041,-0.482278445,0.1636017162,0.1143823019,-1.167859535,1.5329699082,-1.912502213,0.1956780474,-0.620194204,1,1,1,1,1,1,1,1,1,1,1,1,12,0.0833333333,-0.284610492,0.028411,0.480473,-0.651484818
370026,0.1938619571,-0.373378413,-2.230451034,1.3633444046,0.5650649868,0.1636017162,,0.6210143556,1.0465938058,0.5516815849,0.7467350655,0.9253128974,1,1,1,1,1,1,0,1,1,1,1,1,11,0.0909090909,0.3248528478,0.028411,0.480473,0.6169796983
370028,-0.52501682,-0.537004748,-0.004506846,0.0248103565,0.1723111999,0.1636017162,,0.6210143556,,-1.296456264,0.3793637201,-0.917407109,1,1,1,1,1,1,0,1,0,1,1,1,10,0.1,-0.191929044,0.028411,0.480473,-0.458588674
370034,-0.52501682,0.9356322668,-0.407296747,-0.731752366,0.041393271,0.1636017162,1.2124926754,0.1916846219,,0.5516815849,1.4814777564,-1.630718079,1,1,1,1,1,1,1,1,0,1,1,1,11,0.0909090909,0.1166527164,0.028411,0.480473,0.1836567046
370037,-0.460565619,0.4447532618,0.6314772079,-0.266175306,0.5650649868,0.1636017162,-0.669982251,0.1201296663,1.6997274291,-0.269713014,0.0119923747,-0.97684969,1,1,1,1,1,1,1,1,1,1,1,1,12,0.0833333333,0.0827883969,0.028411,0.480473,0.1131755372
370039,-0.445692265,0.8810901551,-0.513294089,0.7231759468,0.4341470578,0.5977453531,,-1.597189269,,-1.296456264,0.9304207382,0.9253128974,1,1,1,1,1,1,0,1,0,1,1,1,10,0.1,0.0639260262,0.028411,0.480473,0.0739176419
370047,-0.455607835,0.7174638201,0.1438894333,1.072358742,0.3219316902,0.5977453531,-0.199363519,0.4779044444,0.5324247832,-0.064364365,0.3793637201,0.5686574123,1,1,1,1,1,1,1,1,1,1,1,1,12,0.0833333333,0.34103364,0.028411,0.480473,0.6506564749
370049,-0.296958725,0.9901743784,-1.488469638,0.7231759468,0.2097163225,-0.704685558,1.107910735,0.1201296663,-1.774387589,0.1409842852,0.9304207382,0.0336741848,1,1,1,1,1,1,1,1,1,1,1,1,12,0.0833333333,-0.000692938,0.028411,0.480473,-0.060572585
370054,-0.386198849,0.5538374851,-0.873685053,-0.964540896,0.9391162123,-0.270541921,-1.872674564,0.4779044444,,,-0.539064643,0.687542574,1,1,1,1,1,1,1,1,0,0,1,1,10,0.1,-0.224830521,0.028411,0.480473,-0.527065896
370056,-0.515101251,-0.973341641,-0.534493558,0.7813730793,0.2658240063,0.5977453531,-0.46081837,-0.523864934,1.6580380489,0.5516815849,0.5630493928,-0.501309043,1,1,1,1,1,1,1,1,1,1,1,1,12,0.0833333333,0.0757318891,0.028411,0.480473,0.098488961
370057,-0.480396758,1.2083428251,-1.212876548,,0.8269008446,-0.270541921,,-0.380755023,,,-0.539064643,0.2120019273,1,1,1,0,1,1,0,1,0,0,1,1,8,0.125,-0.079548662,0.028411,0.480473,-0.224693512
370078,-0.465523404,0.4992953735,0.1650889017,0.6649788143,1.1261418251,-0.270541921,,-1.096304579,,-0.064364365,1.1141064109,-0.857964528,1,1,1,1,1,1,0,1,0,1,1,1,10,0.1,0.0814912529,0.028411,0.480473,0.1104758159
370083,1.2498700917,-2.773231326,-0.598091963,,0.1910137612,0.1636017162,,,,,0.9304207382,,1,1,1,0,1,1,0,0,0,0,1,0,6,0.1666666667,-0.13940283,0.028411,0.480473,-0.349266859
370089,-0.232507525,-0.755173195,0.3982830548,1.1305558745,0.7894957221,0.1636017162,,0.6210143556,-1.524251307,-0.680410314,-0.355378971,-0.085210977,1,1,1,1,1,1,0,1,1,1,1,1,11,0.0909090909,-0.048180142,0.028411,0.480473,-0.159406805
370091,-0.37628328,0.7720059318,-0.08930472,-0.324372439,-1.810160295,-2.441260105,,0.1201296663,-0.315259281,-0.269713014,0.3793637201,-1.095734851,1,1,1,1,1,1,0,1,1,1,1,1,11,0.0909090909,-0.495508061,0.028411,0.480473,-1.090421937
370093,3.5998600251,0.0629584801,-0.152903125,-1.895695017,-0.893734793,-0.270541921,,0.1916846219,,-0.885758964,0.9304207382,-1.274062594,1,1,1,1,1,1,0,1,0,1,1,1,10,0.1,-0.058777255,0.028411,0.480473,-0.181462375
370094,-0.415945557,0.2265848151,-0.046905783,-0.731752366,0.1723111999,-0.270541921,0.8987468544,0.2632395775,0.9354221252,,0.0119923747,-1.74960324,1,1,1,1,1,1,1,1,1,0,1,1,11,0.0909090909,-0.064222902,0.028411,0.480473,-0.192796297
370097,-0.510143466,0.6629217084,-0.449695684,,-0.145632342,-0.704685558,,0.6210143556,-0.815531844,0.5516815849,-0.355378971,-0.382423881,1,1,1,0,1,1,0,1,1,1,1,1,10,0.1,-0.15278741,0.028411,0.480473,-0.377123931
370099,-0.52501682,0.5538374851,-0.216501531,,0.9765213348,0.5977453531,-0.199363519,0.6210143556,,,0.7467350655,1.3414109632,1,1,1,0,1,1,1,1,0,0,1,1,9,0.1111111111,0.4329314097,0.028411,0.480473,0.8419215641
370100,0.570653592,-1.791473316,-3.142028178,,0.2284188838,-2.441260105,,-2.38429378,,,-0.906435989,,1,1,1,0,1,1,0,1,0,0,1,0,7,0.1428571429,-1.409488413,0.028411,0.480473,-2.99267195
370106,-0.52501682,0.6629217084,-0.407296747,0.6067816818,1.1822495089,-0.270541921,-0.46081837,,-1.037875205,-1.296456264,0.1956780474,-1.214620013,1,1,1,1,1,1,1,0,1,1,1,1,11,0.0909090909,-0.233181308,0.028411,0.480473,-0.544446231
370112,-0.52501682,-0.864257418,0.2922857125,,1.1635469476,-1.138829195,,0.6210143556,,,2.2162204472,0.0336741848,1,1,1,0,1,1,0,1,0,0,1,1,8,0.125,0.2248297769,0.028411,0.480473,0.4088035735
370113,-0.52501682,0.6083795968,0.1014904963,0.5485845492,0.8643059672,0.1636017162,,0.6210143556,,-0.885758964,1.6651634291,-0.3229813,1,1,1,1,1,1,0,1,0,1,1,1,10,0.1,0.2838783026,0.028411,0.480473,0.5317001527
370114,-0.520059035,,-0.152903125,-0.149781041,-0.837627109,0.1636017162,,0.6210143556,-1.843869889,-0.269713014,0.7467350655,-0.798521947,1,0,1,1,1,1,0,1,1,1,1,1,10,0.1,-0.304112402,0.028411,0.480473,-0.692073775
37012F,-0.296958725,0.1720427035,,,,0.5977453531,,0.6210143556,,,,-0.441866462,1,1,0,0,0,1,0,1,0,0,0,1,5,0.2,0.130395445,0.028411,0.480473,0.2122591855
370149,-0.485354543,0.4447532618,-0.280099936,0.1994017541,0.8456034059,-0.270541921,0.794164914,0.4779044444,1.2411442468,-0.475061664,0.3793637201,-0.501309043,1,1,1,1,1,1,1,1,1,1,1,1,12,0.0833333333,0.1974973867,0.028411,0.480473,0.3519171871
37014F,-0.366367711,-0.59154686,,,,0.5977453531,,0.3347945331,,,,-1.274062594,1,1,0,0,0,1,0,1,0,0,0,1,5,0.2,-0.259887456,0.028411,0.480473,-0.60002923
370153,1.4580970478,0.6083795968,-0.280099936,,0.9765213348,0.5977453531,,0.6210143556,,,0.7467350655,,1,1,1,0,1,1,0,1,0,0,1,0,7,0.1428571429,0.6754846882,0.028411,0.480473,1.3467431128
370158,-0.45065005,-1.464220646,0.0802910279,,1.5001930506,0.1636017162,,0.6210143556,,,1.1141064109,-1.333505175,1,1,1,0,1,1,0,1,0,0,1,1,8,0.125,0.0288538363,0.028411,0.480473,0.0009225568
370166,-0.480396758,0.1720427035,-2.124453692,,1.2009520702,0.1636017162,,-1.167859535,,,0.1956780474,-2.106258725,1,1,1,0,1,1,0,1,0,0,1,1,8,0.125,-0.518336772,0.028411,0.480473,-1.137934901
370170,-0.326705433,0.7720059318,,,,,,,,,,,1,1,0,0,0,0,0,0,0,0,0,0,2,0.5,0.2226502493,0.028411,0.480473,0.4042673639
370171,0.060001771,0.3902111501,,,,,,,,-1.707153563,1.8488491018,0.8658703165,1,1,0,0,0,0,0,0,0,1,1,1,5,0.2,0.2915557552,0.028411,0.480473,0.5476790895
370172,-0.52501682,-0.700631083,,,,,,,,0.1409842852,2.3999061199,,1,1,0,0,0,0,0,0,0,1,1,0,4,0.25,0.3288106255,0.028411,0.480473,0.6252169461
370173,0.0947062637,-1.518762758,,,,,,,,-0.269713014,2.7672774653,1.7575090291,1,1,0,0,0,0,0,0,0,1,1,1,5,0.2,0.5662033971,0.028411,0.480473,1.1192980295
370178,-0.515101251,-0.809715306,1.2250623248,,0.9391162123,-0.270541921,,,,,,-3.592323246,1,1,1,0,1,1,0,0,0,0,0,1,6,0.1666666667,-0.503917198,0.028411,0.480473,-1.107923715
370180,-0.500227897,0.8265480434,,,,,,,,0.5516815849,2.7672774653,1.8169516099,1,1,0,0,0,0,0,0,0,1,1,1,5,0.2,1.0924461614,0.028411,0.480473,2.2145571367
370183,-0.500227897,0.9901743784,-0.195302062,,1.0139264574,0.1636017162,,0.5494594,,,0.5630493928,,1,1,1,0,1,1,0,1,0,0,1,0,7,0.1428571429,0.369240198,0.028411,0.480473,0.7093622503
370192,-0.054027276,0.8265480434,,,,,,,,,,,1,1,0,0,0,0,0,0,0,0,0,0,2,0.5,0.3862603835,0.028411,0.480473,0.7447860403
370199,-0.52501682,0.2265848151,,,0.8269008446,1.03188899,,0.6210143556,,-1.091107614,2.5835917926,,1,1,0,0,1,1,0,1,0,1,1,0,7,0.1428571429,0.5248366234,0.028411,0.480473,1.0332021462
370201,3.8328759046,-0.646088971,,,,,,,,,,,1,1,0,0,0,0,0,0,0,0,0,0,2,0.5,1.5933934665,0.028411,0.480473,3.2571692834
370202,0.6202314387,1.0447164901,-1.806461665,,-0.800221986,-0.704685558,,0.3347945331,-0.259673441,0.5516815849,0.5630493928,0.5092148315,1,1,1,0,1,1,0,1,1,1,1,1,10,0.1,0.0052645621,0.028411,0.480473,-0.048173353
370203,-0.282085371,0.7720059318,-0.852485584,,1.2196546314,1.03188899,,0.6210143556,0.9771115054,,,,1,1,1,0,1,1,0,1,1,0,0,0,7,0.1428571429,0.4981577798,0.028411,0.480473,0.9776759738
370206,2.2414270256,-0.427920525,,,,1.03188899,,,-0.662670783,,0.0119923747,,1,1,0,0,0,1,0,0,1,0,1,0,5,0.2,0.4389434165,0.028411,0.480473,0.85443424
370210,-0.341578787,0.6083795968,-3.3964218,,-0.613196374,1.03188899,,0.4779044444,-0.245776981,,0.3793637201,0.3903296698,1,1,1,0,1,1,0,1,1,0,1,1,9,0.1111111111,-0.189900836,0.028411,0.480473,-0.454367402
370211,-0.52501682,0.5538374851,-0.301299404,0.9559644769,0.1910137612,0.5977453531,,0.6210143556,,0.5516815849,0.5630493928,-1.274062594,1,1,1,1,1,1,0,1,0,1,1,1,10,0.1,0.1933927591,0.028411,0.480473,0.3433743034
370212,-0.480396758,0.3902111501,-8.547892636,,,1.03188899,,0.4779044444,1.1021796461,,0.9304207382,,1,1,1,0,0,1,0,1,1,0,1,0,7,0.1428571429,-0.727954918,0.028411,0.480473,-1.574209182
370214,-0.515101251,0.0084163685,,,,,,,,,0.5630493928,,1,1,0,0,0,0,0,0,0,0,1,0,3,0.3333333333,0.0187881702,0.028411,0.480473,-0.020026924
370215,-0.485354543,1.1538007134,0.4406819917,0.4321902842,0.4528496191,0.5977453531,,,,,1.1141064109,1.4602961249,1,1,1,1,1,1,0,0,0,0,1,1,8,0.125,0.6457894943,0.028411,0.480473,1.2849390676
370216,-0.490312327,0.7720059318,,,0.1349060774,0.1636017162,,-3.815392893,-1.440872547,,-1.273807334,,1,1,0,0,1,1,0,1,1,0,1,0,7,0.1428571429,-0.849981625,0.028411,0.480473,-1.828181059
370218,0.015381709,0.7720059318,-0.110504188,0.5485845492,-0.893734793,-1.572972831,0.2712552124,-2.670513603,0.6297000037,-0.064364365,0.0119923747,-0.204096139,1,1,1,1,1,1,1,1,1,1,1,1,12,0.0833333333,-0.272272178,0.028411,0.480473,-0.625805319
370220,-0.430818911,-2.22781021,,,,,,,,,,,1,1,0,0,0,0,0,0,0,0,0,0,2,0.5,-1.329314561,0.028411,0.480473,-2.825807627
370222,-0.058985061,0.7174638201,,,1.8368391536,1.03188899,,,0.1989097415,,1.2977920836,,1,1,0,0,1,1,0,0,1,0,1,0,6,0.1666666667,0.8373181213,0.028411,0.480473,1.6835639746
370225,0.4566245446,-0.155209967,,,0.8456034059,,,,,,1.1141064109,,1,1,0,0,1,0,0,0,0,0,1,0,4,0.25,0.5652810987,0.028411,0.480473,1.1173784673
370227,-0.292000941,,-0.343698341,,0.4341470578,0.5977453531,,0.6210143556,,-0.064364365,1.6651634291,0.2120019273,1,0,1,0,1,1,0,1,0,1,1,1,8,0.125,0.3537510595,0.028411,0.480473,0.6771249995
370228,-0.495270112,0.8810901551,0.0590915594,-2.128483547,0.3967419353,-0.704685558,,0.5494594,,0.1409842852,1.6651634291,0.0931167656,1,1,1,1,1,1,0,1,0,1,1,1,10,0.1,0.0457208313,0.028411,0.480473,0.0360275144
370234,-0.455607835,1.0447164901,0.7374745502,-0.440766704,0.4902547416,-0.270541921,,,1.5607628284,,0.3793637201,1.5197387057,1,1,1,1,1,1,0,0,1,0,1,1,9,0.1111111111,0.5072660641,0.028411,0.480473,0.9966328736
370235,-0.396114419,,-1.000881864,-1.779300752,-0.257847709,-2.007116468,,0.1916846219,,,0.7467350655,-0.441866462,1,0,1,1,1,1,0,1,0,0,1,1,8,0.125,-0.618088498,0.028411,0.480473,-1.345546282
370236,-0.52501682,0.7174638201,0.0166926225,-0.324372439,0.4528496191,0.5977453531,,0.6210143556,,-1.091107614,-0.171693298,-0.501309043,1,1,1,1,1,1,0,1,0,1,1,1,10,0.1,-0.020773344,0.028411,0.480473,-0.102365555
370237,-0.515101251,0.2265848151,0.6950756133,,1.2009520702,0.5977453531,,0.6210143556,,,0.7467350655,0.1525593464,1,1,1,0,1,1,0,1,0,0,1,1,8,0.125,0.4656956711,0.028411,0.480473,0.9101132012
370240,-0.490312327,-0.373378413,1.1614639194,,1.6498135408,0.1636017162,0.5850010334,,,,-0.355378971,,1,1,1,0,1,1,1,0,0,0,1,0,7,0.1428571429,0.3344014998,0.028411,0.480473,0.636853127
370243,,,1.2250623248,,,,,,,,,,0,0,1,0,0,0,0,0,0,0,0,0,1,1,1.2250623248,0.028411,0.480473,2.4905686481
370244,-0.45065005,1.2083428251,,,,,,,,,-0.355378971,,1,1,0,0,0,0,0,0,0,0,1,0,3,0.3333333333,0.1341046014,0.028411,0.480473,0.2199789827
371300,,-0.864257418,-0.068105251,,,,,,,,,,0,1,1,0,0,0,0,0,0,0,0,0,2,0.5,-0.466181335,0.028411,0.480473,-1.029384777
371301,-0.52501682,0.8810901551,,,0.7520905995,1.03188899,,,,,,,1,1,0,0,1,1,0,0,0,0,0,0,4,0.25,0.5350132311,0.028411,0.480473,1.0543825272
371302,-0.415945557,1.2083428251,0.6314772079,,1.3505725604,1.03188899,,,,,,,1,1,1,0,1,1,0,0,0,0,0,0,5,0.2,0.7612672052,0.028411,0.480473,1.5252806421
371303,,,-0.704089305,,0.5650649868,1.03188899,,,,,-2.008550025,,0,0,1,0,1,1,0,0,0,0,1,0,4,0.25,-0.278921338,0.028411,0.480473,-0.63964409
371304,-0.505185681,0.8810901551,,,1.9116493987,1.03188899,,,,,,,1,1,0,0,1,1,0,0,0,0,0,0,4,0.25,0.8298607156,0.028411,0.480473,1.6680430172
371305,,0.9356322668,,,1.0700341412,0.5977453531,,,,,,,0,1,0,0,1,1,0,0,0,0,0,0,3,0.3333333333,0.8678039203,0.028411,0.480473,1.7470134913
371306,-0.500227897,0.9356322668,,,1.3692751217,0.5977453531,,,,,-2.926978389,,1,1,0,0,1,1,0,0,0,0,1,0,5,0.2,-0.104910709,0.028411,0.480473,-0.27747906
371307,,,,,,,,,,,,,0,0,0,0,0,0,0,0,0,0,0,0,0,,,0.028411,0.480473,
371309,-0.52501682,0.4447532618,-11.70661344,,1.2757623153,0.5977453531,,,,,,,1,1,1,0,1,1,0,0,0,0,0,0,5,0.2,-1.982673865,0.028411,0.480473,-4.185631984
371310,-0.52501682,0.8265480434,-0.280099936,,1.6124084183,1.03188899,,,,,,,1,1,1,0,1,1,0,0,0,0,0,0,5,0.2,0.5331457391,0.028411,0.480473,1.0504957515
371311,-0.381241065,0.7174638201,0.7798734871,,1.5750032957,1.03188899,,,,,,,1,1,1,0,1,1,0,0,0,0,0,0,5,0.2,0.7445977057,0.028411,0.480473,1.4905867281
371312,-0.500227897,0.3356690385,-1.382472296,,0.3406342514,0.1636017162,,,,,-0.171693298,-0.204096139,1,1,1,0,1,1,0,0,0,0,1,1,7,0.1428571429,-0.202654946,0.028411,0.480473,-0.480912291
371313,-0.430818911,0.9356322668,-0.258900467,,1.7246237859,1.03188899,,,,,-1.090121662,,1,1,1,0,1,1,0,0,0,0,1,0,6,0.1666666667,0.3187173337,0.028411,0.480473,0.6042099689
371314,,1.0992586017,,,1.2196546314,,,,,,,,0,1,0,0,1,0,0,0,0,0,0,0,2,0.5,1.1594566166,0.028411,0.480473,2.354024729
371316,,-0.046125743,,,1.2383571927,,,,,,,,0,1,0,0,1,0,0,0,0,0,0,0,2,0.5,0.5961157248,0.028411,0.480473,1.181553991
371317,-0.500227897,1.2083428251,-0.725288774,,1.8181365923,1.03188899,,,,,1.2977920836,,1,1,1,0,1,1,0,0,0,0,1,0,6,0.1666666667,0.6884406368,0.028411,0.480473,1.3737080833
371318,,-0.864257418,0.4194825233,,,0.5977453531,,,,,,,0,1,1,0,0,1,0,0,0,0,0,0,3,0.3333333333,0.0509901527,0.028411,0.480473,0.0469944533
371319,,-1.736931205,-0.810086648,,1.5375981732,1.03188899,,,,,,,0,1,1,0,1,1,0,0,0,0,0,0,4,0.25,0.0056173277,0.028411,0.480473,-0.047439149
371320,0.3624266358,0.3356690385,0.1862883702,,1.2944648766,0.5977453531,,,,,,,1,1,1,0,1,1,0,0,0,0,0,0,5,0.2,0.5553188548,0.028411,0.480473,1.0966442376
371321,,-1.627846981,-1.255275485,,1.2196546314,0.5977453531,,,,,0.0119923747,,0,1,1,0,1,1,0,0,0,0,1,0,5,0.2,-0.210746021,0.028411,0.480473,-0.497752093
371322,,0.2265848151,,,1.6124084183,1.03188899,,,,,,,0,1,0,0,1,1,0,0,0,0,0,0,3,0.3333333333,0.9569607411,0.028411,0.480473,1.9325738952
371323,,0.8265480434,-0.428496215,,0.1910137612,,,,,,1.1141064109,,0,1,1,0,1,0,0,0,0,0,1,0,4,0.25,0.4257930001,0.028411,0.480473,0.8270645272
371325,,0.4447532618,-0.110504188,,0.9765213348,1.03188899,,,,,-4.029092425,,0,1,1,0,1,1,0,0,0,0,1,0,5,0.2,-0.337286605,0.028411,0.480473,-0.761118616
371326,-0.52501682,-0.755173195,-0.513294089,,1.5188956119,0.5977453531,,-1.23941449,,,,-0.620194204,1,1,1,0,1,1,0,1,0,0,0,1,7,0.1428571429,-0.219493119,0.028411,0.480473,-0.515957262
371327,,1.1538007134,,,0.8643059672,1.03188899,,,,,,,0,1,0,0,1,1,0,0,0,0,0,0,3,0.3333333333,1.0166652235,0.028411,0.480473,2.0568357047
371328,-0.15318297,1.1538007134,0.271086244,,,,,,,,-2.008550025,,1,1,1,0,0,0,0,0,0,0,1,0,4,0.25,-0.184211509,0.028411,0.480473,-0.442526315
371329,,0.7720059318,-0.725288774,,0.9017110897,1.03188899,,,,,-2.743292716,,0,1,1,0,1,1,0,0,0,0,1,0,5,0.2,-0.152595096,0.028411,0.480473,-0.376723672
371330,-0.52501682,-0.537004748,,,0.9391162123,,,,,,,,1,1,0,0,1,0,0,0,0,0,0,0,3,0.3333333333,-0.040968452,0.028411,0.480473,-0.14439725
371331,,,1.2250623248,,1.1074392638,,,,,,,,0,0,1,0,1,0,0,0,0,0,0,0,2,0.5,1.1662507943,0.028411,0.480473,2.3681653225
371332,-0.287043156,-0.155209967,,,1.5375981732,,,,,,,,1,1,0,0,1,0,0,0,0,0,0,0,3,0.3333333333,0.3651150169,0.028411,0.480473,0.700776589
371333,,1.2083428251,,,1.4440853668,,,,,,0.5630493928,,0,1,0,0,1,0,0,0,0,0,1,0,3,0.3333333333,1.0718258615,0.028411,0.480473,2.1716404968
371334,-0.341578787,0.3902111501,0.864671361,,1.2383571927,,,,,,,,1,1,1,0,1,0,0,0,0,0,0,0,4,0.25,0.5379152291,0.028411,0.480473,1.0604224008
371335,,-0.373378413,,,0.247121445,,,,,,,,0,1,0,0,1,0,0,0,0,0,0,0,2,0.5,-0.063128484,0.028411,0.480473,-0.190518506
371336,,-0.373378413,-4.329198412,,0.7894957221,,,,,,-1.090121662,,0,1,1,0,1,0,0,0,0,0,1,0,4,0.25,-1.250800691,0.028411,0.480473,-2.662398196
371337,,0.9356322668,-0.831286116,,1.1635469476,,,,,,-1.090121662,,0,1,1,0,1,0,0,0,0,0,1,0,4,0.25,0.0444428592,0.028411,0.480473,0.0333676952
371338,,0.8810901551,,,0.7333880382,1.03188899,,,,,-1.090121662,,0,1,0,0,1,1,0,0,0,0,1,0,4,0.25,0.3890613804,0.028411,0.480473,0.7506157022
371340,,-3.645905113,-0.937283458,1.072358742,0.9765213348,0.5977453531,,-5.604266783,,,,,0,1,1,1,1,1,0,1,0,0,0,0,6,0.1666666667,-1.256804987,0.028411,0.480473,-2.674894824
371341,,0.5538374851,-0.746488242,,,1.03188899,,,,,,,0,1,1,0,0,1,0,0,0,0,0,0,3,0.3333333333,0.2797460777,0.028411,0.480473,0.5230998311
371342,,-0.864257418,-0.894884521,,0.8081982834,-0.270541921,,,,,0.3793637201,,0,1,1,0,1,1,0,0,0,0,1,0,5,0.2,-0.168424371,0.028411,0.480473,-0.409668844
380001,-0.430818911,0.0084163685,-0.937283458,-0.789949499,0.2284188838,-1.572972831,,-0.309200067,,-2.117850863,0.3793637201,0.5686574123,1,1,1,1,1,1,0,1,0,1,1,1,10,0.1,-0.497321925,0.028411,0.480473,-1.094197097
380002,-0.22754974,-0.482462636,-0.280099936,0.7231759468,-0.650601496,-2.875403742,0.8464558842,0.3347945331,-0.217984061,0.5516815849,0.1956780474,-1.74960324,1,1,1,1,1,1,1,1,1,1,1,1,12,0.0833333333,-0.319326571,0.028411,0.480473,-0.723738737
380004,-0.039153922,-0.046125743,0.0166926225,0.4903874167,-1.043355283,-1.572972831,0.0620913317,0.6210143556,,0.1409842852,0.3793637201,-1.392947755,1,1,1,1,1,1,1,1,0,1,1,1,11,0.0909090909,-0.216729255,0.028411,0.480473,-0.510204884
380005,-0.212676386,0.1720427035,-0.852485584,1.4215415371,0.9017110897,0.1636017162,,0.6210143556,,,-0.171693298,-0.857964528,1,1,1,1,1,1,0,1,0,0,1,1,9,0.1111111111,0.1316768451,0.028411,0.480473,0.2149261393
380007,4.0758073534,-0.755173195,0.0802910279,0.7231759468,-0.108227219,-1.138829195,,,,-1.912502213,0.7467350655,-2.165701306,1,1,1,1,1,1,0,0,0,1,1,1,9,0.1111111111,-0.050491526,0.028411,0.480473,-0.164217444
380009,0.9771919349,-0.155209967,-2.56964253,0.0248103565,-2.446047379,-2.007116468,,0.3347945331,,0.5516815849,0.1956780474,-1.69016066,1,1,1,1,1,1,0,1,0,1,1,1,10,0.1,-0.678402055,0.028411,0.480473,-1.471075746
380014,0.6053580847,-0.91879953,0.1862883702,0.1994017541,-1.43610907,-0.704685558,0.0620913317,0.6210143556,,0.1409842852,0.0119923747,0.1525593464,1,1,1,1,1,1,1,1,0,1,1,1,11,0.0909090909,-0.098173114,0.028411,0.480473,-0.263456231
380017,4.2245408935,-0.482462636,-0.6404909,0.4321902842,-0.650601496,-2.441260105,,0.4063494887,-1.565940687,0.5516815849,0.3793637201,-2.225143887,1,1,1,1,1,1,0,1,1,1,1,1,11,0.0909090909,-0.182888522,0.028411,0.480473,-0.439772807
380018,-0.108562908,-0.646088971,0.037892091,0.4321902842,-0.4074682,0.5977453531,-0.303945459,0.0485747107,0.2128062015,0.5516815849,0.0119923747,-2.344029049,1,1,1,1,1,1,1,1,1,1,1,1,12,0.0833333333,-0.159767666,0.028411,0.480473,-0.391651806
380020,-0.495270112,-0.318836301,0.9282697664,,0.1536086387,0.5977453531,,0.6210143556,,0.5516815849,0.0119923747,1.7575090291,1,1,1,0,1,1,0,1,0,1,1,1,9,0.1111111111,0.4230794099,0.028411,0.480473,0.8214167832
380021,1.8497620367,-0.046125743,-0.788887179,2.0035128624,-6.85985184,-1.572972831,,0.6210143556,,-1.296456264,0.5630493928,-0.917407109,1,1,1,1,1,1,0,1,0,1,1,1,10,0.1,-0.644436232,0.028411,0.480473,-1.400383321
380022,0.5359490993,-1.027883753,-0.301299404,,-0.968545038,-2.441260105,-0.51310934,0.2632395775,,-1.296456264,0.5630493928,0.0336741848,1,1,1,0,1,1,1,1,0,1,1,1,10,0.1,-0.515264165,0.028411,0.480473,-1.131539943
380025,3.5354088244,-1.355136423,0.1438894333,2.0035128624,-0.332657955,-0.704685558,-0.4085274,0.6210143556,,0.5516815849,0.1956780474,-1.511832917,1,1,1,1,1,1,1,1,0,1,1,1,11,0.0909090909,0.2489404414,0.028411,0.480473,0.4589846434
380027,-0.341578787,-0.427920525,0.1014904963,0.083007489,-0.332657955,-0.270541921,-0.094781579,0.6210143556,0.0321522206,0.1409842852,1.1141064109,1.1036406399,1,1,1,1,1,1,1,1,1,1,1,1,12,0.0833333333,0.144076261,0.028411,0.480473,0.2407328089
380029,4.1749630468,-1.300594311,-0.6404909,,-0.070822097,-0.704685558,0.480419093,0.6210143556,,0.5516815849,1.6651634291,-1.274062594,1,1,1,0,1,1,1,1,0,1,1,1,10,0.1,0.350258605,0.028411,0.480473,0.66985622
380033,0.074875125,-0.26429419,1.1190649825,,-0.070822097,-2.441260105,,,,,0.3793637201,0.1525593464,1,1,1,0,1,1,0,0,0,0,1,1,7,0.1428571429,-0.150073317,0.028411,0.480473,-0.371475141
380037,-0.173014108,-0.318836301,-0.343698341,0.0248103565,-0.370063077,-0.704685558,0.8464558842,0.6210143556,-1.524251307,0.5516815849,0.7467350655,-1.214620013,1,1,1,1,1,1,1,1,1,1,1,1,12,0.0833333333,-0.154872622,0.028411,0.480473,-0.381463843
380038,-0.257296448,-0.59154686,-0.322498873,,-1.492216754,-2.007116468,,0.6210143556,,0.5516815849,0.5630493928,-1.274062594,1,1,1,0,1,1,0,1,0,1,1,1,9,0.1111111111,-0.467665851,0.028411,0.480473,-1.032474474
38003F,0.689640424,0.3356690385,,,-1.043355283,-0.270541921,,-0.881639712,,,,-0.025768396,1,1,0,0,1,1,0,1,0,0,0,1,6,0.1666666667,-0.199332642,0.028411,0.480473,-0.473997642
380047,0.5359490993,-2.118725986,0.9918681717,0.6067816818,-0.463575883,-0.704685558,-0.931437101,-0.666974846,,-0.885758964,0.1956780474,-1.155177432,1,1,1,1,1,1,1,1,0,1,1,1,11,0.0909090909,-0.417823525,0.028411,0.480473,-0.928738582
38004F,-0.252338663,-1.518762758,,,,,,0.6210143556,,,,,1,1,0,0,0,0,0,1,0,0,0,0,3,0.3333333333,-0.383362355,0.028411,0.480473,-0.857015202
380050,-0.083773984,-1.682389093,-4.096004259,0.5485845492,-0.725411741,-2.007116468,-1.558928743,-2.88517847,-0.14850176,0.1409842852,0.5630493928,-0.917407109,1,1,1,1,1,1,1,1,1,1,1,1,12,0.0833333333,-1.071007783,0.028411,0.480473,-2.28819862
380051,-0.123436262,-0.100667855,0.3558841179,0.9559644769,-2.128103837,-1.572972831,-0.722273221,0.4779044444,-0.704360163,0.1409842852,0.3793637201,0.4497722506,1,1,1,1,1,1,1,1,1,1,1,1,12,0.0833333333,-0.215995073,0.028411,0.480473,-0.508676844
380052,-0.401072203,-0.26429419,0.5678788025,-1.721103619,0.6772803544,0.5977453531,,0.4779044444,,0.1409842852,1.2977920836,0.9253128974,1,1,1,1,1,1,0,1,0,1,1,1,10,0.1,0.2298428208,0.028411,0.480473,0.419237127
380056,-0.480396758,-2.936857661,-0.174102594,,0.1910137612,-0.704685558,,0.6210143556,,-1.296456264,-0.171693298,-1.809045821,1,1,1,0,1,1,0,1,0,1,1,1,9,0.1111111111,-0.751245537,0.028411,0.480473,-1.622683508
380060,0.3326799278,0.1175005918,-0.661690368,0.4321902842,-1.305191141,-1.138829195,,0.0485747107,-0.551499102,0.5516815849,0.3793637201,0.6280999932,1,1,1,1,1,1,0,1,1,1,1,1,11,0.0909090909,-0.106101727,0.028411,0.480473,-0.279957903
380061,0.015381709,-0.100667855,-0.152903125,0.6067816818,-0.818924548,-2.441260105,-1.715801654,0.6210143556,,0.1409842852,0.0119923747,-1.274062594,1,1,1,1,1,1,1,1,0,1,1,1,11,0.0909090909,-0.464315043,0.028411,0.480473,-1.0255005
380071,-0.420903342,0.0084163685,0.2074878387,2.0035128624,-0.313955393,-1.138829195,-1.349764863,0.4063494887,,0.5516815849,0.5630493928,-1.214620013,1,1,1,1,1,1,1,1,0,1,1,1,11,0.0909090909,-0.063415934,0.028411,0.480473,-0.191116769
380075,-0.341578787,-1.409678535,-0.788887179,-0.440766704,-0.688006619,-2.875403742,,0.5494594,,0.5516815849,-0.171693298,-0.857964528,1,1,1,1,1,1,0,1,0,1,1,1,10,0.1,-0.647283841,0.028411,0.480473,-1.406309996
380082,-0.103605123,-0.155209967,-0.534493558,,0.0039881484,-1.572972831,,0.6210143556,,,0.1956780474,-0.97684969,1,1,1,0,1,1,0,1,0,0,1,1,8,0.125,-0.315306327,0.028411,0.480473,-0.715371479
380089,4.2790765248,-1.2460522,-0.746488242,1.2469501395,-0.276550271,-0.270541921,-0.774564191,0.3347945331,-0.343052201,0.5516815849,0.1956780474,-1.809045821,1,1,1,1,1,1,1,1,1,1,1,1,12,0.0833333333,0.0951571652,0.028411,0.480473,0.1389184207
380090,0.1541996797,-1.2460522,0.313485181,-0.382569571,-0.201740026,-0.704685558,-0.669982251,,,-0.064364365,0.0119923747,-0.204096139,1,1,1,1,1,1,1,0,0,1,1,1,10,0.1,-0.299381287,0.028411,0.480473,-0.682226995
380091,-0.52501682,-0.700631083,0.271086244,,,,,,,-0.064364365,0.9304207382,1.5197387057,1,1,1,0,0,0,0,0,0,1,1,1,6,0.1666666667,0.2385389034,0.028411,0.480473,0.4373361191
380102,-0.113520692,0.1175005918,1.2250623248,-0.207978174,-1.754052612,-0.704685558,-0.774564191,-0.022980245,,-1.296456264,0.0119923747,-0.620194204,1,1,1,1,1,1,1,1,0,1,1,1,11,0.0909090909,-0.376352423,0.028411,0.480473,-0.842425562
380103,-0.52501682,-0.700631083,0.037892091,,,,,,,0.1409842852,0.9304207382,1.4602961249,1,1,1,0,0,0,0,0,0,1,1,1,6,0.1666666667,0.2239908894,0.028411,0.480473,0.4070576128
381301,0.2037775264,0.3902111501,0.3982830548,,0.5650649868,-0.704685558,,,,,0.9304207382,-0.144653558,1,1,1,0,1,1,0,0,0,0,1,1,7,0.1428571429,0.234059763,0.028411,0.480473,0.4280137689
381302,,-0.26429419,0.3770835864,,0.1723111999,-0.270541921,1.5262384964,0.6210143556,,,0.9304207382,0.5092148315,0,1,1,0,1,1,1,1,0,0,1,1,8,0.125,0.4501808872,0.028411,0.480473,0.877822575
381303,0.5161179606,0.1720427035,-0.004506846,,0.5276598642,0.5977453531,1.2124926754,0.4779044444,,,-0.722750316,-0.97684969,1,1,1,0,1,1,1,1,0,0,1,1,9,0.1111111111,0.1999840166,0.028411,0.480473,0.3570925628
381304,0.104621833,-1.300594311,-0.343698341,,0.9391162123,,,,,,0.0119923747,,1,1,1,0,1,0,0,0,0,0,1,0,5,0.2,-0.117712447,0.028411,0.480473,-0.304123074
381305,,-1.90055754,-0.152903125,,0.8269008446,0.5977453531,-1.454346803,,,,1.4814777564,,0,1,1,0,1,1,1,0,0,0,1,0,6,0.1666666667,-0.100280586,0.028411,0.480473,-0.267842472
381306,,-0.318836301,-0.068105251,,0.6398752319,1.03188899,,-0.094535201,,,-1.090121662,0.3903296698,0,1,1,0,1,1,0,1,0,0,1,1,7,0.1428571429,0.0700707824,0.028411,0.480473,0.0867066067
381307,,-1.464220646,-0.131703657,,0.8269008446,1.03188899,,-0.881639712,,,1.1141064109,-2.760127115,0,1,1,0,1,1,0,1,0,0,1,1,7,0.1428571429,-0.323542126,0.028411,0.480473,-0.732512492
381308,-0.272169802,-0.537004748,-0.025706314,,,,,,,,0.0119923747,,1,1,1,0,0,0,0,0,0,0,1,0,4,0.25,-0.205722122,0.028411,0.480473,-0.487295947
381309,,-1.191510088,-2.315248908,,0.714685477,0.1636017162,,-1.74029918,,,0.1956780474,,0,1,1,0,1,1,0,1,0,0,1,0,6,0.1666666667,-0.695515489,0.028411,0.480473,-1.506693613
381310,-0.52501682,-2.88231555,,,0.6585777931,,,,,,,,1,1,0,0,1,0,0,0,0,0,0,0,3,0.3333333333,-0.916251526,0.028411,0.480473,-1.966107348
381311,,-0.755173195,1.0554665771,,,,,,,,-2.743292716,,0,1,1,0,0,0,0,0,0,0,1,0,3,0.3333333333,-0.814333111,0.028411,0.480473,-1.753986481
381312,,-0.318836301,0.1438894333,,0.6211726706,,,,,,0.1956780474,,0,1,1,0,1,0,0,0,0,0,1,0,4,0.25,0.1604759624,0.028411,0.480473,0.2748651973
381313,0.4120044825,-2.064183875,0.864671361,,0.5089573029,0.5977453531,-0.094781579,0.6210143556,,,-1.090121662,-0.263538719,1,1,1,0,1,1,1,1,0,0,1,1,9,0.1111111111,-0.056470331,0.028411,0.480473,-0.176661018
381314,,0.1175005918,0.3346846494,-0.207978174,-0.052119535,0.1636017162,-0.147072549,0.4063494887,-1.399183167,0.5516815849,-0.539064643,0.8658703165,0,1,1,1,1,1,1,1,1,1,1,1,11,0.0909090909,0.0085700254,0.028411,0.480473,-0.041293755
381315,-0.396114419,-0.537004748,-0.237700999,,,0.1636017162,,,,,-0.171693298,,1,1,1,0,0,1,0,0,0,0,1,0,5,0.2,-0.23578235,0.028411,0.480473,-0.549859729
381316,-0.044111707,0.0084163685,0.0166926225,-0.615358101,0.5276598642,-0.270541921,-1.506637773,0.1201296663,,,-0.355378971,0.5686574123,1,1,1,1,1,1,1,1,0,0,1,1,10,0.1,-0.155047254,0.028411,0.480473,-0.381827302
381317,3.8031291966,-0.046125743,-0.343698341,,,0.5977453531,,,,,0.9304207382,,1,1,1,0,0,1,0,0,0,0,1,0,5,0.2,0.9882942407,0.028411,0.480473,1.9977877149
381318,-0.192845247,-0.537004748,-1.085679738,0.6067816818,0.9765213348,0.5977453531,0.2712552124,0.6210143556,-0.634877863,0.5516815849,0.5630493928,-1.214620013,1,1,1,1,1,1,1,1,1,1,1,1,12,0.0833333333,0.0435851089,0.028411,0.480473,0.0315824758
381319,0.3624266358,-0.59154686,-0.301299404,,0.2845265676,-1.572972831,-1.611219714,0.5494594,,0.5516815849,0.5630493928,1.5791812866,1,1,1,0,1,1,1,1,0,1,1,1,10,0.1,-0.018671394,0.028411,0.480473,-0.097990806
381320,,,-0.704089305,1.3633444046,0.583767548,0.5977453531,,0.4779044444,-1.176839806,,0.1956780474,,0,0,1,1,1,1,0,1,1,0,1,0,7,0.1428571429,0.1910729552,0.028411,0.480473,0.3385461394
381321,-0.118478477,-0.155209967,-0.661690368,-2.303074945,0.8456034059,0.1636017162,0.5850010334,,,-2.939245463,0.9304207382,1.1630832207,1,1,1,1,1,1,1,0,0,1,1,1,10,0.1,-0.24899891,0.028411,0.480473,-0.577367107
381322,,-1.57330487,0.0166926225,0.6067816818,1.0326290187,-0.270541921,-1.715801654,-0.237645112,-0.301362821,,-0.539064643,-1.69016066,0,1,1,1,1,1,1,1,1,0,1,1,10,0.1,-0.467177836,0.028411,0.480473,-1.031458776
381323,,-0.973341641,0.3770835864,,-0.370063077,-2.007116468,0.6372920035,0.6210143556,,,0.0119923747,1.044198059,0,1,1,0,1,1,1,1,0,0,1,1,8,0.125,-0.082367601,0.028411,0.480473,-0.230560516
381324,0.6351047927,-1.955099651,1.0978655141,,0.6585777931,0.1636017162,,-2.098073958,,0.5516815849,-0.539064643,-1.095734851,1,1,1,0,1,1,0,1,0,1,1,1,9,0.1111111111,-0.286793523,0.028411,0.480473,-0.656028318
381325,-0.019322784,-1.846015428,0.4618814602,,0.2097163225,-0.270541921,0.3235461825,-1.024749624,-0.259673441,-0.064364365,0.5630493928,-0.679636785,1,1,1,0,1,1,1,1,1,1,1,1,11,0.0909090909,-0.236919181,0.028411,0.480473,-0.552225794
390001,-0.515101251,1.0992586017,-0.110504188,0.4903874167,-1.024652722,0.5977453531,0.7418739439,-0.953194668,1.4634876079,0.5516815849,-0.722750316,0.0336741848,1,1,1,1,1,1,1,1,1,1,1,1,12,0.0833333333,0.1376587957,0.028411,0.480473,0.2273762599
390002,-0.485354543,0.8810901551,-0.301299404,-0.557160969,-0.762816864,-2.007116468,,0.1201296663,,,-1.457493007,-0.025768396,1,1,1,1,1,1,0,1,0,0,1,1,9,0.1111111111,-0.510643314,0.028411,0.480473,-1.121922654
390003,-0.500227897,1.0447164901,0.4406819917,,0.0600958323,0.5977453531,,-0.094535201,,0.5516815849,-0.355378971,0.1525593464,1,1,1,0,1,1,0,1,0,1,1,1,9,0.1111111111,0.2108153923,0.028411,0.480473,0.3796357
390004,-0.510143466,-2.336894433,-0.343698341,0.1412046215,-1.342596263,-1.138829195,,-1.23941449,,,0.0119923747,-0.560751624,1,1,1,1,1,1,0,1,0,0,1,1,9,0.1111111111,-0.813236757,0.028411,0.480473,-1.751704661
390006,-0.510143466,1.0447164901,0.3770835864,-0.033386776,-0.313955393,0.5977453531,,0.3347945331,0.0321522206,0.5516815849,0.0119923747,-0.263538719,1,1,1,1,1,1,0,1,1,1,1,1,11,0.0909090909,0.1662856171,0.028411,0.480473,0.2869567216
390009,0.3624266358,-0.809715306,0.2922857125,-0.964540896,-0.762816864,0.1636017162,0.6895829737,0.5494594,,0.5516815849,0.3793637201,-0.679636785,1,1,1,1,1,1,1,1,0,1,1,1,11,0.0909090909,-0.020755283,0.028411,0.480473,-0.102327964
390012,-0.118478477,0.5538374851,0.3558841179,,-0.631898935,0.1636017162,-0.46081837,-1.454079357,,,-0.722750316,-0.620194204,1,1,1,0,1,1,1,1,0,0,1,1,9,0.1111111111,-0.326099593,0.028411,0.480473,-0.7378353
390013,0.3425954972,-0.100667855,0.1226899648,0.1994017541,-1.772755173,-0.270541921,-0.46081837,0.3347945331,,-0.269713014,0.1956780474,0.3903296698,1,1,1,1,1,1,1,1,0,1,1,1,11,0.0909090909,-0.117182442,0.028411,0.480473,-0.303019987
390016,-0.510143466,0.4992953735,-0.661690368,2.0035128624,-1.062057844,-2.007116468,1.0556197649,0.6210143556,-1.329700866,,-0.171693298,-1.511832917,1,1,1,1,1,1,1,1,1,0,1,1,11,0.0909090909,-0.279526625,0.028411,0.480473,-0.640903861
39001F,-0.232507525,0.6629217084,,,,,,0.6210143556,,,,,1,1,0,0,0,0,0,1,0,0,0,0,3,0.3333333333,0.3504761798,0.028411,0.480473,0.6703090544
390025,4.1749630468,0.6629217084,,,,,,,,,,,1,1,0,0,0,0,0,0,0,0,0,0,2,0.5,2.4189423776,0.028411,0.480473,4.9753686102
390026,4.4327678496,0.5538374851,-0.407296747,,-0.313955393,0.5977453531,0.0098003615,-0.022980245,,,-0.906435989,-0.739079366,1,1,1,0,1,1,1,1,0,0,1,1,9,0.1111111111,0.3560448121,0.028411,0.480473,0.6818989434
390027,0.7739227634,-0.646088971,-0.08930472,-0.615358101,-1.080760406,-2.875403742,,0.2632395775,0.9076292051,0.3463329351,0.0119923747,0.330887089,1,1,1,1,1,1,0,1,1,1,1,1,11,0.0909090909,-0.242992,0.028411,0.480473,-0.564865037
390028,-0.500227897,0.8810901551,0.4830809287,-0.033386776,-0.893734793,-0.270541921,,0.3347945331,,,-0.906435989,-0.382423881,1,1,1,1,1,1,0,1,0,0,1,1,9,0.1111111111,-0.143087293,0.028411,0.480473,-0.356935262
390030,0.8135850408,-0.26429419,0.4830809287,-1.197329427,-0.631898935,0.5977453531,-0.931437101,,,0.5516815849,-0.171693298,-0.382423881,1,1,1,1,1,1,1,0,0,1,1,1,10,0.1,-0.113298392,0.028411,0.480473,-0.294936187
390032,0.2285664498,-1.136967976,0.3558841179,-1.080935161,-0.85632967,-0.704685558,-1.297473893,0.6210143556,,,-0.722750316,0.4497722506,1,1,1,1,1,1,1,1,0,0,1,1,10,0.1,-0.41439054,0.028411,0.480473,-0.921593576
390035,-0.515101251,0.9901743784,0.1650889017,1.5961329347,-0.370063077,-0.270541921,,0.1916846219,,0.5516815849,-0.539064643,1.6386238674,1,1,1,1,1,1,0,1,0,1,1,1,10,0.1,0.3438615397,0.028411,0.480473,0.656542129
390036,-0.520059035,-0.646088971,0.0802910279,1.4797386696,-0.55708869,-0.704685558,0.6372920035,0.6210143556,,-0.680410314,0.3793637201,0.1525593464,1,1,1,1,1,1,1,1,0,1,1,1,11,0.0909090909,0.0219933232,0.028411,0.480473,-0.013356099
390037,-0.52501682,-0.318836301,0.5042803971,0.4903874167,-0.220442587,0.1636017162,-0.042490609,0.1201296663,,-1.091107614,0.1956780474,0.4497722506,1,1,1,1,1,1,1,1,0,1,1,1,11,0.0909090909,-0.024913131,0.028411,0.480473,-0.110981614
390039,,0.9901743784,-0.08930472,0.1994017541,-0.85632967,0.1636017162,0.0098003615,-0.380755023,,,0.9304207382,-0.857964528,0,1,1,1,1,1,1,1,0,0,1,1,9,0.1111111111,0.0121161119,0.028411,0.480473,-0.033913352
390041,1.7753952667,0.6629217084,-1.043280801,-1.953892149,-0.444873322,-0.270541921,0.3235461825,-0.523864934,,,-0.355378971,-0.3229813,1,1,1,1,1,1,1,1,0,0,1,1,10,0.1,-0.215295024,0.028411,0.480473,-0.507219846
390042,-0.455607835,0.9901743784,-1.679264854,-1.604709354,-1.641837244,-1.572972831,0.3758371527,0.4063494887,,0.5516815849,0.0119923747,1.044198059,1,1,1,1,1,1,1,1,0,1,1,1,11,0.0909090909,-0.324923553,0.028411,0.480473,-0.735387628
390044,-0.480396758,0.9356322668,-0.152903125,-0.673555234,-1.305191141,-1.572972831,,-0.452309979,0.3517708022,-0.269713014,-0.355378971,-1.03629227,1,1,1,1,1,1,0,1,1,1,1,1,11,0.0909090909,-0.45557366,0.028411,0.480473,-1.007307223
390045,-0.485354543,0.8810901551,-0.598091963,0.4321902842,0.0975009548,1.03188899,-0.983728072,-0.523864934,0.7130787641,0.5516815849,0.3793637201,1.1036406399,1,1,1,1,1,1,1,1,1,1,1,1,12,0.0833333333,0.2166162985,0.028411,0.480473,0.3917090163
390046,-0.475438973,1.0447164901,-0.068105251,0.0248103565,-1.492216754,0.1636017162,,0.4063494887,1.9637601704,-0.269713014,0.0119923747,-0.204096139,1,1,1,1,1,1,0,1,1,1,1,1,11,0.0909090909,0.1005145877,0.028411,0.480473,0.1500687228
390048,-0.505185681,1.0992586017,0.2498867756,-0.033386776,-0.370063077,0.5977453531,0.6372920035,0.4063494887,,0.5516815849,0.1956780474,0.3903296698,1,1,1,1,1,1,1,1,0,1,1,1,11,0.0909090909,0.2926896355,0.028411,0.480473,0.5500390131
390049,-0.510143466,1.0992586017,0.1226899648,0.2575988866,0.4715521804,-0.270541921,,0.5494594,-0.273569901,0.5516815849,-0.171693298,1.2225258016,1,1,1,1,1,1,0,1,1,1,1,1,11,0.0909090909,0.2771652577,0.028411,0.480473,0.5177284193
39004F,-0.212676386,-0.318836301,,,,,,,,,,,1,1,0,0,0,0,0,0,0,0,0,0,2,0.5,-0.265756344,0.028411,0.480473,-0.612244036
390050,0.0550439863,-1.736931205,0.7798734871,0.3157960191,-1.641837244,0.1636017162,,0.6210143556,,,-0.171693298,-0.917407109,1,1,1,1,1,1,0,1,0,0,1,1,9,0.1111111111,-0.281393255,0.028411,0.480473,-0.644788843
390056,-0.52501682,-0.755173195,0.271086244,0.0248103565,-0.313955393,0.5977453531,,0.4779044444,,,0.1956780474,-0.3229813,1,1,1,1,1,1,0,1,0,0,1,1,9,0.1111111111,-0.038878029,0.028411,0.480473,-0.140046493
390057,-0.52501682,0.9901743784,0.546679334,0.083007489,-1.174273212,-0.270541921,0.5327100632,0.6210143556,,0.5516815849,-0.171693298,-0.204096139,1,1,1,1,1,1,1,1,0,1,1,1,11,0.0909090909,0.0890587105,0.028411,0.480473,0.1262258223
390058,-0.420903342,0.8265480434,-0.301299404,,-0.688006619,0.5977453531,0.3758371527,0.2632395775,,0.5516815849,0.1956780474,0.5092148315,1,1,1,0,1,1,1,1,0,1,1,1,10,0.1,0.1909735225,0.028411,0.480473,0.338339192
39005F,-0.282085371,0.7174638201,,,,,,-3.743837937,,,,,1,1,0,0,0,0,0,1,0,0,0,0,3,0.3333333333,-1.102819829,0.028411,0.480473,-2.354408429
390062,-0.311832079,0.2265848151,-0.36489781,,-0.070822097,-2.441260105,,,,,-0.539064643,-0.441866462,1,1,1,0,1,1,0,0,0,0,1,1,7,0.1428571429,-0.56330834,0.028411,0.480473,-1.231533376
390063,-0.500227897,0.7174638201,-1.022081332,0.0248103565,-0.631898935,-0.270541921,,-0.166090156,1.6580380489,-0.475061664,0.0119923747,-1.274062594,1,1,1,1,1,1,0,1,1,1,1,1,11,0.0909090909,-0.175241809,0.028411,0.480473,-0.423857848
390065,-0.470481189,0.9356322668,-1.085679738,-0.091583909,0.4902547416,0.5977453531,0.8987468544,0.6210143556,,0.5516815849,-1.090121662,-0.025768396,1,1,1,1,1,1,1,1,0,1,1,1,11,0.0909090909,0.121040024,0.028411,0.480473,0.1927879248
390066,-0.475438973,0.9901743784,-1.234076017,0.7231759468,-0.744114303,-1.572972831,0.2189642422,0.6210143556,,0.5516815849,-0.722750316,0.6280999932,1,1,1,1,1,1,1,1,0,1,1,1,11,0.0909090909,-0.092385631,0.028411,0.480473,-0.251410852
390067,-0.435776696,0.8265480434,-0.470895152,-0.091583909,-0.818924548,0.5977453531,-0.199363519,0.2632395775,0.8242504446,0.5516815849,0.0119923747,0.9253128974,1,1,1,1,1,1,1,1,1,1,1,1,12,0.0833333333,0.1653522043,0.028411,0.480473,0.2850140273
390068,-0.401072203,0.8810901551,0.0590915594,,-0.183037464,0.1636017162,,0.6210143556,,-0.269713014,-0.355378971,0.8658703165,1,1,1,0,1,1,0,1,0,1,1,1,9,0.1111111111,0.1534962722,0.028411,0.480473,0.2603385001
39006F,-0.00444943,0.3356690385,,,,0.5977453531,,0.6210143556,,,,1.1036406399,1,1,0,0,0,1,0,1,0,0,0,1,5,0.2,0.5307239915,0.028411,0.480473,1.0454554139
390070,-0.52501682,0.2265848151,0.822272424,,0.1910137612,0.5977453531,,,,,0.0119923747,0.3903296698,1,1,1,0,1,1,0,0,0,0,1,1,7,0.1428571429,0.2449887968,0.028411,0.480473,0.4507601603
390073,-0.515101251,0.8265480434,-1.000881864,-0.033386776,-0.594493812,0.1636017162,-1.402055833,-1.883409091,-0.885014144,-1.501804914,-0.355378971,-0.441866462,1,1,1,1,1,1,1,1,1,1,1,1,12,0.0833333333,-0.63527028,0.028411,0.480473,-1.381306399
390079,0.659893716,0.7720059318,0.3558841179,-0.731752366,-0.4074682,-0.270541921,1.1602017052,0.2632395775,,0.1409842852,-0.171693298,-0.263538719,1,1,1,1,1,1,1,1,0,1,1,1,11,0.0909090909,0.1370195299,0.028411,0.480473,0.2260457682
390086,-0.00444943,-0.26429419,-0.598091963,1.3633444046,-0.55708869,-0.704685558,,0.1916846219,0.4073566425,-1.091107614,-0.171693298,-0.798521947,1,1,1,1,1,1,0,1,1,1,1,1,11,0.0909090909,-0.202504275,0.028411,0.480473,-0.480598701
390090,0.1095796177,-1.682389093,0.9282697664,-1.546512222,-0.332657955,-0.270541921,,0.6210143556,,-0.475061664,0.9304207382,0.0931167656,1,1,1,1,1,1,0,1,0,1,1,1,10,0.1,-0.162476161,0.028411,0.480473,-0.397288946
390091,-0.515101251,0.7174638201,-0.598091963,-0.382569571,0.5463624255,0.1636017162,-1.402055833,0.1201296663,,-0.064364365,0.3793637201,0.330887089,1,1,1,1,1,1,1,1,0,1,1,1,11,0.0909090909,-0.06403405,0.028411,0.480473,-0.192403242
390093,0.6549359313,0.4447532618,-0.004506846,-1.197329427,0.3406342514,0.5977453531,,0.6210143556,,,0.0119923747,-0.144653558,1,1,1,1,1,1,0,1,0,0,1,1,9,0.1111111111,0.1471761886,0.028411,0.480473,0.2471846297
390096,-0.500227897,-2.391436545,-0.513294089,0.2575988866,-1.174273212,0.1636017162,0.0098003615,0.4779044444,0.310081422,-0.475061664,0.5630493928,0.0336741848,1,1,1,1,1,1,1,1,1,1,1,1,12,0.0833333333,-0.269881917,0.028411,0.480473,-0.620830513
390097,-0.445692265,1.2083428251,0.6526766764,-2.186680679,-0.800221986,-0.270541921,,,,0.1409842852,0.7467350655,-0.204096139,1,1,1,1,1,1,0,0,0,1,1,1,9,0.1111111111,-0.128721571,0.028411,0.480473,-0.327036156
39009F,0.2930176505,0.5538374851,,,,0.1636017162,,-1.096304579,,,,1.8169516099,1,1,0,0,0,1,0,1,0,0,0,1,5,0.2,0.3462207765,0.028411,0.480473,0.6614523639
390100,0.9424874422,1.0447164901,0.2498867756,0.6067816818,-1.267786018,0.1636017162,0.1143823019,0.1201296663,,0.3463329351,0.1956780474,0.0336741848,1,1,1,1,1,1,1,1,0,1,1,1,11,0.0909090909,0.2318077475,0.028411,0.480473,0.4233266918
390101,-0.420903342,0.9356322668,0.0590915594,0.7231759468,-1.510919315,0.1636017162,,0.5494594,,-0.064364365,-0.171693298,0.0931167656,1,1,1,1,1,1,0,1,0,1,1,1,10,0.1,0.0356197335,0.028411,0.480473,0.0150042907
390102,-0.475438973,0.8810901551,-0.682889837,0.5485845492,-1.342596263,-0.270541921,-1.454346803,0.4779044444,,,-1.090121662,-0.679636785,1,1,1,1,1,1,1,1,0,0,1,1,10,0.1,-0.40879931,0.028411,0.480473,-0.909956654
390104,-0.495270112,0.2811269268,-2.633240935,,1.2196546314,0.1636017162,,-0.022980245,,,-2.375921371,-0.144653558,1,1,1,0,1,1,0,1,0,0,1,1,8,0.125,-0.500960368,0.028411,0.480473,-1.101769721
390107,-0.490312327,0.6629217084,-0.216501531,0.2575988866,-0.4074682,0.1636017162,,0.5494594,,,-0.539064643,-0.441866462,1,1,1,1,1,1,0,1,0,0,1,1,9,0.1111111111,-0.051292384,0.028411,0.480473,-0.165884254
390110,-0.430818911,0.8810901551,0.5042803971,-0.615358101,-0.332657955,0.1636017162,0.6372920035,0.4779044444,,0.5516815849,0.1956780474,-0.501309043,1,1,1,1,1,1,1,1,0,1,1,1,11,0.0909090909,0.1392167581,0.028411,0.480473,0.2306188175
390111,-0.435776696,1.2083428251,-0.068105251,-0.149781041,-2.071996153,-1.572972831,0.7418739439,0.1201296663,0.490735403,0.5516815849,-0.355378971,0.8064277357,1,1,1,1,1,1,1,1,1,1,1,1,12,0.0833333333,-0.061234982,0.028411,0.480473,-0.186577596
390112,-0.485354543,-1.082425865,0.6526766764,,-0.239145148,-0.270541921,,0.4063494887,,,-0.355378971,0.1525593464,1,1,1,0,1,1,0,1,0,0,1,1,8,0.125,-0.152657617,0.028411,0.480473,-0.376853796
390113,-0.480396758,0.1175005918,0.5042803971,-1.662906487,-0.426170761,-0.704685558,-0.774564191,0.1916846219,,-0.885758964,-0.906435989,1.3414109632,1,1,1,1,1,1,1,1,0,1,1,1,11,0.0909090909,-0.335094739,0.028411,0.480473,-0.756556727
390114,-0.455607835,0.7174638201,-1.000881864,,-0.669304058,0.1636017162,,0.2632395775,,0.3463329351,1.2977920836,-0.204096139,1,1,1,0,1,1,0,1,0,1,1,1,9,0.1111111111,0.0509489153,0.028411,0.480473,0.0469086267
390115,-0.406029988,0.1175005918,0.4194825233,-0.848146631,-1.884970541,-2.441260105,-0.774564191,-2.026519002,1.088283186,,-0.539064643,-1.214620013,1,1,1,1,1,1,1,1,1,0,1,1,11,0.0909090909,-0.773628074,0.028411,0.480473,-1.669267858
390116,-0.52501682,0.9901743784,-0.068105251,,-0.762816864,0.1636017162,,,,,0.0119923747,0.5686574123,1,1,1,0,1,1,0,0,0,0,1,1,7,0.1428571429,0.0540695638,0.028411,0.480473,0.0534035732
390117,-0.520059035,0.9901743784,-0.534493558,,0.5463624255,0.1636017162,,-2.88517847,,,0.9304207382,0.0931167656,1,1,1,0,1,1,0,1,0,0,1,1,8,0.125,-0.15200688,0.028411,0.480473,-0.375499429
390123,-0.470481189,0.8810901551,-0.788887179,-3.1178348,-0.669304058,0.1636017162,0.3758371527,0.6210143556,,,-0.539064643,-0.739079366,1,1,1,1,1,1,1,1,0,0,1,1,10,0.1,-0.428310786,0.028411,0.480473,-0.95056552
390125,-0.475438973,-1.355136423,0.1438894333,-0.906343764,-0.276550271,0.1636017162,,,,0.5516815849,0.5630493928,-0.97684969,1,1,1,1,1,1,0,0,0,1,1,1,9,0.1111111111,-0.28534411,0.028411,0.480473,-0.653011684
390127,-0.267212017,0.8810901551,-0.025706314,0.3157960191,-0.482278445,0.5977453531,1.5262384964,-2.527403692,,0.5516815849,-0.539064643,-0.501309043,1,1,1,1,1,1,1,1,0,1,1,1,11,0.0909090909,-0.042765686,0.028411,0.480473,-0.1481378
39012F,0.3822577745,0.2265848151,,,0.247121445,0.5977453531,,-0.094535201,,,,-1.868488402,1,1,0,0,1,1,0,1,0,0,0,1,6,0.1666666667,-0.084885702,0.028411,0.480473,-0.235801393
390133,1.0912209823,-0.155209967,-0.979682395,-0.266175306,-0.893734793,-0.704685558,-0.826855161,0.4063494887,-0.00953716,0.5516815849,-0.171693298,0.4497722506,1,1,1,1,1,1,1,1,1,1,1,1,12,0.0833333333,-0.125712444,0.028411,0.480473,-0.320773318
390137,-0.52501682,-1.682389093,-1.234076017,-0.498963836,-1.00595016,0.1636017162,,-0.59541989,0.5880106234,-1.707153563,-0.906435989,-0.441866462,1,1,1,1,1,1,0,1,1,1,1,1,11,0.0909090909,-0.713241772,0.028411,0.480473,-1.54358699
390138,-0.495270112,0.7174638201,0.1650889017,1.3051472721,0.4154444965,0.5977453531,,0.6210143556,,,0.1956780474,0.2714445081,1,1,1,1,1,1,0,1,0,0,1,1,9,0.1111111111,0.4215285158,0.028411,0.480473,0.8181889368
390139,0.6945982087,1.1538007134,-0.08930472,0.2575988866,-0.688006619,0.1636017162,,-0.666974846,,0.5516815849,0.1956780474,-0.085210977,1,1,1,1,1,1,0,1,0,1,1,1,10,0.1,0.1487461996,0.028411,0.480473,0.2504522639
39013F,-0.123436262,0.0084163685,,,,0.5977453531,,-2.241183869,,,,-0.441866462,1,1,0,0,0,1,0,1,0,0,0,1,5,0.2,-0.440064974,0.028411,0.480473,-0.97502929
390142,-0.282085371,1.1538007134,-0.576892494,-0.091583909,-1.305191141,-1.572972831,0.7418739439,0.5494594,-1.732698208,0.5516815849,1.1141064109,-0.798521947,1,1,1,1,1,1,1,1,1,1,1,1,12,0.0833333333,-0.187418654,0.028411,0.480473,-0.449201285
390145,1.7456485587,1.0992586017,-0.449695684,-0.498963836,-0.183037464,0.1636017162,1.2647836455,0.5494594,,0.5516815849,0.3793637201,-0.798521947,1,1,1,1,1,1,1,1,0,1,1,1,11,0.0909090909,0.3475980269,0.028411,0.480473,0.6643188091
390146,4.2344564628,-0.046125743,0.3558841179,-0.848146631,-0.594493812,0.1636017162,-0.931437101,0.3347945331,,-4.171337362,-0.171693298,1.8169516099,1,1,1,1,1,1,1,1,0,1,1,1,11,0.0909090909,0.0129504083,0.028411,0.480473,-0.032176947
390147,0.4120044825,-0.100667855,-0.470895152,0.083007489,-0.949842477,-2.007116468,,-0.380755023,,,0.3793637201,-0.3229813,1,1,1,1,1,1,0,1,0,0,1,1,9,0.1111111111,-0.373098065,0.028411,0.480473,-0.835652329
390150,-0.460565619,0.8810901551,-0.767687711,,0.6959829157,0.1636017162,,,,,-0.722750316,1.8169516099,1,1,1,0,1,1,0,0,0,0,1,1,7,0.1428571429,0.2295175358,0.028411,0.480473,0.4185601175
390151,-0.500227897,0.7174638201,0.0590915594,0.3157960191,-0.463575883,0.1636017162,0.5327100632,,1.1438690263,0.5516815849,0.0119923747,0.2120019273,1,1,1,1,1,1,1,0,1,1,1,1,11,0.0909090909,0.249491301,0.028411,0.480473,0.460131137
390153,0.8929095955,1.2083428251,0.1862883702,-0.673555234,-0.987247599,1.03188899,,0.6210143556,,0.5516815849,-0.722750316,0.330887089,1,1,1,1,1,1,0,1,0,1,1,1,10,0.1,0.2439459661,0.028411,0.480473,0.4485897364
390156,-0.52501682,-0.373378413,-0.619291431,1.072358742,-0.575791251,-1.572972831,,0.1916846219,,,0.1956780474,0.2714445081,1,1,1,1,1,1,0,1,0,0,1,1,9,0.1111111111,-0.215031648,0.028411,0.480473,-0.506671686
390157,,,-0.08930472,,0.4528496191,0.5977453531,,,,,,,0,0,1,0,1,1,0,0,0,0,0,0,3,0.3333333333,0.3204300841,0.028411,0.480473,0.6077746839
390160,0.0203394936,-1.791473316,0.0802910279,-0.848146631,0.0039881484,-0.270541921,,0.6210143556,,,-1.273807334,0.0336741848,1,1,1,1,1,1,0,1,0,0,1,1,9,0.1111111111,-0.380517999,0.028411,0.480473,-0.851095298
390162,-0.505185681,1.0447164901,0.313485181,,0.7707931608,0.5977453531,,0.4779044444,,,0.1956780474,1.9358367716,1,1,1,0,1,1,0,1,0,0,1,1,8,0.125,0.6038717209,0.028411,0.480473,1.1976963989
390163,0.1839463877,-0.427920525,0.0590915594,-0.091583909,-0.426170761,0.5977453531,-0.094781579,0.3347945331,,0.5516815849,0.3793637201,-0.263538719,1,1,1,1,1,1,1,1,0,1,1,1,11,0.0909090909,0.0729661496,0.028411,0.480473,0.0927326798
390164,-0.475438973,0.8810901551,-1.085679738,-0.382569571,-1.492216754,0.1636017162,-2.657039117,0.4063494887,-0.523706182,,-0.539064643,-0.620194204,1,1,1,1,1,1,1,1,1,0,1,1,11,0.0909090909,-0.574987984,0.028411,0.480473,-1.255841997
390168,4.0807651381,0.5538374851,-0.91608399,0.0248103565,-0.538386129,-0.270541921,0.4281281229,0.6210143556,-1.107357505,0.5516815849,-0.171693298,-0.501309043,1,1,1,1,1,1,1,1,1,1,1,1,12,0.0833333333,0.2295720965,0.028411,0.480473,0.4186736736
390173,-0.435776696,-0.700631083,-0.152903125,-1.313723692,0.1536086387,0.5977453531,,,,-0.475061664,0.0119923747,0.6280999932,1,1,1,1,1,1,0,0,0,1,1,1,9,0.1111111111,-0.187405545,0.028411,0.480473,-0.449174
390174,-0.073858415,0.7174638201,-0.470895152,-1.546512222,-1.155570651,-0.270541921,,0.1916846219,-1.121253965,0.5516815849,-0.539064643,0.1525593464,1,1,1,1,1,1,0,1,1,1,1,1,11,0.0909090909,-0.324027963,0.028411,0.480473,-0.733523655
390178,-0.495270112,0.7174638201,-0.704089305,0.3157960191,-0.519683567,-2.441260105,-0.46081837,0.6210143556,,-0.475061664,0.1956780474,-1.69016066,1,1,1,1,1,1,1,1,0,1,1,1,11,0.0909090909,-0.448762867,0.028411,0.480473,-0.993132051
390179,-0.430818911,1.2083428251,0.1438894333,-0.557160969,-1.679242366,-1.138829195,-0.774564191,-0.881639712,0.6574929238,0.1409842852,-0.722750316,0.2714445081,1,1,1,1,1,1,1,1,1,1,1,1,12,0.0833333333,-0.313570974,0.028411,0.480473,-0.711759721
390180,1.2895323691,1.1538007134,0.037892091,-0.557160969,-0.949842477,0.1636017162,,0.4779044444,-0.551499102,0.1409842852,0.5630493928,-0.3229813,1,1,1,1,1,1,0,1,1,1,1,1,11,0.0909090909,0.1313891967,0.028411,0.480473,0.2143274622
390183,-0.510143466,1.0992586017,0.5678788025,-1.313723692,0.378039374,0.5977453531,,0.6210143556,,,0.0119923747,1.2225258016,1,1,1,1,1,1,0,1,0,0,1,1,9,0.1111111111,0.2971763895,0.028411,0.480473,0.5593772093
390184,0.3078910045,-2.118725986,0.5678788025,,1.4440853668,0.5977453531,,0.6210143556,,,,-1.214620013,1,1,1,0,1,1,0,1,0,0,0,1,7,0.1428571429,0.0293241262,0.028411,0.480473,0.0019013622
390185,0.7590494094,-0.209752078,-0.36489781,0.8395702119,-0.85632967,0.1636017162,0.5327100632,,1.3384194673,0.5516815849,0.3793637201,0.2714445081,1,1,1,1,1,1,1,0,1,1,1,1,11,0.0909090909,0.3095328293,0.028411,0.480473,0.5850944338
390195,0.7590494094,1.2083428251,0.0166926225,-0.324372439,-2.202914082,0.1636017162,,-0.380755023,1.9081743301,0.5516815849,0.0119923747,0.330887089,1,1,1,1,1,1,0,1,1,1,1,1,11,0.0909090909,0.1856709462,0.028411,0.480473,0.3273030402
390198,-0.500227897,0.0629584801,0.4406819917,,0.5463624255,-0.704685558,,-0.523864934,,,0.0119923747,-1.630718079,1,1,1,0,1,1,0,1,0,0,1,1,8,0.125,-0.287187649,0.028411,0.480473,-0.656848607
390199,-0.480396758,-0.537004748,-0.174102594,,0.5276598642,1.03188899,,0.2632395775,,-2.323199513,1.2977920836,0.2120019273,1,1,1,0,1,1,0,1,0,1,1,1,9,0.1111111111,-0.020235686,0.028411,0.480473,-0.101246536
390201,0.9573607962,-0.482462636,-0.682889837,-0.266175306,-1.211678335,-0.270541921,0.8464558842,0.1916846219,0.1433239012,0.5516815849,0.0119923747,-0.025768396,1,1,1,1,1,1,1,1,1,1,1,1,12,0.0833333333,-0.019751439,0.028411,0.480473,-0.100238683
390203,0.0203394936,1.2083428251,-0.174102594,-0.266175306,-0.725411741,0.1636017162,0.6895829737,-0.166090156,,0.5516815849,-0.539064643,-1.571275498,1,1,1,1,1,1,1,1,0,1,1,1,11,0.0909090909,-0.073506486,0.028411,0.480473,-0.212118045
390204,-0.52501682,-1.082425865,-0.195302062,1.2469501395,-1.192975773,-2.441260105,,0.3347945331,,,-0.722750316,-0.263538719,1,1,1,1,1,1,0,1,0,0,1,1,9,0.1111111111,-0.537947221,0.028411,0.480473,-1.178749758
390211,-0.52501682,-0.864257418,0.2074878387,0.5485845492,0.041393271,-2.441260105,,0.1201296663,,,-0.906435989,-0.085210977,1,1,1,1,1,1,0,1,0,0,1,1,9,0.1111111111,-0.433842887,0.028411,0.480473,-0.962079378
390217,1.3490257851,0.9356322668,-0.343698341,1.2469501395,0.7333880382,0.5977453531,,0.4779044444,,,0.1956780474,-0.204096139,1,1,1,1,1,1,0,1,0,0,1,1,9,0.1111111111,0.5542810661,0.028411,0.480473,1.0944843074
390219,1.4085192011,1.0447164901,-0.492094621,-1.953892149,-0.239145148,0.1636017162,,0.6210143556,,,0.5630493928,-0.917407109,1,1,1,1,1,1,0,1,0,0,1,1,9,0.1111111111,0.0220402366,0.028411,0.480473,-0.013258459
390222,0.4814134679,1.2083428251,-0.046905783,0.083007489,-2.146806398,-2.007116468,1.107910735,0.1916846219,0.1294274411,-1.091107614,-0.355378971,-0.085210977,1,1,1,1,1,1,1,1,1,1,1,1,12,0.0833333333,-0.210894969,0.028411,0.480473,-0.498062095
390223,-0.45065005,1.2628849367,-0.322498873,0.6649788143,-2.015888469,-0.270541921,0.166673272,0.5494594,,,-0.171693298,-0.441866462,1,1,1,1,1,1,1,1,0,0,1,1,10,0.1,-0.102914265,0.028411,0.480473,-0.273323899
390225,-0.475438973,1.0992586017,-0.534493558,0.4321902842,-0.669304058,0.1636017162,1.107910735,0.2632395775,,0.5516815849,-0.539064643,0.2714445081,1,1,1,1,1,1,1,1,0,1,1,1,11,0.0909090909,0.1519114342,0.028411,0.480473,0.2570400067
390226,-0.391156634,1.2083428251,0.313485181,0.083007489,-0.781519425,0.1636017162,1.5262384964,,0.296184962,0.5516815849,-2.192235698,-0.144653558,1,1,1,1,1,1,1,0,1,1,1,1,11,0.0909090909,0.0575433582,0.028411,0.480473,0.0606335158
390228,-0.52501682,0.3902111501,-0.046905783,0.7231759468,-0.482278445,-1.138829195,0.5327100632,0.4779044444,,0.3463329351,0.1956780474,-0.620194204,1,1,1,1,1,1,1,1,0,1,1,1,11,0.0909090909,-0.013382896,0.028411,0.480473,-0.086983956
390231,-0.187887462,0.1720427035,-0.004506846,0.3739931517,-2.184211521,-3.743691016,,0.2632395775,0.6713893839,0.5516815849,-0.171693298,-1.274062594,1,1,1,1,1,1,0,1,1,1,1,1,11,0.0909090909,-0.503064212,0.028411,0.480473,-1.106148412
390233,-0.430818911,0.5538374851,-0.534493558,-1.895695017,-0.70670918,-0.270541921,0.7418739439,0.6210143556,,-0.269713014,-0.906435989,-0.025768396,1,1,1,1,1,1,1,1,0,1,1,1,11,0.0909090909,-0.283950018,0.028411,0.480473,-0.650110187
390237,-0.52501682,-1.846015428,-0.110504188,-0.848146631,-0.239145148,-0.270541921,0.5327100632,-1.668744224,,0.5516815849,0.1956780474,-0.441866462,1,1,1,1,1,1,1,1,0,1,1,1,11,0.0909090909,-0.424537375,0.028411,0.480473,-0.942711992
390256,-0.470481189,-0.973341641,-0.449695684,-0.673555234,-2.053293592,-0.704685558,,0.6210143556,0.3934601825,0.3463329351,-0.539064643,-0.620194204,1,1,1,1,1,1,0,1,1,1,1,1,11,0.0909090909,-0.465773116,0.028411,0.480473,-1.028535158
390258,-0.52501682,-0.864257418,-0.534493558,-0.731752366,-1.062057844,-1.572972831,-0.35623643,-0.166090156,1.2689371669,0.3463329351,-0.539064643,0.6280999932,1,1,1,1,1,1,1,1,1,1,1,1,12,0.0833333333,-0.342380998,0.028411,0.480473,-0.771721478
390265,-0.113520692,-2.064183875,-0.174102594,1.5379358022,-0.631898935,0.5977453531,0.166673272,0.6210143556,,-0.475061664,0.1956780474,0.7469851548,1,1,1,1,1,1,1,1,0,1,1,1,11,0.0909090909,0.0370240205,0.028411,0.480473,0.0179270065
390266,0.0401706323,-1.90055754,0.589078271,-1.779300752,0.4715521804,0.5977453531,,0.6210143556,,,-1.090121662,0.8064277357,1,1,1,1,1,1,0,1,0,0,1,1,9,0.1111111111,-0.182665714,0.028411,0.480473,-0.43930908
390267,-0.158140754,-2.064183875,-0.195302062,-2.012089282,-1.58572956,-0.270541921,0.6372920035,0.6210143556,,0.5516815849,0.1956780474,-0.441866462,1,1,1,1,1,1,1,1,0,1,1,1,11,0.0909090909,-0.429289811,0.028411,0.480473,-0.952603147
390268,-0.197803032,-0.537004748,0.1014904963,,-0.631898935,0.5977453531,0.5850010334,0.5494594,,0.5516815849,0.0119923747,0.687542574,1,1,1,0,1,1,1,1,0,1,1,1,10,0.1,0.1718206101,0.028411,0.480473,0.2984765979
390270,-0.515101251,1.1538007134,0.313485181,-0.498963836,-1.062057844,-0.270541921,,0.0485747107,1.477384068,0.5516815849,0.1956780474,-0.3229813,1,1,1,1,1,1,0,1,1,1,1,1,11,0.0909090909,0.0973598321,0.028411,0.480473,0.1435027895
390272,0.9623185809,-3.700447225,,,,,,,,,,,1,1,0,0,0,0,0,0,0,0,0,0,2,0.5,-1.369064322,0.028411,0.480473,-2.908538053
390278,-0.505185681,,,,,,,,,,,,1,0,0,0,0,0,0,0,0,0,0,0,1,1,-0.505185681,0.028411,0.480473,-1.110563786
390304,-0.420903342,1.1538007134,-0.301299404,,0.0975009548,0.5977453531,,,,,0.1956780474,0.2120019273,1,1,1,0,1,1,0,0,0,0,1,1,7,0.1428571429,0.2192177499,0.028411,0.480473,0.397123368
390307,3.8824537513,-1.627846981,,,,,,,,,-1.090121662,,1,1,0,0,0,0,0,0,0,0,1,0,3,0.3333333333,0.3881617027,0.028411,0.480473,0.7487432201
390316,-0.440734481,-0.26429419,,,,,,-1.454079357,,,0.0119923747,,1,1,0,0,0,0,0,1,0,0,1,0,4,0.25,-0.536778913,0.028411,0.480473,-1.176318181
390322,-0.480396758,1.2083428251,,,,,,,,,2.5835917926,,1,1,0,0,0,0,0,0,0,0,1,0,3,0.3333333333,1.1038459532,0.028411,0.480473,2.2382833077
390323,-0.173014108,-2.336894433,,,,,,,,,0.7467350655,,1,1,0,0,0,0,0,0,0,0,1,0,3,0.3333333333,-0.587724492,0.028411,0.480473,-1.28235025
390324,1.0961787669,1.1538007134,,,,,,,,,,,1,1,0,0,0,0,0,0,0,0,0,0,2,0.5,1.1249897402,0.028411,0.480473,2.2822894714
390325,-0.401072203,0.0629584801,,,,,,,,,0.3793637201,,1,1,0,0,0,0,0,0,0,0,1,0,3,0.3333333333,0.013749999,0.028411,0.480473,-0.030512774
390326,-0.515101251,1.0992586017,0.3558841179,-0.091583909,-0.70670918,-0.270541921,-0.669982251,0.4779044444,,0.1409842852,0.0119923747,1.5197387057,1,1,1,1,1,1,1,1,0,1,1,1,11,0.0909090909,0.1228949108,0.028411,0.480473,0.1966484657
390327,-0.515101251,0.9356322668,,,,,,,,,-2.192235698,,1,1,0,0,0,0,0,0,0,0,1,0,3,0.3333333333,-0.590568227,0.028411,0.480473,-1.288268863
390328,-0.485354543,0.8810901551,0.3346846494,-0.731752366,-1.791457734,-1.138829195,0.4281281229,0.4063494887,,,-0.355378971,-0.501309043,1,1,1,1,1,1,1,1,0,0,1,1,10,0.1,-0.295382944,0.028411,0.480473,-0.673905317
390329,-0.262254233,1.0992586017,0.037892091,-0.382569571,-2.31512945,-1.138829195,-0.35623643,0.6210143556,,0.5516815849,0.3793637201,1.2819683824,1,1,1,1,1,1,1,1,0,1,1,1,11,0.0909090909,-0.043985467,0.028411,0.480473,-0.150676508
390330,-0.505185681,1.0447164901,0.7374745502,,-0.276550271,0.1636017162,-0.774564191,0.6210143556,,,-0.539064643,1.4602961249,1,1,1,0,1,1,1,1,0,0,1,1,9,0.1111111111,0.2146376056,0.028411,0.480473,0.3875908003
390331,-0.30191651,0.5538374851,,,,,,,,,,,1,1,0,0,0,0,0,0,0,0,0,0,2,0.5,0.1259604876,0.028411,0.480473,0.2030287927
390332,-0.500227897,0.9901743784,0.4406819917,-1.022738029,0.9391162123,0.5977453531,,0.6210143556,,,0.1956780474,1.4008535441,1,1,1,1,1,1,0,1,0,0,1,1,9,0.1111111111,0.4069219952,0.028411,0.480473,0.7877886618
390333,-0.500227897,0.0629584801,1.2250623248,,1.1074392638,0.1636017162,-1.245182922,,,,1.4814777564,1.4008535441,1,1,1,0,1,1,1,0,0,0,1,1,8,0.125,0.4619977833,0.028411,0.480473,0.9024168573
390334,-0.009407214,-1.791473316,0.9494692348,1.5379358022,-0.183037464,1.03188899,1.107910735,,,,0.5630493928,-0.263538719,1,1,1,1,1,1,1,0,0,0,1,1,9,0.1111111111,0.3269774934,0.028411,0.480473,0.6214016829
390335,-0.500227897,1.0447164901,0.3982830548,-3.408820463,0.0975009548,0.1636017162,,0.6210143556,,,-0.539064643,1.6980664483,1,1,1,1,1,1,0,1,0,0,1,1,9,0.1111111111,-0.047214443,0.028411,0.480473,-0.157396912
390336,-0.505185681,-2.391436545,-0.237700999,,-0.631898935,1.03188899,,,,-0.269713014,0.0119923747,0.0931167656,1,1,1,0,1,1,0,0,0,1,1,1,8,0.125,-0.362367131,0.028411,0.480473,-0.813318238
390337,-0.52501682,1.1538007134,0.3982830548,,0.8456034059,1.03188899,,,,,0.0119923747,0.7469851548,1,1,1,0,1,1,0,0,0,0,1,1,7,0.1428571429,0.5233624105,0.028411,0.480473,1.0301338947
390338,1.3886880625,-0.100667855,0.4830809287,,-0.519683567,0.1636017162,,,,,-1.273807334,0.330887089,1,1,1,0,1,1,0,0,0,0,1,1,7,0.1428571429,0.06744272,0.028411,0.480473,0.0812368702
390339,-0.500227897,-2.609604991,0.8434718925,,-0.482278445,,,,,,-0.722750316,0.2714445081,1,1,1,0,1,0,0,0,0,0,1,1,6,0.1666666667,-0.533324208,0.028411,0.480473,-1.169127969
391300,-0.52501682,1.0992586017,0.6314772079,,0.920413651,1.03188899,,-0.022980245,,,-0.722750316,1.1036406399,1,1,1,0,1,1,0,1,0,0,1,1,8,0.125,0.4394914637,0.028411,0.480473,0.8555748802
391301,,0.8265480434,-0.513294089,,0.4715521804,0.1636017162,,,,,-1.457493007,1.1630832207,0,1,1,0,1,1,0,0,0,0,1,1,6,0.1666666667,0.1089996774,0.028411,0.480473,0.1677285794
391302,-0.500227897,0.6083795968,-0.513294089,,1.3131674378,1.03188899,,0.6210143556,,,,,1,1,1,0,1,1,0,1,0,0,0,0,6,0.1666666667,0.4268213991,0.028411,0.480473,0.8292049145
391303,,,0.0590915594,-1.604709354,0.920413651,1.03188899,,,,,1.1141064109,,0,0,1,1,1,1,0,0,0,0,1,0,5,0.2,0.3041582514,0.028411,0.480473,0.5739084264
391304,,-0.864257418,,,1.3692751217,,,,,,,,0,1,0,0,1,0,0,0,0,0,0,0,2,0.5,0.2525088518,0.028411,0.480473,0.4664115083
391305,4.4327678496,0.5538374851,0.3346846494,,0.7333880382,0.1636017162,,-0.810084757,,,-1.457493007,0.4497722506,1,1,1,0,1,1,0,1,0,0,1,1,8,0.125,0.5500592782,0.028411,0.480473,1.0856975802
391306,,-3.645905113,0.6738761448,,0.6024701093,,,,,,,,0,1,1,0,1,0,0,0,0,0,0,0,3,0.3333333333,-0.789852953,0.028411,0.480473,-1.703036391
391307,,-0.537004748,1.0130676402,,1.2383571927,0.5977453531,,-2.956733425,,,,-0.620194204,0,1,1,0,1,1,0,1,0,0,0,1,6,0.1666666667,-0.210793699,0.028411,0.480473,-0.497851323
391308,-0.108562908,-1.57330487,0.2922857125,,0.5089573029,0.1636017162,,-0.094535201,,,-5.131206461,-0.3229813,1,1,1,0,1,1,0,1,0,0,1,1,8,0.125,-0.783218251,0.028411,0.480473,-1.689227712
391309,,-2.22781021,-1.446070701,,1.257059754,,,,,,-0.355378971,,0,1,1,0,1,0,0,0,0,0,1,0,4,0.25,-0.693050032,0.028411,0.480473,-1.501562304
391312,,-0.155209967,-0.513294089,,0.5089573029,0.5977453531,,-0.59541989,,,-1.824864352,-1.392947755,0,1,1,0,1,1,0,1,0,0,1,1,7,0.1428571429,-0.482147628,0.028411,0.480473,-1.062615122
391313,,,0.1862883702,0.8395702119,0.1536086387,0.5977453531,,,,0.5516815849,0.3793637201,0.8658703165,0,0,1,1,1,1,0,0,0,1,1,1,7,0.1428571429,0.5105897422,0.028411,0.480473,1.0035503819
391314,0.1244529717,0.2265848151,0.4406819917,,0.3219316902,,,,,,0.3793637201,0.0931167656,1,1,1,0,1,0,0,0,0,0,1,1,6,0.1666666667,0.2643553257,0.028411,0.480473,0.4910673504
391315,,0.1175005918,0.0166926225,1.072358742,0.1723111999,0.1636017162,,0.5494594,,,-0.355378971,-1.214620013,0,1,1,1,1,1,0,1,0,0,1,1,8,0.125,0.0652406611,0.028411,0.480473,0.0766537667
391316,,0.8265480434,-0.025706314,0.3157960191,-0.444873322,-0.270541921,,,,0.5516815849,0.1956780474,-0.144653558,0,1,1,1,1,1,0,0,0,1,1,1,8,0.125,0.1254910725,0.028411,0.480473,0.2020518078
391317,0.030255063,0.8265480434,0.9706687033,,0.9017110897,0.5977453531,,-0.166090156,,,-4.029092425,,1,1,1,0,1,1,0,1,0,0,1,0,7,0.1428571429,-0.124036333,0.028411,0.480473,-0.317284859
400001,,,,,,,,,,,1.6651634291,,0,0,0,0,0,0,0,0,0,0,1,0,1,1,1.6651634291,0.028411,0.480473,3.4065427483
400003,,,,,,,,,,,2.7672774653,-3.592323246,0,0,0,0,0,0,0,0,0,0,1,1,2,0.5,-0.412522891,0.028411,0.480473,-0.917706473
400004,,,,,,,,,,,,,0,0,0,0,0,0,0,0,0,0,0,0,0,,,0.028411,0.480473,
400005,,,,,,,,,,,,,0,0,0,0,0,0,0,0,0,0,0,0,0,,,0.028411,0.480473,
400006,,,,,-1.997185908,,-3.441403669,,,,0.9304207382,-3.235667761,0,0,0,0,1,0,1,0,0,0,1,1,4,0.25,-1.93595915,0.028411,0.480473,-4.088405532
400007,-0.52501682,-0.700631083,,,,,,,,,,,1,1,0,0,0,0,0,0,0,0,0,0,2,0.5,-0.612823952,0.028411,0.480473,-1.334589281
400011,4.3385699409,0.9901743784,,,,,,,,,2.2162204472,,1,1,0,0,0,0,0,0,0,0,1,0,3,0.3333333333,2.5149882555,0.028411,0.480473,5.1752670783
400012,,,,,,,,,,,,,0,0,0,0,0,0,0,0,0,0,0,0,0,,,0.028411,0.480473,
400013,,,,,,,,,,0.1409842852,2.0325347745,,0,0,0,0,0,0,0,0,0,1,1,0,2,0.5,1.0867595299,0.028411,0.480473,2.2027216581
400014,-0.356452141,0.2265848151,,,,,,,,0.5516815849,2.3999061199,,1,1,0,0,0,0,0,0,0,1,1,0,4,0.25,0.7054300947,0.028411,0.480473,1.4090679205
400015,,,,,,,,,,,,,0,0,0,0,0,0,0,0,0,0,0,0,0,,,0.028411,0.480473,
400016,,,,,,,,,,-0.064364365,,,0,0,0,0,0,0,0,0,0,1,0,0,1,1,-0.064364365,0.028411,0.480473,-0.193090721
400018,,,,,,,,,,,2.5835917926,,0,0,0,0,0,0,0,0,0,0,1,0,1,1,2.5835917926,0.028411,0.480473,5.318050322
400019,,-1.027883753,,,,,,,,-0.885758964,2.3999061199,-3.592323246,0,1,0,0,0,0,0,0,0,1,1,1,4,0.25,-0.776514961,0.028411,0.480473,-1.675276281
400021,4.4327678496,-0.755173195,,,,,,,,-0.885758964,2.3999061199,-3.413995504,1,1,0,0,0,0,0,0,0,1,1,1,5,0.2,0.3555492613,0.028411,0.480473,0.6808675629
400022,-0.52501682,-0.700631083,,,-0.987247599,,,,,0.5516815849,,,1,1,0,0,1,0,0,0,0,1,0,0,4,0.25,-0.415303479,0.028411,0.480473,-0.923493659
400032,4.4327678496,-0.973341641,,,,,,,,0.5516815849,2.2162204472,-3.057340019,1,1,0,0,0,0,0,0,0,1,1,1,5,0.2,0.6339976443,0.028411,0.480473,1.2603969132
40003F,-0.465523404,0.0084163685,,,,-0.270541921,,-0.309200067,,,,-1.809045821,1,1,0,0,0,1,0,1,0,0,0,1,5,0.2,-0.569178969,0.028411,0.480473,-1.243751804
400044,4.4327678496,-1.082425865,,,,1.03188899,,,,0.3463329351,,,1,1,0,0,0,1,0,0,0,1,0,0,4,0.25,1.1821409775,0.028411,0.480473,2.4012372601
400048,,,,,-1.754052612,,-2.709330087,,,0.3463329351,2.5835917926,,0,0,0,0,1,0,1,0,0,1,1,0,4,0.25,-0.383364493,0.028411,0.480473,-0.857019651
400061,-0.212676386,-3.53682089,,,,,,,,,,,1,1,0,0,0,0,0,0,0,0,0,0,2,0.5,-1.874748638,0.028411,0.480473,-3.96100925
400079,,,,,,,,,,,,,0,0,0,0,0,0,0,0,0,0,0,0,0,,,0.028411,0.480473,
400087,-0.52501682,-1.409678535,,,,,,,,0.3463329351,2.7672774653,-3.354552923,1,1,0,0,0,0,0,0,0,1,1,1,5,0.2,-0.435127575,0.028411,0.480473,-0.964753176
400098,,,,,,,,,,,,-3.592323246,0,0,0,0,0,0,0,0,0,0,0,1,1,1,-3.592323246,0.028411,0.480473,-7.535764782
400102,,,,,-4.297600945,,,,,,2.0325347745,,0,0,0,0,1,0,0,0,0,0,1,0,2,0.5,-1.132533085,0.028411,0.480473,-2.416250066
400103,4.4327678496,0.0084163685,,,,,,,,-5.81412656,2.3999061199,-3.473438085,1,1,0,0,0,0,0,0,0,1,1,1,5,0.2,-0.489294861,0.028411,0.480473,-1.077490523
400104,,0.4447532618,,,,,,,,-0.885758964,2.3999061199,,0,1,0,0,0,0,0,0,0,1,1,0,3,0.3333333333,0.6529668059,0.028411,0.480473,1.2998770703
400105,,-0.700631083,,,,,,,,,,,0,1,0,0,0,0,0,0,0,0,0,0,1,1,-0.700631083,0.028411,0.480473,-1.517340602
400106,,,,,,,,,,,,-3.235667761,0,0,0,0,0,0,0,0,0,0,0,1,1,1,-3.235667761,0.028411,0.480473,-6.79346447
400109,,,,,,,,,,,,,0,0,0,0,0,0,0,0,0,0,0,0,0,,,0.028411,0.480473,
400110,-0.306874295,,,,,,,,,,2.7672774653,-3.592323246,1,0,0,0,0,0,0,0,0,0,1,1,3,0.3333333333,-0.377306692,0.028411,0.480473,-0.844411665
400111,,-1.90055754,,,,,,,,,,,0,1,0,0,0,0,0,0,0,0,0,0,1,1,-1.90055754,0.028411,0.480473,-4.01472483
400112,,,,,,,,,,-1.707153563,2.3999061199,-2.046816145,0,0,0,0,0,0,0,0,0,1,1,1,3,0.3333333333,-0.451354529,0.028411,0.480473,-0.998526028
400113,,,,,,,,,,,2.5835917926,,0,0,0,0,0,0,0,0,0,0,1,0,1,1,2.5835917926,0.028411,0.480473,5.318050322
400114,2.5240207518,0.8265480434,-0.237700999,,-4.709057293,0.1636017162,1.5262384964,0.6210143556,,-0.475061664,2.3999061199,2.1141645141,1,1,1,0,1,1,1,1,0,1,1,1,10,0.1,0.4753674041,0.028411,0.480473,0.9302427961
400115,3.7932136272,,,,,,,,,,,,1,0,0,0,0,0,0,0,0,0,0,0,1,1,3.7932136272,0.028411,0.480473,7.8356133566
400117,,,,,,,,,,,2.3999061199,-2.700684534,0,0,0,0,0,0,0,0,0,0,1,1,2,0.5,-0.150389207,0.028411,0.480473,-0.372132597
400118,0.1690730337,-2.936857661,,,,0.5977453531,,,,0.5516815849,2.3999061199,-0.739079366,1,1,0,0,0,1,0,0,0,1,1,1,6,0.1666666667,0.0070781774,0.028411,0.480473,-0.04439871
400120,,,,,,,,,,,,,0,0,0,0,0,0,0,0,0,0,0,0,0,,,0.028411,0.480473,
400123,-0.52501682,,,,,,,,,,2.3999061199,,1,0,0,0,0,0,0,0,0,0,1,0,2,0.5,0.9374446499,0.028411,0.480473,1.891955424
400124,,,,,,,,,,,,,0,0,0,0,0,0,0,0,0,0,0,0,0,,,0.028411,0.480473,
400126,,,,,,,,,,,2.5835917926,,0,0,0,0,0,0,0,0,0,0,1,0,1,1,2.5835917926,0.028411,0.480473,5.318050322
400127,,,,,,,,,,,,,0,0,0,0,0,0,0,0,0,0,0,0,0,,,0.028411,0.480473,
400128,4.1154696307,,,,,,,,,,,,1,0,0,0,0,0,0,0,0,0,0,0,1,1,4.1154696307,0.028411,0.480473,8.5063186787
400132,,,,,-3.512093372,,,,,,2.5835917926,,0,0,0,0,1,0,0,0,0,0,1,0,2,0.5,-0.464250789,0.028411,0.480473,-1.02536677
400137,1.170545537,-0.318836301,,,,,,,,,2.7672774653,,1,1,0,0,0,0,0,0,0,0,1,0,3,0.3333333333,1.2063289003,0.028411,0.480473,2.4515791261
410004,-0.455607835,-0.646088971,-0.08930472,,-1.136868089,-0.704685558,,-0.022980245,,,0.5630493928,0.0336741848,1,1,1,0,1,1,0,1,0,0,1,1,8,0.125,-0.30735148,0.028411,0.480473,-0.698815206
410005,-0.460565619,-0.91879953,-0.195302062,,-0.332657955,-0.270541921,,-0.810084757,,,0.3793637201,-0.3229813,1,1,1,0,1,1,0,1,0,0,1,1,8,0.125,-0.366446178,0.028411,0.480473,-0.821807883
410006,-0.217634171,0.9901743784,-0.322498873,2.0035128624,-0.762816864,0.1636017162,,-0.810084757,,0.5516815849,-0.171693298,-0.739079366,1,1,1,1,1,1,0,1,0,1,1,1,10,0.1,0.0685163214,0.028411,0.480473,0.0834713365
410007,-0.148225185,0.7720059318,0.3346846494,0.3157960191,-2.221616643,-3.309547379,0.1143823019,-0.166090156,,,-0.539064643,-0.739079366,1,1,1,1,1,1,1,1,0,0,1,1,10,0.1,-0.558675447,0.028411,0.480473,-1.221891023
410008,0.104621833,0.3902111501,0.0166926225,-0.324372439,-1.211678335,-0.270541921,-1.506637773,0.4779044444,,-0.064364365,-0.171693298,0.1525593464,1,1,1,1,1,1,1,1,0,1,1,1,11,0.0909090909,-0.218845339,0.028411,0.480473,-0.51460905
410009,-0.351494357,-0.046125743,0.864671361,-0.149781041,-1.623134683,-1.572972831,0.2189642422,,,0.5516815849,0.1956780474,0.1525593464,1,1,1,1,1,1,1,0,0,1,1,1,10,0.1,-0.175995407,0.028411,0.480473,-0.425426298
410010,-0.287043156,-0.046125743,0.7798734871,,-0.744114303,-0.704685558,,0.4779044444,,0.1409842852,2.2162204472,0.5092148315,1,1,1,0,1,1,0,1,0,1,1,1,9,0.1111111111,0.2602476373,0.028411,0.480473,0.4825180963
410011,0.0649595557,0.2811269268,0.3770835864,,-1.323893702,-0.270541921,,-0.452309979,,-0.269713014,0.7467350655,0.330887089,1,1,1,0,1,1,0,1,0,1,1,1,9,0.1111111111,-0.057296266,0.028411,0.480473,-0.178380021
410012,-0.30191651,0.8265480434,0.6526766764,-0.906343764,-3.081934462,-1.572972831,-0.303945459,0.2632395775,,,-0.539064643,-0.3229813,1,1,1,1,1,1,1,1,0,0,1,1,10,0.1,-0.528669467,0.028411,0.480473,-1.159440145
410013,-0.406029988,0.0629584801,0.1650889017,,0.7707931608,0.5977453531,0.7418739439,0.1916846219,,,-1.090121662,-0.144653558,1,1,1,0,1,1,1,1,0,0,1,1,9,0.1111111111,0.0988154727,0.028411,0.480473,0.1465323868
41005F,0.0649595557,0.7720059318,,,,-0.270541921,,,,,,-0.620194204,1,1,0,0,0,1,0,0,0,0,0,1,4,0.25,-0.013442659,0.028411,0.480473,-0.087108339
420002,-0.52501682,0.4447532618,0.2074878387,,-0.669304058,-1.138829195,0.166673272,0.6210143556,2.1027247711,-0.680410314,0.5630493928,-0.917407109,1,1,1,0,1,1,1,1,1,1,1,1,11,0.0909090909,0.0158850361,0.028411,0.480473,-0.026069162
420004,1.4134769858,0.7174638201,-0.788887179,-0.557160969,-1.660539805,-1.138829195,0.480419093,0.4779044444,0.4073566425,0.3463329351,-0.355378971,-0.3229813,1,1,1,1,1,1,1,1,1,1,1,1,12,0.0833333333,-0.081735291,0.028411,0.480473,-0.229244502
420005,-0.475438973,0.7174638201,0.5254798656,,-0.875032232,-1.138829195,0.480419093,-1.454079357,,0.5516815849,0.1956780474,-0.144653558,1,1,1,0,1,1,1,1,0,1,1,1,10,0.1,-0.16173109,0.028411,0.480473,-0.395738245
420007,-0.396114419,-0.59154686,0.0166926225,-0.440766704,-0.426170761,-0.704685558,0.6895829737,-0.452309979,-0.607084943,0.5516815849,-0.539064643,-0.739079366,1,1,1,1,1,1,1,1,1,1,1,1,12,0.0833333333,-0.303238838,0.028411,0.480473,-0.690255641
420009,-0.435776696,0.6629217084,-0.237700999,0.8395702119,0.0975009548,0.5977453531,0.480419093,-0.380755023,,0.5516815849,-0.722750316,0.2120019273,1,1,1,1,1,1,1,1,0,1,1,1,11,0.0909090909,0.151350709,0.028411,0.480473,0.25587298
420010,-0.515101251,1.0447164901,-0.386097278,1.5379358022,0.2097163225,0.1636017162,1.2124926754,0.6210143556,-0.662670783,0.5516815849,0.1956780474,1.4008535441,1,1,1,1,1,1,1,1,1,1,1,1,12,0.0833333333,0.4478184355,0.028411,0.480473,0.8729056491
420011,-0.460565619,0.9901743784,0.6950756133,,0.9391162123,-0.270541921,,0.6210143556,,,0.3793637201,0.9847554782,1,1,1,0,1,1,0,1,0,0,1,1,8,0.125,0.4847990272,0.028411,0.480473,0.9498726548
420015,-0.415945557,0.6629217084,-1.000881864,1.1305558745,-0.631898935,-0.270541921,,0.4063494887,,,-1.273807334,0.3903296698,1,1,1,1,1,1,0,1,0,0,1,1,9,0.1111111111,-0.11143543,0.028411,0.480473,-0.291058838
420018,-0.341578787,0.8265480434,0.2922857125,0.083007489,-0.70670918,-0.270541921,0.5850010334,0.3347945331,,0.5516815849,0.0119923747,0.5092148315,1,1,1,1,1,1,1,1,0,1,1,1,11,0.0909090909,0.1705177922,0.028411,0.480473,0.2957650676
420019,1.6018728032,0.7720059318,0.864671361,,0.4715521804,0.5977453531,,0.6210143556,,,-0.906435989,1.1036406399,1,1,1,0,1,1,0,1,0,0,1,1,8,0.125,0.6407583295,0.028411,0.480473,1.2744677994
420020,-0.52501682,0.9901743784,-0.91608399,-0.207978174,-0.052119535,-0.270541921,0.6895829737,0.4779044444,,,,-0.560751624,1,1,1,1,1,1,1,1,0,0,0,1,9,0.1111111111,-0.041647807,0.028411,0.480473,-0.14581118
420023,-0.158140754,0.4447532618,-0.216501531,-1.662906487,-0.070822097,0.1636017162,0.2189642422,0.5494594,-2.608175193,-0.680410314,0.1956780474,-0.025768396,1,1,1,1,1,1,1,1,1,1,1,1,12,0.0833333333,-0.320855675,0.028411,0.480473,-0.726921232
420026,0.9871075042,0.4992953735,0.7162750817,0.3157960191,0.378039374,0.1636017162,,0.1201296663,,,-0.171693298,0.2120019273,1,1,1,1,1,1,0,1,0,0,1,1,9,0.1111111111,0.3578392627,0.028411,0.480473,0.6856336994
420027,-0.505185681,0.9901743784,0.1014904963,0.4903874167,-1.959780786,-1.572972831,-1.245182922,-0.881639712,-1.218529186,0.5516815849,,0.1525593464,1,1,1,1,1,1,1,1,1,1,0,1,11,0.0909090909,-0.463363445,0.028411,0.480473,-1.023519957
420030,-0.52501682,-0.100667855,-0.428496215,-0.498963836,0.7333880382,,1.5262384964,0.3347945331,-0.954496444,-0.269713014,-0.355378971,0.5686574123,1,1,1,1,1,0,1,1,1,1,1,1,11,0.0909090909,0.0027586658,0.028411,0.480473,-0.053388828
420033,-0.316789864,0.6629217084,-0.704089305,0.6067816818,-1.174273212,-0.704685558,1.5262384964,-0.166090156,,0.5516815849,-0.355378971,-0.263538719,1,1,1,1,1,1,1,1,0,1,1,1,11,0.0909090909,-0.030656574,0.028411,0.480473,-0.122935334
420036,1.8745509601,0.8810901551,0.4406819917,,-0.108227219,0.1636017162,,0.6210143556,,-0.064364365,-0.906435989,1.1630832207,1,1,1,0,1,1,0,1,0,1,1,1,9,0.1111111111,0.4516660918,0.028411,0.480473,0.8809137034
420037,-0.222591955,0.9901743784,-0.958482927,-1.371920824,-0.257847709,-0.704685558,-0.35623643,0.2632395775,,,-0.722750316,0.8064277357,1,1,1,1,1,1,1,1,0,0,1,1,10,0.1,-0.253467403,0.028411,0.480473,-0.586667296
420038,-0.425861127,0.7720059318,-0.937283458,,-0.070822097,0.1636017162,,0.0485747107,,,-0.722750316,0.4497722506,1,1,1,0,1,1,0,1,0,0,1,1,8,0.125,-0.090345299,0.028411,0.480473,-0.247164347
420043,-0.475438973,-0.318836301,0.1226899648,,0.2097163225,-0.270541921,0.3235461825,-5.532711828,,,-2.008550025,-0.3229813,1,1,1,0,1,1,1,1,0,0,1,1,9,0.1111111111,-0.919234209,0.028411,0.480473,-1.972315151
420048,0.9920652889,0.9356322668,-1.043280801,0.1994017541,0.1162035161,-0.704685558,,0.6210143556,,0.5516815849,0.0119923747,0.5092148315,1,1,1,1,1,1,0,1,0,1,1,1,10,0.1,0.2189239614,0.028411,0.480473,0.3965119116
420049,-0.371325495,0.4992953735,0.0802910279,0.5485845492,0.1349060774,-0.270541921,0.3758371527,0.4779044444,1.6997274291,-0.064364365,0.1956780474,0.0336741848,1,1,1,1,1,1,1,1,1,1,1,1,12,0.0833333333,0.2783055421,0.028411,0.480473,0.5201016718
420051,-0.435776696,0.5538374851,-0.152903125,0.8395702119,-1.922375663,-1.138829195,-0.826855161,-0.380755023,0.6158035436,-0.064364365,-0.355378971,-0.204096139,1,1,1,1,1,1,1,1,1,1,1,1,12,0.0833333333,-0.289343591,0.028411,0.480473,-0.661335728
420053,-0.425861127,1.0992586017,-0.492094621,,1.0887367025,0.1636017162,,0.4779044444,,0.5516815849,,0.4497722506,1,1,1,0,1,1,0,1,0,1,0,1,8,0.125,0.3641249441,0.028411,0.480473,0.6987159692
420055,2.8611501093,1.0447164901,-0.025706314,0.4321902842,0.3032291289,0.5977453531,0.7418739439,-0.022980245,,,0.3793637201,1.1630832207,1,1,1,1,1,1,1,1,0,0,1,1,10,0.1,0.7474665691,0.028411,0.480473,1.4965576392
420065,-0.073858415,0.1720427035,0.4406819917,-0.033386776,-0.033416974,-1.138829195,,0.1916846219,0.1155309811,0.5516815849,0.5630493928,0.5092148315,1,1,1,1,1,1,0,1,1,1,1,1,11,0.0909090909,0.1149449771,0.028411,0.480473,0.180102419
420067,-0.410987773,0.8810901551,-0.195302062,-0.207978174,-1.305191141,-0.704685558,1.0556197649,0.3347945331,0.7269752242,0.1409842852,-0.171693298,1.2819683824,1,1,1,1,1,1,1,1,1,1,1,1,12,0.0833333333,0.1187995283,0.028411,0.480473,0.1881248236
420070,-0.361409926,0.5538374851,-1.530868575,-0.964540896,-0.725411741,-2.007116468,0.1143823019,0.4779044444,,0.5516815849,0.3793637201,-0.3229813,1,1,1,1,1,1,1,1,0,1,1,1,11,0.0909090909,-0.348650852,0.028411,0.480473,-0.784770807
420071,0.8334161795,1.0447164901,-0.958482927,-0.673555234,-0.295252832,-0.270541921,1.0556197649,,0.9771115054,-0.269713014,0.3793637201,-0.739079366,1,1,1,1,1,1,1,0,1,1,1,1,11,0.0909090909,0.098509306,0.028411,0.480473,0.1458951678
420072,1.0862631976,-2.118725986,0.0802910279,,-0.4074682,-1.138829195,-0.826855161,0.4779044444,,,,-1.868488402,1,1,1,0,1,1,1,1,0,0,0,1,8,0.125,-0.589488534,0.028411,0.480473,-1.286021718
420073,-0.054027276,-0.209752078,0.4618814602,0.3739931517,-1.249083457,-2.007116468,1.5262384964,-0.380755023,,0.5516815849,-0.171693298,0.3903296698,1,1,1,1,1,1,1,1,0,1,1,1,11,0.0909090909,-0.069845749,0.028411,0.480473,-0.204499022
420078,-0.346536572,0.7174638201,-0.08930472,-0.498963836,-1.361298825,-0.270541921,0.3235461825,0.0485747107,,0.5516815849,-0.355378971,-0.263538719,1,1,1,1,1,1,1,1,0,1,1,1,11,0.0909090909,-0.14039066,0.028411,0.480473,-0.351322812
420079,-0.52501682,-1.409678535,-0.258900467,-0.731752366,0.6585777931,0.1636017162,0.2712552124,0.4779044444,,-0.475061664,0.0119923747,1.6386238674,1,1,1,1,1,1,1,1,0,1,1,1,11,0.0909090909,-0.016223131,0.028411,0.480473,-0.092895283
420080,-0.45065005,-0.26429419,-0.343698341,0.1412046215,-0.594493812,-0.270541921,1.2124926754,0.6210143556,1.2133513266,0.5516815849,0.1956780474,-0.679636785,1,1,1,1,1,1,1,1,1,1,1,1,12,0.0833333333,0.1110089593,0.028411,0.480473,0.1719104597
420082,-0.515101251,-0.155209967,-1.658065386,2.0035128624,-0.220442587,0.1636017162,0.7418739439,-0.237645112,,-0.064364365,0.3793637201,-0.025768396,1,1,1,1,1,1,1,1,0,1,1,1,11,0.0909090909,0.0374322891,0.028411,0.480473,0.0187767283
420085,-0.520059035,-1.682389093,0.4830809287,-0.731752366,0.4715521804,0.1636017162,-1.349764863,0.0485747107,1.1160761061,-2.323199513,-0.355378971,0.2120019273,1,1,1,1,1,1,1,1,1,1,1,1,12,0.0833333333,-0.372304689,0.028411,0.480473,-0.834001091
420086,-0.30191651,0.7720059318,-0.36489781,,0.1536086387,0.1636017162,,-0.237645112,,0.5516815849,0.5630493928,-0.025768396,1,1,1,0,1,1,0,1,0,1,1,1,9,0.1111111111,0.1415243819,0.028411,0.480473,0.2354216312
420087,0.2037775264,0.4992953735,-0.343698341,-0.149781041,1.0700341412,0.1636017162,0.0620913317,,-1.538147767,,-0.355378971,0.330887089,1,1,1,1,1,1,1,0,1,0,1,1,10,0.1,-0.005731894,0.028411,0.480473,-0.07106007
420089,-0.455607835,0.8810901551,0.4406819917,,0.1536086387,0.1636017162,,0.4779044444,,-1.296456264,0.1956780474,1.2225258016,1,1,1,0,1,1,0,1,0,1,1,1,9,0.1111111111,0.1981140774,0.028411,0.480473,0.3532006937
420091,2.6777120766,0.4992953735,0.1226899648,-0.440766704,-1.118165528,-0.270541921,,-1.525634313,,0.5516815849,-0.171693298,1.044198059,1,1,1,1,1,1,0,1,0,1,1,1,10,0.1,0.1368775295,0.028411,0.480473,0.2257502254
420098,-0.52501682,0.9901743784,-0.216501531,0.1412046215,-0.85632967,-0.704685558,1.107910735,0.3347945331,1.2411442468,-0.269713014,,-0.3229813,1,1,1,1,1,1,1,1,1,1,0,1,11,0.0909090909,0.0836364201,0.028411,0.480473,0.1149405119
420101,-0.430818911,-0.100667855,-0.195302062,,0.6398752319,0.1636017162,0.8987468544,0.6210143556,,0.5516815849,1.2977920836,0.1525593464,1,1,1,0,1,1,1,1,0,1,1,1,10,0.1,0.3598482345,0.028411,0.480473,0.6898149343
420102,-0.386198849,0.6629217084,-2.951232962,,,,,-0.237645112,,0.3463329351,2.0325347745,,1,1,1,0,0,0,0,1,0,1,1,0,6,0.1666666667,-0.088881251,0.028411,0.480473,-0.244117252
420103,-0.45065005,-0.646088971,0.589078271,,-0.313955393,0.1636017162,-0.094781579,-3.386063159,,,-1.64117868,-0.085210977,1,1,1,0,1,1,1,1,0,0,1,1,9,0.1111111111,-0.651694314,0.028411,0.480473,-1.415489429
420104,0.1294107564,-0.318836301,-0.08930472,-0.149781041,0.6024701093,0.5977453531,,0.4063494887,-0.468120342,,0.3793637201,0.3903296698,1,1,1,1,1,1,0,1,1,0,1,1,10,0.1,0.1479626693,0.028411,0.480473,0.2488215171
420105,-0.415945557,0.4992953735,-0.152903125,1.4215415371,0.378039374,0.1636017162,0.5850010334,-0.810084757,1.0604902658,-1.296456264,-0.355378971,0.330887089,1,1,1,1,1,1,1,1,1,1,1,1,12,0.0833333333,0.1173406429,0.028411,0.480473,0.185088473
420106,-0.346536572,0.6629217084,0.1014904963,-0.324372439,-0.108227219,-0.270541921,-0.094781579,,,0.5516815849,-0.539064643,0.687542574,1,1,1,1,1,1,1,0,0,1,1,1,10,0.1,0.0320111991,0.028411,0.480473,0.0074939163
420107,-0.45065005,0.4992953735,0.1650889017,,0.247121445,0.5977453531,-0.35623643,-0.022980245,,,-1.090121662,0.0931167656,1,1,1,0,1,1,1,1,0,0,1,1,9,0.1111111111,-0.035291172,0.028411,0.480473,-0.132581235
420108,-0.45065005,0.2811269268,0.7586740187,,0.5650649868,0.1636017162,,,,,-1.64117868,,1,1,1,0,1,1,0,0,0,0,1,0,6,0.1666666667,-0.053893514,0.028411,0.480473,-0.171297937
420109,-0.401072203,0.6083795968,0.0590915594,2.0035128624,-0.837627109,-1.572972831,-0.879146131,0.2632395775,,0.5516815849,0.0119923747,-0.917407109,1,1,1,1,1,1,1,1,0,1,1,1,11,0.0909090909,-0.100938893,0.028411,0.480473,-0.269212596
420110,0.045128417,-0.155209967,0.2074878387,-0.964540896,0.4528496191,-0.704685558,0.0098003615,0.6210143556,,0.5516815849,0.5630493928,0.9253128974,1,1,1,1,1,1,1,1,0,1,1,1,11,0.0909090909,0.1410807315,0.028411,0.480473,0.2344982701
42011F,-0.217634171,0.4992953735,,,,-0.704685558,,0.4063494887,,,,1.044198059,1,1,0,0,0,1,0,1,0,0,0,1,5,0.2,0.2055046386,0.028411,0.480473,0.3685825289
42029F,-0.113520692,-0.100667855,,,1.0700341412,0.5977453531,,0.6210143556,,,,0.7469851548,1,1,0,0,1,1,0,1,0,0,0,1,6,0.1666666667,0.4702650762,0.028411,0.480473,0.9196234177
421300,,-2.773231326,,,,,,,,,,,0,1,0,0,0,0,0,0,0,0,0,0,1,1,-2.773231326,0.028411,0.480473,-5.831004268
421301,,-0.59154686,0.4194825233,,0.920413651,0.1636017162,,0.6210143556,,,-2.559607043,1.044198059,0,1,1,0,1,1,0,1,0,0,1,1,7,0.1428571429,0.0025080574,0.028411,0.480473,-0.053910414
421304,0.7243449167,0.7720059318,-0.576892494,,1.462787928,1.03188899,,,,,,,1,1,1,0,1,1,0,0,0,0,0,0,5,0.2,0.6828270544,0.028411,0.480473,1.3620246405
430005,-0.480396758,-0.755173195,0.0802910279,0.0248103565,0.6772803544,0.5977453531,1.1602017052,0.5494594,-0.954496444,0.5516815849,0.1956780474,0.687542574,1,1,1,1,1,1,1,1,1,1,1,1,12,0.0833333333,0.1945520005,0.028411,0.480473,0.3457870105
430008,-0.391156634,0.7174638201,0.2922857125,0.0248103565,0.9765213348,1.03188899,,0.4779044444,,-0.269713014,-1.64117868,0.8658703165,1,1,1,1,1,1,0,1,0,1,1,1,10,0.1,0.2084696647,0.028411,0.480473,0.3747535815
430012,-0.282085371,0.2265848151,0.2074878387,-1.546512222,0.7520905995,1.03188899,,0.3347945331,,-1.707153563,-0.355378971,1.2819683824,1,1,1,1,1,1,0,1,0,1,1,1,10,0.1,-0.005631497,0.028411,0.480473,-0.070851114
430014,-0.480396758,0.6629217084,0.0166926225,-0.324372439,0.920413651,1.03188899,,,-0.426430962,0.5516815849,-0.539064643,0.3903296698,1,1,1,1,1,1,0,0,1,1,1,1,10,0.1,0.1803663425,0.028411,0.480473,0.3162626689
430015,-0.435776696,-0.26429419,-0.767687711,0.083007489,0.8830085285,1.03188899,,0.5494594,,0.5516815849,-0.722750316,1.4008535441,1,1,1,1,1,1,0,1,0,1,1,1,10,0.1,0.2309390624,0.028411,0.480473,0.4215187138
430016,-0.435776696,0.7720059318,-0.852485584,,0.8081982834,0.5977453531,,0.5494594,0.3795637224,-2.733896813,-1.457493007,-0.798521947,1,1,1,0,1,1,0,1,1,1,1,1,10,0.1,-0.317120136,0.028411,0.480473,-0.719146524
430027,0.2136930958,0.9901743784,0.589078271,0.4321902842,-1.323893702,-0.704685558,,0.1916846219,1.4356946877,0.1409842852,0.0119923747,-1.214620013,1,1,1,1,1,1,0,1,1,1,1,1,11,0.0909090909,0.0692993387,0.028411,0.480473,0.0851010157
43002F,-0.177971893,0.0629584801,,,,0.5977453531,,-0.237645112,,,,-2.462914211,1,1,0,0,0,1,0,1,0,0,0,1,5,0.2,-0.443565476,0.028411,0.480473,-0.982314819
430048,-0.386198849,0.8265480434,-0.555693026,1.188753007,0.714685477,0.5977453531,,0.3347945331,-1.149046885,-0.269713014,0.3793637201,0.0336741848,1,1,1,1,1,1,0,1,1,1,1,1,11,0.0909090909,0.1559011403,0.028411,0.480473,0.2653437065
43005F,-0.346536572,-0.046125743,,,,1.03188899,,0.0485747107,,,,0.0336741848,1,1,0,0,0,1,0,1,0,0,0,1,5,0.2,0.1442951141,0.028411,0.480473,0.2411883037
430077,-0.321747649,0.9901743784,0.4406819917,0.1412046215,-0.538386129,0.1636017162,,0.3347945331,,-0.680410314,0.1956780474,-0.263538719,1,1,1,1,1,1,0,1,0,1,1,1,10,0.1,0.0462052478,0.028411,0.480473,0.0370357212
430084,-0.455607835,0.6083795968,,,,,,,,,-3.845406752,,1,1,0,0,0,0,0,0,0,0,1,0,3,0.3333333333,-1.23087833,0.028411,0.480473,-2.620934163
430089,-0.510143466,-0.100667855,,,,,,0.5494594,,,-1.64117868,,1,1,0,0,0,0,0,1,0,0,1,0,4,0.25,-0.42563265,0.028411,0.480473,-0.944991567
430090,-0.475438973,0.0629584801,,,,,,0.4779044444,1.3662123874,,0.7467350655,,1,1,0,0,0,0,0,1,1,0,1,0,5,0.2,0.4356742808,0.028411,0.480473,0.8476302497
430091,-0.410987773,0.5538374851,,,,,,,0.4212531026,,0.5630493928,,1,1,0,0,0,0,0,0,1,0,1,0,4,0.25,0.281788052,0.028411,0.480473,0.5273497536
430093,2.1918491789,0.9901743784,,,,,,0.2632395775,,,0.9304207382,,1,1,0,0,0,0,0,1,0,0,1,0,4,0.25,1.0939209683,0.028411,0.480473,2.2176266243
430095,-0.430818911,-0.155209967,0.822272424,0.1994017541,0.920413651,1.03188899,,,,,0.7467350655,,1,1,1,1,1,1,0,0,0,0,1,0,7,0.1428571429,0.4478118581,0.028411,0.480473,0.8728919597
430097,-0.515101251,1.0447164901,-0.068105251,1.188753007,0.8269008446,1.03188899,,0.4063494887,,-0.269713014,1.2977920836,-1.452390336,1,1,1,1,1,1,0,1,0,1,1,1,10,0.1,0.3491091051,0.028411,0.480473,0.6674637877
430098,1.140798829,0.7174638201,,,,,,,,0.5516815849,-0.539064643,,1,1,0,0,0,0,0,0,0,1,1,0,4,0.25,0.4677198976,0.028411,0.480473,0.9143261856
431300,,0.7720059318,-0.534493558,,1.05133158,1.03188899,,,,,-0.906435989,1.8169516099,0,1,1,0,1,1,0,0,0,0,1,1,6,0.1666666667,0.5385414275,0.028411,0.480473,1.0617256956
431301,,1.1538007134,,,0.8456034059,,,,,,,,0,1,0,0,1,0,0,0,0,0,0,0,2,0.5,0.9997020597,0.028411,0.480473,2.0215305927
431302,,0.6083795968,0.313485181,,0.7520905995,1.03188899,,,,,,,0,1,1,0,1,1,0,0,0,0,0,0,4,0.25,0.6764610918,0.028411,0.480473,1.348775283
431305,,0.2265848151,,,0.8269008446,1.03188899,,,,,,,0,1,0,0,1,1,0,0,0,0,0,0,3,0.3333333333,0.6951248832,0.028411,0.480473,1.387619879
431306,,0.8810901551,,,0.714685477,1.03188899,,,,,-1.64117868,,0,1,0,0,1,1,0,0,0,0,1,0,4,0.25,0.2466214856,0.028411,0.480473,0.4541582444
431307,,0.9356322668,,,1.2757623153,1.03188899,,,,,,,0,1,0,0,1,1,0,0,0,0,0,0,3,0.3333333333,1.081094524,0.028411,0.480473,2.1909311886
431308,,0.6629217084,,,0.714685477,1.03188899,,,,,,,0,1,0,0,1,1,0,0,0,0,0,0,3,0.3333333333,0.8031653918,0.028411,0.480473,1.612482545
431309,,0.4992953735,,,0.7520905995,,,,,,,,0,1,0,0,1,0,0,0,0,0,0,0,2,0.5,0.6256929865,0.028411,0.480473,1.2431125861
431310,,0.2265848151,,,0.7894957221,,,,,,-0.171693298,,0,1,0,0,1,0,0,0,0,0,1,0,3,0.3333333333,0.2814624131,0.028411,0.480473,0.5266720075
431311,,1.0992586017,,,0.7520905995,0.5977453531,,,,,0.7467350655,,0,1,0,0,1,1,0,0,0,0,1,0,4,0.25,0.798957405,0.028411,0.480473,1.6037245416
431312,,1.1538007134,0.546679334,,1.0139264574,1.03188899,,,,,0.7467350655,,0,1,1,0,1,1,0,0,0,0,1,0,5,0.2,0.8986061121,0.028411,0.480473,1.81112151
431313,,-0.700631083,,,0.4715521804,1.03188899,,,,,2.0325347745,,0,1,0,0,1,1,0,0,0,0,1,0,4,0.25,0.7088362154,0.028411,0.480473,1.4161570152
431314,,,,,1.8368391536,0.5977453531,,,,,,,0,0,0,0,1,1,0,0,0,0,0,0,2,0.5,1.2172922533,0.028411,0.480473,2.4743969453
431315,,-2.282352321,0.7798734871,,0.9952238961,1.03188899,,,,,,,0,1,1,0,1,1,0,0,0,0,0,0,4,0.25,0.131158513,0.028411,0.480473,0.2138473444
431316,,0.9901743784,0.0802910279,,1.0700341412,1.03188899,,,,,-0.906435989,,0,1,1,0,1,1,0,0,0,0,1,0,5,0.2,0.4531905097,0.028411,0.480473,0.8840864455
431317,,0.6083795968,,,1.05133158,1.03188899,,,,,,,0,1,0,0,1,1,0,0,0,0,0,0,3,0.3333333333,0.8972000556,0.028411,0.480473,1.8081951112
431318,,,,,1.05133158,1.03188899,,,,,,,0,0,0,0,1,1,0,0,0,0,0,0,2,0.5,1.041610285,0.028411,0.480473,2.108753389
431319,,-0.209752078,0.4194825233,,1.3505725604,1.03188899,,,,,-3.478035407,,0,1,1,0,1,1,0,0,0,0,1,0,5,0.2,-0.177168682,0.028411,0.480473,-0.427868213
431320,,0.5538374851,1.2250623248,,1.1074392638,1.03188899,,,,,-3.478035407,,0,1,1,0,1,1,0,0,0,0,1,0,5,0.2,0.0880385314,0.028411,0.480473,0.1241025427
431321,,0.7720059318,-0.598091963,,0.7520905995,1.03188899,,,,,0.0119923747,1.2225258016,0,1,1,0,1,1,0,0,0,0,1,1,6,0.1666666667,0.5320686224,0.028411,0.480473,1.0482539689
431322,-0.52501682,0.7174638201,0.6950756133,,1.2383571927,1.03188899,,,,,-0.171693298,,1,1,1,0,1,1,0,0,0,0,1,0,6,0.1666666667,0.4976792497,0.028411,0.480473,0.9766800181
431323,,0.6629217084,0.2498867756,,0.6211726706,1.03188899,,,,,-0.171693298,0.5092148315,0,1,1,0,1,1,0,0,0,0,1,1,6,0.1666666667,0.483898613,0.028411,0.480473,0.9479986397
431324,,1.0992586017,,,0.5650649868,1.03188899,,,,,,,0,1,0,0,1,1,0,0,0,0,0,0,3,0.3333333333,0.8987375262,0.028411,0.480473,1.8113950197
431325,,0.5538374851,0.2922857125,,1.462787928,1.03188899,,,,,2.0325347745,,0,1,1,0,1,1,0,0,0,0,1,0,5,0.2,1.074666978,0.028411,0.480473,2.1775536587
431326,,0.4992953735,-0.407296747,,0.5463624255,,,,,,-2.375921371,,0,1,1,0,1,0,0,0,0,0,1,0,4,0.25,-0.43439008,0.028411,0.480473,-0.963218239
431327,,0.7174638201,,,0.7520905995,1.03188899,,,,,,,0,1,0,0,1,1,0,0,0,0,0,0,3,0.3333333333,0.8338144699,0.028411,0.480473,1.6762718912
431328,,0.7720059318,,,0.7520905995,1.03188899,,,,,,,0,1,0,0,1,1,0,0,0,0,0,0,3,0.3333333333,0.8519951738,0.028411,0.480473,1.7141110461
431329,,1.2628849367,-0.025706314,,1.4814904893,1.03188899,,,,,0.0119923747,,0,1,1,0,1,1,0,0,0,0,1,0,5,0.2,0.7525100953,0.028411,0.480473,1.5070546348
431330,,0.7174638201,-0.046905783,,1.1448443863,1.03188899,,0.6210143556,,,-3.66172108,,0,1,1,0,1,1,0,1,0,0,1,0,6,0.1666666667,-0.032235885,0.028411,0.480473,-0.126222324
431331,,0.6083795968,,,1.0326290187,1.03188899,,,,,,,0,1,0,0,1,1,0,0,0,0,0,0,3,0.3333333333,0.8909658685,0.028411,0.480473,1.7952200156
431332,,1.1538007134,,,0.6959829157,1.03188899,,,,,,,0,1,0,0,1,1,0,0,0,0,0,0,3,0.3333333333,0.9605575397,0.028411,0.480473,1.940059844
431333,,0.8265480434,,,,1.03188899,,,,,-2.926978389,,0,1,0,0,0,1,0,0,0,0,1,0,3,0.3333333333,-0.356180452,0.028411,0.480473,-0.800442021
431334,,1.0992586017,-0.513294089,,0.9765213348,1.03188899,,,,,0.7467350655,,0,1,1,0,1,1,0,0,0,0,1,0,5,0.2,0.6682219806,0.028411,0.480473,1.3316273768
431335,,0.6083795968,0.0590915594,2.0035128624,0.9952238961,,,-0.523864934,,,1.2977920836,-0.144653558,0,1,1,1,1,0,0,1,0,0,1,1,7,0.1428571429,0.6136402152,0.028411,0.480473,1.2180273813
431336,,0.9901743784,0.5678788025,,0.8081982834,1.03188899,,,,,-1.457493007,,0,1,1,0,1,1,0,0,0,0,1,0,5,0.2,0.3881294894,0.028411,0.480473,0.7486761751
431337,,0.7720059318,0.2922857125,,0.8269008446,1.03188899,,,,,-3.478035407,,0,1,1,0,1,1,0,0,0,0,1,0,5,0.2,-0.110990786,0.028411,0.480473,-0.290133408
431338,,-0.100667855,0.3558841179,,0.3593368127,1.03188899,,,,,-2.375921371,,0,1,1,0,1,1,0,0,0,0,1,0,5,0.2,-0.145895861,0.028411,0.480473,-0.362780681
431339,,0.2265848151,0.9494692348,,1.799434031,1.03188899,,,,-10.74249416,-0.355378971,,0,1,1,0,1,1,0,0,0,1,1,0,6,0.1666666667,-1.181749343,0.028411,0.480473,-2.518682932
431340,,,-0.131703657,,1.1822495089,1.03188899,-1.506637773,0.6210143556,0.0738416008,-1.501804914,0.1956780474,1.6386238674,0,0,1,0,1,1,1,1,1,1,1,1,9,0.1111111111,0.1781277807,0.028411,0.480473,0.3116035926
431383,,,,,1.1635469476,-0.704685558,,,,,,,0,0,0,0,1,1,0,0,0,0,0,0,2,0.5,0.229430695,0.028411,0.480473,0.4183793773
440001,-0.52501682,0.9901743784,0.6314772079,,0.2284188838,0.5977453531,,,,,-1.64117868,-0.679636785,1,1,1,0,1,1,0,0,0,0,1,1,7,0.1428571429,-0.056859495,0.028411,0.480473,-0.177470977
440002,-0.52501682,-0.26429419,-0.36489781,0.7813730793,-0.949842477,-1.138829195,0.8464558842,0.5494594,1.3384194673,0.5516815849,0.0119923747,-0.263538719,1,1,1,1,1,1,1,1,1,1,1,1,12,0.0833333333,0.0477468817,0.028411,0.480473,0.0402442946
440003,-0.455607835,-0.537004748,0.1438894333,0.4321902842,0.1910137612,-1.572972831,0.794164914,0.6210143556,,-0.064364365,0.0119923747,0.330887089,1,1,1,1,1,1,1,1,0,1,1,1,11,0.0909090909,-0.009527052,0.028411,0.480473,-0.078958859
440006,-0.0788162,-1.355136423,0.313485181,-2.070286414,-0.4074682,0.1636017162,,-0.452309979,,,0.0119923747,-0.204096139,1,1,1,1,1,1,0,1,0,0,1,1,9,0.1111111111,-0.453226009,0.028411,0.480473,-1.002421103
440007,-0.460565619,-2.336894433,0.4194825233,1.3051472721,0.4715521804,-0.270541921,,0.6210143556,,,-0.906435989,,1,1,1,1,1,1,0,1,0,0,1,0,8,0.125,-0.144655204,0.028411,0.480473,-0.360198525
440008,-0.52501682,-0.700631083,-0.407296747,,,-0.270541921,,-1.382524402,,,,,1,1,1,0,0,1,0,1,0,0,0,0,5,0.2,-0.657202194,0.028411,0.480473,-1.426952878
440009,-0.52501682,0.7720059318,0.2922857125,0.8395702119,-1.249083457,-1.572972831,1.107910735,0.4779044444,0.5880106234,0.3463329351,0.1956780474,-0.3229813,1,1,1,1,1,1,1,1,1,1,1,1,12,0.0833333333,0.0791370194,0.028411,0.480473,0.1055759943
440010,1.5572527412,-0.209752078,-0.704089305,,0.6024701093,0.5977453531,,-0.166090156,,,0.0119923747,1.044198059,1,1,1,0,1,1,0,1,0,0,1,1,8,0.125,0.3417158872,0.028411,0.480473,0.6520764231
440011,-0.118478477,-1.57330487,0.0166926225,0.3157960191,-0.70670918,0.5977453531,0.1143823019,-0.523864934,-0.00953716,-0.475061664,1.2977920836,-0.798521947,1,1,1,1,1,1,1,1,1,1,1,1,12,0.0833333333,-0.155255821,0.028411,0.480473,-0.382261389
440012,-0.52501682,1.0992586017,-0.386097278,0.1412046215,-0.781519425,-0.270541921,0.4281281229,-2.527403692,0.7547681443,-1.912502213,0.0119923747,-0.144653558,1,1,1,1,1,1,1,1,1,1,1,1,12,0.0833333333,-0.342698587,0.028411,0.480473,-0.77238247
440015,0.8631628875,0.8265480434,-0.280099936,0.1412046215,-2.090698715,0.1636017162,0.8464558842,0.6210143556,2.0610353909,-0.269713014,0.3793637201,-1.511832917,1,1,1,1,1,1,1,1,1,1,1,1,12,0.0833333333,0.1458368364,0.028411,0.480473,0.2443970614
440016,-0.386198849,-0.209752078,0.4406819917,,1.05133158,0.5977453531,,0.1916846219,,,0.3793637201,1.2225258016,1,1,1,0,1,1,0,1,0,0,1,1,8,0.125,0.4109227676,0.028411,0.480473,0.7961153937
440017,-0.490312327,1.0447164901,0.4830809287,0.7231759468,-0.893734793,0.5977453531,0.166673272,-0.380755023,-0.746049543,,-0.722750316,-0.857964528,1,1,1,1,1,1,1,1,1,0,1,1,11,0.0909090909,-0.097834049,0.028411,0.480473,-0.262750542
440018,-0.52501682,1.2628849367,-0.6404909,-0.964540896,-0.220442587,-0.704685558,,0.4063494887,,,-1.273807334,0.0336741848,1,1,1,1,1,1,0,1,0,0,1,1,9,0.1111111111,-0.291786165,0.028411,0.480473,-0.66641941
440020,-0.485354543,-0.209752078,-0.258900467,,0.8456034059,0.5977453531,,-0.094535201,,-0.680410314,1.1141064109,0.3903296698,1,1,1,0,1,1,0,1,0,1,1,1,9,0.1111111111,0.1354258041,0.028411,0.480473,0.2227287767
440029,-0.520059035,0.0084163685,0.2922857125,-0.382569571,-0.257847709,0.1636017162,-0.094781579,0.4779044444,0.7269752242,0.3463329351,0.3793637201,1.7575090291,1,1,1,1,1,1,1,1,1,1,1,1,12,0.0833333333,0.2414276046,0.028411,0.480473,0.4433483183
440030,-0.505185681,0.8265480434,-0.534493558,,-1.080760406,-1.138829195,,-3.314508203,,0.1409842852,-0.539064643,-0.144653558,1,1,1,0,1,1,0,1,0,1,1,1,9,0.1111111111,-0.698884768,0.028411,0.480473,-1.51370603
440031,-0.460565619,0.8265480434,-0.258900467,1.188753007,-0.613196374,-0.704685558,0.3235461825,0.4063494887,,,-0.171693298,0.0931167656,1,1,1,1,1,1,1,1,0,0,1,1,10,0.1,0.0629272171,0.028411,0.480473,0.0718388395
440032,-0.52501682,0.8265480434,0.1862883702,,1.0700341412,0.5977453531,,-0.237645112,,,-1.090121662,0.3903296698,1,1,1,0,1,1,0,1,0,0,1,1,8,0.125,0.152270248,0.028411,0.480473,0.2577867992
440033,-0.495270112,-0.59154686,-0.36489781,,0.1162035161,-0.704685558,,,,,0.0119923747,-0.798521947,1,1,1,0,1,1,0,0,0,0,1,1,7,0.1428571429,-0.403818057,0.028411,0.480473,-0.899589266
440034,-0.485354543,0.9901743784,-0.08930472,,-0.538386129,-2.875403742,0.5850010334,0.4779044444,,-0.269713014,0.0119923747,-0.144653558,1,1,1,0,1,1,1,1,0,1,1,1,10,0.1,-0.233774347,0.028411,0.480473,-0.545680512
440035,-0.515101251,-0.26429419,-0.682889837,-0.091583909,-0.052119535,-0.704685558,-0.61769128,0.1201296663,,0.5516815849,0.5630493928,-0.620194204,1,1,1,1,1,1,1,1,0,1,1,1,11,0.0909090909,-0.210336284,0.028411,0.480473,-0.496899314
440039,0.6648515007,0.8810901551,0.2498867756,0.083007489,-1.510919315,-0.704685558,,0.0485747107,,-0.885758964,0.1956780474,-2.225143887,1,1,1,1,1,1,0,1,0,1,1,1,10,0.1,-0.320341905,0.028411,0.480473,-0.725851931
440046,-0.52501682,-1.464220646,0.2286873071,,0.7707931608,1.03188899,1.107910735,-0.452309979,,0.5516815849,0.1956780474,0.6280999932,1,1,1,0,1,1,1,1,0,1,1,1,10,0.1,0.2073192373,0.028411,0.480473,0.3723592189
440048,-0.510143466,-0.100667855,0.5678788025,0.0248103565,-0.781519425,-0.704685558,0.8464558842,-0.166090156,1.6580380489,0.3463329351,0.1956780474,1.044198059,1,1,1,1,1,1,1,1,1,1,1,1,12,0.0833333333,0.2016904728,0.028411,0.480473,0.3606441778
440049,0.5458646686,0.9356322668,-1.085679738,0.3739931517,-1.454811631,-1.138829195,-0.46081837,0.6210143556,1.0465938058,0.5516815849,0.7467350655,0.2120019273,1,1,1,1,1,1,1,1,1,1,1,1,12,0.0833333333,0.0744481577,0.028411,0.480473,0.0958171553
440050,-0.52501682,0.3902111501,0.271086244,0.083007489,-0.4074682,0.1636017162,-0.931437101,0.6210143556,-0.787738924,0.5516815849,-0.355378971,-0.204096139,1,1,1,1,1,1,1,1,1,1,1,1,12,0.0833333333,-0.094211135,0.028411,0.480473,-0.255210238
440053,-0.430818911,,1.1826633879,-0.266175306,-0.444873322,0.1636017162,-0.56540031,-0.452309979,,0.1409842852,0.1956780474,-1.571275498,1,0,1,1,1,1,1,1,0,1,1,1,10,0.1,-0.204792589,0.028411,0.480473,-0.485361327
440056,0.585526946,-1.027883753,-0.131703657,-1.255526559,-0.239145148,-0.704685558,-1.088310012,0.0485747107,,,-0.722750316,-0.501309043,1,1,1,1,1,1,1,1,0,0,1,1,10,0.1,-0.503721239,0.028411,0.480473,-1.107515869
440057,-0.475438973,0.8265480434,-0.046905783,,0.0039881484,-1.138829195,,0.2632395775,,,-0.355378971,-0.382423881,1,1,1,0,1,1,0,1,0,0,1,1,8,0.125,-0.163150129,0.028411,0.480473,-0.398691663
440058,-0.406029988,-1.191510088,0.3982830548,-0.498963836,0.6024701093,0.5977453531,0.166673272,-0.59541989,,0.5516815849,0.0119923747,-0.620194204,1,1,1,1,1,1,1,1,0,1,1,1,11,0.0909090909,-0.089388387,0.028411,0.480473,-0.245172745
440059,1.0763476283,-1.082425865,0.037892091,0.3157960191,-1.884970541,-1.138829195,1.5262384964,0.1916846219,0.6574929238,-6.01947521,0.5630493928,-0.679636785,1,1,1,1,1,1,1,1,1,1,1,1,12,0.0833333333,-0.536403035,0.028411,0.480473,-1.175535873
440060,-0.014364999,0.3902111501,-0.068105251,,0.8643059672,0.1636017162,,-0.022980245,,,-0.906435989,,1,1,1,0,1,1,0,1,0,0,1,0,7,0.1428571429,0.0580331927,0.028411,0.480473,0.0616529992
440061,-0.505185681,0.2811269268,0.2498867756,0.9559644769,0.5463624255,0.5977453531,-2.186420385,-1.74029918,,-0.269713014,-1.457493007,0.3903296698,1,1,1,1,1,1,1,1,0,1,1,1,11,0.0909090909,-0.285245058,0.028411,0.480473,-0.652805529
440063,-0.515101251,1.2628849367,0.4830809287,-0.557160969,-0.85632967,0.5977453531,-1.454346803,,,,-0.539064643,-1.095734851,1,1,1,1,1,1,1,0,0,0,1,1,9,0.1111111111,-0.297114108,0.028411,0.480473,-0.677508357
440065,-0.371325495,-1.409678535,-1.085679738,-0.382569571,0.4154444965,0.1636017162,,0.2632395775,,0.5516815849,-0.906435989,0.7469851548,1,1,1,1,1,1,0,1,0,1,1,1,10,0.1,-0.20147368,0.028411,0.480473,-0.478453744
440068,-0.52501682,-0.427920525,-0.258900467,-0.731752366,0.2284188838,0.5977453531,-0.774564191,-0.59541989,,0.1409842852,-0.171693298,-0.144653558,1,1,1,1,1,1,1,1,0,1,1,1,11,0.0909090909,-0.242070236,0.028411,0.480473,-0.562946588
440072,-0.490312327,0.1175005918,-0.280099936,0.7813730793,0.4528496191,0.1636017162,0.9510378245,0.3347945331,1.1021796461,0.5516815849,-0.722750316,0.7469851548,1,1,1,1,1,1,1,1,1,1,1,1,12,0.0833333333,0.3090700975,0.028411,0.480473,0.5841313588
440073,2.1720180403,-0.482462636,-0.280099936,1.6543300672,-0.912437354,-0.704685558,0.8987468544,0.3347945331,1.3662123874,0.3463329351,0.5630493928,0.2120019273,1,1,1,1,1,1,1,1,1,1,1,1,12,0.0833333333,0.4306500544,0.028411,0.480473,0.8371734225
440081,-0.52501682,0.7720059318,0.6526766764,-1.139132294,-1.417406509,-1.138829195,-0.35623643,0.5494594,-1.732698208,0.3463329351,0.9304207382,0.687542574,1,1,1,1,1,1,1,1,1,1,1,1,12,0.0833333333,-0.197573433,0.028411,0.480473,-0.470336235
440082,-0.445692265,,1.0978655141,0.4903874167,-0.744114303,-0.270541921,-0.669982251,-0.953194668,,-0.064364365,0.1956780474,-1.274062594,1,0,1,1,1,1,1,1,0,1,1,1,10,0.1,-0.263802139,0.028411,0.480473,-0.608176786
440084,1.140798829,-0.427920525,-0.025706314,,-0.781519425,-0.704685558,-1.088310012,-1.23941449,,-1.912502213,0.1956780474,-0.739079366,1,1,1,0,1,1,1,1,0,1,1,1,10,0.1,-0.558266103,0.028411,0.480473,-1.221039062
440091,1.0713898436,0.8265480434,-1.128078674,0.083007489,-1.679242366,-2.441260105,0.1143823019,0.5494594,,,-0.722750316,0.3903296698,1,1,1,1,1,1,1,1,0,0,1,1,10,0.1,-0.293621471,0.028411,0.480473,-0.670239199
440102,-0.465523404,-0.537004748,0.5254798656,,0.1162035161,0.1636017162,-0.669982251,-0.666974846,,0.5516815849,0.3793637201,-0.679636785,1,1,1,0,1,1,1,1,0,1,1,1,10,0.1,-0.128279163,0.028411,0.480473,-0.326115381
440104,-0.52501682,0.2811269268,0.0166926225,0.1994017541,-0.033416974,0.1636017162,-0.46081837,0.1916846219,-1.121253965,0.1409842852,0.1956780474,0.8064277357,1,1,1,1,1,1,1,1,1,1,1,1,12,0.0833333333,-0.012075702,0.028411,0.480473,-0.084263316
440109,0.5904847306,-0.155209967,-1.022081332,,-0.388765638,0.5977453531,,-1.454079357,,-2.117850863,0.7467350655,0.7469851548,1,1,1,0,1,1,0,1,0,1,1,1,9,0.1111111111,-0.272892984,0.028411,0.480473,-0.62709739
440110,-0.45065005,0.8265480434,0.2074878387,0.7813730793,-0.332657955,-0.704685558,,0.5494594,,,-0.722750316,0.6280999932,1,1,1,1,1,1,0,1,0,0,1,1,9,0.1111111111,0.0869138307,0.028411,0.480473,0.1217617245
440111,-0.52501682,0.8265480434,0.3982830548,,-0.239145148,-0.270541921,,0.6210143556,,-1.091107614,,-1.452390336,1,1,1,0,1,1,0,1,0,1,0,1,8,0.125,-0.216544548,0.028411,0.480473,-0.509820457
440120,0.0996640483,-0.373378413,-0.852485584,-0.091583909,-0.875032232,0.1636017162,-0.774564191,0.0485747107,,-1.296456264,0.0119923747,-0.263538719,1,1,1,1,1,1,1,1,0,1,1,1,11,0.0909090909,-0.382109678,0.028411,0.480473,-0.85440803
440125,-0.490312327,0.8810901551,-0.534493558,-1.546512222,-1.810160295,-0.270541921,1.0556197649,0.4063494887,,-0.269713014,0.5630493928,-0.144653558,1,1,1,1,1,1,1,1,0,1,1,1,11,0.0909090909,-0.196388918,0.028411,0.480473,-0.467870925
440130,-0.470481189,1.0447164901,-0.131703657,-1.022738029,0.6398752319,1.03188899,,0.0485747107,,0.5516815849,1.2977920836,-0.144653558,1,1,1,1,1,1,0,1,0,1,1,1,10,0.1,0.2844952659,0.028411,0.480473,0.5329842268
440131,-0.366367711,0.7174638201,0.6102777394,,0.9017110897,0.5977453531,,0.6210143556,,0.5516815849,0.3793637201,-0.3229813,1,1,1,0,1,1,0,1,0,1,1,1,9,0.1111111111,0.4099898502,0.028411,0.480473,0.7941737304
440132,-0.480396758,0.7720059318,-1.170477611,0.8977673444,-0.220442587,-1.138829195,,0.4779044444,-0.495913262,-2.117850863,0.9304207382,-1.274062594,1,1,1,1,1,1,0,1,1,1,1,1,11,0.0909090909,-0.34726131,0.028411,0.480473,-0.78187878
440137,-0.088731769,0.7720059318,0.1650889017,,0.4715521804,0.5977453531,,0.3347945331,,,-0.171693298,0.9253128974,1,1,1,0,1,1,0,1,0,0,1,1,8,0.125,0.3757593413,0.028411,0.480473,0.7229304198
44013F,-0.118478477,0.2265848151,,,-1.454811631,0.1636017162,,0.4063494887,,,,-0.441866462,1,1,0,0,1,1,0,1,0,0,0,1,6,0.1666666667,-0.203103425,0.028411,0.480473,-0.481845702
440144,-0.326705433,0.6629217084,-0.407296747,-1.953892149,-0.295252832,0.1636017162,-2.500166206,,,0.5516815849,-0.171693298,-0.739079366,1,1,1,1,1,1,1,0,0,1,1,1,10,0.1,-0.501588102,0.028411,0.480473,-1.103076212
440148,-0.465523404,,0.1862883702,,0.8643059672,0.5977453531,,-0.953194668,,,0.5630493928,-0.025768396,1,0,1,0,1,1,0,1,0,0,1,1,7,0.1428571429,0.1095575165,0.028411,0.480473,0.1688895992
440150,-0.242423094,-1.518762758,-0.280099936,0.7231759468,0.247121445,0.5977453531,,0.4063494887,,0.1409842852,-0.355378971,0.7469851548,1,1,1,1,1,1,0,1,0,1,1,1,10,0.1,0.0465696915,0.028411,0.480473,0.037794231
440151,-0.495270112,,0.6950756133,0.3157960191,0.1910137612,-1.138829195,0.6372920035,-3.386063159,,-0.680410314,-0.171693298,-0.679636785,1,0,1,1,1,1,1,1,0,1,1,1,10,0.1,-0.471272547,0.028411,0.480473,-1.03998102
440152,-0.52501682,1.2628849367,-0.152903125,,-2.539560185,0.1636017162,,0.4779044444,,0.5516815849,1.1141064109,-0.917407109,1,1,1,0,1,1,0,1,0,1,1,1,9,0.1111111111,-0.06274535,0.028411,0.480473,-0.189721095
440153,-0.52501682,-0.646088971,-0.004506846,,0.0039881484,0.1636017162,0.8987468544,0.2632395775,,0.5516815849,-0.355378971,-0.263538719,1,1,1,0,1,1,1,1,0,1,1,1,10,0.1,0.0086727554,0.028411,0.480473,-0.041079945
440156,-0.520059035,-2.664147103,0.8434718925,-0.731752366,0.8643059672,0.1636017162,0.9510378245,0.5494594,,-1.296456264,0.0119923747,0.6280999932,1,1,1,1,1,1,1,1,0,1,1,1,11,0.0909090909,-0.109131418,0.028411,0.480473,-0.286263542
440159,-0.212676386,-2.500520768,,,,,,,,,,,1,1,0,0,0,0,0,0,0,0,0,0,2,0.5,-1.356598577,0.028411,0.480473,-2.882593334
440161,-0.257296448,-1.355136423,-0.258900467,0.2575988866,0.7520905995,0.5977453531,,0.3347945331,,0.3463329351,0.1956780474,0.1525593464,1,1,1,1,1,1,0,1,0,1,1,1,10,0.1,0.0765466363,0.028411,0.480473,0.1001846789
44016F,-0.054027276,0.2811269268,,,,0.1636017162,,-0.666974846,,,,-1.511832917,1,1,0,0,0,1,0,1,0,0,0,1,5,0.2,-0.357621279,0.028411,0.480473,-0.803440788
440173,-0.495270112,0.8810901551,0.3346846494,-0.557160969,-1.380001386,-2.441260105,0.480419093,0.3347945331,,0.1409842852,0.1956780474,-0.382423881,1,1,1,1,1,1,1,1,0,1,1,1,11,0.0909090909,-0.26258779,0.028411,0.480473,-0.605649385
440175,-0.52501682,-1.136967976,-1.636865918,,0.6024701093,0.1636017162,,-0.380755023,,0.5516815849,0.0119923747,0.330887089,1,1,1,0,1,1,0,1,0,1,1,1,9,0.1111111111,-0.224330318,0.028411,0.480473,-0.526024833
440176,-0.52501682,1.2083428251,0.037892091,,0.1162035161,0.1636017162,,,,-0.269713014,0.5630493928,1.1630832207,1,1,1,0,1,1,0,0,0,1,1,1,8,0.125,0.3071803659,0.028411,0.480473,0.5801982961
44017F,,,,,,,,,,,,,0,0,0,0,0,0,0,0,0,0,0,0,0,,,0.028411,0.480473,
440183,-0.470481189,0.3902111501,-1.446070701,0.8977673444,-0.033416974,1.03188899,,,,-0.475061664,0.7467350655,-0.560751624,1,1,1,1,1,1,0,0,0,1,1,1,9,0.1111111111,0.0089800442,0.028411,0.480473,-0.040440391
440184,-0.520059035,0.8810901551,-0.195302062,0.7813730793,-0.538386129,0.1636017162,,-3.171398292,,0.5516815849,0.1956780474,0.330887089,1,1,1,1,1,1,0,1,0,1,1,1,10,0.1,-0.152083385,0.028411,0.480473,-0.375658657
440185,-0.52501682,-1.409678535,0.1862883702,0.1994017541,-0.781519425,-1.138829195,-2.029547475,-0.022980245,,0.5516815849,0.0119923747,-1.392947755,1,1,1,1,1,1,1,1,0,1,1,1,11,0.0909090909,-0.577377761,0.028411,0.480473,-1.260815794
440187,-0.515101251,0.4447532618,0.8858708294,,0.5276598642,-0.704685558,,,,0.5516815849,-1.64117868,-0.917407109,1,1,1,0,1,1,0,0,0,1,1,1,8,0.125,-0.171050882,0.028411,0.480473,-0.415135351
44018F,-0.063942846,-0.26429419,,,0.4715521804,-0.270541921,,-0.094535201,,,,-0.263538719,1,1,0,0,1,1,0,1,0,0,0,1,6,0.1666666667,-0.080883449,0.028411,0.480473,-0.227471579
440192,-0.495270112,,0.7374745502,,-0.108227219,-0.270541921,,-0.666974846,,,-0.171693298,0.8658703165,1,0,1,0,1,1,0,1,0,0,1,1,7,0.1428571429,-0.015623218,0.028411,0.480473,-0.091646695
440193,-0.242423094,0.7174638201,-0.91608399,,-0.332657955,0.5977453531,,0.4063494887,,0.5516815849,-0.171693298,-0.3229813,1,1,1,0,1,1,0,1,0,1,1,1,9,0.1111111111,0.0319334011,0.028411,0.480473,0.0073319969
440194,-0.52501682,-1.736931205,-0.322498873,-0.149781041,0.2097163225,0.5977453531,-0.35623643,0.1916846219,,-0.885758964,-0.539064643,0.9253128974,1,1,1,1,1,1,1,1,0,1,1,1,11,0.0909090909,-0.235529889,0.028411,0.480473,-0.549334288
440197,-0.52501682,-2.500520768,0.3770835864,,0.8269008446,0.5977453531,,0.4063494887,,,-0.171693298,-0.144653558,1,1,1,0,1,1,0,1,0,0,1,1,8,0.125,-0.141725646,0.028411,0.480473,-0.354101293
440200,-0.470481189,,1.2250623248,,1.2196546314,1.03188899,,,,,-0.171693298,,1,0,1,0,1,1,0,0,0,0,1,0,5,0.2,0.5668862919,0.028411,0.480473,1.1207193255
440218,-0.52501682,-0.155209967,,,,,,,,,0.1956780474,,1,1,0,0,0,0,0,0,0,0,1,0,3,0.3333333333,-0.161516246,0.028411,0.480473,-0.395291094
440227,-0.52501682,-1.627846981,0.2922857125,1.0141616094,0.1162035161,0.5977453531,,0.3347945331,,-1.707153563,0.0119923747,0.5686574123,1,1,1,1,1,1,0,1,0,1,1,1,10,0.1,-0.092417685,0.028411,0.480473,-0.251477566
440228,-0.52501682,0.0629584801,0.1226899648,,-0.370063077,0.5977453531,,,,,-0.355378971,0.0931167656,1,1,1,0,1,1,0,0,0,0,1,1,7,0.1428571429,-0.053421186,0.028411,0.480473,-0.170314891
440231,-0.148225185,-1.027883753,,,,,,,,,,,1,1,0,0,0,0,0,0,0,0,0,0,2,0.5,-0.588054469,0.028411,0.480473,-1.283037025
441300,-0.475438973,0.5538374851,0.7162750817,,-0.108227219,1.03188899,,,,,,,1,1,1,0,1,1,0,0,0,0,0,0,5,0.2,0.3436670729,0.028411,0.480473,0.6561373889
441301,0.0352128476,0.0629584801,,,1.3505725604,1.03188899,,,,,-0.355378971,,1,1,0,0,1,1,0,0,0,0,1,0,5,0.2,0.4250507815,0.028411,0.480473,0.8255197616
441303,-0.425861127,-0.046125743,-0.025706314,,0.4341470578,-0.270541921,,,,,-0.171693298,,1,1,1,0,1,1,0,0,0,0,1,0,6,0.1666666667,-0.084296891,0.028411,0.480473,-0.23457591
441304,,,-0.322498873,,0.4902547416,0.5977453531,,,,,,,0,0,1,0,1,1,0,0,0,0,0,0,3,0.3333333333,0.2551670739,0.028411,0.480473,0.4719440158
441305,-0.331663218,-1.136967976,0.8858708294,,0.5276598642,0.1636017162,,,,,0.5630493928,,1,1,1,0,1,1,0,0,0,0,1,0,6,0.1666666667,0.1119251014,0.028411,0.480473,0.1738172089
441306,-0.52501682,0.9356322668,0.4406819917,,1.0139264574,0.1636017162,,,,,-3.294349734,,1,1,1,0,1,1,0,0,0,0,1,0,6,0.1666666667,-0.210920687,0.028411,0.480473,-0.498115621
441307,-0.316789864,0.2265848151,-0.343698341,,1.2757623153,0.5977453531,,0.2632395775,,0.5516815849,-0.906435989,0.5092148315,1,1,1,0,1,1,0,1,0,1,1,1,9,0.1111111111,0.2063671426,0.028411,0.480473,0.3703776421
441309,2.4149494891,0.2265848151,0.3346846494,,1.1074392638,0.5977453531,,0.4063494887,,,-0.722750316,,1,1,1,0,1,1,0,1,0,0,1,0,7,0.1428571429,0.6235718204,0.028411,0.480473,1.2386978433
441310,-0.52501682,-1.57330487,-0.068105251,,0.0600958323,0.1636017162,,,,,,,1,1,1,0,1,1,0,0,0,0,0,0,5,0.2,-0.388545879,0.028411,0.480473,-0.867803571
441313,-0.52501682,0.9901743784,,,0.7894957221,1.03188899,,,,,,0.9847554782,1,1,0,0,1,1,0,0,0,0,0,1,5,0.2,0.6542595497,0.028411,0.480473,1.3025676336
441314,-0.515101251,-1.627846981,1.2250623248,,0.9765213348,,-2.552457177,,,,,,1,1,1,0,1,0,1,0,0,0,0,0,5,0.2,-0.49876435,0.028411,0.480473,-1.09719919
441316,-0.52501682,-0.537004748,0.5042803971,,0.7707931608,-0.270541921,,,,,-0.722750316,,1,1,1,0,1,1,0,0,0,0,1,0,6,0.1666666667,-0.130040041,0.028411,0.480473,-0.329780264
441320,-0.52501682,-1.627846981,0.4830809287,,0.9578187736,0.1636017162,,,,,,,1,1,1,0,1,1,0,0,0,0,0,0,5,0.2,-0.109672477,0.028411,0.480473,-0.287389637
441322,-0.52501682,-0.482462636,0.6950756133,,,1.03188899,,,,,,,1,1,1,0,0,1,0,0,0,0,0,0,4,0.25,0.1798712867,0.028411,0.480473,0.3152323186
441323,,,1.1190649825,,0.0226907097,,,,,,,,0,0,1,0,1,0,0,0,0,0,0,0,2,0.5,0.5708778461,0.028411,0.480473,1.1290268717
450002,1.9637910841,0.8265480434,-1.382472296,,-0.4074682,-1.572972831,,0.6210143556,,-0.680410314,0.3793637201,-0.204096139,1,1,1,0,1,1,0,1,0,1,1,1,9,0.1111111111,-0.050744731,0.028411,0.480473,-0.164744434
450007,-0.52501682,-0.046125743,0.5042803971,0.5485845492,0.0600958323,0.5977453531,0.166673272,0.0485747107,-1.607630068,-0.064364365,1.8488491018,0.6280999932,1,1,1,1,1,1,1,1,1,1,1,1,12,0.0833333333,0.1799805178,0.028411,0.480473,0.3154596593
450010,-0.52501682,0.2811269268,-0.492094621,-0.731752366,-1.230380896,1.03188899,-0.199363519,,1.3801088475,0.3463329351,-0.171693298,1.1036406399,1,1,1,1,1,1,1,0,1,1,1,1,11,0.0909090909,0.0720724381,0.028411,0.480473,0.090872615
450011,-0.440734481,0.5538374851,-1.424871233,,0.0787983936,0.5977453531,,0.6210143556,-1.093461045,0.5516815849,0.5630493928,1.1630832207,1,1,1,0,1,1,0,1,1,1,1,1,10,0.1,0.1170143027,0.028411,0.480473,0.1844092673
450015,-0.52501682,0.3356690385,0.589078271,2.0035128624,-3.231554952,0.1636017162,,0.4779044444,,0.5516815849,1.8488491018,-0.857964528,1,1,1,1,1,1,0,1,0,1,1,1,10,0.1,0.1355760719,0.028411,0.480473,0.2230415262
450018,-0.336621003,-0.700631083,-1.022081332,-0.382569571,-0.370063077,0.5977453531,0.6372920035,0.3347945331,1.5468663683,0.5516815849,0.7467350655,-1.69016066,1,1,1,1,1,1,1,1,1,1,1,1,12,0.0833333333,-0.007250985,0.028411,0.480473,-0.074221724
450021,-0.52501682,0.9901743784,0.7374745502,-0.266175306,-2.558262746,-0.704685558,,-0.022980245,,0.5516815849,0.1956780474,0.5686574123,1,1,1,1,1,1,0,1,0,1,1,1,10,0.1,-0.10334547,0.028411,0.480473,-0.274221358
450023,0.0649595557,-0.100667855,-1.022081332,-0.382569571,-0.220442587,-0.270541921,0.5850010334,0.5494594,,-0.680410314,-0.355378971,-0.3229813,1,1,1,1,1,1,1,1,0,1,1,1,11,0.0909090909,-0.195968533,0.028411,0.480473,-0.466995986
450024,0.1690730337,0.5538374851,-0.704089305,,-0.987247599,1.03188899,-0.826855161,0.4063494887,,-1.707153563,1.2977920836,0.3903296698,1,1,1,0,1,1,1,1,0,1,1,1,10,0.1,-0.037607488,0.028411,0.480473,-0.137402139
450028,-0.331663218,0.4447532618,-2.082054755,,0.1349060774,0.1636017162,-0.199363519,0.5494594,,0.5516815849,-0.171693298,0.2120019273,1,1,1,0,1,1,1,1,0,1,1,1,10,0.1,-0.072837082,0.028411,0.480473,-0.210724828
450029,-0.440734481,-1.736931205,-0.576892494,,-0.313955393,0.1636017162,-0.51310934,-0.022980245,,-1.091107614,1.8488491018,-1.333505175,1,1,1,0,1,1,1,1,0,1,1,1,10,0.1,-0.401676513,0.028411,0.480473,-0.895132112
450032,0.6995559934,0.8810901551,-0.258900467,-1.488315089,0.6959829157,0.5977453531,0.3235461825,0.5494594,-1.176839806,0.5516815849,-0.355378971,-0.204096139,1,1,1,1,1,1,1,1,1,1,1,1,12,0.0833333333,0.0679609261,0.028411,0.480473,0.0823154028
450033,-0.445692265,1.2083428251,-1.128078674,,0.3406342514,0.1636017162,,-3.743837937,,-0.064364365,1.1141064109,0.5686574123,1,1,1,0,1,1,0,1,0,1,1,1,9,0.1111111111,-0.220736736,0.028411,0.480473,-0.518545579
450034,0.2731865118,0.6629217084,-2.082054755,0.3739931517,-1.454811631,0.1636017162,-0.826855161,0.2632395775,-0.579292022,-3.965988712,0.5630493928,0.0931167656,1,1,1,1,1,1,1,1,1,1,1,1,12,0.0833333333,-0.542991121,0.028411,0.480473,-1.189247533
450035,-0.52501682,0.4992953735,-0.661690368,,-0.669304058,-0.704685558,,0.4779044444,,0.3463329351,1.1141064109,0.6280999932,1,1,1,0,1,1,0,1,0,1,1,1,9,0.1111111111,0.0561158171,0.028411,0.480473,0.0576624015
450039,3.961778306,1.0992586017,0.2498867756,1.2469501395,-0.744114303,-2.007116468,,0.6210143556,,0.1409842852,1.4814777564,0.7469851548,1,1,1,1,1,1,0,1,0,1,1,1,10,0.1,0.6797104604,0.028411,0.480473,1.3555381324
450040,-0.401072203,-0.427920525,-2.29404944,,0.1162035161,-0.704685558,-1.088310012,0.1201296663,,,-0.539064643,-1.274062594,1,1,1,0,1,1,1,1,0,0,1,1,9,0.1111111111,-0.721425755,0.028411,0.480473,-1.560620158
450042,-0.475438973,,-0.831286116,-0.033386776,-1.080760406,,-0.042490609,,0.4768389429,0.5516815849,0.5630493928,-1.452390336,1,0,1,1,1,0,1,0,1,1,1,1,9,0.1111111111,-0.258242588,0.028411,0.480473,-0.596605799
450044,-0.440734481,0.4447532618,-0.810086648,-1.371920824,-4.07317021,-0.270541921,,0.3347945331,0.5324247832,-1.501804914,-1.457493007,-0.917407109,1,1,1,1,1,1,0,1,1,1,1,1,11,0.0909090909,-0.866471503,0.028411,0.480473,-1.86250113
450046,1.0515587049,-0.26429419,0.8858708294,,-1.641837244,0.5977453531,-1.192891952,-0.094535201,,0.3463329351,0.3793637201,-0.025768396,1,1,1,0,1,1,1,1,0,1,1,1,10,0.1,0.004154456,0.028411,0.480473,-0.050483796
450051,-0.415945557,1.0992586017,-0.682889837,-0.848146631,-1.043355283,0.1636017162,1.5262384964,0.3347945331,,0.5516815849,0.3793637201,1.1630832207,1,1,1,1,1,1,1,1,0,1,1,1,11,0.0909090909,0.2025167786,0.028411,0.480473,0.3623639524
450054,-0.52501682,0.9356322668,-0.258900467,-0.033386776,-1.080760406,0.1636017162,,0.4779044444,0.893732745,-0.475061664,0.0119923747,1.4602961249,1,1,1,1,1,1,0,1,1,1,1,1,11,0.0909090909,0.1427303217,0.028411,0.480473,0.2379315309
450055,-0.510143466,0.7720059318,-0.788887179,,1.5375981732,1.03188899,,-0.094535201,,0.5516815849,1.6651634291,1.6386238674,1,1,1,0,1,1,0,1,0,1,1,1,9,0.1111111111,0.6448217923,0.028411,0.480473,1.2829250077
450056,-0.505185681,,0.9918681717,-0.033386776,-0.631898935,-0.270541921,,-0.59541989,,0.3463329351,0.1956780474,-0.798521947,1,0,1,1,1,1,0,1,0,1,1,1,9,0.1111111111,-0.144564,0.028411,0.480473,-0.360008703
450058,-0.326705433,-0.26429419,1.0554665771,2.0035128624,-0.239145148,-0.704685558,,-4.244722626,,0.1409842852,0.5630493928,0.3903296698,1,1,1,1,1,1,0,1,0,1,1,1,10,0.1,-0.162621017,0.028411,0.480473,-0.397590432
450064,-0.480396758,0.9356322668,1.140264451,,-0.594493812,-0.270541921,-0.35623643,0.1916846219,,0.5516815849,0.0119923747,0.7469851548,1,1,1,0,1,1,1,1,0,1,1,1,10,0.1,0.1876571533,0.028411,0.480473,0.3314368955
450068,-0.440734481,0.8810901551,-1.064480269,-1.546512222,-1.866267979,-1.572972831,-1.088310012,0.1201296663,-0.384741581,-1.912502213,1.2977920836,-0.620194204,1,1,1,1,1,1,1,1,1,1,1,1,12,0.0833333333,-0.683141991,0.028411,0.480473,-1.480940885
450072,-0.52501682,-0.755173195,-0.131703657,,0.0600958323,0.1636017162,1.107910735,0.3347945331,,,1.4814777564,1.044198059,1,1,1,0,1,1,1,1,0,0,1,1,9,0.1111111111,0.30890944,0.028411,0.480473,0.5837969854
450079,-0.52501682,0.9356322668,0.7374745502,-3.1178348,-0.108227219,0.5977453531,-1.088310012,0.4779044444,,0.5516815849,1.2977920836,1.6386238674,1,1,1,1,1,1,1,1,0,1,1,1,11,0.0909090909,0.1270422999,0.028411,0.480473,0.2052803482
450080,-0.52501682,-0.646088971,-1.891259539,-1.430117957,-0.500981006,-0.704685558,-0.35623643,0.1916846219,-1.135150425,0.3463329351,1.1141064109,0.8658703165,1,1,1,1,1,1,1,1,1,1,1,1,12,0.0833333333,-0.389295202,0.028411,0.480473,-0.869363123
450082,1.2944901537,-0.427920525,-0.958482927,,0.041393271,0.1636017162,1.1602017052,0.1916846219,,,1.1141064109,0.4497722506,1,1,1,0,1,1,1,1,0,0,1,1,9,0.1111111111,0.3365385198,0.028411,0.480473,0.6413008662
450083,-0.52501682,0.1175005918,-2.124453692,0.083007489,0.3032291289,0.5977453531,,0.2632395775,0.1433239012,0.5516815849,-0.906435989,0.0931167656,1,1,1,1,1,1,0,1,1,1,1,1,11,0.0909090909,-0.127551101,0.028411,0.480473,-0.324600079
450087,-0.510143466,-2.22781021,0.8010729556,,0.4715521804,0.5977453531,,,,,-1.457493007,0.8064277357,1,1,1,0,1,1,0,0,0,0,1,1,7,0.1428571429,-0.21694978,0.028411,0.480473,-0.510663858
450090,0.074875125,0.6083795968,0.1226899648,,0.6024701093,0.5977453531,-0.094781579,0.6210143556,,0.1409842852,-0.906435989,1.1630832207,1,1,1,0,1,1,1,1,0,1,1,1,10,0.1,0.2930024443,0.028411,0.480473,0.5506900561
450092,-0.371325495,0.8265480434,0.1438894333,,-0.818924548,-0.270541921,-0.56540031,-0.022980245,,0.5516815849,0.3793637201,-0.620194204,1,1,1,0,1,1,1,1,0,1,1,1,10,0.1,-0.076788394,0.028411,0.480473,-0.218948618
450097,-0.52501682,-1.409678535,-0.110504188,,0.4528496191,0.1636017162,0.5850010334,0.3347945331,,-0.064364365,0.9304207382,0.330887089,1,1,1,0,1,1,1,1,0,1,1,1,10,0.1,0.0687990821,0.028411,0.480473,0.0840598411
450101,-0.52501682,0.9356322668,-0.470895152,-1.022738029,-1.342596263,-0.270541921,0.2712552124,0.6210143556,-1.246322106,-0.680410314,0.0119923747,0.5686574123,1,1,1,1,1,1,1,1,1,1,1,1,12,0.0833333333,-0.262497415,0.028411,0.480473,-0.60546129
450102,0.3128487891,0.4992953735,-2.01845635,-0.266175306,0.9017110897,1.03188899,-1.977256505,0.4779044444,-0.07901946,0.3463329351,0.1956780474,0.687542574,1,1,1,1,1,1,1,1,1,1,1,1,12,0.0833333333,0.0093578852,0.028411,0.480473,-0.039653997
450104,-0.515101251,0.1175005918,-0.534493558,,-0.85632967,0.1636017162,-0.147072549,0.6210143556,,0.5516815849,-0.722750316,0.6280999932,1,1,1,0,1,1,1,1,0,1,1,1,10,0.1,-0.06938491,0.028411,0.480473,-0.203539887
450107,-0.52501682,-1.57330487,0.822272424,-1.546512222,0.4341470578,0.5977453531,-0.46081837,0.2632395775,,-1.091107614,0.3793637201,0.5686574123,1,1,1,1,1,1,1,1,0,1,1,1,11,0.0909090909,-0.193757668,0.028411,0.480473,-0.462394555
450108,-0.515101251,0.9901743784,-0.979682395,,0.8830085285,0.5977453531,0.6372920035,0.6210143556,,,-0.906435989,,1,1,1,0,1,1,1,1,0,0,1,0,8,0.125,0.166001873,0.028411,0.480473,0.2863661704
450119,-0.520059035,0.7174638201,0.271086244,1.3051472721,0.9017110897,0.5977453531,,0.3347945331,,0.5516815849,0.9304207382,0.1525593464,1,1,1,1,1,1,0,1,0,1,1,1,10,0.1,0.5242550946,0.028411,0.480473,1.0319918213
450124,-0.455607835,,1.0130676402,,-2.015888469,-0.704685558,,0.3347945331,,,0.0119923747,-0.917407109,1,0,1,0,1,1,0,1,0,0,1,1,7,0.1428571429,-0.390533489,0.028411,0.480473,-0.871940347
450128,-0.515101251,0.6083795968,-0.301299404,,-0.519683567,0.5977453531,0.2189642422,0.5494594,,0.1409842852,1.2977920836,0.687542574,1,1,1,0,1,1,1,1,0,1,1,1,10,0.1,0.2764783312,0.028411,0.480473,0.5162987324
450132,-0.500227897,0.2265848151,-0.555693026,0.9559644769,0.2845265676,0.5977453531,0.1143823019,0.3347945331,0.1850132814,-1.091107614,1.4814777564,0.9253128974,1,1,1,1,1,1,1,1,1,1,1,1,12,0.0833333333,0.2465644539,0.028411,0.480473,0.4540395454
450133,-0.500227897,-0.537004748,-0.237700999,0.3157960191,-0.519683567,-0.704685558,-0.669982251,0.6210143556,-1.565940687,-0.269713014,0.9304207382,0.5686574123,1,1,1,1,1,1,1,1,1,1,1,1,12,0.0833333333,-0.214087516,0.028411,0.480473,-0.504706683
450135,-0.485354543,0.8810901551,0.8434718925,,-0.370063077,1.03188899,,-0.094535201,,0.5516815849,-0.722750316,0.5686574123,1,1,1,0,1,1,0,1,0,1,1,1,9,0.1111111111,0.2448985443,0.028411,0.480473,0.4505723193
450137,-0.52501682,0.9901743784,-0.449695684,0.0248103565,-1.454811631,0.1636017162,0.1143823019,-0.022980245,,0.1409842852,0.9304207382,0.2120019273,1,1,1,1,1,1,1,1,0,1,1,1,11,0.0909090909,0.0112610294,0.028411,0.480473,-0.035693019
450143,-0.52501682,,0.8858708294,,0.8456034059,0.5977453531,,0.1916846219,,,-0.355378971,,1,0,1,0,1,1,0,1,0,0,1,0,6,0.1666666667,0.2734180699,0.028411,0.480473,0.5099294684
450144,-0.520059035,-0.373378413,-1.74286326,,1.7433263472,-0.704685558,1.107910735,0.4063494887,,-0.885758964,1.6651634291,,1,1,1,0,1,1,1,1,0,1,1,0,9,0.1111111111,0.0773338633,0.028411,0.480473,0.1018231197
450147,-0.485354543,0.1720427035,1.1826633879,,0.4902547416,-0.270541921,0.5850010334,0.4063494887,-0.885014144,-0.475061664,0.5630493928,0.0931167656,1,1,1,0,1,1,1,1,1,1,1,1,11,0.0909090909,0.1251368402,0.028411,0.480473,0.2013145508
450148,-0.495270112,0.7174638201,0.6950756133,,0.583767548,0.1636017162,,0.4063494887,,0.5516815849,-0.355378971,1.044198059,1,1,1,0,1,1,0,1,0,1,1,1,9,0.1111111111,0.3679431942,0.028411,0.480473,0.7066628208
450152,-0.520059035,0.6083795968,-1.149278143,0.9559644769,-0.332657955,-2.441260105,-0.722273221,0.6210143556,1.477384068,-0.475061664,1.2977920836,-2.225143887,1,1,1,1,1,1,1,1,1,1,1,1,12,0.0833333333,-0.242099952,0.028411,0.480473,-0.563008436
450154,0.2583131578,-0.91879953,-1.000881864,-0.498963836,-0.388765638,-2.007116468,-0.251654489,0.0485747107,,-3.349942762,1.2977920836,0.330887089,1,1,1,1,1,1,1,1,0,1,1,1,11,0.0909090909,-0.589141595,0.028411,0.480473,-1.28529964
450155,3.8576648279,0.8265480434,-0.598091963,,1.3505725604,0.5977453531,,,,0.5516815849,2.0325347745,,1,1,1,0,1,1,0,0,0,1,1,0,7,0.1428571429,1.2312364545,0.028411,0.480473,2.5034187473
450162,-0.485354543,-0.537004748,-9.120278284,,0.8269008446,0.5977453531,,0.0485747107,,,-1.64117868,,1,1,1,0,1,1,0,1,0,0,1,0,7,0.1428571429,-1.472942192,0.028411,0.480473,-3.124737099
450163,1.4729704018,-0.155209967,-0.470895152,,-0.800221986,0.1636017162,-0.61769128,-3.815392893,,0.5516815849,0.5630493928,-1.095734851,1,1,1,0,1,1,1,1,0,1,1,1,10,0.1,-0.420384303,0.028411,0.480473,-0.934068282
450165,-0.52501682,0.4992953735,0.8434718925,,0.8081982834,0.1636017162,0.480419093,,,,0.0119923747,0.330887089,1,1,1,0,1,1,1,0,0,0,1,1,8,0.125,0.3266061253,0.028411,0.480473,0.6206287615
450176,-0.52501682,0.2811269268,-1.276474954,,0.3032291289,0.5977453531,,0.4063494887,,-1.501804914,1.8488491018,0.2714445081,1,1,1,0,1,1,0,1,0,1,1,1,9,0.1111111111,0.0450497578,0.028411,0.480473,0.0346308218
450184,-0.52501682,0.9901743784,-1.000881864,-0.207978174,-1.00595016,0.5977453531,-0.931437101,-0.59541989,0.7547681443,-0.269713014,0.9304207382,-0.917407109,1,1,1,1,1,1,1,1,1,1,1,1,12,0.0833333333,-0.181724627,0.028411,0.480473,-0.437350413
450193,-0.480396758,0.3902111501,-2.951232962,-1.255526559,-0.482278445,0.1636017162,,-2.527403692,,,-0.539064643,0.5092148315,1,1,1,1,1,1,0,1,0,0,1,1,9,0.1111111111,-0.796986151,0.028411,0.480473,-1.717882582
450194,-0.133351831,0.4447532618,-0.322498873,2.0035128624,1.2383571927,0.5977453531,,0.1916846219,,0.5516815849,0.5630493928,0.1525593464,1,1,1,1,1,1,0,1,0,1,1,1,10,0.1,0.5287492912,0.028411,0.480473,1.0413455076
450196,-0.505185681,0.4992953735,-0.682889837,,-0.052119535,-1.138829195,-1.349764863,0.1201296663,,0.1409842852,0.3793637201,-1.274062594,1,1,1,0,1,1,1,1,0,1,1,1,10,0.1,-0.386307866,0.028411,0.480473,-0.863145638
450200,-0.52501682,0.8265480434,-1.170477611,0.9559644769,-0.145632342,-1.572972831,-1.820383594,-0.380755023,-0.704360163,-0.269713014,-0.171693298,-0.857964528,1,1,1,1,1,1,1,1,1,1,1,1,12,0.0833333333,-0.486371392,0.028411,0.480473,-1.071405961
450203,-0.52501682,-1.300594311,0.7798734871,,0.6772803544,0.5977453531,1.0033287947,-0.953194668,,-0.475061664,0.0119923747,0.1525593464,1,1,1,0,1,1,1,1,0,1,1,1,10,0.1,-0.003108775,0.028411,0.480473,-0.065600622
450209,-0.520059035,0.9901743784,-0.91608399,-0.207978174,0.8456034059,0.5977453531,,0.1201296663,,0.5516815849,0.5630493928,-1.630718079,1,1,1,1,1,1,0,1,0,1,1,1,10,0.1,0.0393544504,0.028411,0.480473,0.0227772862
450210,-0.490312327,0.6629217084,0.6738761448,,1.3505725604,0.5977453531,,0.1916846219,,,-1.64117868,0.2714445081,1,1,1,0,1,1,0,1,0,0,1,1,8,0.125,0.2020942362,0.028411,0.480473,0.3614845229
450211,-0.410987773,0.7174638201,-0.025706314,1.2469501395,-0.444873322,-1.572972831,-1.820383594,-0.166090156,,0.5516815849,0.5630493928,0.6280999932,1,1,1,1,1,1,1,1,0,1,1,1,11,0.0909090909,-0.066706278,0.028411,0.480473,-0.197964901
450213,-0.321747649,1.2083428251,-2.802836683,-0.557160969,-2.502155063,-3.309547379,,-0.094535201,,0.5516815849,0.7467350655,0.5686574123,1,1,1,1,1,1,0,1,0,1,1,1,10,0.1,-0.651256605,0.028411,0.480473,-1.414578436
450222,-0.52501682,-1.2460522,-1.106879206,,-0.519683567,0.5977453531,,0.4063494887,,0.1409842852,-0.171693298,0.9253128974,1,1,1,0,1,1,0,1,0,1,1,1,9,0.1111111111,-0.166548119,0.028411,0.480473,-0.405763834
450229,-0.371325495,0.9901743784,-1.361272828,0.1412046215,0.4528496191,0.1636017162,-0.56540031,0.3347945331,0.1572203613,-0.064364365,0.0119923747,-0.620194204,1,1,1,1,1,1,1,1,1,1,1,1,12,0.0833333333,-0.0608933,0.028411,0.480473,-0.185866459
450231,3.946904952,0.9356322668,-0.110504188,-0.324372439,-1.847565418,0.1636017162,,-0.022980245,,-2.323199513,-0.171693298,-0.025768396,1,1,1,1,1,1,0,1,0,1,1,1,10,0.1,0.0220055438,0.028411,0.480473,-0.013330665
450235,0.5012446066,0.5538374851,0.6102777394,,1.257059754,0.5977453531,,0.4063494887,,0.5516815849,2.0325347745,,1,1,1,0,1,1,0,1,0,1,1,0,8,0.125,0.8138413483,0.028411,0.480473,1.6347022112
450236,0.7491338401,0.5538374851,-1.234076017,-0.557160969,0.4341470578,1.03188899,0.0098003615,0.4063494887,,0.5516815849,0.5630493928,0.3903296698,1,1,1,1,1,1,1,1,0,1,1,1,11,0.0909090909,0.2635437168,0.028411,0.480473,0.4893781642
450237,1.4134769858,0.5538374851,0.6526766764,0.4321902842,-0.800221986,0.5977453531,1.107910735,0.2632395775,,-2.939245463,0.3793637201,0.0931167656,1,1,1,1,1,1,1,1,0,1,1,1,11,0.0909090909,0.1594627394,0.028411,0.480473,0.2727563954
450241,-0.485354543,-1.191510088,,,0.2658240063,0.5977453531,,,,-11.35854011,-0.906435989,-0.382423881,1,1,0,0,1,1,0,0,0,1,1,1,7,0.1428571429,-1.922956464,0.028411,0.480473,-4.061343287
450253,-0.52501682,-1.191510088,-0.025706314,,1.0326290187,0.5977453531,,,,,,,1,1,1,0,1,1,0,0,0,0,0,0,5,0.2,-0.02237177,0.028411,0.480473,-0.105692329
450272,1.1655877523,0.4992953735,-0.449695684,,0.4528496191,0.5977453531,,,,0.5516815849,0.1956780474,-0.620194204,1,1,1,0,1,1,0,0,0,1,1,1,8,0.125,0.2991184803,0.028411,0.480473,0.5634192461
450289,-0.490312327,0.8810901551,-0.046905783,0.4903874167,-3.792631791,0.1636017162,,0.6210143556,,0.5516815849,1.6651634291,-0.679636785,1,1,1,1,1,1,0,1,0,1,1,1,10,0.1,-0.063654803,0.028411,0.480473,-0.191613923
450292,-0.455607835,0.5538374851,-0.280099936,2.0035128624,0.4715521804,-0.270541921,,0.2632395775,,,-1.090121662,0.8064277357,1,1,1,1,1,1,0,1,0,0,1,1,9,0.1111111111,0.2224664987,0.028411,0.480473,0.4038849273
450324,-0.505185681,-1.90055754,-3.650815421,1.0141616094,0.6398752319,0.5977453531,,0.6210143556,-0.982289365,-0.064364365,-0.539064643,-1.274062594,1,1,1,1,1,1,0,1,1,1,1,1,11,0.0909090909,-0.549413005,0.028411,0.480473,-1.202613278
450330,4.1005962767,0.0084163685,-0.322498873,,0.4341470578,0.5977453531,,-0.094535201,,0.5516815849,-0.539064643,-0.917407109,1,1,1,0,1,1,0,1,0,1,1,1,9,0.1111111111,0.4243423128,0.028411,0.480473,0.8240452392
450346,-0.520059035,0.7720059318,0.1650889017,0.7231759468,-1.062057844,0.1636017162,1.2124926754,0.2632395775,,0.3463329351,0.7467350655,0.4497722506,1,1,1,1,1,1,1,1,0,1,1,1,11,0.0909090909,0.2963934655,0.028411,0.480473,0.5577477245
450347,-0.52501682,-0.318836301,-0.682889837,,-0.145632342,0.5977453531,0.9510378245,0.6210143556,,0.5516815849,0.5630493928,0.2120019273,1,1,1,0,1,1,1,1,0,1,1,1,10,0.1,0.1824155138,0.028411,0.480473,0.3205275704
450351,-0.455607835,0.7720059318,0.546679334,,0.3032291289,0.1636017162,1.0033287947,0.4063494887,,0.5516815849,-0.355378971,1.2225258016,1,1,1,0,1,1,1,1,0,1,1,1,10,0.1,0.4158414975,0.028411,0.480473,0.8063526532
450352,-0.520059035,0.3356690385,-1.424871233,,-0.145632342,0.1636017162,-0.669982251,0.6210143556,0.1294274411,-0.680410314,0.1956780474,-1.214620013,1,1,1,0,1,1,1,1,1,1,1,1,11,0.0909090909,-0.291834963,0.028411,0.480473,-0.666520972
450358,-0.262254233,1.0992586017,-1.085679738,-0.324372439,-0.55708869,-0.270541921,,0.6210143556,-0.634877863,0.5516815849,-0.355378971,-0.739079366,1,1,1,1,1,1,0,1,1,1,1,1,11,0.0909090909,-0.177938062,0.028411,0.480473,-0.429469507
450369,1.1308832596,0.7720059318,-0.576892494,2.0035128624,0.7333880382,0.5977453531,,0.6210143556,,0.5516815849,0.0119923747,,1,1,1,1,1,1,0,1,0,1,1,0,9,0.1111111111,0.6494812518,0.028411,0.480473,1.2926226525
450370,0.2682287271,0.2265848151,-2.060855287,0.8395702119,-0.145632342,-0.270541921,,0.1201296663,,-2.733896813,,-2.165701306,1,1,1,1,1,1,0,1,0,1,0,1,9,0.1111111111,-0.658012694,0.028411,0.480473,-1.428639756
450372,-0.52501682,0.6629217084,0.1862883702,,-1.567026999,-0.704685558,0.794164914,0.3347945331,,0.5516815849,0.1956780474,0.9253128974,1,1,1,0,1,1,1,1,0,1,1,1,10,0.1,0.0854112679,0.028411,0.480473,0.118634469
450379,-0.515101251,-0.59154686,0.7586740187,,0.6024701093,0.5977453531,,,,,-0.171693298,0.3903296698,1,1,1,0,1,1,0,0,0,0,1,1,7,0.1428571429,0.1529825346,0.028411,0.480473,0.2592692677
450388,-0.505185681,-2.118725986,0.3982830548,0.5485845492,0.6772803544,0.5977453531,-0.042490609,-0.738529801,,-0.064364365,0.1956780474,-0.204096139,1,1,1,1,1,1,1,1,0,1,1,1,11,0.0909090909,-0.114165566,0.028411,0.480473,-0.296741018
450389,-0.52501682,-0.973341641,-0.025706314,-1.197329427,0.378039374,0.1636017162,-1.088310012,0.4779044444,2.867030075,0.5516815849,-0.539064643,1.2819683824,1,1,1,1,1,1,1,1,1,1,1,1,12,0.0833333333,0.1142880599,0.028411,0.480473,0.1787351898
450395,2.3455405037,0.3902111501,0.7374745502,-2.594060607,0.5463624255,-0.270541921,-0.35623643,0.6210143556,,-0.885758964,0.7467350655,1.8169516099,1,1,1,1,1,1,1,1,0,1,1,1,11,0.0909090909,0.2816083399,0.028411,0.480473,0.5269757223
450399,-0.346536572,-0.427920525,0.9494692348,,0.920413651,0.1636017162,,,,0.5516815849,2.7672774653,-0.97684969,1,1,1,0,1,1,0,0,0,1,1,1,8,0.125,0.4501421083,0.028411,0.480473,0.8777418652
450400,-0.430818911,0.7174638201,1.0554665771,,1.2757623153,0.1636017162,,,,,0.5630493928,-0.857964528,1,1,1,0,1,1,0,0,0,0,1,1,7,0.1428571429,0.3552229118,0.028411,0.480473,0.6801883377
450403,-0.287043156,-0.26429419,1.1614639194,-3.176031932,0.5463624255,0.5977453531,0.6372920035,0.1916846219,,-0.269713014,-0.355378971,0.5092148315,1,1,1,1,1,1,1,1,0,1,1,1,11,0.0909090909,-0.064427101,0.028411,0.480473,-0.193221292
450411,-0.52501682,0.1175005918,-1.891259539,,0.714685477,-1.572972831,,,,,-1.64117868,-1.809045821,1,1,1,0,1,1,0,0,0,0,1,1,7,0.1428571429,-0.943898232,0.028411,0.480473,-2.023647915
450419,-0.485354543,0.7720059318,-0.301299404,,0.041393271,-0.704685558,-1.820383594,0.6210143556,,,-0.722750316,1.6386238674,1,1,1,0,1,1,1,1,0,0,1,1,9,0.1111111111,-0.106826221,0.028411,0.480473,-0.281465779
450422,-0.435776696,1.0447164901,,,0.8830085285,-0.270541921,,,,,-1.64117868,,1,1,0,0,1,1,0,0,0,0,1,0,5,0.2,-0.083954456,0.028411,0.480473,-0.233863206
450424,-0.415945557,0.9901743784,-1.509669107,-0.615358101,-1.305191141,0.1636017162,1.1602017052,0.6210143556,-1.468665467,0.1409842852,0.7467350655,1.2225258016,1,1,1,1,1,1,1,1,1,1,1,1,12,0.0833333333,-0.022466005,0.028411,0.480473,-0.105888459
450431,-0.500227897,-2.173268098,0.864671361,-0.382569571,-0.183037464,-0.270541921,1.0556197649,0.1916846219,,-0.064364365,-0.722750316,0.687542574,1,1,1,1,1,1,1,1,0,1,1,1,11,0.0909090909,-0.136112846,0.028411,0.480473,-0.342419478
450447,-0.52501682,-0.318836301,-0.258900467,0.8395702119,0.2097163225,-0.704685558,,-3.099843337,,-3.144594112,0.0119923747,-0.501309043,1,1,1,1,1,1,0,1,0,1,1,1,10,0.1,-0.749190673,0.028411,0.480473,-1.618406757
450451,-0.52501682,0.4447532618,-1.573267512,2.0035128624,0.8643059672,0.1636017162,,0.4779044444,,,-0.906435989,-0.441866462,1,1,1,1,1,1,0,1,0,0,1,1,9,0.1111111111,0.056387941,0.028411,0.480473,0.0582287679
450460,-0.52501682,-0.427920525,0.5042803971,,0.4154444965,0.5977453531,,,,,,,1,1,1,0,1,1,0,0,0,0,0,0,5,0.2,0.1129065804,0.028411,0.480473,0.1758599425
450462,-0.470481189,0.8265480434,0.9282697664,0.3157960191,-0.538386129,-0.704685558,,0.1201296663,,0.3463329351,-0.171693298,0.2714445081,1,1,1,1,1,1,0,1,0,1,1,1,10,0.1,0.0923274765,0.028411,0.480473,0.1330290432
450465,-0.420903342,0.0084163685,0.3770835864,,0.3406342514,-0.270541921,,0.6210143556,,0.1409842852,1.2977920836,0.2120019273,1,1,1,0,1,1,0,1,0,1,1,1,9,0.1111111111,0.2562757328,0.028411,0.480473,0.4742514465
450469,1.0168542122,0.1175005918,0.4830809287,,0.1910137612,-0.270541921,,0.6210143556,,,-1.457493007,0.2120019273,1,1,1,0,1,1,0,1,0,0,1,1,8,0.125,0.1141788561,0.028411,0.480473,0.178507906
450475,-0.52501682,0.0084163685,0.313485181,-0.557160969,0.9578187736,0.5977453531,1.5262384964,0.6210143556,,0.5516815849,-0.355378971,1.2225258016,1,1,1,1,1,1,1,1,0,1,1,1,11,0.0909090909,0.396488105,0.028411,0.480473,0.7660728035
450484,-0.52501682,-1.464220646,-0.534493558,,0.4154444965,0.1636017162,0.1143823019,-0.380755023,,-3.965988712,0.1956780474,-1.927930983,1,1,1,0,1,1,1,1,0,1,1,1,10,0.1,-0.790929918,0.028411,0.480473,-1.705277858
450489,1.125925475,-0.646088971,-1.382472296,,0.7894957221,0.1636017162,,,,,1.4814777564,,1,1,1,0,1,1,0,0,0,0,1,0,6,0.1666666667,0.2553232337,0.028411,0.480473,0.4722690281
450498,-0.485354543,-0.046125743,0.2286873071,,0.8456034059,-0.270541921,,,,,,,1,1,1,0,1,1,0,0,0,0,0,0,5,0.2,0.0544537013,0.028411,0.480473,0.0542030714
450508,-0.217634171,0.1720427035,-0.725288774,,0.5463624255,-1.138829195,,-0.094535201,,-0.269713014,,-0.679636785,1,1,1,0,1,1,0,1,0,1,0,1,8,0.125,-0.300904001,0.028411,0.480473,-0.68539619
450518,-0.52501682,-0.046125743,-1.000881864,,0.378039374,-0.704685558,0.2189642422,-0.59541989,,0.1409842852,-0.171693298,-1.333505175,1,1,1,0,1,1,1,1,0,1,1,1,10,0.1,-0.363934045,0.028411,0.480473,-0.816579427
450537,-0.06890063,0.9356322668,-2.56964253,0.3157960191,-0.575791251,-0.270541921,0.7418739439,0.4063494887,,0.5516815849,-0.171693298,0.9253128974,1,1,1,1,1,1,1,1,0,1,1,1,11,0.0909090909,0.020006961,0.028411,0.480473,-0.017490277
450539,-0.480396758,-0.427920525,-2.103254224,0.8977673444,0.1162035161,-0.270541921,,-3.386063159,,0.5516815849,2.2162204472,0.8064277357,1,1,1,1,1,1,0,1,0,1,1,1,10,0.1,-0.207987596,0.028411,0.480473,-0.492011034
450563,-0.52501682,0.9901743784,0.7374745502,2.0035128624,-0.444873322,0.5977453531,0.6372920035,,,0.5516815849,-0.171693298,1.7575090291,1,1,1,1,1,1,1,0,0,1,1,1,10,0.1,0.6133806321,0.028411,0.480473,1.217487116
450565,-0.311832079,0.7174638201,0.3982830548,2.0035128624,0.9391162123,0.5977453531,0.2189642422,-2.38429378,,-0.885758964,-0.539064643,-0.263538719,1,1,1,1,1,1,1,1,0,1,1,1,11,0.0909090909,0.0445997598,0.028411,0.480473,0.0336942495
450571,-0.158140754,-0.209752078,-0.470895152,-0.207978174,0.4154444965,-0.704685558,-0.35623643,0.6210143556,-0.426430962,0.5516815849,0.5630493928,-0.382423881,1,1,1,1,1,1,1,1,1,1,1,1,12,0.0833333333,-0.06377943,0.028411,0.480473,-0.191873307
450573,0.570653592,-0.100667855,-1.106879206,,-0.370063077,0.1636017162,0.8987468544,,,,-0.355378971,1.1036406399,1,1,1,0,1,1,1,0,0,0,1,1,8,0.125,0.1004567117,0.028411,0.480473,0.1499482665
450584,-0.52501682,1.0447164901,-0.301299404,,1.2196546314,0.5977453531,,0.6210143556,,,-1.824864352,1.9952793525,1,1,1,0,1,1,0,1,0,0,1,1,8,0.125,0.3534037007,0.028411,0.480473,0.6764020482
450587,-0.30191651,0.8810901551,-0.449695684,-0.266175306,-0.575791251,-0.270541921,-1.088310012,-3.672282982,,-0.269713014,-1.090121662,-0.857964528,1,1,1,1,1,1,1,1,0,1,1,1,11,0.0909090909,-0.723765701,0.028411,0.480473,-1.565490245
450596,-0.128394046,0.1720427035,-1.043280801,,0.3219316902,0.5977453531,-0.094781579,0.4063494887,-0.05122654,0.5516815849,-1.273807334,0.0931167656,1,1,1,0,1,1,1,1,1,1,1,1,11,0.0909090909,-0.040783883,0.028411,0.480473,-0.144013111
450597,-0.406029988,-0.209752078,0.6526766764,,0.4341470578,-0.270541921,,0.6210143556,,-1.707153563,-1.824864352,1.8169516099,1,1,1,0,1,1,0,1,0,1,1,1,9,0.1111111111,-0.099283578,0.028411,0.480473,-0.265767419
450604,-0.500227897,-0.209752078,-0.725288774,-0.266175306,0.3406342514,0.5977453531,0.1143823019,-0.59541989,-1.218529186,0.5516815849,-0.906435989,0.330887089,1,1,1,1,1,1,1,1,1,1,1,1,12,0.0833333333,-0.207208212,0.028411,0.480473,-0.490388916
45060F,-0.242423094,0.2265848151,,,,0.5977453531,,0.6210143556,,,,0.4497722506,1,1,0,0,0,1,0,1,0,0,0,1,5,0.2,0.3305387361,0.028411,0.480473,0.62881363
450610,-0.52501682,0.5538374851,-2.802836683,-0.789949499,-1.828862857,0.5977453531,-0.669982251,-1.024749624,0.2267026616,-0.885758964,1.1141064109,-1.214620013,1,1,1,1,1,1,1,1,1,1,1,1,12,0.0833333333,-0.6041154,0.028411,0.480473,-1.316464337
450617,-0.52501682,-2.064183875,-0.131703657,,0.4715521804,0.5977453531,,0.0485747107,,-2.939245463,0.1956780474,-0.085210977,1,1,1,0,1,1,0,1,0,1,1,1,9,0.1111111111,-0.492423389,0.028411,0.480473,-1.084001868
450634,-0.52501682,-1.191510088,0.7586740187,0.3739931517,0.9391162123,0.5977453531,0.8987468544,,,,-0.722750316,0.687542574,1,1,1,1,1,1,1,0,0,0,1,1,9,0.1111111111,0.2018378822,0.028411,0.480473,0.3609509782
450638,-0.222591955,-0.482462636,0.0590915594,,0.2284188838,,,-1.024749624,,0.3463329351,0.9304207382,0.2714445081,1,1,1,0,1,0,0,1,0,1,1,1,8,0.125,0.0132380512,0.028411,0.480473,-0.031578281
450639,-0.465523404,0.9901743784,0.9282697664,,0.041393271,0.5977453531,-1.297473893,0.6210143556,,0.5516815849,0.1956780474,0.8658703165,1,1,1,0,1,1,1,1,0,1,1,1,10,0.1,0.3028829777,0.028411,0.480473,0.5712542233
450641,-0.52501682,-0.864257418,-3.078429773,,1.3318699991,0.1636017162,,-1.382524402,,,-2.192235698,0.6280999932,1,1,1,0,1,1,0,1,0,0,1,1,8,0.125,-0.73986155,0.028411,0.480473,-1.598990231
450643,-0.520059035,-0.100667855,-1.043280801,,0.6772803544,0.5977453531,-0.56540031,0.3347945331,,0.5516815849,0.9304207382,-1.03629227,1,1,1,0,1,1,1,1,0,1,1,1,10,0.1,-0.017377771,0.028411,0.480473,-0.095298412
450644,-0.420903342,-1.682389093,-1.700464323,,-0.033416974,0.1636017162,,,,-0.680410314,0.9304207382,-0.204096139,1,1,1,0,1,1,0,0,0,1,1,1,8,0.125,-0.453457216,0.028411,0.480473,-1.00290231
450647,-0.520059035,-1.791473316,0.4618814602,-0.906343764,-0.033416974,0.5977453531,,0.3347945331,,-0.885758964,0.1956780474,-0.382423881,1,1,1,1,1,1,0,1,0,1,1,1,10,0.1,-0.292937654,0.028411,0.480473,-0.668815983
450651,-0.52501682,-2.55506288,-0.6404909,-0.557160969,0.4341470578,1.03188899,,-1.811854135,,0.3463329351,-0.539064643,0.0931167656,1,1,1,1,1,1,0,1,0,1,1,1,10,0.1,-0.47231646,0.028411,0.480473,-1.042153697
450653,-0.52501682,0.8265480434,-1.806461665,,0.7894957221,-0.704685558,,-0.022980245,,0.5516815849,0.7467350655,0.687542574,1,1,1,0,1,1,0,1,0,1,1,1,9,0.1111111111,0.0603176336,0.028411,0.480473,0.0664075627
450654,-0.52501682,-2.118725986,-0.534493558,,-0.725411741,-0.704685558,,-1.096304579,,0.5516815849,1.2977920836,-0.798521947,1,1,1,0,1,1,0,1,0,1,1,1,9,0.1111111111,-0.51707628,0.028411,0.480473,-1.135311464
450656,0.4120044825,0.3356690385,0.6738761448,,0.4154444965,0.5977453531,,,-1.607630068,0.5516815849,-0.539064643,0.330887089,1,1,1,0,1,1,0,0,1,1,1,1,9,0.1111111111,0.1300681642,0.028411,0.480473,0.2115780223
450658,-0.52501682,0.6083795968,0.6950756133,,0.9765213348,0.5977453531,,-6.534481206,,,0.5630493928,-1.214620013,1,1,1,0,1,1,0,1,0,0,1,1,8,0.125,-0.604168344,0.028411,0.480473,-1.316574527
450659,-0.401072203,-2.009641763,0.5678788025,,0.9578187736,1.03188899,,-4.817162271,,,-0.171693298,-0.441866462,1,1,1,0,1,1,0,1,0,0,1,1,8,0.125,-0.660481179,0.028411,0.480473,-1.433777366
450661,-0.52501682,0.4447532618,-0.534493558,-0.557160969,-0.108227219,-1.572972831,,-0.094535201,,-1.091107614,1.6651634291,0.2714445081,1,1,1,1,1,1,0,1,0,1,1,1,10,0.1,-0.210215301,0.028411,0.480473,-0.496647515
450662,-0.52501682,-0.864257418,-2.802836683,,-0.014714413,0.5977453531,0.5850010334,-0.666974846,,-0.064364365,1.4814777564,0.3903296698,1,1,1,0,1,1,1,1,0,1,1,1,10,0.1,-0.188361073,0.028411,0.480473,-0.451162724
450668,2.2711737336,0.5538374851,-1.848860602,,-1.024652722,-0.704685558,,0.6210143556,,,0.7467350655,-0.857964528,1,1,1,0,1,1,0,1,0,0,1,1,8,0.125,-0.030425346,0.028411,0.480473,-0.122454084
450669,-0.520059035,-0.809715306,0.4194825233,,0.4902547416,0.5977453531,0.480419093,0.6210143556,,0.5516815849,0.1956780474,0.5686574123,1,1,1,0,1,1,1,1,0,1,1,1,10,0.1,0.2595158769,0.028411,0.480473,0.4809950972
45066F,-0.148225185,0.0084163685,,,0.1349060774,0.1636017162,,0.1201296663,,,,-1.69016066,1,1,0,0,1,1,0,1,0,0,0,1,6,0.1666666667,-0.235222003,0.028411,0.480473,-0.54869349
450670,-0.52501682,-1.409678535,-0.004506846,,0.7707931608,0.5977453531,,-1.024749624,,-0.885758964,0.1956780474,1.4008535441,1,1,1,0,1,1,0,1,0,1,1,1,9,0.1111111111,-0.098293409,0.028411,0.480473,-0.263706599
450672,-0.52501682,-1.627846981,1.0342671087,,0.7520905995,0.5977453531,,-1.954964047,,,-1.090121662,0.0931167656,1,1,1,0,1,1,0,1,0,0,1,1,8,0.125,-0.34009121,0.028411,0.480473,-0.766955787
450674,-0.52501682,-2.391436545,,,-0.388765638,0.5977453531,,,,-1.501804914,2.2162204472,1.5197387057,1,1,0,0,1,1,0,0,0,1,1,1,7,0.1428571429,-0.067617059,0.028411,0.480473,-0.199860491
450675,-0.356452141,-1.846015428,0.9706687033,-1.080935161,0.4715521804,0.1636017162,,,,-1.091107614,0.9304207382,-0.560751624,1,1,1,1,1,1,0,0,0,1,1,1,9,0.1111111111,-0.266557626,0.028411,0.480473,-0.613911729
450677,-0.520059035,0.2811269268,-0.661690368,,-0.220442587,0.1636017162,-1.245182922,-0.738529801,,0.3463329351,-0.171693298,0.0336741848,1,1,1,0,1,1,1,1,0,1,1,1,10,0.1,-0.273286225,0.028411,0.480473,-0.627915835
450678,-0.321747649,,0.9494692348,,0.0787983936,0.5977453531,,,,0.5516815849,0.3793637201,-1.03629227,1,0,1,0,1,1,0,0,0,1,1,1,7,0.1428571429,0.1712883382,0.028411,0.480473,0.2973687904
450684,-0.520059035,0.9901743784,-0.661690368,,-1.155570651,0.5977453531,-2.134129415,-1.310969446,0.2544955818,-1.912502213,1.1141064109,-0.97684969,1,1,1,0,1,1,1,1,1,1,1,1,11,0.0909090909,-0.519568099,0.028411,0.480473,-1.14049764
450686,-0.485354543,0.1175005918,-1.933658476,0.3739931517,-2.146806398,1.03188899,,0.3347945331,,0.5516815849,0.1956780474,-1.630718079,1,1,1,1,1,1,0,1,0,1,1,1,10,0.1,-0.35910006,0.028411,0.480473,-0.806518546
450688,-0.520059035,0.3902111501,1.0554665771,,-0.033416974,-0.704685558,1.0556197649,0.6210143556,,-0.885758964,-0.171693298,0.0931167656,1,1,1,0,1,1,1,1,0,1,1,1,10,0.1,0.0899814784,0.028411,0.480473,0.1281463616
450690,-0.460565619,0.8265480434,-0.831286116,0.2575988866,0.7894957221,-0.270541921,,0.4063494887,,,-0.355378971,1.044198059,1,1,1,1,1,1,0,1,0,0,1,1,9,0.1111111111,0.1562686192,0.028411,0.480473,0.2661085335
450694,-0.52501682,-2.064183875,-2.082054755,0.7231759468,0.7894957221,1.03188899,,-1.597189269,,,1.2977920836,-1.03629227,1,1,1,1,1,1,0,1,0,0,1,1,9,0.1111111111,-0.384709361,0.028411,0.480473,-0.859818699
450698,-0.277127587,-1.57330487,,,1.2757623153,-1.138829195,,,,-0.269713014,,0.7469851548,1,1,0,0,1,1,0,0,0,1,0,1,6,0.1666666667,-0.206037866,0.028411,0.480473,-0.487953098
450702,-0.520059035,-0.427920525,0.546679334,0.8977673444,0.3032291289,0.1636017162,-0.199363519,0.4063494887,-0.773842463,-0.885758964,-1.090121662,-1.987373564,1,1,1,1,1,1,1,1,1,1,1,1,12,0.0833333333,-0.297234393,0.028411,0.480473,-0.677758705
450709,-0.331663218,1.2083428251,-1.297674422,-1.779300752,0.0787983936,1.03188899,0.5850010334,0.5494594,,0.5516815849,0.1956780474,0.687542574,1,1,1,1,1,1,1,1,0,1,1,1,11,0.0909090909,0.1345231324,0.028411,0.480473,0.2208500632
450711,-0.52501682,-1.027883753,-0.004506846,2.0035128624,1.2383571927,0.5977453531,,0.3347945331,,0.5516815849,1.4814777564,1.5197387057,1,1,1,1,1,1,0,1,0,1,1,1,10,0.1,0.6169900569,0.028411,0.480473,1.2249993435
450713,-0.52501682,-0.373378413,0.9706687033,,0.0600958323,0.1636017162,0.9510378245,-0.094535201,,0.3463329351,0.1956780474,0.9253128974,1,1,1,0,1,1,1,1,0,1,1,1,10,0.1,0.2619797522,0.028411,0.480473,0.4861231142
450718,-0.52501682,-1.90055754,1.1614639194,-0.731752366,0.4154444965,0.5977453531,,-0.452309979,,0.1409842852,-0.171693298,1.1630832207,1,1,1,1,1,1,0,1,0,1,1,1,10,0.1,-0.030260873,0.028411,0.480473,-0.122111769
450723,-0.465523404,1.0992586017,0.3346846494,2.0035128624,-1.043355283,0.1636017162,0.8987468544,-0.094535201,,-0.680410314,0.5630493928,1.1036406399,1,1,1,1,1,1,1,1,0,1,1,1,11,0.0909090909,0.3529700468,0.028411,0.480473,0.6754994925
450730,-0.490312327,-0.59154686,-0.704089305,-0.207978174,-0.351360516,-0.270541921,,-3.386063159,,,-0.171693298,-0.857964528,1,1,1,1,1,1,0,1,0,0,1,1,9,0.1111111111,-0.781283343,0.028411,0.480473,-1.685200624
450742,-0.52501682,0.8265480434,-0.619291431,,0.4341470578,-0.270541921,0.1143823019,0.4779044444,,0.1409842852,-0.171693298,0.2714445081,1,1,1,0,1,1,1,1,0,1,1,1,10,0.1,0.0678867171,0.028411,0.480473,0.082160953
450743,-0.485354543,0.9901743784,0.2286873071,-0.498963836,-0.014714413,-0.270541921,0.5327100632,-2.098073958,,0.5516815849,0.0119923747,1.2819683824,1,1,1,1,1,1,1,1,0,1,1,1,11,0.0909090909,0.0208695837,0.028411,0.480473,-0.015694917
450747,-0.480396758,0.2265848151,-3.3964218,,0.378039374,0.1636017162,-0.46081837,0.6210143556,,-0.680410314,0.3793637201,0.9253128974,1,1,1,0,1,1,1,1,0,1,1,1,10,0.1,-0.232413036,0.028411,0.480473,-0.542847241
45074F,-0.296958725,0.1175005918,,,0.2658240063,0.5977453531,-3.70285852,-0.094535201,,,,-1.69016066,1,1,0,0,1,1,1,1,0,0,0,1,7,0.1428571429,-0.686206165,0.028411,0.480473,-1.487318293
450755,-0.465523404,-0.373378413,-0.873685053,,0.920413651,-1.572972831,,,,0.5516815849,2.0325347745,0.3903296698,1,1,1,0,1,1,0,0,0,1,1,1,8,0.125,0.0761749973,0.028411,0.480473,0.0994111939
450771,-0.480396758,0.8265480434,0.5678788025,-0.498963836,-0.444873322,0.5977453531,,-0.523864934,,-0.680410314,-0.171693298,0.2120019273,1,1,1,1,1,1,0,1,0,1,1,1,10,0.1,-0.059602834,0.028411,0.480473,-0.183180637
450774,-0.475438973,-0.59154686,,,,,,-0.094535201,,,0.7467350655,,1,1,0,0,0,0,0,1,0,0,1,0,4,0.25,-0.103696492,0.028411,0.480473,-0.274951933
450775,-0.420903342,-2.445978656,-3.099629241,,0.714685477,0.1636017162,,-0.452309979,0.5880106234,-0.269713014,0.0119923747,0.5092148315,1,1,1,0,1,1,0,1,1,1,1,1,10,0.1,-0.470102921,0.028411,0.480473,-1.0375467
450779,-0.480396758,0.8810901551,0.9918681717,,-0.351360516,0.1636017162,0.5850010334,-0.452309979,,0.1409842852,0.1956780474,0.7469851548,1,1,1,0,1,1,1,1,0,1,1,1,10,0.1,0.2421141311,0.028411,0.480473,0.4447771729
450788,-0.52501682,-2.827773438,1.140264451,,0.6959829157,0.5977453531,-0.147072549,0.3347945331,,0.3463329351,-0.171693298,0.0931167656,1,1,1,0,1,1,1,1,0,1,1,1,10,0.1,-0.046331915,0.028411,0.480473,-0.155560125
450801,0.4863712526,0.8810901551,0.037892091,2.0035128624,-0.183037464,0.1636017162,0.3235461825,0.0485747107,0.6713893839,-1.296456264,-0.171693298,0.3903296698,1,1,1,1,1,1,1,1,1,1,1,1,12,0.0833333333,0.2795934165,0.028411,0.480473,0.5227821003
450804,-0.52501682,-1.355136423,,,1.0887367025,-4.177834653,,,-1.426976087,,0.0119923747,,1,1,0,0,1,1,0,0,1,0,1,0,6,0.1666666667,-1.064039151,0.028411,0.480473,-2.273694937
450808,1.8348886827,-3.155026108,,,,,,-0.237645112,,,-0.355378971,,1,1,0,0,0,0,0,1,0,0,1,0,4,0.25,-0.478290377,0.028411,0.480473,-1.054587098
450809,-0.52501682,-2.118725986,-0.258900467,,-0.183037464,0.1636017162,-0.35623643,-0.022980245,,-0.269713014,-0.539064643,1.2819683824,1,1,1,0,1,1,1,1,0,1,1,1,10,0.1,-0.282810497,0.028411,0.480473,-0.647738523
450820,-0.326705433,1.0447164901,-0.767687711,-0.964540896,-0.519683567,-0.270541921,0.9510378245,0.5494594,0.3517708022,0.5516815849,0.3793637201,0.1525593464,1,1,1,1,1,1,1,1,1,1,1,1,12,0.0833333333,0.0942858033,0.028411,0.480473,0.1371048717
450822,-0.52501682,-1.791473316,1.0978655141,,0.714685477,0.5977453531,0.1143823019,-0.810084757,,0.1409842852,0.3793637201,0.6280999932,1,1,1,0,1,1,1,1,0,1,1,1,10,0.1,0.0546551751,0.028411,0.480473,0.0546223951
450825,-0.52501682,0.6083795968,,,0.2097163225,-1.572972831,,,,,-2.375921371,,1,1,0,0,1,1,0,0,0,0,1,0,5,0.2,-0.731163021,0.028411,0.480473,-1.580886146
450827,-0.515101251,-1.955099651,-0.852485584,,-0.108227219,-0.704685558,,,,,0.3793637201,-1.095734851,1,1,1,0,1,1,0,0,0,0,1,1,7,0.1428571429,-0.693138628,0.028411,0.480473,-1.501746696
450828,1.1160099056,0.0629584801,-0.004506846,,-0.594493812,-0.270541921,0.3235461825,-2.527403692,,0.5516815849,0.0119923747,-0.3229813,1,1,1,0,1,1,1,1,0,1,1,1,10,0.1,-0.165373904,0.028411,0.480473,-0.403319964
450831,,-2.064183875,,,-1.604432121,1.03188899,,,,,,,0,1,0,0,1,1,0,0,0,0,0,0,3,0.3333333333,-0.878909002,0.028411,0.480473,-1.888387061
450833,-0.52501682,0.7720059318,0.271086244,,0.6024701093,0.1636017162,,-1.23941449,,,0.0119923747,-0.3229813,1,1,1,0,1,1,0,1,0,0,1,1,8,0.125,-0.033282029,0.028411,0.480473,-0.128399645
450834,-0.52501682,0.4447532618,-6.767137285,,1.1261418251,-0.704685558,,,,,,,1,1,1,0,1,1,0,0,0,0,0,0,5,0.2,-1.285188915,0.028411,0.480473,-2.733969756
450840,-0.45065005,0.8265480434,0.8858708294,,0.2284188838,0.1636017162,,-1.024749624,,0.5516815849,-0.171693298,1.044198059,1,1,1,0,1,1,0,1,0,1,1,1,9,0.1111111111,0.2281362383,0.028411,0.480473,0.4156852492
450844,-0.391156634,0.9356322668,-0.492094621,0.083007489,-0.55708869,-0.270541921,-0.094781579,0.1916846219,1.3523159273,0.3463329351,1.1141064109,0.3903296698,1,1,1,1,1,1,1,1,1,1,1,1,12,0.0833333333,0.2173121564,0.028411,0.480473,0.3931572923
450847,-0.52501682,0.9901743784,-0.513294089,-1.837497884,-0.631898935,1.03188899,-1.402055833,-1.382524402,-1.899455729,-1.091107614,0.9304207382,-0.441866462,1,1,1,1,1,1,1,1,1,1,1,1,12,0.0833333333,-0.564352805,0.028411,0.480473,-1.233707201
450848,-0.52501682,1.0992586017,-1.064480269,-1.662906487,-0.500981006,0.5977453531,0.9510378245,-0.309200067,,0.1409842852,0.9304207382,-0.3229813,1,1,1,1,1,1,1,1,0,1,1,1,11,0.0909090909,-0.060556286,0.028411,0.480473,-0.185165039
450851,-0.52501682,1.0992586017,,-0.033386776,,,,,,,-0.355378971,,1,1,0,1,0,0,0,0,0,0,1,0,4,0.25,0.0463690087,0.028411,0.480473,0.0373765538
450853,-0.52501682,0.9356322668,0.589078271,,0.7894957221,0.5977453531,,0.6210143556,,0.1409842852,1.8488491018,1.6980664483,1,1,1,0,1,1,0,1,0,1,1,1,9,0.1111111111,0.7439832204,0.028411,0.480473,1.4893078116
450855,-0.52501682,0.8810901551,-2.84523562,0.1412046215,-0.688006619,0.5977453531,-0.35623643,,,-1.707153563,1.6651634291,0.2714445081,1,1,1,1,1,1,1,0,0,1,1,1,10,0.1,-0.256500098,0.028411,0.480473,-0.592979188
450856,-0.401072203,0.1720427035,,,0.0039881484,1.03188899,,,,,0.7467350655,,1,1,0,0,1,1,0,0,0,0,1,0,5,0.2,0.3107165408,0.028411,0.480473,0.5875580701
450860,-0.168056324,1.0992586017,-1.212876548,,,,,0.5494594,,,-0.171693298,,1,1,1,0,0,0,0,1,0,0,1,0,5,0.2,0.0192183663,0.028411,0.480473,-0.019131565
450862,-0.480396758,0.7174638201,-0.470895152,,-0.014714413,0.5977453531,,-1.811854135,,0.3463329351,0.3793637201,0.7469851548,1,1,1,0,1,1,0,1,0,1,1,1,9,0.1111111111,0.0011145028,0.028411,0.480473,-0.056810793
450864,0.2236086651,-0.809715306,,,0.5089573029,0.5977453531,,,-1.149046885,,-0.171693298,,1,1,0,0,1,1,0,0,1,0,1,0,6,0.1666666667,-0.133357361,0.028411,0.480473,-0.33668454
450865,-0.52501682,,1.2250623248,,0.3219316902,0.1636017162,,0.3347945331,,,-0.722750316,0.0931167656,1,0,1,0,1,1,0,1,0,0,1,1,7,0.1428571429,0.1272485562,0.028411,0.480473,0.2057096255
450867,-0.515101251,,0.6526766764,,-0.070822097,-0.704685558,,0.0485747107,,0.1409842852,0.7467350655,-0.501309043,1,0,1,0,1,1,0,1,0,1,1,1,8,0.125,-0.025368401,0.028411,0.480473,-0.11192916
450869,-0.480396758,1.2083428251,-2.357647845,-0.440766704,-2.202914082,-0.270541921,,0.4063494887,,0.3463329351,1.2977920836,0.5092148315,1,1,1,1,1,1,0,1,0,1,1,1,10,0.1,-0.198423515,0.028411,0.480473,-0.472105493
45086F,-0.15318297,-0.700631083,,,0.1162035161,0.1636017162,,0.4779044444,,,,-0.382423881,1,1,0,0,1,1,0,1,0,0,0,1,6,0.1666666667,-0.07975471,0.028411,0.480473,-0.225122354
450871,,,,,,,,,,,,,0,0,0,0,0,0,0,0,0,0,0,0,0,,,0.028411,0.480473,
450872,0.134368541,0.1175005918,-1.043280801,,-0.089524658,0.1636017162,,-1.74029918,,,,0.2714445081,1,1,1,0,1,1,0,1,0,0,0,1,7,0.1428571429,-0.312312754,0.028411,0.480473,-0.709141013
450874,-0.485354543,0.6083795968,,,1.4814904893,0.1636017162,,,,,0.1956780474,,1,1,0,0,1,1,0,0,0,0,1,0,5,0.2,0.3927590614,0.028411,0.480473,0.7583116156
450875,-0.282085371,0.6629217084,,,,,,,0.2683920418,,-0.539064643,,1,1,0,0,0,0,0,0,1,0,1,0,4,0.25,0.0275409339,0.028411,0.480473,-0.001809962
450876,-0.52501682,0.7720059318,-6.470344727,0.3157960191,0.7333880382,0.1636017162,,0.4063494887,,,0.9304207382,-0.144653558,1,1,1,1,1,1,0,1,0,0,1,1,9,0.1111111111,-0.424272575,0.028411,0.480473,-0.942160868
450880,-0.371325495,0.4992953735,,,0.7707931608,1.03188899,,,,,-0.355378971,,1,1,0,0,1,1,0,0,0,0,1,0,5,0.2,0.3150546116,0.028411,0.480473,0.5965868148
450883,-0.460565619,0.2811269268,,,1.2009520702,-0.270541921,,,,,-2.375921371,,1,1,0,0,1,1,0,0,0,0,1,0,5,0.2,-0.324989983,0.028411,0.480473,-0.735525888
450885,-0.52501682,0.9356322668,0.5042803971,-0.207978174,0.1162035161,1.03188899,,0.3347945331,,0.5516815849,-0.171693298,1.8169516099,1,1,1,1,1,1,0,1,0,1,1,1,10,0.1,0.4386744606,0.028411,0.480473,0.8538744672
450888,4.2642031708,0.9356322668,,,0.6211726706,0.5977453531,,,,,-0.906435989,,1,1,0,0,1,1,0,0,0,0,1,0,5,0.2,1.1024634945,0.028411,0.480473,2.2354060224
450889,0.0252972783,1.1538007134,,,,,,,,,2.3999061199,,1,1,0,0,0,0,0,0,0,0,1,0,3,0.3333333333,1.1930013705,0.028411,0.480473,2.4238407907
450890,-0.52501682,1.0447164901,-0.152903125,,-0.70670918,0.5977453531,,-0.022980245,,,-0.906435989,0.8064277357,1,1,1,0,1,1,0,1,0,0,1,1,8,0.125,0.0168555275,0.028411,0.480473,-0.024049296
450891,-0.52501682,0.9901743784,-10.43464533,,0.5650649868,,,,,,-0.722750316,,1,1,1,0,1,0,0,0,0,0,1,0,5,0.2,-2.02543462,0.028411,0.480473,-4.274629134
450893,-0.52501682,1.0992586017,,0.5485845492,0.4902547416,1.03188899,,,,,-0.722750316,0.6280999932,1,1,0,1,1,1,0,0,0,0,1,1,7,0.1428571429,0.3643313914,0.028411,0.480473,0.6991456439
45090F,-0.014364999,0.5538374851,,,-1.267786018,-1.138829195,,-1.954964047,,,,0.0336741848,1,1,0,0,1,1,0,1,0,0,0,1,6,0.1666666667,-0.631405431,0.028411,0.480473,-1.373262563
451300,,0.1175005918,-0.492094621,,0.7520905995,,,,,,,,0,1,1,0,1,0,0,0,0,0,0,0,3,0.3333333333,0.1258321903,0.028411,0.480473,0.2027617698
451301,-0.341578787,0.2811269268,,,,,,,,,,,1,1,0,0,0,0,0,0,0,0,0,0,2,0.5,-0.03022593,0.028411,0.480473,-0.122039043
451303,,0.7174638201,-0.598091963,,,,,,,,-1.273807334,,0,1,1,0,0,0,0,0,0,0,1,0,3,0.3333333333,-0.384811826,0.028411,0.480473,-0.860031958
451304,,0.8265480434,,,1.3318699991,,,,,,,,0,1,0,0,1,0,0,0,0,0,0,0,2,0.5,1.0792090213,0.028411,0.480473,2.1870069274
451305,-0.465523404,0.8265480434,1.0342671087,,1.3505725604,,1.107910735,,,,,,1,1,1,0,1,0,1,0,0,0,0,0,5,0.2,0.7707550087,0.028411,0.480473,1.5450274279
451306,,0.4992953735,0.6102777394,,0.3593368127,,,,,,,,0,1,1,0,1,0,0,0,0,0,0,0,3,0.3333333333,0.4896366419,0.028411,0.480473,0.9599410906
451307,4.3088232329,-2.500520768,,,,,,,,,,,1,1,0,0,0,0,0,0,0,0,0,0,2,0.5,0.9041512324,0.028411,0.480473,1.8226624641
451308,,-1.57330487,,,,,,,,,2.7672774653,,0,1,0,0,0,0,0,0,0,0,1,0,2,0.5,0.5969862978,0.028411,0.480473,1.1833658982
451310,,,,,0.5089573029,,,,,,,,0,0,0,0,1,0,0,0,0,0,0,0,1,1,0.5089573029,0.028411,0.480473,1.0001528169
451311,,-0.973341641,-0.025706314,,1.2009520702,,,,,,-0.539064643,,0,1,1,0,1,0,0,0,0,0,1,0,4,0.25,-0.084290132,0.028411,0.480473,-0.234561844
451312,,,-3.332823394,,,,,,,,,,0,0,1,0,0,0,0,0,0,0,0,0,1,1,-3.332823394,0.028411,0.480473,-6.99567265
451313,,-0.646088971,0.5042803971,,1.0326290187,,,,,,,,0,1,1,0,1,0,0,0,0,0,0,0,3,0.3333333333,0.2969401481,0.028411,0.480473,0.5588855246
451314,,,,,1.3318699991,,,,,,,,0,0,0,0,1,0,0,0,0,0,0,0,1,1,1.3318699991,0.028411,0.480473,2.7128654395
451315,,-1.2460522,,,,0.5977453531,,,,,,,0,1,0,0,0,1,0,0,0,0,0,0,2,0.5,-0.324153423,0.028411,0.480473,-0.733784773
451316,-0.45065005,0.6083795968,1.2250623248,,1.0326290187,,,,,,,,1,1,1,0,1,0,0,0,0,0,0,0,4,0.25,0.6038552226,0.028411,0.480473,1.1976620613
451317,,,1.2250623248,,1.1261418251,,,,,,,,0,0,1,0,1,0,0,0,0,0,0,0,2,0.5,1.1756020749,0.028411,0.480473,2.387627966
451318,,,,,1.5188956119,,,,,,,,0,0,0,0,1,0,0,0,0,0,0,0,1,1,1.5188956119,0.028411,0.480473,3.1021183082
451319,0.5062023913,0.3356690385,-0.810086648,-0.207978174,1.1074392638,1.03188899,,,,,-2.192235698,1.6980664483,1,1,1,1,1,1,0,0,0,0,1,1,8,0.125,0.1836207016,0.028411,0.480473,0.3230359049
451320,-0.30191651,-1.355136423,0.3558841179,,1.2009520702,0.5977453531,,,,,,,1,1,1,0,1,1,0,0,0,0,0,0,5,0.2,0.0995057216,0.028411,0.480473,0.1479689888
451322,-0.460565619,0.8810901551,0.8010729556,,1.1074392638,,,,,,,,1,1,1,0,1,0,0,0,0,0,0,0,4,0.25,0.5822591888,0.028411,0.480473,1.1527146449
451323,-0.52501682,0.6083795968,-0.619291431,,0.9765213348,0.1636017162,-2.761621057,,,,-0.355378971,-2.700684534,1,1,1,0,1,1,1,0,0,0,1,1,8,0.125,-0.651686271,0.028411,0.480473,-1.41547269
451324,,,0.4194825233,,0.9391162123,,,,,,,,0,0,1,0,1,0,0,0,0,0,0,0,2,0.5,0.6792993678,0.028411,0.480473,1.3546825331
451329,,,,,1.257059754,,,,,,,,0,0,0,0,1,0,0,0,0,0,0,0,1,1,1.257059754,0.028411,0.480473,2.557164292
451330,,,-0.746488242,,1.1074392638,,,,,,0.7467350655,,0,0,1,0,1,0,0,0,0,0,1,0,3,0.3333333333,0.3692286957,0.028411,0.480473,0.7093383108
451331,,1.2628849367,-0.598091963,,0.3032291289,,,,,,,,0,1,1,0,1,0,0,0,0,0,0,0,3,0.3333333333,0.3226740342,0.028411,0.480473,0.6124449748
451332,-0.52501682,-4.19132623,,,1.7620289085,1.03188899,,,,,,,1,1,0,0,1,1,0,0,0,0,0,0,4,0.25,-0.480606288,0.028411,0.480473,-1.059407159
451333,,-1.2460522,-0.598091963,,0.920413651,0.5977453531,,,,,,,0,1,1,0,1,1,0,0,0,0,0,0,4,0.25,-0.08149629,0.028411,0.480473,-0.228747072
451334,-0.52501682,-0.91879953,,,,,,,,,,,1,1,0,0,0,0,0,0,0,0,0,0,2,0.5,-0.721908175,0.028411,0.480473,-1.56162421
451337,-0.435776696,-0.209752078,,,,,,,,,,,1,1,0,0,0,0,0,0,0,0,0,0,2,0.5,-0.322764387,0.028411,0.480473,-0.730893798
451338,-0.460565619,-0.046125743,,,0.7894957221,,,,,,,,1,1,0,0,1,0,0,0,0,0,0,0,3,0.3333333333,0.0942681199,0.028411,0.480473,0.1370680674
451340,-0.52501682,-2.445978656,,,1.2757623153,,,,,,,,1,1,0,0,1,0,0,0,0,0,0,0,3,0.3333333333,-0.56507772,0.028411,0.480473,-1.235215953
451341,,-1.846015428,0.4618814602,,0.8643059672,,,,,,,,0,1,1,0,1,0,0,0,0,0,0,0,3,0.3333333333,-0.173276,0.028411,0.480473,-0.419766447
451342,,-2.009641763,0.6950756133,,1.9677570825,,,,,,,,0,1,1,0,1,0,0,0,0,0,0,0,3,0.3333333333,0.2177303109,0.028411,0.480473,0.3940275893
451343,-0.445692265,0.6629217084,-1.424871233,,0.8269008446,0.5977453531,,,,,-0.539064643,,1,1,1,0,1,1,0,0,0,0,1,0,6,0.1666666667,-0.053676706,0.028411,0.480473,-0.170846699
451344,,,0.5254798656,,1.2196546314,1.03188899,,,,,,,0,0,1,0,1,1,0,0,0,0,0,0,3,0.3333333333,0.9256744957,0.028411,0.480473,1.8674584246
451346,-0.52501682,-2.282352321,-0.237700999,,0.9765213348,,,,,,0.5630493928,1.4602961249,1,1,1,0,1,0,0,0,0,0,1,1,6,0.1666666667,-0.007533881,0.028411,0.480473,-0.074810511
451347,,0.0084163685,-0.894884521,,0.6398752319,,,,,,,,0,1,1,0,1,0,0,0,0,0,0,0,3,0.3333333333,-0.08219764,0.028411,0.480473,-0.23020678
451349,,,,,0.920413651,,,,,,,,0,0,0,0,1,0,0,0,0,0,0,0,1,1,0.920413651,0.028411,0.480473,1.8565091282
451350,,-0.373378413,,,1.0326290187,,,,,,,,0,1,0,0,1,0,0,0,0,0,0,0,2,0.5,0.3296253028,0.028411,0.480473,0.6269125185
451351,-0.460565619,-0.427920525,,,,,,,,,0.0119923747,,1,1,0,0,0,0,0,0,0,0,1,0,3,0.3333333333,-0.29216459,0.028411,0.480473,-0.667207019
451352,,,0.0590915594,,1.1448443863,0.5977453531,,,,,,,0,0,1,0,1,1,0,0,0,0,0,0,3,0.3333333333,0.6005604329,0.028411,0.480473,1.190804678
451353,,0.8810901551,,,1.0326290187,,,,,,,,0,1,0,0,1,0,0,0,0,0,0,0,2,0.5,0.9568595869,0.028411,0.480473,1.9323633648
451354,-0.465523404,0.2265848151,-1.615666449,,1.1635469476,,,,,,-0.906435989,,1,1,1,0,1,0,0,0,0,0,1,0,5,0.2,-0.319498816,0.028411,0.480473,-0.724097226
451355,-0.52501682,-0.91879953,,,0.6585777931,0.5977453531,,,,,,,1,1,0,0,1,1,0,0,0,0,0,0,4,0.25,-0.046873301,0.028411,0.480473,-0.156686901
451356,,1.0447164901,-0.216501531,,,,,,,0.5516815849,,,0,1,1,0,0,0,0,0,0,1,0,0,3,0.3333333333,0.4599655148,0.028411,0.480473,0.8981871354
451359,,0.4447532618,1.0342671087,,1.3879776829,1.03188899,,0.6210143556,,-6.43017251,,,0,1,1,0,1,1,0,1,0,1,0,0,6,0.1666666667,-0.318378519,0.028411,0.480473,-0.721765573
451361,-0.52501682,-1.791473316,-0.767687711,,1.0887367025,0.5977453531,,,,,,,1,1,1,0,1,1,0,0,0,0,0,0,5,0.2,-0.279539158,0.028411,0.480473,-0.640929947
451362,,-2.88231555,,,,,,,,,,,0,1,0,0,0,0,0,0,0,0,0,0,1,1,-2.88231555,0.028411,0.480473,-6.058039198
451363,0.0500862017,,-0.725288774,,0.5463624255,,,,,,,,1,0,1,0,1,0,0,0,0,0,0,0,3,0.3333333333,-0.042946716,0.028411,0.480473,-0.148514573
451364,-0.351494357,0.3902111501,0.6102777394,,,0.5977453531,,,,,,,1,1,1,0,0,1,0,0,0,0,0,0,4,0.25,0.3116849715,0.028411,0.480473,0.5895736465
451365,,0.1720427035,-0.6404909,1.188753007,0.8269008446,0.5977453531,,0.4063494887,,,-0.171693298,,0,1,1,1,1,1,0,1,0,0,1,0,7,0.1428571429,0.3399438856,0.028411,0.480473,0.6483883896
451366,-0.52501682,-3.20956822,,,,,,,,,,,1,1,0,0,0,0,0,0,0,0,0,0,2,0.5,-1.86729252,0.028411,0.480473,-3.945490973
451367,-0.52501682,-0.26429419,0.5678788025,0.2575988866,0.8830085285,0.5977453531,,-0.094535201,,,-2.743292716,1.1036406399,1,1,1,1,1,1,0,1,0,0,1,1,9,0.1111111111,-0.024140746,0.028411,0.480473,-0.109374065
451369,,-0.646088971,,,,,,,,-2.528548163,,,0,1,0,0,0,0,0,0,0,1,0,0,2,0.5,-1.587318567,0.028411,0.480473,-3.362786484
451370,0.015381709,0.2265848151,1.2250623248,,1.3879776829,0.5977453531,,,,,-1.273807334,,1,1,1,0,1,1,0,0,0,0,1,0,6,0.1666666667,0.3631574251,0.028411,0.480473,0.6967022902
451371,-0.52501682,0.8810901551,0.6738761448,,1.1635469476,0.5977453531,,,,,1.1141064109,,1,1,1,0,1,1,0,0,0,0,1,0,6,0.1666666667,0.6508913652,0.028411,0.480473,1.295557495
451372,,,0.7798734871,,0.9017110897,,,,,,,,0,0,1,0,1,0,0,0,0,0,0,0,2,0.5,0.8407922884,0.028411,0.480473,1.6907946929
451373,,-0.100667855,0.9706687033,,0.4902547416,-2.007116468,,,,,,,0,1,1,0,1,1,0,0,0,0,0,0,4,0.25,-0.16171522,0.028411,0.480473,-0.395705213
451374,-0.52501682,1.0447164901,0.3982830548,,,-0.270541921,,0.6210143556,,,1.1141064109,,1,1,1,0,0,1,0,1,0,0,1,0,6,0.1666666667,0.3970935951,0.028411,0.480473,0.7673329986
451375,-0.52501682,0.2265848151,-0.004506846,,0.0600958323,0.1636017162,,,,,,,1,1,1,0,1,1,0,0,0,0,0,0,5,0.2,-0.01584826,0.028411,0.480473,-0.092115071
451376,,0.9901743784,-4.901584061,,,,-0.35623643,,,,0.7467350655,,0,1,1,0,0,0,1,0,0,0,1,0,4,0.25,-0.880227762,0.028411,0.480473,-1.89113177
451377,,0.5538374851,0.1226899648,,,,,,,,2.0325347745,,0,1,1,0,0,0,0,0,0,0,1,0,3,0.3333333333,0.9030207415,0.028411,0.480473,1.8203095947
451378,-0.52501682,0.3902111501,-1.234076017,,0.4715521804,0.5977453531,,,,0.5516815849,1.2977920836,-0.025768396,1,1,1,0,1,1,0,0,0,1,1,1,8,0.125,0.1905151399,0.028411,0.480473,0.3373851689
451379,-0.510143466,0.6083795968,1.0342671087,,0.2097163225,,,,,,0.5630493928,,1,1,1,0,1,0,0,0,0,0,1,0,5,0.2,0.3810537909,0.028411,0.480473,0.7339496577
451380,-0.52501682,0.0629584801,0.5042803971,0.2575988866,0.4528496191,0.1636017162,-0.094781579,-0.810084757,,,-3.478035407,0.687542574,1,1,1,1,1,1,1,1,0,0,1,1,10,0.1,-0.277908689,0.028411,0.480473,-0.637536482
451381,,,-1.297674422,1.188753007,,,,,,,,,0,0,1,1,0,0,0,0,0,0,0,0,2,0.5,-0.054460708,0.028411,0.480473,-0.172478427
451382,,-0.155209967,-2.993631899,0.3157960191,0.583767548,0.5977453531,,-0.738529801,,,-1.457493007,,0,1,1,1,1,1,0,1,0,0,1,0,7,0.1428571429,-0.549650822,0.028411,0.480473,-1.203108241
451384,,-1.57330487,-1.19167708,,0.9391162123,0.5977453531,,-1.954964047,,-0.475061664,1.4814777564,,0,1,1,0,1,1,0,1,0,1,1,0,7,0.1428571429,-0.31095262,0.028411,0.480473,-0.70631019
451385,,-0.318836301,-0.6404909,,1.0139264574,0.5977453531,,0.6210143556,,0.5516815849,1.1141064109,,0,1,1,0,1,1,0,1,0,1,1,0,7,0.1428571429,0.4198781372,0.028411,0.480473,0.814754035
451386,,0.8265480434,-0.386097278,,1.4814904893,1.03188899,,-0.237645112,,0.5516815849,2.2162204472,,0,1,1,0,1,1,0,1,0,1,1,0,7,0.1428571429,0.7834410235,0.028411,0.480473,1.5714305906
451387,,0.3902111501,-0.322498873,,0.5650649868,,1.2647836455,,,-0.064364365,1.6651634291,1.7575090291,0,1,1,0,1,0,1,0,0,1,1,1,7,0.1428571429,0.750838429,0.028411,0.480473,1.5035754275
451389,,,-0.894884521,,0.3593368127,,,,,,,,0,0,1,0,1,0,0,0,0,0,0,0,2,0.5,-0.267773854,0.028411,0.480473,-0.616443043
451390,,,0.6102777394,,0.0039881484,,,,,,,,0,0,1,0,1,0,0,0,0,0,0,0,2,0.5,0.3071329439,0.028411,0.480473,0.5800995977
451391,-0.52501682,-1.082425865,0.4830809287,,0.4154444965,,,,,0.5516815849,1.1141064109,-1.095734851,1,1,1,0,1,0,0,0,0,1,1,1,7,0.1428571429,-0.019837731,0.028411,0.480473,-0.10041828
451392,-0.381241065,1.2083428251,0.5254798656,,1.05133158,0.5977453531,,0.6210143556,,,,1.5791812866,1,1,1,0,1,1,0,1,0,0,0,1,7,0.1428571429,0.7431220288,0.028411,0.480473,1.4875154297
451393,,,-0.682889837,,0.6211726706,,,,,,,,0,0,1,0,1,0,0,0,0,0,0,0,2,0.5,-0.030858583,0.028411,0.480473,-0.123355772
451394,,,0.5678788025,,,,,,,,,,0,0,1,0,0,0,0,0,0,0,0,0,1,1,0.5678788025,0.028411,0.480473,1.122785019
451395,,,0.9282697664,,,,,,,,-0.539064643,,0,0,1,0,0,0,0,0,0,0,1,0,2,0.5,0.1946025614,0.028411,0.480473,0.345892242
451396,,,0.271086244,,0.583767548,0.5977453531,,,,,,,0,0,1,0,1,1,0,0,0,0,0,0,3,0.3333333333,0.484199715,0.028411,0.480473,0.9486253177
451397,-0.52501682,0.9901743784,-0.258900467,-0.498963836,,-0.270541921,,0.5494594,,-0.680410314,1.8488491018,,1,1,1,1,0,1,0,1,0,1,1,0,8,0.125,0.1443311902,0.028411,0.480473,0.2412633883
451398,,,-0.682889837,0.6649788143,,1.03188899,,-2.455848736,,,,,0,0,1,1,0,1,0,1,0,0,0,0,4,0.25,-0.360467692,0.028411,0.480473,-0.809364973
451399,,,-0.131703657,,1.8181365923,1.03188899,,,,,,,0,0,1,0,1,1,0,0,0,0,0,0,3,0.3333333333,0.9061073085,0.028411,0.480473,1.8267336083
460001,-0.500227897,0.7720059318,0.3346846494,-0.382569571,-0.257847709,0.1636017162,,0.3347945331,-1.732698208,-0.064364365,0.1956780474,0.6280999932,1,1,1,1,1,1,0,1,1,1,1,1,11,0.0909090909,-0.046258444,0.028411,0.480473,-0.15540721
460003,-0.52501682,0.6083795968,-0.237700999,,0.4154444965,0.1636017162,,-0.738529801,,,0.3793637201,0.0931167656,1,1,1,0,1,1,0,1,0,0,1,1,8,0.125,0.0198323344,0.028411,0.480473,-0.017853724
460004,-0.495270112,0.8265480434,0.6314772079,-0.673555234,-0.351360516,-0.270541921,0.2712552124,0.2632395775,-1.329700866,0.3463329351,-0.539064643,0.330887089,1,1,1,1,1,1,1,1,1,1,1,1,12,0.0833333333,-0.082479436,0.028411,0.480473,-0.230793275
460005,-0.52501682,-0.646088971,0.3770835864,1.4215415371,0.9765213348,0.5977453531,,,,0.1409842852,-0.171693298,0.8064277357,1,1,1,1,1,1,0,0,0,1,1,1,9,0.1111111111,0.3308338603,0.028411,0.480473,0.6294278664
460006,-0.485354543,0.7720059318,0.546679334,,-0.183037464,0.5977453531,,0.1916846219,,0.5516815849,0.7467350655,-0.679636785,1,1,1,0,1,1,0,1,0,1,1,1,9,0.1111111111,0.2287225665,0.028411,0.480473,0.416905563
460007,-0.505185681,0.7174638201,0.1650889017,1.0141616094,0.4902547416,0.5977453531,0.2712552124,-0.452309979,0.1711168213,-0.064364365,0.1956780474,0.0931167656,1,1,1,1,1,1,1,1,1,1,1,1,12,0.0833333333,0.2245017707,0.028411,0.480473,0.4081209004
460009,0.8730784568,1.2083428251,0.4618814602,-0.848146631,-1.641837244,-1.138829195,,0.4779044444,-0.245776981,-0.269713014,0.3793637201,0.6280999932,1,1,1,1,1,1,0,1,1,1,1,1,11,0.0909090909,-0.010512015,0.028411,0.480473,-0.081008845
460010,-0.470481189,0.7174638201,0.5678788025,-0.498963836,-1.192975773,0.1636017162,,0.0485747107,-2.163488471,0.1409842852,0.0119923747,-0.144653558,1,1,1,1,1,1,0,1,1,1,1,1,11,0.0909090909,-0.256369738,0.028411,0.480473,-0.592707871
460011,-0.520059035,1.0447164901,0.7798734871,0.083007489,0.3967419353,0.5977453531,,-0.094535201,-2.191281391,-2.528548163,-1.64117868,-1.274062594,1,1,1,1,1,1,0,1,1,1,1,1,11,0.0909090909,-0.486143664,0.028411,0.480473,-1.070931996
460013,-0.435776696,-0.537004748,1.0342671087,,0.8830085285,1.03188899,0.6372920035,0.4779044444,,0.5516815849,0.1956780474,1.6980664483,1,1,1,0,1,1,1,1,0,1,1,1,10,0.1,0.5537005711,0.028411,0.480473,1.0932761344
460014,0.0500862017,-1.409678535,0.0590915594,,0.5089573029,0.1636017162,0.166673272,0.6210143556,,0.5516815849,-0.171693298,1.5197387057,1,1,1,0,1,1,1,1,0,1,1,1,10,0.1,0.2059472866,0.028411,0.480473,0.3695038037
460015,-0.515101251,0.8265480434,-0.301299404,1.5961329347,0.3967419353,0.5977453531,0.6895829737,0.4063494887,-0.871117684,-0.064364365,-0.171693298,0.0931167656,1,1,1,1,1,1,1,1,1,1,1,1,12,0.0833333333,0.2235534577,0.028411,0.480473,0.4061471946
460017,-0.52501682,0.0084163685,-1.530868575,,1.0887367025,1.03188899,0.8987468544,-1.310969446,,0.5516815849,0.3793637201,0.7469851548,1,1,1,0,1,1,1,1,0,1,1,1,10,0.1,0.1338964534,0.028411,0.480473,0.2195457681
460019,-0.480396758,0.7720059318,0.6526766764,0.083007489,0.714685477,1.03188899,,0.3347945331,-1.288011486,-3.555291412,1.1141064109,-1.03629227,1,1,1,1,1,1,0,1,1,1,1,1,11,0.0909090909,-0.150620583,0.028411,0.480473,-0.372614157
460021,-0.510143466,0.4447532618,-0.449695684,-2.070286414,0.0787983936,0.5977453531,-0.094781579,0.2632395775,0.5463212432,-1.296456264,-0.539064643,-0.025768396,1,1,1,1,1,1,1,1,1,1,1,1,12,0.0833333333,-0.254611551,0.028411,0.480473,-0.589048591
460023,-0.505185681,0.8810901551,0.271086244,,0.1162035161,0.1636017162,-0.983728072,0.4779044444,,0.3463329351,0.3793637201,0.3903296698,1,1,1,0,1,1,1,1,0,1,1,1,10,0.1,0.1536998648,0.028411,0.480473,0.2607622334
460026,-0.510143466,0.8810901551,0.1226899648,,0.6024701093,0.5977453531,1.5262384964,0.4063494887,-0.676567243,-1.296456264,-0.539064643,0.0336741848,1,1,1,0,1,1,1,1,1,1,1,1,11,0.0909090909,0.1043660124,0.028411,0.480473,0.1580846199
46002F,-0.341578787,-0.700631083,,,,0.5977453531,,0.6210143556,,,,1.044198059,1,1,0,0,0,1,0,1,0,0,0,1,5,0.2,0.2441495795,0.028411,0.480473,0.449013513
460030,-0.455607835,0.8265480434,-0.576892494,,1.0139264574,0.5977453531,,0.1916846219,,-0.885758964,-0.355378971,0.6280999932,1,1,1,0,1,1,0,1,0,1,1,1,9,0.1111111111,0.1093740228,0.028411,0.480473,0.1685076973
460039,-0.495270112,0.8810901551,0.2286873071,,0.9391162123,0.5977453531,,0.6210143556,,0.5516815849,0.7467350655,2.3519348375,1,1,1,0,1,1,0,1,0,1,1,1,9,0.1111111111,0.7136371955,0.028411,0.480473,1.4261492041
460041,-0.52501682,0.6629217084,0.9706687033,,0.6772803544,-2.007116468,0.794164914,-0.022980245,,-1.091107614,0.1956780474,1.044198059,1,1,1,0,1,1,1,1,0,1,1,1,10,0.1,0.0698690639,0.028411,0.480473,0.086286774
460042,-0.52501682,0.3902111501,0.9918681717,,0.6585777931,0.5977453531,1.5262384964,,,0.3463329351,0.0119923747,0.6280999932,1,1,1,0,1,1,1,0,0,1,1,1,9,0.1111111111,0.5140054941,0.028411,0.480473,1.0106595218
460043,-0.490312327,0.6629217084,-0.386097278,,1.1074392638,0.5977453531,,,,0.1409842852,2.5835917926,,1,1,1,0,1,1,0,0,0,1,1,0,7,0.1428571429,0.6023246854,0.028411,0.480473,1.1944765832
460044,-0.500227897,0.7174638201,0.2498867756,,-0.052119535,0.5977453531,,0.4779044444,-2.06621325,-0.064364365,0.1956780474,0.687542574,1,1,1,0,1,1,0,1,1,1,1,1,10,0.1,0.0243295968,0.028411,0.480473,-0.008493657
460047,-0.52501682,-0.318836301,-0.280099936,-0.091583909,0.8269008446,0.5977453531,,-1.310969446,-1.732698208,0.1409842852,-0.722750316,1.1630832207,1,1,1,1,1,1,0,1,1,1,1,1,11,0.0909090909,-0.204840112,0.028411,0.480473,-0.485460236
460051,-0.520059035,0.7720059318,0.822272424,-1.022738029,0.0787983936,0.5977453531,0.166673272,0.1916846219,-1.732698208,-0.680410314,0.3793637201,0.3903296698,1,1,1,1,1,1,1,1,1,1,1,1,12,0.0833333333,-0.04641935,0.028411,0.480473,-0.155742102
460052,-0.356452141,0.2265848151,0.5042803971,,0.9765213348,1.03188899,1.1602017052,0.5494594,,-1.091107614,0.7467350655,1.5791812866,1,1,1,0,1,1,1,1,0,1,1,1,10,0.1,0.5327293239,0.028411,0.480473,1.0496290744
460054,-0.52501682,-0.482462636,,,1.4440853668,1.03188899,,0.1201296663,,-1.296456264,-0.171693298,0.2120019273,1,1,0,0,1,1,0,1,0,1,1,1,8,0.125,0.0415596165,0.028411,0.480473,0.0273668567
460057,-0.490312327,0.8810901551,0.0802910279,,0.7520905995,1.03188899,,0.0485747107,,-0.064364365,-0.539064643,1.3414109632,1,1,1,0,1,1,0,1,0,1,1,1,9,0.1111111111,0.3379561234,0.028411,0.480473,0.6442512979
460058,-0.500227897,0.7720059318,-0.046905783,,-0.239145148,0.1636017162,-0.774564191,0.4063494887,-1.885559269,-0.064364365,0.7467350655,0.2714445081,1,1,1,0,1,1,1,1,1,1,1,1,11,0.0909090909,-0.104602722,0.028411,0.480473,-0.276838053
460060,-0.207718601,0.6629217084,-0.237700999,0.4321902842,0.9952238961,1.03188899,1.0556197649,,,0.1409842852,1.1141064109,1.044198059,1,1,1,1,1,1,1,0,0,1,1,1,10,0.1,0.6031713799,0.028411,0.480473,1.1962387924
460061,-0.490312327,0.8265480434,0.6526766764,,0.0039881484,0.1636017162,1.2124926754,0.2632395775,-0.07901946,0.5516815849,0.3793637201,0.2714445081,1,1,1,0,1,1,1,1,1,1,1,1,11,0.0909090909,0.3414277148,0.028411,0.480473,0.6514766554
460062,-0.505185681,0.8265480434,0.1226899648,,0.3406342514,0.5977453531,,0.2632395775,,-0.680410314,-0.171693298,1.044198059,1,1,1,0,1,1,0,1,0,1,1,1,9,0.1111111111,0.2041962173,0.028411,0.480473,0.3658593364
461300,-0.490312327,1.0992586017,-0.280099936,,0.6585777931,1.03188899,,-2.38429378,,,0.9304207382,0.2120019273,1,1,1,0,1,1,0,1,0,0,1,1,8,0.125,0.0971802508,0.028411,0.480473,0.1431290305
461301,-0.490312327,0.9901743784,-0.449695684,,0.6959829157,1.03188899,,-0.380755023,,,1.4814777564,-0.739079366,1,1,1,0,1,1,0,1,0,0,1,1,8,0.125,0.267460205,0.028411,0.480473,0.4975294769
461302,,,0.589078271,,,,,,,,,,0,0,1,0,0,0,0,0,0,0,0,0,1,1,0.589078271,0.028411,0.480473,1.1669070716
461303,-0.490312327,0.9901743784,0.546679334,,0.8456034059,0.5977453531,,0.1916846219,,0.5516815849,0.9304207382,1.5197387057,1,1,1,0,1,1,0,1,0,1,1,1,9,0.1111111111,0.6314906439,0.028411,0.480473,1.2551791407
461304,0.1541996797,1.1538007134,0.9494692348,,1.0139264574,,,,,,0.7467350655,,1,1,1,0,1,0,0,0,0,0,1,0,5,0.2,0.8036262302,0.028411,0.480473,1.6134416792
461305,,0.8265480434,,,1.0887367025,,,,,,,,0,1,0,0,1,0,0,0,0,0,0,0,2,0.5,0.957642373,0.028411,0.480473,1.9339925627
461306,,1.0447164901,0.8010729556,,0.8269008446,,,,,,0.1956780474,,0,1,1,0,1,0,0,0,0,0,1,0,4,0.25,0.7170920844,0.028411,0.480473,1.4333397991
461307,-0.495270112,0.8810901551,0.6314772079,,0.6585777931,1.03188899,,-1.024749624,-1.538147767,0.5516815849,0.9304207382,0.6280999932,1,1,1,0,1,1,0,1,1,1,1,1,10,0.1,0.2255068959,0.028411,0.480473,0.4102128486
461308,0.7392182707,0.0629584801,-0.216501531,,1.0139264574,0.5977453531,,-4.387832538,,,,,1,1,1,0,1,1,0,1,0,0,0,0,6,0.1666666667,-0.365080918,0.028411,0.480473,-0.818966392
461309,,-1.191510088,0.822272424,,1.1822495089,,,,,,,,0,1,1,0,1,0,0,0,0,0,0,0,3,0.3333333333,0.2710039483,0.028411,0.480473,0.5049050027
461310,,,-0.152903125,,-0.519683567,,,,,,1.6651634291,,0,0,1,0,1,0,0,0,0,0,1,0,3,0.3333333333,0.3308589122,0.028411,0.480473,0.6294800064
461333,-0.490312327,1.0992586017,0.6314772079,,1.2383571927,1.03188899,,0.6210143556,,,-1.824864352,-0.441866462,1,1,1,0,1,1,0,1,0,0,1,1,8,0.125,0.2331191508,0.028411,0.480473,0.4260560905
461335,,0.8265480434,1.2250623248,,0.714685477,,,,,,,,0,1,1,0,1,0,0,0,0,0,0,0,3,0.3333333333,0.9220986151,0.028411,0.480473,1.860016012
470001,-0.15318297,1.0447164901,0.1014904963,-1.139132294,-0.108227219,0.1636017162,-0.147072549,0.4779044444,,0.5516815849,0.0119923747,-0.025768396,1,1,1,1,1,1,1,1,0,1,1,1,11,0.0909090909,0.0707276071,0.028411,0.480473,0.0880736437
470003,0.0947062637,-1.136967976,0.1014904963,0.7813730793,-1.454811631,-0.704685558,-3.70285852,0.1201296663,1.1994548665,-0.680410314,0.0119923747,-0.441866462,1,1,1,1,1,1,1,1,1,1,1,1,12,0.0833333333,-0.484371143,0.028411,0.480473,-1.067242881
470005,-0.500227897,-0.59154686,0.3558841179,0.8977673444,-0.444873322,-0.270541921,-2.186420385,0.3347945331,2.4084468927,0.5516815849,0.3793637201,-0.441866462,1,1,1,1,1,1,1,1,1,1,1,1,12,0.0833333333,0.0410384455,0.028411,0.480473,0.0262821534
470011,-0.202760816,0.9901743784,0.2074878387,-0.149781041,-0.220442587,-2.007116468,,0.4063494887,,,-0.906435989,0.0931167656,1,1,1,1,1,1,0,1,0,0,1,1,9,0.1111111111,-0.198823159,0.028411,0.480473,-0.472937265
470012,0.5161179606,1.0992586017,-0.131703657,0.8977673444,-1.062057844,-0.270541921,-0.931437101,0.5494594,-0.940599984,-3.144594112,-0.355378971,-0.620194204,1,1,1,1,1,1,1,1,1,1,1,1,12,0.0833333333,-0.366158707,0.028411,0.480473,-0.821209575
47001F,0.9226563035,0.5538374851,,,,0.5977453531,,0.6210143556,,,,1.1036406399,1,1,0,0,0,1,0,1,0,0,0,1,5,0.2,0.7597788274,0.028411,0.480473,1.5221829096
470024,-0.480396758,-0.755173195,0.3346846494,-0.207978174,0.0039881484,-0.270541921,-0.094781579,0.6210143556,,-1.707153563,-0.355378971,-0.501309043,1,1,1,1,1,1,1,1,0,1,1,1,11,0.0909090909,-0.310275095,0.028411,0.480473,-0.704900071
471300,,0.8810901551,-0.258900467,,0.8456034059,,,,,,-2.192235698,,0,1,1,0,1,0,0,0,0,0,1,0,4,0.25,-0.181110651,0.028411,0.480473,-0.436072558
471301,,1.0447164901,0.6314772079,2.0035128624,,,,,,,0.3793637201,,0,1,1,1,0,0,0,0,0,0,1,0,4,0.25,1.0147675701,0.028411,0.480473,2.0528861545
471302,,,0.589078271,,,,,,,,-0.722750316,,0,0,1,0,0,0,0,0,0,0,1,0,2,0.5,-0.066836023,0.028411,0.480473,-0.198234936
471303,,,0.6950756133,2.0035128624,,,,,,,,,0,0,1,1,0,0,0,0,0,0,0,0,2,0.5,1.3492942378,0.028411,0.480473,2.7491301778
471304,,1.0447164901,0.6102777394,,,,,,,,0.5630493928,,0,1,1,0,0,0,0,0,0,0,1,0,3,0.3333333333,0.7393478741,0.028411,0.480473,1.479660353
471305,,0.3902111501,0.6738761448,0.8977673444,,,,,,,1.2977920836,,0,1,1,1,0,0,0,0,0,0,1,0,4,0.25,0.8149116807,0.028411,0.480473,1.6369298739
471306,0.4665401139,0.3902111501,,,,,,,,,-1.273807334,,1,1,0,0,0,0,0,0,0,0,1,0,3,0.3333333333,-0.13901869,0.028411,0.480473,-0.348467356
471307,0.5161179606,-0.700631083,0.2286873071,0.2575988866,-0.239145148,,,,,,0.3793637201,,1,1,1,1,1,0,0,0,0,0,1,0,6,0.1666666667,0.0736652739,0.028411,0.480473,0.0941877538
480001,-0.52501682,-2.391436545,1.2250623248,,,,,,,-6.63552116,,-1.868488402,1,1,1,0,0,0,0,0,0,1,0,1,5,0.2,-2.03908012,0.028411,0.480473,-4.303029256
480002,,-2.88231555,,,,,,,,,,,0,1,0,0,0,0,0,0,0,0,0,0,1,1,-2.88231555,0.028411,0.480473,-6.058039198
490002,-0.52501682,0.8810901551,0.4830809287,,0.583767548,0.1636017162,,,,,-1.824864352,0.7469851548,1,1,1,0,1,1,0,0,0,0,1,1,7,0.1428571429,0.0726634758,0.028411,0.480473,0.0921027304
490004,-0.52501682,0.6083795968,-0.216501531,0.7813730793,-0.164334903,0.1636017162,-0.147072549,-0.59541989,-0.579292022,0.1409842852,0.0119923747,-0.560751624,1,1,1,1,1,1,1,1,1,1,1,1,12,0.0833333333,-0.090171524,0.028411,0.480473,-0.246802673
490005,-0.267212017,-0.100667855,0.1650889017,0.6649788143,-1.080760406,1.03188899,,0.1916846219,0.9910079655,0.5516815849,-0.171693298,-1.214620013,1,1,1,1,1,1,0,1,1,1,1,1,11,0.0909090909,0.0692161172,0.028411,0.480473,0.0849278084
490007,-0.520059035,0.8265480434,-0.195302062,0.3157960191,-0.519683567,-0.270541921,,-0.166090156,-0.620981403,0.1409842852,0.7467350655,0.1525593464,1,1,1,1,1,1,0,1,1,1,1,1,11,0.0909090909,-0.010003217,0.028411,0.480473,-0.079949892
490009,-0.073858415,1.0992586017,-0.110504188,0.3157960191,-2.333832011,-1.138829195,-2.395584266,0.4063494887,,0.5516815849,0.7467350655,-2.284586468,1,1,1,1,1,1,1,1,0,1,1,1,11,0.0909090909,-0.474306708,0.028411,0.480473,-1.046295962
490013,-0.52501682,0.6083795968,0.4618814602,0.3739931517,-0.183037464,-0.270541921,,0.3347945331,,,0.7467350655,-0.263538719,1,1,1,1,1,1,0,1,0,0,1,1,9,0.1111111111,0.1426276536,0.028411,0.480473,0.2377178499
490017,-0.207718601,0.6629217084,-0.682889837,,-0.444873322,-0.270541921,0.2712552124,0.4779044444,1.2272477867,,0.9304207382,-0.97684969,1,1,1,0,1,1,1,1,1,0,1,1,10,0.1,0.098687652,0.028411,0.480473,0.1462663559
490018,-0.207718601,0.8265480434,-0.258900467,0.4903874167,-0.370063077,0.1636017162,0.1143823019,0.4779044444,1.1994548665,0.5516815849,0.1956780474,-0.97684969,1,1,1,1,1,1,1,1,1,1,1,1,12,0.0833333333,0.1838422155,0.028411,0.480473,0.3234969376
490019,-0.52501682,0.7174638201,0.5042803971,0.8395702119,-0.351360516,-0.270541921,0.2189642422,-1.954964047,,0.5516815849,,0.0931167656,1,1,1,1,1,1,1,1,0,1,0,1,10,0.1,-0.017680628,0.028411,0.480473,-0.095928743
490020,-0.520059035,-2.22781021,0.3558841179,,0.6585777931,0.1636017162,0.8987468544,-0.452309979,,,0.0119923747,0.3903296698,1,1,1,0,1,1,1,1,0,0,1,1,9,0.1111111111,-0.0801163,0.028411,0.480473,-0.225874925
490021,-0.520059035,1.0992586017,0.3558841179,0.083007489,-1.380001386,-1.138829195,,-0.666974846,,-0.475061664,0.5630493928,-0.917407109,1,1,1,1,1,1,0,1,0,1,1,1,10,0.1,-0.299713363,0.028411,0.480473,-0.682918138
490022,0.0203394936,1.0992586017,1.140264451,-0.382569571,-0.744114303,-0.704685558,0.794164914,0.2632395775,,0.3463329351,0.1956780474,-1.155177432,1,1,1,1,1,1,1,1,0,1,1,1,11,0.0909090909,0.0793391961,0.028411,0.480473,0.1059967808
490023,0.2583131578,0.5538374851,-0.619291431,,-0.089524658,-0.704685558,-0.199363519,0.4063494887,-0.273569901,0.1409842852,0.1956780474,-0.857964528,1,1,1,0,1,1,1,1,1,1,1,1,11,0.0909090909,-0.108112466,0.028411,0.480473,-0.284142817
490024,-0.326705433,0.9901743784,-0.004506846,0.5485845492,-2.389939695,0.1636017162,,0.4063494887,1.5607628284,0.5516815849,0.1956780474,-1.809045821,1,1,1,1,1,1,0,1,1,1,1,1,11,0.0909090909,-0.010305927,0.028411,0.480473,-0.080579918
490032,-0.158140754,1.0992586017,-0.36489781,-1.080935161,-1.155570651,0.5977453531,,0.4779044444,0.9076292051,0.5516815849,0.1956780474,-1.74960324,1,1,1,1,1,1,0,1,1,1,1,1,11,0.0909090909,-0.061750035,0.028411,0.480473,-0.187649565
490033,-0.173014108,0.2265848151,-0.110504188,1.3051472721,0.0226907097,1.03188899,,-2.527403692,-0.343052201,,-0.355378971,-0.917407109,1,1,1,1,1,1,0,1,1,0,1,1,10,0.1,-0.184044848,0.028411,0.480473,-0.442179447
490037,-0.52501682,1.0992586017,0.1438894333,-0.266175306,0.4902547416,0.5977453531,1.2124926754,0.0485747107,,0.5516815849,-0.171693298,1.5197387057,1,1,1,1,1,1,1,1,0,1,1,1,11,0.0909090909,0.4273409438,0.028411,0.480473,0.8302862332
490038,-0.52501682,1.0992586017,0.7798734871,-1.430117957,0.3406342514,0.1636017162,,,,,-1.457493007,1.6980664483,1,1,1,1,1,1,0,0,0,0,1,1,8,0.125,0.0836008401,0.028411,0.480473,0.1148664599
490040,-0.1432674,1.0992586017,-0.322498873,-0.615358101,-0.931139915,0.5977453531,,0.0485747107,1.1438690263,-4.171337362,0.5630493928,1.6386238674,1,1,1,1,1,1,0,1,1,1,1,1,11,0.0909090909,-0.099316427,0.028411,0.480473,-0.265835787
490041,0.2236086651,0.7174638201,0.5678788025,,-0.426170761,-0.270541921,,0.5494594,,0.5516815849,0.9304207382,-0.620194204,1,1,1,0,1,1,0,1,0,1,1,1,9,0.1111111111,0.2470673472,0.028411,0.480473,0.4550862078
490042,-0.410987773,1.0447164901,-0.258900467,-0.324372439,-1.567026999,0.1636017162,-0.35623643,0.4063494887,-0.343052201,0.5516815849,0.5630493928,-2.40347163,1,1,1,1,1,1,1,1,1,1,1,1,12,0.0833333333,-0.244554105,0.028411,0.480473,-0.568116219
490043,-0.197803032,1.1538007134,0.8434718925,0.1412046215,-0.370063077,1.03188899,0.5327100632,-2.956733425,1.1021796461,-0.269713014,0.1956780474,1.5791812866,1,1,1,1,1,1,1,1,1,1,1,1,12,0.0833333333,0.232150226,0.028411,0.480473,0.4240394857
490044,-0.52501682,0.6083795968,-0.046905783,0.1412046215,0.0039881484,0.1636017162,0.6372920035,0.6210143556,1.2272477867,0.5516815849,0.5630493928,0.2120019273,1,1,1,1,1,1,1,1,1,1,1,1,12,0.0833333333,0.3464615442,0.028411,0.480473,0.6619534693
490045,,,0.271086244,,-0.725411741,-0.704685558,-0.61769128,0.4779044444,,0.1409842852,0.0119923747,-1.095734851,0,0,1,0,1,1,1,1,0,1,1,1,8,0.125,-0.28019451,0.028411,0.480473,-0.642293919
490046,-0.52501682,0.5538374851,-0.492094621,-0.033386776,-0.351360516,0.1636017162,-0.46081837,0.1201296663,0.7825610644,0.5516815849,0.3793637201,-0.3229813,1,1,1,1,1,1,1,1,1,1,1,1,12,0.0833333333,0.0304597362,0.028411,0.480473,0.0042648859
490048,-0.52501682,-1.90055754,0.6102777394,0.3157960191,0.9765213348,0.5977453531,1.1602017052,0.1916846219,,0.5516815849,-0.722750316,0.2714445081,1,1,1,1,1,1,1,1,0,1,1,1,11,0.0909090909,0.1388207446,0.028411,0.480473,0.2297946022
490050,-0.430818911,0.8810901551,-0.343698341,-0.033386776,-0.949842477,0.1636017162,,0.2632395775,0.490735403,0.5516815849,0.0119923747,0.2120019273,1,1,1,1,1,1,0,1,1,1,1,1,11,0.0909090909,0.0742360212,0.028411,0.480473,0.0953756395
490052,-0.52501682,1.0447164901,0.7162750817,0.4903874167,-1.604432121,-0.704685558,0.6372920035,0.6210143556,0.6435964637,0.5516815849,0.1956780474,0.2714445081,1,1,1,1,1,1,1,1,1,1,1,1,12,0.0833333333,0.1948292877,0.028411,0.480473,0.3463641231
490053,-0.490312327,1.0992586017,0.4830809287,1.188753007,-1.118165528,0.1636017162,0.794164914,0.6210143556,,-0.064364365,0.1956780474,0.0931167656,1,1,1,1,1,1,1,1,0,1,1,1,11,0.0909090909,0.269620556,0.028411,0.480473,0.5020257745
490057,-0.52501682,0.8265480434,-0.36489781,0.1412046215,0.5276598642,0.5977453531,0.7418739439,0.3347945331,0.6435964637,,-0.722750316,-0.144653558,1,1,1,1,1,1,1,1,1,0,1,1,11,0.0909090909,0.1869185745,0.028411,0.480473,0.3298997053
490059,0.149241895,0.7720059318,-0.110504188,-0.033386776,-0.033416974,0.1636017162,,0.4063494887,-0.17629468,0.1409842852,0.7467350655,0.1525593464,1,1,1,1,1,1,0,1,1,1,1,1,11,0.0909090909,0.1979886464,0.028411,0.480473,0.3529396365
490060,-0.520059035,0.3356690385,-1.509669107,0.7231759468,-0.426170761,0.1636017162,-0.826855161,-0.237645112,,0.5516815849,-0.539064643,1.2819683824,1,1,1,1,1,1,1,1,0,1,1,1,11,0.0909090909,-0.091215196,0.028411,0.480473,-0.248974847
490063,-0.158140754,1.2083428251,0.7798734871,-0.207978174,-0.052119535,0.5977453531,-2.604748147,-1.23941449,,-0.064364365,0.9304207382,1.044198059,1,1,1,1,1,1,1,1,0,1,1,1,11,0.0909090909,0.0212559088,0.028411,0.480473,-0.014890866
490066,-0.52501682,0.6629217084,-0.025706314,0.4903874167,-0.089524658,-0.270541921,-1.402055833,-1.096304579,0.9215256651,0.5516815849,0.3793637201,0.0931167656,1,1,1,1,1,1,1,1,1,1,1,1,12,0.0833333333,-0.025846105,0.028411,0.480473,-0.112923397
490067,-0.019322784,0.6629217084,-0.598091963,,0.5276598642,0.1636017162,-0.147072549,-0.738529801,,0.5516815849,1.1141064109,-0.620194204,1,1,1,0,1,1,1,1,0,1,1,1,10,0.1,0.0896759983,0.028411,0.480473,0.1275105718
490069,0.2186508804,0.7174638201,-0.767687711,,-0.893734793,0.1636017162,1.5262384964,0.4779044444,0.0599451408,-0.064364365,0.7467350655,0.1525593464,1,1,1,0,1,1,1,1,1,1,1,1,11,0.0909090909,0.2124829129,0.028411,0.480473,0.3831062792
49006F,-0.128394046,0.1720427035,,,,-0.270541921,,-0.953194668,,,,-1.03629227,1,1,0,0,0,1,0,1,0,0,0,1,5,0.2,-0.44327604,0.028411,0.480473,-0.981712421
490075,-0.52501682,0.2265848151,0.546679334,-0.149781041,-0.781519425,-0.270541921,1.0033287947,0.1916846219,,0.5516815849,0.7467350655,-0.382423881,1,1,1,1,1,1,1,1,0,1,1,1,11,0.0909090909,0.1052191935,0.028411,0.480473,0.1598603296
490077,-0.515101251,0.7174638201,-0.237700999,0.1412046215,-0.12692978,-0.704685558,,0.4063494887,0.3656672623,0.5516815849,0.1956780474,0.330887089,1,1,1,1,1,1,0,1,1,1,1,1,11,0.0909090909,0.1022285751,0.028411,0.480473,0.1536360122
490084,-0.252338663,0.9901743784,0.4618814602,0.1994017541,-0.444873322,-0.270541921,,0.3347945331,,,0.5630493928,-0.679636785,1,1,1,1,1,1,0,1,0,0,1,1,9,0.1111111111,0.1002123141,0.028411,0.480473,0.1494396064
490088,-0.52501682,0.8265480434,0.4830809287,-1.313723692,-0.55708869,-0.270541921,-0.722273221,0.1201296663,,,0.3793637201,0.4497722506,1,1,1,1,1,1,1,1,0,0,1,1,10,0.1,-0.112974973,0.028411,0.480473,-0.294263061
490089,-0.475438973,1.0992586017,0.3982830548,0.8395702119,-0.70670918,0.1636017162,,0.2632395775,,,-0.722750316,-1.452390336,1,1,1,1,1,1,0,1,0,0,1,1,9,0.1111111111,-0.065926183,0.028411,0.480473,-0.196341303
490090,-0.515101251,1.0447164901,0.3770835864,2.0035128624,-0.426170761,-0.270541921,,0.2632395775,,0.1409842852,0.7467350655,-0.085210977,1,1,1,1,1,1,0,1,0,1,1,1,10,0.1,0.3279246958,0.028411,0.480473,0.6233730773
490092,-0.06890063,0.6629217084,-2.908834025,-0.906343764,0.6211726706,0.1636017162,0.0098003615,0.4779044444,,,-1.273807334,0.0336741848,1,1,1,1,1,1,1,1,0,0,1,1,10,0.1,-0.318881067,0.028411,0.480473,-0.722811517
490093,-0.520059035,0.4447532618,-0.619291431,0.3157960191,0.3219316902,-0.270541921,,-0.309200067,1.2411442468,0.1409842852,0.3793637201,0.5092148315,1,1,1,1,1,1,0,1,1,1,1,1,11,0.0909090909,0.1485541454,0.028411,0.480473,0.2500525451
490094,-0.133351831,0.8265480434,-1.128078674,,0.4154444965,-0.270541921,,0.1201296663,,,0.5630493928,1.044198059,1,1,1,0,1,1,0,1,0,0,1,1,8,0.125,0.179674654,0.028411,0.480473,0.3148230707
490097,-0.014364999,0.7174638201,0.271086244,,0.6959829157,0.1636017162,,-0.166090156,,,-0.171693298,-0.739079366,1,1,1,0,1,1,0,1,0,0,1,1,8,0.125,0.0946133596,0.028411,0.480473,0.1377866082
490098,-0.217634171,0.3902111501,0.037892091,1.1305558745,-0.370063077,-1.138829195,0.1143823019,-0.166090156,,0.5516815849,0.3793637201,-2.462914211,1,1,1,1,1,1,1,1,0,1,1,1,11,0.0909090909,-0.15922219,0.028411,0.480473,-0.390516517
490101,-0.173014108,1.1538007134,0.6314772079,-0.731752366,-0.370063077,1.03188899,-0.303945459,-1.096304579,-0.676567243,0.1409842852,0.9304207382,1.6386238674,1,1,1,1,1,1,1,1,1,1,1,1,12,0.0833333333,0.1812957474,0.028411,0.480473,0.3181970217
490104,,-1.082425865,,,,,,,,,,,0,1,0,0,0,0,0,0,0,0,0,0,1,1,-1.082425865,0.028411,0.480473,-2.311962856
490107,-0.177971893,-1.627846981,-0.131703657,,0.1349060774,0.1636017162,-0.46081837,0.1201296663,,0.1409842852,-0.722750316,1.4602961249,1,1,1,0,1,1,1,1,0,1,1,1,10,0.1,-0.110117335,0.028411,0.480473,-0.288315512
49010F,-0.128394046,-0.155209967,,,0.1910137612,0.5977453531,,0.1201296663,,,,0.7469851548,1,1,0,0,1,1,0,1,0,0,0,1,6,0.1666666667,0.2287116537,0.028411,0.480473,0.4168828503
490110,-0.267212017,-1.846015428,0.1862883702,-0.498963836,0.5463624255,1.03188899,1.2647836455,0.4779044444,,-2.323199513,-0.722750316,0.7469851548,1,1,1,1,1,1,1,1,0,1,1,1,11,0.0909090909,-0.127629825,0.028411,0.480473,-0.324763927
490111,-0.52501682,0.1175005918,0.1226899648,,0.0226907097,0.1636017162,-0.879146131,-0.881639712,,-0.064364365,-0.171693298,0.330887089,1,1,1,0,1,1,1,1,0,1,1,1,10,0.1,-0.176449025,0.028411,0.480473,-0.426370404
490112,-0.520059035,-1.57330487,0.4618814602,1.2469501395,0.2284188838,0.1636017162,,0.1201296663,1.7831061895,0.5516815849,0.1956780474,0.330887089,1,1,1,1,1,1,0,1,1,1,1,1,11,0.0909090909,0.2717246247,0.028411,0.480473,0.5064049329
490113,-0.515101251,0.4992953735,0.313485181,,-0.4074682,-1.572972831,-0.199363519,0.3347945331,0.490735403,-0.064364365,0.3793637201,-0.3229813,1,1,1,0,1,1,1,1,1,1,1,1,11,0.0909090909,-0.09677975,0.028411,0.480473,-0.26055625
490114,-0.520059035,1.0447164901,-0.280099936,-0.324372439,0.2845265676,0.1636017162,-0.61769128,0.6210143556,,-0.680410314,-1.090121662,0.0931167656,1,1,1,1,1,1,1,1,0,1,1,1,11,0.0909090909,-0.118707161,0.028411,0.480473,-0.306193355
490115,-0.510143466,0.2265848151,-0.216501531,,-0.800221986,-0.704685558,0.4281281229,0.3347945331,,0.5516815849,1.1141064109,0.5092148315,1,1,1,0,1,1,1,1,0,1,1,1,10,0.1,0.0932957758,0.028411,0.480473,0.135044346
490116,-0.52501682,0.7720059318,0.5678788025,,0.8269008446,0.5977453531,0.5850010334,0.4063494887,,,-0.906435989,0.8064277357,1,1,1,0,1,1,1,1,0,0,1,1,9,0.1111111111,0.3478729312,0.028411,0.480473,0.6648909622
490117,-0.445692265,0.9901743784,0.2922857125,,-0.108227219,0.1636017162,,,,,-0.539064643,-1.511832917,1,1,1,0,1,1,0,0,0,0,1,1,7,0.1428571429,-0.165536463,0.028411,0.480473,-0.403658294
490118,-0.52501682,-0.864257418,-0.046905783,0.2575988866,0.4154444965,0.1636017162,-0.35623643,-0.380755023,1.5190734482,-0.269713014,0.3793637201,0.2714445081,1,1,1,1,1,1,1,1,1,1,1,1,12,0.0833333333,0.0469701906,0.028411,0.480473,0.0386277823
490119,-0.520059035,0.9356322668,0.1014904963,-0.207978174,-0.070822097,0.5977453531,-0.51310934,-0.380755023,0.1572203613,0.1409842852,0.1956780474,-0.144653558,1,1,1,1,1,1,1,1,1,1,1,1,12,0.0833333333,0.024281132,0.028411,0.480473,-0.008594526
49011F,0.134368541,0.1175005918,,,,0.5977453531,,0.2632395775,,,,0.0931167656,1,1,0,0,0,1,0,1,0,0,0,1,5,0.2,0.2411941658,0.028411,0.480473,0.4428624665
490120,0.9970230736,-0.646088971,-0.576892494,-0.091583909,-0.220442587,0.1636017162,,0.4779044444,,0.5516815849,0.9304207382,-0.204096139,1,1,1,1,1,1,0,1,0,1,1,1,10,0.1,0.1381527457,0.028411,0.480473,0.2284043088
490122,-0.103605123,1.1538007134,-0.36489781,-0.207978174,0.1536086387,1.03188899,,-0.022980245,0.296184962,,-0.539064643,1.6386238674,1,1,1,1,1,1,0,1,1,0,1,1,10,0.1,0.3035581176,0.028411,0.480473,0.5726593794
490126,-0.52501682,-1.2460522,0.3770835864,2.0035128624,1.1261418251,1.03188899,0.8987468544,0.6210143556,-2.330245991,,-0.539064643,0.8064277357,1,1,1,1,1,1,1,1,1,0,1,1,11,0.0909090909,0.202221505,0.028411,0.480473,0.361749405
490127,-0.52501682,-0.209752078,0.3770835864,,0.2845265676,0.5977453531,0.5850010334,-1.525634313,,,-0.722750316,-1.392947755,1,1,1,0,1,1,1,1,0,0,1,1,9,0.1111111111,-0.281304971,0.028411,0.480473,-0.6446051
490130,-0.52501682,1.0447164901,0.589078271,0.3739931517,0.1723111999,0.5977453531,-0.094781579,0.4779044444,,,-0.355378971,0.2714445081,1,1,1,1,1,1,1,1,0,0,1,1,10,0.1,0.2552016049,0.028411,0.480473,0.4720158844
490136,0.3277221432,0.8265480434,0.037892091,-0.731752366,0.4715521804,0.5977453531,0.4281281229,0.4063494887,-0.245776981,0.1409842852,0.7467350655,1.5197387057,1,1,1,1,1,1,1,1,1,1,1,1,12,0.0833333333,0.377155511,0.028411,0.480473,0.7258362415
490140,-0.173014108,1.0447164901,1.2250623248,,-0.70670918,-0.270541921,,0.6210143556,,0.5516815849,0.5630493928,0.5686574123,1,1,1,0,1,1,0,1,0,1,1,1,9,0.1111111111,0.3804351501,0.028411,0.480473,0.7326620923
490141,-0.425861127,-1.846015428,0.7586740187,0.6649788143,0.3032291289,0.1636017162,1.5262384964,-0.237645112,,0.5516815849,0.1956780474,0.0336741848,1,1,1,1,1,1,1,1,0,1,1,1,11,0.0909090909,0.1534758477,0.028411,0.480473,0.260295991
490143,-0.52501682,1.0992586017,0.6102777394,,0.6959829157,0.5977453531,,0.6210143556,,,-0.355378971,0.6280999932,1,1,1,0,1,1,0,1,0,0,1,1,8,0.125,0.421497896,0.028411,0.480473,0.8181252082
490144,-0.52501682,0.8810901551,0.4618814602,,-0.949842477,-0.270541921,-0.826855161,0.4063494887,,,-0.722750316,-0.263538719,1,1,1,0,1,1,1,1,0,0,1,1,9,0.1111111111,-0.201024923,0.028411,0.480473,-0.477519756
490145,-0.52501682,-1.57330487,0.2286873071,,0.583767548,1.03188899,,,,-0.064364365,0.9304207382,1.6980664483,1,1,1,0,1,1,0,0,0,1,1,1,8,0.125,0.2887681222,0.028411,0.480473,0.5418772416
491300,,0.2265848151,0.3982830548,,0.6959829157,1.03188899,,0.6210143556,,,,,0,1,1,0,1,1,0,1,0,0,0,0,5,0.2,0.5947508262,0.028411,0.480473,1.1787132535
491302,-0.460565619,1.0992586017,-0.068105251,-0.324372439,-0.014714413,0.1636017162,,,,,0.3793637201,,1,1,1,1,1,1,0,0,0,0,1,0,7,0.1428571429,0.1106380451,0.028411,0.480473,0.171138483
491303,-0.52501682,1.1538007134,0.7798734871,,0.8456034059,0.5977453531,,,,,,,1,1,1,0,1,1,0,0,0,0,0,0,5,0.2,0.5704012279,0.028411,0.480473,1.1280348952
491304,-0.435776696,1.0447164901,0.4618814602,0.083007489,-1.43610907,-0.270541921,-0.094781579,,,,-0.355378971,,1,1,1,1,1,1,1,0,0,0,1,0,8,0.125,-0.12537285,0.028411,0.480473,-0.320066526
491305,-0.371325495,0.1175005918,0.2074878387,,0.3219316902,1.03188899,,-6.534481206,-0.648774323,,-1.457493007,,1,1,1,0,1,1,0,1,1,0,1,0,8,0.125,-0.916658115,0.028411,0.480473,-1.966953576
491307,-0.435776696,0.2811269268,0.1014904963,,0.4341470578,1.03188899,,-0.59541989,,,-0.539064643,,1,1,1,0,1,1,0,1,0,0,1,0,7,0.1428571429,0.0397703202,0.028411,0.480473,0.0236428282
491308,0.1442841104,0.4992953735,-0.682889837,,0.5276598642,0.5977453531,1.0556197649,-0.022980245,,,-0.355378971,-0.085210977,1,1,1,0,1,1,1,1,0,0,1,1,9,0.1111111111,0.186460493,0.028411,0.480473,0.3289463089
491309,,,0.4618814602,,0.9017110897,0.1636017162,,,,,,,0,0,1,0,1,1,0,0,0,0,0,0,3,0.3333333333,0.5090647554,0.028411,0.480473,1.0003764556
500002,-0.217634171,-0.26429419,-0.131703657,-1.139132294,0.378039374,-0.270541921,-1.088310012,-0.666974846,0.504631863,-0.269713014,0.3793637201,-0.679636785,1,1,1,1,1,1,1,1,1,1,1,1,12,0.0833333333,-0.288825494,0.028411,0.480473,-0.660257423
500003,-0.361409926,-0.427920525,-0.36489781,-0.324372439,-0.650601496,-1.138829195,0.3235461825,0.4063494887,1.9915530906,0.5516815849,-0.355378971,-0.739079366,1,1,1,1,1,1,1,1,1,1,1,1,12,0.0833333333,-0.090779948,0.028411,0.480473,-0.248068975
500005,0.3872155592,-0.100667855,-0.513294089,-1.080935161,-0.631898935,-1.138829195,,0.4063494887,-0.454223882,0.5516815849,0.0119923747,0.7469851548,1,1,1,1,1,1,0,1,1,1,1,1,11,0.0909090909,-0.165056814,0.028411,0.480473,-0.40266001
500007,-0.202760816,0.3356690385,0.1650889017,1.1305558745,-0.463575883,-1.138829195,-0.199363519,0.1201296663,-0.287466361,-0.475061664,-0.355378971,0.8658703165,1,1,1,1,1,1,1,1,1,1,1,1,12,0.0833333333,-0.042093551,0.028411,0.480473,-0.146738898
500008,-0.207718601,-0.864257418,0.1226899648,-0.498963836,-1.922375663,-1.138829195,-2.343293296,0.5494594,0.3517708022,-0.885758964,0.9304207382,0.1525593464,1,1,1,1,1,1,1,1,1,1,1,1,12,0.0833333333,-0.479524727,0.028411,0.480473,-1.057156126
500011,-0.331663218,0.0084163685,0.4194825233,2.0035128624,-0.85632967,-2.875403742,,0.6210143556,,0.1409842852,0.5630493928,0.2120019273,1,1,1,1,1,1,0,1,0,1,1,1,10,0.1,-0.009493492,0.028411,0.480473,-0.078889011
500014,-0.083773984,-0.864257418,0.3558841179,-0.033386776,-1.342596263,-1.572972831,-0.199363519,0.2632395775,,0.5516815849,0.7467350655,1.2225258016,1,1,1,1,1,1,1,1,0,1,1,1,11,0.0909090909,-0.086934968,0.028411,0.480473,-0.24006649
500015,-0.45065005,0.9901743784,0.864671361,,-1.155570651,-0.270541921,,,,0.5516815849,0.5630493928,-0.620194204,1,1,1,0,1,1,0,0,0,1,1,1,8,0.125,0.0590774864,0.028411,0.480473,0.0638264679
500016,-0.415945557,-0.537004748,0.0802910279,0.7231759468,-0.108227219,0.1636017162,0.1143823019,,,-0.680410314,0.5630493928,0.330887089,1,1,1,1,1,1,1,0,0,1,1,1,10,0.1,0.0233799636,0.028411,0.480473,-0.010470111
500019,0.645020362,-0.59154686,-0.216501531,-0.673555234,-2.277724327,-4.177834653,0.8987468544,0.0485747107,,-0.885758964,-0.171693298,0.1525593464,1,1,1,1,1,1,1,1,0,1,1,1,11,0.0909090909,-0.659064872,0.028411,0.480473,-1.430829633
500021,-0.316789864,0.1175005918,-0.301299404,0.3739931517,-0.108227219,-0.704685558,,0.6210143556,,,-0.355378971,0.687542574,1,1,1,1,1,1,0,1,0,0,1,1,9,0.1111111111,0.0015188508,0.028411,0.480473,-0.055969231
500024,1.2349967377,-0.046125743,-0.237700999,0.5485845492,-1.155570651,-2.007116468,0.0098003615,0.2632395775,,-0.269713014,0.5630493928,0.6280999932,1,1,1,1,1,1,1,1,0,1,1,1,11,0.0909090909,-0.042586933,0.028411,0.480473,-0.147765765
500025,0.4367934059,0.4447532618,-0.555693026,-0.324372439,-1.00595016,-0.270541921,,,-1.565940687,,0.3793637201,-1.392947755,1,1,1,1,1,1,0,0,1,0,1,1,9,0.1111111111,-0.428281733,0.028411,0.480473,-0.950505054
500026,0.2583131578,0.4992953735,0.7374745502,-0.673555234,-0.70670918,-0.270541921,0.9510378245,0.6210143556,,0.1409842852,0.7467350655,-0.97684969,1,1,1,1,1,1,1,1,0,1,1,1,11,0.0909090909,0.1206544171,0.028411,0.480473,0.1919853685
500027,0.3872155592,0.5538374851,0.5042803971,,-0.070822097,-0.704685558,0.2712552124,0.5494594,-1.385286707,0.1409842852,0.9304207382,-0.97684969,1,1,1,0,1,1,1,1,1,1,1,1,11,0.0909090909,0.018164457,0.028411,0.480473,-0.021325046
500030,-0.058985061,0.3902111501,0.9918681717,0.3157960191,-0.744114303,-1.138829195,0.0098003615,-0.022980245,,0.1409842852,0.1956780474,-0.441866462,1,1,1,1,1,1,1,1,0,1,1,1,11,0.0909090909,-0.032948839,0.028411,0.480473,-0.127706182
500031,-0.430818911,-1.355136423,-0.280099936,0.7231759468,-0.575791251,-0.704685558,0.1143823019,0.4063494887,2.3667575125,-2.528548163,2.2162204472,-0.798521947,1,1,1,1,1,1,1,1,1,1,1,1,12,0.0833333333,-0.070559708,0.028411,0.480473,-0.205984971
500033,3.7932136272,-0.318836301,0.2074878387,,-0.052119535,-0.270541921,-1.872674564,0.6210143556,,0.5516815849,1.1141064109,1.1630832207,1,1,1,0,1,1,1,1,0,1,1,1,10,0.1,0.4936414716,0.028411,0.480473,0.968276267
500036,-0.510143466,1.0992586017,-0.725288774,-0.033386776,0.1162035161,-1.138829195,-1.349764863,-0.953194668,0.5185283231,0.5516815849,0.7467350655,-0.857964528,1,1,1,1,1,1,1,1,1,1,1,1,12,0.0833333333,-0.211347098,0.028411,0.480473,-0.499003103
500037,1.2944901537,-0.155209967,-0.025706314,,0.0039881484,-2.007116468,,0.3347945331,,,0.1956780474,-0.204096139,1,1,1,0,1,1,0,1,0,0,1,1,8,0.125,-0.070397251,0.028411,0.480473,-0.205646852
500039,-0.158140754,0.3902111501,-0.36489781,0.3157960191,-0.85632967,-1.572972831,0.3758371527,0.6210143556,1.5746592885,0.3463329351,0.0119923747,-0.025768396,1,1,1,1,1,1,1,1,1,1,1,1,12,0.0833333333,0.0548111511,0.028411,0.480473,0.054947025
500041,-0.039153922,0.4992953735,0.5042803971,0.3739931517,-1.062057844,-2.875403742,0.2712552124,0.3347945331,,-0.269713014,0.5630493928,-0.144653558,1,1,1,1,1,1,1,1,0,1,1,1,11,0.0909090909,-0.167664911,0.028411,0.480473,-0.408088193
500044,-0.287043156,0.6629217084,1.1614639194,0.3157960191,-0.781519425,-1.138829195,-1.558928743,0.5494594,,-0.680410314,-0.171693298,0.0336741848,1,1,1,1,1,1,1,1,0,1,1,1,11,0.0909090909,-0.172282627,0.028411,0.480473,-0.417698959
500050,-0.192845247,-0.26429419,0.6102777394,-0.091583909,-2.31512945,-0.704685558,0.0098003615,0.3347945331,-0.954496444,0.3463329351,0.1956780474,-0.3229813,1,1,1,1,1,1,1,1,1,1,1,1,12,0.0833333333,-0.279094373,0.028411,0.480473,-0.640004225
500051,-0.296958725,0.1720427035,-0.280099936,0.0248103565,-0.594493812,1.03188899,-0.56540031,0.4063494887,,0.3463329351,0.7467350655,-0.441866462,1,1,1,1,1,1,1,1,0,1,1,1,11,0.0909090909,0.0499400267,0.028411,0.480473,0.0448088458
500052,-0.52501682,0.7174638201,,,,,,,,,,,1,1,0,0,0,0,0,0,0,0,0,0,2,0.5,0.0962235,0.028411,0.480473,0.1411377631
500053,-0.520059035,-0.427920525,0.6102777394,-0.091583909,0.1723111999,-2.441260105,-0.61769128,0.2632395775,,-0.064364365,0.5630493928,0.0336741848,1,1,1,1,1,1,1,1,0,1,1,1,11,0.0909090909,-0.229120648,0.028411,0.480473,-0.535994855
500054,-0.173014108,-0.537004748,1.2250623248,0.0248103565,-1.510919315,-2.441260105,-2.395584266,0.2632395775,,-3.349942762,0.5630493928,0.6280999932,1,1,1,1,1,1,1,1,0,1,1,1,11,0.0909090909,-0.700314878,0.028411,0.480473,-1.516682491
500058,-0.425861127,-0.100667855,-0.386097278,0.1994017541,-0.257847709,-1.138829195,-0.774564191,0.2632395775,0.9215256651,-0.064364365,0.3793637201,-0.3229813,1,1,1,1,1,1,1,1,1,1,1,1,12,0.0833333333,-0.142306859,0.028411,0.480473,-0.355310959
500060,-0.361409926,-1.082425865,0.4406819917,,-0.837627109,-5.046121927,0.0620913317,0.6210143556,,0.5516815849,-0.355378971,-1.274062594,1,1,1,0,1,1,1,1,0,1,1,1,10,0.1,-0.728155713,0.028411,0.480473,-1.574627093
500064,-0.237465309,-0.864257418,0.4830809287,0.8395702119,-3.04452934,-3.309547379,,0.6210143556,,,0.9304207382,-1.095734851,1,1,1,1,1,1,0,1,0,0,1,1,9,0.1111111111,-0.630827563,0.028411,0.480473,-1.372059855
500072,0.060001771,0.1720427035,0.1862883702,-0.731752366,-2.520857624,-0.704685558,-0.722273221,0.5494594,1.4495911478,0.5516815849,0.1956780474,-1.095734851,1,1,1,1,1,1,1,1,1,1,1,1,12,0.0833333333,-0.217546716,0.028411,0.480473,-0.511906251
500077,-0.292000941,-1.191510088,1.2250623248,-0.498963836,-1.342596263,-3.743691016,,-0.380755023,,-0.885758964,0.0119923747,0.4497722506,1,1,1,1,1,1,0,1,0,1,1,1,10,0.1,-0.664844918,0.028411,0.480473,-1.442859534
500079,-0.321747649,0.9356322668,1.0766660456,1.0141616094,0.378039374,0.1636017162,-0.35623643,,,0.5516815849,0.0119923747,-0.441866462,1,1,1,1,1,1,1,0,0,1,1,1,10,0.1,0.3011924431,0.028411,0.480473,0.5677357458
500084,-0.460565619,0.1175005918,0.6526766764,,-0.145632342,0.1636017162,-0.4085274,0.1916846219,,,0.7467350655,-0.620194204,1,1,1,0,1,1,1,1,0,0,1,1,9,0.1111111111,0.0263643452,0.028411,0.480473,-0.004258774
500088,-0.52501682,0.9901743784,0.1226899648,-1.080935161,-0.669304058,-1.572972831,0.3758371527,-0.166090156,-1.843869889,0.1409842852,0.5630493928,0.9253128974,1,1,1,1,1,1,1,1,1,1,1,1,12,0.0833333333,-0.22834507,0.028411,0.480473,-0.534380661
500108,-0.232507525,-0.046125743,0.546679334,-0.324372439,-1.155570651,-2.007116468,,0.6210143556,,0.3463329351,0.7467350655,-0.144653558,1,1,1,1,1,1,0,1,0,1,1,1,10,0.1,-0.164958469,0.028411,0.480473,-0.402455327
500119,-0.485354543,0.3356690385,0.7586740187,-0.207978174,-0.594493812,-0.704685558,0.5850010334,0.6210143556,,0.5516815849,-0.355378971,0.2120019273,1,1,1,1,1,1,1,1,0,1,1,1,11,0.0909090909,0.0651046274,0.028411,0.480473,0.0763706423
50011F,0.0104239243,0.0629584801,,,,,,0.1916846219,,,,-1.155177432,1,1,0,0,0,0,0,1,0,0,0,1,4,0.25,-0.222527601,0.028411,0.480473,-0.522272873
500124,2.6182186605,0.2265848151,0.589078271,0.4903874167,-1.28648858,-2.007116468,-2.395584266,0.5494594,,-0.064364365,1.6651634291,-1.214620013,1,1,1,1,1,1,1,1,0,1,1,1,11,0.0909090909,-0.075389245,0.028411,0.480473,-0.216036596
500129,-0.475438973,0.8810901551,0.5254798656,0.2575988866,-1.099462967,0.1636017162,-0.199363519,,-0.03733008,0.5516815849,0.1956780474,-0.085210977,1,1,1,1,1,1,1,0,1,1,1,1,11,0.0909090909,0.0616657945,0.028411,0.480473,0.0692134646
500139,-0.396114419,0.9356322668,-0.449695684,,0.2845265676,0.1636017162,,,,0.5516815849,0.1956780474,0.8658703165,1,1,1,0,1,1,0,0,0,1,1,1,8,0.125,0.2688975496,0.028411,0.480473,0.500520995
500141,-0.361409926,-0.59154686,0.7586740187,0.7231759468,-0.388765638,-0.270541921,,0.6210143556,,0.3463329351,0.7467350655,0.3903296698,1,1,1,1,1,1,0,1,0,1,1,1,10,0.1,0.1973997647,0.028411,0.480473,0.3517140081
500150,4.3038654482,-1.355136423,0.3558841179,0.7813730793,-1.679242366,0.5977453531,-0.303945459,0.6210143556,-0.579292022,-2.528548163,0.5630493928,-2.344029049,1,1,1,1,1,1,1,1,1,1,1,1,12,0.0833333333,-0.130605145,0.028411,0.480473,-0.330956403
500151,-0.346536572,-0.046125743,0.6102777394,0.2575988866,-0.55708869,-0.270541921,,0.6210143556,,,-1.090121662,0.2714445081,1,1,1,1,1,1,0,1,0,0,1,1,9,0.1111111111,-0.0611199,0.028411,0.480473,-0.186338077
500152,0.3822577745,0.2811269268,0.3558841179,0.5485845492,0.3219316902,0.5977453531,1.3170746157,0.5494594,-1.579837148,0.3463329351,0.5630493928,-0.739079366,1,1,1,1,1,1,1,1,1,1,1,1,12,0.0833333333,0.2453775201,0.028411,0.480473,0.4515692027
500154,-0.475438973,0.8810901551,0.6102777394,0.9559644769,-0.295252832,0.1636017162,,,,,-0.171693298,0.0931167656,1,1,1,1,1,1,0,0,0,0,1,1,8,0.125,0.2202082187,0.028411,0.480473,0.399184812
50030F,0.9276140882,0.3356690385,,,0.6024701093,0.1636017162,,0.6210143556,,,,-0.204096139,1,1,0,0,1,1,0,1,0,0,0,1,6,0.1666666667,0.4077121948,0.028411,0.480473,0.7894332893
501302,,-0.537004748,0.6738761448,,,,,,,,,,0,1,1,0,0,0,0,0,0,0,0,0,2,0.5,0.0684356983,0.028411,0.480473,0.0833035373
501303,,-1.082425865,-0.004506846,,0.2845265676,0.5977453531,,,,,-1.273807334,,0,1,1,0,1,1,0,0,0,0,1,0,5,0.2,-0.295693625,0.028411,0.480473,-0.674551933
501304,,,0.7374745502,,-0.463575883,-0.704685558,,,,,,,0,0,1,0,1,1,0,0,0,0,0,0,3,0.3333333333,-0.14359563,0.028411,0.480473,-0.357993255
501305,,-0.26429419,,,,,,,,,,,0,1,0,0,0,0,0,0,0,0,0,0,1,1,-0.26429419,0.028411,0.480473,-0.609200883
501307,,,,,0.6959829157,,,,,,,,0,0,0,0,1,0,0,0,0,0,0,0,1,1,0.6959829157,0.028411,0.480473,1.3894056857
501308,,0.6083795968,-1.085679738,,0.5089573029,-0.270541921,,0.6210143556,,,0.3793637201,-2.522356791,0,1,1,0,1,1,0,1,0,0,1,1,7,0.1428571429,-0.251551925,0.028411,0.480473,-0.582680648
501309,-0.406029988,-0.373378413,0.6738761448,,0.2658240063,0.5977453531,,,,,1.1141064109,,1,1,1,0,1,1,0,0,0,0,1,0,6,0.1666666667,0.312023919,0.028411,0.480473,0.5902790915
501310,,-1.518762758,0.9494692348,,0.8643059672,0.5977453531,,,,,-2.008550025,,0,1,1,0,1,1,0,0,0,0,1,0,5,0.2,-0.223158446,0.028411,0.480473,-0.523585837
501312,,0.3356690385,0.5042803971,0.9559644769,0.5089573029,-0.270541921,,,,,1.2977920836,0.0931167656,0,1,1,1,1,1,0,0,0,0,1,1,7,0.1428571429,0.4893197348,0.028411,0.480473,0.9592815181
501313,,0.5538374851,0.3558841179,,,,,,,,,,0,1,1,0,0,0,0,0,0,0,0,0,2,0.5,0.4548608015,0.028411,0.480473,0.8875627922
501314,,0.1175005918,0.3558841179,,0.3593368127,0.5977453531,,,,,,,0,1,1,0,1,1,0,0,0,0,0,0,4,0.25,0.3576167189,0.028411,0.480473,0.6851705231
501315,,-0.973341641,0.2286873071,,,,,,,,0.9304207382,,0,1,1,0,0,0,0,0,0,0,1,0,3,0.3333333333,0.0619221346,0.028411,0.480473,0.0697469804
501316,,-1.2460522,-0.386097278,,0.9765213348,,,,,,-2.559607043,,0,1,1,0,1,0,0,0,0,0,1,0,4,0.25,-0.803808797,0.028411,0.480473,-1.732082425
501317,,-0.700631083,-9.226275627,,1.1635469476,0.1636017162,,,,,-1.64117868,,0,1,1,0,1,1,0,0,0,0,1,0,5,0.2,-2.048187345,0.028411,0.480473,-4.32198395
501318,,0.8265480434,1.2250623248,,,,,,,,,,0,1,1,0,0,0,0,0,0,0,0,0,2,0.5,1.0258051841,0.028411,0.480473,2.0758585317
501319,,-0.864257418,0.8010729556,,0.3967419353,-1.138829195,,,,,-2.375921371,-2.225143887,0,1,1,0,1,1,0,0,0,0,1,1,6,0.1666666667,-0.901056163,0.028411,0.480473,-1.934481529
501320,,-0.700631083,,,,0.5977453531,,,,,,,0,1,0,0,0,1,0,0,0,0,0,0,2,0.5,-0.051442865,0.028411,0.480473,-0.166197448
501321,,-0.91879953,0.1438894333,,0.6959829157,0.5977453531,,,,,,,0,1,1,0,1,1,0,0,0,0,0,0,4,0.25,0.1297045431,0.028411,0.480473,0.2108212244
501322,,0.1175005918,0.8858708294,,,,,,,,,,0,1,1,0,0,0,0,0,0,0,0,0,2,0.5,0.5016857106,0.028411,0.480473,0.9850185894
501323,1.5820416646,0.2265848151,-0.152903125,0.6649788143,0.3219316902,0.1636017162,,0.6210143556,,,-0.539064643,,1,1,1,1,1,1,0,1,0,0,1,0,8,0.125,0.3610231609,0.028411,0.480473,0.6922602865
501324,,-0.100667855,,,,,,,,,,,0,1,0,0,0,0,0,0,0,0,0,0,1,1,-0.100667855,0.028411,0.480473,-0.268648488
501325,,-1.682389093,0.5254798656,,0.583767548,0.1636017162,,,,,0.0119923747,,0,1,1,0,1,1,0,0,0,0,1,0,5,0.2,-0.079509518,0.028411,0.480473,-0.224612041
501326,-0.361409926,-1.518762758,0.1862883702,0.6067816818,0.378039374,0.5977453531,-1.088310012,-2.742068558,,,-1.090121662,,1,1,1,1,1,1,1,1,0,0,1,0,9,0.1111111111,-0.559090904,0.028411,0.480473,-1.222755706
501327,,-0.427920525,0.1226899648,,-0.070822097,1.03188899,,,,,-2.008550025,1.5197387057,0,1,1,0,1,1,0,0,0,0,1,1,6,0.1666666667,0.0278375023,0.028411,0.480473,-0.00119272
501328,,-2.773231326,-0.343698341,0.083007489,-0.089524658,,-1.506637773,,-0.412534502,,0.3793637201,-0.917407109,0,1,1,1,1,0,1,0,1,0,1,1,8,0.125,-0.697582813,0.028411,0.480473,-1.510996294
501329,0.030255063,0.8810901551,0.6738761448,,0.3219316902,-0.270541921,-0.199363519,-0.810084757,,,-1.090121662,0.330887089,1,1,1,0,1,1,1,1,0,0,1,1,9,0.1111111111,-0.014674635,0.028411,0.480473,-0.089672427
501330,,-0.155209967,0.037892091,,0.4154444965,0.1636017162,,0.4779044444,,0.5516815849,0.9304207382,-0.025768396,0,1,1,0,1,1,0,1,0,1,1,1,8,0.125,0.2994958386,0.028411,0.480473,0.5642046348
501331,,0.4447532618,0.5042803971,-0.673555234,0.6398752319,,,,,,0.7467350655,,0,1,1,1,1,0,0,0,0,0,1,0,5,0.2,0.3324177445,0.028411,0.480473,0.6327243746
501332,,-0.100667855,-0.788887179,,0.5276598642,0.1636017162,,,-0.07901946,,-1.273807334,,0,1,1,0,1,1,0,0,1,0,1,0,6,0.1666666667,-0.258520041,0.028411,0.480473,-0.597183257
501333,-0.212676386,0.2265848151,0.2074878387,,0.8456034059,0.5977453531,1.0033287947,0.5494594,,-0.064364365,0.7467350655,1.044198059,1,1,1,0,1,1,1,1,0,1,1,1,10,0.1,0.4944101982,0.028411,0.480473,0.969876203
501334,,0.3902111501,-1.234076017,,0.8643059672,0.1636017162,,0.1201296663,,-0.680410314,,,0,1,1,0,1,1,0,1,0,1,0,0,6,0.1666666667,-0.062706305,0.028411,0.480473,-0.189639833
501335,-0.401072203,-0.155209967,0.3558841179,,-0.669304058,-0.270541921,,0.6210143556,,0.5516815849,-0.539064643,1.044198059,1,1,1,0,1,1,0,1,0,1,1,1,9,0.1111111111,0.0597317029,0.028411,0.480473,0.0651880762
501336,0.0996640483,0.1720427035,-0.046905783,,-0.089524658,-2.007116468,1.2124926754,,1.3801088475,,0.7467350655,,1,1,1,0,1,1,1,0,1,0,1,0,8,0.125,0.1834370539,0.028411,0.480473,0.3226536824
501337,-0.52501682,-0.373378413,0.5042803971,,0.9578187736,-0.270541921,,-0.094535201,,,1.1141064109,,1,1,1,0,1,1,0,1,0,0,1,0,7,0.1428571429,0.1875333182,0.028411,0.480473,0.3311791597
501338,,1.2083428251,0.822272424,,0.8269008446,,,,,,0.3793637201,,0,1,1,0,1,0,0,0,0,0,1,0,4,0.25,0.8092199535,0.028411,0.480473,1.6250837896
501339,,-1.518762758,0.3346846494,,,,,,,,-0.722750316,,0,1,1,0,0,0,0,0,0,0,1,0,3,0.3333333333,-0.635609475,0.028411,0.480473,-1.382012359
501340,0.6004003,0.3356690385,-0.555693026,,0.7707931608,0.5977453531,,-1.811854135,,,,,1,1,1,0,1,1,0,1,0,0,0,0,6,0.1666666667,-0.010489885,0.028411,0.480473,-0.080962785
510001,-0.113520692,0.9901743784,-1.212876548,1.0141616094,-0.818924548,-0.704685558,,0.3347945331,,0.5516815849,0.5630493928,-0.025768396,1,1,1,1,1,1,0,1,0,1,1,1,10,0.1,0.0578085757,0.028411,0.480473,0.0611855079
510002,-0.490312327,0.2265848151,-0.470895152,0.9559644769,-0.837627109,-0.704685558,,0.2632395775,,-1.501804914,0.3793637201,-0.97684969,1,1,1,1,1,1,0,1,0,1,1,1,10,0.1,-0.315702216,0.028411,0.480473,-0.716195435
510006,-0.361409926,1.0992586017,-0.046905783,0.5485845492,-1.323893702,-0.704685558,-0.46081837,0.6210143556,0.1294274411,0.5516815849,0.1956780474,-0.798521947,1,1,1,1,1,1,1,1,1,1,1,1,12,0.0833333333,-0.045882559,0.028411,0.480473,-0.154624888
510007,0.689640424,0.9901743784,0.822272424,-0.557160969,-0.800221986,0.1636017162,1.107910735,-0.022980245,-0.579292022,,-0.539064643,-0.620194204,1,1,1,1,1,1,1,1,1,0,1,1,11,0.0909090909,0.0595168734,0.028411,0.480473,0.0647409557
510008,-0.52501682,1.2083428251,0.1862883702,-0.673555234,-0.108227219,0.1636017162,-1.088310012,-0.59541989,,-0.680410314,0.1956780474,-0.798521947,1,1,1,1,1,1,1,1,0,1,1,1,11,0.0909090909,-0.246868225,0.028411,0.480473,-0.572932552
510012,0.1145374024,0.9356322668,0.037892091,,0.583767548,0.5977453531,,-2.026519002,,,-1.273807334,-2.046816145,1,1,1,0,1,1,0,1,0,0,1,1,8,0.125,-0.384695978,0.028411,0.480473,-0.859790845
510013,1.0416431356,1.1538007134,-0.280099936,1.188753007,-0.257847709,,-0.931437101,0.2632395775,,-0.269713014,0.5630493928,-1.095734851,1,1,1,1,1,0,1,1,0,1,1,1,10,0.1,0.1375653214,0.028411,0.480473,0.2271817136
510022,2.355456073,0.3356690385,-1.043280801,0.2575988866,-0.201740026,0.1636017162,-0.199363519,0.0485747107,0.1572203613,0.5516815849,0.5630493928,-1.274062594,1,1,1,1,1,1,1,1,1,1,1,1,12,0.0833333333,0.1428670687,0.028411,0.480473,0.23821614
510023,-0.52501682,-2.064183875,-0.046905783,0.3739931517,0.0226907097,-1.138829195,0.0098003615,-3.815392893,,0.1409842852,,-1.571275498,1,1,1,1,1,1,1,1,0,1,0,1,10,0.1,-0.861413555,0.028411,0.480473,-1.851974119
510024,-0.222591955,0.9356322668,-0.195302062,0.7231759468,-0.033416974,-0.270541921,,0.5494594,,-0.680410314,0.3793637201,0.8064277357,1,1,1,1,1,1,0,1,0,1,1,1,10,0.1,0.1991795843,0.028411,0.480473,0.3554183131
510029,,,-0.110504188,,-1.155570651,-0.704685558,,-0.237645112,0.7825610644,,,,0,0,1,0,1,1,0,1,1,0,0,0,5,0.2,-0.285168889,0.028411,0.480473,-0.652646999
51002F,-0.267212017,0.2265848151,,,,0.5977453531,,0.0485747107,,,,-2.581799372,1,1,0,0,0,1,0,1,0,0,0,1,5,0.2,-0.395221302,0.028411,0.480473,-0.881697004
510030,-0.465523404,1.0447164901,-0.492094621,1.0141616094,0.5089573029,-0.270541921,-0.826855161,0.6210143556,,0.1409842852,,0.0931167656,1,1,1,1,1,1,1,1,0,1,0,1,10,0.1,0.1367935702,0.028411,0.480473,0.2255754825
510031,0.4070466979,1.0447164901,0.7586740187,,,0.5977453531,,,,,-0.906435989,,1,1,1,0,0,1,0,0,0,0,1,0,5,0.2,0.3803493142,0.028411,0.480473,0.7324834435
510038,2.6578809379,0.9901743784,0.3346846494,,1.1261418251,0.5977453531,,0.4779044444,,0.5516815849,0.7467350655,0.330887089,1,1,1,0,1,1,0,1,0,1,1,1,9,0.1111111111,0.8682039253,0.028411,0.480473,1.747846014
51003F,-0.37628328,-0.26429419,,,,-0.270541921,,-0.810084757,,,,0.0336741848,1,1,0,0,0,1,0,1,0,0,0,1,5,0.2,-0.337505993,0.028411,0.480473,-0.761575222
510046,-0.237465309,0.6083795968,0.1862883702,0.1994017541,-0.482278445,-1.138829195,0.4281281229,-0.59541989,,-0.064364365,0.1956780474,0.0931167656,1,1,1,1,1,1,1,1,0,1,1,1,11,0.0909090909,-0.073396777,0.028411,0.480473,-0.21188971
510048,-0.475438973,0.9901743784,0.6950756133,0.1994017541,-0.426170761,0.5977453531,,-0.166090156,,0.5516815849,0.1956780474,0.5092148315,1,1,1,1,1,1,0,1,0,1,1,1,10,0.1,0.2671271672,0.028411,0.480473,0.4968363316
51004F,-0.30191651,-0.209752078,,,,0.1636017162,,-2.88517847,,,,-1.333505175,1,1,0,0,0,1,0,1,0,0,0,1,5,0.2,-0.913350103,0.028411,0.480473,-1.960068673
510050,-0.445692265,0.8810901551,0.1014904963,0.6067816818,-1.00595016,-0.704685558,-0.722273221,0.2632395775,0.7547681443,0.5516815849,0.0119923747,1.4602961249,1,1,1,1,1,1,1,1,1,1,1,1,12,0.0833333333,0.1460615779,0.028411,0.480473,0.2448648116
510055,0.8284583948,0.9901743784,0.589078271,-1.255526559,-1.211678335,-1.138829195,,0.1916846219,,-1.707153563,0.3793637201,-0.501309043,1,1,1,1,1,1,0,1,0,1,1,1,10,0.1,-0.283573731,0.028411,0.480473,-0.649327027
510058,-0.202760816,0.9901743784,-1.615666449,-0.091583909,-0.987247599,-2.875403742,1.107910735,-0.523864934,,-0.475061664,0.3793637201,0.8064277357,1,1,1,1,1,1,1,1,0,1,1,1,11,0.0909090909,-0.317064777,0.028411,0.480473,-0.719031307
51005F,-0.138309616,0.2811269268,,,,0.1636017162,,0.3347945331,,,,-1.452390336,1,1,0,0,0,1,0,1,0,0,0,1,5,0.2,-0.162235355,0.028411,0.480473,-0.396787761
510062,-0.034196138,0.4992953735,-0.322498873,,-1.099462967,-1.138829195,,0.4779044444,,,0.3793637201,-0.025768396,1,1,1,0,1,1,0,1,0,0,1,1,8,0.125,-0.158024004,0.028411,0.480473,-0.388022755
510070,-0.520059035,-0.646088971,-2.29404944,2.0035128624,-0.781519425,0.5977453531,,0.5494594,0.8103539846,0.5516815849,0.9304207382,-1.987373564,1,1,1,1,1,1,0,1,1,1,1,1,11,0.0909090909,-0.071446956,0.028411,0.480473,-0.207831584
510072,-0.45065005,1.0992586017,0.1650889017,,0.2097163225,-1.138829195,-2.761621057,0.6210143556,,,-1.090121662,,1,1,1,0,1,1,1,1,0,0,1,0,8,0.125,-0.418267973,0.028411,0.480473,-0.929663603
510086,-0.465523404,-1.409678535,0.5042803971,,-0.332657955,,,,,,,,1,1,1,0,1,0,0,0,0,0,0,0,4,0.25,-0.425894874,0.028411,0.480473,-0.945537329
510091,1.666324004,0.0084163685,,,,,,0.6210143556,,,,,1,1,0,0,0,0,0,1,0,0,0,0,3,0.3333333333,0.765251576,0.028411,0.480473,1.5335732376
510093,-0.52501682,0.9901743784,1.2250623248,,1.8555417149,1.03188899,,,,,,,1,1,1,0,1,1,0,0,0,0,0,0,5,0.2,0.9155301176,0.028411,0.480473,1.8463451225
511300,-0.351494357,1.1538007134,0.4194825233,,0.9578187736,0.5977453531,,,,,,,1,1,1,0,1,1,0,0,0,0,0,0,5,0.2,0.5554706013,0.028411,0.480473,1.0969600647
511301,,1.1538007134,-0.110504188,,1.7246237859,,,,,,,,0,1,1,0,1,0,0,0,0,0,0,0,3,0.3333333333,0.9226401037,0.028411,0.480473,1.861143002
511303,,0.9356322668,0.7374745502,,1.593705857,1.03188899,,,,,,,0,1,1,0,1,1,0,0,0,0,0,0,4,0.25,1.074675416,0.028411,0.480473,2.1775712205
511304,-0.480396758,-0.755173195,-0.131703657,,1.0700341412,1.03188899,,,,,,,1,1,1,0,1,1,0,0,0,0,0,0,5,0.2,0.1469299043,0.028411,0.480473,0.2466720429
511306,,1.0447164901,-1.446070701,2.0035128624,,-0.270541921,,0.6210143556,,,0.3793637201,,0,1,1,1,0,1,0,1,0,0,1,0,6,0.1666666667,0.388665801,0.028411,0.480473,0.7497923902
511307,-0.262254233,1.0992586017,0.8010729556,,1.7620289085,,,,,,0.0119923747,,1,1,1,0,1,0,0,0,0,0,1,0,5,0.2,0.6824197216,0.028411,0.480473,1.3611768664
511308,-0.341578787,1.0992586017,-0.979682395,,,,,,,,-0.171693298,0.2714445081,1,1,1,0,0,0,0,0,0,0,1,1,5,0.2,-0.024450274,0.028411,0.480473,-0.11001828
511309,-0.386198849,0.6629217084,-0.004506846,,0.920413651,1.03188899,,-4.745607316,,,-0.539064643,,1,1,1,0,1,1,0,1,0,0,1,0,7,0.1428571429,-0.437164758,0.028411,0.480473,-0.968993125
511310,0.2831020811,0.9901743784,-2.145653161,,0.4902547416,0.5977453531,,,,,-0.722750316,,1,1,1,0,1,1,0,0,0,0,1,0,6,0.1666666667,-0.084521154,0.028411,0.480473,-0.235042665
511311,-0.371325495,0.3356690385,0.2922857125,,1.0887367025,1.03188899,,-0.094535201,,,-2.559607043,,1,1,1,0,1,1,0,1,0,0,1,0,7,0.1428571429,-0.039555328,0.028411,0.480473,-0.141456142
511312,-0.520059035,1.0992586017,0.8010729556,,0.8269008446,0.5977453531,,,,,0.5630493928,0.9847554782,1,1,1,0,1,1,0,0,0,0,1,1,7,0.1428571429,0.6218176558,0.028411,0.480473,1.2350469337
511313,,1.0992586017,0.271086244,0.8977673444,-0.070822097,0.5977453531,,,,,0.9304207382,,0,1,1,1,1,1,0,0,0,0,1,0,6,0.1666666667,0.6209093641,0.028411,0.480473,1.2331565234
511314,,0.9356322668,0.5042803971,,1.2009520702,,,,,,,,0,1,1,0,1,0,0,0,0,0,0,0,3,0.3333333333,0.8802882447,0.028411,0.480473,1.7729968793
511315,,0.9901743784,-0.068105251,1.072358742,0.714685477,0.5977453531,-1.349764863,0.0485747107,,,-1.457493007,-1.74960324,0,1,1,1,1,1,1,1,0,0,1,1,9,0.1111111111,-0.133491967,0.028411,0.480473,-0.336964691
511316,,0.9356322668,0.4618814602,,1.0326290187,,,,,,0.1956780474,,0,1,1,0,1,0,0,0,0,0,1,0,4,0.25,0.6564551983,0.028411,0.480473,1.3071373953
511317,-0.202760816,1.1538007134,-0.301299404,,-0.070822097,-0.270541921,,-2.312738825,,,0.1956780474,-0.917407109,1,1,1,0,1,1,0,1,0,0,1,1,8,0.125,-0.340761426,0.028411,0.480473,-0.768350695
511318,,-0.646088971,1.0554665771,,,,,,,,0.5630493928,,0,1,1,0,0,0,0,0,0,0,1,0,3,0.3333333333,0.3241423328,0.028411,0.480473,0.6155009169
511319,-0.296958725,1.2083428251,0.4830809287,,-0.089524658,0.1636017162,-0.147072549,-0.881639712,,0.5516815849,-0.906435989,-0.798521947,1,1,1,0,1,1,1,1,0,1,1,1,10,0.1,-0.071344653,0.028411,0.480473,-0.207618662
511320,,1.0447164901,-0.280099936,,0.3032291289,0.5977453531,,-0.022980245,,,0.1956780474,,0,1,1,0,1,1,0,1,0,0,1,0,6,0.1666666667,0.3063814731,0.028411,0.480473,0.5785355756
511321,-0.415945557,1.0447164901,-0.470895152,2.0035128624,0.3406342514,-0.270541921,,0.6210143556,,-1.707153563,1.6651634291,-1.571275498,1,1,1,1,1,1,0,1,0,1,1,1,10,0.1,0.1239229697,0.028411,0.480473,0.1987881452
511322,,,0.2286873071,0.0248103565,,,0.7418739439,,,,,,0,0,1,1,0,0,1,0,0,0,0,0,3,0.3333333333,0.3317905358,0.028411,0.480473,0.6314189771
520002,-0.058985061,0.3356690385,0.4406819917,-0.033386776,0.4528496191,0.5977453531,,0.2632395775,,-1.296456264,0.9304207382,0.330887089,1,1,1,1,1,1,0,1,0,1,1,1,10,0.1,0.1962665306,0.028411,0.480473,0.3493554296
520004,0.8829940262,-0.046125743,0.2498867756,1.1305558745,0.714685477,0.5977453531,1.107910735,-0.094535201,,0.5516815849,-0.171693298,0.0931167656,1,1,1,1,1,1,1,1,0,1,1,1,11,0.0909090909,0.4560202136,0.028411,0.480473,0.8899758547
520008,-0.009407214,1.0447164901,0.6102777394,0.083007489,0.1910137612,1.03188899,-1.506637773,0.6210143556,-0.02343362,-0.269713014,-0.355378971,0.8064277357,1,1,1,1,1,1,1,1,1,1,1,1,12,0.0833333333,0.185314664,0.028411,0.480473,0.3265615169
520009,-0.445692265,,-0.174102594,0.083007489,0.4154444965,0.5977453531,0.1143823019,0.6210143556,,0.5516815849,0.5630493928,0.6280999932,1,0,1,1,1,1,1,1,0,1,1,1,10,0.1,0.2954630108,0.028411,0.480473,0.5558111867
520011,-0.386198849,0.6083795968,-0.152903125,0.2575988866,0.1910137612,0.1636017162,,0.6210143556,,0.5516815849,0.5630493928,1.2225258016,1,1,1,1,1,1,0,1,0,1,1,1,10,0.1,0.3639763121,0.028411,0.480473,0.6984066242
520019,0.0054661396,0.1720427035,-0.068105251,-0.440766704,0.2845265676,-0.270541921,,0.4779044444,,0.5516815849,0.7467350655,1.1036406399,1,1,1,1,1,1,0,1,0,1,1,1,10,0.1,0.256258327,0.028411,0.480473,0.4742152201
520021,-0.455607835,0.7174638201,-0.004506846,-0.440766704,-0.295252832,-0.704685558,,0.1916846219,-0.829428304,-0.475061664,-0.355378971,-1.095734851,1,1,1,1,1,1,0,1,1,1,1,1,11,0.0909090909,-0.340661375,0.028411,0.480473,-0.76814246
520028,-0.366367711,0.6083795968,0.037892091,0.3157960191,0.4154444965,0.5977453531,-0.669982251,0.1916846219,0.6574929238,-0.269713014,-0.355378971,-0.263538719,1,1,1,1,1,1,1,1,1,1,1,1,12,0.0833333333,0.0749545364,0.028411,0.480473,0.0968710715
52002F,0.0996640483,0.0629584801,,,,,,,,,,,1,1,0,0,0,0,0,0,0,0,0,0,2,0.5,0.0813112642,0.028411,0.480473,0.110101209
520030,0.1690730337,0.2811269268,-0.131703657,0.9559644769,0.3219316902,-0.270541921,1.5262384964,0.4779044444,,-0.064364365,0.7467350655,0.0931167656,1,1,1,1,1,1,1,1,0,1,1,1,11,0.0909090909,0.3732255416,0.028411,0.480473,0.7176568705
520033,0.0649595557,0.1175005918,0.3982830548,0.6649788143,-1.380001386,-0.704685558,0.2189642422,0.2632395775,,0.1409842852,1.1141064109,1.1036406399,1,1,1,1,1,1,1,1,0,1,1,1,11,0.0909090909,0.1819972935,0.028411,0.480473,0.3196571364
520034,-0.410987773,0.4447532618,-1.000881864,-1.197329427,0.8269008446,0.1636017162,-0.61769128,0.6210143556,,-0.064364365,0.7467350655,1.3414109632,1,1,1,1,1,1,1,1,0,1,1,1,11,0.0909090909,0.0775601363,0.028411,0.480473,0.1022940573
520035,-0.460565619,0.8810901551,-0.046905783,,-0.463575883,0.1636017162,0.480419093,0.4779044444,,-0.064364365,0.1956780474,1.1036406399,1,1,1,0,1,1,1,1,0,1,1,1,10,0.1,0.2266922446,0.028411,0.480473,0.4126798922
520037,-0.406029988,0.4992953735,0.2498867756,-0.149781041,-0.426170761,0.5977453531,,0.5494594,,-2.117850863,0.5630493928,1.2225258016,1,1,1,1,1,1,0,1,0,1,1,1,10,0.1,0.0582129443,0.028411,0.480473,0.0620271128
520038,-0.445692265,0.4992953735,-1.530868575,-0.557160969,0.7520905995,0.5977453531,,0.4063494887,,,0.3793637201,1.4008535441,1,1,1,1,1,1,0,1,0,0,1,1,9,0.1111111111,0.1668862522,0.028411,0.480473,0.288206812
52003F,0.4169622672,0.6629217084,,,0.4341470578,0.1636017162,,0.4779044444,,,,-2.284586468,1,1,0,0,1,1,0,1,0,0,0,1,6,0.1666666667,-0.021508212,0.028411,0.480473,-0.103895022
520041,0.3029332198,-0.318836301,0.4194825233,,0.1349060774,0.1636017162,-1.402055833,0.6210143556,,,0.1956780474,1.1630832207,1,1,1,0,1,1,1,1,0,0,1,1,9,0.1111111111,0.1422007806,0.028411,0.480473,0.2368294072
520044,-0.410987773,0.6629217084,0.7162750817,,-0.070822097,0.5977453531,0.8464558842,0.4063494887,,0.5516815849,0.0119923747,-1.03629227,1,1,1,0,1,1,1,1,0,1,1,1,10,0.1,0.2275319336,0.028411,0.480473,0.4144275212
520045,-0.326705433,0.9356322668,0.7374745502,,0.1536086387,-0.704685558,0.1143823019,-0.094535201,,0.1409842852,0.3793637201,0.0931167656,1,1,1,0,1,1,1,1,0,1,1,1,10,0.1,0.1428636337,0.028411,0.480473,0.2382089907
520049,0.3921733439,0.1175005918,-0.258900467,0.1994017541,0.041393271,0.1636017162,,0.5494594,,-0.680410314,0.7467350655,0.687542574,1,1,1,1,1,1,0,1,0,1,1,1,10,0.1,0.1958496935,0.028411,0.480473,0.3484878743
52004F,0.5161179606,0.6629217084,,,,1.03188899,,0.3347945331,,,,-1.927930983,1,1,0,0,0,1,0,1,0,0,0,1,5,0.2,0.1235584418,0.028411,0.480473,0.1980294602
520051,-0.470481189,,-0.343698341,-1.430117957,-0.033416974,0.5977453531,0.5850010334,0.4779044444,,-0.269713014,0.5630493928,-0.204096139,1,0,1,1,1,1,1,1,0,1,1,1,10,0.1,-0.052782339,0.028411,0.480473,-0.16898527
520057,-0.410987773,0.4992953735,0.3770835864,1.0141616094,0.9391162123,1.03188899,1.2647836455,0.6210143556,,0.5516815849,0.9304207382,-0.3229813,1,1,1,1,1,1,1,1,0,1,1,1,11,0.0909090909,0.5904979112,0.028411,0.480473,1.1698617419
520059,-0.425861127,0.6083795968,-1.064480269,-2.070286414,-0.332657955,0.1636017162,0.1143823019,0.5494594,,,-0.539064643,1.3414109632,1,1,1,1,1,1,1,1,0,0,1,1,10,0.1,-0.165511643,0.028411,0.480473,-0.403606637
520062,-0.1432674,1.1538007134,0.4618814602,-0.382569571,0.2284188838,1.03188899,,0.0485747107,,0.5516815849,0.1956780474,0.3903296698,1,1,1,1,1,1,0,1,0,1,1,1,10,0.1,0.3536417088,0.028411,0.480473,0.67689741
520063,-0.500227897,0.8265480434,0.3770835864,0.1412046215,-0.669304058,-0.270541921,0.5850010334,0.6210143556,,-0.680410314,0.5630493928,-0.501309043,1,1,1,1,1,1,1,1,0,1,1,1,11,0.0909090909,0.0447370728,0.028411,0.480473,0.0339800365
520066,3.0098836494,0.1175005918,1.0554665771,-0.731752366,0.0787983936,0.1636017162,1.0033287947,0.6210143556,,0.5516815849,-0.539064643,-0.620194204,1,1,1,1,1,1,1,1,0,1,1,1,11,0.0909090909,0.428205859,0.028411,0.480473,0.8320863647
520070,0.8383739641,-0.100667855,-0.258900467,0.4321902842,-0.388765638,0.5977453531,0.3235461825,0.5494594,,0.5516815849,0.3793637201,0.2120019273,1,1,1,1,1,1,1,1,0,1,1,1,11,0.0909090909,0.285093496,0.028411,0.480473,0.5342293116
520071,0.2731865118,1.0447164901,0.3558841179,0.3739931517,0.4902547416,1.03188899,0.6372920035,0.6210143556,,0.5516815849,0.5630493928,1.1036406399,1,1,1,1,1,1,1,1,0,1,1,1,11,0.0909090909,0.64060018,0.028411,0.480473,1.2741386458
520075,-0.415945557,0.7174638201,-0.513294089,0.8395702119,0.7894957221,1.03188899,,-0.022980245,,0.5516815849,0.0119923747,-0.501309043,1,1,1,1,1,1,0,1,0,1,1,1,10,0.1,0.2488563769,0.028411,0.480473,0.4588096816
520076,-0.391156634,0.2811269268,0.3558841179,,-0.426170761,0.5977453531,,0.5494594,,-0.885758964,0.3793637201,0.2120019273,1,1,1,0,1,1,0,1,0,1,1,1,9,0.1111111111,0.0747216762,0.028411,0.480473,0.0963864242
520078,-0.440734481,,-0.91608399,,0.7333880382,0.5977453531,,0.5494594,,,-0.171693298,0.330887089,1,0,1,0,1,1,0,1,0,0,1,1,7,0.1428571429,0.0975668731,0.028411,0.480473,0.1439337001
520083,-0.371325495,0.3902111501,1.140264451,0.083007489,-0.594493812,0.5977453531,,,,-3.144594112,-0.171693298,-0.144653558,1,1,1,1,1,1,0,0,0,1,1,1,9,0.1111111111,-0.246170204,0.028411,0.480473,-0.571479773
520087,0.1591574644,-0.046125743,0.5254798656,0.5485845492,0.0226907097,0.5977453531,-0.51310934,0.1916846219,0.4490460227,0.3463329351,0.7467350655,0.1525593464,1,1,1,1,1,1,1,1,1,1,1,1,12,0.0833333333,0.2650650709,0.028411,0.480473,0.4925445295
520088,-0.316789864,0.8265480434,0.1650889017,0.8395702119,-0.276550271,0.5977453531,1.0033287947,0.4779044444,1.1716619464,-0.064364365,0.3793637201,0.0931167656,1,1,1,1,1,1,1,1,1,1,1,1,12,0.0833333333,0.4080519735,0.028411,0.480473,0.7901404642
520089,-0.410987773,-1.300594311,0.9706687033,1.1305558745,0.2845265676,0.1636017162,-0.826855161,0.4779044444,,0.5516815849,0.1956780474,-0.501309043,1,1,1,1,1,1,1,1,0,1,1,1,11,0.0909090909,0.0668064227,0.028411,0.480473,0.0799125568
520091,-0.06890063,0.0084163685,-0.152903125,,-0.108227219,0.5977453531,-0.094781579,0.3347945331,,,-0.355378971,0.2120019273,1,1,1,0,1,1,1,1,0,0,1,1,9,0.1111111111,0.0414185175,0.028411,0.480473,0.0270731901
520095,1.4531392632,1.0992586017,-0.746488242,-0.498963836,0.0039881484,1.03188899,,0.6210143556,,-0.064364365,0.1956780474,0.687542574,1,1,1,1,1,1,0,1,0,1,1,1,10,0.1,0.3782693537,0.028411,0.480473,0.7281544613
520096,-0.460565619,,-0.428496215,-0.266175306,0.4341470578,0.5977453531,1.3170746157,0.4063494887,,0.5516815849,0.5630493928,0.0931167656,1,0,1,1,1,1,1,1,0,1,1,1,10,0.1,0.2807927118,0.028411,0.480473,0.525278171
520097,-0.420903342,0.6083795968,-0.046905783,-0.440766704,1.0139264574,1.03188899,,0.6210143556,,,-0.171693298,-0.382423881,1,1,1,1,1,1,0,1,0,0,1,1,9,0.1111111111,0.2013907102,0.028411,0.480473,0.3600202876
520098,0.3128487891,0.9356322668,0.4194825233,-0.266175306,-1.174273212,0.5977453531,0.3235461825,0.1916846219,-0.00953716,,0.0119923747,-0.798521947,1,1,1,1,1,1,1,1,1,0,1,1,11,0.0909090909,0.0494931351,0.028411,0.480473,0.043878739
520100,2.2463848103,0.5538374851,0.1650889017,-1.546512222,0.3032291289,0.5977453531,1.2124926754,0.6210143556,,0.5516815849,0.5630493928,-0.3229813,1,1,1,1,1,1,1,1,0,1,1,1,11,0.0909090909,0.4495481969,0.028411,0.480473,0.8765057687
520102,-0.445692265,0.5538374851,-0.110504188,-1.022738029,0.2284188838,0.5977453531,0.480419093,0.6210143556,,-0.475061664,0.5630493928,1.4602961249,1,1,1,1,1,1,1,1,0,1,1,1,11,0.0909090909,0.2227985947,0.028411,0.480473,0.4045761124
520103,-0.495270112,0.8265480434,0.9494692348,-1.022738029,-1.267786018,-0.704685558,0.5850010334,-0.59541989,,0.5516815849,0.1956780474,-0.3229813,1,1,1,1,1,1,1,1,0,1,1,1,11,0.0909090909,-0.118227542,0.028411,0.480473,-0.305195133
520107,-0.490312327,0.8265480434,-0.195302062,-2.186680679,0.4528496191,0.5977453531,,0.5494594,,,-0.722750316,-1.274062594,1,1,1,1,1,1,0,1,0,0,1,1,9,0.1111111111,-0.271389507,0.028411,0.480473,-0.623968232
520109,-0.182929678,-0.155209967,-0.534493558,0.1994017541,0.6024701093,0.1636017162,,0.6210143556,-1.107357505,0.5516815849,0.0119923747,-0.97684969,1,1,1,1,1,1,0,1,1,1,1,1,11,0.0909090909,-0.073334409,0.028411,0.480473,-0.211759905
520113,-0.495270112,0.7174638201,0.1862883702,0.2575988866,0.3967419353,0.5977453531,0.6372920035,0.6210143556,,0.5516815849,0.5630493928,0.687542574,1,1,1,1,1,1,1,1,0,1,1,1,11,0.0909090909,0.4291952876,0.028411,0.480473,0.8341456438
520116,-0.133351831,-0.318836301,0.1650889017,0.6649788143,0.6398752319,1.03188899,,0.6210143556,,0.5516815849,0.3793637201,-0.025768396,1,1,1,1,1,1,0,1,0,1,1,1,10,0.1,0.357593507,0.028411,0.480473,0.6851222127
520136,-0.455607835,,-0.449695684,0.1412046215,0.6959829157,0.5977453531,0.7418739439,0.3347945331,0.310081422,0.5516815849,0.1956780474,0.330887089,1,0,1,1,1,1,1,1,1,1,1,1,11,0.0909090909,0.2722387266,0.028411,0.480473,0.5074749234
520138,-0.470481189,0.9901743784,-0.237700999,-0.149781041,-0.295252832,-2.007116468,0.794164914,0.4779044444,,0.5516815849,-0.539064643,0.9253128974,1,1,1,1,1,1,1,1,0,1,1,1,11,0.0909090909,0.0036219133,0.028411,0.480473,-0.051592167
520139,-0.465523404,0.8810901551,-1.234076017,-0.906343764,-0.70670918,-0.704685558,,0.5494594,,0.1409842852,0.5630493928,1.2225258016,1,1,1,1,1,1,0,1,0,1,1,1,10,0.1,-0.066022889,0.028411,0.480473,-0.196542576
520160,-0.425861127,0.8810901551,0.9282697664,0.6649788143,0.1536086387,-1.138829195,-0.303945459,0.6210143556,,0.5516815849,0.3793637201,-0.3229813,1,1,1,1,1,1,1,1,0,1,1,1,11,0.0909090909,0.1807627231,0.028411,0.480473,0.3170876484
520177,-0.510143466,0.9901743784,0.2498867756,0.2575988866,-1.716647489,-1.138829195,,0.4063494887,0.0182557606,0.3463329351,0.5630493928,-1.03629227,1,1,1,1,1,1,0,1,1,1,1,1,11,0.0909090909,-0.142751346,0.028411,0.480473,-0.356236061
520189,-0.406029988,0.8810901551,-0.131703657,-2.535863475,-0.4074682,0.1636017162,0.0098003615,-0.022980245,,-0.064364365,0.1956780474,0.9847554782,1,1,1,1,1,1,1,1,0,1,1,1,11,0.0909090909,-0.121225834,0.028411,0.480473,-0.31143542
520193,-0.465523404,0.9356322668,-1.255275485,0.4903874167,0.2658240063,0.5977453531,,0.4779044444,0.5880106234,0.5516815849,0.1956780474,1.5197387057,1,1,1,1,1,1,0,1,1,1,1,1,11,0.0909090909,0.3547094145,0.028411,0.480473,0.6791196056
520194,-0.505185681,-0.482462636,,,,,,,,,-0.539064643,,1,1,0,0,0,0,0,0,0,0,1,0,3,0.3333333333,-0.50890432,0.028411,0.480473,-1.118303319
520196,-0.346536572,0.5538374851,,,,,,0.5494594,,,0.3793637201,,1,1,0,0,0,0,0,1,0,0,1,0,4,0.25,0.2840310083,0.028411,0.480473,0.5320179762
520198,-0.435776696,0.6083795968,-0.619291431,-0.382569571,0.4902547416,0.5977453531,-1.349764863,0.4779044444,-0.204087601,-0.680410314,-0.355378971,0.8064277357,1,1,1,1,1,1,1,1,1,1,1,1,12,0.0833333333,-0.087213965,0.028411,0.480473,-0.240647161
520202,-0.460565619,0.6083795968,-0.322498873,1.188753007,0.3967419353,0.5977453531,,,,-2.939245463,0.9304207382,0.0931167656,1,1,1,1,1,1,0,0,0,1,1,1,9,0.1111111111,0.0103163824,0.028411,0.480473,-0.037659095
520205,-0.52501682,,,,,,,,,,-0.722750316,,1,0,0,0,0,0,0,0,0,0,1,0,2,0.5,-0.623883568,0.028411,0.480473,-1.357607451
520206,-0.475438973,0.6629217084,-1.085679738,-0.324372439,0.4902547416,1.03188899,0.6372920035,0.5494594,,0.5516815849,-0.171693298,1.044198059,1,1,1,1,1,1,1,1,0,1,1,1,11,0.0909090909,0.2645920036,0.028411,0.480473,0.4915599436
520207,-0.480396758,0.8265480434,-0.195302062,-0.557160969,-0.108227219,0.1636017162,0.6372920035,0.5494594,,-0.885758964,0.0119923747,0.5092148315,1,1,1,1,1,1,1,1,0,1,1,1,11,0.0909090909,0.0428420361,0.028411,0.480473,0.0300359324
520208,-0.361409926,0.1720427035,1.2250623248,,0.583767548,1.03188899,0.3758371527,0.4779044444,,-0.064364365,0.3793637201,-0.382423881,1,1,1,0,1,1,1,1,0,1,1,1,10,0.1,0.3437668712,0.028411,0.480473,0.6563450972
520210,-0.440734481,0.6083795968,0.1226899648,0.1994017541,-0.033416974,0.5977453531,,0.4779044444,,-1.707153563,0.3793637201,0.2120019273,1,1,1,1,1,1,0,1,0,1,1,1,10,0.1,0.0416181742,0.028411,0.480473,0.0274887318
520212,-0.465523404,0.7720059318,-0.979682395,-0.033386776,-0.164334903,0.5977453531,,0.2632395775,,-0.885758964,0.9304207382,0.5092148315,1,1,1,1,1,1,0,1,0,1,1,1,10,0.1,0.054393999,0.028411,0.480473,0.0540788141
520213,-0.52501682,-0.318836301,0.7162750817,,0.7707931608,1.03188899,,,,,-0.171693298,-0.97684969,1,1,1,0,1,1,0,0,0,0,1,1,7,0.1428571429,0.0752230176,0.028411,0.480473,0.0974298565
520214,-0.510143466,,1.2250623248,,1.6311109795,0.5977453531,,,,,-0.355378971,-0.382423881,1,0,1,0,1,1,0,0,0,0,1,1,6,0.1666666667,0.3676620566,0.028411,0.480473,0.7060776944
520215,-0.455607835,0.2811269268,-0.068105251,,-0.239145148,,,,,,-2.192235698,0.7469851548,1,1,1,0,1,0,0,0,0,0,1,1,6,0.1666666667,-0.321163642,0.028411,0.480473,-0.727562197
521300,-0.197803032,-0.537004748,0.8010729556,,1.257059754,1.03188899,,,,,-0.355378971,1.044198059,1,1,1,0,1,1,0,0,0,0,1,1,7,0.1428571429,0.4348618583,0.028411,0.480473,0.84593937
521302,0.645020362,0.3356690385,0.037892091,,0.6772803544,0.5977453531,,,,,,,1,1,1,0,1,1,0,0,0,0,0,0,5,0.2,0.4587214398,0.028411,0.480473,0.8955978656
521303,-0.465523404,0.8810901551,1.2250623248,,0.6398752319,0.5977453531,,,,,-1.457493007,,1,1,1,0,1,1,0,0,0,0,1,0,6,0.1666666667,0.2367927756,0.028411,0.480473,0.4337019364
521304,,0.5538374851,0.2922857125,,0.8269008446,,,,,,,1.9358367716,0,1,1,0,1,0,0,0,0,0,0,1,4,0.25,0.9022152035,0.028411,0.480473,1.8186330437
521305,0.8681206721,0.0629584801,0.1650889017,,1.5750032957,0.5977453531,,,,,,,1,1,1,0,1,1,0,0,0,0,0,0,5,0.2,0.6537833406,0.028411,0.480473,1.3015765085
521307,,,-0.068105251,,1.3318699991,1.03188899,,-1.024749624,,,,,0,0,1,0,1,1,0,1,0,0,0,0,4,0.25,0.3177260285,0.028411,0.480473,0.6021467842
521308,0.089748479,-1.355136423,0.5254798656,,1.0139264574,1.03188899,,0.4779044444,,,-1.090121662,1.2819683824,1,1,1,0,1,1,0,1,0,0,1,1,8,0.125,0.2469573167,0.028411,0.480473,0.4548572035
521309,,0.5538374851,0.0590915594,,1.5750032957,,,,,,,,0,1,1,0,1,0,0,0,0,0,0,0,3,0.3333333333,0.7293107801,0.028411,0.480473,1.4587703392
521310,-0.406029988,0.7720059318,-0.91608399,,1.0326290187,0.5977453531,,,,,-2.008550025,2.3519348375,1,1,1,0,1,1,0,0,0,0,1,1,7,0.1428571429,0.203378734,0.028411,0.480473,0.3641579239
521311,0.030255063,-0.700631083,0.3558841179,,0.4528496191,0.5977453531,,0.1201296663,,,-1.64117868,0.5092148315,1,1,1,0,1,1,0,1,0,0,1,1,8,0.125,-0.034466389,0.028411,0.480473,-0.13086463
521312,,1.1538007134,0.9918681717,,1.0700341412,1.03188899,,,,,0.0119923747,,0,1,1,0,1,1,0,0,0,0,1,0,5,0.2,0.8519168782,0.028411,0.480473,1.7139480911
521313,-0.187887462,-1.027883753,-0.661690368,,1.2757623153,0.5977453531,,,,,0.1956780474,1.6386238674,1,1,1,0,1,1,0,0,0,0,1,1,7,0.1428571429,0.2614782856,0.028411,0.480473,0.4850794212
521314,0.4020889132,-0.100667855,0.6102777394,,0.4154444965,-1.138829195,,,,,-0.171693298,,1,1,1,0,1,1,0,0,0,0,1,0,6,0.1666666667,0.0027701336,0.028411,0.480473,-0.05336496
521315,0.3673844205,-0.046125743,0.0166926225,,1.1635469476,0.5977453531,,,,,0.5630493928,,1,1,1,0,1,1,0,0,0,0,1,0,6,0.1666666667,0.4437154989,0.028411,0.480473,0.8643662847
521316,,0.0629584801,,,1.05133158,1.03188899,,,,,0.0119923747,-0.263538719,0,1,0,0,1,1,0,0,0,0,1,1,5,0.2,0.3789265411,0.028411,0.480473,0.7295222528
521317,-0.420903342,,0.8434718925,,1.4253828055,1.03188899,,0.6210143556,,,-0.906435989,0.6280999932,1,0,1,0,1,1,0,1,0,0,1,1,7,0.1428571429,0.4603598151,0.028411,0.480473,0.8990077852
521318,,-0.26429419,-0.152903125,,0.6398752319,1.03188899,,,,,1.2977920836,,0,1,1,0,1,1,0,0,0,0,1,0,5,0.2,0.5104717981,0.028411,0.480473,1.003304907
521319,,0.8810901551,,,1.6311109795,,,,,,,,0,1,0,0,1,0,0,0,0,0,0,0,2,0.5,1.2561005673,0.028411,0.480473,2.5551679549
521320,,0.8810901551,0.7374745502,,1.0326290187,,1.2124926754,,,0.5516815849,0.5630493928,1.1036406399,0,1,1,0,1,0,1,0,0,1,1,1,7,0.1428571429,0.868865431,0.028411,0.480473,1.7492227933
521321,-0.425861127,0.5538374851,-0.428496215,,0.3032291289,1.03188899,,0.4063494887,,,0.5630493928,,1,1,1,0,1,1,0,1,0,0,1,0,7,0.1428571429,0.2862853062,0.028411,0.480473,0.5367098038
521322,,0.7174638201,-0.555693026,,0.2658240063,1.03188899,,-0.380755023,,-1.091107614,-0.171693298,,0,1,1,0,1,1,0,1,0,1,1,0,7,0.1428571429,-0.026296021,0.028411,0.480473,-0.113859797
521323,-0.306874295,0.6083795968,1.2250623248,,0.6772803544,1.03188899,,0.6210143556,,,,,1,1,1,0,1,1,0,1,0,0,0,0,6,0.1666666667,0.6427918878,0.028411,0.480473,1.2787002059
521324,-0.207718601,-0.482462636,-0.36489781,0.8395702119,0.7520905995,0.5977453531,,,,,0.9304207382,0.6280999932,1,1,1,1,1,1,0,0,0,0,1,1,8,0.125,0.336605981,0.028411,0.480473,0.6414412721
521325,-0.311832079,0.8810901551,0.0590915594,,0.4902547416,0.1636017162,,0.2632395775,,,0.5630493928,,1,1,1,0,1,1,0,1,0,0,1,0,7,0.1428571429,0.3012135805,0.028411,0.480473,0.5677797385
521326,-0.460565619,1.0992586017,0.9282697664,,1.4253828055,0.5977453531,,,,,0.5630493928,,1,1,1,0,1,1,0,0,0,0,1,0,6,0.1666666667,0.69219005,0.028411,0.480473,1.3815116661
521327,-0.406029988,0.6083795968,0.2074878387,0.8395702119,0.3219316902,1.03188899,1.5262384964,0.0485747107,,,0.3793637201,,1,1,1,1,1,1,1,1,0,0,1,0,9,0.1111111111,0.506378363,0.028411,0.480473,0.9947853179
521328,-0.485354543,0.7174638201,0.3770835864,,0.8830085285,0.5977453531,,0.4063494887,,,,,1,1,1,0,1,1,0,1,0,0,0,0,6,0.1666666667,0.4160493723,0.028411,0.480473,0.8067852991
521329,-0.45065005,0.9356322668,0.8010729556,,0.8269008446,0.5977453531,,,,,-1.273807334,0.9847554782,1,1,1,0,1,1,0,0,0,0,1,1,7,0.1428571429,0.3459499306,0.028411,0.480473,0.6608886574
521330,,0.9356322668,0.3346846494,,-0.033416974,1.03188899,,,,,0.7467350655,0.5686574123,0,1,1,0,1,1,0,0,0,0,1,1,6,0.1666666667,0.5973635683,0.028411,0.480473,1.1841511041
521331,-0.029238353,-0.155209967,0.6526766764,,,,,,,,,,1,1,1,0,0,0,0,0,0,0,0,0,3,0.3333333333,0.1560761189,0.028411,0.480473,0.2657078862
521332,,,0.0590915594,,1.0326290187,0.5977453531,,,,,-0.539064643,,0,0,1,0,1,1,0,0,0,0,1,0,4,0.25,0.2876003219,0.028411,0.480473,0.5394467211
521333,,0.8810901551,-0.110504188,,1.3131674378,,-0.199363519,,,,1.2977920836,1.044198059,0,1,1,0,1,0,1,0,0,0,1,1,6,0.1666666667,0.7043966714,0.028411,0.480473,1.4069170761
521334,-0.435776696,0.8265480434,1.0766660456,,0.9578187736,0.5977453531,,,,,-0.355378971,,1,1,1,0,1,1,0,0,0,0,1,0,6,0.1666666667,0.4446037582,0.028411,0.480473,0.8662150019
521335,0.2533553731,-0.700631083,0.4406819917,1.0141616094,0.6211726706,1.03188899,0.1143823019,-0.380755023,,0.1409842852,1.1141064109,1.4602961249,1,1,1,1,1,1,1,1,0,1,1,1,11,0.0909090909,0.4645130592,0.028411,0.480473,0.9076518535
521336,,1.0447164901,0.4830809287,,0.3967419353,0.5977453531,-0.931437101,0.6210143556,,,1.1141064109,-1.03629227,0,1,1,0,1,1,1,1,0,0,1,1,8,0.125,0.2862095127,0.028411,0.480473,0.5365520562
521337,,0.4992953735,0.5254798656,,0.6211726706,1.03188899,,,-0.787738924,,0.1956780474,,0,1,1,0,1,1,0,0,1,0,1,0,6,0.1666666667,0.3476293372,0.028411,0.480473,0.6643839747
521338,,-0.046125743,0.6950756133,,0.4154444965,,,,,,1.1141064109,,0,1,1,0,1,0,0,0,0,0,1,0,4,0.25,0.5446251944,0.028411,0.480473,1.0743877245
521339,-0.361409926,-0.209752078,0.9282697664,,0.4715521804,0.5977453531,,,,,0.5630493928,1.6386238674,1,1,1,0,1,1,0,0,0,0,1,1,7,0.1428571429,0.5182969366,0.028411,0.480473,1.0195912197
521340,0.7094715627,0.0629584801,0.4194825233,,0.5650649868,0.1636017162,0.794164914,,,,0.0119923747,,1,1,1,0,1,1,1,0,0,0,1,0,7,0.1428571429,0.389533794,0.028411,0.480473,0.7515989276
521341,,,0.5254798656,1.072358742,1.5001930506,,,,,0.5516815849,,0.1525593464,0,0,1,1,1,0,0,0,0,1,0,1,5,0.2,0.7604545179,0.028411,0.480473,1.5235892114
521342,,-0.046125743,,,,,,,,,,,0,1,0,0,0,0,0,0,0,0,0,0,1,1,-0.046125743,0.028411,0.480473,-0.155131023
521343,,1.1538007134,0.822272424,,0.3593368127,1.03188899,,0.4063494887,,,1.2977920836,,0,1,1,0,1,1,0,1,0,0,1,0,6,0.1666666667,0.8452400854,0.028411,0.480473,1.7000518086
521344,,0.2265848151,0.4830809287,,0.9017110897,,,,,,-1.090121662,,0,1,1,0,1,0,0,0,0,0,1,0,4,0.25,0.130313793,0.028411,0.480473,0.2120892447
521345,0.2483975884,-0.864257418,0.9494692348,,0.9765213348,1.03188899,1.0556197649,,,,0.3793637201,0.330887089,1,1,1,0,1,1,1,0,0,0,1,1,8,0.125,0.513486288,0.028411,0.480473,1.0095789078
521346,-0.425861127,0.7720059318,1.0342671087,,1.1261418251,1.03188899,,,,0.5516815849,1.1141064109,,1,1,1,0,1,1,0,0,0,1,1,0,7,0.1428571429,0.7434615321,0.028411,0.480473,1.4882220316
521347,,0.6083795968,0.4194825233,,1.0139264574,1.03188899,,,,0.5516815849,-0.722750316,-0.025768396,0,1,1,0,1,1,0,0,0,1,1,1,7,0.1428571429,0.4109772057,0.028411,0.480473,0.7962286947
521348,,-0.209752078,0.589078271,,0.4528496191,1.03188899,,,,,0.0119923747,1.5791812866,0,1,1,0,1,1,0,0,0,0,1,1,6,0.1666666667,0.5758730772,0.028411,0.480473,1.1394233516
521349,-0.316789864,0.0629584801,0.546679334,,0.9391162123,1.03188899,,,,,-0.171693298,-0.144653558,1,1,1,0,1,1,0,0,0,0,1,1,7,0.1428571429,0.2782151852,0.028411,0.480473,0.5199136137
521350,-0.128394046,-0.209752078,-0.08930472,-1.255526559,0.1723111999,0.5977453531,,,,,0.9304207382,1.8763941908,1,1,1,1,1,1,0,0,0,0,1,1,8,0.125,0.2367367598,0.028411,0.480473,0.4335853518
521351,,,0.4830809287,,0.6398752319,,,,,,0.3793637201,,0,0,1,0,1,0,0,0,0,0,1,0,3,0.3333333333,0.5007732935,0.028411,0.480473,0.983119593
521352,,0.8810901551,0.3558841179,-0.207978174,0.6585777931,1.03188899,,,,0.5516815849,0.5630493928,1.5197387057,0,1,1,1,1,1,0,0,0,1,1,1,8,0.125,0.6692415707,0.028411,0.480473,1.3337494305
521353,,0.5538374851,-0.725288774,,0.6585777931,0.5977453531,,0.2632395775,,,-0.906435989,,0,1,1,0,1,1,0,1,0,0,1,0,6,0.1666666667,0.0736125744,0.028411,0.480473,0.0940780714
521354,,0.1175005918,0.6738761448,,1.1261418251,1.03188899,,,,0.5516815849,0.5630493928,,0,1,1,0,1,1,0,0,0,1,1,0,6,0.1666666667,0.6773564216,0.028411,0.480473,1.3506387159
521355,-0.465523404,-1.191510088,0.7586740187,,0.9952238961,0.5977453531,,,,,0.3793637201,,1,1,1,0,1,1,0,0,0,0,1,0,6,0.1666666667,0.1789955826,0.028411,0.480473,0.3134097323
521356,,-0.318836301,-0.576892494,,1.2009520702,1.03188899,,0.3347945331,,,0.5630493928,,0,1,1,0,1,1,0,1,0,0,1,0,6,0.1666666667,0.3724926984,0.028411,0.480473,0.7161316177
521357,3.2329839596,0.2811269268,1.0554665771,-1.313723692,0.6211726706,0.5977453531,,0.6210143556,,,1.1141064109,-0.382423881,1,1,1,1,1,1,0,1,0,0,1,1,9,0.1111111111,0.6474965201,0.028411,0.480473,1.288491868
521358,,0.9901743784,0.4194825233,-0.033386776,0.2284188838,1.03188899,,0.6210143556,,,-0.171693298,,0,1,1,1,1,1,0,1,0,0,1,0,7,0.1428571429,0.4408427224,0.028411,0.480473,0.8583872294
521359,,-0.209752078,-0.131703657,-0.207978174,0.4528496191,0.5977453531,1.5262384964,-0.380755023,,0.5516815849,0.1956780474,-1.809045821,0,1,1,1,1,1,1,1,0,1,1,1,10,0.1,0.0584958348,0.028411,0.480473,0.0626158874
530002,-0.341578787,-0.155209967,-0.174102594,0.1994017541,-0.014714413,0.1636017162,-1.872674564,-0.953194668,-1.204632726,-0.475061664,-1.64117868,0.2120019273,1,1,1,1,1,1,1,1,1,1,1,1,12,0.0833333333,-0.521445222,0.028411,0.480473,-1.14440446
530006,-0.182929678,-2.064183875,-0.979682395,0.0248103565,1.05133158,1.03188899,,-0.166090156,0.893732745,0.5516815849,-1.090121662,0.4497722506,1,1,1,1,1,1,0,1,1,1,1,1,11,0.0909090909,-0.043617296,0.028411,0.480473,-0.14991024
530008,-0.505185681,-1.191510088,0.2498867756,-0.964540896,0.5089573029,0.1636017162,,-1.024749624,-2.761036254,-0.064364365,0.7467350655,-0.144653558,1,1,1,1,1,1,0,1,1,1,1,1,11,0.0909090909,-0.453350873,0.028411,0.480473,-1.00268098
530011,1.185418891,1.1538007134,0.7162750817,,0.378039374,0.5977453531,0.6372920035,0.4779044444,,0.5516815849,0.0119923747,0.2120019273,1,1,1,0,1,1,1,1,0,1,1,1,10,0.1,0.5922151748,0.028411,0.480473,1.1734358501
530012,0.2781442965,0.9901743784,1.0342671087,,-0.519683567,-1.138829195,,0.6210143556,,-0.475061664,0.1956780474,-1.392947755,1,1,1,0,1,1,0,1,0,1,1,1,9,0.1111111111,-0.045249333,0.028411,0.480473,-0.153306967
530014,0.585526946,1.0992586017,0.0802910279,0.1412046215,-0.818924548,0.1636017162,0.2189642422,,,0.5516815849,0.3793637201,0.8064277357,1,1,1,1,1,1,1,0,0,1,1,1,10,0.1,0.3207395648,0.028411,0.480473,0.6084188003
530015,0.570653592,0.7174638201,0.3346846494,0.1994017541,0.8830085285,1.03188899,,0.6210143556,,0.5516815849,0.0119923747,0.9847554782,1,1,1,1,1,1,0,1,0,1,1,1,10,0.1,0.5906545127,0.028411,0.480473,1.1701876737
530025,-0.098647338,0.4992953735,-0.301299404,0.1994017541,0.378039374,1.03188899,-2.500166206,0.4779044444,,-3.349942762,0.7467350655,1.5197387057,1,1,1,1,1,1,1,1,0,1,1,1,11,0.0909090909,-0.127004728,0.028411,0.480473,-0.323462923
530032,1.230038953,0.1720427035,0.4830809287,,1.05133158,1.03188899,,,,,0.3793637201,2.3519348375,1,1,1,0,1,1,0,0,0,0,1,1,7,0.1428571429,0.9570973875,0.028411,0.480473,1.9328582948
530034,-0.197803032,0.3902111501,,,,,,,,,1.4814777564,,1,1,0,0,0,0,0,0,0,0,1,0,3,0.3333333333,0.5579619582,0.028411,0.480473,1.1021452787
53004F,-0.22754974,0.2811269268,,,,1.03188899,,-0.953194668,,,,-2.522356791,1,1,0,0,0,1,0,1,0,0,0,1,5,0.2,-0.478017056,0.028411,0.480473,-1.054018241
53005F,-0.282085371,-0.209752078,,,,,,,,,,,1,1,0,0,0,0,0,0,0,0,0,0,2,0.5,-0.245918725,0.028411,0.480473,-0.570956375
531301,,,0.5254798656,,1.1261418251,1.03188899,,,,,,,0,0,1,0,1,1,0,0,0,0,0,0,3,0.3333333333,0.8945035602,0.028411,0.480473,1.8025829465
531302,-0.52501682,-1.082425865,-0.386097278,,0.7520905995,,,,,,-0.906435989,,1,1,1,0,1,0,0,0,0,0,1,0,5,0.2,-0.42957707,0.028411,0.480473,-0.953201015
531303,,0.4447532618,-0.152903125,,,,,,,,,,0,1,1,0,0,0,0,0,0,0,0,0,2,0.5,0.1459250683,0.028411,0.480473,0.2445806967
531304,,-0.537004748,0.1226899648,,0.2284188838,1.03188899,,,,,0.0119923747,,0,1,1,0,1,1,0,0,0,0,1,0,5,0.2,0.171597093,0.028411,0.480473,0.2980113959
531305,0.2731865118,0.8265480434,-1.212876548,,0.4341470578,1.03188899,,0.2632395775,,,-0.539064643,,1,1,1,0,1,1,0,1,0,0,1,0,7,0.1428571429,0.1538669984,0.028411,0.480473,0.2611100855
531306,0.2335242344,0.3902111501,-0.152903125,,0.6024701093,1.03188899,,0.4779044444,,,-0.171693298,,1,1,1,0,1,1,0,1,0,0,1,0,7,0.1428571429,0.3444860721,0.028411,0.480473,0.6578419566
531307,0.2632709424,0.9901743784,0.5042803971,,0.2658240063,0.5977453531,,0.4063494887,,0.5516815849,-0.355378971,,1,1,1,0,1,1,0,1,0,1,1,0,8,0.125,0.4029933975,0.028411,0.480473,0.7796121458
531308,0.0550439863,0.2265848151,,,,,,,,,1.2977920836,,1,1,0,0,0,0,0,0,0,0,1,0,3,0.3333333333,0.5264736284,0.028411,0.480473,1.0366092136
531309,-0.430818911,-1.57330487,-0.046905783,,1.4814904893,0.5977453531,,0.2632395775,,,-4.212778098,,1,1,1,0,1,1,0,1,0,0,1,0,7,0.1428571429,-0.56019032,0.028411,0.480473,-1.2250439
531310,,-0.59154686,0.7162750817,,0.5276598642,0.5977453531,,,,,-0.171693298,0.2714445081,0,1,1,0,1,1,0,0,0,0,1,1,6,0.1666666667,0.2249807749,0.028411,0.480473,0.4091178428
531311,1.9142132374,-1.2460522,0.0802910279,,,,,,,,,,1,1,1,0,0,0,0,0,0,0,0,0,3,0.3333333333,0.2494840218,0.028411,0.480473,0.460115987
531312,,-0.537004748,-0.301299404,0.1412046215,0.5089573029,0.5977453531,,,-1.524251307,,-1.090121662,0.1525593464,0,1,1,1,1,1,0,0,1,0,1,1,8,0.125,-0.256526312,0.028411,0.480473,-0.593033746
531313,,0.1720427035,0.6950756133,2.0035128624,0.6398752319,,,,,,-0.539064643,,0,1,1,1,1,0,0,0,0,0,1,0,5,0.2,0.5942883535,0.028411,0.480473,1.1777507177
531314,,,,,1.0700341412,,,,,,,,0,0,0,0,1,0,0,0,0,0,0,0,1,1,1.0700341412,0.028411,0.480473,2.1679114232
531315,,0.0084163685,,,,,,,,,,,0,1,0,0,0,0,0,0,0,0,0,0,1,1,0.0084163685,0.028411,0.480473,-0.041613558
531316,,-0.700631083,0.313485181,,0.7520905995,,,,,,0.0119923747,-1.809045821,0,1,1,0,1,0,0,0,0,0,1,1,5,0.2,-0.28642175,0.028411,0.480473,-0.655254555
650001,4.3534432949,-1.191510088,1.2250623248,,0.1162035161,,,,,0.1409842852,,-2.581799372,1,1,1,0,1,0,0,0,0,1,0,1,6,0.1666666667,0.3437306601,0.028411,0.480473,0.6562697318
660001,,,,,,,,,,,,,0,0,0,0,0,0,0,0,0,0,0,0,0,,,0.028411,0.480473,
670005,-0.510143466,0.7174638201,,,,,,,,,1.4814777564,,1,1,0,0,0,0,0,0,0,0,1,0,3,0.3333333333,0.5629327035,0.028411,0.480473,1.1124907967
670006,-0.52501682,-1.300594311,,,,0.5977453531,,,,,,,1,1,0,0,0,1,0,0,0,0,0,0,3,0.3333333333,-0.409288593,0.028411,0.480473,-0.91097499
670008,0.67476707,0.3356690385,-5.834360673,,0.7520905995,0.5977453531,,0.0485747107,,,-1.090121662,,1,1,1,0,1,1,0,1,0,0,1,0,7,0.1428571429,-0.645090795,0.028411,0.480473,-1.401745651
670010,-0.460565619,-4.19132623,,,,,,,,,,,1,1,0,0,0,0,0,0,0,0,0,0,2,0.5,-2.325945924,0.028411,0.480473,-4.900077625
670023,1.0664320589,1.0447164901,0.7586740187,1.188753007,-0.725411741,-0.270541921,-1.454346803,,,0.5516815849,0.1956780474,0.687542574,1,1,1,1,1,1,1,0,0,1,1,1,10,0.1,0.3043177316,0.028411,0.480473,0.5742403495
670025,-0.52501682,1.0447164901,0.5042803971,-0.207978174,-0.164334903,0.5977453531,,,,,-0.539064643,-0.144653558,1,1,1,1,1,1,0,0,0,0,1,1,8,0.125,0.0707117678,0.028411,0.480473,0.0880406776
670031,4.1997519701,0.3356690385,0.2922857125,,0.7333880382,1.03188899,,0.4063494887,,,0.3793637201,0.4497722506,1,1,1,0,1,1,0,1,0,0,1,1,8,0.125,0.9785586511,0.028411,0.480473,1.9775252166
670034,-0.52501682,0.9356322668,0.0166926225,-0.207978174,-0.370063077,-0.270541921,-0.722273221,0.3347945331,0.4629424828,-0.064364365,-0.171693298,0.0336741848,1,1,1,1,1,1,1,1,1,1,1,1,12,0.0833333333,-0.045682899,0.028411,0.480473,-0.154209339
670041,-0.475438973,,1.0130676402,,-0.500981006,-0.270541921,,-0.523864934,,0.5516815849,-0.722750316,-0.857964528,1,0,1,0,1,1,0,1,0,1,1,1,8,0.125,-0.223349057,0.028411,0.480473,-0.523982552
670043,3.9221160286,-1.791473316,0.4618814602,0.1412046215,0.5276598642,0.1636017162,-0.35623643,0.5494594,,-0.475061664,0.9304207382,-0.263538719,1,1,1,1,1,1,1,1,0,1,1,1,11,0.0909090909,0.3463666999,0.028411,0.480473,0.6617560716
670044,-0.435776696,0.6629217084,-0.449695684,,-0.669304058,-0.704685558,0.2189642422,-0.309200067,,-0.269713014,0.0119923747,0.5092148315,1,1,1,0,1,1,1,1,0,1,1,1,10,0.1,-0.143528192,0.028411,0.480473,-0.357852897
670047,1.7010284966,0.4447532618,0.7798734871,,-0.145632342,-0.704685558,,0.5494594,,-1.912502213,1.1141064109,-1.03629227,1,1,1,0,1,1,0,1,0,1,1,1,9,0.1111111111,0.0877898526,0.028411,0.480473,0.1235849723
670049,-0.465523404,0.1175005918,,,0.583767548,1.03188899,,0.3347945331,-1.468665467,,-1.273807334,,1,1,0,0,1,1,0,1,1,0,1,0,7,0.1428571429,-0.162863506,0.028411,0.480473,-0.39809512
670053,-0.455607835,-0.646088971,-0.046905783,,0.0787983936,1.03188899,,-2.88517847,,0.3463329351,0.5630493928,0.0336741848,1,1,1,0,1,1,0,1,0,1,1,1,9,0.1111111111,-0.220004129,0.028411,0.480473,-0.517020818
670054,-0.52501682,0.2265848151,,,,1.03188899,,,,,,,1,1,0,0,0,1,0,0,0,0,0,0,3,0.3333333333,0.2444856617,0.028411,0.480473,0.4497129946
670055,-0.410987773,-2.009641763,1.0766660456,1.072358742,-0.818924548,1.03188899,,-2.38429378,,0.5516815849,-0.539064643,-0.441866462,1,1,1,1,1,1,0,1,0,1,1,1,10,0.1,-0.287218361,0.028411,0.480473,-0.656912526
670056,-0.520059035,,1.0978655141,0.3739931517,-0.725411741,0.1636017162,-0.46081837,0.4063494887,,0.5516815849,0.5630493928,-0.263538719,1,0,1,1,1,1,1,1,0,1,1,1,10,0.1,0.1186712982,0.028411,0.480473,0.1878579407
670059,-0.460565619,0.8810901551,-1.255275485,-2.186680679,0.6398752319,1.03188899,,,,,-0.171693298,,1,1,1,1,1,1,0,0,0,0,1,0,7,0.1428571429,-0.217337244,0.028411,0.480473,-0.511470279
670060,-0.52501682,0.2811269268,0.3982830548,,-1.604432121,0.1636017162,-0.4085274,,,,-0.539064643,-0.560751624,1,1,1,0,1,1,1,0,0,0,1,1,8,0.125,-0.349347614,0.028411,0.480473,-0.786220965
670062,-0.490312327,-0.155209967,1.0978655141,,1.3318699991,-0.270541921,0.0098003615,,,,,0.6280999932,1,1,1,0,1,1,1,0,0,0,0,1,7,0.1428571429,0.307367379,0.028411,0.480473,0.580587523
670067,-0.52501682,0.4992953735,,,0.8830085285,1.03188899,,,-1.565940687,,0.1956780474,,1,1,0,0,1,1,0,0,1,0,1,0,6,0.1666666667,0.086485572,0.028411,0.480473,0.1208703977
670068,-0.510143466,0.0084163685,0.1014904963,,-0.332657955,0.5977453531,-1.715801654,0.4779044444,,0.5516815849,-0.171693298,0.0336741848,1,1,1,0,1,1,1,1,0,1,1,1,10,0.1,-0.095938394,0.028411,0.480473,-0.258805151
670069,-0.510143466,-0.046125743,,,1.4253828055,0.5977453531,,,,,,,1,1,0,0,1,1,0,0,0,0,0,0,4,0.25,0.3667147373,0.028411,0.480473,0.7041060568
670071,-0.197803032,0.7720059318,,,,,,,,,0.0119923747,,1,1,0,0,0,0,0,0,0,0,1,0,3,0.3333333333,0.1953984249,0.028411,0.480473,0.3475486575
670073,0.089748479,0.8265480434,,,1.0326290187,0.1636017162,,,,,,,1,1,0,0,1,1,0,0,0,0,0,0,4,0.25,0.5281318143,0.028411,0.480473,1.0400603646
670075,0.4417511906,-1.082425865,0.7162750817,,-0.781519425,1.03188899,,-3.028288381,,-0.269713014,0.3793637201,0.1525593464,1,1,1,0,1,1,0,1,0,1,1,1,9,0.1111111111,-0.271123151,0.028411,0.480473,-0.62341387
670076,-0.480396758,0.2265848151,-5.113578745,-0.266175306,0.4528496191,-0.270541921,,-0.022980245,,,0.7467350655,,1,1,1,1,1,1,0,1,0,0,1,0,8,0.125,-0.590937934,0.028411,0.480473,-1.289038327
670077,-0.37628328,0.9356322668,-1.128078674,0.0248103565,-1.679242366,0.1636017162,-0.35623643,-1.024749624,-0.03733008,0.5516815849,0.9304207382,0.9253128974,1,1,1,1,1,1,1,1,1,1,1,1,12,0.0833333333,-0.089205074,0.028411,0.480473,-0.24479122
670078,-0.495270112,0.2265848151,1.1614639194,,0.7707931608,-0.270541921,-0.4085274,,,,,0.5092148315,1,1,1,0,1,1,1,0,0,0,0,1,7,0.1428571429,0.2133881849,0.028411,0.480473,0.3849904046
670080,-0.52501682,1.0447164901,-0.36489781,,-0.762816864,-2.007116468,-1.088310012,0.6210143556,,-0.269713014,1.2977920836,-0.025768396,1,1,1,0,1,1,1,1,0,1,1,1,10,0.1,-0.208011646,0.028411,0.480473,-0.492061088
670082,-0.52501682,0.9356322668,0.8434718925,,-1.062057844,0.1636017162,1.5262384964,0.0485747107,,0.5516815849,0.5630493928,1.5197387057,1,1,1,0,1,1,1,1,0,1,1,1,10,0.1,0.4564914102,0.028411,0.480473,0.8909565471
670085,-0.45065005,0.9356322668,0.864671361,,-0.837627109,-0.270541921,-0.56540031,0.6210143556,,0.5516815849,1.1141064109,0.2714445081,1,1,1,0,1,1,1,1,0,1,1,1,10,0.1,0.2234331097,0.028411,0.480473,0.4058967166
670088,-0.52501682,0.9901743784,-1.106879206,0.3157960191,-1.249083457,-1.138829195,0.1143823019,0.6210143556,0.4351495627,0.5516815849,0.9304207382,-0.144653558,1,1,1,1,1,1,1,1,1,1,1,1,12,0.0833333333,-0.017153608,0.028411,0.480473,-0.094831866
670090,4.0708495687,,,,0.6211726706,-0.704685558,,0.6210143556,,,,,1,0,0,0,1,1,0,1,0,0,0,0,4,0.25,1.1520877593,0.028411,0.480473,2.3386880658
670093,2.9454324487,,-5.155977682,,,,,,-0.468120342,,,,1,0,1,0,0,0,0,0,1,0,0,0,3,0.3333333333,-0.892888525,0.028411,0.480473,-1.917482378
670098,-0.465523404,-1.300594311,-1.170477611,,0.4528496191,0.1636017162,0.7418739439,-1.310969446,,0.5516815849,0.7467350655,0.2714445081,1,1,1,0,1,1,1,1,0,1,1,1,10,0.1,-0.131937834,0.028411,0.480473,-0.333730103
670102,-0.52501682,-1.791473316,-2.84523562,,,0.1636017162,,-2.098073958,,,0.1956780474,,1,1,1,0,0,1,0,1,0,0,1,0,6,0.1666666667,-1.150086658,0.028411,0.480473,-2.452783986
670103,-0.410987773,-2.009641763,1.0978655141,,1.1635469476,0.5977453531,0.480419093,0.6210143556,,0.5516815849,0.3793637201,1.2225258016,1,1,1,0,1,1,1,1,0,1,1,1,10,0.1,0.3693532834,0.028411,0.480473,0.7095976129
670106,-0.52501682,-0.864257418,-1.000881864,,0.5650649868,0.1636017162,0.1143823019,0.6210143556,,,-1.090121662,0.7469851548,1,1,1,0,1,1,1,1,0,0,1,1,9,0.1111111111,-0.141025472,0.028411,0.480473,-0.352644033
670107,-0.510143466,0.1720427035,1.2250623248,,1.3505725604,-0.270541921,,,,,,,1,1,1,0,1,1,0,0,0,0,0,0,5,0.2,0.3933984404,0.028411,0.480473,0.759642343
670108,-0.52501682,0.6629217084,0.1650889017,-1.313723692,-0.239145148,0.1636017162,0.2189642422,0.5494594,,0.1409842852,0.5630493928,0.4497722506,1,1,1,1,1,1,1,1,0,1,1,1,11,0.0909090909,0.0759960216,0.028411,0.480473,0.099038695
670109,,,,,,,,,,,,,0,0,0,0,0,0,0,0,0,0,0,0,0,,,0.028411,0.480473,
670112,2.385202781,-1.409678535,,,0.3967419353,1.03188899,,,,,,,1,1,0,0,1,1,0,0,0,0,0,0,4,0.25,0.6010387929,0.028411,0.480473,1.1918002795
670120,1.7208596353,0.4447532618,-0.958482927,,-0.201740026,-0.270541921,,0.4779044444,,-1.091107614,0.9304207382,-0.620194204,1,1,1,0,1,1,0,1,0,1,1,1,9,0.1111111111,0.0479857098,0.028411,0.480473,0.0407413631
670122,-0.415945557,1.2083428251,-0.576892494,-1.080935161,-1.211678335,0.1636017162,,0.4779044444,1.2411442468,0.5516815849,0.3793637201,1.3414109632,1,1,1,1,1,1,0,1,1,1,1,1,11,0.0909090909,0.1889089048,0.028411,0.480473,0.3340421422
670124,-0.52501682,0.9356322668,1.2250623248,,1.3692751217,0.5977453531,0.4281281229,,,,,0.1525593464,1,1,1,0,1,1,1,0,0,0,0,1,7,0.1428571429,0.5976265308,0.028411,0.480473,1.184698403
670128,-0.52501682,0.9356322668,0.2498867756,,0.4528496191,0.1636017162,,0.4779044444,,,0.0119923747,0.5686574123,1,1,1,0,1,1,0,1,0,0,1,1,8,0.125,0.2919384736,0.028411,0.480473,0.5484756341
670131,-0.52501682,0.9901743784,0.822272424,,0.9391162123,0.5977453531,,0.5494594,,,0.3793637201,1.1630832207,1,1,1,0,1,1,0,1,0,0,1,1,8,0.125,0.6145247361,0.028411,0.480473,1.2198683179
670132,-0.460565619,0.1720427035,,,0.583767548,0.5977453531,,,,,-0.722750316,2.3519348375,1,1,0,0,1,1,0,0,0,0,1,1,6,0.1666666667,0.4203624178,0.028411,0.480473,0.8157619589
670134,2.9156857407,-1.191510088,0.9706687033,,,0.5977453531,,,,,,,1,1,1,0,0,1,0,0,0,0,0,0,4,0.25,0.8231474272,0.028411,0.480473,1.6540707772
670136,-0.52501682,0.7174638201,0.0590915594,0.1994017541,0.9017110897,1.03188899,,0.4063494887,,,0.1956780474,0.7469851548,1,1,1,1,1,1,0,1,0,0,1,1,9,0.1111111111,0.4148392316,0.028411,0.480473,0.804266656
670143,-0.52501682,,0.9494692348,,0.3593368127,0.1636017162,,,,,,,1,0,1,0,1,1,0,0,0,0,0,0,4,0.25,0.2368477359,0.028411,0.480473,0.4338163242
670259,-0.52501682,0.1175005918,0.9918681717,,1.4066802442,1.03188899,,,,,,,1,1,1,0,1,1,0,0,0,0,0,0,5,0.2,0.6045842355,0.028411,0.480473,1.1991793422
670260,-0.440734481,0.7720059318,-0.068105251,,-0.052119535,0.5977453531,,-0.309200067,,0.5516815849,-0.171693298,0.4497722506,1,1,1,0,1,1,0,1,0,1,1,1,9,0.1111111111,0.1477058319,0.028411,0.480473,0.2482869663
670265,-0.52501682,-1.300594311,,,1.5188956119,-1.138829195,,,,,,,1,1,0,0,1,1,0,0,0,0,0,0,4,0.25,-0.361386179,0.028411,0.480473,-0.811276602
670266,-0.52501682,-1.409678535,,,,0.5977453531,,,,,,,1,1,0,0,0,1,0,0,0,0,0,0,3,0.3333333333,-0.445650001,0.028411,0.480473,-0.9866533
670267,0.1393263257,-1.300594311,,,0.5463624255,1.03188899,,,,,,,1,1,0,0,1,1,0,0,0,0,0,0,4,0.25,0.1042458574,0.028411,0.480473,0.1578345438
670280,,0.0629584801,,,,,,,,,,,0,1,0,0,0,0,0,0,0,0,0,0,1,1,0.0629584801,0.028411,0.480473,0.0719039067
670285,1.111052121,0.0084163685,0.6526766764,,0.8456034059,1.03188899,,,,,,-0.620194204,1,1,1,0,1,1,0,0,0,0,0,1,6,0.1666666667,0.5049072262,0.028411,0.480473,0.9917234689
670300,0.4863712526,0.8265480434,0.7586740187,,0.0039881484,0.5977453531,,-0.59541989,,-0.680410314,0.0119923747,0.687542574,1,1,1,0,1,1,0,1,0,1,1,1,9,0.1111111111,0.2330035067,0.028411,0.480473,0.4258154028
670309,-0.515101251,-0.046125743,0.9706687033,,-0.014714413,0.5977453531,,0.4063494887,,-1.091107614,0.3793637201,1.6980664483,1,1,1,0,1,1,0,1,0,1,1,1,9,0.1111111111,0.265016077,0.028411,0.480473,0.4924425595
670314,0.1145374024,-0.91879953,1.2250623248,,0.9765213348,0.1636017162,,,,,,,1,1,1,0,1,1,0,0,0,0,0,0,5,0.2,0.3121846497,0.028411,0.480473,0.5906136172
670322,-0.510143466,-2.445978656,,,,,,,,,,,1,1,0,0,0,0,0,0,0,0,0,0,2,0.5,-1.478061061,0.028411,0.480473,-3.135390904
671300,,,-1.509669107,,0.583767548,0.5977453531,-2.238711356,-0.166090156,,,,,0,0,1,0,1,1,1,1,0,0,0,0,5,0.2,-0.546591543,0.028411,0.480473,-1.196741023
671301,,,,,0.5089573029,1.03188899,,,,,,,0,0,0,0,1,1,0,0,0,0,0,0,2,0.5,0.7704231464,0.028411,0.480473,1.5443367293
