PROVIDER_ID,std_H_COMP_1_STAR_RATING,std_H_COMP_2_STAR_RATING,std_H_COMP_3_STAR_RATING,std_H_COMP_5_STAR_RATING,std_H_COMP_6_STAR_RATING,std_H_COMP_7_STAR_RATING,std_H_GLOB_STAR_RATING,std_H_INDI_STAR_RATING,C1,C2,C3,C4,C5,C6,C7,C8,total_cnt,measure_wt,score_before_std,Mean,StdDev,grp_score
010001,-1.154063558,0.5707605124,-0.231670805,-0.254180641,-0.312251048,0.9331768019,0.7193713829,0.0203364607,1,1,1,1,1,1,1,1,8,0.125,0.0364348883,7.533033E-17,0.866021,0.0420715789
010005,-0.243473324,0.5707605124,-1.17226019,0.7686551275,0.6784137042,-0.038194859,-0.226011679,0.5293884968,1,1,1,1,1,1,1,1,8,0.125,0.1084097236,7.533033E-17,0.866021,0.1251813427
010006,-1.154063558,-1.44305488,-1.17226019,-1.277016409,-1.3029158,-1.00956652,-1.17139474,-0.488715575,1,1,1,1,1,1,1,1,8,0.125,-1.127373459,7.533033E-17,0.866021,-1.301784735
010007,1.5777071423,1.5776682088,0.70891858,1.7914908957,1.6690784566,0.9331768019,0.7193713829,0.0203364607,1,1,1,1,1,1,1,1,8,0.125,1.1247184911,7.533033E-17,0.866021,1.2987190276
010008,,,,,,,,,0,0,0,0,0,0,0,0,0,,,7.533033E-17,0.866021,
010011,-0.243473324,0.5707605124,-0.231670805,-0.254180641,0.6784137042,-0.038194859,-0.226011679,-0.488715575,1,1,1,1,1,1,1,1,8,0.125,-0.029134083,7.533033E-17,0.866021,-0.033641297
010012,1.5777071423,1.5776682088,-0.231670805,0.7686551275,0.6784137042,-1.00956652,-0.69870321,0.0203364607,1,1,1,1,1,1,1,1,8,0.125,0.3353550136,7.533033E-17,0.866021,0.3872363979
010016,-1.154063558,0.5707605124,-1.17226019,-0.254180641,-1.3029158,-1.00956652,-0.69870321,-0.997767611,1,1,1,1,1,1,1,1,8,0.125,-0.752337127,7.533033E-17,0.866021,-0.868728086
010018,,,,,,,,,0,0,0,0,0,0,0,0,0,,,7.533033E-17,0.866021,
010019,0.6671169089,0.5707605124,0.70891858,-0.254180641,0.6784137042,0.9331768019,0.7193713829,0.5293884968,1,1,1,1,1,1,1,1,8,0.125,0.5691207183,7.533033E-17,0.866021,0.657167026
010021,0.6671169089,1.5776682088,0.70891858,0.7686551275,0.6784137042,-0.038194859,0.7193713829,1.0384405328,1,1,1,1,1,1,1,1,8,0.125,0.7650486982,7.533033E-17,0.866021,0.8834062117
010022,,,,,,,,,0,0,0,0,0,0,0,0,0,,,7.533033E-17,0.866021,
010023,-1.154063558,-0.436147184,-0.231670805,-0.254180641,-0.312251048,-0.038194859,-0.226011679,-0.488715575,1,1,1,1,1,1,1,1,8,0.125,-0.392654419,7.533033E-17,0.866021,-0.453400356
010024,-0.243473324,-0.436147184,-0.231670805,-1.277016409,-1.3029158,-1.00956652,-0.226011679,-0.997767611,1,1,1,1,1,1,1,1,8,0.125,-0.715571167,7.533033E-17,0.866021,-0.826274216
010029,0.6671169089,0.5707605124,0.70891858,0.7686551275,0.6784137042,0.9331768019,0.7193713829,0.5293884968,1,1,1,1,1,1,1,1,8,0.125,0.6969751893,7.533033E-17,0.866021,0.8048013323
010033,0.6671169089,0.5707605124,-0.231670805,0.7686551275,0.6784137042,0.9331768019,1.1920629137,-0.488715575,1,1,1,1,1,1,1,1,8,0.125,0.5112249486,7.533033E-17,0.866021,0.5903144416
010034,,,,,,,,,0,0,0,0,0,0,0,0,0,,,7.533033E-17,0.866021,
010035,-1.154063558,-0.436147184,-1.17226019,-1.277016409,-2.293580553,-1.00956652,-1.17139474,0.0203364607,1,1,1,1,1,1,1,1,8,0.125,-1.061711587,7.533033E-17,0.866021,-1.225964586
010036,-0.243473324,0.5707605124,-0.231670805,-0.254180641,-1.3029158,-1.00956652,-0.69870321,1.0384405328,1,1,1,1,1,1,1,1,8,0.125,-0.266413657,7.533033E-17,0.866021,-0.30762941
010039,-0.243473324,0.5707605124,-0.231670805,-0.254180641,-0.312251048,-0.038194859,0.2466798521,0.5293884968,1,1,1,1,1,1,1,1,8,0.125,0.033382273,7.533033E-17,0.866021,0.0385467061
010040,-1.154063558,-1.44305488,-1.17226019,-1.277016409,-1.3029158,-1.00956652,-1.17139474,-0.997767611,1,1,1,1,1,1,1,1,8,0.125,-1.191004964,7.533033E-17,0.866021,-1.375260406
010044,,,,,,,,,0,0,0,0,0,0,0,0,0,,,7.533033E-17,0.866021,
010045,1.5777071423,1.5776682088,1.6495079648,1.7914908957,1.6690784566,1.904548463,1.6647544446,2.0565446049,1,1,1,1,1,1,1,1,8,0.125,1.7364125226,7.533033E-17,0.866021,2.0050457075
010046,-1.154063558,-1.44305488,-0.231670805,-0.254180641,-1.3029158,-0.038194859,-0.226011679,0.0203364607,1,1,1,1,1,1,1,1,8,0.125,-0.57871947,7.533033E-17,0.866021,-0.668250761
010049,-0.243473324,0.5707605124,-0.231670805,0.7686551275,-1.3029158,-0.038194859,-0.226011679,0.5293884968,1,1,1,1,1,1,1,1,8,0.125,-0.021682791,7.533033E-17,0.866021,-0.025037246
010051,,,,,,,,,0,0,0,0,0,0,0,0,0,,,7.533033E-17,0.866021,
010052,1.5777071423,1.5776682088,1.6495079648,1.7914908957,1.6690784566,0.9331768019,0.7193713829,1.5474925688,1,1,1,1,1,1,1,1,8,0.125,1.4331866777,7.533033E-17,0.866021,1.6549090489
010055,0.6671169089,0.5707605124,-0.231670805,0.7686551275,-0.312251048,-0.038194859,0.7193713829,0.5293884968,1,1,1,1,1,1,1,1,8,0.125,0.3341469645,7.533033E-17,0.866021,0.3858414566
010056,-0.243473324,0.5707605124,-0.231670805,-0.254180641,-0.312251048,-0.038194859,0.7193713829,0.0203364607,1,1,1,1,1,1,1,1,8,0.125,0.0288372098,7.533033E-17,0.866021,0.0332984951
010058,,,,,,,,,0,0,0,0,0,0,0,0,0,,,7.533033E-17,0.866021,
010059,,,,,,,,,0,0,0,0,0,0,0,0,0,,,7.533033E-17,0.866021,
010061,0.6671169089,0.5707605124,0.70891858,-0.254180641,-1.3029158,-0.038194859,-0.69870321,1.0384405328,1,1,1,1,1,1,1,1,8,0.125,0.086405253,7.533033E-17,0.866021,0.0997726516
010062,,,,,,,,,0,0,0,0,0,0,0,0,0,,,7.533033E-17,0.866021,
010065,0.6671169089,-0.436147184,0.70891858,0.7686551275,0.6784137042,-1.00956652,-0.226011679,0.5293884968,1,1,1,1,1,1,1,1,8,0.125,0.2100959293,7.533033E-17,0.866021,0.2425989998
010069,0.6671169089,0.5707605124,0.70891858,0.7686551275,0.6784137042,-0.038194859,-0.226011679,1.0384405328,1,1,1,1,1,1,1,1,8,0.125,0.5210123535,7.533033E-17,0.866021,0.6016160154
010073,,,,,,,,,0,0,0,0,0,0,0,0,0,,,7.533033E-17,0.866021,
010078,-1.154063558,-1.44305488,-1.17226019,-1.277016409,-0.312251048,-1.00956652,-1.17139474,-0.488715575,1,1,1,1,1,1,1,1,8,0.125,-1.003540365,7.533033E-17,0.866021,-1.158793936
010079,1.5777071423,0.5707605124,0.70891858,0.7686551275,0.6784137042,0.9331768019,0.7193713829,0.5293884968,1,1,1,1,1,1,1,1,8,0.125,0.8107989685,7.533033E-17,0.866021,0.9362343166
010083,0.6671169089,0.5707605124,1.6495079648,0.7686551275,-0.312251048,0.9331768019,0.7193713829,0.5293884968,1,1,1,1,1,1,1,1,8,0.125,0.6907157684,7.533033E-17,0.866021,0.7975735423
010085,-0.243473324,0.5707605124,-1.17226019,-0.254180641,0.6784137042,-1.00956652,-1.17139474,0.5293884968,1,1,1,1,1,1,1,1,8,0.125,-0.259039088,7.533033E-17,0.866021,-0.299113951
010086,0.6671169089,0.5707605124,1.6495079648,0.7686551275,0.6784137042,0.9331768019,0.7193713829,2.0565446049,1,1,1,1,1,1,1,1,8,0.125,1.0054433759,7.533033E-17,0.866021,1.1609913537
010087,-0.243473324,0.5707605124,-0.231670805,-0.254180641,-0.312251048,-0.038194859,0.2466798521,-0.997767611,1,1,1,1,1,1,1,1,8,0.125,-0.157512241,7.533033E-17,0.866021,-0.181880306
010089,-1.154063558,-0.436147184,-1.17226019,-1.277016409,-0.312251048,-1.00956652,-1.17139474,-0.997767611,1,1,1,1,1,1,1,1,8,0.125,-0.941308408,7.533033E-17,0.866021,-1.08693433
010090,-1.154063558,-1.44305488,0.70891858,-0.254180641,-0.312251048,-0.038194859,-0.226011679,-0.488715575,1,1,1,1,1,1,1,1,8,0.125,-0.400944208,7.533033E-17,0.866021,-0.462972624
010091,,,,,,,,,0,0,0,0,0,0,0,0,0,,,7.533033E-17,0.866021,
010092,-1.154063558,-0.436147184,-1.17226019,-0.254180641,-0.312251048,-1.00956652,-0.69870321,-0.997767611,1,1,1,1,1,1,1,1,8,0.125,-0.754367495,7.533033E-17,0.866021,-0.871072564
010095,,,,,,,,,0,0,0,0,0,0,0,0,0,,,7.533033E-17,0.866021,
010097,1.5777071423,1.5776682088,1.6495079648,1.7914908957,-0.312251048,0.9331768019,0.7193713829,2.0565446049,1,1,1,1,1,1,1,1,8,0.125,1.2491519941,7.533033E-17,0.866021,1.4424031222
010099,0.6671169089,1.5776682088,1.6495079648,0.7686551275,0.6784137042,-0.038194859,0.2466798521,0.0203364607,1,1,1,1,1,1,1,1,8,0.125,0.696272921,7.533033E-17,0.866021,0.8039904189
010100,-0.243473324,-0.436147184,-0.231670805,-0.254180641,0.6784137042,-0.038194859,0.2466798521,0.0203364607,1,1,1,1,1,1,1,1,8,0.125,-0.0322796,7.533033E-17,0.866021,-0.037273443
010101,-0.243473324,-1.44305488,0.70891858,-0.254180641,-1.3029158,-0.038194859,-1.17139474,0.0203364607,1,1,1,1,1,1,1,1,8,0.125,-0.465494901,7.533033E-17,0.866021,-0.537509687
010102,,,,,,,,,0,0,0,0,0,0,0,0,0,,,7.533033E-17,0.866021,
010103,-0.243473324,0.5707605124,-0.231670805,-0.254180641,-1.3029158,-1.00956652,-0.226011679,0.0203364607,1,1,1,1,1,1,1,1,8,0.125,-0.334590225,7.533033E-17,0.866021,-0.386353292
010104,-0.243473324,0.5707605124,-0.231670805,-0.254180641,-0.312251048,-0.038194859,0.7193713829,0.0203364607,1,1,1,1,1,1,1,1,8,0.125,0.0288372098,7.533033E-17,0.866021,0.0332984951
010108,0.6671169089,0.5707605124,0.70891858,0.7686551275,0.6784137042,0.9331768019,0.7193713829,1.0384405328,1,1,1,1,1,1,1,1,8,0.125,0.7606066938,7.533033E-17,0.866021,0.8782770032
010110,,,,,,,,,0,0,0,0,0,0,0,0,0,,,7.533033E-17,0.866021,
010112,-0.243473324,0.5707605124,-0.231670805,-0.254180641,-1.3029158,-0.038194859,-0.69870321,1.5474925688,1,1,1,1,1,1,1,1,8,0.125,-0.081360695,7.533033E-17,0.866021,-0.093947671
010113,-1.154063558,-0.436147184,-0.231670805,-0.254180641,-0.312251048,-0.038194859,-0.226011679,-0.488715575,1,1,1,1,1,1,1,1,8,0.125,-0.392654419,7.533033E-17,0.866021,-0.453400356
010114,-1.154063558,0.5707605124,-1.17226019,-0.254180641,-1.3029158,-1.00956652,-1.17139474,-0.997767611,1,1,1,1,1,1,1,1,8,0.125,-0.811423569,7.533033E-17,0.866021,-0.936955546
010118,-1.154063558,-0.436147184,-2.112849574,-1.277016409,-2.293580553,-1.980938182,-2.116777802,0.0203364607,1,1,1,1,1,1,1,1,8,0.125,-1.4188796,7.533033E-17,0.866021,-1.638388583
010120,1.5777071423,1.5776682088,0.70891858,1.7914908957,1.6690784566,-0.038194859,0.7193713829,1.5474925688,1,1,1,1,1,1,1,1,8,0.125,1.194191547,7.533033E-17,0.866021,1.378939972
010125,1.5777071423,0.5707605124,1.6495079648,1.7914908957,0.6784137042,0.9331768019,1.6647544446,2.0565446049,1,1,1,1,1,1,1,1,8,0.125,1.3652945088,7.533033E-17,0.866021,1.576513564
010126,1.5777071423,0.5707605124,1.6495079648,1.7914908957,0.6784137042,0.9331768019,0.2466798521,1.5474925688,1,1,1,1,1,1,1,1,8,0.125,1.1244036803,7.533033E-17,0.866021,1.2983555137
010128,,,,,,,,,0,0,0,0,0,0,0,0,0,,,7.533033E-17,0.866021,
010129,1.5777071423,0.5707605124,0.70891858,1.7914908957,-0.312251048,0.9331768019,0.7193713829,2.0565446049,1,1,1,1,1,1,1,1,8,0.125,1.005714859,7.533033E-17,0.866021,1.1613048367
010130,1.5777071423,0.5707605124,1.6495079648,0.7686551275,1.6690784566,0.9331768019,1.6647544446,1.5474925688,1,1,1,1,1,1,1,1,8,0.125,1.2976416274,7.533033E-17,0.866021,1.4983943856
010131,-1.154063558,-0.436147184,-1.17226019,-1.277016409,-1.3029158,-1.00956652,-1.17139474,-0.997767611,1,1,1,1,1,1,1,1,8,0.125,-1.065141502,7.533033E-17,0.866021,-1.229925129
010138,,,,,,,,,0,0,0,0,0,0,0,0,0,,,7.533033E-17,0.866021,
010139,-1.154063558,-0.436147184,-2.112849574,-1.277016409,-1.3029158,-1.00956652,-2.116777802,-1.506819647,1,1,1,1,1,1,1,1,8,0.125,-1.364519562,7.533033E-17,0.866021,-1.575618728
010144,-0.243473324,0.5707605124,-0.231670805,-0.254180641,0.6784137042,-0.038194859,0.7193713829,-0.997767611,1,1,1,1,1,1,1,1,8,0.125,0.0254072949,7.533033E-17,0.866021,0.0293379522
010148,0.6671169089,1.5776682088,-0.231670805,1.7914908957,1.6690784566,-0.038194859,0.2466798521,0.5293884968,1,1,1,1,1,1,1,1,8,0.125,0.7764446443,7.533033E-17,0.866021,0.8965651774
010149,0.6671169089,0.5707605124,0.70891858,0.7686551275,0.6784137042,-0.038194859,1.1920629137,0.5293884968,1,1,1,1,1,1,1,1,8,0.125,0.634640173,7.533033E-17,0.866021,0.732822724
01014F,0.6671169089,1.5776682088,-0.231670805,0.7686551275,-0.312251048,0.9331768019,0.7193713829,0.5293884968,1,1,1,1,1,1,1,1,8,0.125,0.5814318842,7.533033E-17,0.866021,0.6713828014
010150,,,,,,,,,0,0,0,0,0,0,0,0,0,,,7.533033E-17,0.866021,
010157,,,,,,,,,0,0,0,0,0,0,0,0,0,,,7.533033E-17,0.866021,
010158,-1.154063558,1.5776682088,-1.17226019,-1.277016409,0.6784137042,-1.00956652,-0.69870321,1.5474925688,1,1,1,1,1,1,1,1,8,0.125,-0.188504426,7.533033E-17,0.866021,-0.217667164
010164,-0.243473324,0.5707605124,-0.231670805,0.7686551275,-0.312251048,-1.00956652,-0.226011679,0.5293884968,1,1,1,1,1,1,1,1,8,0.125,-0.019271155,7.533033E-17,0.866021,-0.022252515
010168,1.5777071423,1.5776682088,1.6495079648,1.7914908957,0.6784137042,1.904548463,1.6647544446,1.5474925688,1,1,1,1,1,1,1,1,8,0.125,1.548947924,7.533033E-17,0.866021,1.7885792379
010169,0.6671169089,0.5707605124,1.6495079648,0.7686551275,1.6690784566,-0.038194859,-0.69870321,0.5293884968,1,1,1,1,1,1,1,1,8,0.125,0.6397011748,7.533033E-17,0.866021,0.7386666923
010173,1.5777071423,1.5776682088,1.6495079648,1.7914908957,1.6690784566,1.904548463,1.6647544446,1.5474925688,1,1,1,1,1,1,1,1,8,0.125,1.6727810181,7.533033E-17,0.866021,1.9315700367
010174,,,,,,,,,0,0,0,0,0,0,0,0,0,,,7.533033E-17,0.866021,
010175,,,,,,,,,0,0,0,0,0,0,0,0,0,,,7.533033E-17,0.866021,
01019F,0.6671169089,1.5776682088,0.70891858,0.7686551275,-1.3029158,-0.038194859,0.2466798521,1.0384405328,1,1,1,1,1,1,1,1,8,0.125,0.4582960688,7.533033E-17,0.866021,0.5291971542
01021F,,,,,,,,,0,0,0,0,0,0,0,0,0,,,7.533033E-17,0.866021,
011300,,,,,,,,,0,0,0,0,0,0,0,0,0,,,7.533033E-17,0.866021,
011302,,,,,,,,,0,0,0,0,0,0,0,0,0,,,7.533033E-17,0.866021,
011304,,,,,,,,,0,0,0,0,0,0,0,0,0,,,7.533033E-17,0.866021,
011305,,,,,,,,,0,0,0,0,0,0,0,0,0,,,7.533033E-17,0.866021,
011306,,,,,,,,,0,0,0,0,0,0,0,0,0,,,7.533033E-17,0.866021,
020001,0.6671169089,-0.436147184,-0.231670805,-0.254180641,0.6784137042,-0.038194859,0.2466798521,-0.488715575,1,1,1,1,1,1,1,1,8,0.125,0.0179126751,7.533033E-17,0.866021,0.0206838709
020006,0.6671169089,0.5707605124,-0.231670805,0.7686551275,0.6784137042,-0.038194859,0.7193713829,1.0384405328,1,1,1,1,1,1,1,1,8,0.125,0.5216115631,7.533033E-17,0.866021,0.6023079262
020008,0.6671169089,0.5707605124,0.70891858,0.7686551275,0.6784137042,0.9331768019,-0.226011679,0.5293884968,1,1,1,1,1,1,1,1,8,0.125,0.5788023066,7.533033E-17,0.866021,0.6683464127
020012,-0.243473324,0.5707605124,0.70891858,0.7686551275,0.6784137042,-0.038194859,0.2466798521,0.5293884968,1,1,1,1,1,1,1,1,8,0.125,0.4026435112,7.533033E-17,0.866021,0.46493482
020017,-1.154063558,-0.436147184,-0.231670805,-1.277016409,0.6784137042,-0.038194859,-0.226011679,-0.488715575,1,1,1,1,1,1,1,1,8,0.125,-0.396675796,7.533033E-17,0.866021,-0.458043864
020018,-1.154063558,-0.436147184,-1.17226019,-0.254180641,-1.3029158,-1.980938182,-1.17139474,-0.488715575,1,1,1,1,1,1,1,1,8,0.125,-0.995076984,7.533033E-17,0.866021,-1.14902122
020024,-0.243473324,0.5707605124,-0.231670805,0.7686551275,1.6690784566,0.9331768019,0.7193713829,0.0203364607,1,1,1,1,1,1,1,1,8,0.125,0.5257793266,7.533033E-17,0.866021,0.6071204672
020026,-1.154063558,0.5707605124,-0.231670805,0.7686551275,-0.312251048,-0.038194859,-0.69870321,-0.488715575,1,1,1,1,1,1,1,1,8,0.125,-0.198022927,7.533033E-17,0.866021,-0.228658233
021301,,,,,,,,,0,0,0,0,0,0,0,0,0,,,7.533033E-17,0.866021,
021302,,,,,,,,,0,0,0,0,0,0,0,0,0,,,7.533033E-17,0.866021,
021304,,,,,,,,,0,0,0,0,0,0,0,0,0,,,7.533033E-17,0.866021,
021305,,,,,,,,,0,0,0,0,0,0,0,0,0,,,7.533033E-17,0.866021,
021306,,,,,,,,,0,0,0,0,0,0,0,0,0,,,7.533033E-17,0.866021,
021307,,,,,,,,,0,0,0,0,0,0,0,0,0,,,7.533033E-17,0.866021,
021308,,,,,,,,,0,0,0,0,0,0,0,0,0,,,7.533033E-17,0.866021,
021309,,,,,,,,,0,0,0,0,0,0,0,0,0,,,7.533033E-17,0.866021,
021310,,,,,,,,,0,0,0,0,0,0,0,0,0,,,7.533033E-17,0.866021,
021311,,,,,,,,,0,0,0,0,0,0,0,0,0,,,7.533033E-17,0.866021,
021312,,,,,,,,,0,0,0,0,0,0,0,0,0,,,7.533033E-17,0.866021,
021313,,,,,,,,,0,0,0,0,0,0,0,0,0,,,7.533033E-17,0.866021,
021314,,,,,,,,,0,0,0,0,0,0,0,0,0,,,7.533033E-17,0.866021,
030002,-0.243473324,-0.436147184,-0.231670805,-0.254180641,-0.312251048,-1.00956652,-0.226011679,-0.997767611,1,1,1,1,1,1,1,1,8,0.125,-0.463883602,7.533033E-17,0.866021,-0.535649111
030006,-0.243473324,-1.44305488,-1.17226019,-0.254180641,-0.312251048,-1.00956652,-0.226011679,-2.015871683,1,1,1,1,1,1,1,1,8,0.125,-0.834583746,7.533033E-17,0.866021,-0.963698738
030007,-0.243473324,-0.436147184,0.70891858,-0.254180641,-0.312251048,-1.00956652,-0.69870321,0.5293884968,1,1,1,1,1,1,1,1,8,0.125,-0.214501856,7.533033E-17,0.866021,-0.24768655
030010,-1.154063558,-0.436147184,-1.17226019,-1.277016409,-1.3029158,-1.00956652,-1.644086271,-1.506819647,1,1,1,1,1,1,1,1,8,0.125,-1.187859447,7.533033E-17,0.866021,-1.37162826
030011,-2.064653791,-2.449962577,-2.112849574,-2.299852177,-1.3029158,-1.980938182,-2.116777802,-2.015871683,1,1,1,1,1,1,1,1,8,0.125,-2.042977698,7.533033E-17,0.866021,-2.359038311
030012,-0.243473324,-1.44305488,0.70891858,-0.254180641,-0.312251048,-1.00956652,-0.69870321,-0.997767611,1,1,1,1,1,1,1,1,8,0.125,-0.531259832,7.533033E-17,0.866021,-0.613448839
030013,-1.154063558,-1.44305488,-0.231670805,-1.277016409,-1.3029158,-1.00956652,-1.17139474,0.5293884968,1,1,1,1,1,1,1,1,8,0.125,-0.882536777,7.533033E-17,0.866021,-1.019070384
030014,-0.243473324,-0.436147184,-0.231670805,-0.254180641,0.6784137042,-0.038194859,-0.226011679,-0.488715575,1,1,1,1,1,1,1,1,8,0.125,-0.154997545,7.533033E-17,0.866021,-0.178976573
030016,-1.154063558,-1.44305488,-1.17226019,-0.254180641,-0.312251048,-1.00956652,-1.17139474,-0.997767611,1,1,1,1,1,1,1,1,8,0.125,-0.939317399,7.533033E-17,0.866021,-1.0846353
030022,-1.154063558,-1.44305488,-1.17226019,-1.277016409,-0.312251048,-1.00956652,-1.17139474,-2.015871683,1,1,1,1,1,1,1,1,8,0.125,-1.194434879,7.533033E-17,0.866021,-1.379220948
030023,-0.243473324,0.5707605124,-0.231670805,0.7686551275,-0.312251048,0.9331768019,-0.226011679,-0.997767611,1,1,1,1,1,1,1,1,8,0.125,0.0326772468,7.533033E-17,0.866021,0.0377326082
030024,0.6671169089,-0.436147184,-0.231670805,-0.254180641,-0.312251048,-0.038194859,0.7193713829,-0.488715575,1,1,1,1,1,1,1,1,8,0.125,-0.046833978,7.533033E-17,0.866021,-0.054079468
030030,-2.064653791,-2.449962577,-1.17226019,-2.299852177,-2.293580553,-1.980938182,-2.116777802,-1.506819647,1,1,1,1,1,1,1,1,8,0.125,-1.985605615,7.533033E-17,0.866021,-2.29279043
030036,0.6671169089,-1.44305488,0.70891858,0.7686551275,0.6784137042,-0.038194859,0.7193713829,0.0203364607,1,1,1,1,1,1,1,1,8,0.125,0.2601953031,7.533033E-17,0.866021,0.3004490401
030037,-1.154063558,-0.436147184,-1.17226019,-2.299852177,-1.3029158,-1.00956652,-2.116777802,-0.997767611,1,1,1,1,1,1,1,1,8,0.125,-1.311168855,7.533033E-17,0.866021,-1.514014355
030038,0.6671169089,-0.436147184,0.70891858,0.7686551275,0.6784137042,-0.038194859,0.7193713829,-0.997767611,1,1,1,1,1,1,1,1,8,0.125,0.2587957561,7.533033E-17,0.866021,0.298832975
030043,-1.154063558,-1.44305488,-1.17226019,-1.277016409,-1.3029158,-1.00956652,-1.17139474,0.0203364607,1,1,1,1,1,1,1,1,8,0.125,-1.063741955,7.533033E-17,0.866021,-1.228309064
030055,-1.154063558,-1.44305488,-0.231670805,-0.254180641,-0.312251048,-1.00956652,-1.17139474,-0.488715575,1,1,1,1,1,1,1,1,8,0.125,-0.758112221,7.533033E-17,0.866021,-0.875396621
030061,-1.154063558,-1.44305488,-1.17226019,-1.277016409,-1.3029158,-1.00956652,-0.69870321,-2.015871683,1,1,1,1,1,1,1,1,8,0.125,-1.259181531,7.533033E-17,0.866021,-1.453984287
030062,-0.243473324,-1.44305488,-0.231670805,-1.277016409,-1.3029158,-1.00956652,-0.226011679,0.0203364607,1,1,1,1,1,1,1,1,8,0.125,-0.71417162,7.533033E-17,0.866021,-0.824658151
030064,-1.154063558,-0.436147184,-1.17226019,-0.254180641,-0.312251048,-1.00956652,-0.226011679,-0.997767611,1,1,1,1,1,1,1,1,8,0.125,-0.695281054,7.533033E-17,0.866021,-0.802845104
030065,-1.154063558,-1.44305488,-2.112849574,-1.277016409,-1.3029158,-1.00956652,-1.17139474,-1.506819647,1,1,1,1,1,1,1,1,8,0.125,-1.372210141,7.533033E-17,0.866021,-1.584499085
030069,-1.154063558,-1.44305488,-1.17226019,-1.277016409,-1.3029158,-1.00956652,-1.644086271,-0.997767611,1,1,1,1,1,1,1,1,8,0.125,-1.250091405,7.533033E-17,0.866021,-1.443487865
030071,-0.243473324,-0.436147184,-0.231670805,0.7686551275,-0.312251048,-0.038194859,0.2466798521,0.5293884968,1,1,1,1,1,1,1,1,8,0.125,0.035373282,7.533033E-17,0.866021,0.0408457358
030073,-1.154063558,0.5707605124,-0.231670805,0.7686551275,-1.3029158,-1.00956652,-0.226011679,-0.997767611,1,1,1,1,1,1,1,1,8,0.125,-0.447822542,7.533033E-17,0.866021,-0.517103311
030078,0.6671169089,1.5776682088,0.70891858,0.7686551275,-0.312251048,-0.038194859,0.2466798521,0.5293884968,1,1,1,1,1,1,1,1,8,0.125,0.5184976583,7.533033E-17,0.866021,0.5987122822
030083,-1.154063558,-2.449962577,-1.17226019,-1.277016409,-1.3029158,-1.00956652,-2.116777802,-1.506819647,1,1,1,1,1,1,1,1,8,0.125,-1.498672813,7.533033E-17,0.866021,-1.730526273
030084,,,,,,,,,0,0,0,0,0,0,0,0,0,,,7.533033E-17,0.866021,
030085,-1.154063558,-1.44305488,-1.17226019,-1.277016409,-1.3029158,-1.980938182,-2.116777802,-2.015871683,1,1,1,1,1,1,1,1,8,0.125,-1.557862313,7.533033E-17,0.866021,-1.798872735
030087,0.6671169089,0.5707605124,-0.231670805,-0.254180641,0.6784137042,0.9331768019,0.7193713829,-0.997767611,1,1,1,1,1,1,1,1,8,0.125,0.2606525317,7.533033E-17,0.866021,0.3009770046
030088,-1.154063558,-1.44305488,-2.112849574,-1.277016409,-0.312251048,-1.00956652,-1.17139474,-0.997767611,1,1,1,1,1,1,1,1,8,0.125,-1.184745543,7.533033E-17,0.866021,-1.368032616
030089,-1.154063558,-1.44305488,-1.17226019,-1.277016409,-1.3029158,-1.00956652,-0.226011679,-0.997767611,1,1,1,1,1,1,1,1,8,0.125,-1.072832081,7.533033E-17,0.866021,-1.238805486
030092,-0.243473324,-1.44305488,-1.17226019,-0.254180641,0.6784137042,-0.038194859,-0.226011679,-0.997767611,1,1,1,1,1,1,1,1,8,0.125,-0.462066185,7.533033E-17,0.866021,-0.53355053
030093,-1.154063558,-1.44305488,-1.17226019,-1.277016409,-1.3029158,-1.00956652,-0.69870321,-0.997767611,1,1,1,1,1,1,1,1,8,0.125,-1.131918522,7.533033E-17,0.866021,-1.307032946
030094,-2.064653791,-1.44305488,-1.17226019,-1.277016409,-1.3029158,-1.00956652,-2.116777802,-1.506819647,1,1,1,1,1,1,1,1,8,0.125,-1.48663313,7.533033E-17,0.866021,-1.71662398
030101,-1.154063558,-2.449962577,-1.17226019,-1.277016409,-2.293580553,-1.980938182,-2.116777802,-1.506819647,1,1,1,1,1,1,1,1,8,0.125,-1.743927365,7.533033E-17,0.866021,-2.01372314
030103,1.5777071423,1.5776682088,1.6495079648,0.7686551275,1.6690784566,1.904548463,1.6647544446,1.5474925688,1,1,1,1,1,1,1,1,8,0.125,1.544926547,7.533033E-17,0.866021,1.7839357303
030105,-0.243473324,-1.44305488,-0.231670805,-1.277016409,-0.312251048,-0.038194859,0.2466798521,-0.997767611,1,1,1,1,1,1,1,1,8,0.125,-0.537093636,7.533033E-17,0.866021,-0.620185166
030107,1.5777071423,0.5707605124,1.6495079648,0.7686551275,1.6690784566,0.9331768019,1.1920629137,1.5474925688,1,1,1,1,1,1,1,1,8,0.125,1.238555186,7.533033E-17,0.866021,1.4301669257
030108,0.6671169089,0.5707605124,0.70891858,0.7686551275,0.6784137042,0.9331768019,0.7193713829,1.0384405328,1,1,1,1,1,1,1,1,8,0.125,0.7606066938,7.533033E-17,0.866021,0.8782770032
030110,-2.064653791,-2.449962577,-1.17226019,-1.277016409,-2.293580553,-1.980938182,-2.116777802,-2.015871683,1,1,1,1,1,1,1,1,8,0.125,-1.921382648,7.533033E-17,0.866021,-2.218631795
030111,-1.154063558,-0.436147184,-1.17226019,-0.254180641,-1.3029158,-1.00956652,-1.17139474,-2.015871683,1,1,1,1,1,1,1,1,8,0.125,-1.06455004,7.533033E-17,0.866021,-1.229242164
030112,1.5777071423,1.5776682088,1.6495079648,1.7914908957,1.6690784566,1.904548463,1.6647544446,2.0565446049,1,1,1,1,1,1,1,1,8,0.125,1.7364125226,7.533033E-17,0.866021,2.0050457075
030113,-1.154063558,0.5707605124,-0.231670805,1.7914908957,-1.3029158,-1.00956652,0.2466798521,0.0203364607,1,1,1,1,1,1,1,1,8,0.125,-0.13361862,7.533033E-17,0.866021,-0.154290203
030114,-1.154063558,-1.44305488,-0.231670805,-1.277016409,-0.312251048,-1.00956652,-0.69870321,-1.506819647,1,1,1,1,1,1,1,1,8,0.125,-0.95414326,7.533033E-17,0.866021,-1.101754809
030115,-0.243473324,0.5707605124,-0.231670805,-0.254180641,-0.312251048,-1.00956652,0.7193713829,0.5293884968,1,1,1,1,1,1,1,1,8,0.125,-0.028952743,7.533033E-17,0.866021,-0.033431902
030117,0.6671169089,-2.449962577,0.70891858,-0.254180641,-1.3029158,-0.038194859,0.2466798521,1.0384405328,1,1,1,1,1,1,1,1,8,0.125,-0.17301225,7.533033E-17,0.866021,-0.199778259
030119,0.6671169089,-0.436147184,0.70891858,-0.254180641,0.6784137042,0.9331768019,0.7193713829,0.0203364607,1,1,1,1,1,1,1,1,8,0.125,0.3796257517,7.533033E-17,0.866021,0.4383560785
030121,-1.154063558,-1.44305488,-1.17226019,-1.277016409,-1.3029158,-1.00956652,-1.644086271,-0.997767611,1,1,1,1,1,1,1,1,8,0.125,-1.250091405,7.533033E-17,0.866021,-1.443487865
030122,-0.243473324,-0.436147184,-0.231670805,-0.254180641,-0.312251048,-0.038194859,0.2466798521,0.0203364607,1,1,1,1,1,1,1,1,8,0.125,-0.156112694,7.533033E-17,0.866021,-0.180264241
030123,1.5777071423,0.5707605124,0.70891858,0.7686551275,0.6784137042,0.9331768019,1.1920629137,0.5293884968,1,1,1,1,1,1,1,1,8,0.125,0.8698854098,7.533033E-17,0.866021,1.0044617764
03012F,0.6671169089,0.5707605124,-0.231670805,0.7686551275,0.6784137042,-0.038194859,-0.226011679,-0.997767611,1,1,1,1,1,1,1,1,8,0.125,0.1489126624,7.533033E-17,0.866021,0.1719503232
030130,-0.243473324,-0.436147184,0.70891858,0.7686551275,0.6784137042,0.9331768019,0.7193713829,1.0384405328,1,1,1,1,1,1,1,1,8,0.125,0.5209194526,7.533033E-17,0.866021,0.6015087422
030131,0.6671169089,0.5707605124,1.6495079648,0.7686551275,1.6690784566,0.9331768019,1.6647544446,0.5293884968,1,1,1,1,1,1,1,1,8,0.125,1.0565548392,7.533033E-17,0.866021,1.2200100595
030134,0.6671169089,0.5707605124,0.70891858,-0.254180641,0.6784137042,0.9331768019,0.7193713829,0.5293884968,1,1,1,1,1,1,1,1,8,0.125,0.5691207183,7.533033E-17,0.866021,0.657167026
030136,,,,,,,,,0,0,0,0,0,0,0,0,0,,,7.533033E-17,0.866021,
030138,,,,,,,,,0,0,0,0,0,0,0,0,0,,,7.533033E-17,0.866021,
030139,0.6671169089,-1.44305488,0.70891858,0.7686551275,0.6784137042,0.9331768019,0.7193713829,1.0384405328,1,1,1,1,1,1,1,1,8,0.125,0.5088797697,7.533033E-17,0.866021,0.5876064499
03013F,0.6671169089,0.5707605124,0.70891858,0.7686551275,-0.312251048,0.9331768019,0.7193713829,-0.488715575,1,1,1,1,1,1,1,1,8,0.125,0.4458790863,7.533033E-17,0.866021,0.5148591918
030146,0.6671169089,0.5707605124,0.70891858,0.7686551275,-0.312251048,0.9331768019,1.6647544446,1.0384405328,1,1,1,1,1,1,1,1,8,0.125,0.7549464825,7.533033E-17,0.866021,0.871741124
030147,-0.243473324,-1.44305488,-0.231670805,-0.254180641,-1.3029158,-1.00956652,-0.226011679,0.0203364607,1,1,1,1,1,1,1,1,8,0.125,-0.586317149,7.533033E-17,0.866021,-0.677023845
030148,-0.243473324,-1.44305488,-0.231670805,-1.277016409,-1.3029158,-1.00956652,-0.226011679,-0.488715575,1,1,1,1,1,1,1,1,8,0.125,-0.777803124,7.533033E-17,0.866021,-0.898133822
030152,,,,,,,,,0,0,0,0,0,0,0,0,0,,,7.533033E-17,0.866021,
030153,,,,,,,,,0,0,0,0,0,0,0,0,0,,,7.533033E-17,0.866021,
030154,,,,,,,,,0,0,0,0,0,0,0,0,0,,,7.533033E-17,0.866021,
03033F,1.5777071423,0.5707605124,1.6495079648,1.7914908957,1.6690784566,1.904548463,1.1920629137,1.5474925688,1,1,1,1,1,1,1,1,8,0.125,1.4878311147,7.533033E-17,0.866021,1.7180073002
031300,,,,,,,,,0,0,0,0,0,0,0,0,0,,,7.533033E-17,0.866021,
031301,,,,,,,,,0,0,0,0,0,0,0,0,0,,,7.533033E-17,0.866021,
031302,,,,,,,,,0,0,0,0,0,0,0,0,0,,,7.533033E-17,0.866021,
031304,,,,,,,,,0,0,0,0,0,0,0,0,0,,,7.533033E-17,0.866021,
031305,,,,,,,,,0,0,0,0,0,0,0,0,0,,,7.533033E-17,0.866021,
031308,,,,,,,,,0,0,0,0,0,0,0,0,0,,,7.533033E-17,0.866021,
031309,,,,,,,,,0,0,0,0,0,0,0,0,0,,,7.533033E-17,0.866021,
031311,-1.154063558,-0.436147184,0.70891858,0.7686551275,-0.312251048,-1.00956652,-0.69870321,-0.488715575,1,1,1,1,1,1,1,1,8,0.125,-0.327734173,7.533033E-17,0.866021,-0.378436569
031312,,,,,,,,,0,0,0,0,0,0,0,0,0,,,7.533033E-17,0.866021,
031313,,,,,,,,,0,0,0,0,0,0,0,0,0,,,7.533033E-17,0.866021,
031314,-0.243473324,-1.44305488,-0.231670805,0.7686551275,-1.3029158,-1.00956652,-0.226011679,0.5293884968,1,1,1,1,1,1,1,1,8,0.125,-0.394831173,7.533033E-17,0.866021,-0.455913868
031315,,,,,,,,,0,0,0,0,0,0,0,0,0,,,7.533033E-17,0.866021,
031317,0.6671169089,0.5707605124,0.70891858,-0.254180641,-0.312251048,-0.038194859,0.2466798521,1.0384405328,1,1,1,1,1,1,1,1,8,0.125,0.3284112298,7.533033E-17,0.866021,0.37921837
031318,0.6671169089,-1.44305488,1.6495079648,0.7686551275,0.6784137042,0.9331768019,0.7193713829,0.0203364607,1,1,1,1,1,1,1,1,8,0.125,0.4991904338,7.533033E-17,0.866021,0.576418117
031319,0.6671169089,0.5707605124,1.6495079648,0.7686551275,1.6690784566,0.9331768019,0.7193713829,1.0384405328,1,1,1,1,1,1,1,1,8,0.125,1.002013461,7.533033E-17,0.866021,1.1570308108
031320,,,,,,,,,0,0,0,0,0,0,0,0,0,,,7.533033E-17,0.866021,
040001,0.6671169089,-0.436147184,0.70891858,0.7686551275,-0.312251048,-0.038194859,-0.69870321,0.5293884968,1,1,1,1,1,1,1,1,8,0.125,0.1485978515,7.533033E-17,0.866021,0.1715868093
040002,0.6671169089,0.5707605124,0.70891858,-0.254180641,-0.312251048,-0.038194859,-0.226011679,1.0384405328,1,1,1,1,1,1,1,1,8,0.125,0.2693247884,7.533033E-17,0.866021,0.3109909102
040004,-1.154063558,0.5707605124,-0.231670805,-0.254180641,-0.312251048,-0.038194859,0.2466798521,0.0203364607,1,1,1,1,1,1,1,1,8,0.125,-0.144073011,7.533033E-17,0.866021,-0.166361949
040007,-1.154063558,-0.436147184,-1.17226019,-1.277016409,-0.312251048,-1.00956652,-1.17139474,-0.997767611,1,1,1,1,1,1,1,1,8,0.125,-0.941308408,7.533033E-17,0.866021,-1.08693433
040010,-0.243473324,0.5707605124,-0.231670805,-1.277016409,-1.3029158,-0.038194859,0.7193713829,0.5293884968,1,1,1,1,1,1,1,1,8,0.125,-0.159218851,7.533033E-17,0.866021,-0.183850939
040011,0.6671169089,1.5776682088,0.70891858,0.7686551275,-1.3029158,-0.038194859,0.7193713829,1.0384405328,1,1,1,1,1,1,1,1,8,0.125,0.5173825102,7.533033E-17,0.866021,0.5974246141
040014,-1.154063558,-0.436147184,-0.231670805,-0.254180641,-0.312251048,-1.00956652,-0.69870321,-0.488715575,1,1,1,1,1,1,1,1,8,0.125,-0.573162318,7.533033E-17,0.866021,-0.661833884
040015,,,,,,,,,0,0,0,0,0,0,0,0,0,,,7.533033E-17,0.866021,
040016,-0.243473324,0.5707605124,-0.231670805,0.7686551275,-0.312251048,-0.038194859,0.7193713829,0.5293884968,1,1,1,1,1,1,1,1,8,0.125,0.2203231854,7.533033E-17,0.866021,0.2544084723
040017,-0.243473324,0.5707605124,0.70891858,0.7686551275,-1.3029158,-0.038194859,-0.69870321,1.5474925688,1,1,1,1,1,1,1,1,8,0.125,0.1640674494,7.533033E-17,0.866021,0.1894496445
040018,,,,,,,,,0,0,0,0,0,0,0,0,0,,,7.533033E-17,0.866021,
040019,-1.154063558,-1.44305488,-0.231670805,0.7686551275,-2.293580553,-1.00956652,-1.17139474,0.0203364607,1,1,1,1,1,1,1,1,8,0.125,-0.814292434,7.533033E-17,0.866021,-0.940268241
040020,-0.243473324,0.5707605124,-1.17226019,-1.277016409,-0.312251048,-0.038194859,0.2466798521,-0.488715575,1,1,1,1,1,1,1,1,8,0.125,-0.33930888,7.533033E-17,0.866021,-0.391801951
040022,-0.243473324,-0.436147184,-0.231670805,-0.254180641,-0.312251048,-1.00956652,-0.226011679,0.0203364607,1,1,1,1,1,1,1,1,8,0.125,-0.336620593,7.533033E-17,0.866021,-0.388697769
040026,-0.243473324,-0.436147184,-1.17226019,-0.254180641,-0.312251048,-0.038194859,-0.226011679,-0.488715575,1,1,1,1,1,1,1,1,8,0.125,-0.396404313,7.533033E-17,0.866021,-0.457730381
040027,-0.243473324,-0.436147184,-0.231670805,-0.254180641,0.6784137042,-0.038194859,0.7193713829,-0.488715575,1,1,1,1,1,1,1,1,8,0.125,-0.036824663,7.533033E-17,0.866021,-0.042521654
040029,0.6671169089,0.5707605124,0.70891858,0.7686551275,-0.312251048,0.9331768019,0.7193713829,-0.488715575,1,1,1,1,1,1,1,1,8,0.125,0.4458790863,7.533033E-17,0.866021,0.5148591918
040036,-1.154063558,-0.436147184,-1.17226019,-1.277016409,-1.3029158,-1.00956652,-1.17139474,-1.506819647,1,1,1,1,1,1,1,1,8,0.125,-1.128773006,7.533033E-17,0.866021,-1.3034008
040039,-1.154063558,-0.436147184,-1.17226019,-1.277016409,-1.3029158,-1.980938182,-1.17139474,-0.488715575,1,1,1,1,1,1,1,1,8,0.125,-1.122931455,7.533033E-17,0.866021,-1.296655526
040041,0.6671169089,0.5707605124,-0.231670805,0.7686551275,0.6784137042,-0.038194859,-0.69870321,-0.488715575,1,1,1,1,1,1,1,1,8,0.125,0.1534577255,7.533033E-17,0.866021,0.1771985342
040050,-0.243473324,0.5707605124,-0.231670805,0.7686551275,-1.3029158,-1.00956652,-0.69870321,0.5293884968,1,1,1,1,1,1,1,1,8,0.125,-0.20219069,7.533033E-17,0.866021,-0.233470774
040051,1.5777071423,1.5776682088,0.70891858,0.7686551275,-0.312251048,0.9331768019,0.7193713829,0.5293884968,1,1,1,1,1,1,1,1,8,0.125,0.8128293365,7.533033E-17,0.866021,0.9385787945
040055,-1.154063558,-1.44305488,-1.17226019,-1.277016409,-1.3029158,-1.00956652,-1.17139474,-1.506819647,1,1,1,1,1,1,1,1,8,0.125,-1.254636468,7.533033E-17,0.866021,-1.448736076
040062,-0.243473324,-1.44305488,-0.231670805,-1.277016409,-1.3029158,-1.00956652,-0.226011679,-0.997767611,1,1,1,1,1,1,1,1,8,0.125,-0.841434629,7.533033E-17,0.866021,-0.971609493
040067,0.6671169089,1.5776682088,0.70891858,1.7914908957,1.6690784566,0.9331768019,0.2466798521,2.0565446049,1,1,1,1,1,1,1,1,8,0.125,1.2063342886,7.533033E-17,0.866021,1.3929612668
040069,-1.154063558,-2.449962577,-0.231670805,-2.299852177,-1.3029158,-1.980938182,-2.116777802,-1.506819647,1,1,1,1,1,1,1,1,8,0.125,-1.630375069,7.533033E-17,0.866021,-1.882603638
040071,-1.154063558,0.5707605124,0.70891858,-0.254180641,-0.312251048,-0.038194859,-0.226011679,0.5293884968,1,1,1,1,1,1,1,1,8,0.125,-0.021954274,7.533033E-17,0.866021,-0.025350729
040072,,,,,,,,,0,0,0,0,0,0,0,0,0,,,7.533033E-17,0.866021,
040076,,,,,,,,,0,0,0,0,0,0,0,0,0,,,7.533033E-17,0.866021,
040078,-1.154063558,-2.449962577,-1.17226019,-1.277016409,-1.3029158,-1.980938182,-1.17139474,-0.997767611,1,1,1,1,1,1,1,1,8,0.125,-1.438289883,7.533033E-17,0.866021,-1.66080175
040084,-2.064653791,-0.436147184,-1.17226019,-1.277016409,-1.3029158,-1.00956652,-1.17139474,-0.488715575,1,1,1,1,1,1,1,1,8,0.125,-1.115333776,7.533033E-17,0.866021,-1.287882442
040088,,,,,,,,,0,0,0,0,0,0,0,0,0,,,7.533033E-17,0.866021,
04009F,1.5777071423,1.5776682088,1.6495079648,1.7914908957,0.6784137042,1.904548463,1.6647544446,2.0565446049,1,1,1,1,1,1,1,1,8,0.125,1.6125794285,7.533033E-17,0.866021,1.8620549087
04010F,-0.243473324,0.5707605124,-0.231670805,-0.254180641,-0.312251048,0.9331768019,-0.226011679,-0.997767611,1,1,1,1,1,1,1,1,8,0.125,-0.095177224,7.533033E-17,0.866021,-0.109901698
040114,-0.243473324,0.5707605124,-1.17226019,-0.254180641,-1.3029158,-1.00956652,-0.226011679,-0.997767611,1,1,1,1,1,1,1,1,8,0.125,-0.579426907,7.533033E-17,0.866021,-0.669067642
040118,0.6671169089,0.5707605124,-0.231670805,-0.254180641,-0.312251048,-0.038194859,0.7193713829,0.5293884968,1,1,1,1,1,1,1,1,8,0.125,0.2062924935,7.533033E-17,0.866021,0.2382071502
040119,-0.243473324,-0.436147184,0.70891858,0.7686551275,0.6784137042,-0.038194859,-0.226011679,0.5293884968,1,1,1,1,1,1,1,1,8,0.125,0.2176936078,7.533033E-17,0.866021,0.2513720836
040132,,,,,,,,,0,0,0,0,0,0,0,0,0,,,7.533033E-17,0.866021,
040134,1.5777071423,1.5776682088,1.6495079648,0.7686551275,-0.312251048,0.9331768019,1.6647544446,1.5474925688,1,1,1,1,1,1,1,1,8,0.125,1.1758389013,7.533033E-17,0.866021,1.3577480646
040137,-0.243473324,-0.436147184,0.70891858,-0.254180641,-1.3029158,-0.038194859,-0.226011679,-0.997767611,1,1,1,1,1,1,1,1,8,0.125,-0.348721565,7.533033E-17,0.866021,-0.402670833
040147,1.5777071423,0.5707605124,0.70891858,0.7686551275,1.6690784566,0.9331768019,1.6647544446,2.0565446049,1,1,1,1,1,1,1,1,8,0.125,1.2436994588,7.533033E-17,0.866021,1.4361070476
040153,,,,,,,,,0,0,0,0,0,0,0,0,0,,,7.533033E-17,0.866021,
040154,-0.243473324,-0.436147184,-0.231670805,-0.254180641,-1.3029158,-0.038194859,0.2466798521,1.0384405328,1,1,1,1,1,1,1,1,8,0.125,-0.152682779,7.533033E-17,0.866021,-0.176303698
040156,,,,,,,,,0,0,0,0,0,0,0,0,0,,,7.533033E-17,0.866021,
040161,1.5777071423,1.5776682088,1.6495079648,1.7914908957,-0.312251048,0.9331768019,1.6647544446,2.0565446049,1,1,1,1,1,1,1,1,8,0.125,1.3673248769,7.533033E-17,0.866021,1.5788580418
040164,,,,,,,,,0,0,0,0,0,0,0,0,0,,,7.533033E-17,0.866021,
041300,,,,,,,,,0,0,0,0,0,0,0,0,0,,,7.533033E-17,0.866021,
041302,,,,,,,,,0,0,0,0,0,0,0,0,0,,,7.533033E-17,0.866021,
041303,,,,,,,,,0,0,0,0,0,0,0,0,0,,,7.533033E-17,0.866021,
041305,,,,,,,,,0,0,0,0,0,0,0,0,0,,,7.533033E-17,0.866021,
041306,,,,,,,,,0,0,0,0,0,0,0,0,0,,,7.533033E-17,0.866021,
041307,,,,,,,,,0,0,0,0,0,0,0,0,0,,,7.533033E-17,0.866021,
041308,,,,,,,,,0,0,0,0,0,0,0,0,0,,,7.533033E-17,0.866021,
041309,,,,,,,,,0,0,0,0,0,0,0,0,0,,,7.533033E-17,0.866021,
041310,,,,,,,,,0,0,0,0,0,0,0,0,0,,,7.533033E-17,0.866021,
041311,1.5777071423,1.5776682088,1.6495079648,1.7914908957,0.6784137042,0.9331768019,1.6647544446,2.0565446049,1,1,1,1,1,1,1,1,8,0.125,1.4911579709,7.533033E-17,0.866021,1.7218488406
041312,,,,,,,,,0,0,0,0,0,0,0,0,0,,,7.533033E-17,0.866021,
041313,,,,,,,,,0,0,0,0,0,0,0,0,0,,,7.533033E-17,0.866021,
041317,,,,,,,,,0,0,0,0,0,0,0,0,0,,,7.533033E-17,0.866021,
041318,,,,,,,,,0,0,0,0,0,0,0,0,0,,,7.533033E-17,0.866021,
041320,,,,,,,,,0,0,0,0,0,0,0,0,0,,,7.533033E-17,0.866021,
041321,,,,,,,,,0,0,0,0,0,0,0,0,0,,,7.533033E-17,0.866021,
041322,,,,,,,,,0,0,0,0,0,0,0,0,0,,,7.533033E-17,0.866021,
041323,,,,,,,,,0,0,0,0,0,0,0,0,0,,,7.533033E-17,0.866021,
041324,,,,,,,,,0,0,0,0,0,0,0,0,0,,,7.533033E-17,0.866021,
041326,,,,,,,,,0,0,0,0,0,0,0,0,0,,,7.533033E-17,0.866021,
041327,,,,,,,,,0,0,0,0,0,0,0,0,0,,,7.533033E-17,0.866021,
041328,,,,,,,,,0,0,0,0,0,0,0,0,0,,,7.533033E-17,0.866021,
041329,,,,,,,,,0,0,0,0,0,0,0,0,0,,,7.533033E-17,0.866021,
041330,0.6671169089,0.5707605124,-0.231670805,-1.277016409,-0.312251048,0.9331768019,0.2466798521,1.5474925688,1,1,1,1,1,1,1,1,8,0.125,0.2680360478,7.533033E-17,0.866021,0.3095027939
041331,,,,,,,,,0,0,0,0,0,0,0,0,0,,,7.533033E-17,0.866021,
041332,1.5777071423,1.5776682088,1.6495079648,1.7914908957,0.6784137042,0.9331768019,0.2466798521,0.5293884968,1,1,1,1,1,1,1,1,8,0.125,1.1230041333,7.533033E-17,0.866021,1.2967394486
050002,-1.154063558,-1.44305488,-0.231670805,-1.277016409,-1.3029158,-1.980938182,-1.17139474,-0.488715575,1,1,1,1,1,1,1,1,8,0.125,-1.131221244,7.533033E-17,0.866021,-1.306227794
050006,-1.154063558,-0.436147184,-0.231670805,-1.277016409,0.6784137042,-1.00956652,-1.17139474,-0.997767611,1,1,1,1,1,1,1,1,8,0.125,-0.69990164,7.533033E-17,0.866021,-0.808180523
050007,-0.243473324,0.5707605124,-0.231670805,-0.254180641,-0.312251048,0.9331768019,1.1920629137,0.0203364607,1,1,1,1,1,1,1,1,8,0.125,0.2093451088,7.533033E-17,0.866021,0.241732023
050008,-0.243473324,0.5707605124,-0.231670805,-1.277016409,-0.312251048,-0.038194859,-0.226011679,-0.488715575,1,1,1,1,1,1,1,1,8,0.125,-0.280821648,7.533033E-17,0.866021,-0.324266402
050009,0.6671169089,0.5707605124,0.70891858,-0.254180641,-0.312251048,-0.038194859,0.7193713829,-0.488715575,1,1,1,1,1,1,1,1,8,0.125,0.1966031576,7.533033E-17,0.866021,0.2270188173
050013,-0.243473324,-0.436147184,0.70891858,-0.254180641,0.6784137042,-0.038194859,0.7193713829,-0.488715575,1,1,1,1,1,1,1,1,8,0.125,0.0807490104,7.533033E-17,0.866021,0.0932413552
050014,1.5777071423,0.5707605124,0.70891858,0.7686551275,0.6784137042,-0.038194859,0.7193713829,1.0384405328,1,1,1,1,1,1,1,1,8,0.125,0.7530090154,7.533033E-17,0.866021,0.8695039193
050017,-0.243473324,0.5707605124,0.70891858,0.7686551275,0.6784137042,0.9331768019,0.7193713829,-0.488715575,1,1,1,1,1,1,1,1,8,0.125,0.4558884011,7.533033E-17,0.866021,0.5264170063
050022,-1.154063558,-1.44305488,-1.17226019,-1.277016409,-1.3029158,-1.00956652,-1.17139474,-1.506819647,1,1,1,1,1,1,1,1,8,0.125,-1.254636468,7.533033E-17,0.866021,-1.448736076
050024,-1.154063558,-1.44305488,-0.231670805,-1.277016409,-1.3029158,-1.980938182,-1.644086271,-0.488715575,1,1,1,1,1,1,1,1,8,0.125,-1.190307685,7.533033E-17,0.866021,-1.374455254
050025,-0.243473324,0.5707605124,-0.231670805,0.7686551275,0.6784137042,0.9331768019,0.7193713829,-0.997767611,1,1,1,1,1,1,1,1,8,0.125,0.2746832235,7.533033E-17,0.866021,0.3171783267
050026,-0.243473324,-0.436147184,-0.231670805,-0.254180641,0.6784137042,-0.038194859,-0.226011679,-0.488715575,1,1,1,1,1,1,1,1,8,0.125,-0.154997545,7.533033E-17,0.866021,-0.178976573
050028,0.6671169089,0.5707605124,1.6495079648,0.7686551275,0.6784137042,-1.00956652,-0.226011679,-0.488715575,1,1,1,1,1,1,1,1,8,0.125,0.3262700554,7.533033E-17,0.866021,0.3767459435
050030,-2.064653791,-2.449962577,-2.112849574,-1.277016409,-1.3029158,-1.980938182,-2.116777802,-2.015871683,1,1,1,1,1,1,1,1,8,0.125,-1.915123227,7.533033E-17,0.866021,-2.211404005
050036,-1.154063558,-1.44305488,-0.231670805,-0.254180641,-0.312251048,-1.00956652,-0.226011679,-0.488715575,1,1,1,1,1,1,1,1,8,0.125,-0.639939338,7.533033E-17,0.866021,-0.738941701
050038,-1.154063558,-0.436147184,-0.231670805,-0.254180641,-0.312251048,-1.00956652,-0.226011679,-0.997767611,1,1,1,1,1,1,1,1,8,0.125,-0.577707381,7.533033E-17,0.866021,-0.667082095
050039,-0.243473324,-1.44305488,-0.231670805,-0.254180641,-0.312251048,-1.00956652,0.7193713829,-0.997767611,1,1,1,1,1,1,1,1,8,0.125,-0.471574181,7.533033E-17,0.866021,-0.544529468
050040,-1.154063558,0.5707605124,-1.17226019,-0.254180641,-0.312251048,-1.00956652,-0.226011679,-0.997767611,1,1,1,1,1,1,1,1,8,0.125,-0.569417592,7.533033E-17,0.866021,-0.657509828
050042,0.6671169089,-0.436147184,0.70891858,0.7686551275,0.6784137042,-0.038194859,0.2466798521,0.0203364607,1,1,1,1,1,1,1,1,8,0.125,0.3269723238,7.533033E-17,0.866021,0.3775568569
050043,-1.154063558,0.5707605124,-0.231670805,-0.254180641,-0.312251048,-0.038194859,0.7193713829,0.0203364607,1,1,1,1,1,1,1,1,8,0.125,-0.084986569,7.533033E-17,0.866021,-0.098134489
050045,-1.154063558,-1.44305488,-1.17226019,-1.277016409,-0.312251048,-1.00956652,-1.17139474,-0.997767611,1,1,1,1,1,1,1,1,8,0.125,-1.06717187,7.533033E-17,0.866021,-1.232269607
050047,-0.243473324,0.5707605124,-0.231670805,0.7686551275,-0.312251048,-0.038194859,0.7193713829,0.5293884968,1,1,1,1,1,1,1,1,8,0.125,0.2203231854,7.533033E-17,0.866021,0.2544084723
050054,-0.243473324,-0.436147184,-0.231670805,-0.254180641,0.6784137042,-0.038194859,-0.226011679,0.5293884968,1,1,1,1,1,1,1,1,8,0.125,-0.027734536,7.533033E-17,0.866021,-0.032025232
050055,-0.243473324,-0.436147184,-0.231670805,-0.254180641,-1.3029158,-1.00956652,0.2466798521,0.0203364607,1,1,1,1,1,1,1,1,8,0.125,-0.401367245,7.533033E-17,0.866021,-0.463461108
050056,-1.154063558,-1.44305488,-1.17226019,-1.277016409,-1.3029158,-1.980938182,-2.116777802,-0.997767611,1,1,1,1,1,1,1,1,8,0.125,-1.430599304,7.533033E-17,0.866021,-1.651921393
050057,-1.154063558,-0.436147184,-0.231670805,0.7686551275,-0.312251048,-1.00956652,-0.226011679,-0.997767611,1,1,1,1,1,1,1,1,8,0.125,-0.44985291,7.533033E-17,0.866021,-0.519447789
050058,-1.154063558,-1.44305488,-0.231670805,-0.254180641,-0.312251048,-1.00956652,-0.226011679,-0.488715575,1,1,1,1,1,1,1,1,8,0.125,-0.639939338,7.533033E-17,0.866021,-0.738941701
050060,-1.154063558,-1.44305488,-1.17226019,-0.254180641,-0.312251048,-1.00956652,-0.69870321,-1.506819647,1,1,1,1,1,1,1,1,8,0.125,-0.943862462,7.533033E-17,0.866021,-1.089883511
050063,-2.064653791,-1.44305488,-1.17226019,-1.277016409,-1.3029158,-1.980938182,-1.17139474,-1.506819647,1,1,1,1,1,1,1,1,8,0.125,-1.489881705,7.533033E-17,0.866021,-1.720375129
050067,,,,,,,,,0,0,0,0,0,0,0,0,0,,,7.533033E-17,0.866021,
050069,-0.243473324,-0.436147184,-0.231670805,-0.254180641,0.6784137042,0.9331768019,0.7193713829,0.0203364607,1,1,1,1,1,1,1,1,8,0.125,0.1482282995,7.533033E-17,0.866021,0.1711600854
050070,-0.243473324,0.5707605124,0.70891858,0.7686551275,-0.312251048,-0.038194859,0.7193713829,-0.997767611,1,1,1,1,1,1,1,1,8,0.125,0.147002345,7.533033E-17,0.866021,0.1697444685
050071,-1.154063558,0.5707605124,-0.231670805,-0.254180641,-0.312251048,-0.038194859,-0.226011679,-0.488715575,1,1,1,1,1,1,1,1,8,0.125,-0.266790957,7.533033E-17,0.866021,-0.30806508
050072,-1.154063558,0.5707605124,-1.17226019,-1.277016409,-0.312251048,-0.038194859,-0.69870321,-1.506819647,1,1,1,1,1,1,1,1,8,0.125,-0.698568551,7.533033E-17,0.866021,-0.806641196
050073,-0.243473324,0.5707605124,-1.17226019,-0.254180641,0.6784137042,-0.038194859,0.7193713829,-0.488715575,1,1,1,1,1,1,1,1,8,0.125,-0.028534874,7.533033E-17,0.866021,-0.032949386
050075,-1.154063558,0.5707605124,-1.17226019,-1.277016409,-0.312251048,-1.00956652,-0.226011679,-0.488715575,1,1,1,1,1,1,1,1,8,0.125,-0.633640558,7.533033E-17,0.866021,-0.731668463
050076,-0.243473324,0.5707605124,-0.231670805,-0.254180641,-0.312251048,-0.038194859,-0.226011679,-1.506819647,1,1,1,1,1,1,1,1,8,0.125,-0.280230186,7.533033E-17,0.866021,-0.323583437
050077,-0.243473324,-0.436147184,-1.17226019,-0.254180641,-0.312251048,-0.038194859,-0.226011679,-0.997767611,1,1,1,1,1,1,1,1,8,0.125,-0.460035817,7.533033E-17,0.866021,-0.531206052
050078,-0.243473324,0.5707605124,-0.231670805,0.7686551275,0.6784137042,-0.038194859,-0.226011679,0.0203364607,1,1,1,1,1,1,1,1,8,0.125,0.1623518922,7.533033E-17,0.866021,0.1874686806
050082,-1.154063558,-0.436147184,-1.17226019,-0.254180641,-0.312251048,-1.00956652,-0.226011679,-0.997767611,1,1,1,1,1,1,1,1,8,0.125,-0.695281054,7.533033E-17,0.866021,-0.802845104
050084,-0.243473324,0.5707605124,-0.231670805,0.7686551275,0.6784137042,0.9331768019,-0.226011679,-1.506819647,1,1,1,1,1,1,1,1,8,0.125,0.0928788363,7.533033E-17,0.866021,0.1072477362
050089,-1.154063558,-1.44305488,-1.17226019,-0.254180641,-0.312251048,-1.00956652,-0.226011679,-0.488715575,1,1,1,1,1,1,1,1,8,0.125,-0.757513011,7.533033E-17,0.866021,-0.87470471
050090,-0.243473324,-0.436147184,1.6495079648,0.7686551275,0.6784137042,-1.00956652,-0.226011679,0.0203364607,1,1,1,1,1,1,1,1,8,0.125,0.1502143187,7.533033E-17,0.866021,0.1734533534
050091,-2.064653791,-2.449962577,-2.112849574,-2.299852177,-2.293580553,-1.980938182,-2.116777802,-1.506819647,1,1,1,1,1,1,1,1,8,0.125,-2.103179288,7.533033E-17,0.866021,-2.428553439
050093,-1.154063558,-1.44305488,-1.17226019,-1.277016409,-0.312251048,-1.00956652,-0.69870321,-0.488715575,1,1,1,1,1,1,1,1,8,0.125,-0.944453924,7.533033E-17,0.866021,-1.090566476
050099,-1.154063558,-1.44305488,-1.17226019,-1.277016409,-1.3029158,-1.00956652,-0.226011679,-0.997767611,1,1,1,1,1,1,1,1,8,0.125,-1.072832081,7.533033E-17,0.866021,-1.238805486
050100,0.6671169089,-0.436147184,-0.231670805,0.7686551275,0.6784137042,0.9331768019,0.7193713829,0.0203364607,1,1,1,1,1,1,1,1,8,0.125,0.3899065497,7.533033E-17,0.866021,0.450227376
050101,-0.243473324,-0.436147184,-0.231670805,-0.254180641,0.6784137042,-0.038194859,-0.226011679,-0.997767611,1,1,1,1,1,1,1,1,8,0.125,-0.21862905,7.533033E-17,0.866021,-0.252452244
050102,-1.154063558,-0.436147184,-0.231670805,-0.254180641,-0.312251048,-1.00956652,-0.69870321,0.0203364607,1,1,1,1,1,1,1,1,8,0.125,-0.509530813,7.533033E-17,0.866021,-0.588358213
050103,-1.154063558,-1.44305488,-1.17226019,-1.277016409,-1.3029158,-1.00956652,-1.17139474,-0.997767611,1,1,1,1,1,1,1,1,8,0.125,-1.191004964,7.533033E-17,0.866021,-1.375260406
050104,-1.154063558,-1.44305488,-1.17226019,-1.277016409,-1.3029158,-1.980938182,-1.17139474,-0.997767611,1,1,1,1,1,1,1,1,8,0.125,-1.312426421,7.533033E-17,0.866021,-1.515466474
050107,-0.243473324,-0.436147184,-0.231670805,-0.254180641,0.6784137042,-1.00956652,-0.226011679,0.0203364607,1,1,1,1,1,1,1,1,8,0.125,-0.212787499,7.533033E-17,0.866021,-0.245706971
050108,-0.243473324,0.5707605124,-0.231670805,-0.254180641,0.6784137042,0.9331768019,0.7193713829,0.0203364607,1,1,1,1,1,1,1,1,8,0.125,0.2740917615,7.533033E-17,0.866021,0.316495362
050110,-1.154063558,-1.44305488,-1.17226019,-0.254180641,0.6784137042,-1.00956652,-1.644086271,-0.488715575,1,1,1,1,1,1,1,1,8,0.125,-0.810939241,7.533033E-17,0.866021,-0.936396291
050112,-0.243473324,-0.436147184,-1.17226019,-0.254180641,-0.312251048,-0.038194859,0.7193713829,-0.488715575,1,1,1,1,1,1,1,1,8,0.125,-0.27823143,7.533033E-17,0.866021,-0.321275461
050113,-1.154063558,-0.436147184,-0.231670805,0.7686551275,-0.312251048,0.9331768019,0.2466798521,0.0203364607,1,1,1,1,1,1,1,1,8,0.125,-0.020660544,7.533033E-17,0.866021,-0.023856851
050115,-1.154063558,-1.44305488,-1.17226019,-1.277016409,-0.312251048,-1.00956652,-0.226011679,-0.997767611,1,1,1,1,1,1,1,1,8,0.125,-0.948998987,7.533033E-17,0.866021,-1.095814687
050116,-0.243473324,-0.436147184,-0.231670805,-0.254180641,-0.312251048,-1.00956652,-0.226011679,-0.997767611,1,1,1,1,1,1,1,1,8,0.125,-0.463883602,7.533033E-17,0.866021,-0.535649111
050118,-0.243473324,-1.44305488,-0.231670805,-0.254180641,-0.312251048,-1.00956652,-1.17139474,-0.997767611,1,1,1,1,1,1,1,1,8,0.125,-0.707919946,7.533033E-17,0.866021,-0.817439307
050121,-1.154063558,-1.44305488,-1.17226019,-1.277016409,0.6784137042,-1.00956652,-1.17139474,0.0203364607,1,1,1,1,1,1,1,1,8,0.125,-0.816075767,7.533033E-17,0.866021,-0.942327466
050122,-1.154063558,-1.44305488,-2.112849574,-1.277016409,-0.312251048,-1.980938182,-1.17139474,-0.997767611,1,1,1,1,1,1,1,1,8,0.125,-1.306167,7.533033E-17,0.866021,-1.508238684
050124,-0.243473324,-0.436147184,-0.231670805,-0.254180641,-1.3029158,-1.00956652,-0.226011679,-0.997767611,1,1,1,1,1,1,1,1,8,0.125,-0.587716696,7.533033E-17,0.866021,-0.67863991
050125,-1.154063558,-1.44305488,-1.17226019,-1.277016409,-0.312251048,-1.00956652,-1.17139474,-0.488715575,1,1,1,1,1,1,1,1,8,0.125,-1.003540365,7.533033E-17,0.866021,-1.158793936
050126,-1.154063558,-1.44305488,-0.231670805,-0.254180641,-0.312251048,-1.00956652,-0.226011679,-0.997767611,1,1,1,1,1,1,1,1,8,0.125,-0.703570843,7.533033E-17,0.866021,-0.812417372
050127,-0.243473324,0.5707605124,-0.231670805,0.7686551275,0.6784137042,0.9331768019,-0.226011679,-0.488715575,1,1,1,1,1,1,1,1,8,0.125,0.2201418453,7.533033E-17,0.866021,0.2541990779
050128,-2.064653791,-1.44305488,-1.17226019,-1.277016409,-1.3029158,-1.980938182,-2.116777802,-1.506819647,1,1,1,1,1,1,1,1,8,0.125,-1.608054588,7.533033E-17,0.866021,-1.856830049
050129,-0.243473324,-0.436147184,-1.17226019,-0.254180641,-0.312251048,-0.038194859,-0.226011679,-0.488715575,1,1,1,1,1,1,1,1,8,0.125,-0.396404313,7.533033E-17,0.866021,-0.457730381
050131,0.6671169089,1.5776682088,0.70891858,0.7686551275,1.6690784566,0.9331768019,1.1920629137,0.0203364607,1,1,1,1,1,1,1,1,8,0.125,0.9421266823,7.533033E-17,0.866021,1.0878791967
050132,-0.243473324,0.5707605124,-0.231670805,0.7686551275,-0.312251048,-0.038194859,-0.226011679,-0.488715575,1,1,1,1,1,1,1,1,8,0.125,-0.025112706,7.533033E-17,0.866021,-0.028997789
050133,-1.154063558,-1.44305488,-1.17226019,-0.254180641,0.6784137042,-1.00956652,-2.116777802,-1.506819647,1,1,1,1,1,1,1,1,8,0.125,-0.997288692,7.533033E-17,0.866021,-1.151575092
050135,-2.064653791,-2.449962577,-2.112849574,-2.299852177,-2.293580553,-1.980938182,-2.116777802,-2.015871683,1,1,1,1,1,1,1,1,8,0.125,-2.166810792,7.533033E-17,0.866021,-2.50202911
050136,-0.243473324,-0.436147184,-0.231670805,-1.277016409,-0.312251048,-0.038194859,-0.226011679,-0.488715575,1,1,1,1,1,1,1,1,8,0.125,-0.40668511,7.533033E-17,0.866021,-0.469601678
050137,-0.243473324,0.5707605124,-0.231670805,0.7686551275,-1.3029158,-0.038194859,0.7193713829,-0.488715575,1,1,1,1,1,1,1,1,8,0.125,-0.030772918,7.533033E-17,0.866021,-0.035533668
050138,-0.243473324,0.5707605124,-0.231670805,-0.254180641,-0.312251048,-0.038194859,0.7193713829,-0.488715575,1,1,1,1,1,1,1,1,8,0.125,-0.034794295,7.533033E-17,0.866021,-0.040177176
050139,-0.243473324,0.5707605124,-0.231670805,0.7686551275,-0.312251048,-0.038194859,0.7193713829,0.0203364607,1,1,1,1,1,1,1,1,8,0.125,0.1566916809,7.533033E-17,0.866021,0.1809328014
050140,0.6671169089,0.5707605124,0.70891858,0.7686551275,0.6784137042,0.9331768019,0.7193713829,0.0203364607,1,1,1,1,1,1,1,1,8,0.125,0.6333436848,7.533033E-17,0.866021,0.7313256615
050145,0.6671169089,0.5707605124,0.70891858,0.7686551275,-1.3029158,0.9331768019,1.1920629137,0.0203364607,1,1,1,1,1,1,1,1,8,0.125,0.4447639381,7.533033E-17,0.866021,0.5135715237
050149,-2.064653791,-2.449962577,-1.17226019,-1.277016409,-1.3029158,-1.00956652,-1.17139474,-1.506819647,1,1,1,1,1,1,1,1,8,0.125,-1.494323709,7.533033E-17,0.866021,-1.725504337
050150,0.6671169089,-0.436147184,-0.231670805,0.7686551275,0.6784137042,-1.00956652,-1.17139474,-0.997767611,1,1,1,1,1,1,1,1,8,0.125,-0.21654514,7.533033E-17,0.866021,-0.250045941
050152,-1.154063558,-0.436147184,-1.17226019,-0.254180641,-0.312251048,-1.00956652,-0.226011679,-0.488715575,1,1,1,1,1,1,1,1,8,0.125,-0.631649549,7.533033E-17,0.866021,-0.729369433
050158,-2.064653791,-1.44305488,-2.112849574,-2.299852177,-2.293580553,-1.980938182,-2.116777802,-1.506819647,1,1,1,1,1,1,1,1,8,0.125,-1.977315826,7.533033E-17,0.866021,-2.283218162
050159,-1.154063558,-1.44305488,-1.17226019,-1.277016409,-1.3029158,-1.00956652,-1.17139474,-0.997767611,1,1,1,1,1,1,1,1,8,0.125,-1.191004964,7.533033E-17,0.866021,-1.375260406
050167,-2.064653791,-1.44305488,-1.17226019,-1.277016409,-1.3029158,-1.980938182,-1.17139474,-1.506819647,1,1,1,1,1,1,1,1,8,0.125,-1.489881705,7.533033E-17,0.866021,-1.720375129
050168,-0.243473324,-0.436147184,-0.231670805,-0.254180641,-0.312251048,0.9331768019,0.7193713829,0.0203364607,1,1,1,1,1,1,1,1,8,0.125,0.0243952054,7.533033E-17,0.866021,0.0281692866
050169,-0.243473324,-0.436147184,0.70891858,0.7686551275,-0.312251048,-0.038194859,0.7193713829,0.5293884968,1,1,1,1,1,1,1,1,8,0.125,0.2120333964,7.533033E-17,0.866021,0.2448362044
050174,-1.154063558,-1.44305488,-1.17226019,-1.277016409,0.6784137042,-1.00956652,-0.69870321,-0.997767611,1,1,1,1,1,1,1,1,8,0.125,-0.884252334,7.533033E-17,0.866021,-1.021051348
050179,-1.154063558,-2.449962577,-1.17226019,-1.277016409,-1.3029158,-1.980938182,-1.644086271,-0.997767611,1,1,1,1,1,1,1,1,8,0.125,-1.497376325,7.533033E-17,0.866021,-1.72902921
050180,-1.154063558,-0.436147184,-0.231670805,-1.277016409,-0.312251048,-0.038194859,0.2466798521,-0.997767611,1,1,1,1,1,1,1,1,8,0.125,-0.525053953,7.533033E-17,0.866021,-0.606282874
050191,-1.154063558,-1.44305488,-1.17226019,-0.254180641,-0.312251048,-1.00956652,-0.226011679,0.0203364607,1,1,1,1,1,1,1,1,8,0.125,-0.693881507,7.533033E-17,0.866021,-0.801229039
050192,-1.154063558,-1.44305488,-1.17226019,-1.277016409,-0.312251048,-1.00956652,-1.17139474,-0.488715575,1,1,1,1,1,1,1,1,8,0.125,-1.003540365,7.533033E-17,0.866021,-1.158793936
050194,-1.154063558,-1.44305488,-0.231670805,-0.254180641,-1.3029158,-1.00956652,-1.17139474,-0.997767611,1,1,1,1,1,1,1,1,8,0.125,-0.94557682,7.533033E-17,0.866021,-1.09186309
050195,-0.243473324,-0.436147184,-0.231670805,-0.254180641,0.6784137042,0.9331768019,0.7193713829,0.0203364607,1,1,1,1,1,1,1,1,8,0.125,0.1482282995,7.533033E-17,0.866021,0.1711600854
050197,0.6671169089,0.5707605124,-0.231670805,-0.254180641,0.6784137042,0.9331768019,0.7193713829,0.5293884968,1,1,1,1,1,1,1,1,8,0.125,0.4515470452,7.533033E-17,0.866021,0.5214040172
050204,-1.154063558,-1.44305488,-1.17226019,-1.277016409,-1.3029158,-1.00956652,-0.226011679,0.0203364607,1,1,1,1,1,1,1,1,8,0.125,-0.945569072,7.533033E-17,0.866021,-1.091854144
050211,-1.154063558,-0.436147184,-1.17226019,-1.277016409,-1.3029158,-1.00956652,-0.226011679,-1.506819647,1,1,1,1,1,1,1,1,8,0.125,-1.010600123,7.533033E-17,0.866021,-1.16694588
050222,-0.243473324,-0.436147184,-0.231670805,-0.254180641,-0.312251048,0.9331768019,0.2466798521,0.0203364607,1,1,1,1,1,1,1,1,8,0.125,-0.034691236,7.533033E-17,0.866021,-0.040058173
050224,-0.243473324,0.5707605124,-0.231670805,0.7686551275,-0.312251048,0.9331768019,1.1920629137,0.5293884968,1,1,1,1,1,1,1,1,8,0.125,0.4008310844,7.533033E-17,0.866021,0.4628420002
050226,-1.154063558,-1.44305488,-0.231670805,-1.277016409,-1.3029158,-1.00956652,-1.17139474,-0.488715575,1,1,1,1,1,1,1,1,8,0.125,-1.009799786,7.533033E-17,0.866021,-1.166021726
050228,-1.154063558,-0.436147184,-0.231670805,-0.254180641,-0.312251048,-1.00956652,0.7193713829,-0.488715575,1,1,1,1,1,1,1,1,8,0.125,-0.395902994,7.533033E-17,0.866021,-0.457151505
050230,-2.064653791,-2.449962577,-0.231670805,-1.277016409,-2.293580553,-1.980938182,-1.644086271,-0.997767611,1,1,1,1,1,1,1,1,8,0.125,-1.617459525,7.533033E-17,0.866021,-1.867689984
050231,-0.243473324,-1.44305488,-0.231670805,-0.254180641,-1.3029158,-1.00956652,-0.226011679,-0.997767611,1,1,1,1,1,1,1,1,8,0.125,-0.713580158,7.533033E-17,0.866021,-0.823975186
050232,0.6671169089,0.5707605124,0.70891858,-0.254180641,0.6784137042,-0.038194859,0.2466798521,-0.997767611,1,1,1,1,1,1,1,1,8,0.125,0.1977183058,7.533033E-17,0.866021,0.2283064854
050234,0.6671169089,0.5707605124,0.70891858,0.7686551275,0.6784137042,0.9331768019,0.7193713829,0.5293884968,1,1,1,1,1,1,1,1,8,0.125,0.6969751893,7.533033E-17,0.866021,0.8048013323
050235,-0.243473324,-1.44305488,-0.231670805,-0.254180641,-1.3029158,-1.00956652,-0.226011679,-0.488715575,1,1,1,1,1,1,1,1,8,0.125,-0.649948653,7.533033E-17,0.866021,-0.750499516
050236,-0.243473324,-1.44305488,-0.231670805,-1.277016409,-0.312251048,-1.00956652,-0.226011679,0.0203364607,1,1,1,1,1,1,1,1,8,0.125,-0.590338526,7.533033E-17,0.866021,-0.681667352
050238,-1.154063558,-0.436147184,-1.17226019,-1.277016409,-1.3029158,-1.00956652,-1.17139474,-0.997767611,1,1,1,1,1,1,1,1,8,0.125,-1.065141502,7.533033E-17,0.866021,-1.229925129
050239,-1.154063558,-1.44305488,-0.231670805,-0.254180641,-0.312251048,-0.038194859,-0.226011679,0.0203364607,1,1,1,1,1,1,1,1,8,0.125,-0.454886376,7.533033E-17,0.866021,-0.525259962
050242,-0.243473324,0.5707605124,-0.231670805,0.7686551275,0.6784137042,-0.038194859,-0.226011679,-0.997767611,1,1,1,1,1,1,1,1,8,0.125,0.0350888832,7.533033E-17,0.866021,0.0405173389
050243,-1.154063558,-1.44305488,-1.17226019,-1.277016409,-1.3029158,-1.00956652,-1.17139474,-1.506819647,1,1,1,1,1,1,1,1,8,0.125,-1.254636468,7.533033E-17,0.866021,-1.448736076
050245,-1.154063558,-1.44305488,-1.17226019,-0.254180641,-1.3029158,-1.00956652,-1.17139474,-1.506819647,1,1,1,1,1,1,1,1,8,0.125,-1.126781997,7.533033E-17,0.866021,-1.30110177
050248,-1.154063558,-0.436147184,-1.17226019,-0.254180641,-0.312251048,-1.00956652,-0.226011679,-0.997767611,1,1,1,1,1,1,1,1,8,0.125,-0.695281054,7.533033E-17,0.866021,-0.802845104
050254,0.6671169089,-0.436147184,-0.231670805,-0.254180641,-0.312251048,-1.00956652,0.7193713829,-0.488715575,1,1,1,1,1,1,1,1,8,0.125,-0.168255435,7.533033E-17,0.866021,-0.194285536
050257,,,,,,,,,0,0,0,0,0,0,0,0,0,,,7.533033E-17,0.866021,
05025F,-1.154063558,-0.436147184,-0.231670805,-0.254180641,0.6784137042,0.9331768019,-0.226011679,-0.997767611,1,1,1,1,1,1,1,1,8,0.125,-0.211031371,7.533033E-17,0.866021,-0.24367916
050261,-0.243473324,-0.436147184,-0.231670805,-0.254180641,-0.312251048,-1.00956652,-1.17139474,-0.997767611,1,1,1,1,1,1,1,1,8,0.125,-0.582056484,7.533033E-17,0.866021,-0.672104031
050262,-0.243473324,0.5707605124,-0.231670805,-0.254180641,0.6784137042,0.9331768019,0.7193713829,-0.997767611,1,1,1,1,1,1,1,1,8,0.125,0.1468287525,7.533033E-17,0.866021,0.1695440203
050272,-0.243473324,-0.436147184,-0.231670805,-0.254180641,-0.312251048,-0.038194859,0.7193713829,0.0203364607,1,1,1,1,1,1,1,1,8,0.125,-0.097026252,7.533033E-17,0.866021,-0.112036782
050276,-0.243473324,0.5707605124,-0.231670805,0.7686551275,0.6784137042,-0.038194859,0.7193713829,0.0203364607,1,1,1,1,1,1,1,1,8,0.125,0.2805247749,7.533033E-17,0.866021,0.3239236002
050278,-0.243473324,-0.436147184,0.70891858,-0.254180641,0.6784137042,-0.038194859,0.7193713829,-0.488715575,1,1,1,1,1,1,1,1,8,0.125,0.0807490104,7.533033E-17,0.866021,0.0932413552
050279,-1.154063558,-2.449962577,-1.17226019,-1.277016409,-1.3029158,-1.980938182,-2.116777802,-1.506819647,1,1,1,1,1,1,1,1,8,0.125,-1.620094271,7.533033E-17,0.866021,-1.870732341
05027F,-1.154063558,-0.436147184,-0.231670805,-0.254180641,-1.3029158,-0.038194859,-0.69870321,-1.506819647,1,1,1,1,1,1,1,1,8,0.125,-0.702836963,7.533033E-17,0.866021,-0.811569957
050280,-0.243473324,-1.44305488,-0.231670805,-0.254180641,0.6784137042,-1.00956652,0.2466798521,-0.997767611,1,1,1,1,1,1,1,1,8,0.125,-0.406827528,7.533033E-17,0.866021,-0.469766129
050281,-1.154063558,-1.44305488,-0.231670805,0.7686551275,-0.312251048,-0.038194859,-0.226011679,0.0203364607,1,1,1,1,1,1,1,1,8,0.125,-0.327031905,7.533033E-17,0.866021,-0.377625656
050283,-0.243473324,0.5707605124,-0.231670805,-0.254180641,0.6784137042,0.9331768019,0.7193713829,-0.997767611,1,1,1,1,1,1,1,1,8,0.125,0.1468287525,7.533033E-17,0.866021,0.1695440203
050289,-1.154063558,-1.44305488,-1.17226019,-1.277016409,-1.3029158,-1.00956652,-2.116777802,-2.015871683,1,1,1,1,1,1,1,1,8,0.125,-1.436440855,7.533033E-17,0.866021,-1.658666667
050290,-0.243473324,-0.436147184,-1.17226019,-1.277016409,-0.312251048,-0.038194859,0.7193713829,0.0203364607,1,1,1,1,1,1,1,1,8,0.125,-0.342454396,7.533033E-17,0.866021,-0.395434097
050291,-0.243473324,0.5707605124,-0.231670805,0.7686551275,0.6784137042,0.9331768019,1.1920629137,0.0203364607,1,1,1,1,1,1,1,1,8,0.125,0.4610326739,7.533033E-17,0.866021,0.5323571282
050292,-1.154063558,-1.44305488,-1.17226019,-1.277016409,-0.312251048,-0.038194859,-0.69870321,-1.506819647,1,1,1,1,1,1,1,1,8,0.125,-0.950295475,7.533033E-17,0.866021,-1.09731175
050295,-1.154063558,-1.44305488,-1.17226019,0.7686551275,-1.3029158,-1.00956652,-0.226011679,-1.506819647,1,1,1,1,1,1,1,1,8,0.125,-0.880754643,7.533033E-17,0.866021,-1.017012544
050298,-0.243473324,-1.44305488,-0.231670805,0.7686551275,-0.312251048,-1.00956652,-0.69870321,0.5293884968,1,1,1,1,1,1,1,1,8,0.125,-0.33008452,7.533033E-17,0.866021,-0.381150529
050300,-2.064653791,-2.449962577,-2.112849574,-1.277016409,-1.3029158,-1.980938182,-2.116777802,-1.506819647,1,1,1,1,1,1,1,1,8,0.125,-1.851491723,7.533033E-17,0.866021,-2.137928334
050301,-0.243473324,-1.44305488,-0.231670805,-0.254180641,0.6784137042,-1.00956652,-1.17139474,-0.997767611,1,1,1,1,1,1,1,1,8,0.125,-0.584086852,7.533033E-17,0.866021,-0.674448509
050305,-1.154063558,-1.44305488,-2.112849574,-1.277016409,-1.3029158,-1.00956652,-1.17139474,-1.506819647,1,1,1,1,1,1,1,1,8,0.125,-1.372210141,7.533033E-17,0.866021,-1.584499085
050308,-0.243473324,0.5707605124,-0.231670805,-0.254180641,0.6784137042,0.9331768019,0.7193713829,-0.488715575,1,1,1,1,1,1,1,1,8,0.125,0.210460257,7.533033E-17,0.866021,0.2430196912
050309,-0.243473324,-0.436147184,-0.231670805,-0.254180641,-0.312251048,-0.038194859,0.7193713829,-0.488715575,1,1,1,1,1,1,1,1,8,0.125,-0.160657757,7.533033E-17,0.866021,-0.185512452
05030F,-0.243473324,0.5707605124,-0.231670805,0.7686551275,-1.3029158,-0.038194859,-0.226011679,-0.488715575,1,1,1,1,1,1,1,1,8,0.125,-0.1489458,7.533033E-17,0.866021,-0.171988588
050313,-1.154063558,-0.436147184,-1.17226019,-1.277016409,-0.312251048,0.9331768019,-0.226011679,0.0203364607,1,1,1,1,1,1,1,1,8,0.125,-0.453029601,7.533033E-17,0.866021,-0.523115933
050315,-2.064653791,-1.44305488,-1.17226019,-1.277016409,-0.312251048,-1.00956652,-1.644086271,-1.506819647,1,1,1,1,1,1,1,1,8,0.125,-1.303713595,7.533033E-17,0.866021,-1.505405722
05031F,0.6671169089,0.5707605124,0.70891858,1.7914908957,0.6784137042,1.904548463,1.1920629137,0.5293884968,1,1,1,1,1,1,1,1,8,0.125,1.0053375593,7.533033E-17,0.866021,1.1608691666
050320,-1.154063558,-0.436147184,-1.17226019,-0.254180641,-1.3029158,-1.980938182,-0.226011679,-0.997767611,1,1,1,1,1,1,1,1,8,0.125,-0.940535606,7.533033E-17,0.866021,-1.086041971
050324,0.6671169089,0.5707605124,-0.231670805,0.7686551275,0.6784137042,0.9331768019,1.1920629137,0.5293884968,1,1,1,1,1,1,1,1,8,0.125,0.6384879576,7.533033E-17,0.866021,0.7372657833
050327,-0.243473324,-0.436147184,-0.231670805,-0.254180641,0.6784137042,-0.038194859,1.1920629137,0.0203364607,1,1,1,1,1,1,1,1,8,0.125,0.0858932832,7.533033E-17,0.866021,0.0991814771
050329,-1.154063558,-1.44305488,-1.17226019,-0.254180641,-1.3029158,-1.00956652,-1.17139474,-1.506819647,1,1,1,1,1,1,1,1,8,0.125,-1.126781997,7.533033E-17,0.866021,-1.30110177
050334,-0.243473324,0.5707605124,0.70891858,0.7686551275,0.6784137042,0.9331768019,0.7193713829,0.0203364607,1,1,1,1,1,1,1,1,8,0.125,0.5195199057,7.533033E-17,0.866021,0.5998926772
050335,0.6671169089,0.5707605124,0.70891858,-0.254180641,0.6784137042,-0.038194859,-0.226011679,-1.506819647,1,1,1,1,1,1,1,1,8,0.125,0.0750003599,7.533033E-17,0.866021,0.0866033548
050336,-1.154063558,-1.44305488,-1.17226019,-1.277016409,0.6784137042,-1.00956652,-0.69870321,-0.488715575,1,1,1,1,1,1,1,1,8,0.125,-0.82062083,7.533033E-17,0.866021,-0.947575677
050342,-1.154063558,-1.44305488,-1.17226019,-0.254180641,-1.3029158,-1.00956652,-1.17139474,0.0203364607,1,1,1,1,1,1,1,1,8,0.125,-0.935887484,7.533033E-17,0.866021,-1.080674758
050348,-0.243473324,0.5707605124,0.70891858,0.7686551275,0.6784137042,0.9331768019,0.7193713829,0.0203364607,1,1,1,1,1,1,1,1,8,0.125,0.5195199057,7.533033E-17,0.866021,0.5998926772
050350,,,,,,,,,0,0,0,0,0,0,0,0,0,,,7.533033E-17,0.866021,
050351,0.6671169089,-0.436147184,-0.231670805,-0.254180641,-0.312251048,0.9331768019,1.1920629137,0.0203364607,1,1,1,1,1,1,1,1,8,0.125,0.197305426,7.533033E-17,0.866021,0.2278297307
050352,0.6671169089,0.5707605124,-0.231670805,1.7914908957,1.6690784566,0.9331768019,0.7193713829,0.5293884968,1,1,1,1,1,1,1,1,8,0.125,0.8310890813,7.533033E-17,0.866021,0.9596634287
050353,-0.243473324,-0.436147184,-1.17226019,-1.277016409,-1.3029158,-0.038194859,-0.226011679,-0.488715575,1,1,1,1,1,1,1,1,8,0.125,-0.648091878,7.533033E-17,0.866021,-0.748355486
050357,1.5777071423,0.5707605124,1.6495079648,0.7686551275,0.6784137042,0.9331768019,1.6647544446,1.5474925688,1,1,1,1,1,1,1,1,8,0.125,1.1738085333,7.533033E-17,0.866021,1.3554035868
050360,-1.154063558,-1.44305488,-0.231670805,-1.277016409,-0.312251048,-1.00956652,0.2466798521,-0.488715575,1,1,1,1,1,1,1,1,8,0.125,-0.708707368,7.533033E-17,0.866021,-0.818348548
050367,-0.243473324,-0.436147184,-0.231670805,-1.277016409,0.6784137042,-1.00956652,-0.226011679,-0.997767611,1,1,1,1,1,1,1,1,8,0.125,-0.467904979,7.533033E-17,0.866021,-0.540292619
050373,-1.154063558,-0.436147184,-1.17226019,-0.254180641,-1.3029158,-1.00956652,-0.226011679,-0.488715575,1,1,1,1,1,1,1,1,8,0.125,-0.755482643,7.533033E-17,0.866021,-0.872360232
050376,-1.154063558,-0.436147184,-1.17226019,-1.277016409,-1.3029158,-1.00956652,-1.17139474,-2.015871683,1,1,1,1,1,1,1,1,8,0.125,-1.192404511,7.533033E-17,0.866021,-1.376876471
050378,-2.064653791,-2.449962577,-2.112849574,-1.277016409,-2.293580553,-1.980938182,-2.116777802,-1.506819647,1,1,1,1,1,1,1,1,8,0.125,-1.975324817,7.533033E-17,0.866021,-2.280919133
050380,-1.154063558,-1.44305488,-1.17226019,-1.277016409,-1.3029158,-1.00956652,-1.17139474,-1.506819647,1,1,1,1,1,1,1,1,8,0.125,-1.254636468,7.533033E-17,0.866021,-1.448736076
050382,-1.154063558,-1.44305488,-1.17226019,-1.277016409,-1.3029158,-1.00956652,-1.17139474,-1.506819647,1,1,1,1,1,1,1,1,8,0.125,-1.254636468,7.533033E-17,0.866021,-1.448736076
050390,-2.064653791,-2.449962577,-2.112849574,-2.299852177,-1.3029158,-1.980938182,-2.116777802,-2.015871683,1,1,1,1,1,1,1,1,8,0.125,-2.042977698,7.533033E-17,0.866021,-2.359038311
050393,-0.243473324,-1.44305488,-0.231670805,-0.254180641,-1.3029158,-1.00956652,-0.226011679,0.0203364607,1,1,1,1,1,1,1,1,8,0.125,-0.586317149,7.533033E-17,0.866021,-0.677023845
050394,-0.243473324,0.5707605124,-0.231670805,-0.254180641,0.6784137042,0.9331768019,0.7193713829,0.5293884968,1,1,1,1,1,1,1,1,8,0.125,0.337723266,7.533033E-17,0.866021,0.3899710329
050396,0.6671169089,0.5707605124,-0.231670805,0.7686551275,0.6784137042,0.9331768019,1.1920629137,1.0384405328,1,1,1,1,1,1,1,1,8,0.125,0.7021194621,7.533033E-17,0.866021,0.8107414542
050407,-1.154063558,-1.44305488,-0.231670805,-0.254180641,-1.3029158,0.9331768019,-0.226011679,0.5293884968,1,1,1,1,1,1,1,1,8,0.125,-0.393666508,7.533033E-17,0.866021,-0.454569022
050411,-0.243473324,-0.436147184,-0.231670805,-0.254180641,-0.312251048,-0.038194859,0.7193713829,0.0203364607,1,1,1,1,1,1,1,1,8,0.125,-0.097026252,7.533033E-17,0.866021,-0.112036782
050414,-0.243473324,-0.436147184,-0.231670805,-0.254180641,0.6784137042,-1.00956652,-0.226011679,-0.997767611,1,1,1,1,1,1,1,1,8,0.125,-0.340050508,7.533033E-17,0.866021,-0.392658312
050417,-0.243473324,-0.436147184,-0.231670805,-0.254180641,-0.312251048,-1.00956652,-1.17139474,0.0203364607,1,1,1,1,1,1,1,1,8,0.125,-0.454793475,7.533033E-17,0.866021,-0.525152689
050424,0.6671169089,1.5776682088,-0.231670805,0.7686551275,1.6690784566,0.9331768019,1.1920629137,0.0203364607,1,1,1,1,1,1,1,1,8,0.125,0.8245530092,7.533033E-17,0.866021,0.9521161879
050425,-1.154063558,0.5707605124,-1.17226019,-0.254180641,-0.312251048,-1.00956652,-1.17139474,-1.506819647,1,1,1,1,1,1,1,1,8,0.125,-0.751221979,7.533033E-17,0.866021,-0.867440418
050426,-2.064653791,-1.44305488,-1.17226019,-1.277016409,-2.293580553,-1.980938182,-1.17139474,-0.997767611,1,1,1,1,1,1,1,1,8,0.125,-1.550083295,7.533033E-17,0.866021,-1.789890257
050438,-0.243473324,-0.436147184,-0.231670805,-0.254180641,-1.3029158,-1.00956652,0.7193713829,-0.488715575,1,1,1,1,1,1,1,1,8,0.125,-0.405912308,7.533033E-17,0.866021,-0.468709319
050441,0.6671169089,0.5707605124,0.70891858,0.7686551275,0.6784137042,1.904548463,1.1920629137,0.5293884968,1,1,1,1,1,1,1,1,8,0.125,0.8774830883,7.533033E-17,0.866021,1.0132348603
050444,-1.154063558,-1.44305488,-0.231670805,-0.254180641,-1.3029158,-1.00956652,-1.17139474,-0.488715575,1,1,1,1,1,1,1,1,8,0.125,-0.881945315,7.533033E-17,0.866021,-1.01838742
050454,0.6671169089,0.5707605124,0.70891858,0.7686551275,0.6784137042,0.9331768019,1.1920629137,0.0203364607,1,1,1,1,1,1,1,1,8,0.125,0.6924301262,7.533033E-17,0.866021,0.7995531213
050455,-1.154063558,-0.436147184,-1.17226019,-1.277016409,-0.312251048,-1.00956652,-1.17139474,-1.506819647,1,1,1,1,1,1,1,1,8,0.125,-1.004939912,7.533033E-17,0.866021,-1.160410001
050457,-1.154063558,-0.436147184,-1.17226019,-1.277016409,-0.312251048,-1.00956652,-1.17139474,-0.488715575,1,1,1,1,1,1,1,1,8,0.125,-0.877676903,7.533033E-17,0.866021,-1.013458659
050464,-1.154063558,-1.44305488,-1.17226019,-1.277016409,-1.3029158,-1.00956652,-1.17139474,-2.015871683,1,1,1,1,1,1,1,1,8,0.125,-1.318267973,7.533033E-17,0.866021,-1.522211747
050468,-2.064653791,-2.449962577,-2.112849574,-1.277016409,-2.293580553,-1.980938182,-2.116777802,-2.015871683,1,1,1,1,1,1,1,1,8,0.125,-2.038956321,7.533033E-17,0.866021,-2.354394804
050471,-1.154063558,-1.44305488,-0.231670805,-1.277016409,-1.3029158,-1.980938182,-0.226011679,-0.997767611,1,1,1,1,1,1,1,1,8,0.125,-1.076679865,7.533033E-17,0.866021,-1.243248545
050481,-1.154063558,-1.44305488,-1.17226019,-1.277016409,-1.3029158,-1.980938182,-1.17139474,-0.997767611,1,1,1,1,1,1,1,1,8,0.125,-1.312426421,7.533033E-17,0.866021,-1.515466474
050485,-1.154063558,-0.436147184,-0.231670805,-0.254180641,-1.3029158,-1.00956652,-0.226011679,-0.997767611,1,1,1,1,1,1,1,1,8,0.125,-0.701540475,7.533033E-17,0.866021,-0.810072894
050488,-1.154063558,-0.436147184,-0.231670805,-1.277016409,-0.312251048,-1.00956652,-0.226011679,-0.488715575,1,1,1,1,1,1,1,1,8,0.125,-0.641930347,7.533033E-17,0.866021,-0.741240731
050492,-1.154063558,-1.44305488,-1.17226019,-1.277016409,-0.312251048,-1.00956652,-0.226011679,-0.488715575,1,1,1,1,1,1,1,1,8,0.125,-0.885367482,7.533033E-17,0.866021,-1.022339016
050496,-0.243473324,0.5707605124,-0.231670805,-0.254180641,0.6784137042,0.9331768019,0.7193713829,-0.488715575,1,1,1,1,1,1,1,1,8,0.125,0.210460257,7.533033E-17,0.866021,0.2430196912
050498,0.6671169089,0.5707605124,0.70891858,-0.254180641,-0.312251048,-0.038194859,0.2466798521,0.0203364607,1,1,1,1,1,1,1,1,8,0.125,0.2011482208,7.533033E-17,0.866021,0.2322670283
050503,-0.243473324,0.5707605124,-0.231670805,0.7686551275,0.6784137042,0.9331768019,0.2466798521,-0.997767611,1,1,1,1,1,1,1,1,8,0.125,0.2155967822,7.533033E-17,0.866021,0.2489508668
050506,-1.154063558,-1.44305488,-0.231670805,-1.277016409,-0.312251048,-1.00956652,-1.17139474,-1.506819647,1,1,1,1,1,1,1,1,8,0.125,-1.013229701,7.533033E-17,0.866021,-1.169982269
050510,-1.154063558,0.5707605124,-0.231670805,-0.254180641,-0.312251048,-0.038194859,0.2466798521,-0.997767611,1,1,1,1,1,1,1,1,8,0.125,-0.27133602,7.533033E-17,0.866021,-0.313313291
050512,-1.154063558,-0.436147184,-1.17226019,-1.277016409,-1.3029158,-1.00956652,-0.226011679,-0.997767611,1,1,1,1,1,1,1,1,8,0.125,-0.946968619,7.533033E-17,0.866021,-1.093470209
050515,-0.243473324,0.5707605124,-0.231670805,0.7686551275,0.6784137042,0.9331768019,0.7193713829,0.0203364607,1,1,1,1,1,1,1,1,8,0.125,0.4019462326,7.533033E-17,0.866021,0.4641296684
050516,0.6671169089,-0.436147184,-0.231670805,0.7686551275,0.6784137042,-0.038194859,-0.226011679,-0.488715575,1,1,1,1,1,1,1,1,8,0.125,0.0866807048,7.533033E-17,0.866021,0.1000907174
050517,-2.064653791,-2.449962577,-1.17226019,-1.277016409,-1.3029158,-1.980938182,-2.116777802,-0.997767611,1,1,1,1,1,1,1,1,8,0.125,-1.670286545,7.533033E-17,0.866021,-1.928689654
050523,-1.154063558,-0.436147184,-1.17226019,-1.277016409,-1.3029158,-1.00956652,-1.17139474,-1.506819647,1,1,1,1,1,1,1,1,8,0.125,-1.128773006,7.533033E-17,0.866021,-1.3034008
050526,-2.064653791,-2.449962577,-2.112849574,-1.277016409,-2.293580553,-1.980938182,-2.116777802,-1.506819647,1,1,1,1,1,1,1,1,8,0.125,-1.975324817,7.533033E-17,0.866021,-2.280919133
050528,-1.154063558,-1.44305488,-0.231670805,-1.277016409,-1.3029158,-1.00956652,-1.17139474,0.0203364607,1,1,1,1,1,1,1,1,8,0.125,-0.946168282,7.533033E-17,0.866021,-1.092546055
050534,-1.154063558,-1.44305488,-0.231670805,-1.277016409,-2.293580553,-1.00956652,-2.116777802,-1.506819647,1,1,1,1,1,1,1,1,8,0.125,-1.379068772,7.533033E-17,0.866021,-1.592418786
050537,-0.243473324,0.5707605124,-0.231670805,-0.254180641,-0.312251048,-0.038194859,0.2466798521,-0.488715575,1,1,1,1,1,1,1,1,8,0.125,-0.093880736,7.533033E-17,0.866021,-0.108404636
050541,-0.243473324,0.5707605124,-0.231670805,-0.254180641,0.6784137042,0.9331768019,0.7193713829,0.0203364607,1,1,1,1,1,1,1,1,8,0.125,0.2740917615,7.533033E-17,0.866021,0.316495362
050543,,,,,,,,,0,0,0,0,0,0,0,0,0,,,7.533033E-17,0.866021,
050549,-0.243473324,-1.44305488,-0.231670805,-0.254180641,-0.312251048,-0.038194859,-0.226011679,0.0203364607,1,1,1,1,1,1,1,1,8,0.125,-0.341062597,7.533033E-17,0.866021,-0.393826978
050551,-1.154063558,-1.44305488,-1.17226019,-1.277016409,-1.3029158,-1.980938182,-2.116777802,-1.506819647,1,1,1,1,1,1,1,1,8,0.125,-1.494230809,7.533033E-17,0.866021,-1.725397064
050557,-0.243473324,-0.436147184,-0.231670805,-0.254180641,0.6784137042,-0.038194859,0.2466798521,-0.997767611,1,1,1,1,1,1,1,1,8,0.125,-0.159542609,7.533033E-17,0.866021,-0.184224784
050561,-1.154063558,0.5707605124,-1.17226019,-0.254180641,-0.312251048,-0.038194859,-0.226011679,-0.997767611,1,1,1,1,1,1,1,1,8,0.125,-0.447996134,7.533033E-17,0.866021,-0.517303759
050567,-1.154063558,-0.436147184,-0.231670805,-0.254180641,-0.312251048,-0.038194859,0.2466798521,0.0203364607,1,1,1,1,1,1,1,1,8,0.125,-0.269936473,7.533033E-17,0.866021,-0.311697226
050570,-2.064653791,-2.449962577,-1.17226019,-1.277016409,-1.3029158,-1.980938182,-2.116777802,-1.506819647,1,1,1,1,1,1,1,1,8,0.125,-1.73391805,7.533033E-17,0.866021,-2.002165325
050573,-0.243473324,-0.436147184,-0.231670805,-0.254180641,-1.3029158,-0.038194859,0.2466798521,-0.997767611,1,1,1,1,1,1,1,1,8,0.125,-0.407208797,7.533033E-17,0.866021,-0.470206382
050580,-1.154063558,-1.44305488,-0.231670805,-0.254180641,-1.3029158,-1.980938182,-1.17139474,0.0203364607,1,1,1,1,1,1,1,1,8,0.125,-0.939735268,7.533033E-17,0.866021,-1.085117817
050581,-2.064653791,-1.44305488,-2.112849574,-1.277016409,-1.3029158,-1.980938182,-2.116777802,-0.997767611,1,1,1,1,1,1,1,1,8,0.125,-1.661996756,7.533033E-17,0.866021,-1.919117386
050586,-2.064653791,-1.44305488,-1.17226019,-1.277016409,-1.3029158,-1.980938182,-1.17139474,-0.488715575,1,1,1,1,1,1,1,1,8,0.125,-1.362618696,7.533033E-17,0.866021,-1.573423787
050588,-1.154063558,-2.449962577,-1.17226019,-1.277016409,-1.3029158,-1.980938182,-2.116777802,-0.997767611,1,1,1,1,1,1,1,1,8,0.125,-1.556462766,7.533033E-17,0.866021,-1.79725667
050589,-1.154063558,-1.44305488,-0.231670805,-1.277016409,-0.312251048,-1.00956652,-1.17139474,-0.997767611,1,1,1,1,1,1,1,1,8,0.125,-0.949598197,7.533033E-17,0.866021,-1.096506598
050590,-1.154063558,-0.436147184,-1.17226019,0.7686551275,0.6784137042,-0.038194859,-0.226011679,-0.997767611,1,1,1,1,1,1,1,1,8,0.125,-0.322172031,7.533033E-17,0.866021,-0.372013931
050597,-1.154063558,-1.44305488,-1.17226019,-1.277016409,-1.3029158,-1.00956652,-0.226011679,-1.506819647,1,1,1,1,1,1,1,1,8,0.125,-1.136463585,7.533033E-17,0.866021,-1.312281157
050599,-0.243473324,-0.436147184,-1.17226019,-0.254180641,0.6784137042,-0.038194859,0.2466798521,-2.015871683,1,1,1,1,1,1,1,1,8,0.125,-0.404379291,7.533033E-17,0.866021,-0.466939135
050603,-0.243473324,0.5707605124,-0.231670805,-0.254180641,0.6784137042,-0.038194859,0.7193713829,-0.997767611,1,1,1,1,1,1,1,1,8,0.125,0.0254072949,7.533033E-17,0.866021,0.0293379522
050604,-1.154063558,0.5707605124,-1.17226019,-0.254180641,-0.312251048,-1.00956652,-0.69870321,-0.997767611,1,1,1,1,1,1,1,1,8,0.125,-0.628504033,7.533033E-17,0.866021,-0.725737287
050608,-0.243473324,-1.44305488,-0.231670805,-0.254180641,-0.312251048,-1.980938182,-1.644086271,0.5293884968,1,1,1,1,1,1,1,1,8,0.125,-0.697533332,7.533033E-17,0.866021,-0.805445823
050609,0.6671169089,0.5707605124,0.70891858,0.7686551275,-0.312251048,0.9331768019,1.1920629137,0.0203364607,1,1,1,1,1,1,1,1,8,0.125,0.5685970321,7.533033E-17,0.866021,0.6565623225
050624,-1.154063558,-1.44305488,-1.17226019,-0.254180641,-0.312251048,-1.00956652,-0.69870321,-0.997767611,1,1,1,1,1,1,1,1,8,0.125,-0.880230957,7.533033E-17,0.866021,-1.016407841
050625,-1.154063558,-0.436147184,-0.231670805,-0.254180641,-0.312251048,-0.038194859,0.7193713829,-0.997767611,1,1,1,1,1,1,1,1,8,0.125,-0.33811304,7.533033E-17,0.866021,-0.390421108
050633,-0.243473324,-1.44305488,-0.231670805,-0.254180641,0.6784137042,-1.00956652,-1.17139474,-0.997767611,1,1,1,1,1,1,1,1,8,0.125,-0.584086852,7.533033E-17,0.866021,-0.674448509
050636,-1.154063558,-1.44305488,-0.231670805,-0.254180641,-0.312251048,-0.038194859,-1.17139474,-1.506819647,1,1,1,1,1,1,1,1,8,0.125,-0.763953772,7.533033E-17,0.866021,-0.882141894
050641,-1.154063558,-2.449962577,-2.112849574,-1.277016409,-1.3029158,-1.980938182,-2.116777802,-0.488715575,1,1,1,1,1,1,1,1,8,0.125,-1.610404935,7.533033E-17,0.866021,-1.859544008
050663,-2.064653791,-2.449962577,-2.112849574,-2.299852177,-2.293580553,-1.980938182,-2.116777802,-2.015871683,1,1,1,1,1,1,1,1,8,0.125,-2.166810792,7.533033E-17,0.866021,-2.50202911
050668,,,,,,,,,0,0,0,0,0,0,0,0,0,,,7.533033E-17,0.866021,
050674,-0.243473324,0.5707605124,-0.231670805,-0.254180641,0.6784137042,-0.038194859,-0.226011679,-1.506819647,1,1,1,1,1,1,1,1,8,0.125,-0.156397092,7.533033E-17,0.866021,-0.180592638
050677,-0.243473324,0.5707605124,-0.231670805,-1.277016409,-0.312251048,-0.038194859,-0.226011679,-0.997767611,1,1,1,1,1,1,1,1,8,0.125,-0.344453153,7.533033E-17,0.866021,-0.397742073
050678,-1.154063558,-0.436147184,-0.231670805,-0.254180641,0.6784137042,-0.038194859,-0.226011679,-0.997767611,1,1,1,1,1,1,1,1,8,0.125,-0.332452829,7.533033E-17,0.866021,-0.383885228
050684,-2.064653791,-2.449962577,-1.17226019,-1.277016409,-1.3029158,-1.980938182,-2.116777802,-2.015871683,1,1,1,1,1,1,1,1,8,0.125,-1.797549554,7.533033E-17,0.866021,-2.075640996
050686,0.6671169089,0.5707605124,-0.231670805,0.7686551275,0.6784137042,-0.038194859,0.7193713829,-0.488715575,1,1,1,1,1,1,1,1,8,0.125,0.3307170496,7.533033E-17,0.866021,0.3818809137
050689,-1.154063558,-1.44305488,-1.17226019,-1.277016409,-0.312251048,-1.00956652,-0.69870321,-0.997767611,1,1,1,1,1,1,1,1,8,0.125,-1.008085428,7.533033E-17,0.866021,-1.164042147
050690,-0.243473324,0.5707605124,-1.17226019,-0.254180641,-0.312251048,-0.038194859,0.2466798521,-0.997767611,1,1,1,1,1,1,1,1,8,0.125,-0.275085914,7.533033E-17,0.866021,-0.317643315
050696,0.6671169089,0.5707605124,-0.231670805,0.7686551275,0.6784137042,0.9331768019,1.1920629137,0.0203364607,1,1,1,1,1,1,1,1,8,0.125,0.5748564531,7.533033E-17,0.866021,0.6637901125
050697,,,,,,,,,0,0,0,0,0,0,0,0,0,,,7.533033E-17,0.866021,
050701,-1.154063558,-1.44305488,-1.17226019,-1.277016409,-1.3029158,-1.00956652,-1.17139474,-1.506819647,1,1,1,1,1,1,1,1,8,0.125,-1.254636468,7.533033E-17,0.866021,-1.448736076
050704,-2.064653791,-2.449962577,-1.17226019,-1.277016409,-2.293580553,-1.980938182,-2.116777802,-0.997767611,1,1,1,1,1,1,1,1,8,0.125,-1.794119639,7.533033E-17,0.866021,-2.071680453
050708,1.5777071423,0.5707605124,1.6495079648,1.7914908957,1.6690784566,1.904548463,1.6647544446,2.0565446049,1,1,1,1,1,1,1,1,8,0.125,1.6105490605,7.533033E-17,0.866021,1.8597104309
050709,-1.154063558,-1.44305488,-1.17226019,-0.254180641,-1.3029158,-1.00956652,-1.17139474,-0.488715575,1,1,1,1,1,1,1,1,8,0.125,-0.999518988,7.533033E-17,0.866021,-1.154150428
050710,-0.243473324,0.5707605124,-0.231670805,-0.254180641,-0.312251048,-0.038194859,0.7193713829,-0.488715575,1,1,1,1,1,1,1,1,8,0.125,-0.034794295,7.533033E-17,0.866021,-0.040177176
050714,1.5777071423,0.5707605124,0.70891858,0.7686551275,1.6690784566,0.9331768019,1.6647544446,1.5474925688,1,1,1,1,1,1,1,1,8,0.125,1.1800679543,7.533033E-17,0.866021,1.3626313768
050717,0.6671169089,1.5776682088,0.70891858,0.7686551275,0.6784137042,1.904548463,1.1920629137,1.0384405328,1,1,1,1,1,1,1,1,8,0.125,1.0669780549,7.533033E-17,0.866021,1.2320458078
050723,-0.243473324,0.5707605124,-0.231670805,0.7686551275,-0.312251048,-0.038194859,-0.226011679,-0.488715575,1,1,1,1,1,1,1,1,8,0.125,-0.025112706,7.533033E-17,0.866021,-0.028997789
050724,-0.243473324,-1.44305488,0.70891858,-0.254180641,0.6784137042,-0.038194859,0.7193713829,0.0203364607,1,1,1,1,1,1,1,1,8,0.125,0.0185170529,7.533033E-17,0.866021,0.0213817494
050726,,,,,,,,,0,0,0,0,0,0,0,0,0,,,7.533033E-17,0.866021,
050735,-1.154063558,-1.44305488,-1.17226019,-0.254180641,-1.3029158,-1.00956652,-1.644086271,-1.506819647,1,1,1,1,1,1,1,1,8,0.125,-1.185868438,7.533033E-17,0.866021,-1.36932923
050736,-1.154063558,-2.449962577,-0.231670805,-1.277016409,-1.3029158,-1.00956652,-1.17139474,-0.488715575,1,1,1,1,1,1,1,1,8,0.125,-1.135663248,7.533033E-17,0.866021,-1.311357003
050737,-1.154063558,-0.436147184,-0.231670805,0.7686551275,-0.312251048,-1.00956652,-1.17139474,-0.997767611,1,1,1,1,1,1,1,1,8,0.125,-0.568025792,7.533033E-17,0.866021,-0.655902709
050738,-1.154063558,-1.44305488,-0.231670805,0.7686551275,-0.312251048,-1.00956652,-1.17139474,0.0203364607,1,1,1,1,1,1,1,1,8,0.125,-0.566626245,7.533033E-17,0.866021,-0.654286644
050739,-2.064653791,-2.449962577,-1.17226019,-1.277016409,-2.293580553,-1.980938182,-2.116777802,-0.997767611,1,1,1,1,1,1,1,1,8,0.125,-1.794119639,7.533033E-17,0.866021,-2.071680453
050740,-0.243473324,-0.436147184,-0.231670805,-0.254180641,-1.3029158,-1.00956652,-1.17139474,-0.488715575,1,1,1,1,1,1,1,1,8,0.125,-0.642258074,7.533033E-17,0.866021,-0.741619159
050744,-2.064653791,-2.449962577,-0.231670805,-1.277016409,-2.293580553,-1.980938182,-2.116777802,-0.997767611,1,1,1,1,1,1,1,1,8,0.125,-1.676545966,7.533033E-17,0.866021,-1.935917444
050745,-2.064653791,-1.44305488,-1.17226019,-2.299852177,-2.293580553,-1.980938182,-2.116777802,-0.488715575,1,1,1,1,1,1,1,1,8,0.125,-1.732479144,7.533033E-17,0.866021,-2.000503812
050746,-2.064653791,-2.449962577,-1.17226019,-1.277016409,-1.3029158,-1.980938182,-2.116777802,-0.997767611,1,1,1,1,1,1,1,1,8,0.125,-1.670286545,7.533033E-17,0.866021,-1.928689654
050747,-2.064653791,-1.44305488,-1.17226019,-1.277016409,-1.3029158,-1.980938182,-2.116777802,-0.997767611,1,1,1,1,1,1,1,1,8,0.125,-1.544423083,7.533033E-17,0.866021,-1.783354378
050748,-0.243473324,-0.436147184,-0.231670805,-0.254180641,-0.312251048,-0.038194859,0.2466798521,-0.488715575,1,1,1,1,1,1,1,1,8,0.125,-0.219744198,7.533033E-17,0.866021,-0.253739912
050755,-2.064653791,-2.449962577,-2.112849574,-1.277016409,-2.293580553,-1.980938182,-2.116777802,-0.997767611,1,1,1,1,1,1,1,1,8,0.125,-1.911693312,7.533033E-17,0.866021,-2.207443462
050757,-2.064653791,-2.449962577,-2.112849574,-2.299852177,-1.3029158,-1.980938182,-2.116777802,-1.506819647,1,1,1,1,1,1,1,1,8,0.125,-1.979346194,7.533033E-17,0.866021,-2.28556264
050758,-2.064653791,-2.449962577,-0.231670805,-2.299852177,-2.293580553,-1.980938182,-1.17139474,-0.488715575,1,1,1,1,1,1,1,1,8,0.125,-1.62259605,7.533033E-17,0.866021,-1.87362116
050760,-0.243473324,0.5707605124,-0.231670805,-1.277016409,-0.312251048,-0.038194859,0.7193713829,-0.488715575,1,1,1,1,1,1,1,1,8,0.125,-0.162648766,7.533033E-17,0.866021,-0.187811482
050761,-1.154063558,-1.44305488,-1.17226019,-1.277016409,-2.293580553,-1.00956652,-1.17139474,-1.506819647,1,1,1,1,1,1,1,1,8,0.125,-1.378469562,7.533033E-17,0.866021,-1.591726875
050763,,,,,,,,,0,0,0,0,0,0,0,0,0,,,7.533033E-17,0.866021,
050764,-1.154063558,-1.44305488,-1.17226019,-1.277016409,-1.3029158,-1.00956652,-1.17139474,-0.997767611,1,1,1,1,1,1,1,1,8,0.125,-1.191004964,7.533033E-17,0.866021,-1.375260406
050765,-0.243473324,0.5707605124,-0.231670805,0.7686551275,0.6784137042,-0.038194859,0.7193713829,-0.488715575,1,1,1,1,1,1,1,1,8,0.125,0.2168932704,7.533033E-17,0.866021,0.2504479294
050766,,,,,,,,,0,0,0,0,0,0,0,0,0,,,7.533033E-17,0.866021,
050767,-0.243473324,0.5707605124,-0.231670805,-0.254180641,0.6784137042,-0.038194859,0.7193713829,-0.488715575,1,1,1,1,1,1,1,1,8,0.125,0.0890387994,7.533033E-17,0.866021,0.102813623
050769,1.5777071423,0.5707605124,1.6495079648,1.7914908957,1.6690784566,0.9331768019,1.6647544446,1.5474925688,1,1,1,1,1,1,1,1,8,0.125,1.4254960984,7.533033E-17,0.866021,1.6460286919
050770,-1.154063558,-1.44305488,-0.231670805,-1.277016409,-1.3029158,-1.00956652,-0.69870321,-0.997767611,1,1,1,1,1,1,1,1,8,0.125,-1.014344849,7.533033E-17,0.866021,-1.171269937
050771,-2.064653791,-2.449962577,-2.112849574,-2.299852177,-2.293580553,-1.980938182,-2.116777802,-2.015871683,1,1,1,1,1,1,1,1,8,0.125,-2.166810792,7.533033E-17,0.866021,-2.50202911
050772,-1.154063558,-0.436147184,-0.231670805,-1.277016409,-0.312251048,-1.00956652,-0.69870321,-1.506819647,1,1,1,1,1,1,1,1,8,0.125,-0.828279798,7.533033E-17,0.866021,-0.956419532
050775,-0.243473324,-0.436147184,-0.231670805,-0.254180641,-0.312251048,-1.00956652,0.2466798521,-0.488715575,1,1,1,1,1,1,1,1,8,0.125,-0.341165656,7.533033E-17,0.866021,-0.39394598
050776,-2.064653791,-2.449962577,-1.17226019,-1.277016409,-1.3029158,-1.980938182,-2.116777802,-0.997767611,1,1,1,1,1,1,1,1,8,0.125,-1.670286545,7.533033E-17,0.866021,-1.928689654
050777,-1.154063558,-0.436147184,-1.17226019,-1.277016409,-0.312251048,-1.00956652,0.2466798521,-0.488715575,1,1,1,1,1,1,1,1,8,0.125,-0.700417579,7.533033E-17,0.866021,-0.80877628
050778,-0.243473324,-0.436147184,-1.17226019,-0.254180641,-0.312251048,-1.00956652,0.7193713829,-0.488715575,1,1,1,1,1,1,1,1,8,0.125,-0.399652887,7.533033E-17,0.866021,-0.461481529
050779,-1.154063558,-1.44305488,-1.17226019,-0.254180641,-0.312251048,-1.00956652,-0.226011679,-0.488715575,1,1,1,1,1,1,1,1,8,0.125,-0.757513011,7.533033E-17,0.866021,-0.87470471
050780,-2.064653791,-2.449962577,-2.112849574,-1.277016409,-1.3029158,-1.980938182,-2.116777802,-1.506819647,1,1,1,1,1,1,1,1,8,0.125,-1.851491723,7.533033E-17,0.866021,-2.137928334
050782,-0.243473324,0.5707605124,-0.231670805,0.7686551275,-0.312251048,-0.038194859,1.1920629137,1.0384405328,1,1,1,1,1,1,1,1,8,0.125,0.3430411312,7.533033E-17,0.866021,0.3961116029
050783,,,,,,,,,0,0,0,0,0,0,0,0,0,,,7.533033E-17,0.866021,
050784,-1.154063558,-1.44305488,-0.231670805,-0.254180641,-0.312251048,-1.00956652,-0.69870321,0.0203364607,1,1,1,1,1,1,1,1,8,0.125,-0.635394275,7.533033E-17,0.866021,-0.73369349
050785,0.6671169089,1.5776682088,1.6495079648,0.7686551275,0.6784137042,0.9331768019,0.7193713829,0.0203364607,1,1,1,1,1,1,1,1,8,0.125,0.87678082,7.533033E-17,0.866021,1.0124239469
050855,,,,,,,,,0,0,0,0,0,0,0,0,0,,,7.533033E-17,0.866021,
05114F,0.6671169089,0.5707605124,0.70891858,1.7914908957,0.6784137042,0.9331768019,0.7193713829,-0.997767611,1,1,1,1,1,1,1,1,8,0.125,0.6339351468,7.533033E-17,0.866021,0.7320086261
05127F,-0.243473324,0.5707605124,-0.231670805,0.7686551275,-0.312251048,0.9331768019,0.7193713829,-0.488715575,1,1,1,1,1,1,1,1,8,0.125,0.214481634,7.533033E-17,0.866021,0.2476631987
05128F,-1.154063558,0.5707605124,-0.231670805,-0.254180641,-0.312251048,-0.038194859,-0.226011679,-0.997767611,1,1,1,1,1,1,1,1,8,0.125,-0.330422461,7.533033E-17,0.866021,-0.381540751
051300,,,,,,,,,0,0,0,0,0,0,0,0,0,,,7.533033E-17,0.866021,
051301,1.5777071423,1.5776682088,1.6495079648,0.7686551275,1.6690784566,1.904548463,1.6647544446,1.5474925688,1,1,1,1,1,1,1,1,8,0.125,1.544926547,7.533033E-17,0.866021,1.7839357303
051302,,,,,,,,,0,0,0,0,0,0,0,0,0,,,7.533033E-17,0.866021,
051303,,,,,,,,,0,0,0,0,0,0,0,0,0,,,7.533033E-17,0.866021,
051304,,,,,,,,,0,0,0,0,0,0,0,0,0,,,7.533033E-17,0.866021,
051305,,,,,,,,,0,0,0,0,0,0,0,0,0,,,7.533033E-17,0.866021,
051306,,,,,,,,,0,0,0,0,0,0,0,0,0,,,7.533033E-17,0.866021,
051307,,,,,,,,,0,0,0,0,0,0,0,0,0,,,7.533033E-17,0.866021,
051309,,,,,,,,,0,0,0,0,0,0,0,0,0,,,7.533033E-17,0.866021,
05130F,-0.243473324,0.5707605124,0.70891858,1.7914908957,-0.312251048,0.9331768019,0.7193713829,0.0203364607,1,1,1,1,1,1,1,1,8,0.125,0.5235412826,7.533033E-17,0.866021,0.6045361847
051310,0.6671169089,0.5707605124,-0.231670805,0.7686551275,0.6784137042,0.9331768019,1.1920629137,1.0384405328,1,1,1,1,1,1,1,1,8,0.125,0.7021194621,7.533033E-17,0.866021,0.8107414542
051311,,,,,,,,,0,0,0,0,0,0,0,0,0,,,7.533033E-17,0.866021,
051312,,,,,,,,,0,0,0,0,0,0,0,0,0,,,7.533033E-17,0.866021,
051314,,,,,,,,,0,0,0,0,0,0,0,0,0,,,7.533033E-17,0.866021,
051315,,,,,,,,,0,0,0,0,0,0,0,0,0,,,7.533033E-17,0.866021,
051316,0.6671169089,-1.44305488,1.6495079648,-0.254180641,0.6784137042,-1.00956652,-0.226011679,0.0203364607,1,1,1,1,1,1,1,1,8,0.125,0.0103201648,7.533033E-17,0.866021,0.0119167547
051317,-1.154063558,-1.44305488,0.70891858,-1.277016409,-0.312251048,-1.00956652,-0.69870321,0.5293884968,1,1,1,1,1,1,1,1,8,0.125,-0.582043569,7.533033E-17,0.866021,-0.672089117
051318,0.6671169089,1.5776682088,1.6495079648,0.7686551275,-0.312251048,0.9331768019,0.7193713829,0.0203364607,1,1,1,1,1,1,1,1,8,0.125,0.7529477259,7.533033E-17,0.866021,0.8694331481
051319,0.6671169089,0.5707605124,0.70891858,0.7686551275,0.6784137042,0.9331768019,0.7193713829,0.0203364607,1,1,1,1,1,1,1,1,8,0.125,0.6333436848,7.533033E-17,0.866021,0.7313256615
051320,0.6671169089,-0.436147184,0.70891858,-1.277016409,-0.312251048,-0.038194859,-0.226011679,0.0203364607,1,1,1,1,1,1,1,1,8,0.125,-0.111656154,7.533033E-17,0.866021,-0.128930014
051321,,,,,,,,,0,0,0,0,0,0,0,0,0,,,7.533033E-17,0.866021,
051323,,,,,,,,,0,0,0,0,0,0,0,0,0,,,7.533033E-17,0.866021,
051324,,,,,,,,,0,0,0,0,0,0,0,0,0,,,7.533033E-17,0.866021,
051325,0.6671169089,0.5707605124,1.6495079648,0.7686551275,-0.312251048,0.9331768019,0.2466798521,1.0384405328,1,1,1,1,1,1,1,1,8,0.125,0.6952608315,7.533033E-17,0.866021,0.8028217533
051326,,,,,,,,,0,0,0,0,0,0,0,0,0,,,7.533033E-17,0.866021,
051327,,,,,,,,,0,0,0,0,0,0,0,0,0,,,7.533033E-17,0.866021,
051328,1.5777071423,1.5776682088,1.6495079648,1.7914908957,1.6690784566,1.904548463,1.6647544446,2.0565446049,1,1,1,1,1,1,1,1,8,0.125,1.7364125226,7.533033E-17,0.866021,2.0050457075
051329,0.6671169089,0.5707605124,0.70891858,-0.254180641,0.6784137042,-0.038194859,0.7193713829,1.0384405328,1,1,1,1,1,1,1,1,8,0.125,0.5113307652,7.533033E-17,0.866021,0.5904366287
051330,,,,,,,,,0,0,0,0,0,0,0,0,0,,,7.533033E-17,0.866021,
051331,,,,,,,,,0,0,0,0,0,0,0,0,0,,,7.533033E-17,0.866021,
051332,0.6671169089,-0.436147184,0.70891858,0.7686551275,0.6784137042,-0.038194859,-0.226011679,0.5293884968,1,1,1,1,1,1,1,1,8,0.125,0.3315173869,7.533033E-17,0.866021,0.3828050679
051333,,,,,,,,,0,0,0,0,0,0,0,0,0,,,7.533033E-17,0.866021,
051334,,,,,,,,,0,0,0,0,0,0,0,0,0,,,7.533033E-17,0.866021,
051335,,,,,,,,,0,0,0,0,0,0,0,0,0,,,7.533033E-17,0.866021,
051336,,,,,,,,,0,0,0,0,0,0,0,0,0,,,7.533033E-17,0.866021,
051337,,,,,,,,,0,0,0,0,0,0,0,0,0,,,7.533033E-17,0.866021,
060001,0.6671169089,0.5707605124,-0.231670805,0.7686551275,0.6784137042,-0.038194859,0.7193713829,0.0203364607,1,1,1,1,1,1,1,1,8,0.125,0.3943485541,7.533033E-17,0.866021,0.4553565845
060003,-1.154063558,-1.44305488,-0.231670805,-1.277016409,-0.312251048,-1.00956652,-1.17139474,0.5293884968,1,1,1,1,1,1,1,1,8,0.125,-0.758703683,7.533033E-17,0.866021,-0.876079585
060004,0.6671169089,-0.436147184,-0.231670805,-0.254180641,0.6784137042,-0.038194859,0.7193713829,0.5293884968,1,1,1,1,1,1,1,1,8,0.125,0.2042621255,7.533033E-17,0.866021,0.2358626724
060006,0.6671169089,0.5707605124,0.70891858,0.7686551275,0.6784137042,0.9331768019,0.7193713829,1.5474925688,1,1,1,1,1,1,1,1,8,0.125,0.8242381983,7.533033E-17,0.866021,0.951752674
060008,-0.243473324,-0.436147184,1.6495079648,1.7914908957,0.6784137042,-1.00956652,-1.17139474,0.5293884968,1,1,1,1,1,1,1,1,8,0.125,0.2235274115,7.533033E-17,0.866021,0.258108411
060009,-0.243473324,0.5707605124,-0.231670805,-0.254180641,-0.312251048,-0.038194859,0.2466798521,0.0203364607,1,1,1,1,1,1,1,1,8,0.125,-0.030249232,7.533033E-17,0.866021,-0.034928965
060010,-0.243473324,0.5707605124,-0.231670805,0.7686551275,0.6784137042,0.9331768019,0.7193713829,-0.488715575,1,1,1,1,1,1,1,1,8,0.125,0.338314728,7.533033E-17,0.866021,0.3906539975
060011,-0.243473324,-0.436147184,-0.231670805,0.7686551275,-0.312251048,-1.00956652,-0.226011679,-0.488715575,1,1,1,1,1,1,1,1,8,0.125,-0.272397626,7.533033E-17,0.866021,-0.314539134
060012,0.6671169089,0.5707605124,0.70891858,0.7686551275,1.6690784566,0.9331768019,0.7193713829,0.5293884968,1,1,1,1,1,1,1,1,8,0.125,0.8208082834,7.533033E-17,0.866021,0.9477921311
060013,0.6671169089,0.5707605124,0.70891858,0.7686551275,0.6784137042,0.9331768019,0.7193713829,0.5293884968,1,1,1,1,1,1,1,1,8,0.125,0.6969751893,7.533033E-17,0.866021,0.8048013323
060014,0.6671169089,0.5707605124,-0.231670805,0.7686551275,0.6784137042,0.9331768019,0.7193713829,0.5293884968,1,1,1,1,1,1,1,1,8,0.125,0.5794015162,7.533033E-17,0.866021,0.6690383235
060015,-0.243473324,-0.436147184,-0.231670805,-0.254180641,-1.3029158,-0.038194859,0.2466798521,-0.488715575,1,1,1,1,1,1,1,1,8,0.125,-0.343577292,7.533033E-17,0.866021,-0.396730711
060020,-0.243473324,-1.44305488,-0.231670805,-0.254180641,0.6784137042,-1.00956652,-0.226011679,-0.997767611,1,1,1,1,1,1,1,1,8,0.125,-0.46591397,7.533033E-17,0.866021,-0.537993589
060022,-1.154063558,-0.436147184,-0.231670805,-0.254180641,0.6784137042,-0.038194859,0.2466798521,-0.997767611,1,1,1,1,1,1,1,1,8,0.125,-0.273366388,7.533033E-17,0.866021,-0.315657769
060023,-0.243473324,0.5707605124,-0.231670805,0.7686551275,0.6784137042,-0.038194859,0.7193713829,0.5293884968,1,1,1,1,1,1,1,1,8,0.125,0.3441562794,7.533033E-17,0.866021,0.3973992711
060024,-0.243473324,-0.436147184,-1.17226019,-0.254180641,0.6784137042,-0.038194859,0.7193713829,-0.997767611,1,1,1,1,1,1,1,1,8,0.125,-0.21802984,7.533033E-17,0.866021,-0.251760333
060027,-0.243473324,0.5707605124,-0.231670805,0.7686551275,0.6784137042,0.9331768019,1.1920629137,1.0384405328,1,1,1,1,1,1,1,1,8,0.125,0.5882956829,7.533033E-17,0.866021,0.6793084699
060028,1.5777071423,0.5707605124,0.70891858,0.7686551275,0.6784137042,0.9331768019,1.6647544446,1.0384405328,1,1,1,1,1,1,1,1,8,0.125,0.9926033557,7.533033E-17,0.866021,1.1461649071
060030,0.6671169089,-0.436147184,-0.231670805,0.7686551275,0.6784137042,-0.038194859,0.7193713829,0.5293884968,1,1,1,1,1,1,1,1,8,0.125,0.3321165965,7.533033E-17,0.866021,0.3834969788
060031,-0.243473324,-0.436147184,-0.231670805,-0.254180641,0.6784137042,-0.038194859,0.7193713829,-0.488715575,1,1,1,1,1,1,1,1,8,0.125,-0.036824663,7.533033E-17,0.866021,-0.042521654
060032,-0.243473324,0.5707605124,-0.231670805,-0.254180641,-0.312251048,-0.038194859,0.7193713829,0.0203364607,1,1,1,1,1,1,1,1,8,0.125,0.0288372098,7.533033E-17,0.866021,0.0332984951
060034,-1.154063558,-1.44305488,-1.17226019,-1.277016409,-1.3029158,-1.00956652,-1.17139474,-0.997767611,1,1,1,1,1,1,1,1,8,0.125,-1.191004964,7.533033E-17,0.866021,-1.375260406
060044,-0.243473324,0.5707605124,0.70891858,0.7686551275,0.6784137042,-0.038194859,-0.69870321,1.5474925688,1,1,1,1,1,1,1,1,8,0.125,0.4117336375,7.533033E-17,0.866021,0.4754312421
060049,0.6671169089,0.5707605124,0.70891858,0.7686551275,0.6784137042,0.9331768019,1.1920629137,0.5293884968,1,1,1,1,1,1,1,1,8,0.125,0.7560616307,7.533033E-17,0.866021,0.8730287921
060054,0.6671169089,0.5707605124,0.70891858,0.7686551275,0.6784137042,0.9331768019,1.1920629137,0.0203364607,1,1,1,1,1,1,1,1,8,0.125,0.6924301262,7.533033E-17,0.866021,0.7995531213
06005F,1.5777071423,0.5707605124,0.70891858,1.7914908957,0.6784137042,1.904548463,1.6647544446,1.5474925688,1,1,1,1,1,1,1,1,8,0.125,1.3055107889,7.533033E-17,0.866021,1.5074809525
060064,-0.243473324,-0.436147184,-0.231670805,-0.254180641,0.6784137042,-0.038194859,0.2466798521,0.0203364607,1,1,1,1,1,1,1,1,8,0.125,-0.0322796,7.533033E-17,0.866021,-0.037273443
060065,-1.154063558,-1.44305488,-1.17226019,-1.277016409,-1.3029158,-1.00956652,-2.116777802,-0.997767611,1,1,1,1,1,1,1,1,8,0.125,-1.309177846,7.533033E-17,0.866021,-1.511715325
060071,1.5777071423,0.5707605124,1.6495079648,0.7686551275,0.6784137042,-0.038194859,0.7193713829,1.0384405328,1,1,1,1,1,1,1,1,8,0.125,0.8705826885,7.533033E-17,0.866021,1.0052669281
060075,0.6671169089,0.5707605124,-0.231670805,0.7686551275,0.6784137042,0.9331768019,1.1920629137,0.5293884968,1,1,1,1,1,1,1,1,8,0.125,0.6384879576,7.533033E-17,0.866021,0.7372657833
060076,1.5777071423,0.5707605124,1.6495079648,1.7914908957,1.6690784566,0.9331768019,0.7193713829,1.5474925688,1,1,1,1,1,1,1,1,8,0.125,1.3073232157,7.533033E-17,0.866021,1.5095737723
06007F,1.5777071423,1.5776682088,1.6495079648,1.7914908957,1.6690784566,1.904548463,1.6647544446,2.0565446049,1,1,1,1,1,1,1,1,8,0.125,1.7364125226,7.533033E-17,0.866021,2.0050457075
060096,0.6671169089,0.5707605124,0.70891858,0.7686551275,0.6784137042,0.9331768019,1.1920629137,2.0565446049,1,1,1,1,1,1,1,1,8,0.125,0.9469561442,7.533033E-17,0.866021,1.0934558047
060100,-1.154063558,-1.44305488,-1.17226019,-1.277016409,-1.3029158,-1.00956652,-1.17139474,0.0203364607,1,1,1,1,1,1,1,1,8,0.125,-1.063741955,7.533033E-17,0.866021,-1.228309064
060103,-0.243473324,0.5707605124,-0.231670805,-0.254180641,0.6784137042,0.9331768019,0.7193713829,0.5293884968,1,1,1,1,1,1,1,1,8,0.125,0.337723266,7.533033E-17,0.866021,0.3899710329
060104,-0.243473324,-0.436147184,-0.231670805,-0.254180641,-0.312251048,-0.038194859,0.7193713829,0.5293884968,1,1,1,1,1,1,1,1,8,0.125,-0.033394748,7.533033E-17,0.866021,-0.038561111
060107,,,,,,,,,0,0,0,0,0,0,0,0,0,,,7.533033E-17,0.866021,
060112,-1.154063558,-0.436147184,-1.17226019,-1.277016409,-1.3029158,-1.00956652,-0.69870321,-0.488715575,1,1,1,1,1,1,1,1,8,0.125,-0.942423556,7.533033E-17,0.866021,-1.088221998
060113,0.6671169089,0.5707605124,-0.231670805,0.7686551275,-0.312251048,0.9331768019,0.7193713829,0.5293884968,1,1,1,1,1,1,1,1,8,0.125,0.4555684222,7.533033E-17,0.866021,0.5260475247
060114,-1.154063558,0.5707605124,-0.231670805,-0.254180641,0.6784137042,0.9331768019,0.7193713829,0.5293884968,1,1,1,1,1,1,1,1,8,0.125,0.2238994869,7.533033E-17,0.866021,0.2585380485
060116,0.6671169089,0.5707605124,0.70891858,0.7686551275,0.6784137042,0.9331768019,1.1920629137,0.5293884968,1,1,1,1,1,1,1,1,8,0.125,0.7560616307,7.533033E-17,0.866021,0.8730287921
060117,1.5777071423,1.5776682088,1.6495079648,1.7914908957,1.6690784566,0.9331768019,1.6647544446,1.5474925688,1,1,1,1,1,1,1,1,8,0.125,1.5513595604,7.533033E-17,0.866021,1.7913639686
060118,1.5777071423,1.5776682088,1.6495079648,0.7686551275,1.6690784566,1.904548463,1.6647544446,1.0384405328,1,1,1,1,1,1,1,1,8,0.125,1.4812950425,7.533033E-17,0.866021,1.7104600595
060119,0.6671169089,0.5707605124,-0.231670805,0.7686551275,0.6784137042,0.9331768019,1.1920629137,0.0203364607,1,1,1,1,1,1,1,1,8,0.125,0.5748564531,7.533033E-17,0.866021,0.6637901125
060124,0.6671169089,0.5707605124,0.70891858,1.7914908957,1.6690784566,1.904548463,1.6647544446,2.0565446049,1,1,1,1,1,1,1,1,8,0.125,1.3791516083,7.533033E-17,0.866021,1.5925144378
060125,0.6671169089,0.5707605124,-0.231670805,0.7686551275,-0.312251048,0.9331768019,1.1920629137,0.5293884968,1,1,1,1,1,1,1,1,8,0.125,0.5146548635,7.533033E-17,0.866021,0.5942749845
060126,0.6671169089,0.5707605124,0.70891858,0.7686551275,0.6784137042,0.9331768019,0.7193713829,0.5293884968,1,1,1,1,1,1,1,1,8,0.125,0.6969751893,7.533033E-17,0.866021,0.8048013323
060128,0.6671169089,0.5707605124,-0.231670805,-0.254180641,0.6784137042,-0.038194859,0.7193713829,0.5293884968,1,1,1,1,1,1,1,1,8,0.125,0.3301255876,7.533033E-17,0.866021,0.381197949
060129,,,,,,,,,0,0,0,0,0,0,0,0,0,,,7.533033E-17,0.866021,
060130,,,,,,,,,0,0,0,0,0,0,0,0,0,,,7.533033E-17,0.866021,
060131,-0.243473324,0.5707605124,-0.231670805,-0.254180641,0.6784137042,0.9331768019,0.7193713829,0.5293884968,1,1,1,1,1,1,1,1,8,0.125,0.337723266,7.533033E-17,0.866021,0.3899710329
060132,-0.243473324,0.5707605124,-0.231670805,-0.254180641,0.6784137042,0.9331768019,0.7193713829,0.5293884968,1,1,1,1,1,1,1,1,8,0.125,0.337723266,7.533033E-17,0.866021,0.3899710329
060133,,,,,,,,,0,0,0,0,0,0,0,0,0,,,7.533033E-17,0.866021,
061300,,,,,,,,,0,0,0,0,0,0,0,0,0,,,7.533033E-17,0.866021,
061301,1.5777071423,1.5776682088,1.6495079648,0.7686551275,0.6784137042,1.904548463,1.6647544446,2.0565446049,1,1,1,1,1,1,1,1,8,0.125,1.4847249575,7.533033E-17,0.866021,1.7144206024
061302,,,,,,,,,0,0,0,0,0,0,0,0,0,,,7.533033E-17,0.866021,
061303,,,,,,,,,0,0,0,0,0,0,0,0,0,,,7.533033E-17,0.866021,
061304,,,,,,,,,0,0,0,0,0,0,0,0,0,,,7.533033E-17,0.866021,
061305,,,,,,,,,0,0,0,0,0,0,0,0,0,,,7.533033E-17,0.866021,
061306,,,,,,,,,0,0,0,0,0,0,0,0,0,,,7.533033E-17,0.866021,
061307,,,,,,,,,0,0,0,0,0,0,0,0,0,,,7.533033E-17,0.866021,
061308,,,,,,,,,0,0,0,0,0,0,0,0,0,,,7.533033E-17,0.866021,
061309,,,,,,,,,0,0,0,0,0,0,0,0,0,,,7.533033E-17,0.866021,
061310,,,,,,,,,0,0,0,0,0,0,0,0,0,,,7.533033E-17,0.866021,
061311,,,,,,,,,0,0,0,0,0,0,0,0,0,,,7.533033E-17,0.866021,
061312,,,,,,,,,0,0,0,0,0,0,0,0,0,,,7.533033E-17,0.866021,
061313,,,,,,,,,0,0,0,0,0,0,0,0,0,,,7.533033E-17,0.866021,
061314,,,,,,,,,0,0,0,0,0,0,0,0,0,,,7.533033E-17,0.866021,
061315,,,,,,,,,0,0,0,0,0,0,0,0,0,,,7.533033E-17,0.866021,
061316,,,,,,,,,0,0,0,0,0,0,0,0,0,,,7.533033E-17,0.866021,
061317,0.6671169089,-0.436147184,1.6495079648,1.7914908957,0.6784137042,0.9331768019,1.1920629137,2.0565446049,1,1,1,1,1,1,1,1,8,0.125,1.0665208263,7.533033E-17,0.866021,1.2315178432
061318,,,,,,,,,0,0,0,0,0,0,0,0,0,,,7.533033E-17,0.866021,
061319,,,,,,,,,0,0,0,0,0,0,0,0,0,,,7.533033E-17,0.866021,
061320,,,,,,,,,0,0,0,0,0,0,0,0,0,,,7.533033E-17,0.866021,
061321,,,,,,,,,0,0,0,0,0,0,0,0,0,,,7.533033E-17,0.866021,
061322,0.6671169089,0.5707605124,0.70891858,-0.254180641,1.6690784566,-1.00956652,0.2466798521,1.0384405328,1,1,1,1,1,1,1,1,8,0.125,0.4546559602,7.533033E-17,0.866021,0.5249938995
061323,,,,,,,,,0,0,0,0,0,0,0,0,0,,,7.533033E-17,0.866021,
061324,1.5777071423,1.5776682088,1.6495079648,1.7914908957,0.6784137042,0.9331768019,1.6647544446,2.0565446049,1,1,1,1,1,1,1,1,8,0.125,1.4911579709,7.533033E-17,0.866021,1.7218488406
061325,1.5777071423,1.5776682088,1.6495079648,1.7914908957,1.6690784566,1.904548463,1.6647544446,1.5474925688,1,1,1,1,1,1,1,1,8,0.125,1.6727810181,7.533033E-17,0.866021,1.9315700367
061326,,,,,,,,,0,0,0,0,0,0,0,0,0,,,7.533033E-17,0.866021,
061327,0.6671169089,0.5707605124,1.6495079648,1.7914908957,0.6784137042,0.9331768019,0.7193713829,1.5474925688,1,1,1,1,1,1,1,1,8,0.125,1.0696663425,7.533033E-17,0.866021,1.2351499892
061328,,,,,,,,,0,0,0,0,0,0,0,0,0,,,7.533033E-17,0.866021,
061336,,,,,,,,,0,0,0,0,0,0,0,0,0,,,7.533033E-17,0.866021,
061343,,,,,,,,,0,0,0,0,0,0,0,0,0,,,7.533033E-17,0.866021,
061344,0.6671169089,0.5707605124,1.6495079648,0.7686551275,0.6784137042,-0.038194859,-0.69870321,0.5293884968,1,1,1,1,1,1,1,1,8,0.125,0.5158680807,7.533033E-17,0.866021,0.5956758935
070002,-1.154063558,-1.44305488,-2.112849574,-1.277016409,-0.312251048,-1.00956652,-1.644086271,-1.506819647,1,1,1,1,1,1,1,1,8,0.125,-1.307463489,7.533033E-17,0.866021,-1.509735746
070003,-1.154063558,-0.436147184,-0.231670805,-0.254180641,-0.312251048,-1.00956652,-1.17139474,0.0203364607,1,1,1,1,1,1,1,1,8,0.125,-0.568617254,7.533033E-17,0.866021,-0.656585673
070004,0.6671169089,0.5707605124,1.6495079648,1.7914908957,0.6784137042,0.9331768019,0.7193713829,0.5293884968,1,1,1,1,1,1,1,1,8,0.125,0.9424033334,7.533033E-17,0.866021,1.0881986475
070005,-1.154063558,-0.436147184,-2.112849574,-1.277016409,-0.312251048,-1.00956652,-1.17139474,-0.997767611,1,1,1,1,1,1,1,1,8,0.125,-1.058882081,7.533033E-17,0.866021,-1.222697339
070006,-1.154063558,0.5707605124,-1.17226019,-0.254180641,-0.312251048,-0.038194859,0.2466798521,0.5293884968,1,1,1,1,1,1,1,1,8,0.125,-0.198015179,7.533033E-17,0.866021,-0.228649287
070007,-0.243473324,-0.436147184,-0.231670805,0.7686551275,0.6784137042,-0.038194859,-0.69870321,-0.488715575,1,1,1,1,1,1,1,1,8,0.125,-0.086229516,7.533033E-17,0.866021,-0.099569727
070008,-0.243473324,0.5707605124,-0.231670805,0.7686551275,0.6784137042,0.9331768019,-0.226011679,0.5293884968,1,1,1,1,1,1,1,1,8,0.125,0.3474048543,7.533033E-17,0.866021,0.4011504196
070010,-0.243473324,-0.436147184,-0.231670805,-0.254180641,-0.312251048,-0.038194859,-0.226011679,-0.488715575,1,1,1,1,1,1,1,1,8,0.125,-0.278830639,7.533033E-17,0.866021,-0.321967372
070011,0.6671169089,0.5707605124,-1.17226019,-0.254180641,0.6784137042,-0.038194859,-0.69870321,-1.506819647,1,1,1,1,1,1,1,1,8,0.125,-0.219233428,7.533033E-17,0.866021,-0.253150123
070012,,,,,,,,,0,0,0,0,0,0,0,0,0,,,7.533033E-17,0.866021,
070016,-0.243473324,-0.436147184,-1.17226019,-1.277016409,0.6784137042,-1.00956652,-1.17139474,-1.506819647,1,1,1,1,1,1,1,1,8,0.125,-0.767283039,7.533033E-17,0.866021,-0.885986218
070017,0.6671169089,0.5707605124,-0.231670805,0.7686551275,0.6784137042,0.9331768019,0.7193713829,0.0203364607,1,1,1,1,1,1,1,1,8,0.125,0.5157700117,7.533033E-17,0.866021,0.5955626527
070018,-0.243473324,0.5707605124,-1.17226019,0.7686551275,-0.312251048,-0.038194859,0.7193713829,-0.488715575,1,1,1,1,1,1,1,1,8,0.125,-0.024513497,7.533033E-17,0.866021,-0.028305878
070020,0.6671169089,0.5707605124,-0.231670805,0.7686551275,0.6784137042,-0.038194859,0.7193713829,-0.488715575,1,1,1,1,1,1,1,1,8,0.125,0.3307170496,7.533033E-17,0.866021,0.3818809137
070021,-0.243473324,-0.436147184,-0.231670805,-0.254180641,0.6784137042,-0.038194859,-0.226011679,-0.488715575,1,1,1,1,1,1,1,1,8,0.125,-0.154997545,7.533033E-17,0.866021,-0.178976573
070022,-0.243473324,-0.436147184,-1.17226019,-1.277016409,-0.312251048,-0.038194859,-0.69870321,-2.015871683,1,1,1,1,1,1,1,1,8,0.125,-0.774239738,7.533033E-17,0.866021,-0.89401916
070024,-0.243473324,0.5707605124,-1.17226019,-0.254180641,0.6784137042,-0.038194859,-0.69870321,-0.997767611,1,1,1,1,1,1,1,1,8,0.125,-0.269425702,7.533033E-17,0.866021,-0.311107436
070025,-1.154063558,-0.436147184,-1.17226019,-0.254180641,0.6784137042,-0.038194859,-0.69870321,-1.506819647,1,1,1,1,1,1,1,1,8,0.125,-0.572744448,7.533033E-17,0.866021,-0.661351368
070027,-1.154063558,-1.44305488,-1.17226019,-1.277016409,-1.3029158,-1.00956652,-1.17139474,-0.997767611,1,1,1,1,1,1,1,1,8,0.125,-1.191004964,7.533033E-17,0.866021,-1.375260406
070028,-0.243473324,-0.436147184,-0.231670805,-1.277016409,-0.312251048,-0.038194859,-0.226011679,-0.488715575,1,1,1,1,1,1,1,1,8,0.125,-0.40668511,7.533033E-17,0.866021,-0.469601678
070029,-0.243473324,-0.436147184,-0.231670805,-0.254180641,0.6784137042,0.9331768019,-0.226011679,-0.488715575,1,1,1,1,1,1,1,1,8,0.125,-0.033576088,7.533033E-17,0.866021,-0.038770505
070031,0.6671169089,-0.436147184,0.70891858,-0.254180641,-0.312251048,-0.038194859,0.7193713829,0.0203364607,1,1,1,1,1,1,1,1,8,0.125,0.1343712001,7.533033E-17,0.866021,0.1551592115
070033,-0.243473324,-0.436147184,-0.231670805,-0.254180641,0.6784137042,-0.038194859,-0.226011679,-0.488715575,1,1,1,1,1,1,1,1,8,0.125,-0.154997545,7.533033E-17,0.866021,-0.178976573
070034,-1.154063558,0.5707605124,-0.231670805,-0.254180641,0.6784137042,-1.00956652,-0.226011679,-0.488715575,1,1,1,1,1,1,1,1,8,0.125,-0.26437932,7.533033E-17,0.866021,-0.305280349
070035,-1.154063558,-0.436147184,-1.17226019,-1.277016409,-0.312251048,-1.00956652,-1.17139474,-0.997767611,1,1,1,1,1,1,1,1,8,0.125,-0.941308408,7.533033E-17,0.866021,-1.08693433
070036,0.6671169089,0.5707605124,-0.231670805,0.7686551275,0.6784137042,0.9331768019,1.1920629137,0.5293884968,1,1,1,1,1,1,1,1,8,0.125,0.6384879576,7.533033E-17,0.866021,0.7372657833
07003F,0.6671169089,0.5707605124,0.70891858,0.7686551275,0.6784137042,0.9331768019,0.7193713829,0.0203364607,1,1,1,1,1,1,1,1,8,0.125,0.6333436848,7.533033E-17,0.866021,0.7313256615
080001,-1.154063558,-0.436147184,-0.231670805,-1.277016409,0.6784137042,-1.00956652,-0.69870321,-1.506819647,1,1,1,1,1,1,1,1,8,0.125,-0.704446704,7.533033E-17,0.866021,-0.813428734
080003,-2.064653791,-1.44305488,-1.17226019,-1.277016409,-1.3029158,-1.980938182,-1.644086271,-1.506819647,1,1,1,1,1,1,1,1,8,0.125,-1.548968146,7.533033E-17,0.866021,-1.788602589
080004,-1.154063558,-1.44305488,-1.17226019,-1.277016409,-1.3029158,-1.00956652,-1.17139474,-1.506819647,1,1,1,1,1,1,1,1,8,0.125,-1.254636468,7.533033E-17,0.866021,-1.448736076
080006,0.6671169089,0.5707605124,0.70891858,-0.254180641,0.6784137042,0.9331768019,0.2466798521,0.0203364607,1,1,1,1,1,1,1,1,8,0.125,0.4464027724,7.533033E-17,0.866021,0.5154638953
080007,0.6671169089,0.5707605124,-0.231670805,-0.254180641,0.6784137042,-0.038194859,-0.226011679,-1.506819647,1,1,1,1,1,1,1,1,8,0.125,-0.042573313,7.533033E-17,0.866021,-0.049159654
080009,-0.243473324,-0.436147184,-0.231670805,-0.254180641,-0.312251048,-0.038194859,-0.226011679,0.0203364607,1,1,1,1,1,1,1,1,8,0.125,-0.215199135,7.533033E-17,0.866021,-0.248491701
08002F,-0.243473324,0.5707605124,-0.231670805,0.7686551275,0.6784137042,0.9331768019,0.7193713829,0.0203364607,1,1,1,1,1,1,1,1,8,0.125,0.4019462326,7.533033E-17,0.866021,0.4641296684
090001,-1.154063558,-0.436147184,-2.112849574,-1.277016409,-1.3029158,-1.00956652,-1.17139474,-0.997767611,1,1,1,1,1,1,1,1,8,0.125,-1.182715175,7.533033E-17,0.866021,-1.365688138
090003,-2.064653791,-1.44305488,-2.112849574,-2.299852177,-2.293580553,-1.980938182,-2.116777802,-1.506819647,1,1,1,1,1,1,1,1,8,0.125,-1.977315826,7.533033E-17,0.866021,-2.283218162
090004,-1.154063558,0.5707605124,-1.17226019,-0.254180641,-0.312251048,-0.038194859,-0.226011679,-0.997767611,1,1,1,1,1,1,1,1,8,0.125,-0.447996134,7.533033E-17,0.866021,-0.517303759
090005,-1.154063558,-0.436147184,-2.112849574,-1.277016409,-0.312251048,-0.038194859,0.2466798521,0.0203364607,1,1,1,1,1,1,1,1,8,0.125,-0.63293829,7.533033E-17,0.866021,-0.73085755
090008,,,,,,,,,0,0,0,0,0,0,0,0,0,,,7.533033E-17,0.866021,
090011,-1.154063558,-0.436147184,-2.112849574,-1.277016409,-1.3029158,-1.00956652,-1.17139474,-1.506819647,1,1,1,1,1,1,1,1,8,0.125,-1.246346679,7.533033E-17,0.866021,-1.439163809
09002F,-1.154063558,0.5707605124,-2.112849574,0.7686551275,-0.312251048,0.9331768019,-1.17139474,-0.488715575,1,1,1,1,1,1,1,1,8,0.125,-0.370835257,7.533033E-17,0.866021,-0.428205642
100001,-1.154063558,-0.436147184,-0.231670805,-0.254180641,-0.312251048,-1.00956652,-0.226011679,-0.488715575,1,1,1,1,1,1,1,1,8,0.125,-0.514075876,7.533033E-17,0.866021,-0.593606425
100002,-1.154063558,-2.449962577,-2.112849574,-1.277016409,-1.3029158,-1.980938182,-1.17139474,-0.997767611,1,1,1,1,1,1,1,1,8,0.125,-1.555863556,7.533033E-17,0.866021,-1.796564759
100006,-0.243473324,-0.436147184,-0.231670805,-0.254180641,-0.312251048,-1.00956652,0.2466798521,-0.488715575,1,1,1,1,1,1,1,1,8,0.125,-0.341165656,7.533033E-17,0.866021,-0.39394598
100007,-0.243473324,-0.436147184,-0.231670805,-0.254180641,-0.312251048,-0.038194859,0.2466798521,1.0384405328,1,1,1,1,1,1,1,1,8,0.125,-0.028849685,7.533033E-17,0.866021,-0.0333129
100008,-0.243473324,-0.436147184,-1.17226019,-0.254180641,-0.312251048,0.9331768019,0.2466798521,0.0203364607,1,1,1,1,1,1,1,1,8,0.125,-0.152264909,7.533033E-17,0.866021,-0.175821182
100012,-0.243473324,-0.436147184,-0.231670805,-0.254180641,0.6784137042,-0.038194859,0.7193713829,0.0203364607,1,1,1,1,1,1,1,1,8,0.125,0.0268068418,7.533033E-17,0.866021,0.0309540172
100014,-0.243473324,0.5707605124,-0.231670805,-0.254180641,0.6784137042,-0.038194859,-0.69870321,-0.488715575,1,1,1,1,1,1,1,1,8,0.125,-0.088220525,7.533033E-17,0.866021,-0.101868756
100017,-1.154063558,-1.44305488,-1.17226019,-1.277016409,-1.3029158,-1.00956652,-1.17139474,-0.997767611,1,1,1,1,1,1,1,1,8,0.125,-1.191004964,7.533033E-17,0.866021,-1.375260406
100018,-1.154063558,-1.44305488,-1.17226019,-1.277016409,-1.3029158,-1.00956652,-0.69870321,-0.997767611,1,1,1,1,1,1,1,1,8,0.125,-1.131918522,7.533033E-17,0.866021,-1.307032946
100019,-1.154063558,-1.44305488,-1.17226019,-1.277016409,-1.3029158,-1.00956652,-1.17139474,-0.997767611,1,1,1,1,1,1,1,1,8,0.125,-1.191004964,7.533033E-17,0.866021,-1.375260406
100022,-1.154063558,-1.44305488,-1.17226019,-1.277016409,-1.3029158,-1.00956652,-1.17139474,-0.488715575,1,1,1,1,1,1,1,1,8,0.125,-1.127373459,7.533033E-17,0.866021,-1.301784735
100023,-1.154063558,-1.44305488,-1.17226019,-1.277016409,-1.3029158,-1.00956652,-1.17139474,-0.997767611,1,1,1,1,1,1,1,1,8,0.125,-1.191004964,7.533033E-17,0.866021,-1.375260406
100025,-1.154063558,-0.436147184,-0.231670805,-0.254180641,-0.312251048,-0.038194859,-0.226011679,-0.997767611,1,1,1,1,1,1,1,1,8,0.125,-0.456285923,7.533033E-17,0.866021,-0.526876027
100026,-0.243473324,-0.436147184,-1.17226019,-1.277016409,-1.3029158,-1.00956652,0.2466798521,0.0203364607,1,1,1,1,1,1,1,1,8,0.125,-0.646795389,7.533033E-17,0.866021,-0.746858423
100028,-1.154063558,-1.44305488,-1.17226019,-1.277016409,0.6784137042,-1.00956652,-1.17139474,-0.997767611,1,1,1,1,1,1,1,1,8,0.125,-0.943338776,7.533033E-17,0.866021,-1.089278808
100029,-2.064653791,-2.449962577,-2.112849574,-2.299852177,-2.293580553,-1.980938182,-2.116777802,-1.506819647,1,1,1,1,1,1,1,1,8,0.125,-2.103179288,7.533033E-17,0.866021,-2.428553439
100030,-1.154063558,-0.436147184,-0.231670805,-0.254180641,-1.3029158,-1.00956652,-0.226011679,0.0203364607,1,1,1,1,1,1,1,1,8,0.125,-0.574277466,7.533033E-17,0.866021,-0.663121552
100032,-1.154063558,-0.436147184,-0.231670805,-0.254180641,-0.312251048,-1.00956652,-0.226011679,-0.488715575,1,1,1,1,1,1,1,1,8,0.125,-0.514075876,7.533033E-17,0.866021,-0.593606425
100034,-1.154063558,-1.44305488,-1.17226019,-1.277016409,-1.3029158,-1.00956652,-0.69870321,0.0203364607,1,1,1,1,1,1,1,1,8,0.125,-1.004655513,7.533033E-17,0.866021,-1.160081604
100035,-1.154063558,-1.44305488,-1.17226019,-1.277016409,-1.3029158,-1.980938182,-2.116777802,-1.506819647,1,1,1,1,1,1,1,1,8,0.125,-1.494230809,7.533033E-17,0.866021,-1.725397064
100038,-1.154063558,-1.44305488,-1.17226019,-1.277016409,-1.3029158,-1.00956652,-0.69870321,-0.997767611,1,1,1,1,1,1,1,1,8,0.125,-1.131918522,7.533033E-17,0.866021,-1.307032946
100039,-1.154063558,-1.44305488,-1.17226019,-1.277016409,-1.3029158,-1.00956652,-1.17139474,-0.997767611,1,1,1,1,1,1,1,1,8,0.125,-1.191004964,7.533033E-17,0.866021,-1.375260406
100040,-1.154063558,-0.436147184,-0.231670805,-1.277016409,-0.312251048,-0.038194859,-0.226011679,0.0203364607,1,1,1,1,1,1,1,1,8,0.125,-0.456877385,7.533033E-17,0.866021,-0.527558992
100043,0.6671169089,0.5707605124,0.70891858,0.7686551275,0.6784137042,0.9331768019,1.1920629137,1.0384405328,1,1,1,1,1,1,1,1,8,0.125,0.8196931352,7.533033E-17,0.866021,0.946504463
100044,-1.154063558,-1.44305488,-1.17226019,-1.277016409,-1.3029158,-1.00956652,-1.644086271,-1.506819647,1,1,1,1,1,1,1,1,8,0.125,-1.31372291,7.533033E-17,0.866021,-1.516963536
100045,-0.243473324,-0.436147184,-0.231670805,0.7686551275,0.6784137042,-0.038194859,-0.226011679,-0.488715575,1,1,1,1,1,1,1,1,8,0.125,-0.027143074,7.533033E-17,0.866021,-0.031342267
100046,-0.243473324,-1.44305488,0.70891858,-0.254180641,-0.312251048,-1.00956652,-0.226011679,-0.997767611,1,1,1,1,1,1,1,1,8,0.125,-0.472173391,7.533033E-17,0.866021,-0.545221379
100047,-1.154063558,-1.44305488,-0.231670805,-1.277016409,-1.3029158,-1.980938182,-2.116777802,-0.997767611,1,1,1,1,1,1,1,1,8,0.125,-1.313025631,7.533033E-17,0.866021,-1.516158385
100049,-1.154063558,-2.449962577,-0.231670805,-1.277016409,-1.3029158,-1.00956652,-1.17139474,-0.997767611,1,1,1,1,1,1,1,1,8,0.125,-1.199294753,7.533033E-17,0.866021,-1.384832673
100050,-0.243473324,-0.436147184,0.70891858,-0.254180641,-1.3029158,-1.00956652,-1.17139474,1.0384405328,1,1,1,1,1,1,1,1,8,0.125,-0.333789887,7.533033E-17,0.866021,-0.385429137
100051,-0.243473324,-0.436147184,-0.231670805,-0.254180641,-0.312251048,-0.038194859,-0.226011679,-0.488715575,1,1,1,1,1,1,1,1,8,0.125,-0.278830639,7.533033E-17,0.866021,-0.321967372
100052,-0.243473324,-1.44305488,-0.231670805,-0.254180641,-0.312251048,-1.00956652,-0.226011679,-0.488715575,1,1,1,1,1,1,1,1,8,0.125,-0.526115559,7.533033E-17,0.866021,-0.607508717
100053,-1.154063558,-0.436147184,-0.231670805,-0.254180641,-2.293580553,-0.038194859,-1.17139474,0.5293884968,1,1,1,1,1,1,1,1,8,0.125,-0.63123048,7.533033E-17,0.866021,-0.728885532
100054,0.6671169089,0.5707605124,0.70891858,-0.254180641,-0.312251048,-1.00956652,0.7193713829,0.5293884968,1,1,1,1,1,1,1,1,8,0.125,0.202444709,7.533033E-17,0.866021,0.2337640909
100055,-0.243473324,-0.436147184,0.70891858,-0.254180641,-0.312251048,-0.038194859,-0.226011679,-0.488715575,1,1,1,1,1,1,1,1,8,0.125,-0.161256966,7.533033E-17,0.866021,-0.186204363
100057,-0.243473324,-1.44305488,-0.231670805,-0.254180641,-0.312251048,-1.00956652,-0.226011679,0.0203364607,1,1,1,1,1,1,1,1,8,0.125,-0.462484055,7.533033E-17,0.866021,-0.534033046
100062,-0.243473324,-1.44305488,-0.231670805,-0.254180641,-0.312251048,-1.00956652,-0.226011679,-1.506819647,1,1,1,1,1,1,1,1,8,0.125,-0.653378568,7.533033E-17,0.866021,-0.754460059
100063,0.6671169089,-0.436147184,0.70891858,-0.254180641,0.6784137042,0.9331768019,0.7193713829,-0.488715575,1,1,1,1,1,1,1,1,8,0.125,0.3159942472,7.533033E-17,0.866021,0.3648804076
100067,-0.243473324,-0.436147184,-0.231670805,-0.254180641,-0.312251048,-0.038194859,0.7193713829,0.0203364607,1,1,1,1,1,1,1,1,8,0.125,-0.097026252,7.533033E-17,0.866021,-0.112036782
100068,-0.243473324,-0.436147184,-0.231670805,-0.254180641,-0.312251048,-0.038194859,0.7193713829,0.0203364607,1,1,1,1,1,1,1,1,8,0.125,-0.097026252,7.533033E-17,0.866021,-0.112036782
100069,-0.243473324,-0.436147184,-0.231670805,-0.254180641,-0.312251048,-0.038194859,-0.226011679,0.0203364607,1,1,1,1,1,1,1,1,8,0.125,-0.215199135,7.533033E-17,0.866021,-0.248491701
100071,-1.154063558,-2.449962577,-1.17226019,-1.277016409,-1.3029158,-1.980938182,-2.116777802,-0.997767611,1,1,1,1,1,1,1,1,8,0.125,-1.556462766,7.533033E-17,0.866021,-1.79725667
100072,0.6671169089,-0.436147184,0.70891858,0.7686551275,0.6784137042,0.9331768019,0.7193713829,0.5293884968,1,1,1,1,1,1,1,1,8,0.125,0.5711117273,7.533033E-17,0.866021,0.6594660557
100073,-1.154063558,-0.436147184,-1.17226019,-1.277016409,-1.3029158,-1.00956652,-0.69870321,-1.506819647,1,1,1,1,1,1,1,1,8,0.125,-1.069686565,7.533033E-17,0.866021,-1.23517334
100075,-0.243473324,-0.436147184,-0.231670805,-0.254180641,0.6784137042,0.9331768019,0.7193713829,1.0384405328,1,1,1,1,1,1,1,1,8,0.125,0.2754913085,7.533033E-17,0.866021,0.3181114271
100077,-2.064653791,-2.449962577,-1.17226019,-2.299852177,-1.3029158,-1.980938182,-2.116777802,-2.015871683,1,1,1,1,1,1,1,1,8,0.125,-1.925404025,7.533033E-17,0.866021,-2.223275302
100080,-2.064653791,-2.449962577,-2.112849574,-2.299852177,-2.293580553,-1.980938182,-2.116777802,-1.506819647,1,1,1,1,1,1,1,1,8,0.125,-2.103179288,7.533033E-17,0.866021,-2.428553439
100084,-0.243473324,-1.44305488,-0.231670805,-0.254180641,-0.312251048,-1.00956652,-0.69870321,-0.997767611,1,1,1,1,1,1,1,1,8,0.125,-0.648833505,7.533033E-17,0.866021,-0.749211847
100086,-0.243473324,-0.436147184,-0.231670805,-0.254180641,-1.3029158,-0.038194859,-0.226011679,0.0203364607,1,1,1,1,1,1,1,1,8,0.125,-0.339032229,7.533033E-17,0.866021,-0.3914825
100087,-0.243473324,-0.436147184,-0.231670805,-0.254180641,-0.312251048,-0.038194859,0.2466798521,-0.997767611,1,1,1,1,1,1,1,1,8,0.125,-0.283375703,7.533033E-17,0.866021,-0.327215583
100088,-0.243473324,-0.436147184,-0.231670805,-0.254180641,-0.312251048,-0.038194859,0.7193713829,0.5293884968,1,1,1,1,1,1,1,1,8,0.125,-0.033394748,7.533033E-17,0.866021,-0.038561111
100090,-0.243473324,-0.436147184,-1.17226019,-1.277016409,-1.3029158,-1.00956652,-0.69870321,-1.506819647,1,1,1,1,1,1,1,1,8,0.125,-0.955862786,7.533033E-17,0.866021,-1.103740356
100092,-1.154063558,-0.436147184,-0.231670805,-0.254180641,-0.312251048,-1.00956652,-1.17139474,0.0203364607,1,1,1,1,1,1,1,1,8,0.125,-0.568617254,7.533033E-17,0.866021,-0.656585673
100093,-0.243473324,-0.436147184,-1.17226019,-0.254180641,-0.312251048,-0.038194859,-0.226011679,-0.488715575,1,1,1,1,1,1,1,1,8,0.125,-0.396404313,7.533033E-17,0.866021,-0.457730381
100099,0.6671169089,-0.436147184,0.70891858,0.7686551275,-0.312251048,-0.038194859,-0.226011679,0.5293884968,1,1,1,1,1,1,1,1,8,0.125,0.2076842929,7.533033E-17,0.866021,0.2398142691
10009F,0.6671169089,-0.436147184,0.70891858,0.7686551275,-0.312251048,0.9331768019,0.7193713829,0.5293884968,1,1,1,1,1,1,1,1,8,0.125,0.4472786332,7.533033E-17,0.866021,0.5164752569
100105,-1.154063558,-0.436147184,-0.231670805,-1.277016409,-1.3029158,-1.00956652,-1.17139474,-0.997767611,1,1,1,1,1,1,1,1,8,0.125,-0.947567829,7.533033E-17,0.866021,-1.09416212
100107,-1.154063558,-1.44305488,-0.231670805,-1.277016409,-2.293580553,-1.980938182,-1.644086271,-0.488715575,1,1,1,1,1,1,1,1,8,0.125,-1.314140779,7.533033E-17,0.866021,-1.517446053
100109,-1.154063558,-1.44305488,-0.231670805,-1.277016409,-0.312251048,-1.00956652,-1.17139474,-0.997767611,1,1,1,1,1,1,1,1,8,0.125,-0.949598197,7.533033E-17,0.866021,-1.096506598
100110,-2.064653791,-1.44305488,-1.17226019,-1.277016409,-2.293580553,-1.980938182,-1.644086271,-0.488715575,1,1,1,1,1,1,1,1,8,0.125,-1.545538231,7.533033E-17,0.866021,-1.784642046
100113,-0.243473324,-0.436147184,-0.231670805,-0.254180641,0.6784137042,0.9331768019,0.7193713829,-0.488715575,1,1,1,1,1,1,1,1,8,0.125,0.084596795,7.533033E-17,0.866021,0.0976844145
100117,-0.243473324,0.5707605124,-0.231670805,-0.254180641,-0.312251048,-0.038194859,1.1920629137,0.0203364607,1,1,1,1,1,1,1,1,8,0.125,0.0879236512,7.533033E-17,0.866021,0.1015259549
100118,-0.243473324,-1.44305488,0.70891858,0.7686551275,-0.312251048,-0.038194859,-0.226011679,0.0203364607,1,1,1,1,1,1,1,1,8,0.125,-0.095634453,7.533033E-17,0.866021,-0.110429663
100121,-0.243473324,-0.436147184,0.70891858,0.7686551275,0.6784137042,0.9331768019,0.7193713829,1.0384405328,1,1,1,1,1,1,1,1,8,0.125,0.5209194526,7.533033E-17,0.866021,0.6015087422
100122,-1.154063558,-1.44305488,-0.231670805,-1.277016409,-1.3029158,-1.00956652,-1.17139474,-0.488715575,1,1,1,1,1,1,1,1,8,0.125,-1.009799786,7.533033E-17,0.866021,-1.166021726
100124,-1.154063558,-0.436147184,-1.17226019,-1.277016409,-0.312251048,-1.00956652,-1.17139474,0.0203364607,1,1,1,1,1,1,1,1,8,0.125,-0.814045399,7.533033E-17,0.866021,-0.939982988
100125,-0.243473324,0.5707605124,-1.17226019,0.7686551275,0.6784137042,0.9331768019,0.2466798521,0.5293884968,1,1,1,1,1,1,1,1,8,0.125,0.2889176226,7.533033E-17,0.866021,0.3336148706
100126,-0.243473324,0.5707605124,-0.231670805,-0.254180641,-1.3029158,-1.00956652,-0.226011679,-0.488715575,1,1,1,1,1,1,1,1,8,0.125,-0.398221729,7.533033E-17,0.866021,-0.459828962
100127,0.6671169089,-0.436147184,-0.231670805,0.7686551275,0.6784137042,0.9331768019,1.1920629137,-0.488715575,1,1,1,1,1,1,1,1,8,0.125,0.3853614865,7.533033E-17,0.866021,0.444979165
100128,-1.154063558,-0.436147184,-0.231670805,-0.254180641,-1.3029158,-0.038194859,-0.226011679,-1.506819647,1,1,1,1,1,1,1,1,8,0.125,-0.643750522,7.533033E-17,0.866021,-0.743342497
100130,,,,,,,,,0,0,0,0,0,0,0,0,0,,,7.533033E-17,0.866021,
100131,-1.154063558,-1.44305488,-1.17226019,-1.277016409,-2.293580553,-1.00956652,-0.226011679,0.5293884968,1,1,1,1,1,1,1,1,8,0.125,-1.005770661,7.533033E-17,0.866021,-1.161369272
100132,-0.243473324,-0.436147184,-0.231670805,0.7686551275,0.6784137042,-0.038194859,-0.226011679,0.0203364607,1,1,1,1,1,1,1,1,8,0.125,0.0364884301,7.533033E-17,0.866021,0.042133404
100134,,,,,,,,,0,0,0,0,0,0,0,0,0,,,7.533033E-17,0.866021,
100135,-1.154063558,-0.436147184,-1.17226019,-1.277016409,-1.3029158,-1.00956652,-0.69870321,-1.506819647,1,1,1,1,1,1,1,1,8,0.125,-1.069686565,7.533033E-17,0.866021,-1.23517334
100137,-1.154063558,-1.44305488,-1.17226019,-0.254180641,-0.312251048,-1.00956652,-1.17139474,-0.488715575,1,1,1,1,1,1,1,1,8,0.125,-0.875685894,7.533033E-17,0.866021,-1.01115963
100140,0.6671169089,0.5707605124,0.70891858,0.7686551275,-1.3029158,-0.038194859,1.1920629137,1.0384405328,1,1,1,1,1,1,1,1,8,0.125,0.4506054895,7.533033E-17,0.866021,0.5203167972
100142,0.6671169089,1.5776682088,-0.231670805,1.7914908957,0.6784137042,-0.038194859,0.7193713829,1.0384405328,1,1,1,1,1,1,1,1,8,0.125,0.7753294962,7.533033E-17,0.866021,0.8952775092
100150,-0.243473324,-0.436147184,1.6495079648,0.7686551275,-0.312251048,-1.00956652,-1.17139474,-0.488715575,1,1,1,1,1,1,1,1,8,0.125,-0.155423163,7.533033E-17,0.866021,-0.179468036
100151,0.6671169089,1.5776682088,-0.231670805,0.7686551275,0.6784137042,1.904548463,1.6647544446,1.5474925688,1,1,1,1,1,1,1,1,8,0.125,1.0721223276,7.533033E-17,0.866021,1.2379859296
100154,-0.243473324,0.5707605124,-0.231670805,-0.254180641,-0.312251048,0.9331768019,0.7193713829,0.0203364607,1,1,1,1,1,1,1,1,8,0.125,0.1502586675,7.533033E-17,0.866021,0.1735045632
100156,-1.154063558,-1.44305488,-0.231670805,-1.277016409,-1.3029158,-1.980938182,-1.17139474,-0.488715575,1,1,1,1,1,1,1,1,8,0.125,-1.131221244,7.533033E-17,0.866021,-1.306227794
100157,-0.243473324,-1.44305488,-0.231670805,-0.254180641,-1.3029158,-1.00956652,-0.226011679,-0.488715575,1,1,1,1,1,1,1,1,8,0.125,-0.649948653,7.533033E-17,0.866021,-0.750499516
10015F,,,,,,,,,0,0,0,0,0,0,0,0,0,,,7.533033E-17,0.866021,
100161,-1.154063558,-1.44305488,-0.231670805,-1.277016409,-1.3029158,-1.00956652,-1.17139474,-0.997767611,1,1,1,1,1,1,1,1,8,0.125,-1.073431291,7.533033E-17,0.866021,-1.239497397
100166,-1.154063558,-1.44305488,-0.231670805,-0.254180641,-1.3029158,-1.00956652,-0.226011679,0.0203364607,1,1,1,1,1,1,1,1,8,0.125,-0.700140928,7.533033E-17,0.866021,-0.808456829
100167,-1.154063558,-1.44305488,-1.17226019,-1.277016409,-1.3029158,-0.038194859,-1.17139474,-0.997767611,1,1,1,1,1,1,1,1,8,0.125,-1.069583506,7.533033E-17,0.866021,-1.235054337
100168,-1.154063558,-1.44305488,-2.112849574,-1.277016409,-1.3029158,-1.00956652,-1.17139474,-1.506819647,1,1,1,1,1,1,1,1,8,0.125,-1.372210141,7.533033E-17,0.866021,-1.584499085
100173,-0.243473324,-0.436147184,-0.231670805,-0.254180641,-0.312251048,-0.038194859,-0.226011679,-0.488715575,1,1,1,1,1,1,1,1,8,0.125,-0.278830639,7.533033E-17,0.866021,-0.321967372
100175,0.6671169089,0.5707605124,0.70891858,-1.277016409,0.6784137042,-1.00956652,0.2466798521,0.5293884968,1,1,1,1,1,1,1,1,8,0.125,0.1393368906,7.533033E-17,0.866021,0.1608931235
100176,-2.064653791,-2.449962577,-2.112849574,-2.299852177,-2.293580553,-1.980938182,-2.116777802,-2.015871683,1,1,1,1,1,1,1,1,8,0.125,-2.166810792,7.533033E-17,0.866021,-2.50202911
100177,-0.243473324,-0.436147184,-1.17226019,-0.254180641,0.6784137042,-0.038194859,0.2466798521,-0.488715575,1,1,1,1,1,1,1,1,8,0.125,-0.213484777,7.533033E-17,0.866021,-0.246512122
100179,-1.154063558,-1.44305488,-1.17226019,-1.277016409,-1.3029158,-1.00956652,-1.17139474,-0.488715575,1,1,1,1,1,1,1,1,8,0.125,-1.127373459,7.533033E-17,0.866021,-1.301784735
100180,-1.154063558,-1.44305488,-1.17226019,-1.277016409,-1.3029158,-1.00956652,-1.17139474,-0.488715575,1,1,1,1,1,1,1,1,8,0.125,-1.127373459,7.533033E-17,0.866021,-1.301784735
100181,,,,,,,,,0,0,0,0,0,0,0,0,0,,,7.533033E-17,0.866021,
100183,-0.243473324,-1.44305488,-0.231670805,-0.254180641,-1.3029158,-0.038194859,-1.17139474,0.5293884968,1,1,1,1,1,1,1,1,8,0.125,-0.519437069,7.533033E-17,0.866021,-0.599797025
100187,-1.154063558,-1.44305488,-1.17226019,-1.277016409,-2.293580553,-1.00956652,-2.116777802,-0.488715575,1,1,1,1,1,1,1,1,8,0.125,-1.369379436,7.533033E-17,0.866021,-1.581230453
100189,-2.064653791,-2.449962577,-2.112849574,-2.299852177,-2.293580553,-1.980938182,-2.116777802,-2.015871683,1,1,1,1,1,1,1,1,8,0.125,-2.166810792,7.533033E-17,0.866021,-2.50202911
100191,-1.154063558,-1.44305488,-0.231670805,-1.277016409,-1.3029158,-1.00956652,-0.226011679,0.0203364607,1,1,1,1,1,1,1,1,8,0.125,-0.827995399,7.533033E-17,0.866021,-0.956091135
100200,-1.154063558,-1.44305488,-1.17226019,-2.299852177,-1.3029158,-1.00956652,-0.69870321,-0.997767611,1,1,1,1,1,1,1,1,8,0.125,-1.259772993,7.533033E-17,0.866021,-1.454667252
100204,-1.154063558,-1.44305488,-2.112849574,-1.277016409,-1.3029158,-1.00956652,-1.17139474,-0.997767611,1,1,1,1,1,1,1,1,8,0.125,-1.308578637,7.533033E-17,0.866021,-1.511023414
100206,-1.154063558,-0.436147184,-0.231670805,-1.277016409,-1.3029158,-1.00956652,0.2466798521,0.5293884968,1,1,1,1,1,1,1,1,8,0.125,-0.579413991,7.533033E-17,0.866021,-0.669052728
100209,-1.154063558,-0.436147184,-0.231670805,-0.254180641,-1.3029158,-0.038194859,-1.17139474,0.0203364607,1,1,1,1,1,1,1,1,8,0.125,-0.571028891,7.533033E-17,0.866021,-0.659370404
100211,-0.243473324,-0.436147184,-0.231670805,-0.254180641,0.6784137042,-0.038194859,-0.226011679,-0.488715575,1,1,1,1,1,1,1,1,8,0.125,-0.154997545,7.533033E-17,0.866021,-0.178976573
100212,-1.154063558,-1.44305488,-0.231670805,-1.277016409,-1.3029158,-1.00956652,-1.17139474,-0.997767611,1,1,1,1,1,1,1,1,8,0.125,-1.073431291,7.533033E-17,0.866021,-1.239497397
100213,-1.154063558,-1.44305488,-2.112849574,-1.277016409,-1.3029158,-1.980938182,-2.116777802,-1.506819647,1,1,1,1,1,1,1,1,8,0.125,-1.611804482,7.533033E-17,0.866021,-1.861160073
100217,-1.154063558,-1.44305488,-1.17226019,-1.277016409,-1.3029158,-1.00956652,-1.17139474,-0.488715575,1,1,1,1,1,1,1,1,8,0.125,-1.127373459,7.533033E-17,0.866021,-1.301784735
100220,-0.243473324,-0.436147184,-0.231670805,-0.254180641,0.6784137042,-0.038194859,0.7193713829,0.0203364607,1,1,1,1,1,1,1,1,8,0.125,0.0268068418,7.533033E-17,0.866021,0.0309540172
100223,-1.154063558,-1.44305488,-1.17226019,-1.277016409,-1.3029158,-1.00956652,-1.17139474,0.5293884968,1,1,1,1,1,1,1,1,8,0.125,-1.00011045,7.533033E-17,0.866021,-1.154833393
100224,-2.064653791,-2.449962577,-2.112849574,-2.299852177,-2.293580553,-1.980938182,-2.116777802,-1.506819647,1,1,1,1,1,1,1,1,8,0.125,-2.103179288,7.533033E-17,0.866021,-2.428553439
100226,-1.154063558,-1.44305488,-2.112849574,-1.277016409,-1.3029158,-1.00956652,-1.644086271,-0.488715575,1,1,1,1,1,1,1,1,8,0.125,-1.304033574,7.533033E-17,0.866021,-1.505775203
100228,-1.154063558,-1.44305488,-1.17226019,-1.277016409,-2.293580553,-1.980938182,-1.17139474,-0.997767611,1,1,1,1,1,1,1,1,8,0.125,-1.436259515,7.533033E-17,0.866021,-1.658457273
100230,-0.243473324,0.5707605124,0.70891858,-0.254180641,-1.3029158,-0.038194859,0.7193713829,1.0384405328,1,1,1,1,1,1,1,1,8,0.125,0.1498407979,7.533033E-17,0.866021,0.1730220468
100231,-1.154063558,-0.436147184,-1.17226019,-0.254180641,-0.312251048,-1.00956652,-0.226011679,0.0203364607,1,1,1,1,1,1,1,1,8,0.125,-0.568018045,7.533033E-17,0.866021,-0.655893762
100232,-1.154063558,-1.44305488,-1.17226019,-1.277016409,-1.3029158,-1.980938182,-2.116777802,-0.488715575,1,1,1,1,1,1,1,1,8,0.125,-1.3669678,7.533033E-17,0.866021,-1.578445722
100236,-1.154063558,-2.449962577,-1.17226019,-1.277016409,-1.3029158,-1.980938182,-2.116777802,-2.015871683,1,1,1,1,1,1,1,1,8,0.125,-1.683725775,7.533033E-17,0.866021,-1.944208012
100238,-1.154063558,-1.44305488,-1.17226019,-1.277016409,-1.3029158,-1.00956652,-1.17139474,-2.015871683,1,1,1,1,1,1,1,1,8,0.125,-1.318267973,7.533033E-17,0.866021,-1.522211747
100242,-1.154063558,-1.44305488,-1.17226019,-1.277016409,-0.312251048,-1.00956652,-1.17139474,-0.997767611,1,1,1,1,1,1,1,1,8,0.125,-1.06717187,7.533033E-17,0.866021,-1.232269607
100243,-1.154063558,-1.44305488,-1.17226019,-1.277016409,-1.3029158,-1.00956652,-1.17139474,-0.488715575,1,1,1,1,1,1,1,1,8,0.125,-1.127373459,7.533033E-17,0.866021,-1.301784735
100244,0.6671169089,-0.436147184,-0.231670805,-0.254180641,0.6784137042,-0.038194859,0.2466798521,-0.997767611,1,1,1,1,1,1,1,1,8,0.125,-0.045718829,7.533033E-17,0.866021,-0.0527918
100246,-1.154063558,-2.449962577,-1.17226019,-1.277016409,-1.3029158,-1.00956652,-1.17139474,-1.506819647,1,1,1,1,1,1,1,1,8,0.125,-1.38049993,7.533033E-17,0.866021,-1.594071353
100248,-1.154063558,-1.44305488,-1.17226019,-1.277016409,-1.3029158,-1.00956652,-2.116777802,-0.488715575,1,1,1,1,1,1,1,1,8,0.125,-1.245546342,7.533033E-17,0.866021,-1.438239654
100249,-1.154063558,-1.44305488,-1.17226019,-1.277016409,-1.3029158,-1.980938182,-2.116777802,-2.015871683,1,1,1,1,1,1,1,1,8,0.125,-1.557862313,7.533033E-17,0.866021,-1.798872735
100252,-0.243473324,-1.44305488,0.70891858,0.7686551275,-0.312251048,-0.038194859,0.7193713829,0.5293884968,1,1,1,1,1,1,1,1,8,0.125,0.0861699344,7.533033E-17,0.866021,0.0995009278
100253,-0.243473324,-0.436147184,-0.231670805,-0.254180641,-1.3029158,-0.038194859,0.7193713829,-0.488715575,1,1,1,1,1,1,1,1,8,0.125,-0.284490851,7.533033E-17,0.866021,-0.328503251
100254,-1.154063558,-1.44305488,-1.17226019,-1.277016409,-2.293580553,-1.00956652,-1.17139474,-0.488715575,1,1,1,1,1,1,1,1,8,0.125,-1.251206553,7.533033E-17,0.866021,-1.444775534
100256,-1.154063558,-1.44305488,-0.231670805,-1.277016409,-1.3029158,-1.980938182,-1.17139474,-0.997767611,1,1,1,1,1,1,1,1,8,0.125,-1.194852748,7.533033E-17,0.866021,-1.379703465
100258,-2.064653791,-2.449962577,-2.112849574,-2.299852177,-2.293580553,-1.980938182,-2.116777802,-2.015871683,1,1,1,1,1,1,1,1,8,0.125,-2.166810792,7.533033E-17,0.866021,-2.50202911
100259,-1.154063558,-1.44305488,-1.17226019,-0.254180641,-1.3029158,-1.00956652,-1.17139474,-0.488715575,1,1,1,1,1,1,1,1,8,0.125,-0.999518988,7.533033E-17,0.866021,-1.154150428
100260,-1.154063558,-1.44305488,-1.17226019,-1.277016409,-0.312251048,-1.00956652,-0.226011679,0.0203364607,1,1,1,1,1,1,1,1,8,0.125,-0.821735978,7.533033E-17,0.866021,-0.948863345
100264,-1.154063558,-1.44305488,-0.231670805,-1.277016409,-1.3029158,-1.00956652,-1.17139474,-1.506819647,1,1,1,1,1,1,1,1,8,0.125,-1.137062795,7.533033E-17,0.866021,-1.312973068
100265,0.6671169089,-0.436147184,-0.231670805,0.7686551275,0.6784137042,0.9331768019,0.7193713829,0.0203364607,1,1,1,1,1,1,1,1,8,0.125,0.3899065497,7.533033E-17,0.866021,0.450227376
100266,0.6671169089,0.5707605124,0.70891858,-0.254180641,0.6784137042,0.9331768019,1.1920629137,0.0203364607,1,1,1,1,1,1,1,1,8,0.125,0.5645756551,7.533033E-17,0.866021,0.6519188149
100267,-0.243473324,-0.436147184,-0.231670805,-0.254180641,-1.3029158,-1.00956652,-0.226011679,-0.488715575,1,1,1,1,1,1,1,1,8,0.125,-0.524085191,7.533033E-17,0.866021,-0.605164239
100268,-2.064653791,-1.44305488,-2.112849574,-2.299852177,-1.3029158,-1.980938182,-2.116777802,-2.015871683,1,1,1,1,1,1,1,1,8,0.125,-1.917114236,7.533033E-17,0.866021,-2.213703035
100269,-1.154063558,-1.44305488,-2.112849574,-1.277016409,-1.3029158,-1.00956652,-1.17139474,-0.997767611,1,1,1,1,1,1,1,1,8,0.125,-1.308578637,7.533033E-17,0.866021,-1.511023414
100275,-2.064653791,-2.449962577,-2.112849574,-2.299852177,-2.293580553,-1.980938182,-2.116777802,-0.997767611,1,1,1,1,1,1,1,1,8,0.125,-2.039547783,7.533033E-17,0.866021,-2.355077768
100276,-1.154063558,-1.44305488,-1.17226019,-1.277016409,-1.3029158,-1.00956652,-0.226011679,0.0203364607,1,1,1,1,1,1,1,1,8,0.125,-0.945569072,7.533033E-17,0.866021,-1.091854144
100277,,,,,,,,,0,0,0,0,0,0,0,0,0,,,7.533033E-17,0.866021,
100281,-0.243473324,-0.436147184,-0.231670805,-0.254180641,-0.312251048,-0.038194859,0.2466798521,0.5293884968,1,1,1,1,1,1,1,1,8,0.125,-0.092481189,7.533033E-17,0.866021,-0.106788571
100284,-0.243473324,-0.436147184,-0.231670805,-1.277016409,-2.293580553,-1.980938182,-0.226011679,1.0384405328,1,1,1,1,1,1,1,1,8,0.125,-0.7062997,7.533033E-17,0.866021,-0.8155684
100285,0.6671169089,0.5707605124,-0.231670805,-0.254180641,0.6784137042,0.9331768019,0.7193713829,1.0384405328,1,1,1,1,1,1,1,1,8,0.125,0.5151785497,7.533033E-17,0.866021,0.594879688
100286,-1.154063558,-1.44305488,-1.17226019,-1.277016409,-1.3029158,-1.00956652,-1.17139474,-0.997767611,1,1,1,1,1,1,1,1,8,0.125,-1.191004964,7.533033E-17,0.866021,-1.375260406
100287,-2.064653791,-1.44305488,-2.112849574,-2.299852177,-2.293580553,-1.980938182,-1.644086271,-1.506819647,1,1,1,1,1,1,1,1,8,0.125,-1.918229385,7.533033E-17,0.866021,-2.214990703
100288,-1.154063558,-1.44305488,-1.17226019,-1.277016409,-1.3029158,-1.00956652,-1.17139474,-0.997767611,1,1,1,1,1,1,1,1,8,0.125,-1.191004964,7.533033E-17,0.866021,-1.375260406
100289,-1.154063558,0.5707605124,-1.17226019,-1.277016409,-0.312251048,-0.038194859,0.2466798521,0.0203364607,1,1,1,1,1,1,1,1,8,0.125,-0.389501155,7.533033E-17,0.866021,-0.449759264
100290,-1.154063558,-2.449962577,-1.17226019,-1.277016409,-1.3029158,-1.00956652,-2.116777802,-0.997767611,1,1,1,1,1,1,1,1,8,0.125,-1.435041308,7.533033E-17,0.866021,-1.657050602
100291,-1.154063558,-1.44305488,-0.231670805,-0.254180641,-1.3029158,-1.00956652,-0.69870321,-0.488715575,1,1,1,1,1,1,1,1,8,0.125,-0.822858874,7.533033E-17,0.866021,-0.95015996
100292,0.6671169089,0.5707605124,0.70891858,-0.254180641,0.6784137042,-0.038194859,1.1920629137,0.5293884968,1,1,1,1,1,1,1,1,8,0.125,0.506785702,7.533033E-17,0.866021,0.5851884176
100296,-1.154063558,0.5707605124,-1.17226019,-1.277016409,-0.312251048,-0.038194859,-0.226011679,0.0203364607,1,1,1,1,1,1,1,1,8,0.125,-0.448587596,7.533033E-17,0.866021,-0.517986724
100299,-0.243473324,-1.44305488,-0.231670805,-1.277016409,-1.3029158,-1.00956652,-0.69870321,-0.488715575,1,1,1,1,1,1,1,1,8,0.125,-0.836889566,7.533033E-17,0.866021,-0.966361282
100302,-1.154063558,-1.44305488,-0.231670805,-1.277016409,-1.3029158,-1.00956652,-1.17139474,-1.506819647,1,1,1,1,1,1,1,1,8,0.125,-1.137062795,7.533033E-17,0.866021,-1.312973068
100307,-0.243473324,-0.436147184,-0.231670805,-1.277016409,0.6784137042,0.9331768019,-0.226011679,-0.488715575,1,1,1,1,1,1,1,1,8,0.125,-0.161430559,7.533033E-17,0.866021,-0.186404811
100313,,,,,,,,,0,0,0,0,0,0,0,0,0,,,7.533033E-17,0.866021,
100314,0.6671169089,0.5707605124,-0.231670805,-0.254180641,-0.312251048,0.9331768019,0.7193713829,0.5293884968,1,1,1,1,1,1,1,1,8,0.125,0.3277139512,7.533033E-17,0.866021,0.3784132184
100315,0.6671169089,0.5707605124,-0.231670805,0.7686551275,-0.312251048,-0.038194859,0.7193713829,1.0384405328,1,1,1,1,1,1,1,1,8,0.125,0.397778469,7.533033E-17,0.866021,0.4593171274
100316,-1.154063558,-0.436147184,-1.17226019,-1.277016409,-1.3029158,-1.00956652,-0.69870321,-0.488715575,1,1,1,1,1,1,1,1,8,0.125,-0.942423556,7.533033E-17,0.866021,-1.088221998
100319,0.6671169089,-0.436147184,0.70891858,0.7686551275,0.6784137042,0.9331768019,0.7193713829,1.0384405328,1,1,1,1,1,1,1,1,8,0.125,0.6347432318,7.533033E-17,0.866021,0.7329417265
100320,-1.154063558,-1.44305488,-1.17226019,-2.299852177,-1.3029158,-1.00956652,-1.17139474,0.5293884968,1,1,1,1,1,1,1,1,8,0.125,-1.127964921,7.533033E-17,0.866021,-1.302467699
100321,-0.243473324,-0.436147184,-0.231670805,-0.254180641,0.6784137042,-0.038194859,0.2466798521,0.5293884968,1,1,1,1,1,1,1,1,8,0.125,0.031351905,7.533033E-17,0.866021,0.0362022283
100329,-0.243473324,-0.436147184,-0.231670805,-0.254180641,-0.312251048,-0.038194859,0.7193713829,1.0384405328,1,1,1,1,1,1,1,1,8,0.125,0.0302367568,7.533033E-17,0.866021,0.0349145601
100330,-1.154063558,-1.44305488,-1.17226019,-0.254180641,-1.3029158,-1.00956652,-0.226011679,1.0384405328,1,1,1,1,1,1,1,1,8,0.125,-0.690451592,7.533033E-17,0.866021,-0.797268496
100350,0.6671169089,0.5707605124,-0.231670805,0.7686551275,-1.3029158,-0.038194859,0.7193713829,1.0384405328,1,1,1,1,1,1,1,1,8,0.125,0.273945375,7.533033E-17,0.866021,0.3163263286
100359,0.6671169089,0.5707605124,0.70891858,-0.254180641,0.6784137042,0.9331768019,1.1920629137,0.5293884968,1,1,1,1,1,1,1,1,8,0.125,0.6282071597,7.533033E-17,0.866021,0.7253944858
100360,-1.154063558,-1.44305488,-0.231670805,-1.277016409,-1.3029158,-1.00956652,-0.226011679,1.5474925688,1,1,1,1,1,1,1,1,8,0.125,-0.637100885,7.533033E-17,0.866021,-0.735664123
100361,0.6671169089,0.5707605124,0.70891858,-0.254180641,1.6690784566,0.9331768019,0.7193713829,0.5293884968,1,1,1,1,1,1,1,1,8,0.125,0.6929538123,7.533033E-17,0.866021,0.8001578248
100362,,,,,,,,,0,0,0,0,0,0,0,0,0,,,7.533033E-17,0.866021,
100363,,,,,,,,,0,0,0,0,0,0,0,0,0,,,7.533033E-17,0.866021,
10057F,0.6671169089,0.5707605124,0.70891858,0.7686551275,0.6784137042,0.9331768019,0.7193713829,0.5293884968,1,1,1,1,1,1,1,1,8,0.125,0.6969751893,7.533033E-17,0.866021,0.8048013323
10063F,0.6671169089,0.5707605124,0.70891858,0.7686551275,-0.312251048,0.9331768019,0.7193713829,-0.488715575,1,1,1,1,1,1,1,1,8,0.125,0.4458790863,7.533033E-17,0.866021,0.5148591918
10064F,-0.243473324,0.5707605124,-0.231670805,-0.254180641,-0.312251048,0.9331768019,0.2466798521,0.5293884968,1,1,1,1,1,1,1,1,8,0.125,0.1548037306,7.533033E-17,0.866021,0.1787527742
10065F,-1.154063558,-0.436147184,-0.231670805,-0.254180641,-1.3029158,-0.038194859,0.7193713829,-0.488715575,1,1,1,1,1,1,1,1,8,0.125,-0.39831463,7.533033E-17,0.866021,-0.459936236
10099F,0.6671169089,1.5776682088,0.70891858,1.7914908957,0.6784137042,1.904548463,0.7193713829,0.0203364607,1,1,1,1,1,1,1,1,8,0.125,1.0084830755,7.533033E-17,0.866021,1.1645013126
101300,,,,,,,,,0,0,0,0,0,0,0,0,0,,,7.533033E-17,0.866021,
101303,,,,,,,,,0,0,0,0,0,0,0,0,0,,,7.533033E-17,0.866021,
101304,,,,,,,,,0,0,0,0,0,0,0,0,0,,,7.533033E-17,0.866021,
101307,,,,,,,,,0,0,0,0,0,0,0,0,0,,,7.533033E-17,0.866021,
101308,,,,,,,,,0,0,0,0,0,0,0,0,0,,,7.533033E-17,0.866021,
101309,,,,,,,,,0,0,0,0,0,0,0,0,0,,,7.533033E-17,0.866021,
101311,,,,,,,,,0,0,0,0,0,0,0,0,0,,,7.533033E-17,0.866021,
101312,,,,,,,,,0,0,0,0,0,0,0,0,0,,,7.533033E-17,0.866021,
101313,,,,,,,,,0,0,0,0,0,0,0,0,0,,,7.533033E-17,0.866021,
110001,-0.243473324,-0.436147184,-0.231670805,-1.277016409,-0.312251048,-0.038194859,-0.226011679,-0.488715575,1,1,1,1,1,1,1,1,8,0.125,-0.40668511,7.533033E-17,0.866021,-0.469601678
110002,-0.243473324,0.5707605124,0.70891858,-0.254180641,0.6784137042,0.9331768019,0.7193713829,1.0384405328,1,1,1,1,1,1,1,1,8,0.125,0.5189284436,7.533033E-17,0.866021,0.5992097125
110003,-1.154063558,-0.436147184,0.70891858,-1.277016409,-0.312251048,-1.00956652,-0.69870321,1.0384405328,1,1,1,1,1,1,1,1,8,0.125,-0.392548602,7.533033E-17,0.866021,-0.453278169
110005,-0.243473324,-0.436147184,-0.231670805,-0.254180641,0.6784137042,0.9331768019,0.7193713829,1.0384405328,1,1,1,1,1,1,1,1,8,0.125,0.2754913085,7.533033E-17,0.866021,0.3181114271
110006,-0.243473324,-0.436147184,-0.231670805,-0.254180641,-1.3029158,-0.038194859,0.7193713829,-0.997767611,1,1,1,1,1,1,1,1,8,0.125,-0.348122355,7.533033E-17,0.866021,-0.401978922
110007,-1.154063558,-0.436147184,-1.17226019,-1.277016409,-0.312251048,-1.00956652,-1.17139474,0.0203364607,1,1,1,1,1,1,1,1,8,0.125,-0.814045399,7.533033E-17,0.866021,-0.939982988
110008,0.6671169089,0.5707605124,0.70891858,0.7686551275,0.6784137042,0.9331768019,1.6647544446,1.5474925688,1,1,1,1,1,1,1,1,8,0.125,0.942411081,7.533033E-17,0.866021,1.0882075937
110010,-0.243473324,0.5707605124,-0.231670805,-0.254180641,-0.312251048,0.9331768019,0.7193713829,1.0384405328,1,1,1,1,1,1,1,1,8,0.125,0.2775216765,7.533033E-17,0.866021,0.3204559049
110011,0.6671169089,0.5707605124,0.70891858,0.7686551275,0.6784137042,0.9331768019,0.7193713829,0.5293884968,1,1,1,1,1,1,1,1,8,0.125,0.6969751893,7.533033E-17,0.866021,0.8048013323
110015,0.6671169089,0.5707605124,-0.231670805,0.7686551275,0.6784137042,0.9331768019,0.7193713829,0.5293884968,1,1,1,1,1,1,1,1,8,0.125,0.5794015162,7.533033E-17,0.866021,0.6690383235
110016,1.5777071423,0.5707605124,0.70891858,0.7686551275,0.6784137042,0.9331768019,0.7193713829,0.5293884968,1,1,1,1,1,1,1,1,8,0.125,0.8107989685,7.533033E-17,0.866021,0.9362343166
110018,-1.154063558,0.5707605124,-1.17226019,-1.277016409,-1.3029158,-1.00956652,-1.17139474,-0.488715575,1,1,1,1,1,1,1,1,8,0.125,-0.875646535,7.533033E-17,0.866021,-1.011114181
110023,0.6671169089,0.5707605124,-0.231670805,-0.254180641,-0.312251048,-0.038194859,0.7193713829,0.5293884968,1,1,1,1,1,1,1,1,8,0.125,0.2062924935,7.533033E-17,0.866021,0.2382071502
110024,-1.154063558,0.5707605124,-1.17226019,-0.254180641,-1.3029158,-0.038194859,-0.226011679,-0.997767611,1,1,1,1,1,1,1,1,8,0.125,-0.571829228,7.533033E-17,0.866021,-0.660294558
110025,-0.243473324,-0.436147184,-0.231670805,-0.254180641,-1.3029158,-1.00956652,-1.17139474,-0.488715575,1,1,1,1,1,1,1,1,8,0.125,-0.642258074,7.533033E-17,0.866021,-0.741619159
110027,-0.243473324,0.5707605124,0.70891858,0.7686551275,0.6784137042,0.9331768019,0.7193713829,1.5474925688,1,1,1,1,1,1,1,1,8,0.125,0.7104144192,7.533033E-17,0.866021,0.8203196897
110028,-1.154063558,-0.436147184,-1.17226019,-1.277016409,-1.3029158,-1.00956652,-1.17139474,-0.488715575,1,1,1,1,1,1,1,1,8,0.125,-1.001509997,7.533033E-17,0.866021,-1.156449458
110029,-1.154063558,-0.436147184,-1.17226019,-1.277016409,-0.312251048,-1.00956652,-0.69870321,-1.506819647,1,1,1,1,1,1,1,1,8,0.125,-0.945853471,7.533033E-17,0.866021,-1.092182541
110030,-1.154063558,-1.44305488,-1.17226019,-1.277016409,-2.293580553,-1.980938182,-1.17139474,-0.488715575,1,1,1,1,1,1,1,1,8,0.125,-1.372628011,7.533033E-17,0.866021,-1.584981602
110031,-1.154063558,-1.44305488,-1.17226019,-1.277016409,-1.3029158,-1.00956652,-1.644086271,-1.506819647,1,1,1,1,1,1,1,1,8,0.125,-1.31372291,7.533033E-17,0.866021,-1.516963536
110032,0.6671169089,-0.436147184,-0.231670805,-0.254180641,0.6784137042,-0.038194859,-0.226011679,1.5474925688,1,1,1,1,1,1,1,1,8,0.125,0.2133522518,7.533033E-17,0.866021,0.2463590945
110034,-1.154063558,-0.436147184,-1.17226019,-0.254180641,-0.312251048,-0.038194859,-0.69870321,-1.506819647,1,1,1,1,1,1,1,1,8,0.125,-0.696577542,7.533033E-17,0.866021,-0.804342167
110035,-1.154063558,-0.436147184,-1.17226019,-1.277016409,-0.312251048,-1.00956652,-1.17139474,-0.997767611,1,1,1,1,1,1,1,1,8,0.125,-0.941308408,7.533033E-17,0.866021,-1.08693433
110036,-1.154063558,-1.44305488,-1.17226019,-1.277016409,-1.3029158,-1.00956652,-1.17139474,-1.506819647,1,1,1,1,1,1,1,1,8,0.125,-1.254636468,7.533033E-17,0.866021,-1.448736076
110038,-0.243473324,-0.436147184,-0.231670805,-0.254180641,-1.3029158,-1.00956652,-0.226011679,0.0203364607,1,1,1,1,1,1,1,1,8,0.125,-0.460453687,7.533033E-17,0.866021,-0.531688568
110041,-0.243473324,-0.436147184,-0.231670805,-0.254180641,-0.312251048,-1.00956652,-0.226011679,0.0203364607,1,1,1,1,1,1,1,1,8,0.125,-0.336620593,7.533033E-17,0.866021,-0.388697769
110042,0.6671169089,0.5707605124,-0.231670805,-0.254180641,-0.312251048,0.9331768019,0.7193713829,0.5293884968,1,1,1,1,1,1,1,1,8,0.125,0.3277139512,7.533033E-17,0.866021,0.3784132184
110043,0.6671169089,0.5707605124,-0.231670805,-0.254180641,-0.312251048,0.9331768019,0.7193713829,-0.488715575,1,1,1,1,1,1,1,1,8,0.125,0.2004509421,7.533033E-17,0.866021,0.2314618767
110044,-0.243473324,-0.436147184,-0.231670805,-0.254180641,-0.312251048,-0.038194859,-0.69870321,0.5293884968,1,1,1,1,1,1,1,1,8,0.125,-0.210654072,7.533033E-17,0.866021,-0.24324349
110045,0.6671169089,0.5707605124,0.70891858,-0.254180641,-0.312251048,-1.00956652,0.2466798521,1.0384405328,1,1,1,1,1,1,1,1,8,0.125,0.2069897721,7.533033E-17,0.866021,0.2390123019
110046,-1.154063558,-0.436147184,-0.231670805,-1.277016409,-0.312251048,-0.038194859,-0.226011679,-0.488715575,1,1,1,1,1,1,1,1,8,0.125,-0.52050889,7.533033E-17,0.866021,-0.601034663
110050,,,,,,,,,0,0,0,0,0,0,0,0,0,,,7.533033E-17,0.866021,
110051,0.6671169089,0.5707605124,0.70891858,0.7686551275,0.6784137042,0.9331768019,1.1920629137,1.0384405328,1,1,1,1,1,1,1,1,8,0.125,0.8196931352,7.533033E-17,0.866021,0.946504463
110054,-0.243473324,-0.436147184,-0.231670805,-0.254180641,-1.3029158,-0.038194859,-0.226011679,-0.488715575,1,1,1,1,1,1,1,1,8,0.125,-0.402663733,7.533033E-17,0.866021,-0.464958171
110064,-1.154063558,-0.436147184,-1.17226019,-1.277016409,-1.3029158,-1.00956652,-1.17139474,-0.997767611,1,1,1,1,1,1,1,1,8,0.125,-1.065141502,7.533033E-17,0.866021,-1.229925129
110069,-1.154063558,-1.44305488,-1.17226019,-1.277016409,-0.312251048,-1.00956652,-1.17139474,-0.488715575,1,1,1,1,1,1,1,1,8,0.125,-1.003540365,7.533033E-17,0.866021,-1.158793936
110071,,,,,,,,,0,0,0,0,0,0,0,0,0,,,7.533033E-17,0.866021,
110073,0.6671169089,-0.436147184,0.70891858,1.7914908957,0.6784137042,-0.038194859,0.2466798521,2.0565446049,1,1,1,1,1,1,1,1,8,0.125,0.7093528128,7.533033E-17,0.866021,0.8190938466
110074,0.6671169089,0.5707605124,-0.231670805,0.7686551275,-0.312251048,-0.038194859,0.7193713829,0.0203364607,1,1,1,1,1,1,1,1,8,0.125,0.27051546,7.533033E-17,0.866021,0.3123657857
110075,0.6671169089,0.5707605124,0.70891858,-0.254180641,-0.312251048,-1.00956652,-0.226011679,1.0384405328,1,1,1,1,1,1,1,1,8,0.125,0.1479033308,7.533033E-17,0.866021,0.1707848421
110076,-1.154063558,-0.436147184,-2.112849574,-1.277016409,-2.293580553,-1.980938182,-1.17139474,-0.488715575,1,1,1,1,1,1,1,1,8,0.125,-1.364338222,7.533033E-17,0.866021,-1.575409334
110078,-1.154063558,0.5707605124,-1.17226019,-1.277016409,-1.3029158,-1.00956652,-0.69870321,-0.488715575,1,1,1,1,1,1,1,1,8,0.125,-0.816560094,7.533033E-17,0.866021,-0.942886722
110079,-1.154063558,-0.436147184,-2.112849574,-1.277016409,-1.3029158,-1.00956652,-0.69870321,-1.506819647,1,1,1,1,1,1,1,1,8,0.125,-1.187260238,7.533033E-17,0.866021,-1.370936349
110082,-1.154063558,-0.436147184,-1.17226019,-1.277016409,-1.3029158,-0.038194859,-0.226011679,-0.997767611,1,1,1,1,1,1,1,1,8,0.125,-0.825547161,7.533033E-17,0.866021,-0.953264141
110083,-1.154063558,0.5707605124,-1.17226019,-0.254180641,-0.312251048,-0.038194859,0.2466798521,-0.488715575,1,1,1,1,1,1,1,1,8,0.125,-0.325278188,7.533033E-17,0.866021,-0.375600629
110086,,,,,,,,,0,0,0,0,0,0,0,0,0,,,7.533033E-17,0.866021,
110087,-1.154063558,-1.44305488,-1.17226019,-1.277016409,-0.312251048,-0.038194859,-0.226011679,0.5293884968,1,1,1,1,1,1,1,1,8,0.125,-0.636683016,7.533033E-17,0.866021,-0.735181606
110089,-1.154063558,-0.436147184,-0.231670805,-1.277016409,-0.312251048,-0.038194859,-0.69870321,0.5293884968,1,1,1,1,1,1,1,1,8,0.125,-0.452332322,7.533033E-17,0.866021,-0.522310781
110091,-1.154063558,-0.436147184,-1.17226019,-1.277016409,-1.3029158,-1.980938182,-1.17139474,0.0203364607,1,1,1,1,1,1,1,1,8,0.125,-1.05929995,7.533033E-17,0.866021,-1.223179855
110092,1.5777071423,1.5776682088,1.6495079648,1.7914908957,0.6784137042,0.9331768019,0.7193713829,0.5293884968,1,1,1,1,1,1,1,1,8,0.125,1.1820905747,7.533033E-17,0.866021,1.3649669084
110095,-0.243473324,-0.436147184,-0.231670805,-0.254180641,-1.3029158,-1.00956652,-0.226011679,-0.488715575,1,1,1,1,1,1,1,1,8,0.125,-0.524085191,7.533033E-17,0.866021,-0.605164239
110100,,,,,,,,,0,0,0,0,0,0,0,0,0,,,7.533033E-17,0.866021,
110101,,,,,,,,,0,0,0,0,0,0,0,0,0,,,7.533033E-17,0.866021,
110104,0.6671169089,0.5707605124,-0.231670805,0.7686551275,-0.312251048,-0.038194859,0.2466798521,1.0384405328,1,1,1,1,1,1,1,1,8,0.125,0.3386920277,7.533033E-17,0.866021,0.3910896676
110105,0.6671169089,0.5707605124,0.70891858,0.7686551275,-0.312251048,0.9331768019,0.7193713829,1.0384405328,1,1,1,1,1,1,1,1,8,0.125,0.6367735998,7.533033E-17,0.866021,0.7352862044
110107,-1.154063558,-1.44305488,-2.112849574,-1.277016409,-1.3029158,-1.00956652,-1.17139474,-0.997767611,1,1,1,1,1,1,1,1,8,0.125,-1.308578637,7.533033E-17,0.866021,-1.511023414
110109,0.6671169089,0.5707605124,1.6495079648,0.7686551275,-0.312251048,-1.00956652,0.2466798521,1.5474925688,1,1,1,1,1,1,1,1,8,0.125,0.5160494208,7.533033E-17,0.866021,0.5958852879
110111,0.6671169089,-0.436147184,0.70891858,0.7686551275,0.6784137042,0.9331768019,0.7193713829,1.5474925688,1,1,1,1,1,1,1,1,8,0.125,0.6983747363,7.533033E-17,0.866021,0.8064173974
110113,,,,,,,,,0,0,0,0,0,0,0,0,0,,,7.533033E-17,0.866021,
110121,,,,,,,,,0,0,0,0,0,0,0,0,0,,,7.533033E-17,0.866021,
110122,-0.243473324,-0.436147184,-0.231670805,-1.277016409,-1.3029158,-1.00956652,-0.69870321,0.0203364607,1,1,1,1,1,1,1,1,8,0.125,-0.647394599,7.533033E-17,0.866021,-0.747550334
110124,0.6671169089,0.5707605124,0.70891858,-0.254180641,-0.312251048,0.9331768019,0.2466798521,1.0384405328,1,1,1,1,1,1,1,1,8,0.125,0.4498326874,7.533033E-17,0.866021,0.5194244382
110125,1.5777071423,1.5776682088,0.70891858,1.7914908957,0.6784137042,0.9331768019,0.7193713829,0.0203364607,1,1,1,1,1,1,1,1,8,0.125,1.0008853971,7.533033E-17,0.866021,1.1557282288
110128,1.5777071423,0.5707605124,0.70891858,-0.254180641,-0.312251048,0.9331768019,0.7193713829,1.0384405328,1,1,1,1,1,1,1,1,8,0.125,0.6227429079,7.533033E-17,0.866021,0.7190848823
110129,-1.154063558,-0.436147184,-0.231670805,-1.277016409,-1.3029158,-1.00956652,-0.226011679,0.0203364607,1,1,1,1,1,1,1,1,8,0.125,-0.702131937,7.533033E-17,0.866021,-0.810755859
110132,,,,,,,,,0,0,0,0,0,0,0,0,0,,,7.533033E-17,0.866021,
110135,,,,,,,,,0,0,0,0,0,0,0,0,0,,,7.533033E-17,0.866021,
110142,0.6671169089,0.5707605124,0.70891858,-0.254180641,-0.312251048,-0.038194859,0.7193713829,1.0384405328,1,1,1,1,1,1,1,1,8,0.125,0.3874976711,7.533033E-17,0.866021,0.4474458299
110143,-1.154063558,-1.44305488,-2.112849574,-1.277016409,-1.3029158,-1.00956652,-1.17139474,-0.997767611,1,1,1,1,1,1,1,1,8,0.125,-1.308578637,7.533033E-17,0.866021,-1.511023414
110146,-0.243473324,0.5707605124,-0.231670805,-0.254180641,-0.312251048,0.9331768019,-0.226011679,0.5293884968,1,1,1,1,1,1,1,1,8,0.125,0.0957172893,7.533033E-17,0.866021,0.1105253144
110150,-1.154063558,-1.44305488,-1.17226019,-1.277016409,-1.3029158,-1.00956652,-1.17139474,-0.997767611,1,1,1,1,1,1,1,1,8,0.125,-1.191004964,7.533033E-17,0.866021,-1.375260406
110153,,,,,,,,,0,0,0,0,0,0,0,0,0,,,7.533033E-17,0.866021,
110161,-0.243473324,-0.436147184,-0.231670805,-0.254180641,-0.312251048,0.9331768019,0.7193713829,0.5293884968,1,1,1,1,1,1,1,1,8,0.125,0.0880267099,7.533033E-17,0.866021,0.1016449574
110164,-0.243473324,0.5707605124,-0.231670805,-1.277016409,-0.312251048,-1.00956652,0.2466798521,0.5293884968,1,1,1,1,1,1,1,1,8,0.125,-0.215893656,7.533033E-17,0.866021,-0.249293668
110165,-2.064653791,-2.449962577,-2.112849574,-1.277016409,-2.293580553,-1.980938182,-2.116777802,-1.506819647,1,1,1,1,1,1,1,1,8,0.125,-1.975324817,7.533033E-17,0.866021,-2.280919133
110168,-0.243473324,-0.436147184,-0.231670805,-0.254180641,-1.3029158,-0.038194859,0.2466798521,-0.488715575,1,1,1,1,1,1,1,1,8,0.125,-0.343577292,7.533033E-17,0.866021,-0.396730711
110177,-1.154063558,-1.44305488,-1.17226019,-1.277016409,-1.3029158,-1.00956652,-0.69870321,-0.997767611,1,1,1,1,1,1,1,1,8,0.125,-1.131918522,7.533033E-17,0.866021,-1.307032946
110184,-1.154063558,0.5707605124,-0.231670805,-1.277016409,-1.3029158,-1.00956652,-0.69870321,0.0203364607,1,1,1,1,1,1,1,1,8,0.125,-0.635354916,7.533033E-17,0.866021,-0.733648042
110190,,,,,,,,,0,0,0,0,0,0,0,0,0,,,7.533033E-17,0.866021,
110191,-1.154063558,-1.44305488,-1.17226019,-1.277016409,-1.3029158,-1.980938182,-2.116777802,-0.997767611,1,1,1,1,1,1,1,1,8,0.125,-1.430599304,7.533033E-17,0.866021,-1.651921393
110192,-1.154063558,-1.44305488,-1.17226019,-1.277016409,-2.293580553,-1.00956652,-1.17139474,-0.997767611,1,1,1,1,1,1,1,1,8,0.125,-1.314838058,7.533033E-17,0.866021,-1.518251204
110194,,,,,,,,,0,0,0,0,0,0,0,0,0,,,7.533033E-17,0.866021,
110198,-2.064653791,-1.44305488,-2.112849574,-2.299852177,-1.3029158,-1.00956652,-1.17139474,-2.015871683,1,1,1,1,1,1,1,1,8,0.125,-1.677519896,7.533033E-17,0.866021,-1.937042047
110200,-0.243473324,0.5707605124,-0.231670805,-0.254180641,0.6784137042,0.9331768019,0.7193713829,0.0203364607,1,1,1,1,1,1,1,1,8,0.125,0.2740917615,7.533033E-17,0.866021,0.316495362
110201,-1.154063558,-0.436147184,-1.17226019,-0.254180641,-1.3029158,-1.00956652,0.2466798521,0.5293884968,1,1,1,1,1,1,1,1,8,0.125,-0.569133193,7.533033E-17,0.866021,-0.657181431
110209,,,,,,,,,0,0,0,0,0,0,0,0,0,,,7.533033E-17,0.866021,
110215,-1.154063558,-0.436147184,-1.17226019,-1.277016409,-1.3029158,-1.00956652,0.2466798521,-0.488715575,1,1,1,1,1,1,1,1,8,0.125,-0.824250673,7.533033E-17,0.866021,-0.951767079
110225,-0.243473324,-0.436147184,-0.231670805,-0.254180641,-0.312251048,-1.00956652,-0.226011679,0.0203364607,1,1,1,1,1,1,1,1,8,0.125,-0.336620593,7.533033E-17,0.866021,-0.388697769
110226,-1.154063558,-0.436147184,-1.17226019,-1.277016409,-2.293580553,-1.00956652,-0.226011679,1.0384405328,1,1,1,1,1,1,1,1,8,0.125,-0.816275695,7.533033E-17,0.866021,-0.942558325
110229,-1.154063558,-0.436147184,-1.17226019,-0.254180641,-1.3029158,-1.00956652,-0.69870321,-0.997767611,1,1,1,1,1,1,1,1,8,0.125,-0.878200589,7.533033E-17,0.866021,-1.014063363
110230,-1.154063558,-0.436147184,-1.17226019,-1.277016409,-1.3029158,-1.00956652,0.2466798521,-0.488715575,1,1,1,1,1,1,1,1,8,0.125,-0.824250673,7.533033E-17,0.866021,-0.951767079
110233,1.5777071423,0.5707605124,0.70891858,1.7914908957,1.6690784566,0.9331768019,1.1920629137,2.0565446049,1,1,1,1,1,1,1,1,8,0.125,1.3124674884,7.533033E-17,0.866021,1.5155138942
110234,,,,,,,,,0,0,0,0,0,0,0,0,0,,,7.533033E-17,0.866021,
110236,,,,,,,,,0,0,0,0,0,0,0,0,0,,,7.533033E-17,0.866021,
110237,1.5777071423,0.5707605124,0.70891858,0.7686551275,-0.312251048,0.9331768019,0.7193713829,0.5293884968,1,1,1,1,1,1,1,1,8,0.125,0.6869658745,7.533033E-17,0.866021,0.7932435178
110252,-1.154063558,-0.436147184,-1.17226019,-0.254180641,-0.312251048,-0.038194859,0.7193713829,1.5474925688,1,1,1,1,1,1,1,1,8,0.125,-0.137529191,7.533033E-17,0.866021,-0.158805762
11029F,-1.154063558,-0.436147184,-1.17226019,-0.254180641,-2.293580553,-1.00956652,-1.644086271,-0.997767611,1,1,1,1,1,1,1,1,8,0.125,-1.120206566,7.533033E-17,0.866021,-1.293509081
11030F,-0.243473324,0.5707605124,-0.231670805,0.7686551275,-0.312251048,0.9331768019,-0.226011679,-0.488715575,1,1,1,1,1,1,1,1,8,0.125,0.0963087513,7.533033E-17,0.866021,0.1112082791
11031F,,,,,,,,,0,0,0,0,0,0,0,0,0,,,7.533033E-17,0.866021,
111302,,,,,,,,,0,0,0,0,0,0,0,0,0,,,7.533033E-17,0.866021,
111303,,,,,,,,,0,0,0,0,0,0,0,0,0,,,7.533033E-17,0.866021,
111304,1.5777071423,1.5776682088,1.6495079648,0.7686551275,-0.312251048,0.9331768019,1.6647544446,2.0565446049,1,1,1,1,1,1,1,1,8,0.125,1.2394704058,7.533033E-17,0.866021,1.4312237354
111305,,,,,,,,,0,0,0,0,0,0,0,0,0,,,7.533033E-17,0.866021,
111306,,,,,,,,,0,0,0,0,0,0,0,0,0,,,7.533033E-17,0.866021,
111308,,,,,,,,,0,0,0,0,0,0,0,0,0,,,7.533033E-17,0.866021,
111310,1.5777071423,0.5707605124,0.70891858,1.7914908957,-0.312251048,0.9331768019,1.1920629137,1.5474925688,1,1,1,1,1,1,1,1,8,0.125,1.0011697958,7.533033E-17,0.866021,1.1560566257
111311,,,,,,,,,0,0,0,0,0,0,0,0,0,,,7.533033E-17,0.866021,
111312,,,,,,,,,0,0,0,0,0,0,0,0,0,,,7.533033E-17,0.866021,
111313,,,,,,,,,0,0,0,0,0,0,0,0,0,,,7.533033E-17,0.866021,
111314,,,,,,,,,0,0,0,0,0,0,0,0,0,,,7.533033E-17,0.866021,
111316,,,,,,,,,0,0,0,0,0,0,0,0,0,,,7.533033E-17,0.866021,
111318,,,,,,,,,0,0,0,0,0,0,0,0,0,,,7.533033E-17,0.866021,
111319,,,,,,,,,0,0,0,0,0,0,0,0,0,,,7.533033E-17,0.866021,
111320,,,,,,,,,0,0,0,0,0,0,0,0,0,,,7.533033E-17,0.866021,
111323,1.5777071423,0.5707605124,1.6495079648,1.7914908957,0.6784137042,0.9331768019,1.6647544446,1.5474925688,1,1,1,1,1,1,1,1,8,0.125,1.3016630043,7.533033E-17,0.866021,1.5030378931
111324,,,,,,,,,0,0,0,0,0,0,0,0,0,,,7.533033E-17,0.866021,
111325,,,,,,,,,0,0,0,0,0,0,0,0,0,,,7.533033E-17,0.866021,
111326,,,,,,,,,0,0,0,0,0,0,0,0,0,,,7.533033E-17,0.866021,
111327,0.6671169089,1.5776682088,0.70891858,0.7686551275,-0.312251048,-0.038194859,0.7193713829,0.5293884968,1,1,1,1,1,1,1,1,8,0.125,0.5775840997,7.533033E-17,0.866021,0.666939742
111328,,,,,,,,,0,0,0,0,0,0,0,0,0,,,7.533033E-17,0.866021,
111329,1.5777071423,1.5776682088,0.70891858,-0.254180641,0.6784137042,0.9331768019,1.1920629137,1.0384405328,1,1,1,1,1,1,1,1,8,0.125,0.9315259054,7.533033E-17,0.866021,1.0756384176
111330,,,,,,,,,0,0,0,0,0,0,0,0,0,,,7.533033E-17,0.866021,
111331,,,,,,,,,0,0,0,0,0,0,0,0,0,,,7.533033E-17,0.866021,
111332,,,,,,,,,0,0,0,0,0,0,0,0,0,,,7.533033E-17,0.866021,
111333,,,,,,,,,0,0,0,0,0,0,0,0,0,,,7.533033E-17,0.866021,
111334,,,,,,,,,0,0,0,0,0,0,0,0,0,,,7.533033E-17,0.866021,
111335,,,,,,,,,0,0,0,0,0,0,0,0,0,,,7.533033E-17,0.866021,
111336,,,,,,,,,0,0,0,0,0,0,0,0,0,,,7.533033E-17,0.866021,
111337,0.6671169089,0.5707605124,-0.231670805,-0.254180641,-0.312251048,-0.038194859,0.2466798521,1.5474925688,1,1,1,1,1,1,1,1,8,0.125,0.2744690612,7.533033E-17,0.866021,0.3169310321
120001,-0.243473324,0.5707605124,-0.231670805,0.7686551275,-0.312251048,0.9331768019,0.7193713829,0.0203364607,1,1,1,1,1,1,1,1,8,0.125,0.2781131385,7.533033E-17,0.866021,0.3211388696
120002,-0.243473324,0.5707605124,-0.231670805,0.7686551275,-0.312251048,-1.00956652,-0.69870321,-0.997767611,1,1,1,1,1,1,1,1,8,0.125,-0.26925211,7.533033E-17,0.866021,-0.310906988
120004,-0.243473324,-0.436147184,-0.231670805,-0.254180641,0.6784137042,0.9331768019,-1.17139474,0.0203364607,1,1,1,1,1,1,1,1,8,0.125,-0.088117466,7.533033E-17,0.866021,-0.101749754
120005,-0.243473324,0.5707605124,-0.231670805,-0.254180641,-0.312251048,-1.00956652,-0.226011679,-0.997767611,1,1,1,1,1,1,1,1,8,0.125,-0.33802014,7.533033E-17,0.866021,-0.390313834
120006,1.5777071423,0.5707605124,0.70891858,0.7686551275,0.6784137042,0.9331768019,0.7193713829,1.5474925688,1,1,1,1,1,1,1,1,8,0.125,0.9380619775,7.533033E-17,0.866021,1.0831856583
120007,-1.154063558,-0.436147184,-0.231670805,-0.254180641,-1.3029158,-1.00956652,-1.17139474,0.0203364607,1,1,1,1,1,1,1,1,8,0.125,-0.692450348,7.533033E-17,0.866021,-0.799576472
120011,0.6671169089,1.5776682088,-0.231670805,0.7686551275,0.6784137042,0.9331768019,1.1920629137,-0.488715575,1,1,1,1,1,1,1,1,8,0.125,0.6370884106,7.533033E-17,0.866021,0.7356497183
120014,-0.243473324,0.5707605124,0.70891858,0.7686551275,-0.312251048,0.9331768019,0.7193713829,0.0203364607,1,1,1,1,1,1,1,1,8,0.125,0.3956868116,7.533033E-17,0.866021,0.4569018783
120019,-1.154063558,-0.436147184,-0.231670805,0.7686551275,-0.312251048,-0.038194859,-1.17139474,-0.488715575,1,1,1,1,1,1,1,1,8,0.125,-0.38297283,7.533033E-17,0.866021,-0.44222097
120022,0.6671169089,0.5707605124,0.70891858,0.7686551275,-0.312251048,0.9331768019,0.7193713829,0.0203364607,1,1,1,1,1,1,1,1,8,0.125,0.5095105908,7.533033E-17,0.866021,0.5883348627
120026,-0.243473324,0.5707605124,-0.231670805,0.7686551275,-0.312251048,-0.038194859,0.7193713829,0.0203364607,1,1,1,1,1,1,1,1,8,0.125,0.1566916809,7.533033E-17,0.866021,0.1809328014
120028,-0.243473324,-0.436147184,-0.231670805,-0.254180641,0.6784137042,-0.038194859,0.7193713829,-0.488715575,1,1,1,1,1,1,1,1,8,0.125,-0.036824663,7.533033E-17,0.866021,-0.042521654
121300,,,,,,,,,0,0,0,0,0,0,0,0,0,,,7.533033E-17,0.866021,
121301,,,,,,,,,0,0,0,0,0,0,0,0,0,,,7.533033E-17,0.866021,
121302,,,,,,,,,0,0,0,0,0,0,0,0,0,,,7.533033E-17,0.866021,
121303,,,,,,,,,0,0,0,0,0,0,0,0,0,,,7.533033E-17,0.866021,
121304,,,,,,,,,0,0,0,0,0,0,0,0,0,,,7.533033E-17,0.866021,
121305,,,,,,,,,0,0,0,0,0,0,0,0,0,,,7.533033E-17,0.866021,
121306,,,,,,,,,0,0,0,0,0,0,0,0,0,,,7.533033E-17,0.866021,
121307,,,,,,,,,0,0,0,0,0,0,0,0,0,,,7.533033E-17,0.866021,
121308,,,,,,,,,0,0,0,0,0,0,0,0,0,,,7.533033E-17,0.866021,
130002,-0.243473324,-0.436147184,-0.231670805,-0.254180641,0.6784137042,-0.038194859,-0.226011679,1.0384405328,1,1,1,1,1,1,1,1,8,0.125,0.0358969681,7.533033E-17,0.866021,0.0414504393
130003,-0.243473324,0.5707605124,0.70891858,-0.254180641,0.6784137042,-1.00956652,-1.17139474,-0.488715575,1,1,1,1,1,1,1,1,8,0.125,-0.151154751,7.533033E-17,0.866021,-0.174539276
130006,-0.243473324,0.5707605124,-0.231670805,0.7686551275,0.6784137042,0.9331768019,0.7193713829,0.0203364607,1,1,1,1,1,1,1,1,8,0.125,0.4019462326,7.533033E-17,0.866021,0.4641296684
130007,-0.243473324,0.5707605124,-0.231670805,-0.254180641,0.6784137042,-0.038194859,0.7193713829,-0.488715575,1,1,1,1,1,1,1,1,8,0.125,0.0890387994,7.533033E-17,0.866021,0.102813623
130013,-0.243473324,0.5707605124,0.70891858,0.7686551275,0.6784137042,-0.038194859,0.7193713829,1.0384405328,1,1,1,1,1,1,1,1,8,0.125,0.525361457,7.533033E-17,0.866021,0.6066379507
130014,0.6671169089,0.5707605124,0.70891858,0.7686551275,0.6784137042,0.9331768019,0.7193713829,1.0384405328,1,1,1,1,1,1,1,1,8,0.125,0.7606066938,7.533033E-17,0.866021,0.8782770032
130018,-1.154063558,-0.436147184,-0.231670805,-1.277016409,-0.312251048,-1.00956652,-0.69870321,0.0203364607,1,1,1,1,1,1,1,1,8,0.125,-0.637385284,7.533033E-17,0.866021,-0.73599252
130025,-0.243473324,0.5707605124,0.70891858,-0.254180641,0.6784137042,-0.038194859,0.2466798521,-0.488715575,1,1,1,1,1,1,1,1,8,0.125,0.1475260311,7.533033E-17,0.866021,0.170349172
130028,-0.243473324,-0.436147184,0.70891858,-0.254180641,-0.312251048,-0.038194859,-0.226011679,0.0203364607,1,1,1,1,1,1,1,1,8,0.125,-0.097625462,7.533033E-17,0.866021,-0.112728692
13003F,1.5777071423,1.5776682088,1.6495079648,1.7914908957,0.6784137042,1.904548463,1.6647544446,1.5474925688,1,1,1,1,1,1,1,1,8,0.125,1.548947924,7.533033E-17,0.866021,1.7885792379
130049,-0.243473324,0.5707605124,-0.231670805,-0.254180641,0.6784137042,-0.038194859,0.2466798521,-1.506819647,1,1,1,1,1,1,1,1,8,0.125,-0.097310651,7.533033E-17,0.866021,-0.112365179
130063,1.5777071423,1.5776682088,1.6495079648,1.7914908957,1.6690784566,1.904548463,1.6647544446,2.0565446049,1,1,1,1,1,1,1,1,8,0.125,1.7364125226,7.533033E-17,0.866021,2.0050457075
130065,-0.243473324,0.5707605124,-0.231670805,-0.254180641,-0.312251048,0.9331768019,1.1920629137,-0.488715575,1,1,1,1,1,1,1,1,8,0.125,0.1457136043,7.533033E-17,0.866021,0.1682563522
130066,1.5777071423,1.5776682088,1.6495079648,1.7914908957,1.6690784566,1.904548463,1.6647544446,1.5474925688,1,1,1,1,1,1,1,1,8,0.125,1.6727810181,7.533033E-17,0.866021,1.9315700367
130071,0.6671169089,0.5707605124,0.70891858,0.7686551275,1.6690784566,0.9331768019,1.1920629137,1.0384405328,1,1,1,1,1,1,1,1,8,0.125,0.9435262292,7.533033E-17,0.866021,1.0894952618
130073,,,,,,,,,0,0,0,0,0,0,0,0,0,,,7.533033E-17,0.866021,
130074,-0.243473324,0.5707605124,0.70891858,0.7686551275,0.6784137042,0.9331768019,1.1920629137,0.5293884968,1,1,1,1,1,1,1,1,8,0.125,0.6422378515,7.533033E-17,0.866021,0.7415958078
131301,,,,,,,,,0,0,0,0,0,0,0,0,0,,,7.533033E-17,0.866021,
131302,,,,,,,,,0,0,0,0,0,0,0,0,0,,,7.533033E-17,0.866021,
131303,,,,,,,,,0,0,0,0,0,0,0,0,0,,,7.533033E-17,0.866021,
131304,,,,,,,,,0,0,0,0,0,0,0,0,0,,,7.533033E-17,0.866021,
131305,,,,,,,,,0,0,0,0,0,0,0,0,0,,,7.533033E-17,0.866021,
131307,,,,,,,,,0,0,0,0,0,0,0,0,0,,,7.533033E-17,0.866021,
131308,,,,,,,,,0,0,0,0,0,0,0,0,0,,,7.533033E-17,0.866021,
131309,,,,,,,,,0,0,0,0,0,0,0,0,0,,,7.533033E-17,0.866021,
131310,,,,,,,,,0,0,0,0,0,0,0,0,0,,,7.533033E-17,0.866021,
131311,,,,,,,,,0,0,0,0,0,0,0,0,0,,,7.533033E-17,0.866021,
131312,,,,,,,,,0,0,0,0,0,0,0,0,0,,,7.533033E-17,0.866021,
131313,,,,,,,,,0,0,0,0,0,0,0,0,0,,,7.533033E-17,0.866021,
131314,,,,,,,,,0,0,0,0,0,0,0,0,0,,,7.533033E-17,0.866021,
131315,,,,,,,,,0,0,0,0,0,0,0,0,0,,,7.533033E-17,0.866021,
131316,,,,,,,,,0,0,0,0,0,0,0,0,0,,,7.533033E-17,0.866021,
131317,,,,,,,,,0,0,0,0,0,0,0,0,0,,,7.533033E-17,0.866021,
131318,,,,,,,,,0,0,0,0,0,0,0,0,0,,,7.533033E-17,0.866021,
131319,,,,,,,,,0,0,0,0,0,0,0,0,0,,,7.533033E-17,0.866021,
131320,,,,,,,,,0,0,0,0,0,0,0,0,0,,,7.533033E-17,0.866021,
131321,,,,,,,,,0,0,0,0,0,0,0,0,0,,,7.533033E-17,0.866021,
131322,1.5777071423,1.5776682088,1.6495079648,1.7914908957,1.6690784566,1.904548463,1.1920629137,1.5474925688,1,1,1,1,1,1,1,1,8,0.125,1.6136945767,7.533033E-17,0.866021,1.8633425769
131323,1.5777071423,1.5776682088,0.70891858,0.7686551275,0.6784137042,0.9331768019,1.1920629137,0.5293884968,1,1,1,1,1,1,1,1,8,0.125,0.9957488719,7.533033E-17,0.866021,1.1497970531
131324,,,,,,,,,0,0,0,0,0,0,0,0,0,,,7.533033E-17,0.866021,
131325,-1.154063558,0.5707605124,-0.231670805,0.7686551275,0.6784137042,0.9331768019,-0.226011679,0.0203364607,1,1,1,1,1,1,1,1,8,0.125,0.1699495707,7.533033E-17,0.866021,0.1962417644
131326,-0.243473324,0.5707605124,-0.231670805,0.7686551275,0.6784137042,0.9331768019,-0.226011679,0.5293884968,1,1,1,1,1,1,1,1,8,0.125,0.3474048543,7.533033E-17,0.866021,0.4011504196
131327,1.5777071423,0.5707605124,1.6495079648,1.7914908957,0.6784137042,0.9331768019,0.7193713829,1.0384405328,1,1,1,1,1,1,1,1,8,0.125,1.1198586171,7.533033E-17,0.866021,1.2931073026
131328,0.6671169089,-0.436147184,1.6495079648,0.7686551275,-1.3029158,-1.00956652,-1.17139474,0.0203364607,1,1,1,1,1,1,1,1,8,0.125,-0.101800973,7.533033E-17,0.866021,-0.11755018
140001,-0.243473324,1.5776682088,-0.231670805,0.7686551275,0.6784137042,0.9331768019,-0.226011679,-0.488715575,1,1,1,1,1,1,1,1,8,0.125,0.3460053074,7.533033E-17,0.866021,0.3995343545
140002,0.6671169089,0.5707605124,0.70891858,0.7686551275,0.6784137042,0.9331768019,0.7193713829,-0.488715575,1,1,1,1,1,1,1,1,8,0.125,0.5697121803,7.533033E-17,0.866021,0.6578499906
140007,-1.154063558,-1.44305488,-1.17226019,-1.277016409,-1.3029158,-1.00956652,-1.17139474,-0.997767611,1,1,1,1,1,1,1,1,8,0.125,-1.191004964,7.533033E-17,0.866021,-1.375260406
140008,-1.154063558,-0.436147184,-1.17226019,-1.277016409,-1.3029158,-1.00956652,-1.17139474,0.0203364607,1,1,1,1,1,1,1,1,8,0.125,-0.937878493,7.533033E-17,0.866021,-1.082973787
140010,-0.243473324,0.5707605124,-0.231670805,-0.254180641,0.6784137042,0.9331768019,0.7193713829,0.0203364607,1,1,1,1,1,1,1,1,8,0.125,0.2740917615,7.533033E-17,0.866021,0.316495362
140011,-0.243473324,-0.436147184,-0.231670805,0.7686551275,-0.312251048,-0.038194859,0.2466798521,0.0203364607,1,1,1,1,1,1,1,1,8,0.125,-0.028258223,7.533033E-17,0.866021,-0.032629935
140012,-0.243473324,-0.436147184,0.70891858,-0.254180641,-1.3029158,-1.00956652,-0.226011679,1.0384405328,1,1,1,1,1,1,1,1,8,0.125,-0.215617004,7.533033E-17,0.866021,-0.248974218
140013,-0.243473324,-0.436147184,-1.17226019,-1.277016409,-1.3029158,-1.00956652,-0.226011679,-1.506819647,1,1,1,1,1,1,1,1,8,0.125,-0.896776344,7.533033E-17,0.866021,-1.035512896
140015,0.6671169089,-0.436147184,-0.231670805,-0.254180641,0.6784137042,-0.038194859,-0.226011679,0.5293884968,1,1,1,1,1,1,1,1,8,0.125,0.0860892428,7.533033E-17,0.866021,0.0994077528
140018,-2.064653791,-0.436147184,-2.112849574,-1.277016409,-1.3029158,-1.980938182,-2.116777802,-2.015871683,1,1,1,1,1,1,1,1,8,0.125,-1.663396303,7.533033E-17,0.866021,-1.920733452
140029,-0.243473324,0.5707605124,-1.17226019,-0.254180641,-0.312251048,-0.038194859,-0.226011679,-0.488715575,1,1,1,1,1,1,1,1,8,0.125,-0.27054085,7.533033E-17,0.866021,-0.312395104
140030,0.6671169089,0.5707605124,0.70891858,0.7686551275,0.6784137042,0.9331768019,0.7193713829,1.0384405328,1,1,1,1,1,1,1,1,8,0.125,0.7606066938,7.533033E-17,0.866021,0.8782770032
140032,0.6671169089,0.5707605124,0.70891858,0.7686551275,0.6784137042,-0.038194859,0.2466798521,1.0384405328,1,1,1,1,1,1,1,1,8,0.125,0.5800987948,7.533033E-17,0.866021,0.6698434752
140034,0.6671169089,0.5707605124,0.70891858,0.7686551275,-0.312251048,-0.038194859,-0.226011679,0.0203364607,1,1,1,1,1,1,1,1,8,0.125,0.2699162504,7.533033E-17,0.866021,0.3116738749
14003F,-0.243473324,0.5707605124,-1.17226019,0.7686551275,0.6784137042,0.9331768019,-0.226011679,0.0203364607,1,1,1,1,1,1,1,1,8,0.125,0.1661996767,7.533033E-17,0.866021,0.1919117399
140043,0.6671169089,-0.436147184,-0.231670805,-0.254180641,-0.312251048,-0.038194859,-0.226011679,0.5293884968,1,1,1,1,1,1,1,1,8,0.125,-0.037743851,7.533033E-17,0.866021,-0.043583046
140046,-0.243473324,-0.436147184,0.70891858,0.7686551275,0.6784137042,-0.038194859,-0.226011679,0.5293884968,1,1,1,1,1,1,1,1,8,0.125,0.2176936078,7.533033E-17,0.866021,0.2513720836
140048,-0.243473324,0.5707605124,-1.17226019,-0.254180641,-0.312251048,-1.00956652,-1.17139474,-0.488715575,1,1,1,1,1,1,1,1,8,0.125,-0.510135191,7.533033E-17,0.866021,-0.589056092
140049,-2.064653791,-1.44305488,-2.112849574,-1.277016409,-1.3029158,-1.980938182,-2.116777802,-0.997767611,1,1,1,1,1,1,1,1,8,0.125,-1.661996756,7.533033E-17,0.866021,-1.919117386
14004F,,,,,,,,,0,0,0,0,0,0,0,0,0,,,7.533033E-17,0.866021,
140052,0.6671169089,0.5707605124,0.70891858,-0.254180641,0.6784137042,-0.038194859,0.7193713829,-0.488715575,1,1,1,1,1,1,1,1,8,0.125,0.3204362516,7.533033E-17,0.866021,0.3700096161
140053,-0.243473324,-0.436147184,-1.17226019,-1.277016409,-0.312251048,-0.038194859,-0.226011679,-0.997767611,1,1,1,1,1,1,1,1,8,0.125,-0.587890288,7.533033E-17,0.866021,-0.678840358
140054,-1.154063558,-1.44305488,-0.231670805,-0.254180641,0.6784137042,-1.00956652,-1.17139474,-0.997767611,1,1,1,1,1,1,1,1,8,0.125,-0.697910631,7.533033E-17,0.866021,-0.805881493
140059,1.5777071423,0.5707605124,1.6495079648,0.7686551275,-0.312251048,0.9331768019,0.7193713829,0.5293884968,1,1,1,1,1,1,1,1,8,0.125,0.8045395475,7.533033E-17,0.866021,0.9290065266
140062,-0.243473324,-0.436147184,-1.17226019,-1.277016409,-1.3029158,-1.00956652,-0.226011679,-0.997767611,1,1,1,1,1,1,1,1,8,0.125,-0.83314484,7.533033E-17,0.866021,-0.962037225
140063,-0.243473324,0.5707605124,-0.231670805,-0.254180641,-1.3029158,-1.00956652,-1.17139474,-0.997767611,1,1,1,1,1,1,1,1,8,0.125,-0.580026116,7.533033E-17,0.866021,-0.669759553
140064,-0.243473324,-0.436147184,-0.231670805,-0.254180641,0.6784137042,-1.00956652,-0.226011679,-0.997767611,1,1,1,1,1,1,1,1,8,0.125,-0.340050508,7.533033E-17,0.866021,-0.392658312
140065,-0.243473324,0.5707605124,-0.231670805,-0.254180641,0.6784137042,-0.038194859,-0.226011679,0.5293884968,1,1,1,1,1,1,1,1,8,0.125,0.0981289257,7.533033E-17,0.866021,0.1133100451
140067,-0.243473324,-0.436147184,-1.17226019,-0.254180641,-0.312251048,-0.038194859,-0.69870321,-1.506819647,1,1,1,1,1,1,1,1,8,0.125,-0.582753763,7.533033E-17,0.866021,-0.672909182
140068,-2.064653791,-1.44305488,-1.17226019,-1.277016409,-1.3029158,-1.980938182,-2.116777802,-1.506819647,1,1,1,1,1,1,1,1,8,0.125,-1.608054588,7.533033E-17,0.866021,-1.856830049
140077,,,,,,,,,0,0,0,0,0,0,0,0,0,,,7.533033E-17,0.866021,
14007F,-0.243473324,0.5707605124,-0.231670805,0.7686551275,-1.3029158,0.9331768019,-0.226011679,-0.997767611,1,1,1,1,1,1,1,1,8,0.125,-0.091155847,7.533033E-17,0.866021,-0.105258191
140080,-1.154063558,-1.44305488,-1.17226019,-0.254180641,-1.3029158,-1.00956652,-1.17139474,-0.488715575,1,1,1,1,1,1,1,1,8,0.125,-0.999518988,7.533033E-17,0.866021,-1.154150428
140082,-1.154063558,-1.44305488,-1.17226019,-1.277016409,-1.3029158,-1.980938182,-2.116777802,-0.997767611,1,1,1,1,1,1,1,1,8,0.125,-1.430599304,7.533033E-17,0.866021,-1.651921393
140083,,,,,,,,,0,0,0,0,0,0,0,0,0,,,7.533033E-17,0.866021,
140084,-1.154063558,-1.44305488,-1.17226019,-1.277016409,-1.3029158,-1.980938182,-2.116777802,-0.997767611,1,1,1,1,1,1,1,1,8,0.125,-1.430599304,7.533033E-17,0.866021,-1.651921393
140088,-0.243473324,0.5707605124,-0.231670805,-0.254180641,-0.312251048,0.9331768019,0.2466798521,0.0203364607,1,1,1,1,1,1,1,1,8,0.125,0.0911722261,7.533033E-17,0.866021,0.1052771034
140089,0.6671169089,0.5707605124,-0.231670805,0.7686551275,0.6784137042,-0.038194859,-0.69870321,0.0203364607,1,1,1,1,1,1,1,1,8,0.125,0.21708923,7.533033E-17,0.866021,0.2506742051
14008F,1.5777071423,0.5707605124,1.6495079648,1.7914908957,0.6784137042,0.9331768019,1.1920629137,0.5293884968,1,1,1,1,1,1,1,1,8,0.125,1.115313554,7.533033E-17,0.866021,1.2878590916
140091,-0.243473324,-0.436147184,-0.231670805,-0.254180641,0.6784137042,0.9331768019,0.2466798521,0.0203364607,1,1,1,1,1,1,1,1,8,0.125,0.0891418581,7.533033E-17,0.866021,0.1029326256
140093,-0.243473324,-1.44305488,-1.17226019,-1.277016409,-0.312251048,-1.00956652,-1.644086271,-0.997767611,1,1,1,1,1,1,1,1,8,0.125,-1.012434532,7.533033E-17,0.866021,-1.169064082
140095,-1.154063558,-0.436147184,-1.17226019,-1.277016409,-1.3029158,-1.980938182,-1.17139474,-0.997767611,1,1,1,1,1,1,1,1,8,0.125,-1.186562959,7.533033E-17,0.866021,-1.370131197
140100,,,,,,,,,0,0,0,0,0,0,0,0,0,,,7.533033E-17,0.866021,
140101,0.6671169089,0.5707605124,0.70891858,0.7686551275,0.6784137042,0.9331768019,0.7193713829,-0.488715575,1,1,1,1,1,1,1,1,8,0.125,0.5697121803,7.533033E-17,0.866021,0.6578499906
140103,,,,,,,,,0,0,0,0,0,0,0,0,0,,,7.533033E-17,0.866021,
140110,0.6671169089,0.5707605124,-0.231670805,0.7686551275,0.6784137042,-0.038194859,-0.226011679,0.0203364607,1,1,1,1,1,1,1,1,8,0.125,0.2761756714,7.533033E-17,0.866021,0.3189016649
140113,-0.243473324,-0.436147184,-0.231670805,-0.254180641,0.6784137042,-0.038194859,-0.226011679,0.0203364607,1,1,1,1,1,1,1,1,8,0.125,-0.091366041,7.533033E-17,0.866021,-0.105500902
140114,-1.154063558,-1.44305488,-0.231670805,-1.277016409,-1.3029158,-1.00956652,-1.17139474,-0.997767611,1,1,1,1,1,1,1,1,8,0.125,-1.073431291,7.533033E-17,0.866021,-1.239497397
140115,-1.154063558,-1.44305488,-0.231670805,-0.254180641,-1.3029158,-1.00956652,-1.17139474,-0.488715575,1,1,1,1,1,1,1,1,8,0.125,-0.881945315,7.533033E-17,0.866021,-1.01838742
140116,0.6671169089,-0.436147184,-0.231670805,0.7686551275,0.6784137042,-0.038194859,0.2466798521,1.0384405328,1,1,1,1,1,1,1,1,8,0.125,0.3366616597,7.533033E-17,0.866021,0.3887451898
140117,-0.243473324,-0.436147184,-0.231670805,-0.254180641,-0.312251048,-1.00956652,-0.226011679,-0.488715575,1,1,1,1,1,1,1,1,8,0.125,-0.400252097,7.533033E-17,0.866021,-0.46217344
140119,0.6671169089,0.5707605124,-0.231670805,0.7686551275,0.6784137042,0.9331768019,0.7193713829,0.5293884968,1,1,1,1,1,1,1,1,8,0.125,0.5794015162,7.533033E-17,0.866021,0.6690383235
140120,-0.243473324,0.5707605124,-1.17226019,-1.277016409,-0.312251048,-1.00956652,-1.17139474,-0.488715575,1,1,1,1,1,1,1,1,8,0.125,-0.637989662,7.533033E-17,0.866021,-0.736690398
140122,-0.243473324,0.5707605124,-0.231670805,-0.254180641,0.6784137042,-0.038194859,-0.226011679,0.5293884968,1,1,1,1,1,1,1,1,8,0.125,0.0981289257,7.533033E-17,0.866021,0.1133100451
140124,-2.064653791,-0.436147184,-1.17226019,-1.277016409,-1.3029158,-1.00956652,-0.69870321,-1.506819647,1,1,1,1,1,1,1,1,8,0.125,-1.183510344,7.533033E-17,0.866021,-1.366606324
140125,-2.064653791,-2.449962577,-2.112849574,-1.277016409,-2.293580553,-1.980938182,-2.116777802,-1.506819647,1,1,1,1,1,1,1,1,8,0.125,-1.975324817,7.533033E-17,0.866021,-2.280919133
140127,0.6671169089,0.5707605124,-0.231670805,0.7686551275,0.6784137042,0.9331768019,0.7193713829,0.0203364607,1,1,1,1,1,1,1,1,8,0.125,0.5157700117,7.533033E-17,0.866021,0.5955626527
140130,0.6671169089,0.5707605124,-0.231670805,-0.254180641,0.6784137042,0.9331768019,0.7193713829,0.5293884968,1,1,1,1,1,1,1,1,8,0.125,0.4515470452,7.533033E-17,0.866021,0.5214040172
140133,-2.064653791,-2.449962577,-2.112849574,-2.299852177,-2.293580553,-1.980938182,-2.116777802,-2.015871683,1,1,1,1,1,1,1,1,8,0.125,-2.166810792,7.533033E-17,0.866021,-2.50202911
140135,-0.243473324,-0.436147184,-0.231670805,-0.254180641,-0.312251048,-0.038194859,-0.69870321,0.0203364607,1,1,1,1,1,1,1,1,8,0.125,-0.274285576,7.533033E-17,0.866021,-0.316719161
140137,,,,,,,,,0,0,0,0,0,0,0,0,0,,,7.533033E-17,0.866021,
140145,1.5777071423,1.5776682088,0.70891858,0.7686551275,1.6690784566,0.9331768019,0.7193713829,0.5293884968,1,1,1,1,1,1,1,1,8,0.125,1.0604955246,7.533033E-17,0.866021,1.2245603921
140147,0.6671169089,0.5707605124,0.70891858,0.7686551275,-0.312251048,-1.00956652,-0.226011679,0.0203364607,1,1,1,1,1,1,1,1,8,0.125,0.1484947928,7.533033E-17,0.866021,0.1714678067
140148,-0.243473324,-0.436147184,-1.17226019,-0.254180641,0.6784137042,0.9331768019,0.2466798521,-0.488715575,1,1,1,1,1,1,1,1,8,0.125,-0.092063319,7.533033E-17,0.866021,-0.106306054
140150,-1.154063558,-0.436147184,-0.231670805,-0.254180641,-1.3029158,-1.00956652,-0.69870321,-0.997767611,1,1,1,1,1,1,1,1,8,0.125,-0.760626916,7.533033E-17,0.866021,-0.878300354
140155,0.6671169089,0.5707605124,0.70891858,-0.254180641,0.6784137042,-0.038194859,0.7193713829,-0.488715575,1,1,1,1,1,1,1,1,8,0.125,0.3204362516,7.533033E-17,0.866021,0.3700096161
140158,-2.064653791,-1.44305488,-1.17226019,-1.277016409,-2.293580553,-1.00956652,-1.644086271,-0.997767611,1,1,1,1,1,1,1,1,8,0.125,-1.487748278,7.533033E-17,0.866021,-1.717911649
140160,0.6671169089,0.5707605124,0.70891858,0.7686551275,0.6784137042,-0.038194859,-0.226011679,0.0203364607,1,1,1,1,1,1,1,1,8,0.125,0.3937493445,7.533033E-17,0.866021,0.4546646737
140161,0.6671169089,0.5707605124,0.70891858,0.7686551275,0.6784137042,0.9331768019,-0.226011679,0.0203364607,1,1,1,1,1,1,1,1,8,0.125,0.5151708021,7.533033E-17,0.866021,0.5948707418
140162,-0.243473324,-0.436147184,-1.17226019,-0.254180641,-0.312251048,-0.038194859,-0.69870321,-0.488715575,1,1,1,1,1,1,1,1,8,0.125,-0.455490754,7.533033E-17,0.866021,-0.525957841
140164,-0.243473324,0.5707605124,-0.231670805,-0.254180641,-0.312251048,-0.038194859,-0.226011679,0.0203364607,1,1,1,1,1,1,1,1,8,0.125,-0.089335673,7.533033E-17,0.866021,-0.103156425
140166,-1.154063558,-0.436147184,-1.17226019,-1.277016409,-0.312251048,-1.00956652,-1.17139474,-0.488715575,1,1,1,1,1,1,1,1,8,0.125,-0.877676903,7.533033E-17,0.866021,-1.013458659
140172,-1.154063558,-1.44305488,-1.17226019,-1.277016409,-1.3029158,-1.00956652,-1.17139474,-0.488715575,1,1,1,1,1,1,1,1,8,0.125,-1.127373459,7.533033E-17,0.866021,-1.301784735
140174,0.6671169089,0.5707605124,-0.231670805,0.7686551275,0.6784137042,-0.038194859,-0.226011679,0.5293884968,1,1,1,1,1,1,1,1,8,0.125,0.3398071759,7.533033E-17,0.866021,0.3923773358
140177,,,,,,,,,0,0,0,0,0,0,0,0,0,,,7.533033E-17,0.866021,
140179,0.6671169089,0.5707605124,-0.231670805,0.7686551275,-1.3029158,-0.038194859,0.2466798521,0.0203364607,1,1,1,1,1,1,1,1,8,0.125,0.0875959246,7.533033E-17,0.866021,0.1011475271
140180,-1.154063558,-0.436147184,-1.17226019,-0.254180641,-1.3029158,-1.00956652,-0.226011679,-0.488715575,1,1,1,1,1,1,1,1,8,0.125,-0.755482643,7.533033E-17,0.866021,-0.872360232
140181,,,,,,,,,0,0,0,0,0,0,0,0,0,,,7.533033E-17,0.866021,
140182,-0.243473324,-0.436147184,-0.231670805,-0.254180641,0.6784137042,-0.038194859,-0.226011679,-0.997767611,1,1,1,1,1,1,1,1,8,0.125,-0.21862905,7.533033E-17,0.866021,-0.252452244
140184,-1.154063558,-1.44305488,-0.231670805,-1.277016409,-1.3029158,-1.00956652,-2.116777802,-0.997767611,1,1,1,1,1,1,1,1,8,0.125,-1.191604173,7.533033E-17,0.866021,-1.375952316
140185,0.6671169089,0.5707605124,0.70891858,0.7686551275,0.6784137042,0.9331768019,0.7193713829,0.5293884968,1,1,1,1,1,1,1,1,8,0.125,0.6969751893,7.533033E-17,0.866021,0.8048013323
140186,0.6671169089,0.5707605124,-0.231670805,-0.254180641,0.6784137042,-0.038194859,0.2466798521,0.5293884968,1,1,1,1,1,1,1,1,8,0.125,0.2710391462,7.533033E-17,0.866021,0.3129704892
140187,0.6671169089,0.5707605124,0.70891858,0.7686551275,0.6784137042,0.9331768019,0.7193713829,0.5293884968,1,1,1,1,1,1,1,1,8,0.125,0.6969751893,7.533033E-17,0.866021,0.8048013323
140189,0.6671169089,-0.436147184,0.70891858,0.7686551275,0.6784137042,-0.038194859,0.7193713829,0.0203364607,1,1,1,1,1,1,1,1,8,0.125,0.3860587651,7.533033E-17,0.866021,0.4457843167
140191,-2.064653791,-1.44305488,-2.112849574,-2.299852177,-2.293580553,-1.980938182,-2.116777802,-1.506819647,1,1,1,1,1,1,1,1,8,0.125,-1.977315826,7.533033E-17,0.866021,-2.283218162
140197,,,,,,,,,0,0,0,0,0,0,0,0,0,,,7.533033E-17,0.866021,
140200,0.6671169089,0.5707605124,-0.231670805,-0.254180641,-0.312251048,-0.038194859,0.7193713829,0.0203364607,1,1,1,1,1,1,1,1,8,0.125,0.142660989,7.533033E-17,0.866021,0.1647314794
140202,-0.243473324,-0.436147184,-0.231670805,-0.254180641,0.6784137042,-0.038194859,-0.226011679,0.5293884968,1,1,1,1,1,1,1,1,8,0.125,-0.027734536,7.533033E-17,0.866021,-0.032025232
140206,-2.064653791,-1.44305488,-2.112849574,-2.299852177,-2.293580553,-1.980938182,-2.116777802,-1.506819647,1,1,1,1,1,1,1,1,8,0.125,-1.977315826,7.533033E-17,0.866021,-2.283218162
140208,0.6671169089,-0.436147184,-0.231670805,-0.254180641,-0.312251048,-0.038194859,-0.226011679,-0.997767611,1,1,1,1,1,1,1,1,8,0.125,-0.228638365,7.533033E-17,0.866021,-0.264010059
140209,-0.243473324,-0.436147184,-1.17226019,-0.254180641,-0.312251048,-1.00956652,-0.69870321,-0.997767611,1,1,1,1,1,1,1,1,8,0.125,-0.640543716,7.533033E-17,0.866021,-0.73963958
140210,,,,,,,,,0,0,0,0,0,0,0,0,0,,,7.533033E-17,0.866021,
140211,1.5777071423,0.5707605124,-0.231670805,0.7686551275,0.6784137042,0.9331768019,1.1920629137,1.0384405328,1,1,1,1,1,1,1,1,8,0.125,0.8159432413,7.533033E-17,0.866021,0.9421744385
140213,0.6671169089,-0.436147184,-0.231670805,0.7686551275,0.6784137042,0.9331768019,0.7193713829,0.0203364607,1,1,1,1,1,1,1,1,8,0.125,0.3899065497,7.533033E-17,0.866021,0.450227376
140217,-1.154063558,-1.44305488,-1.17226019,-1.277016409,-0.312251048,-1.00956652,-0.69870321,0.0203364607,1,1,1,1,1,1,1,1,8,0.125,-0.880822419,7.533033E-17,0.866021,-1.017090805
140223,-0.243473324,-0.436147184,-0.231670805,-0.254180641,0.6784137042,-0.038194859,-0.226011679,-0.488715575,1,1,1,1,1,1,1,1,8,0.125,-0.154997545,7.533033E-17,0.866021,-0.178976573
140224,-0.243473324,0.5707605124,-1.17226019,-0.254180641,-0.312251048,-0.038194859,0.2466798521,0.0203364607,1,1,1,1,1,1,1,1,8,0.125,-0.147822905,7.533033E-17,0.866021,-0.170691974
140228,-0.243473324,-1.44305488,-0.231670805,-1.277016409,-1.3029158,-1.00956652,-0.69870321,0.0203364607,1,1,1,1,1,1,1,1,8,0.125,-0.773258061,7.533033E-17,0.866021,-0.892885611
140231,0.6671169089,0.5707605124,-0.231670805,-0.254180641,-1.3029158,-0.038194859,0.2466798521,-0.997767611,1,1,1,1,1,1,1,1,8,0.125,-0.167521555,7.533033E-17,0.866021,-0.193438121
140233,-0.243473324,-0.436147184,-1.17226019,-0.254180641,-0.312251048,-0.038194859,-0.226011679,-1.506819647,1,1,1,1,1,1,1,1,8,0.125,-0.523667322,7.533033E-17,0.866021,-0.604681723
140239,-0.243473324,-0.436147184,-0.231670805,-0.254180641,0.6784137042,-1.00956652,-1.17139474,0.5293884968,1,1,1,1,1,1,1,1,8,0.125,-0.267328877,7.533033E-17,0.866021,-0.308686219
140242,0.6671169089,0.5707605124,-0.231670805,0.7686551275,0.6784137042,0.9331768019,1.1920629137,0.5293884968,1,1,1,1,1,1,1,1,8,0.125,0.6384879576,7.533033E-17,0.866021,0.7372657833
140251,-2.064653791,-2.449962577,-2.112849574,-2.299852177,-2.293580553,-1.980938182,-2.116777802,-2.015871683,1,1,1,1,1,1,1,1,8,0.125,-2.166810792,7.533033E-17,0.866021,-2.50202911
140252,-1.154063558,-0.436147184,-0.231670805,-0.254180641,-1.3029158,-1.00956652,-0.226011679,-0.997767611,1,1,1,1,1,1,1,1,8,0.125,-0.701540475,7.533033E-17,0.866021,-0.810072894
140258,-1.154063558,-0.436147184,-1.17226019,-0.254180641,-0.312251048,-1.00956652,-0.226011679,0.0203364607,1,1,1,1,1,1,1,1,8,0.125,-0.568018045,7.533033E-17,0.866021,-0.655893762
140275,-1.154063558,-1.44305488,-1.17226019,-1.277016409,-1.3029158,-1.00956652,-1.17139474,-0.488715575,1,1,1,1,1,1,1,1,8,0.125,-1.127373459,7.533033E-17,0.866021,-1.301784735
140276,-0.243473324,-0.436147184,-1.17226019,-1.277016409,-0.312251048,-0.038194859,-0.69870321,-1.506819647,1,1,1,1,1,1,1,1,8,0.125,-0.710608234,7.533033E-17,0.866021,-0.820543489
140280,-1.154063558,-0.436147184,-2.112849574,-1.277016409,-0.312251048,-1.00956652,-1.17139474,-0.997767611,1,1,1,1,1,1,1,1,8,0.125,-1.058882081,7.533033E-17,0.866021,-1.222697339
140281,0.6671169089,0.5707605124,-0.231670805,0.7686551275,0.6784137042,0.9331768019,1.1920629137,0.0203364607,1,1,1,1,1,1,1,1,8,0.125,0.5748564531,7.533033E-17,0.866021,0.6637901125
140286,0.6671169089,0.5707605124,-0.231670805,0.7686551275,1.6690784566,0.9331768019,0.7193713829,0.5293884968,1,1,1,1,1,1,1,1,8,0.125,0.7032346103,7.533033E-17,0.866021,0.8120291223
140288,0.6671169089,0.5707605124,-0.231670805,-0.254180641,0.6784137042,0.9331768019,0.7193713829,0.5293884968,1,1,1,1,1,1,1,1,8,0.125,0.4515470452,7.533033E-17,0.866021,0.5214040172
140289,0.6671169089,0.5707605124,0.70891858,0.7686551275,1.6690784566,0.9331768019,0.7193713829,0.5293884968,1,1,1,1,1,1,1,1,8,0.125,0.8208082834,7.533033E-17,0.866021,0.9477921311
140290,-0.243473324,-0.436147184,-0.231670805,-0.254180641,0.6784137042,-1.00956652,-0.226011679,0.0203364607,1,1,1,1,1,1,1,1,8,0.125,-0.212787499,7.533033E-17,0.866021,-0.245706971
140291,0.6671169089,-0.436147184,-0.231670805,-0.254180641,0.6784137042,0.9331768019,0.7193713829,0.0203364607,1,1,1,1,1,1,1,1,8,0.125,0.2620520786,7.533033E-17,0.866021,0.3025930697
140292,-1.154063558,-2.449962577,-0.231670805,-1.277016409,-1.3029158,-1.980938182,-2.116777802,-0.488715575,1,1,1,1,1,1,1,1,8,0.125,-1.375257588,7.533033E-17,0.866021,-1.58801799
140294,0.6671169089,0.5707605124,0.70891858,0.7686551275,-0.312251048,0.9331768019,0.7193713829,0.0203364607,1,1,1,1,1,1,1,1,8,0.125,0.5095105908,7.533033E-17,0.866021,0.5883348627
140300,,,,,,,,,0,0,0,0,0,0,0,0,0,,,7.533033E-17,0.866021,
140304,-1.154063558,-1.44305488,-0.231670805,-1.277016409,0.6784137042,-1.00956652,-1.17139474,0.0203364607,1,1,1,1,1,1,1,1,8,0.125,-0.698502093,7.533033E-17,0.866021,-0.806564457
140308,,,,,,,,,0,0,0,0,0,0,0,0,0,,,7.533033E-17,0.866021,
14034F,0.6671169089,0.5707605124,-0.231670805,0.7686551275,0.6784137042,0.9331768019,0.7193713829,0.5293884968,1,1,1,1,1,1,1,1,8,0.125,0.5794015162,7.533033E-17,0.866021,0.6690383235
141300,,,,,,,,,0,0,0,0,0,0,0,0,0,,,7.533033E-17,0.866021,
141301,,,,,,,,,0,0,0,0,0,0,0,0,0,,,7.533033E-17,0.866021,
141302,1.5777071423,1.5776682088,1.6495079648,1.7914908957,1.6690784566,1.904548463,1.6647544446,2.0565446049,1,1,1,1,1,1,1,1,8,0.125,1.7364125226,7.533033E-17,0.866021,2.0050457075
141303,,,,,,,,,0,0,0,0,0,0,0,0,0,,,7.533033E-17,0.866021,
141304,,,,,,,,,0,0,0,0,0,0,0,0,0,,,7.533033E-17,0.866021,
141305,1.5777071423,1.5776682088,1.6495079648,1.7914908957,1.6690784566,1.904548463,1.6647544446,2.0565446049,1,1,1,1,1,1,1,1,8,0.125,1.7364125226,7.533033E-17,0.866021,2.0050457075
141306,,,,,,,,,0,0,0,0,0,0,0,0,0,,,7.533033E-17,0.866021,
141307,,,,,,,,,0,0,0,0,0,0,0,0,0,,,7.533033E-17,0.866021,
141308,,,,,,,,,0,0,0,0,0,0,0,0,0,,,7.533033E-17,0.866021,
141309,,,,,,,,,0,0,0,0,0,0,0,0,0,,,7.533033E-17,0.866021,
141310,0.6671169089,-1.44305488,0.70891858,0.7686551275,-0.312251048,-0.038194859,0.7193713829,1.5474925688,1,1,1,1,1,1,1,1,8,0.125,0.3272567226,7.533033E-17,0.866021,0.3778852538
141311,,,,,,,,,0,0,0,0,0,0,0,0,0,,,7.533033E-17,0.866021,
141312,,,,,,,,,0,0,0,0,0,0,0,0,0,,,7.533033E-17,0.866021,
141313,,,,,,,,,0,0,0,0,0,0,0,0,0,,,7.533033E-17,0.866021,
141315,1.5777071423,0.5707605124,1.6495079648,1.7914908957,1.6690784566,1.904548463,0.7193713829,1.0384405328,1,1,1,1,1,1,1,1,8,0.125,1.3651131688,7.533033E-17,0.866021,1.5763041696
141316,1.5777071423,1.5776682088,1.6495079648,1.7914908957,0.6784137042,0.9331768019,1.6647544446,1.5474925688,1,1,1,1,1,1,1,1,8,0.125,1.4275264664,7.533033E-17,0.866021,1.6483731697
141317,1.5777071423,1.5776682088,1.6495079648,-0.254180641,1.6690784566,0.9331768019,1.6647544446,2.0565446049,1,1,1,1,1,1,1,1,8,0.125,1.3592821229,7.533033E-17,0.866021,1.5695710267
141318,,,,,,,,,0,0,0,0,0,0,0,0,0,,,7.533033E-17,0.866021,
141319,1.5777071423,0.5707605124,1.6495079648,0.7686551275,0.6784137042,0.9331768019,0.7193713829,1.0384405328,1,1,1,1,1,1,1,1,8,0.125,0.9920041461,7.533033E-17,0.866021,1.1454729963
141320,-0.243473324,1.5776682088,-0.231670805,0.7686551275,1.6690784566,0.9331768019,0.7193713829,-0.488715575,1,1,1,1,1,1,1,1,8,0.125,0.5880112841,7.533033E-17,0.866021,0.6789800729
141321,,,,,,,,,0,0,0,0,0,0,0,0,0,,,7.533033E-17,0.866021,
141322,1.5777071423,-0.436147184,0.70891858,0.7686551275,1.6690784566,1.904548463,1.1920629137,1.5474925688,1,1,1,1,1,1,1,1,8,0.125,1.1165395085,7.533033E-17,0.866021,1.2892747085
141323,,,,,,,,,0,0,0,0,0,0,0,0,0,,,7.533033E-17,0.866021,
141324,,,,,,,,,0,0,0,0,0,0,0,0,0,,,7.533033E-17,0.866021,
141325,,,,,,,,,0,0,0,0,0,0,0,0,0,,,7.533033E-17,0.866021,
141326,,,,,,,,,0,0,0,0,0,0,0,0,0,,,7.533033E-17,0.866021,
141327,1.5777071423,1.5776682088,1.6495079648,1.7914908957,-0.312251048,1.904548463,1.6647544446,2.0565446049,1,1,1,1,1,1,1,1,8,0.125,1.4887463345,7.533033E-17,0.866021,1.7190641099
141328,,,,,,,,,0,0,0,0,0,0,0,0,0,,,7.533033E-17,0.866021,
141329,,,,,,,,,0,0,0,0,0,0,0,0,0,,,7.533033E-17,0.866021,
141330,,,,,,,,,0,0,0,0,0,0,0,0,0,,,7.533033E-17,0.866021,
141331,,,,,,,,,0,0,0,0,0,0,0,0,0,,,7.533033E-17,0.866021,
141332,,,,,,,,,0,0,0,0,0,0,0,0,0,,,7.533033E-17,0.866021,
141333,,,,,,,,,0,0,0,0,0,0,0,0,0,,,7.533033E-17,0.866021,
141334,,,,,,,,,0,0,0,0,0,0,0,0,0,,,7.533033E-17,0.866021,
141335,,,,,,,,,0,0,0,0,0,0,0,0,0,,,7.533033E-17,0.866021,
141336,1.5777071423,1.5776682088,0.70891858,0.7686551275,1.6690784566,0.9331768019,1.6647544446,2.0565446049,1,1,1,1,1,1,1,1,8,0.125,1.3695629208,7.533033E-17,0.866021,1.5814423243
141337,0.6671169089,-0.436147184,0.70891858,1.7914908957,0.6784137042,0.9331768019,-0.226011679,1.0384405328,1,1,1,1,1,1,1,1,8,0.125,0.6444248201,7.533033E-17,0.866021,0.7441211133
141338,,,,,,,,,0,0,0,0,0,0,0,0,0,,,7.533033E-17,0.866021,
141339,,,,,,,,,0,0,0,0,0,0,0,0,0,,,7.533033E-17,0.866021,
141340,,,,,,,,,0,0,0,0,0,0,0,0,0,,,7.533033E-17,0.866021,
141341,,,,,,,,,0,0,0,0,0,0,0,0,0,,,7.533033E-17,0.866021,
141342,,,,,,,,,0,0,0,0,0,0,0,0,0,,,7.533033E-17,0.866021,
141343,1.5777071423,0.5707605124,1.6495079648,1.7914908957,0.6784137042,0.9331768019,1.1920629137,1.5474925688,1,1,1,1,1,1,1,1,8,0.125,1.242576563,7.533033E-17,0.866021,1.4348104333
141344,,,,,,,,,0,0,0,0,0,0,0,0,0,,,7.533033E-17,0.866021,
141345,,,,,,,,,0,0,0,0,0,0,0,0,0,,,7.533033E-17,0.866021,
141346,,,,,,,,,0,0,0,0,0,0,0,0,0,,,7.533033E-17,0.866021,
141347,,,,,,,,,0,0,0,0,0,0,0,0,0,,,7.533033E-17,0.866021,
141348,0.6671169089,0.5707605124,0.70891858,1.7914908957,1.6690784566,0.9331768019,0.7193713829,1.0384405328,1,1,1,1,1,1,1,1,8,0.125,1.0122942589,7.533033E-17,0.866021,1.1689021083
141349,,,,,,,,,0,0,0,0,0,0,0,0,0,,,7.533033E-17,0.866021,
141350,1.5777071423,1.5776682088,1.6495079648,0.7686551275,0.6784137042,0.9331768019,1.1920629137,1.0384405328,1,1,1,1,1,1,1,1,8,0.125,1.1769540495,7.533033E-17,0.866021,1.3590357327
141351,0.6671169089,1.5776682088,0.70891858,0.7686551275,0.6784137042,-0.038194859,0.2466798521,0.0203364607,1,1,1,1,1,1,1,1,8,0.125,0.5786992479,7.533033E-17,0.866021,0.6682274101
141352,,,,,,,,,0,0,0,0,0,0,0,0,0,,,7.533033E-17,0.866021,
141353,,,,,,,,,0,0,0,0,0,0,0,0,0,,,7.533033E-17,0.866021,
150001,0.6671169089,0.5707605124,0.70891858,-0.254180641,0.6784137042,0.9331768019,0.7193713829,0.5293884968,1,1,1,1,1,1,1,1,8,0.125,0.5691207183,7.533033E-17,0.866021,0.657167026
150002,-1.154063558,-1.44305488,-2.112849574,-1.277016409,-1.3029158,-1.00956652,-2.116777802,-1.506819647,1,1,1,1,1,1,1,1,8,0.125,-1.490383024,7.533033E-17,0.866021,-1.720954005
150005,0.6671169089,0.5707605124,-0.231670805,0.7686551275,0.6784137042,0.9331768019,1.6647544446,0.5293884968,1,1,1,1,1,1,1,1,8,0.125,0.6975743989,7.533033E-17,0.866021,0.8054932432
150006,0.6671169089,-0.436147184,0.70891858,-0.254180641,0.6784137042,-0.038194859,-0.226011679,0.5293884968,1,1,1,1,1,1,1,1,8,0.125,0.2036629159,7.533033E-17,0.866021,0.2351707616
150007,1.5777071423,0.5707605124,0.70891858,0.7686551275,1.6690784566,0.9331768019,0.7193713829,1.0384405328,1,1,1,1,1,1,1,1,8,0.125,0.998263567,7.533033E-17,0.866021,1.1527007863
150008,-1.154063558,-1.44305488,-0.231670805,-1.277016409,-0.312251048,-1.00956652,-0.226011679,-0.488715575,1,1,1,1,1,1,1,1,8,0.125,-0.767793809,7.533033E-17,0.866021,-0.886576007
150009,-1.154063558,-1.44305488,-1.17226019,-1.277016409,-1.3029158,-1.00956652,-1.17139474,-0.488715575,1,1,1,1,1,1,1,1,8,0.125,-1.127373459,7.533033E-17,0.866021,-1.301784735
150010,-0.243473324,0.5707605124,0.70891858,-0.254180641,0.6784137042,-0.038194859,0.2466798521,0.0203364607,1,1,1,1,1,1,1,1,8,0.125,0.2111575356,7.533033E-17,0.866021,0.2438248428
150011,-0.243473324,-0.436147184,-0.231670805,-1.277016409,0.6784137042,-0.038194859,-0.69870321,0.0203364607,1,1,1,1,1,1,1,1,8,0.125,-0.278306953,7.533033E-17,0.866021,-0.321362669
150012,-1.154063558,-0.436147184,-0.231670805,-1.277016409,-1.3029158,-1.00956652,-0.226011679,-0.488715575,1,1,1,1,1,1,1,1,8,0.125,-0.765763441,7.533033E-17,0.866021,-0.88423153
150015,0.6671169089,-0.436147184,0.70891858,-0.254180641,0.6784137042,-0.038194859,0.7193713829,0.0203364607,1,1,1,1,1,1,1,1,8,0.125,0.2582042941,7.533033E-17,0.866021,0.2981500103
150017,-0.243473324,-0.436147184,-0.231670805,-1.277016409,-0.312251048,-1.00956652,-1.17139474,-0.488715575,1,1,1,1,1,1,1,1,8,0.125,-0.646279451,7.533033E-17,0.866021,-0.746262666
150018,-0.243473324,-0.436147184,-0.231670805,-1.277016409,0.6784137042,-0.038194859,-0.226011679,-0.488715575,1,1,1,1,1,1,1,1,8,0.125,-0.282852016,7.533033E-17,0.866021,-0.32661088
150021,0.6671169089,-0.436147184,0.70891858,-0.254180641,0.6784137042,0.9331768019,1.1920629137,1.0384405328,1,1,1,1,1,1,1,1,8,0.125,0.5659752021,7.533033E-17,0.866021,0.65353488
150022,1.5777071423,0.5707605124,1.6495079648,0.7686551275,-0.312251048,0.9331768019,-0.226011679,1.0384405328,1,1,1,1,1,1,1,1,8,0.125,0.7499981693,7.533033E-17,0.866021,0.8660272778
150023,-1.154063558,-1.44305488,-0.231670805,-0.254180641,-0.312251048,-1.00956652,-0.226011679,0.0203364607,1,1,1,1,1,1,1,1,8,0.125,-0.576307834,7.533033E-17,0.866021,-0.66546603
150024,-1.154063558,-0.436147184,-0.231670805,-0.254180641,-0.312251048,-0.038194859,0.7193713829,-0.488715575,1,1,1,1,1,1,1,1,8,0.125,-0.274481536,7.533033E-17,0.866021,-0.316945437
150026,0.6671169089,0.5707605124,0.70891858,-0.254180641,0.6784137042,0.9331768019,0.7193713829,0.5293884968,1,1,1,1,1,1,1,1,8,0.125,0.5691207183,7.533033E-17,0.866021,0.657167026
150030,0.6671169089,0.5707605124,0.70891858,-0.254180641,0.6784137042,0.9331768019,0.7193713829,0.5293884968,1,1,1,1,1,1,1,1,8,0.125,0.5691207183,7.533033E-17,0.866021,0.657167026
150034,-0.243473324,-0.436147184,-0.231670805,-0.254180641,0.6784137042,0.9331768019,0.7193713829,-0.488715575,1,1,1,1,1,1,1,1,8,0.125,0.084596795,7.533033E-17,0.866021,0.0976844145
150035,-0.243473324,-1.44305488,-0.231670805,-1.277016409,-1.3029158,-1.00956652,-1.17139474,-0.997767611,1,1,1,1,1,1,1,1,8,0.125,-0.959607511,7.533033E-17,0.866021,-1.108064412
150037,0.6671169089,0.5707605124,0.70891858,0.7686551275,0.6784137042,0.9331768019,0.7193713829,1.5474925688,1,1,1,1,1,1,1,1,8,0.125,0.8242381983,7.533033E-17,0.866021,0.951752674
15003F,-0.243473324,0.5707605124,-0.231670805,0.7686551275,0.6784137042,0.9331768019,0.7193713829,-0.997767611,1,1,1,1,1,1,1,1,8,0.125,0.2746832235,7.533033E-17,0.866021,0.3171783267
150042,-0.243473324,-0.436147184,-0.231670805,-0.254180641,-0.312251048,-0.038194859,-0.226011679,1.0384405328,1,1,1,1,1,1,1,1,8,0.125,-0.087936126,7.533033E-17,0.866021,-0.10154036
150044,-0.243473324,-1.44305488,-0.231670805,-1.277016409,-0.312251048,-0.038194859,0.2466798521,-0.488715575,1,1,1,1,1,1,1,1,8,0.125,-0.473462131,7.533033E-17,0.866021,-0.546709495
150045,0.6671169089,-0.436147184,0.70891858,0.7686551275,0.6784137042,0.9331768019,0.7193713829,0.5293884968,1,1,1,1,1,1,1,1,8,0.125,0.5711117273,7.533033E-17,0.866021,0.6594660557
150046,-1.154063558,-0.436147184,-0.231670805,-0.254180641,-1.3029158,-1.00956652,-0.226011679,-0.488715575,1,1,1,1,1,1,1,1,8,0.125,-0.63790897,7.533033E-17,0.866021,-0.736597223
150047,0.6671169089,1.5776682088,0.70891858,1.7914908957,1.6690784566,0.9331768019,1.1920629137,1.5474925688,1,1,1,1,1,1,1,1,8,0.125,1.2608756668,7.533033E-17,0.866021,1.4559405156
150048,-1.154063558,-1.44305488,-1.17226019,-1.277016409,-0.312251048,-1.00956652,-0.226011679,0.0203364607,1,1,1,1,1,1,1,1,8,0.125,-0.821735978,7.533033E-17,0.866021,-0.948863345
15004F,0.6671169089,0.5707605124,1.6495079648,1.7914908957,-0.312251048,0.9331768019,0.7193713829,1.0384405328,1,1,1,1,1,1,1,1,8,0.125,0.8822017439,7.533033E-17,0.866021,1.0186835195
150051,-0.243473324,0.5707605124,-1.17226019,-1.277016409,-0.312251048,-0.038194859,-0.69870321,-0.997767611,1,1,1,1,1,1,1,1,8,0.125,-0.521113267,7.533033E-17,0.866021,-0.601732541
150056,-1.154063558,-0.436147184,-1.17226019,-1.277016409,0.6784137042,-0.038194859,-1.17139474,-1.506819647,1,1,1,1,1,1,1,1,8,0.125,-0.75968536,7.533033E-17,0.866021,-0.877213134
150057,0.6671169089,0.5707605124,0.70891858,0.7686551275,0.6784137042,0.9331768019,0.7193713829,-0.488715575,1,1,1,1,1,1,1,1,8,0.125,0.5697121803,7.533033E-17,0.866021,0.6578499906
150058,0.6671169089,0.5707605124,-0.231670805,-0.254180641,-0.312251048,-0.038194859,0.2466798521,-0.997767611,1,1,1,1,1,1,1,1,8,0.125,-0.043688461,7.533033E-17,0.866021,-0.050447322
150059,0.6671169089,0.5707605124,-0.231670805,0.7686551275,0.6784137042,0.9331768019,0.7193713829,0.5293884968,1,1,1,1,1,1,1,1,8,0.125,0.5794015162,7.533033E-17,0.866021,0.6690383235
150061,0.6671169089,0.5707605124,0.70891858,-0.254180641,-0.312251048,-1.00956652,-0.226011679,0.0203364607,1,1,1,1,1,1,1,1,8,0.125,0.0206403218,7.533033E-17,0.866021,0.0238335004
150065,-0.243473324,0.5707605124,0.70891858,-0.254180641,0.6784137042,-0.038194859,0.7193713829,0.5293884968,1,1,1,1,1,1,1,1,8,0.125,0.3338754815,7.533033E-17,0.866021,0.3855279735
150069,0.6671169089,0.5707605124,0.70891858,0.7686551275,1.6690784566,0.9331768019,0.2466798521,0.5293884968,1,1,1,1,1,1,1,1,8,0.125,0.761721842,7.533033E-17,0.866021,0.8795646713
150072,0.6671169089,1.5776682088,0.70891858,0.7686551275,0.6784137042,-0.038194859,0.7193713829,0.0203364607,1,1,1,1,1,1,1,1,8,0.125,0.6377856892,7.533033E-17,0.866021,0.73645487
150074,0.6671169089,0.5707605124,0.70891858,-0.254180641,0.6784137042,0.9331768019,0.7193713829,0.5293884968,1,1,1,1,1,1,1,1,8,0.125,0.5691207183,7.533033E-17,0.866021,0.657167026
150075,1.5777071423,0.5707605124,0.70891858,0.7686551275,0.6784137042,0.9331768019,0.2466798521,1.0384405328,1,1,1,1,1,1,1,1,8,0.125,0.8153440316,7.533033E-17,0.866021,0.9414825277
150076,0.6671169089,-0.436147184,1.6495079648,-0.254180641,0.6784137042,0.9331768019,-0.226011679,1.0384405328,1,1,1,1,1,1,1,1,8,0.125,0.5062895511,7.533033E-17,0.866021,0.5846155093
150082,0.6671169089,-0.436147184,-1.17226019,-0.254180641,-1.3029158,-0.038194859,0.2466798521,-0.488715575,1,1,1,1,1,1,1,1,8,0.125,-0.347327186,7.533033E-17,0.866021,-0.401060736
150084,-1.154063558,0.5707605124,-1.17226019,-1.277016409,-0.312251048,-1.00956652,-0.226011679,-0.997767611,1,1,1,1,1,1,1,1,8,0.125,-0.697272063,7.533033E-17,0.866021,-0.805144134
150086,1.5777071423,0.5707605124,1.6495079648,0.7686551275,1.6690784566,0.9331768019,0.7193713829,1.5474925688,1,1,1,1,1,1,1,1,8,0.125,1.1794687446,7.533033E-17,0.866021,1.3619394659
150088,-0.243473324,-0.436147184,0.70891858,-1.277016409,-0.312251048,-0.038194859,-0.226011679,0.5293884968,1,1,1,1,1,1,1,1,8,0.125,-0.161848428,7.533033E-17,0.866021,-0.186887328
150089,-1.154063558,-0.436147184,-1.17226019,-1.277016409,-0.312251048,-1.00956652,-1.17139474,-0.488715575,1,1,1,1,1,1,1,1,8,0.125,-0.877676903,7.533033E-17,0.866021,-1.013458659
150090,-1.154063558,-0.436147184,-1.17226019,-1.277016409,-0.312251048,-1.00956652,-1.17139474,-0.488715575,1,1,1,1,1,1,1,1,8,0.125,-0.877676903,7.533033E-17,0.866021,-1.013458659
150091,0.6671169089,-0.436147184,0.70891858,0.7686551275,1.6690784566,-0.038194859,0.7193713829,1.5474925688,1,1,1,1,1,1,1,1,8,0.125,0.7007863727,7.533033E-17,0.866021,0.8092021281
150097,0.6671169089,0.5707605124,-0.231670805,0.7686551275,0.6784137042,0.9331768019,-0.226011679,1.5474925688,1,1,1,1,1,1,1,1,8,0.125,0.5884916425,7.533033E-17,0.866021,0.6795347456
150100,-0.243473324,0.5707605124,-0.231670805,-0.254180641,0.6784137042,0.9331768019,0.7193713829,0.5293884968,1,1,1,1,1,1,1,1,8,0.125,0.337723266,7.533033E-17,0.866021,0.3899710329
150101,1.5777071423,-0.436147184,1.6495079648,0.7686551275,1.6690784566,0.9331768019,1.6647544446,1.5474925688,1,1,1,1,1,1,1,1,8,0.125,1.1717781653,7.533033E-17,0.866021,1.3530591089
150102,,,,,,,,,0,0,0,0,0,0,0,0,0,,,7.533033E-17,0.866021,
150104,0.6671169089,0.5707605124,0.70891858,0.7686551275,-0.312251048,0.9331768019,0.7193713829,-0.488715575,1,1,1,1,1,1,1,1,8,0.125,0.4458790863,7.533033E-17,0.866021,0.5148591918
150109,0.6671169089,-0.436147184,0.70891858,-0.254180641,0.6784137042,-0.038194859,0.7193713829,1.0384405328,1,1,1,1,1,1,1,1,8,0.125,0.3854673031,7.533033E-17,0.866021,0.445101352
150112,-0.243473324,0.5707605124,-0.231670805,-0.254180641,0.6784137042,0.9331768019,-0.226011679,-0.488715575,1,1,1,1,1,1,1,1,8,0.125,0.0922873743,7.533033E-17,0.866021,0.1065647715
150113,0.6671169089,0.5707605124,-0.231670805,-0.254180641,1.6690784566,0.9331768019,0.7193713829,-0.488715575,1,1,1,1,1,1,1,1,8,0.125,0.4481171302,7.533033E-17,0.866021,0.5174434743
150115,1.5777071423,1.5776682088,0.70891858,0.7686551275,1.6690784566,0.9331768019,0.7193713829,1.0384405328,1,1,1,1,1,1,1,1,8,0.125,1.1241270291,7.533033E-17,0.866021,1.2980360629
150125,-0.243473324,-1.44305488,-0.231670805,-0.254180641,-0.312251048,-0.038194859,0.2466798521,-0.488715575,1,1,1,1,1,1,1,1,8,0.125,-0.34560766,7.533033E-17,0.866021,-0.399075189
150126,0.6671169089,-0.436147184,-1.17226019,-0.254180641,0.6784137042,0.9331768019,-0.226011679,-0.997767611,1,1,1,1,1,1,1,1,8,0.125,-0.100957486,7.533033E-17,0.866021,-0.1165762
150128,-0.243473324,-0.436147184,-0.231670805,0.7686551275,-0.312251048,0.9331768019,0.7193713829,0.0203364607,1,1,1,1,1,1,1,1,8,0.125,0.1522496765,7.533033E-17,0.866021,0.1758035929
150133,-0.243473324,-0.436147184,-0.231670805,-1.277016409,0.6784137042,-0.038194859,-0.226011679,0.0203364607,1,1,1,1,1,1,1,1,8,0.125,-0.219220512,7.533033E-17,0.866021,-0.253135209
150146,-0.243473324,-0.436147184,0.70891858,0.7686551275,1.6690784566,0.9331768019,0.7193713829,1.0384405328,1,1,1,1,1,1,1,1,8,0.125,0.6447525467,7.533033E-17,0.866021,0.744499541
150149,0.6671169089,0.5707605124,0.70891858,0.7686551275,0.6784137042,1.904548463,1.6647544446,1.5474925688,1,1,1,1,1,1,1,1,8,0.125,1.0638325387,7.533033E-17,0.866021,1.2284136618
150150,-0.243473324,-0.436147184,-0.231670805,-0.254180641,-0.312251048,-0.038194859,0.7193713829,0.0203364607,1,1,1,1,1,1,1,1,8,0.125,-0.097026252,7.533033E-17,0.866021,-0.112036782
150153,1.5777071423,1.5776682088,0.70891858,0.7686551275,0.6784137042,0.9331768019,1.6647544446,0.0203364607,1,1,1,1,1,1,1,1,8,0.125,0.9912038087,7.533033E-17,0.866021,1.144548842
150157,-0.243473324,0.5707605124,-0.231670805,-0.254180641,-0.312251048,-0.038194859,0.2466798521,-0.488715575,1,1,1,1,1,1,1,1,8,0.125,-0.093880736,7.533033E-17,0.866021,-0.108404636
150158,-0.243473324,-0.436147184,-1.17226019,-1.277016409,-0.312251048,-0.038194859,0.2466798521,-0.488715575,1,1,1,1,1,1,1,1,8,0.125,-0.465172342,7.533033E-17,0.866021,-0.537137227
150160,1.5777071423,1.5776682088,1.6495079648,1.7914908957,1.6690784566,1.904548463,1.6647544446,2.0565446049,1,1,1,1,1,1,1,1,8,0.125,1.7364125226,7.533033E-17,0.866021,2.0050457075
150161,-1.154063558,0.5707605124,-2.112849574,-1.277016409,-1.3029158,0.9331768019,0.2466798521,-1.506819647,1,1,1,1,1,1,1,1,8,0.125,-0.700380978,7.533033E-17,0.866021,-0.808734016
150162,-0.243473324,-0.436147184,-0.231670805,-1.277016409,0.6784137042,0.9331768019,0.7193713829,-0.997767611,1,1,1,1,1,1,1,1,8,0.125,-0.106889181,7.533033E-17,0.866021,-0.123425563
150165,0.6671169089,0.5707605124,-0.231670805,0.7686551275,0.6784137042,-0.038194859,0.7193713829,1.0384405328,1,1,1,1,1,1,1,1,8,0.125,0.5216115631,7.533033E-17,0.866021,0.6023079262
150166,1.5777071423,0.5707605124,1.6495079648,0.7686551275,0.6784137042,0.9331768019,1.1920629137,2.0565446049,1,1,1,1,1,1,1,1,8,0.125,1.1783535965,7.533033E-17,0.866021,1.3606517978
150167,0.6671169089,0.5707605124,0.70891858,-0.254180641,1.6690784566,0.9331768019,1.6647544446,1.0384405328,1,1,1,1,1,1,1,1,8,0.125,0.8747581996,7.533033E-17,0.866021,1.0100884153
150168,-0.243473324,0.5707605124,0.70891858,0.7686551275,1.6690784566,-0.038194859,0.7193713829,0.0203364607,1,1,1,1,1,1,1,1,8,0.125,0.521931542,7.533033E-17,0.866021,0.6026774078
150169,-0.243473324,-0.436147184,-0.231670805,-1.277016409,0.6784137042,0.9331768019,0.7193713829,-0.997767611,1,1,1,1,1,1,1,1,8,0.125,-0.106889181,7.533033E-17,0.866021,-0.123425563
150172,,,,,,,,,0,0,0,0,0,0,0,0,0,,,7.533033E-17,0.866021,
150173,-1.154063558,-0.436147184,-1.17226019,-1.277016409,-0.312251048,-0.038194859,-0.226011679,-0.997767611,1,1,1,1,1,1,1,1,8,0.125,-0.701714067,7.533033E-17,0.866021,-0.810273342
150177,,,,,,,,,0,0,0,0,0,0,0,0,0,,,7.533033E-17,0.866021,
150179,,,,,,,,,0,0,0,0,0,0,0,0,0,,,7.533033E-17,0.866021,
150181,0.6671169089,0.5707605124,0.70891858,0.7686551275,0.6784137042,0.9331768019,1.1920629137,0.0203364607,1,1,1,1,1,1,1,1,8,0.125,0.6924301262,7.533033E-17,0.866021,0.7995531213
150183,0.6671169089,0.5707605124,0.70891858,0.7686551275,-0.312251048,-0.038194859,0.7193713829,1.0384405328,1,1,1,1,1,1,1,1,8,0.125,0.5153521421,7.533033E-17,0.866021,0.5950801362
150193,1.5777071423,1.5776682088,1.6495079648,1.7914908957,1.6690784566,1.904548463,1.6647544446,1.5474925688,1,1,1,1,1,1,1,1,8,0.125,1.6727810181,7.533033E-17,0.866021,1.9315700367
151300,-0.243473324,0.5707605124,1.6495079648,-0.254180641,0.6784137042,0.9331768019,0.7193713829,2.0565446049,1,1,1,1,1,1,1,1,8,0.125,0.7637651257,7.533033E-17,0.866021,0.881924063
151301,,,,,,,,,0,0,0,0,0,0,0,0,0,,,7.533033E-17,0.866021,
151303,,,,,,,,,0,0,0,0,0,0,0,0,0,,,7.533033E-17,0.866021,
151304,,,,,,,,,0,0,0,0,0,0,0,0,0,,,7.533033E-17,0.866021,
151305,,,,,,,,,0,0,0,0,0,0,0,0,0,,,7.533033E-17,0.866021,
151306,,,,,,,,,0,0,0,0,0,0,0,0,0,,,7.533033E-17,0.866021,
151307,,,,,,,,,0,0,0,0,0,0,0,0,0,,,7.533033E-17,0.866021,
151308,,,,,,,,,0,0,0,0,0,0,0,0,0,,,7.533033E-17,0.866021,
151309,,,,,,,,,0,0,0,0,0,0,0,0,0,,,7.533033E-17,0.866021,
151310,1.5777071423,0.5707605124,1.6495079648,0.7686551275,1.6690784566,0.9331768019,1.6647544446,1.5474925688,1,1,1,1,1,1,1,1,8,0.125,1.2976416274,7.533033E-17,0.866021,1.4983943856
151311,,,,,,,,,0,0,0,0,0,0,0,0,0,,,7.533033E-17,0.866021,
151312,,,,,,,,,0,0,0,0,0,0,0,0,0,,,7.533033E-17,0.866021,
151313,,,,,,,,,0,0,0,0,0,0,0,0,0,,,7.533033E-17,0.866021,
151314,,,,,,,,,0,0,0,0,0,0,0,0,0,,,7.533033E-17,0.866021,
151315,-0.243473324,0.5707605124,-0.231670805,0.7686551275,-0.312251048,-0.038194859,0.7193713829,1.5474925688,1,1,1,1,1,1,1,1,8,0.125,0.3475861944,7.533033E-17,0.866021,0.401359814
151316,,,,,,,,,0,0,0,0,0,0,0,0,0,,,7.533033E-17,0.866021,
151317,1.5777071423,1.5776682088,1.6495079648,0.7686551275,1.6690784566,0.9331768019,1.1920629137,1.0384405328,1,1,1,1,1,1,1,1,8,0.125,1.3007871435,7.533033E-17,0.866021,1.5020265315
151318,-0.243473324,0.5707605124,0.70891858,-0.254180641,-1.3029158,-1.00956652,0.2466798521,1.0384405328,1,1,1,1,1,1,1,1,8,0.125,-0.030667101,7.533033E-17,0.866021,-0.035411481
151319,,,,,,,,,0,0,0,0,0,0,0,0,0,,,7.533033E-17,0.866021,
151320,,,,,,,,,0,0,0,0,0,0,0,0,0,,,7.533033E-17,0.866021,
151322,1.5777071423,1.5776682088,1.6495079648,0.7686551275,1.6690784566,0.9331768019,0.2466798521,2.0565446049,1,1,1,1,1,1,1,1,8,0.125,1.3098772698,7.533033E-17,0.866021,1.5125229536
151323,1.5777071423,0.5707605124,1.6495079648,0.7686551275,1.6690784566,1.904548463,1.6647544446,2.0565446049,1,1,1,1,1,1,1,1,8,0.125,1.4826945895,7.533033E-17,0.866021,1.7120761245
151324,,,,,,,,,0,0,0,0,0,0,0,0,0,,,7.533033E-17,0.866021,
151325,,,,,,,,,0,0,0,0,0,0,0,0,0,,,7.533033E-17,0.866021,
151326,,,,,,,,,0,0,0,0,0,0,0,0,0,,,7.533033E-17,0.866021,
151327,,,,,,,,,0,0,0,0,0,0,0,0,0,,,7.533033E-17,0.866021,
151328,,,,,,,,,0,0,0,0,0,0,0,0,0,,,7.533033E-17,0.866021,
151329,0.6671169089,0.5707605124,-0.231670805,0.7686551275,0.6784137042,-0.038194859,0.2466798521,0.5293884968,1,1,1,1,1,1,1,1,8,0.125,0.3988936172,7.533033E-17,0.866021,0.4606047956
151330,1.5777071423,0.5707605124,1.6495079648,0.7686551275,0.6784137042,0.9331768019,0.7193713829,0.5293884968,1,1,1,1,1,1,1,1,8,0.125,0.9283726416,7.533033E-17,0.866021,1.0719973254
151331,1.5777071423,1.5776682088,1.6495079648,0.7686551275,1.6690784566,-0.038194859,1.1920629137,0.5293884968,1,1,1,1,1,1,1,1,8,0.125,1.1157341814,7.533033E-17,0.866021,1.2883447925
151332,0.6671169089,0.5707605124,1.6495079648,0.7686551275,0.6784137042,0.9331768019,0.2466798521,1.0384405328,1,1,1,1,1,1,1,1,8,0.125,0.8190939256,7.533033E-17,0.866021,0.9458125521
151333,,,,,,,,,0,0,0,0,0,0,0,0,0,,,7.533033E-17,0.866021,
151334,,,,,,,,,0,0,0,0,0,0,0,0,0,,,7.533033E-17,0.866021,
160001,0.6671169089,0.5707605124,0.70891858,-0.254180641,0.6784137042,0.9331768019,0.2466798521,1.0384405328,1,1,1,1,1,1,1,1,8,0.125,0.5736657814,7.533033E-17,0.866021,0.662415237
160013,-0.243473324,-1.44305488,0.70891858,-0.254180641,0.6784137042,-1.00956652,-0.69870321,-0.997767611,1,1,1,1,1,1,1,1,8,0.125,-0.407426738,7.533033E-17,0.866021,-0.47045804
160016,-0.243473324,0.5707605124,-0.231670805,0.7686551275,0.6784137042,0.9331768019,-0.69870321,-0.488715575,1,1,1,1,1,1,1,1,8,0.125,0.161055404,7.533033E-17,0.866021,0.1859716181
160028,-0.243473324,-0.436147184,-0.231670805,0.7686551275,0.6784137042,-0.038194859,-0.226011679,0.5293884968,1,1,1,1,1,1,1,1,8,0.125,0.1001199347,7.533033E-17,0.866021,0.1156090748
160029,-0.243473324,0.5707605124,-0.231670805,-0.254180641,-0.312251048,-1.00956652,0.2466798521,-0.488715575,1,1,1,1,1,1,1,1,8,0.125,-0.215302194,7.533033E-17,0.866021,-0.248610704
160030,0.6671169089,0.5707605124,-0.231670805,0.7686551275,0.6784137042,0.9331768019,1.1920629137,0.5293884968,1,1,1,1,1,1,1,1,8,0.125,0.6384879576,7.533033E-17,0.866021,0.7372657833
160032,-0.243473324,-1.44305488,-0.231670805,-0.254180641,0.6784137042,-0.038194859,-1.17139474,-0.997767611,1,1,1,1,1,1,1,1,8,0.125,-0.462665395,7.533033E-17,0.866021,-0.53424244
160033,-1.154063558,-0.436147184,-1.17226019,-0.254180641,-0.312251048,-1.00956652,-0.69870321,-0.488715575,1,1,1,1,1,1,1,1,8,0.125,-0.690735991,7.533033E-17,0.866021,-0.797596893
16003F,1.5777071423,1.5776682088,0.70891858,1.7914908957,1.6690784566,1.904548463,0.7193713829,1.0384405328,1,1,1,1,1,1,1,1,8,0.125,1.3734029578,7.533033E-17,0.866021,1.5858764374
160040,-0.243473324,0.5707605124,0.70891858,1.7914908957,1.6690784566,0.9331768019,0.7193713829,1.5474925688,1,1,1,1,1,1,1,1,8,0.125,0.9621019842,7.533033E-17,0.866021,1.1109447949
160045,0.6671169089,0.5707605124,-0.231670805,-0.254180641,0.6784137042,0.9331768019,0.7193713829,0.5293884968,1,1,1,1,1,1,1,1,8,0.125,0.4515470452,7.533033E-17,0.866021,0.5214040172
160047,1.5777071423,0.5707605124,0.70891858,0.7686551275,1.6690784566,0.9331768019,0.7193713829,0.5293884968,1,1,1,1,1,1,1,1,8,0.125,0.9346320625,7.533033E-17,0.866021,1.0792251154
16004F,1.5777071423,0.5707605124,0.70891858,1.7914908957,0.6784137042,1.904548463,1.6647544446,1.5474925688,1,1,1,1,1,1,1,1,8,0.125,1.3055107889,7.533033E-17,0.866021,1.5074809525
160057,-1.154063558,-0.436147184,-1.17226019,-1.277016409,-0.312251048,-1.00956652,-1.17139474,-0.488715575,1,1,1,1,1,1,1,1,8,0.125,-0.877676903,7.533033E-17,0.866021,-1.013458659
160058,-0.243473324,-0.436147184,-1.17226019,-0.254180641,0.6784137042,-0.038194859,0.2466798521,-1.506819647,1,1,1,1,1,1,1,1,8,0.125,-0.340747786,7.533033E-17,0.866021,-0.393463464
160064,-0.243473324,-0.436147184,0.70891858,-0.254180641,0.6784137042,-0.038194859,-0.226011679,0.0203364607,1,1,1,1,1,1,1,1,8,0.125,0.0262076322,7.533033E-17,0.866021,0.0302621064
160067,-1.154063558,-0.436147184,-0.231670805,-1.277016409,-0.312251048,-0.038194859,-0.226011679,-0.488715575,1,1,1,1,1,1,1,1,8,0.125,-0.52050889,7.533033E-17,0.866021,-0.601034663
160069,0.6671169089,0.5707605124,0.70891858,0.7686551275,0.6784137042,0.9331768019,0.7193713829,-0.488715575,1,1,1,1,1,1,1,1,8,0.125,0.5697121803,7.533033E-17,0.866021,0.6578499906
160079,-0.243473324,-0.436147184,-0.231670805,-0.254180641,-0.312251048,-0.038194859,0.7193713829,-0.488715575,1,1,1,1,1,1,1,1,8,0.125,-0.160657757,7.533033E-17,0.866021,-0.185512452
160080,0.6671169089,0.5707605124,0.70891858,0.7686551275,0.6784137042,0.9331768019,0.2466798521,0.0203364607,1,1,1,1,1,1,1,1,8,0.125,0.5742572435,7.533033E-17,0.866021,0.6630982016
160082,-0.243473324,-0.436147184,-0.231670805,-1.277016409,-0.312251048,-0.038194859,0.2466798521,-0.488715575,1,1,1,1,1,1,1,1,8,0.125,-0.347598669,7.533033E-17,0.866021,-0.401374219
160083,-1.154063558,-0.436147184,-1.17226019,-1.277016409,-0.312251048,-1.00956652,-1.17139474,-0.997767611,1,1,1,1,1,1,1,1,8,0.125,-0.941308408,7.533033E-17,0.866021,-1.08693433
160089,-2.064653791,-2.449962577,-1.17226019,-2.299852177,-1.3029158,-1.980938182,-2.116777802,-1.506819647,1,1,1,1,1,1,1,1,8,0.125,-1.861772521,7.533033E-17,0.866021,-2.149799632
160101,-1.154063558,0.5707605124,-1.17226019,0.7686551275,0.6784137042,0.9331768019,0.7193713829,0.5293884968,1,1,1,1,1,1,1,1,8,0.125,0.2341802848,7.533033E-17,0.866021,0.2704093461
160104,-1.154063558,-0.436147184,-0.231670805,-0.254180641,-0.312251048,-1.00956652,-0.226011679,0.0203364607,1,1,1,1,1,1,1,1,8,0.125,-0.450444372,7.533033E-17,0.866021,-0.520130754
160110,-0.243473324,-0.436147184,-0.231670805,-0.254180641,0.6784137042,-0.038194859,0.7193713829,-0.488715575,1,1,1,1,1,1,1,1,8,0.125,-0.036824663,7.533033E-17,0.866021,-0.042521654
160112,1.5777071423,1.5776682088,1.6495079648,0.7686551275,0.6784137042,0.9331768019,0.7193713829,1.0384405328,1,1,1,1,1,1,1,1,8,0.125,1.1178676081,7.533033E-17,0.866021,1.2908082729
160117,0.6671169089,0.5707605124,0.70891858,0.7686551275,0.6784137042,0.9331768019,0.7193713829,-0.488715575,1,1,1,1,1,1,1,1,8,0.125,0.5697121803,7.533033E-17,0.866021,0.6578499906
160124,0.6671169089,1.5776682088,0.70891858,0.7686551275,0.6784137042,0.9331768019,1.1920629137,1.0384405328,1,1,1,1,1,1,1,1,8,0.125,0.9455565972,7.533033E-17,0.866021,1.0918397396
160146,-1.154063558,-0.436147184,-1.17226019,-1.277016409,0.6784137042,-0.038194859,-0.69870321,-0.997767611,1,1,1,1,1,1,1,1,8,0.125,-0.636967415,7.533033E-17,0.866021,-0.735510003
160147,0.6671169089,0.5707605124,0.70891858,0.7686551275,1.6690784566,0.9331768019,0.7193713829,0.5293884968,1,1,1,1,1,1,1,1,8,0.125,0.8208082834,7.533033E-17,0.866021,0.9477921311
160153,-1.154063558,-1.44305488,-1.17226019,-1.277016409,-1.3029158,-1.00956652,-1.644086271,-0.997767611,1,1,1,1,1,1,1,1,8,0.125,-1.250091405,7.533033E-17,0.866021,-1.443487865
161300,,,,,,,,,0,0,0,0,0,0,0,0,0,,,7.533033E-17,0.866021,
161301,1.5777071423,1.5776682088,1.6495079648,1.7914908957,1.6690784566,1.904548463,1.6647544446,2.0565446049,1,1,1,1,1,1,1,1,8,0.125,1.7364125226,7.533033E-17,0.866021,2.0050457075
161302,1.5777071423,0.5707605124,1.6495079648,0.7686551275,0.6784137042,1.904548463,1.1920629137,1.5474925688,1,1,1,1,1,1,1,1,8,0.125,1.2361435496,7.533033E-17,0.866021,1.4273821951
161303,,,,,,,,,0,0,0,0,0,0,0,0,0,,,7.533033E-17,0.866021,
161304,,,,,,,,,0,0,0,0,0,0,0,0,0,,,7.533033E-17,0.866021,
161305,,,,,,,,,0,0,0,0,0,0,0,0,0,,,7.533033E-17,0.866021,
161306,1.5777071423,1.5776682088,1.6495079648,0.7686551275,1.6690784566,1.904548463,1.6647544446,2.0565446049,1,1,1,1,1,1,1,1,8,0.125,1.6085580516,7.533033E-17,0.866021,1.8574114012
161307,,,,,,,,,0,0,0,0,0,0,0,0,0,,,7.533033E-17,0.866021,
161308,,,,,,,,,0,0,0,0,0,0,0,0,0,,,7.533033E-17,0.866021,
161309,,,,,,,,,0,0,0,0,0,0,0,0,0,,,7.533033E-17,0.866021,
161310,,,,,,,,,0,0,0,0,0,0,0,0,0,,,7.533033E-17,0.866021,
161311,,,,,,,,,0,0,0,0,0,0,0,0,0,,,7.533033E-17,0.866021,
161312,,,,,,,,,0,0,0,0,0,0,0,0,0,,,7.533033E-17,0.866021,
161313,,,,,,,,,0,0,0,0,0,0,0,0,0,,,7.533033E-17,0.866021,
161314,,,,,,,,,0,0,0,0,0,0,0,0,0,,,7.533033E-17,0.866021,
161315,,,,,,,,,0,0,0,0,0,0,0,0,0,,,7.533033E-17,0.866021,
161316,,,,,,,,,0,0,0,0,0,0,0,0,0,,,7.533033E-17,0.866021,
161317,1.5777071423,1.5776682088,1.6495079648,1.7914908957,0.6784137042,0.9331768019,1.6647544446,1.5474925688,1,1,1,1,1,1,1,1,8,0.125,1.4275264664,7.533033E-17,0.866021,1.6483731697
161318,,,,,,,,,0,0,0,0,0,0,0,0,0,,,7.533033E-17,0.866021,
161319,,,,,,,,,0,0,0,0,0,0,0,0,0,,,7.533033E-17,0.866021,
161320,,,,,,,,,0,0,0,0,0,0,0,0,0,,,7.533033E-17,0.866021,
161321,,,,,,,,,0,0,0,0,0,0,0,0,0,,,7.533033E-17,0.866021,
161322,,,,,,,,,0,0,0,0,0,0,0,0,0,,,7.533033E-17,0.866021,
161323,,,,,,,,,0,0,0,0,0,0,0,0,0,,,7.533033E-17,0.866021,
161324,,,,,,,,,0,0,0,0,0,0,0,0,0,,,7.533033E-17,0.866021,
161325,,,,,,,,,0,0,0,0,0,0,0,0,0,,,7.533033E-17,0.866021,
161326,,,,,,,,,0,0,0,0,0,0,0,0,0,,,7.533033E-17,0.866021,
161327,,,,,,,,,0,0,0,0,0,0,0,0,0,,,7.533033E-17,0.866021,
161328,,,,,,,,,0,0,0,0,0,0,0,0,0,,,7.533033E-17,0.866021,
161329,,,,,,,,,0,0,0,0,0,0,0,0,0,,,7.533033E-17,0.866021,
161330,,,,,,,,,0,0,0,0,0,0,0,0,0,,,7.533033E-17,0.866021,
161331,,,,,,,,,0,0,0,0,0,0,0,0,0,,,7.533033E-17,0.866021,
161332,,,,,,,,,0,0,0,0,0,0,0,0,0,,,7.533033E-17,0.866021,
161333,,,,,,,,,0,0,0,0,0,0,0,0,0,,,7.533033E-17,0.866021,
161334,,,,,,,,,0,0,0,0,0,0,0,0,0,,,7.533033E-17,0.866021,
161335,,,,,,,,,0,0,0,0,0,0,0,0,0,,,7.533033E-17,0.866021,
161336,,,,,,,,,0,0,0,0,0,0,0,0,0,,,7.533033E-17,0.866021,
161337,,,,,,,,,0,0,0,0,0,0,0,0,0,,,7.533033E-17,0.866021,
161338,,,,,,,,,0,0,0,0,0,0,0,0,0,,,7.533033E-17,0.866021,
161339,0.6671169089,0.5707605124,0.70891858,0.7686551275,-0.312251048,0.9331768019,0.7193713829,1.5474925688,1,1,1,1,1,1,1,1,8,0.125,0.7004051043,7.533033E-17,0.866021,0.8087618752
161340,,,,,,,,,0,0,0,0,0,0,0,0,0,,,7.533033E-17,0.866021,
161341,,,,,,,,,0,0,0,0,0,0,0,0,0,,,7.533033E-17,0.866021,
161342,,,,,,,,,0,0,0,0,0,0,0,0,0,,,7.533033E-17,0.866021,
161343,0.6671169089,0.5707605124,1.6495079648,1.7914908957,0.6784137042,1.904548463,1.6647544446,1.5474925688,1,1,1,1,1,1,1,1,8,0.125,1.3092606828,7.533033E-17,0.866021,1.5118109769
161344,,,,,,,,,0,0,0,0,0,0,0,0,0,,,7.533033E-17,0.866021,
161345,,,,,,,,,0,0,0,0,0,0,0,0,0,,,7.533033E-17,0.866021,
161346,1.5777071423,1.5776682088,1.6495079648,0.7686551275,0.6784137042,0.9331768019,1.6647544446,1.0384405328,1,1,1,1,1,1,1,1,8,0.125,1.2360404909,7.533033E-17,0.866021,1.4272631925
161347,,,,,,,,,0,0,0,0,0,0,0,0,0,,,7.533033E-17,0.866021,
161348,,,,,,,,,0,0,0,0,0,0,0,0,0,,,7.533033E-17,0.866021,
161349,0.6671169089,1.5776682088,1.6495079648,1.7914908957,0.6784137042,0.9331768019,1.6647544446,2.0565446049,1,1,1,1,1,1,1,1,8,0.125,1.3773341917,7.533033E-17,0.866021,1.5904158563
161350,,,,,,,,,0,0,0,0,0,0,0,0,0,,,7.533033E-17,0.866021,
161351,,,,,,,,,0,0,0,0,0,0,0,0,0,,,7.533033E-17,0.866021,
161352,,,,,,,,,0,0,0,0,0,0,0,0,0,,,7.533033E-17,0.866021,
161353,0.6671169089,1.5776682088,0.70891858,1.7914908957,-0.312251048,0.9331768019,1.1920629137,1.0384405328,1,1,1,1,1,1,1,1,8,0.125,0.9495779742,7.533033E-17,0.866021,1.0964832472
161354,,,,,,,,,0,0,0,0,0,0,0,0,0,,,7.533033E-17,0.866021,
161355,,,,,,,,,0,0,0,0,0,0,0,0,0,,,7.533033E-17,0.866021,
161356,,,,,,,,,0,0,0,0,0,0,0,0,0,,,7.533033E-17,0.866021,
161357,,,,,,,,,0,0,0,0,0,0,0,0,0,,,7.533033E-17,0.866021,
161358,,,,,,,,,0,0,0,0,0,0,0,0,0,,,7.533033E-17,0.866021,
161359,,,,,,,,,0,0,0,0,0,0,0,0,0,,,7.533033E-17,0.866021,
161360,1.5777071423,1.5776682088,1.6495079648,1.7914908957,1.6690784566,1.904548463,1.6647544446,2.0565446049,1,1,1,1,1,1,1,1,8,0.125,1.7364125226,7.533033E-17,0.866021,2.0050457075
161361,,,,,,,,,0,0,0,0,0,0,0,0,0,,,7.533033E-17,0.866021,
161362,1.5777071423,1.5776682088,0.70891858,0.7686551275,-0.312251048,-0.038194859,0.7193713829,0.0203364607,1,1,1,1,1,1,1,1,8,0.125,0.6277763744,7.533033E-17,0.866021,0.7248970555
161363,,,,,,,,,0,0,0,0,0,0,0,0,0,,,7.533033E-17,0.866021,
161364,-0.243473324,-0.436147184,0.70891858,0.7686551275,0.6784137042,0.9331768019,0.2466798521,1.0384405328,1,1,1,1,1,1,1,1,8,0.125,0.4618330113,7.533033E-17,0.866021,0.5332812824
161365,1.5777071423,1.5776682088,0.70891858,0.7686551275,0.6784137042,0.9331768019,0.7193713829,1.5474925688,1,1,1,1,1,1,1,1,8,0.125,1.0639254396,7.533033E-17,0.866021,1.228520935
161366,,,,,,,,,0,0,0,0,0,0,0,0,0,,,7.533033E-17,0.866021,
161367,0.6671169089,1.5776682088,0.70891858,0.7686551275,0.6784137042,0.9331768019,1.1920629137,-0.488715575,1,1,1,1,1,1,1,1,8,0.125,0.7546620837,7.533033E-17,0.866021,0.8714127271
161368,0.6671169089,1.5776682088,1.6495079648,0.7686551275,1.6690784566,1.904548463,1.6647544446,2.0565446049,1,1,1,1,1,1,1,1,8,0.125,1.4947342724,7.533033E-17,0.866021,1.7259784169
161369,1.5777071423,1.5776682088,1.6495079648,0.7686551275,-1.3029158,0.9331768019,0.2466798521,1.5474925688,1,1,1,1,1,1,1,1,8,0.125,0.8747464832,7.533033E-17,0.866021,1.0100748863
161370,,,,,,,,,0,0,0,0,0,0,0,0,0,,,7.533033E-17,0.866021,
161371,1.5777071423,1.5776682088,1.6495079648,1.7914908957,1.6690784566,0.9331768019,1.6647544446,1.5474925688,1,1,1,1,1,1,1,1,8,0.125,1.5513595604,7.533033E-17,0.866021,1.7913639686
161372,,,,,,,,,0,0,0,0,0,0,0,0,0,,,7.533033E-17,0.866021,
161373,,,,,,,,,0,0,0,0,0,0,0,0,0,,,7.533033E-17,0.866021,
161374,0.6671169089,1.5776682088,1.6495079648,1.7914908957,1.6690784566,0.9331768019,1.1920629137,0.5293884968,1,1,1,1,1,1,1,1,8,0.125,1.2511863309,7.533033E-17,0.866021,1.4447521827
161375,0.6671169089,0.5707605124,0.70891858,0.7686551275,1.6690784566,0.9331768019,0.7193713829,1.5474925688,1,1,1,1,1,1,1,1,8,0.125,0.9480712924,7.533033E-17,0.866021,1.0947434728
161376,-0.243473324,0.5707605124,0.70891858,0.7686551275,0.6784137042,0.9331768019,0.7193713829,1.5474925688,1,1,1,1,1,1,1,1,8,0.125,0.7104144192,7.533033E-17,0.866021,0.8203196897
161377,,,,,,,,,0,0,0,0,0,0,0,0,0,,,7.533033E-17,0.866021,
161378,,,,,,,,,0,0,0,0,0,0,0,0,0,,,7.533033E-17,0.866021,
161379,1.5777071423,1.5776682088,-0.231670805,0.7686551275,-0.312251048,0.9331768019,0.7193713829,1.0384405328,1,1,1,1,1,1,1,1,8,0.125,0.7588871679,7.533033E-17,0.866021,0.8762914565
161380,,,,,,,,,0,0,0,0,0,0,0,0,0,,,7.533033E-17,0.866021,
161381,,,,,,,,,0,0,0,0,0,0,0,0,0,,,7.533033E-17,0.866021,
170006,-0.243473324,0.5707605124,0.70891858,0.7686551275,0.6784137042,-0.038194859,-0.226011679,1.0384405328,1,1,1,1,1,1,1,1,8,0.125,0.4071885743,7.533033E-17,0.866021,0.4701830311
170009,0.6671169089,0.5707605124,1.6495079648,-0.254180641,-0.312251048,-0.038194859,0.2466798521,1.0384405328,1,1,1,1,1,1,1,1,8,0.125,0.4459849029,7.533033E-17,0.866021,0.5149813788
170012,-0.243473324,-0.436147184,-0.231670805,-0.254180641,-0.312251048,-0.038194859,-0.226011679,0.0203364607,1,1,1,1,1,1,1,1,8,0.125,-0.215199135,7.533033E-17,0.866021,-0.248491701
170013,-0.243473324,-0.436147184,-0.231670805,0.7686551275,0.6784137042,-0.038194859,0.2466798521,0.5293884968,1,1,1,1,1,1,1,1,8,0.125,0.159206376,7.533033E-17,0.866021,0.1838365346
170014,-0.243473324,-0.436147184,-0.231670805,-1.277016409,0.6784137042,-1.00956652,-1.17139474,0.0203364607,1,1,1,1,1,1,1,1,8,0.125,-0.458814852,7.533033E-17,0.866021,-0.529796197
170016,-1.154063558,-0.436147184,-1.17226019,-1.277016409,-0.312251048,-0.038194859,-0.69870321,-0.488715575,1,1,1,1,1,1,1,1,8,0.125,-0.697169004,7.533033E-17,0.866021,-0.805025131
170017,,,,,,,,,0,0,0,0,0,0,0,0,0,,,7.533033E-17,0.866021,
170020,-0.243473324,-0.436147184,0.70891858,-0.254180641,-0.312251048,-0.038194859,-0.69870321,-0.997767611,1,1,1,1,1,1,1,1,8,0.125,-0.283974912,7.533033E-17,0.866021,-0.327907494
170023,-1.154063558,-1.44305488,-0.231670805,-1.277016409,-1.3029158,-1.00956652,-1.17139474,1.0384405328,1,1,1,1,1,1,1,1,8,0.125,-0.818905273,7.533033E-17,0.866021,-0.945594713
170027,1.5777071423,1.5776682088,1.6495079648,1.7914908957,1.6690784566,1.904548463,1.6647544446,1.5474925688,1,1,1,1,1,1,1,1,8,0.125,1.6727810181,7.533033E-17,0.866021,1.9315700367
170040,0.6671169089,0.5707605124,-0.231670805,0.7686551275,0.6784137042,0.9331768019,1.1920629137,0.0203364607,1,1,1,1,1,1,1,1,8,0.125,0.5748564531,7.533033E-17,0.866021,0.6637901125
170049,-0.243473324,0.5707605124,0.70891858,-0.254180641,-0.312251048,-0.038194859,0.7193713829,1.0384405328,1,1,1,1,1,1,1,1,8,0.125,0.273673892,7.533033E-17,0.866021,0.3160128456
17005F,1.5777071423,0.5707605124,1.6495079648,1.7914908957,0.6784137042,0.9331768019,0.7193713829,1.5474925688,1,1,1,1,1,1,1,1,8,0.125,1.1834901216,7.533033E-17,0.866021,1.3665829735
170068,-1.154063558,-0.436147184,-0.231670805,-0.254180641,-1.3029158,-1.00956652,-1.17139474,0.5293884968,1,1,1,1,1,1,1,1,8,0.125,-0.628818844,7.533033E-17,0.866021,-0.726100801
170074,0.6671169089,1.5776682088,1.6495079648,0.7686551275,0.6784137042,0.9331768019,0.7193713829,1.0384405328,1,1,1,1,1,1,1,1,8,0.125,1.004043829,7.533033E-17,0.866021,1.1593752886
170086,-0.243473324,0.5707605124,0.70891858,-0.254180641,0.6784137042,-0.038194859,0.7193713829,0.5293884968,1,1,1,1,1,1,1,1,8,0.125,0.3338754815,7.533033E-17,0.866021,0.3855279735
17008F,0.6671169089,0.5707605124,1.6495079648,1.7914908957,0.6784137042,0.9331768019,0.7193713829,1.5474925688,1,1,1,1,1,1,1,1,8,0.125,1.0696663425,7.533033E-17,0.866021,1.2351499892
170103,-0.243473324,-0.436147184,0.70891858,-1.277016409,1.6690784566,-0.038194859,0.7193713829,1.0384405328,1,1,1,1,1,1,1,1,8,0.125,0.267622147,7.533033E-17,0.866021,0.3090248602
170104,-0.243473324,-0.436147184,-0.231670805,-0.254180641,0.6784137042,-0.038194859,0.7193713829,1.0384405328,1,1,1,1,1,1,1,1,8,0.125,0.1540698508,7.533033E-17,0.866021,0.1779053589
170105,0.6671169089,1.5776682088,1.6495079648,0.7686551275,1.6690784566,0.9331768019,0.7193713829,0.5293884968,1,1,1,1,1,1,1,1,8,0.125,1.0642454185,7.533033E-17,0.866021,1.2288904165
170109,1.5777071423,0.5707605124,1.6495079648,0.7686551275,0.6784137042,0.9331768019,1.1920629137,1.5474925688,1,1,1,1,1,1,1,1,8,0.125,1.114722092,7.533033E-17,0.866021,1.2871761269
170110,,,,,,,,,0,0,0,0,0,0,0,0,0,,,7.533033E-17,0.866021,
170120,0.6671169089,0.5707605124,1.6495079648,-0.254180641,-0.312251048,0.9331768019,-0.226011679,0.0203364607,1,1,1,1,1,1,1,1,8,0.125,0.3810569101,7.533033E-17,0.866021,0.4400086455
170122,-1.154063558,-0.436147184,-0.231670805,-0.254180641,-0.312251048,-1.00956652,-0.226011679,0.0203364607,1,1,1,1,1,1,1,1,8,0.125,-0.450444372,7.533033E-17,0.866021,-0.520130754
170123,-1.154063558,-1.44305488,-1.17226019,-1.277016409,-1.3029158,-1.00956652,-1.17139474,-1.506819647,1,1,1,1,1,1,1,1,8,0.125,-1.254636468,7.533033E-17,0.866021,-1.448736076
170137,-0.243473324,0.5707605124,-0.231670805,0.7686551275,0.6784137042,0.9331768019,0.7193713829,1.5474925688,1,1,1,1,1,1,1,1,8,0.125,0.5928407461,7.533033E-17,0.866021,0.6845566809
170142,0.6671169089,0.5707605124,0.70891858,0.7686551275,0.6784137042,0.9331768019,-0.226011679,1.5474925688,1,1,1,1,1,1,1,1,8,0.125,0.7060653156,7.533033E-17,0.866021,0.8152977544
170146,-0.243473324,0.5707605124,0.70891858,0.7686551275,-0.312251048,-0.038194859,-0.226011679,0.0203364607,1,1,1,1,1,1,1,1,8,0.125,0.1560924713,7.533033E-17,0.866021,0.1802408906
170175,-1.154063558,-1.44305488,-0.231670805,-0.254180641,-1.3029158,-1.00956652,-1.644086271,0.0203364607,1,1,1,1,1,1,1,1,8,0.125,-0.877400252,7.533033E-17,0.866021,-1.013139209
170176,-1.154063558,-0.436147184,-1.17226019,-1.277016409,-0.312251048,-1.00956652,-0.69870321,-0.488715575,1,1,1,1,1,1,1,1,8,0.125,-0.818590462,7.533033E-17,0.866021,-0.945231199
170182,-0.243473324,-0.436147184,-0.231670805,-0.254180641,0.6784137042,0.9331768019,0.2466798521,0.0203364607,1,1,1,1,1,1,1,1,8,0.125,0.0891418581,7.533033E-17,0.866021,0.1029326256
170183,1.5777071423,1.5776682088,1.6495079648,0.7686551275,1.6690784566,1.904548463,1.6647544446,1.5474925688,1,1,1,1,1,1,1,1,8,0.125,1.544926547,7.533033E-17,0.866021,1.7839357303
170185,0.6671169089,0.5707605124,0.70891858,-0.254180641,0.6784137042,0.9331768019,0.7193713829,1.0384405328,1,1,1,1,1,1,1,1,8,0.125,0.6327522228,7.533033E-17,0.866021,0.7306426968
170186,1.5777071423,1.5776682088,1.6495079648,0.7686551275,0.6784137042,0.9331768019,1.6647544446,1.5474925688,1,1,1,1,1,1,1,1,8,0.125,1.2996719954,7.533033E-17,0.866021,1.5007388634
170187,1.5777071423,1.5776682088,1.6495079648,1.7914908957,1.6690784566,1.904548463,1.6647544446,1.5474925688,1,1,1,1,1,1,1,1,8,0.125,1.6727810181,7.533033E-17,0.866021,1.9315700367
170188,1.5777071423,1.5776682088,1.6495079648,1.7914908957,1.6690784566,1.904548463,1.6647544446,2.0565446049,1,1,1,1,1,1,1,1,8,0.125,1.7364125226,7.533033E-17,0.866021,2.0050457075
170190,1.5777071423,1.5776682088,1.6495079648,0.7686551275,1.6690784566,1.904548463,1.6647544446,2.0565446049,1,1,1,1,1,1,1,1,8,0.125,1.6085580516,7.533033E-17,0.866021,1.8574114012
170191,0.6671169089,0.5707605124,0.70891858,-0.254180641,0.6784137042,-0.038194859,-0.226011679,0.5293884968,1,1,1,1,1,1,1,1,8,0.125,0.3295263779,7.533033E-17,0.866021,0.3805060382
170194,,,,,,,,,0,0,0,0,0,0,0,0,0,,,7.533033E-17,0.866021,
170196,0.6671169089,-0.436147184,0.70891858,1.7914908957,0.6784137042,0.9331768019,1.1920629137,1.5474925688,1,1,1,1,1,1,1,1,8,0.125,0.8853156487,7.533033E-17,0.866021,1.0222791636
170197,0.6671169089,0.5707605124,-0.231670805,-0.254180641,-1.3029158,-0.038194859,0.7193713829,1.0384405328,1,1,1,1,1,1,1,1,8,0.125,0.146090904,7.533033E-17,0.866021,0.1686920223
170198,,,,,,,,,0,0,0,0,0,0,0,0,0,,,7.533033E-17,0.866021,
170199,,,,,,,,,0,0,0,0,0,0,0,0,0,,,7.533033E-17,0.866021,
170200,-0.243473324,0.5707605124,-0.231670805,-1.277016409,-0.312251048,-0.038194859,1.1920629137,1.0384405328,1,1,1,1,1,1,1,1,8,0.125,0.0873321892,7.533033E-17,0.866021,0.1008429902
170203,1.5777071423,1.5776682088,1.6495079648,1.7914908957,1.6690784566,1.904548463,1.6647544446,2.0565446049,1,1,1,1,1,1,1,1,8,0.125,1.7364125226,7.533033E-17,0.866021,2.0050457075
170204,1.5777071423,1.5776682088,1.6495079648,0.7686551275,-0.312251048,0.9331768019,1.6647544446,2.0565446049,1,1,1,1,1,1,1,1,8,0.125,1.2394704058,7.533033E-17,0.866021,1.4312237354
171300,,,,,,,,,0,0,0,0,0,0,0,0,0,,,7.533033E-17,0.866021,
171301,,,,,,,,,0,0,0,0,0,0,0,0,0,,,7.533033E-17,0.866021,
171303,,,,,,,,,0,0,0,0,0,0,0,0,0,,,7.533033E-17,0.866021,
171304,,,,,,,,,0,0,0,0,0,0,0,0,0,,,7.533033E-17,0.866021,
171306,,,,,,,,,0,0,0,0,0,0,0,0,0,,,7.533033E-17,0.866021,
171307,,,,,,,,,0,0,0,0,0,0,0,0,0,,,7.533033E-17,0.866021,
171308,,,,,,,,,0,0,0,0,0,0,0,0,0,,,7.533033E-17,0.866021,
171309,,,,,,,,,0,0,0,0,0,0,0,0,0,,,7.533033E-17,0.866021,
171310,,,,,,,,,0,0,0,0,0,0,0,0,0,,,7.533033E-17,0.866021,
171311,,,,,,,,,0,0,0,0,0,0,0,0,0,,,7.533033E-17,0.866021,
171312,,,,,,,,,0,0,0,0,0,0,0,0,0,,,7.533033E-17,0.866021,
171313,,,,,,,,,0,0,0,0,0,0,0,0,0,,,7.533033E-17,0.866021,
171314,,,,,,,,,0,0,0,0,0,0,0,0,0,,,7.533033E-17,0.866021,
171315,,,,,,,,,0,0,0,0,0,0,0,0,0,,,7.533033E-17,0.866021,
171316,,,,,,,,,0,0,0,0,0,0,0,0,0,,,7.533033E-17,0.866021,
171317,,,,,,,,,0,0,0,0,0,0,0,0,0,,,7.533033E-17,0.866021,
171318,,,,,,,,,0,0,0,0,0,0,0,0,0,,,7.533033E-17,0.866021,
171319,,,,,,,,,0,0,0,0,0,0,0,0,0,,,7.533033E-17,0.866021,
171321,,,,,,,,,0,0,0,0,0,0,0,0,0,,,7.533033E-17,0.866021,
171322,,,,,,,,,0,0,0,0,0,0,0,0,0,,,7.533033E-17,0.866021,
171323,,,,,,,,,0,0,0,0,0,0,0,0,0,,,7.533033E-17,0.866021,
171324,,,,,,,,,0,0,0,0,0,0,0,0,0,,,7.533033E-17,0.866021,
171325,,,,,,,,,0,0,0,0,0,0,0,0,0,,,7.533033E-17,0.866021,
171326,,,,,,,,,0,0,0,0,0,0,0,0,0,,,7.533033E-17,0.866021,
171327,,,,,,,,,0,0,0,0,0,0,0,0,0,,,7.533033E-17,0.866021,
171328,,,,,,,,,0,0,0,0,0,0,0,0,0,,,7.533033E-17,0.866021,
171329,,,,,,,,,0,0,0,0,0,0,0,0,0,,,7.533033E-17,0.866021,
171330,,,,,,,,,0,0,0,0,0,0,0,0,0,,,7.533033E-17,0.866021,
171331,,,,,,,,,0,0,0,0,0,0,0,0,0,,,7.533033E-17,0.866021,
171332,,,,,,,,,0,0,0,0,0,0,0,0,0,,,7.533033E-17,0.866021,
171333,1.5777071423,1.5776682088,1.6495079648,0.7686551275,0.6784137042,0.9331768019,1.6647544446,1.5474925688,1,1,1,1,1,1,1,1,8,0.125,1.2996719954,7.533033E-17,0.866021,1.5007388634
171334,,,,,,,,,0,0,0,0,0,0,0,0,0,,,7.533033E-17,0.866021,
171335,,,,,,,,,0,0,0,0,0,0,0,0,0,,,7.533033E-17,0.866021,
171336,,,,,,,,,0,0,0,0,0,0,0,0,0,,,7.533033E-17,0.866021,
171337,,,,,,,,,0,0,0,0,0,0,0,0,0,,,7.533033E-17,0.866021,
171338,,,,,,,,,0,0,0,0,0,0,0,0,0,,,7.533033E-17,0.866021,
171339,,,,,,,,,0,0,0,0,0,0,0,0,0,,,7.533033E-17,0.866021,
171340,,,,,,,,,0,0,0,0,0,0,0,0,0,,,7.533033E-17,0.866021,
171341,,,,,,,,,0,0,0,0,0,0,0,0,0,,,7.533033E-17,0.866021,
171343,,,,,,,,,0,0,0,0,0,0,0,0,0,,,7.533033E-17,0.866021,
171344,,,,,,,,,0,0,0,0,0,0,0,0,0,,,7.533033E-17,0.866021,
171345,,,,,,,,,0,0,0,0,0,0,0,0,0,,,7.533033E-17,0.866021,
171346,,,,,,,,,0,0,0,0,0,0,0,0,0,,,7.533033E-17,0.866021,
171347,,,,,,,,,0,0,0,0,0,0,0,0,0,,,7.533033E-17,0.866021,
171348,,,,,,,,,0,0,0,0,0,0,0,0,0,,,7.533033E-17,0.866021,
171349,,,,,,,,,0,0,0,0,0,0,0,0,0,,,7.533033E-17,0.866021,
171350,,,,,,,,,0,0,0,0,0,0,0,0,0,,,7.533033E-17,0.866021,
171351,,,,,,,,,0,0,0,0,0,0,0,0,0,,,7.533033E-17,0.866021,
171352,,,,,,,,,0,0,0,0,0,0,0,0,0,,,7.533033E-17,0.866021,
171353,,,,,,,,,0,0,0,0,0,0,0,0,0,,,7.533033E-17,0.866021,
171354,,,,,,,,,0,0,0,0,0,0,0,0,0,,,7.533033E-17,0.866021,
171355,,,,,,,,,0,0,0,0,0,0,0,0,0,,,7.533033E-17,0.866021,
171356,,,,,,,,,0,0,0,0,0,0,0,0,0,,,7.533033E-17,0.866021,
171357,,,,,,,,,0,0,0,0,0,0,0,0,0,,,7.533033E-17,0.866021,
171358,,,,,,,,,0,0,0,0,0,0,0,0,0,,,7.533033E-17,0.866021,
171359,,,,,,,,,0,0,0,0,0,0,0,0,0,,,7.533033E-17,0.866021,
171360,,,,,,,,,0,0,0,0,0,0,0,0,0,,,7.533033E-17,0.866021,
171361,1.5777071423,1.5776682088,1.6495079648,1.7914908957,-0.312251048,0.9331768019,1.6647544446,2.0565446049,1,1,1,1,1,1,1,1,8,0.125,1.3673248769,7.533033E-17,0.866021,1.5788580418
171362,0.6671169089,1.5776682088,0.70891858,-0.254180641,-0.312251048,0.9331768019,0.7193713829,0.5293884968,1,1,1,1,1,1,1,1,8,0.125,0.5711510863,7.533033E-17,0.866021,0.6595115038
171363,0.6671169089,1.5776682088,1.6495079648,1.7914908957,1.6690784566,0.9331768019,0.7193713829,1.0384405328,1,1,1,1,1,1,1,1,8,0.125,1.255731394,7.533033E-17,0.866021,1.4500003937
171364,,,,,,,,,0,0,0,0,0,0,0,0,0,,,7.533033E-17,0.866021,
171365,,,,,,,,,0,0,0,0,0,0,0,0,0,,,7.533033E-17,0.866021,
171367,,,,,,,,,0,0,0,0,0,0,0,0,0,,,7.533033E-17,0.866021,
171368,,,,,,,,,0,0,0,0,0,0,0,0,0,,,7.533033E-17,0.866021,
171369,,,,,,,,,0,0,0,0,0,0,0,0,0,,,7.533033E-17,0.866021,
171370,,,,,,,,,0,0,0,0,0,0,0,0,0,,,7.533033E-17,0.866021,
171371,0.6671169089,1.5776682088,1.6495079648,-0.254180641,0.6784137042,0.9331768019,1.6647544446,2.0565446049,1,1,1,1,1,1,1,1,8,0.125,1.1216252497,7.533033E-17,0.866021,1.2951472436
171372,,,,,,,,,0,0,0,0,0,0,0,0,0,,,7.533033E-17,0.866021,
171373,,,,,,,,,0,0,0,0,0,0,0,0,0,,,7.533033E-17,0.866021,
171374,,,,,,,,,0,0,0,0,0,0,0,0,0,,,7.533033E-17,0.866021,
171375,1.5777071423,1.5776682088,1.6495079648,0.7686551275,-1.3029158,0.9331768019,1.6647544446,1.5474925688,1,1,1,1,1,1,1,1,8,0.125,1.0520058073,7.533033E-17,0.866021,1.2147572658
171376,,,,,,,,,0,0,0,0,0,0,0,0,0,,,7.533033E-17,0.866021,
171377,1.5777071423,1.5776682088,1.6495079648,1.7914908957,-1.3029158,1.904548463,1.6647544446,2.0565446049,1,1,1,1,1,1,1,1,8,0.125,1.3649132405,7.533033E-17,0.866021,1.5760733111
171378,,,,,,,,,0,0,0,0,0,0,0,0,0,,,7.533033E-17,0.866021,
171379,,,,,,,,,0,0,0,0,0,0,0,0,0,,,7.533033E-17,0.866021,
171380,0.6671169089,1.5776682088,0.70891858,0.7686551275,0.6784137042,0.9331768019,0.7193713829,1.0384405328,1,1,1,1,1,1,1,1,8,0.125,0.8864701559,7.533033E-17,0.866021,1.0236122798
171381,,,,,,,,,0,0,0,0,0,0,0,0,0,,,7.533033E-17,0.866021,
171382,0.6671169089,0.5707605124,0.70891858,0.7686551275,0.6784137042,0.9331768019,0.7193713829,0.0203364607,1,1,1,1,1,1,1,1,8,0.125,0.6333436848,7.533033E-17,0.866021,0.7313256615
171383,0.6671169089,0.5707605124,0.70891858,-0.254180641,-0.312251048,-0.038194859,0.7193713829,0.5293884968,1,1,1,1,1,1,1,1,8,0.125,0.3238661666,7.533033E-17,0.866021,0.373970159
171384,0.6671169089,0.5707605124,0.70891858,0.7686551275,1.6690784566,0.9331768019,0.2466798521,1.0384405328,1,1,1,1,1,1,1,1,8,0.125,0.8253533465,7.533033E-17,0.866021,0.9530403422
171385,,,,,,,,,0,0,0,0,0,0,0,0,0,,,7.533033E-17,0.866021,
180001,0.6671169089,0.5707605124,0.70891858,0.7686551275,-0.312251048,-0.038194859,-0.226011679,-0.488715575,1,1,1,1,1,1,1,1,8,0.125,0.2062847459,7.533033E-17,0.866021,0.238198204
180002,0.6671169089,0.5707605124,1.6495079648,0.7686551275,0.6784137042,0.9331768019,0.7193713829,-0.488715575,1,1,1,1,1,1,1,1,8,0.125,0.6872858534,7.533033E-17,0.866021,0.7936129994
180004,1.5777071423,0.5707605124,0.70891858,0.7686551275,1.6690784566,0.9331768019,1.6647544446,2.0565446049,1,1,1,1,1,1,1,1,8,0.125,1.2436994588,7.533033E-17,0.866021,1.4361070476
180005,-0.243473324,0.5707605124,0.70891858,0.7686551275,0.6784137042,-1.00956652,-0.226011679,0.0203364607,1,1,1,1,1,1,1,1,8,0.125,0.1585041077,7.533033E-17,0.866021,0.1830256212
180009,0.6671169089,0.5707605124,-0.231670805,-0.254180641,0.6784137042,-0.038194859,0.2466798521,0.5293884968,1,1,1,1,1,1,1,1,8,0.125,0.2710391462,7.533033E-17,0.866021,0.3129704892
180010,-1.154063558,-0.436147184,-2.112849574,-1.277016409,-1.3029158,-1.00956652,-1.17139474,-0.997767611,1,1,1,1,1,1,1,1,8,0.125,-1.182715175,7.533033E-17,0.866021,-1.365688138
180011,-0.243473324,0.5707605124,0.70891858,-0.254180641,-0.312251048,-0.038194859,-0.226011679,0.5293884968,1,1,1,1,1,1,1,1,8,0.125,0.0918695047,7.533033E-17,0.866021,0.1060822551
180012,-0.243473324,0.5707605124,-0.231670805,0.7686551275,-0.312251048,0.9331768019,-0.226011679,-0.488715575,1,1,1,1,1,1,1,1,8,0.125,0.0963087513,7.533033E-17,0.866021,0.1112082791
180013,-0.243473324,-0.436147184,-0.231670805,-0.254180641,-0.312251048,-1.00956652,-0.226011679,-0.488715575,1,1,1,1,1,1,1,1,8,0.125,-0.400252097,7.533033E-17,0.866021,-0.46217344
180016,0.6671169089,0.5707605124,1.6495079648,0.7686551275,1.6690784566,0.9331768019,0.7193713829,0.0203364607,1,1,1,1,1,1,1,1,8,0.125,0.874750452,7.533033E-17,0.866021,1.0100794691
180017,0.6671169089,-0.436147184,0.70891858,-0.254180641,0.6784137042,-0.038194859,-0.226011679,0.5293884968,1,1,1,1,1,1,1,1,8,0.125,0.2036629159,7.533033E-17,0.866021,0.2351707616
180018,0.6671169089,0.5707605124,-0.231670805,0.7686551275,0.6784137042,0.9331768019,-0.226011679,0.0203364607,1,1,1,1,1,1,1,1,8,0.125,0.397597129,7.533033E-17,0.866021,0.459107733
180019,0.6671169089,0.5707605124,0.70891858,-0.254180641,1.6690784566,-0.038194859,-0.69870321,-0.488715575,1,1,1,1,1,1,1,1,8,0.125,0.2670100216,7.533033E-17,0.866021,0.3083180355
180020,-1.154063558,-0.436147184,0.70891858,0.7686551275,-0.312251048,-1.00956652,-0.226011679,1.0384405328,1,1,1,1,1,1,1,1,8,0.125,-0.077753219,7.533033E-17,0.866021,-0.089782097
180024,1.5777071423,1.5776682088,0.70891858,0.7686551275,-0.312251048,0.9331768019,0.7193713829,0.5293884968,1,1,1,1,1,1,1,1,8,0.125,0.8128293365,7.533033E-17,0.866021,0.9385787945
180025,-0.243473324,0.5707605124,0.70891858,0.7686551275,0.6784137042,-0.038194859,-0.226011679,-0.997767611,1,1,1,1,1,1,1,1,8,0.125,0.1526625563,7.533033E-17,0.866021,0.1762803477
180027,0.6671169089,0.5707605124,0.70891858,0.7686551275,-0.312251048,0.9331768019,0.7193713829,0.5293884968,1,1,1,1,1,1,1,1,8,0.125,0.5731420953,7.533033E-17,0.866021,0.6618105335
180029,-0.243473324,0.5707605124,0.70891858,0.7686551275,-0.312251048,-0.038194859,-0.226011679,-0.488715575,1,1,1,1,1,1,1,1,8,0.125,0.0924609668,7.533033E-17,0.866021,0.1067652197
180035,0.6671169089,0.5707605124,-0.231670805,0.7686551275,0.6784137042,0.9331768019,0.7193713829,0.5293884968,1,1,1,1,1,1,1,1,8,0.125,0.5794015162,7.533033E-17,0.866021,0.6690383235
180038,-0.243473324,0.5707605124,-0.231670805,-0.254180641,0.6784137042,-0.038194859,-0.226011679,0.0203364607,1,1,1,1,1,1,1,1,8,0.125,0.0344974212,7.533033E-17,0.866021,0.0398343742
180040,-1.154063558,-1.44305488,-1.17226019,-1.277016409,-0.312251048,-1.00956652,-1.17139474,-0.997767611,1,1,1,1,1,1,1,1,8,0.125,-1.06717187,7.533033E-17,0.866021,-1.232269607
180043,1.5777071423,1.5776682088,1.6495079648,0.7686551275,0.6784137042,1.904548463,1.1920629137,1.5474925688,1,1,1,1,1,1,1,1,8,0.125,1.3620070116,7.533033E-17,0.866021,1.5727174717
180044,-1.154063558,-0.436147184,-0.231670805,-0.254180641,-1.3029158,-1.00956652,-0.69870321,-0.997767611,1,1,1,1,1,1,1,1,8,0.125,-0.760626916,7.533033E-17,0.866021,-0.878300354
180045,0.6671169089,0.5707605124,0.70891858,-0.254180641,-0.312251048,-0.038194859,-0.226011679,0.5293884968,1,1,1,1,1,1,1,1,8,0.125,0.2056932839,7.533033E-17,0.866021,0.2375152394
180046,,,,,,,,,0,0,0,0,0,0,0,0,0,,,7.533033E-17,0.866021,
180048,0.6671169089,0.5707605124,0.70891858,0.7686551275,-1.3029158,-0.038194859,-0.226011679,0.0203364607,1,1,1,1,1,1,1,1,8,0.125,0.1460831564,7.533033E-17,0.866021,0.1686830761
180049,1.5777071423,1.5776682088,1.6495079648,1.7914908957,0.6784137042,0.9331768019,0.7193713829,0.5293884968,1,1,1,1,1,1,1,1,8,0.125,1.1820905747,7.533033E-17,0.866021,1.3649669084
180050,-0.243473324,0.5707605124,0.70891858,1.7914908957,-1.3029158,-1.00956652,-0.69870321,0.0203364607,1,1,1,1,1,1,1,1,8,0.125,-0.020394051,7.533033E-17,0.866021,-0.02354913
180051,-0.243473324,0.5707605124,-0.231670805,-0.254180641,-0.312251048,-0.038194859,-1.17139474,-0.488715575,1,1,1,1,1,1,1,1,8,0.125,-0.27114006,7.533033E-17,0.866021,-0.313087015
180056,-1.154063558,-0.436147184,-1.17226019,-0.254180641,-0.312251048,-1.00956652,-0.69870321,-0.488715575,1,1,1,1,1,1,1,1,8,0.125,-0.690735991,7.533033E-17,0.866021,-0.797596893
180064,0.6671169089,-0.436147184,-0.231670805,-0.254180641,1.6690784566,0.9331768019,0.2466798521,2.0565446049,1,1,1,1,1,1,1,1,8,0.125,0.5813247494,7.533033E-17,0.866021,0.6712590921
180066,,,,,,,,,0,0,0,0,0,0,0,0,0,,,7.533033E-17,0.866021,
180067,0.6671169089,0.5707605124,-0.231670805,0.7686551275,0.6784137042,0.9331768019,0.7193713829,0.0203364607,1,1,1,1,1,1,1,1,8,0.125,0.5157700117,7.533033E-17,0.866021,0.5955626527
180069,-0.243473324,0.5707605124,-0.231670805,0.7686551275,-0.312251048,0.9331768019,-0.69870321,1.0384405328,1,1,1,1,1,1,1,1,8,0.125,0.2281168235,7.533033E-17,0.866021,0.2634078318
18006F,-0.243473324,-0.436147184,-0.231670805,-0.254180641,0.6784137042,0.9331768019,0.7193713829,-0.997767611,1,1,1,1,1,1,1,1,8,0.125,0.0209652905,7.533033E-17,0.866021,0.0242087437
180070,0.6671169089,0.5707605124,-0.231670805,-1.277016409,0.6784137042,-1.00956652,-0.226011679,0.5293884968,1,1,1,1,1,1,1,1,8,0.125,-0.037323224,7.533033E-17,0.866021,-0.043097345
180078,-0.243473324,0.5707605124,0.70891858,0.7686551275,0.6784137042,-0.038194859,0.2466798521,1.0384405328,1,1,1,1,1,1,1,1,8,0.125,0.4662750157,7.533033E-17,0.866021,0.5384104909
180079,1.5777071423,1.5776682088,0.70891858,0.7686551275,-0.312251048,0.9331768019,1.6647544446,2.0565446049,1,1,1,1,1,1,1,1,8,0.125,1.1218967327,7.533033E-17,0.866021,1.2954607266
18007F,0.6671169089,1.5776682088,0.70891858,0.7686551275,0.6784137042,1.904548463,0.7193713829,0.0203364607,1,1,1,1,1,1,1,1,8,0.125,0.8806286045,7.533033E-17,0.866021,1.0168670062
180080,0.6671169089,1.5776682088,-0.231670805,0.7686551275,0.6784137042,0.9331768019,0.7193713829,0.0203364607,1,1,1,1,1,1,1,1,8,0.125,0.6416334738,7.533033E-17,0.866021,0.7408979293
180087,0.6671169089,0.5707605124,-0.231670805,0.7686551275,0.6784137042,-0.038194859,-0.226011679,1.0384405328,1,1,1,1,1,1,1,1,8,0.125,0.4034386804,7.533033E-17,0.866021,0.4658530066
180088,-0.243473324,-0.436147184,-0.231670805,-0.254180641,-0.312251048,-0.038194859,0.2466798521,-0.488715575,1,1,1,1,1,1,1,1,8,0.125,-0.219744198,7.533033E-17,0.866021,-0.253739912
180092,0.6671169089,0.5707605124,-0.231670805,0.7686551275,0.6784137042,0.9331768019,0.7193713829,0.5293884968,1,1,1,1,1,1,1,1,8,0.125,0.5794015162,7.533033E-17,0.866021,0.6690383235
180093,-0.243473324,0.5707605124,-0.231670805,-0.254180641,-0.312251048,-0.038194859,-0.69870321,0.5293884968,1,1,1,1,1,1,1,1,8,0.125,-0.08479061,7.533033E-17,0.866021,-0.097908214
180101,0.6671169089,0.5707605124,-0.231670805,-0.254180641,0.6784137042,0.9331768019,0.7193713829,-0.997767611,1,1,1,1,1,1,1,1,8,0.125,0.2606525317,7.533033E-17,0.866021,0.3009770046
180102,-1.154063558,-1.44305488,-1.17226019,-1.277016409,-1.3029158,-1.00956652,-0.69870321,-1.506819647,1,1,1,1,1,1,1,1,8,0.125,-1.195550027,7.533033E-17,0.866021,-1.380508617
180103,0.6671169089,0.5707605124,0.70891858,0.7686551275,0.6784137042,0.9331768019,1.1920629137,0.0203364607,1,1,1,1,1,1,1,1,8,0.125,0.6924301262,7.533033E-17,0.866021,0.7995531213
180104,0.6671169089,0.5707605124,0.70891858,0.7686551275,-0.312251048,0.9331768019,0.7193713829,0.5293884968,1,1,1,1,1,1,1,1,8,0.125,0.5731420953,7.533033E-17,0.866021,0.6618105335
180105,0.6671169089,1.5776682088,-0.231670805,0.7686551275,-1.3029158,0.9331768019,0.7193713829,1.5474925688,1,1,1,1,1,1,1,1,8,0.125,0.5848617992,7.533033E-17,0.866021,0.6753433443
180115,1.5777071423,0.5707605124,1.6495079648,1.7914908957,0.6784137042,0.9331768019,1.6647544446,2.0565446049,1,1,1,1,1,1,1,1,8,0.125,1.3652945088,7.533033E-17,0.866021,1.576513564
180116,0.6671169089,0.5707605124,0.70891858,-0.254180641,-1.3029158,-0.038194859,-0.226011679,1.0384405328,1,1,1,1,1,1,1,1,8,0.125,0.1454916944,7.533033E-17,0.866021,0.1680001114
180124,-1.154063558,-1.44305488,-1.17226019,-1.277016409,-1.3029158,-1.00956652,-1.17139474,0.5293884968,1,1,1,1,1,1,1,1,8,0.125,-1.00011045,7.533033E-17,0.866021,-1.154833393
180127,-1.154063558,-1.44305488,-2.112849574,-1.277016409,-1.3029158,-1.00956652,-1.17139474,-0.488715575,1,1,1,1,1,1,1,1,8,0.125,-1.244947132,7.533033E-17,0.866021,-1.437547744
180128,1.5777071423,1.5776682088,1.6495079648,0.7686551275,1.6690784566,1.904548463,0.7193713829,2.0565446049,1,1,1,1,1,1,1,1,8,0.125,1.4903851688,7.533033E-17,0.866021,1.7209564815
180130,-0.243473324,0.5707605124,-0.231670805,-0.254180641,0.6784137042,0.9331768019,0.7193713829,-0.488715575,1,1,1,1,1,1,1,1,8,0.125,0.210460257,7.533033E-17,0.866021,0.2430196912
180132,-1.154063558,-0.436147184,-0.231670805,-1.277016409,-1.3029158,-1.00956652,-2.116777802,-1.506819647,1,1,1,1,1,1,1,1,8,0.125,-1.129372216,7.533033E-17,0.866021,-1.304092711
180138,0.6671169089,0.5707605124,-0.231670805,0.7686551275,0.6784137042,0.9331768019,0.7193713829,1.0384405328,1,1,1,1,1,1,1,1,8,0.125,0.6430330207,7.533033E-17,0.866021,0.7425139944
180139,-1.154063558,-0.436147184,-1.17226019,-0.254180641,-1.3029158,-1.00956652,-1.17139474,0.0203364607,1,1,1,1,1,1,1,1,8,0.125,-0.810024022,7.533033E-17,0.866021,-0.935339481
180141,-1.154063558,-1.44305488,-1.17226019,-1.277016409,-0.312251048,-1.00956652,-1.17139474,-0.997767611,1,1,1,1,1,1,1,1,8,0.125,-1.06717187,7.533033E-17,0.866021,-1.232269607
180143,-1.154063558,-0.436147184,-0.231670805,-1.277016409,-1.3029158,-1.00956652,-0.69870321,0.0203364607,1,1,1,1,1,1,1,1,8,0.125,-0.761218378,7.533033E-17,0.866021,-0.878983319
180149,,,,,,,,,0,0,0,0,0,0,0,0,0,,,7.533033E-17,0.866021,
180154,,,,,,,,,0,0,0,0,0,0,0,0,0,,,7.533033E-17,0.866021,
181301,,,,,,,,,0,0,0,0,0,0,0,0,0,,,7.533033E-17,0.866021,
181302,,,,,,,,,0,0,0,0,0,0,0,0,0,,,7.533033E-17,0.866021,
181304,,,,,,,,,0,0,0,0,0,0,0,0,0,,,7.533033E-17,0.866021,
181305,,,,,,,,,0,0,0,0,0,0,0,0,0,,,7.533033E-17,0.866021,
181306,,,,,,,,,0,0,0,0,0,0,0,0,0,,,7.533033E-17,0.866021,
181307,,,,,,,,,0,0,0,0,0,0,0,0,0,,,7.533033E-17,0.866021,
181308,,,,,,,,,0,0,0,0,0,0,0,0,0,,,7.533033E-17,0.866021,
181309,,,,,,,,,0,0,0,0,0,0,0,0,0,,,7.533033E-17,0.866021,
181310,,,,,,,,,0,0,0,0,0,0,0,0,0,,,7.533033E-17,0.866021,
181311,,,,,,,,,0,0,0,0,0,0,0,0,0,,,7.533033E-17,0.866021,
181314,,,,,,,,,0,0,0,0,0,0,0,0,0,,,7.533033E-17,0.866021,
181315,1.5777071423,0.5707605124,1.6495079648,0.7686551275,0.6784137042,0.9331768019,1.6647544446,0.0203364607,1,1,1,1,1,1,1,1,8,0.125,0.9829140198,7.533033E-17,0.866021,1.1349765742
181316,,,,,,,,,0,0,0,0,0,0,0,0,0,,,7.533033E-17,0.866021,
181317,,,,,,,,,0,0,0,0,0,0,0,0,0,,,7.533033E-17,0.866021,
181318,,,,,,,,,0,0,0,0,0,0,0,0,0,,,7.533033E-17,0.866021,
181319,,,,,,,,,0,0,0,0,0,0,0,0,0,,,7.533033E-17,0.866021,
181320,,,,,,,,,0,0,0,0,0,0,0,0,0,,,7.533033E-17,0.866021,
181321,,,,,,,,,0,0,0,0,0,0,0,0,0,,,7.533033E-17,0.866021,
181322,,,,,,,,,0,0,0,0,0,0,0,0,0,,,7.533033E-17,0.866021,
181323,,,,,,,,,0,0,0,0,0,0,0,0,0,,,7.533033E-17,0.866021,
181324,,,,,,,,,0,0,0,0,0,0,0,0,0,,,7.533033E-17,0.866021,
181325,,,,,,,,,0,0,0,0,0,0,0,0,0,,,7.533033E-17,0.866021,
181327,,,,,,,,,0,0,0,0,0,0,0,0,0,,,7.533033E-17,0.866021,
181328,,,,,,,,,0,0,0,0,0,0,0,0,0,,,7.533033E-17,0.866021,
181329,,,,,,,,,0,0,0,0,0,0,0,0,0,,,7.533033E-17,0.866021,
181330,,,,,,,,,0,0,0,0,0,0,0,0,0,,,7.533033E-17,0.866021,
181331,,,,,,,,,0,0,0,0,0,0,0,0,0,,,7.533033E-17,0.866021,
181332,1.5777071423,1.5776682088,1.6495079648,0.7686551275,0.6784137042,1.904548463,1.1920629137,2.0565446049,1,1,1,1,1,1,1,1,8,0.125,1.4256385162,7.533033E-17,0.866021,1.6461931426
190002,0.6671169089,0.5707605124,-0.231670805,0.7686551275,0.6784137042,0.9331768019,0.7193713829,0.5293884968,1,1,1,1,1,1,1,1,8,0.125,0.5794015162,7.533033E-17,0.866021,0.6690383235
190004,1.5777071423,0.5707605124,0.70891858,0.7686551275,0.6784137042,0.9331768019,1.1920629137,0.5293884968,1,1,1,1,1,1,1,1,8,0.125,0.8698854098,7.533033E-17,0.866021,1.0044617764
190005,-0.243473324,0.5707605124,-0.231670805,0.7686551275,-0.312251048,-0.038194859,0.7193713829,0.5293884968,1,1,1,1,1,1,1,1,8,0.125,0.2203231854,7.533033E-17,0.866021,0.2544084723
190006,0.6671169089,0.5707605124,0.70891858,0.7686551275,0.6784137042,0.9331768019,0.7193713829,0.5293884968,1,1,1,1,1,1,1,1,8,0.125,0.6969751893,7.533033E-17,0.866021,0.8048013323
190007,1.5777071423,0.5707605124,0.70891858,0.7686551275,0.6784137042,0.9331768019,0.2466798521,0.0203364607,1,1,1,1,1,1,1,1,8,0.125,0.6880810226,7.533033E-17,0.866021,0.794531186
190008,0.6671169089,1.5776682088,-0.231670805,0.7686551275,0.6784137042,0.9331768019,0.2466798521,1.0384405328,1,1,1,1,1,1,1,1,8,0.125,0.7098100414,7.533033E-17,0.866021,0.8196218112
190011,-0.243473324,0.5707605124,-0.231670805,0.7686551275,-1.3029158,-0.038194859,0.2466798521,0.5293884968,1,1,1,1,1,1,1,1,8,0.125,0.03740365,7.533033E-17,0.866021,0.0431902137
190013,-0.243473324,0.5707605124,0.70891858,0.7686551275,-1.3029158,0.9331768019,0.2466798521,1.0384405328,1,1,1,1,1,1,1,1,8,0.125,0.3400302852,7.533033E-17,0.866021,0.3926349614
190014,0.6671169089,1.5776682088,-0.231670805,0.7686551275,-0.312251048,0.9331768019,-0.69870321,0.0203364607,1,1,1,1,1,1,1,1,8,0.125,0.3405410557,7.533033E-17,0.866021,0.393224751
190015,-0.243473324,-0.436147184,-0.231670805,-0.254180641,-0.312251048,-1.00956652,-0.226011679,0.5293884968,1,1,1,1,1,1,1,1,8,0.125,-0.272989088,7.533033E-17,0.866021,-0.315222098
190017,0.6671169089,0.5707605124,0.70891858,0.7686551275,0.6784137042,0.9331768019,-0.226011679,0.5293884968,1,1,1,1,1,1,1,1,8,0.125,0.5788023066,7.533033E-17,0.866021,0.6683464127
190019,-0.243473324,0.5707605124,-0.231670805,-0.254180641,0.6784137042,0.9331768019,0.2466798521,0.0203364607,1,1,1,1,1,1,1,1,8,0.125,0.2150053202,7.533033E-17,0.866021,0.2482679022
190020,0.6671169089,0.5707605124,-0.231670805,0.7686551275,0.6784137042,-0.038194859,-0.226011679,1.0384405328,1,1,1,1,1,1,1,1,8,0.125,0.4034386804,7.533033E-17,0.866021,0.4658530066
190025,,,,,,,,,0,0,0,0,0,0,0,0,0,,,7.533033E-17,0.866021,
190026,-1.154063558,-0.436147184,-2.112849574,-1.277016409,-1.3029158,-1.00956652,-0.226011679,-0.488715575,1,1,1,1,1,1,1,1,8,0.125,-1.000910787,7.533033E-17,0.866021,-1.155757547
190027,-0.243473324,0.5707605124,-0.231670805,-0.254180641,0.6784137042,-0.038194859,-0.226011679,0.0203364607,1,1,1,1,1,1,1,1,8,0.125,0.0344974212,7.533033E-17,0.866021,0.0398343742
190034,0.6671169089,0.5707605124,1.6495079648,1.7914908957,-0.312251048,1.904548463,0.7193713829,1.5474925688,1,1,1,1,1,1,1,1,8,0.125,1.0672547061,7.533033E-17,0.866021,1.2323652585
190036,-0.243473324,0.5707605124,-0.231670805,-0.254180641,0.6784137042,0.9331768019,0.7193713829,0.5293884968,1,1,1,1,1,1,1,1,8,0.125,0.337723266,7.533033E-17,0.866021,0.3899710329
190039,-0.243473324,0.5707605124,-0.231670805,-0.254180641,-0.312251048,-0.038194859,0.2466798521,0.0203364607,1,1,1,1,1,1,1,1,8,0.125,-0.030249232,7.533033E-17,0.866021,-0.034928965
190040,-0.243473324,-0.436147184,-0.231670805,-1.277016409,-1.3029158,-1.00956652,-0.69870321,-0.997767611,1,1,1,1,1,1,1,1,8,0.125,-0.774657608,7.533033E-17,0.866021,-0.894501676
190041,-0.243473324,0.5707605124,-0.231670805,0.7686551275,-0.312251048,-0.038194859,0.2466798521,0.5293884968,1,1,1,1,1,1,1,1,8,0.125,0.161236744,7.533033E-17,0.866021,0.1861810125
190044,-0.243473324,1.5776682088,-1.17226019,-0.254180641,0.6784137042,0.9331768019,0.2466798521,2.0565446049,1,1,1,1,1,1,1,1,8,0.125,0.4778211271,7.533033E-17,0.866021,0.5517428534
190045,0.6671169089,0.5707605124,0.70891858,0.7686551275,0.6784137042,0.9331768019,1.1920629137,0.5293884968,1,1,1,1,1,1,1,1,8,0.125,0.7560616307,7.533033E-17,0.866021,0.8730287921
190046,0.6671169089,0.5707605124,-0.231670805,0.7686551275,0.6784137042,-0.038194859,0.7193713829,0.5293884968,1,1,1,1,1,1,1,1,8,0.125,0.4579800586,7.533033E-17,0.866021,0.5288322554
190050,0.6671169089,1.5776682088,-0.231670805,0.7686551275,-1.3029158,-0.038194859,0.2466798521,0.0203364607,1,1,1,1,1,1,1,1,8,0.125,0.2134593867,7.533033E-17,0.866021,0.2464828037
190053,0.6671169089,0.5707605124,0.70891858,0.7686551275,0.6784137042,0.9331768019,-0.69870321,0.5293884968,1,1,1,1,1,1,1,1,8,0.125,0.5197158653,7.533033E-17,0.866021,0.6001189529
190054,-0.243473324,0.5707605124,-0.231670805,-0.254180641,-0.312251048,0.9331768019,-0.69870321,0.0203364607,1,1,1,1,1,1,1,1,8,0.125,-0.027000657,7.533033E-17,0.866021,-0.031177816
190060,0.6671169089,0.5707605124,-0.231670805,-0.254180641,-0.312251048,0.9331768019,0.7193713829,0.5293884968,1,1,1,1,1,1,1,1,8,0.125,0.3277139512,7.533033E-17,0.866021,0.3784132184
190064,-0.243473324,0.5707605124,-1.17226019,-0.254180641,-0.312251048,0.9331768019,-0.226011679,0.0203364607,1,1,1,1,1,1,1,1,8,0.125,-0.085487888,7.533033E-17,0.866021,-0.098713365
190065,-0.243473324,0.5707605124,-1.17226019,-0.254180641,-0.312251048,-0.038194859,0.2466798521,0.0203364607,1,1,1,1,1,1,1,1,8,0.125,-0.147822905,7.533033E-17,0.866021,-0.170691974
190079,,,,,,,,,0,0,0,0,0,0,0,0,0,,,7.533033E-17,0.866021,
190086,-1.154063558,-0.436147184,-2.112849574,-1.277016409,-2.293580553,-1.980938182,-2.116777802,-0.997767611,1,1,1,1,1,1,1,1,8,0.125,-1.546142609,7.533033E-17,0.866021,-1.785339924
190088,,,,,,,,,0,0,0,0,0,0,0,0,0,,,7.533033E-17,0.866021,
190090,,,,,,,,,0,0,0,0,0,0,0,0,0,,,7.533033E-17,0.866021,
190098,-1.154063558,0.5707605124,-1.17226019,-0.254180641,-0.312251048,-1.00956652,-0.69870321,-0.488715575,1,1,1,1,1,1,1,1,8,0.125,-0.564872529,7.533033E-17,0.866021,-0.652261616
190099,,,,,,,,,0,0,0,0,0,0,0,0,0,,,7.533033E-17,0.866021,
190102,0.6671169089,0.5707605124,-0.231670805,0.7686551275,-0.312251048,0.9331768019,0.7193713829,0.5293884968,1,1,1,1,1,1,1,1,8,0.125,0.4555684222,7.533033E-17,0.866021,0.5260475247
190106,,,,,,,,,0,0,0,0,0,0,0,0,0,,,7.533033E-17,0.866021,
190111,-0.243473324,0.5707605124,-0.231670805,0.7686551275,-0.312251048,-0.038194859,0.7193713829,0.5293884968,1,1,1,1,1,1,1,1,8,0.125,0.2203231854,7.533033E-17,0.866021,0.2544084723
190114,1.5777071423,1.5776682088,1.6495079648,1.7914908957,-0.312251048,0.9331768019,0.7193713829,1.0384405328,1,1,1,1,1,1,1,1,8,0.125,1.1218889851,7.533033E-17,0.866021,1.2954517805
190116,,,,,,,,,0,0,0,0,0,0,0,0,0,,,7.533033E-17,0.866021,
190118,,,,,,,,,0,0,0,0,0,0,0,0,0,,,7.533033E-17,0.866021,
190125,0.6671169089,0.5707605124,-0.231670805,0.7686551275,-0.312251048,0.9331768019,0.7193713829,0.5293884968,1,1,1,1,1,1,1,1,8,0.125,0.4555684222,7.533033E-17,0.866021,0.5260475247
190128,0.6671169089,0.5707605124,-0.231670805,-0.254180641,0.6784137042,0.9331768019,1.6647544446,0.5293884968,1,1,1,1,1,1,1,1,8,0.125,0.5697199279,7.533033E-17,0.866021,0.6578589368
190133,,,,,,,,,0,0,0,0,0,0,0,0,0,,,7.533033E-17,0.866021,
190140,1.5777071423,0.5707605124,1.6495079648,1.7914908957,-1.3029158,0.9331768019,0.7193713829,1.5474925688,1,1,1,1,1,1,1,1,8,0.125,0.9358239335,7.533033E-17,0.866021,1.0806013759
190144,-0.243473324,-1.44305488,-1.17226019,-1.277016409,-2.293580553,-1.00956652,-1.17139474,-0.488715575,1,1,1,1,1,1,1,1,8,0.125,-1.137382774,7.533033E-17,0.866021,-1.313342549
190145,,,,,,,,,0,0,0,0,0,0,0,0,0,,,7.533033E-17,0.866021,
190151,,,,,,,,,0,0,0,0,0,0,0,0,0,,,7.533033E-17,0.866021,
190160,-0.243473324,0.5707605124,-0.231670805,-0.254180641,-1.3029158,-1.00956652,-1.17139474,-0.488715575,1,1,1,1,1,1,1,1,8,0.125,-0.516394612,7.533033E-17,0.866021,-0.596283882
190164,0.6671169089,0.5707605124,0.70891858,0.7686551275,0.6784137042,0.9331768019,-0.69870321,1.0384405328,1,1,1,1,1,1,1,1,8,0.125,0.5833473698,7.533033E-17,0.866021,0.6735946237
190167,0.6671169089,1.5776682088,0.70891858,1.7914908957,0.6784137042,0.9331768019,0.7193713829,1.0384405328,1,1,1,1,1,1,1,1,8,0.125,1.0143246269,7.533033E-17,0.866021,1.1712465862
190176,-0.243473324,0.5707605124,-0.231670805,-0.254180641,-0.312251048,-0.038194859,0.2466798521,-0.488715575,1,1,1,1,1,1,1,1,8,0.125,-0.093880736,7.533033E-17,0.866021,-0.108404636
190183,0.6671169089,0.5707605124,0.70891858,0.7686551275,1.6690784566,1.904548463,0.7193713829,0.0203364607,1,1,1,1,1,1,1,1,8,0.125,0.8785982365,7.533033E-17,0.866021,1.0145225284
190184,1.5777071423,1.5776682088,1.6495079648,1.7914908957,1.6690784566,1.904548463,1.6647544446,2.0565446049,1,1,1,1,1,1,1,1,8,0.125,1.7364125226,7.533033E-17,0.866021,2.0050457075
190190,,,,,,,,,0,0,0,0,0,0,0,0,0,,,7.533033E-17,0.866021,
190201,0.6671169089,1.5776682088,0.70891858,0.7686551275,0.6784137042,-0.038194859,0.7193713829,0.5293884968,1,1,1,1,1,1,1,1,8,0.125,0.7014171937,7.533033E-17,0.866021,0.8099305408
190202,-0.243473324,-0.436147184,-1.17226019,-0.254180641,0.6784137042,0.9331768019,-0.69870321,-0.488715575,1,1,1,1,1,1,1,1,8,0.125,-0.210236202,7.533033E-17,0.866021,-0.242760974
190208,,,,,,,,,0,0,0,0,0,0,0,0,0,,,7.533033E-17,0.866021,
190218,,,,,,,,,0,0,0,0,0,0,0,0,0,,,7.533033E-17,0.866021,
190241,,,,,,,,,0,0,0,0,0,0,0,0,0,,,7.533033E-17,0.866021,
190245,,,,,,,,,0,0,0,0,0,0,0,0,0,,,7.533033E-17,0.866021,
190251,1.5777071423,1.5776682088,1.6495079648,1.7914908957,1.6690784566,0.9331768019,1.6647544446,1.0384405328,1,1,1,1,1,1,1,1,8,0.125,1.4877280559,7.533033E-17,0.866021,1.7178882977
190255,,,,,,,,,0,0,0,0,0,0,0,0,0,,,7.533033E-17,0.866021,
190256,,,,,,,,,0,0,0,0,0,0,0,0,0,,,7.533033E-17,0.866021,
190259,1.5777071423,1.5776682088,1.6495079648,1.7914908957,1.6690784566,1.904548463,1.6647544446,2.0565446049,1,1,1,1,1,1,1,1,8,0.125,1.7364125226,7.533033E-17,0.866021,2.0050457075
190266,1.5777071423,0.5707605124,1.6495079648,1.7914908957,0.6784137042,1.904548463,1.6647544446,2.0565446049,1,1,1,1,1,1,1,1,8,0.125,1.4867159665,7.533033E-17,0.866021,1.7167196321
190267,1.5777071423,1.5776682088,1.6495079648,1.7914908957,1.6690784566,1.904548463,1.6647544446,2.0565446049,1,1,1,1,1,1,1,1,8,0.125,1.7364125226,7.533033E-17,0.866021,2.0050457075
190270,1.5777071423,1.5776682088,1.6495079648,1.7914908957,1.6690784566,1.904548463,1.6647544446,2.0565446049,1,1,1,1,1,1,1,1,8,0.125,1.7364125226,7.533033E-17,0.866021,2.0050457075
190274,-0.243473324,0.5707605124,-1.17226019,-0.254180641,0.6784137042,-0.038194859,-0.226011679,0.0203364607,1,1,1,1,1,1,1,1,8,0.125,-0.083076252,7.533033E-17,0.866021,-0.095928635
190278,1.5777071423,1.5776682088,1.6495079648,0.7686551275,0.6784137042,1.904548463,1.6647544446,0.5293884968,1,1,1,1,1,1,1,1,8,0.125,1.293830444,7.533033E-17,0.866021,1.4939935898
190298,1.5777071423,1.5776682088,1.6495079648,1.7914908957,1.6690784566,1.904548463,1.6647544446,2.0565446049,1,1,1,1,1,1,1,1,8,0.125,1.7364125226,7.533033E-17,0.866021,2.0050457075
190303,1.5777071423,0.5707605124,1.6495079648,1.7914908957,1.6690784566,1.904548463,1.6647544446,1.5474925688,1,1,1,1,1,1,1,1,8,0.125,1.546917556,7.533033E-17,0.866021,1.7862347601
190308,1.5777071423,1.5776682088,0.70891858,0.7686551275,0.6784137042,0.9331768019,0.7193713829,0.5293884968,1,1,1,1,1,1,1,1,8,0.125,0.9366624305,7.533033E-17,0.866021,1.0815695933
190312,1.5777071423,1.5776682088,1.6495079648,1.7914908957,0.6784137042,0.9331768019,0.7193713829,1.5474925688,1,1,1,1,1,1,1,1,8,0.125,1.3093535837,7.533033E-17,0.866021,1.5119182501
190313,-0.243473324,0.5707605124,1.6495079648,1.7914908957,0.6784137042,0.9331768019,0.7193713829,0.5293884968,1,1,1,1,1,1,1,1,8,0.125,0.8285795543,7.533033E-17,0.866021,0.9567656631
190316,,,,,,,,,0,0,0,0,0,0,0,0,0,,,7.533033E-17,0.866021,
190317,-1.154063558,0.5707605124,-1.17226019,-0.254180641,-0.312251048,0.9331768019,-0.69870321,-0.997767611,1,1,1,1,1,1,1,1,8,0.125,-0.385661118,7.533033E-17,0.866021,-0.445325151
190318,-1.154063558,0.5707605124,-0.231670805,-0.254180641,-1.3029158,-0.038194859,-0.69870321,0.5293884968,1,1,1,1,1,1,1,1,8,0.125,-0.322447483,7.533033E-17,0.866021,-0.372331997
19043F,,,,,,,,,0,0,0,0,0,0,0,0,0,,,7.533033E-17,0.866021,
19047F,1.5777071423,1.5776682088,0.70891858,1.7914908957,-0.312251048,1.904548463,1.6647544446,1.5474925688,1,1,1,1,1,1,1,1,8,0.125,1.3075411569,7.533033E-17,0.866021,1.5098254303
19048F,-1.154063558,-0.436147184,-0.231670805,-0.254180641,-1.3029158,-0.038194859,-1.17139474,-0.488715575,1,1,1,1,1,1,1,1,8,0.125,-0.634660395,7.533033E-17,0.866021,-0.732846075
191300,,,,,,,,,0,0,0,0,0,0,0,0,0,,,7.533033E-17,0.866021,
191301,,,,,,,,,0,0,0,0,0,0,0,0,0,,,7.533033E-17,0.866021,
191302,,,,,,,,,0,0,0,0,0,0,0,0,0,,,7.533033E-17,0.866021,
191304,,,,,,,,,0,0,0,0,0,0,0,0,0,,,7.533033E-17,0.866021,
191305,,,,,,,,,0,0,0,0,0,0,0,0,0,,,7.533033E-17,0.866021,
191306,,,,,,,,,0,0,0,0,0,0,0,0,0,,,7.533033E-17,0.866021,
191307,,,,,,,,,0,0,0,0,0,0,0,0,0,,,7.533033E-17,0.866021,
191309,,,,,,,,,0,0,0,0,0,0,0,0,0,,,7.533033E-17,0.866021,
191310,,,,,,,,,0,0,0,0,0,0,0,0,0,,,7.533033E-17,0.866021,
191311,,,,,,,,,0,0,0,0,0,0,0,0,0,,,7.533033E-17,0.866021,
191312,,,,,,,,,0,0,0,0,0,0,0,0,0,,,7.533033E-17,0.866021,
191313,,,,,,,,,0,0,0,0,0,0,0,0,0,,,7.533033E-17,0.866021,
191315,,,,,,,,,0,0,0,0,0,0,0,0,0,,,7.533033E-17,0.866021,
191316,,,,,,,,,0,0,0,0,0,0,0,0,0,,,7.533033E-17,0.866021,
191317,,,,,,,,,0,0,0,0,0,0,0,0,0,,,7.533033E-17,0.866021,
191318,,,,,,,,,0,0,0,0,0,0,0,0,0,,,7.533033E-17,0.866021,
191320,,,,,,,,,0,0,0,0,0,0,0,0,0,,,7.533033E-17,0.866021,
191321,,,,,,,,,0,0,0,0,0,0,0,0,0,,,7.533033E-17,0.866021,
191322,,,,,,,,,0,0,0,0,0,0,0,0,0,,,7.533033E-17,0.866021,
191323,,,,,,,,,0,0,0,0,0,0,0,0,0,,,7.533033E-17,0.866021,
191324,1.5777071423,0.5707605124,0.70891858,0.7686551275,1.6690784566,1.904548463,0.7193713829,1.0384405328,1,1,1,1,1,1,1,1,8,0.125,1.1196850247,7.533033E-17,0.866021,1.2929068544
191325,,,,,,,,,0,0,0,0,0,0,0,0,0,,,7.533033E-17,0.866021,
191326,,,,,,,,,0,0,0,0,0,0,0,0,0,,,7.533033E-17,0.866021,
200001,0.6671169089,-0.436147184,0.70891858,0.7686551275,0.6784137042,0.9331768019,1.1920629137,0.0203364607,1,1,1,1,1,1,1,1,8,0.125,0.5665666641,7.533033E-17,0.866021,0.6542178446
200008,0.6671169089,0.5707605124,-0.231670805,0.7686551275,0.6784137042,0.9331768019,1.1920629137,0.0203364607,1,1,1,1,1,1,1,1,8,0.125,0.5748564531,7.533033E-17,0.866021,0.6637901125
200009,0.6671169089,0.5707605124,-0.231670805,0.7686551275,-0.312251048,0.9331768019,0.2466798521,-1.506819647,1,1,1,1,1,1,1,1,8,0.125,0.1419559628,7.533033E-17,0.866021,0.1639173815
200018,0.6671169089,-0.436147184,-0.231670805,0.7686551275,0.6784137042,-1.00956652,-0.69870321,-0.488715575,1,1,1,1,1,1,1,1,8,0.125,-0.093827194,7.533033E-17,0.866021,-0.108342811
200019,-0.243473324,-0.436147184,-1.17226019,-1.277016409,-1.3029158,-1.00956652,-1.17139474,-2.015871683,1,1,1,1,1,1,1,1,8,0.125,-1.078580731,7.533033E-17,0.866021,-1.245443486
200020,1.5777071423,1.5776682088,0.70891858,1.7914908957,0.6784137042,0.9331768019,1.1920629137,1.0384405328,1,1,1,1,1,1,1,1,8,0.125,1.1872348474,7.533033E-17,0.866021,1.3709070303
200021,0.6671169089,0.5707605124,-0.231670805,0.7686551275,-0.312251048,-0.038194859,0.2466798521,-0.997767611,1,1,1,1,1,1,1,1,8,0.125,0.0841660097,7.533033E-17,0.866021,0.0971869842
200024,-0.243473324,0.5707605124,-1.17226019,-0.254180641,-0.312251048,-0.038194859,-0.69870321,-1.506819647,1,1,1,1,1,1,1,1,8,0.125,-0.456890301,7.533033E-17,0.866021,-0.527573906
200031,-0.243473324,1.5776682088,0.70891858,0.7686551275,0.6784137042,-0.038194859,0.2466798521,0.0203364607,1,1,1,1,1,1,1,1,8,0.125,0.4648754687,7.533033E-17,0.866021,0.5367944258
200033,-1.154063558,0.5707605124,-0.231670805,-0.254180641,-0.312251048,-1.00956652,-0.69870321,-1.506819647,1,1,1,1,1,1,1,1,8,0.125,-0.574561865,7.533033E-17,0.866021,-0.663449949
200034,0.6671169089,0.5707605124,0.70891858,0.7686551275,0.6784137042,-0.038194859,0.7193713829,-0.488715575,1,1,1,1,1,1,1,1,8,0.125,0.4482907227,7.533033E-17,0.866021,0.5176439225
200039,0.6671169089,0.5707605124,0.70891858,0.7686551275,0.6784137042,0.9331768019,0.7193713829,0.5293884968,1,1,1,1,1,1,1,1,8,0.125,0.6969751893,7.533033E-17,0.866021,0.8048013323
20003F,1.5777071423,1.5776682088,1.6495079648,1.7914908957,0.6784137042,1.904548463,1.6647544446,1.5474925688,1,1,1,1,1,1,1,1,8,0.125,1.548947924,7.533033E-17,0.866021,1.7885792379
200041,-0.243473324,-0.436147184,-0.231670805,-0.254180641,0.6784137042,-0.038194859,-0.226011679,-0.488715575,1,1,1,1,1,1,1,1,8,0.125,-0.154997545,7.533033E-17,0.866021,-0.178976573
200050,-1.154063558,-0.436147184,-0.231670805,-1.277016409,-0.312251048,-1.00956652,-1.17139474,-1.506819647,1,1,1,1,1,1,1,1,8,0.125,-0.887366239,7.533033E-17,0.866021,-1.024646992
200052,1.5777071423,1.5776682088,1.6495079648,0.7686551275,0.6784137042,0.9331768019,1.6647544446,0.5293884968,1,1,1,1,1,1,1,1,8,0.125,1.1724089863,7.533033E-17,0.866021,1.3537875217
200063,0.6671169089,1.5776682088,0.70891858,0.7686551275,0.6784137042,-0.038194859,0.7193713829,-0.488715575,1,1,1,1,1,1,1,1,8,0.125,0.5741541847,7.533033E-17,0.866021,0.6629791991
201300,,,,,,,,,0,0,0,0,0,0,0,0,0,,,7.533033E-17,0.866021,
201301,,,,,,,,,0,0,0,0,0,0,0,0,0,,,7.533033E-17,0.866021,
201302,1.5777071423,1.5776682088,1.6495079648,0.7686551275,0.6784137042,0.9331768019,1.1920629137,1.0384405328,1,1,1,1,1,1,1,1,8,0.125,1.1769540495,7.533033E-17,0.866021,1.3590357327
201303,,,,,,,,,0,0,0,0,0,0,0,0,0,,,7.533033E-17,0.866021,
201304,1.5777071423,1.5776682088,1.6495079648,0.7686551275,0.6784137042,1.904548463,1.1920629137,0.0203364607,1,1,1,1,1,1,1,1,8,0.125,1.1711124981,7.533033E-17,0.866021,1.3522904591
201305,,,,,,,,,0,0,0,0,0,0,0,0,0,,,7.533033E-17,0.866021,
201306,,,,,,,,,0,0,0,0,0,0,0,0,0,,,7.533033E-17,0.866021,
201307,1.5777071423,0.5707605124,1.6495079648,1.7914908957,1.6690784566,0.9331768019,1.6647544446,2.0565446049,1,1,1,1,1,1,1,1,8,0.125,1.4891276029,7.533033E-17,0.866021,1.7195043628
201308,,,,,,,,,0,0,0,0,0,0,0,0,0,,,7.533033E-17,0.866021,
201309,0.6671169089,0.5707605124,1.6495079648,0.7686551275,0.6784137042,-0.038194859,0.2466798521,0.5293884968,1,1,1,1,1,1,1,1,8,0.125,0.6340409634,7.533033E-17,0.866021,0.7321308131
201310,0.6671169089,0.5707605124,0.70891858,0.7686551275,0.6784137042,0.9331768019,0.7193713829,0.0203364607,1,1,1,1,1,1,1,1,8,0.125,0.6333436848,7.533033E-17,0.866021,0.7313256615
201311,,,,,,,,,0,0,0,0,0,0,0,0,0,,,7.533033E-17,0.866021,
201312,0.6671169089,1.5776682088,-0.231670805,0.7686551275,0.6784137042,-0.038194859,0.7193713829,0.5293884968,1,1,1,1,1,1,1,1,8,0.125,0.5838435206,7.533033E-17,0.866021,0.674167532
201313,0.6671169089,-1.44305488,-0.231670805,0.7686551275,-1.3029158,-1.00956652,-0.226011679,-0.488715575,1,1,1,1,1,1,1,1,8,0.125,-0.408270403,7.533033E-17,0.866021,-0.471432225
201314,1.5777071423,1.5776682088,1.6495079648,1.7914908957,1.6690784566,0.9331768019,1.6647544446,1.0384405328,1,1,1,1,1,1,1,1,8,0.125,1.4877280559,7.533033E-17,0.866021,1.7178882977
201315,1.5777071423,1.5776682088,1.6495079648,1.7914908957,1.6690784566,1.904548463,1.1920629137,1.5474925688,1,1,1,1,1,1,1,1,8,0.125,1.6136945767,7.533033E-17,0.866021,1.8633425769
210001,-0.243473324,-1.44305488,-0.231670805,-0.254180641,0.6784137042,-0.038194859,0.2466798521,-0.997767611,1,1,1,1,1,1,1,1,8,0.125,-0.285406071,7.533033E-17,0.866021,-0.329560061
210002,-0.243473324,0.5707605124,-0.231670805,-0.254180641,0.6784137042,0.9331768019,0.2466798521,-0.997767611,1,1,1,1,1,1,1,1,8,0.125,0.0877423112,7.533033E-17,0.866021,0.1013165605
210003,-2.064653791,-1.44305488,-2.112849574,-1.277016409,-1.3029158,-1.980938182,-1.644086271,-0.488715575,1,1,1,1,1,1,1,1,8,0.125,-1.53927881,7.533033E-17,0.866021,-1.777414256
210004,-1.154063558,-1.44305488,-2.112849574,-1.277016409,-1.3029158,-1.980938182,-0.226011679,-0.488715575,1,1,1,1,1,1,1,1,8,0.125,-1.248195707,7.533033E-17,0.866021,-1.441298892
210005,-0.243473324,-0.436147184,-1.17226019,-0.254180641,-0.312251048,-1.00956652,-0.69870321,-0.488715575,1,1,1,1,1,1,1,1,8,0.125,-0.576912212,7.533033E-17,0.866021,-0.666163909
210008,-0.243473324,-0.436147184,-0.231670805,0.7686551275,0.6784137042,0.9331768019,1.1920629137,0.0203364607,1,1,1,1,1,1,1,1,8,0.125,0.3351692119,7.533033E-17,0.866021,0.3870218515
210009,0.6671169089,0.5707605124,-0.231670805,0.7686551275,0.6784137042,0.9331768019,1.1920629137,0.5293884968,1,1,1,1,1,1,1,1,8,0.125,0.6384879576,7.533033E-17,0.866021,0.7372657833
210011,-0.243473324,-0.436147184,-0.231670805,-0.254180641,-0.312251048,-1.00956652,-0.226011679,-0.488715575,1,1,1,1,1,1,1,1,8,0.125,-0.400252097,7.533033E-17,0.866021,-0.46217344
210012,-1.154063558,-0.436147184,-1.17226019,-1.277016409,-0.312251048,-1.00956652,-1.17139474,-0.997767611,1,1,1,1,1,1,1,1,8,0.125,-0.941308408,7.533033E-17,0.866021,-1.08693433
210015,-1.154063558,-0.436147184,-1.17226019,-0.254180641,-0.312251048,-1.00956652,-1.17139474,-0.997767611,1,1,1,1,1,1,1,1,8,0.125,-0.813453937,7.533033E-17,0.866021,-0.939300024
210016,-1.154063558,-1.44305488,-0.231670805,-0.254180641,-0.312251048,-0.038194859,-0.226011679,1.0384405328,1,1,1,1,1,1,1,1,8,0.125,-0.327623367,7.533033E-17,0.866021,-0.37830862
210017,1.5777071423,1.5776682088,1.6495079648,0.7686551275,1.6690784566,-0.038194859,0.7193713829,1.5474925688,1,1,1,1,1,1,1,1,8,0.125,1.183910749,7.533033E-17,0.866021,1.3670686744
210018,-2.064653791,-0.436147184,-2.112849574,-1.277016409,-1.3029158,-1.00956652,-1.17139474,-0.488715575,1,1,1,1,1,1,1,1,8,0.125,-1.232907449,7.533033E-17,0.866021,-1.423645451
210019,-0.243473324,-0.436147184,-0.231670805,-0.254180641,-0.312251048,-0.038194859,-0.226011679,-0.997767611,1,1,1,1,1,1,1,1,8,0.125,-0.342462144,7.533033E-17,0.866021,-0.395443043
210022,-0.243473324,0.5707605124,-0.231670805,-0.254180641,-0.312251048,0.9331768019,0.7193713829,0.5293884968,1,1,1,1,1,1,1,1,8,0.125,0.213890172,7.533033E-17,0.866021,0.2469802341
210023,-0.243473324,-0.436147184,-0.231670805,-1.277016409,-0.312251048,-1.00956652,0.2466798521,0.0203364607,1,1,1,1,1,1,1,1,8,0.125,-0.405388622,7.533033E-17,0.866021,-0.468104616
210024,-0.243473324,0.5707605124,-1.17226019,-0.254180641,0.6784137042,-0.038194859,-0.226011679,-0.488715575,1,1,1,1,1,1,1,1,8,0.125,-0.146707756,7.533033E-17,0.866021,-0.169404305
210027,-0.243473324,-1.44305488,-0.231670805,-0.254180641,0.6784137042,-1.00956652,-1.17139474,0.5293884968,1,1,1,1,1,1,1,1,8,0.125,-0.393192339,7.533033E-17,0.866021,-0.454021496
210028,-0.243473324,-0.436147184,-1.17226019,-0.254180641,0.6784137042,-0.038194859,-1.17139474,-0.488715575,1,1,1,1,1,1,1,1,8,0.125,-0.390744101,7.533033E-17,0.866021,-0.451194502
210029,-1.154063558,-0.436147184,-1.17226019,-0.254180641,0.6784137042,-0.038194859,-0.226011679,-0.997767611,1,1,1,1,1,1,1,1,8,0.125,-0.450026502,7.533033E-17,0.866021,-0.519648237
210030,,,,,,,,,0,0,0,0,0,0,0,0,0,,,7.533033E-17,0.866021,
210032,-0.243473324,-0.436147184,-0.231670805,-0.254180641,0.6784137042,-1.00956652,-1.17139474,-0.488715575,1,1,1,1,1,1,1,1,8,0.125,-0.394591886,7.533033E-17,0.866021,-0.455637561
210033,-1.154063558,-1.44305488,-1.17226019,-1.277016409,0.6784137042,-1.00956652,-1.17139474,-0.997767611,1,1,1,1,1,1,1,1,8,0.125,-0.943338776,7.533033E-17,0.866021,-1.089278808
210034,-1.154063558,-0.436147184,-1.17226019,-1.277016409,0.6784137042,-1.00956652,-1.17139474,-0.488715575,1,1,1,1,1,1,1,1,8,0.125,-0.753843809,7.533033E-17,0.866021,-0.87046786
210035,-1.154063558,-1.44305488,-1.17226019,-1.277016409,-0.312251048,-1.00956652,-2.116777802,0.0203364607,1,1,1,1,1,1,1,1,8,0.125,-1.058081743,7.533033E-17,0.866021,-1.221773185
210037,-1.154063558,-1.44305488,-1.17226019,-1.277016409,-0.312251048,-1.00956652,-2.116777802,-1.506819647,1,1,1,1,1,1,1,1,8,0.125,-1.248976257,7.533033E-17,0.866021,-1.442200197
210038,-0.243473324,-0.436147184,-1.17226019,-0.254180641,-1.3029158,-1.00956652,-0.69870321,0.0203364607,1,1,1,1,1,1,1,1,8,0.125,-0.637113801,7.533033E-17,0.866021,-0.735679037
210039,1.5777071423,-0.436147184,0.70891858,0.7686551275,0.6784137042,0.9331768019,0.7193713829,1.5474925688,1,1,1,1,1,1,1,1,8,0.125,0.8121985155,7.533033E-17,0.866021,0.9378503817
210040,-1.154063558,-1.44305488,-1.17226019,-1.277016409,-1.3029158,-1.980938182,-1.17139474,-0.488715575,1,1,1,1,1,1,1,1,8,0.125,-1.248794917,7.533033E-17,0.866021,-1.441990803
210043,-0.243473324,-0.436147184,-1.17226019,-0.254180641,-0.312251048,-1.00956652,-0.226011679,0.5293884968,1,1,1,1,1,1,1,1,8,0.125,-0.390562761,7.533033E-17,0.866021,-0.450985107
210044,-0.243473324,0.5707605124,-0.231670805,-1.277016409,-0.312251048,-0.038194859,0.2466798521,-0.997767611,1,1,1,1,1,1,1,1,8,0.125,-0.285366712,7.533033E-17,0.866021,-0.329514613
210048,-1.154063558,-0.436147184,-1.17226019,-1.277016409,-1.3029158,-0.038194859,-0.226011679,-0.488715575,1,1,1,1,1,1,1,1,8,0.125,-0.761915657,7.533033E-17,0.866021,-0.87978847
210049,-1.154063558,-1.44305488,-1.17226019,-1.277016409,-1.3029158,-1.00956652,-1.17139474,-1.506819647,1,1,1,1,1,1,1,1,8,0.125,-1.254636468,7.533033E-17,0.866021,-1.448736076
210051,-1.154063558,-1.44305488,-2.112849574,-1.277016409,-2.293580553,-1.00956652,-1.17139474,-0.488715575,1,1,1,1,1,1,1,1,8,0.125,-1.368780226,7.533033E-17,0.866021,-1.580538542
210056,-1.154063558,-0.436147184,-2.112849574,-1.277016409,-0.312251048,-1.00956652,-1.17139474,-0.488715575,1,1,1,1,1,1,1,1,8,0.125,-0.995250576,7.533033E-17,0.866021,-1.149221668
210057,-1.154063558,-1.44305488,-1.17226019,-0.254180641,-0.312251048,-1.00956652,-0.69870321,0.0203364607,1,1,1,1,1,1,1,1,8,0.125,-0.752967948,7.533033E-17,0.866021,-0.869456499
210058,,,,,,,,,0,0,0,0,0,0,0,0,0,,,7.533033E-17,0.866021,
210060,-1.154063558,-0.436147184,-1.17226019,-1.277016409,-1.3029158,-1.00956652,-2.116777802,-0.488715575,1,1,1,1,1,1,1,1,8,0.125,-1.11968288,7.533033E-17,0.866021,-1.292904378
210061,0.6671169089,0.5707605124,-0.231670805,-0.254180641,1.6690784566,0.9331768019,0.7193713829,-0.488715575,1,1,1,1,1,1,1,1,8,0.125,0.4481171302,7.533033E-17,0.866021,0.5174434743
210062,-2.064653791,-1.44305488,-2.112849574,-2.299852177,-2.293580553,-1.980938182,-2.116777802,-1.506819647,1,1,1,1,1,1,1,1,8,0.125,-1.977315826,7.533033E-17,0.866021,-2.283218162
210063,0.6671169089,0.5707605124,-0.231670805,-0.254180641,0.6784137042,0.9331768019,0.7193713829,0.5293884968,1,1,1,1,1,1,1,1,8,0.125,0.4515470452,7.533033E-17,0.866021,0.5214040172
210064,,,,,,,,,0,0,0,0,0,0,0,0,0,,,7.533033E-17,0.866021,
210065,-1.154063558,-1.44305488,-1.17226019,-1.277016409,-1.3029158,-1.980938182,-0.69870321,-0.997767611,1,1,1,1,1,1,1,1,8,0.125,-1.25333998,7.533033E-17,0.866021,-1.447239014
21020F,-0.243473324,1.5776682088,-0.231670805,0.7686551275,-0.312251048,0.9331768019,-0.226011679,-0.488715575,1,1,1,1,1,1,1,1,8,0.125,0.2221722133,7.533033E-17,0.866021,0.2565435557
220001,-1.154063558,-1.44305488,-1.17226019,-1.277016409,0.6784137042,-1.00956652,-1.644086271,-0.488715575,1,1,1,1,1,1,1,1,8,0.125,-0.938793712,7.533033E-17,0.866021,-1.084030597
220002,0.6671169089,0.5707605124,-0.231670805,0.7686551275,0.6784137042,0.9331768019,0.2466798521,0.0203364607,1,1,1,1,1,1,1,1,8,0.125,0.4566835704,7.533033E-17,0.866021,0.5273351929
220008,0.6671169089,0.5707605124,-0.231670805,0.7686551275,0.6784137042,-0.038194859,-0.226011679,0.0203364607,1,1,1,1,1,1,1,1,8,0.125,0.2761756714,7.533033E-17,0.866021,0.3189016649
220010,-0.243473324,-0.436147184,-1.17226019,-0.254180641,-0.312251048,-1.00956652,-1.17139474,-1.506819647,1,1,1,1,1,1,1,1,8,0.125,-0.763261662,7.533033E-17,0.866021,-0.88134271
220011,-0.243473324,0.5707605124,-0.231670805,-0.254180641,0.6784137042,-0.038194859,-0.226011679,-0.488715575,1,1,1,1,1,1,1,1,8,0.125,-0.029134083,7.533033E-17,0.866021,-0.033641297
220012,-0.243473324,0.5707605124,-1.17226019,-0.254180641,-0.312251048,-0.038194859,-0.226011679,-0.997767611,1,1,1,1,1,1,1,1,8,0.125,-0.334172355,7.533033E-17,0.866021,-0.385870775
220015,0.6671169089,0.5707605124,0.70891858,0.7686551275,0.6784137042,0.9331768019,0.2466798521,-0.488715575,1,1,1,1,1,1,1,1,8,0.125,0.510625739,7.533033E-17,0.866021,0.5896225308
220016,0.6671169089,-0.436147184,0.70891858,0.7686551275,0.6784137042,-1.00956652,-0.226011679,-0.997767611,1,1,1,1,1,1,1,1,8,0.125,0.0192014158,7.533033E-17,0.866021,0.0221719872
220017,-1.154063558,-0.436147184,-0.231670805,-0.254180641,-0.312251048,-1.00956652,-1.17139474,0.5293884968,1,1,1,1,1,1,1,1,8,0.125,-0.50498575,7.533033E-17,0.866021,-0.583110002
220019,-1.154063558,-1.44305488,-0.231670805,-1.277016409,0.6784137042,-1.00956652,-1.17139474,-0.997767611,1,1,1,1,1,1,1,1,8,0.125,-0.825765102,7.533033E-17,0.866021,-0.953515799
22001F,,,,,,,,,0,0,0,0,0,0,0,0,0,,,7.533033E-17,0.866021,
220020,0.6671169089,0.5707605124,0.70891858,0.7686551275,0.6784137042,0.9331768019,0.7193713829,1.0384405328,1,1,1,1,1,1,1,1,8,0.125,0.7606066938,7.533033E-17,0.866021,0.8782770032
220024,-0.243473324,-1.44305488,-0.231670805,-0.254180641,-0.312251048,-1.00956652,0.2466798521,0.0203364607,1,1,1,1,1,1,1,1,8,0.125,-0.403397613,7.533033E-17,0.866021,-0.465805586
220029,0.6671169089,-0.436147184,-0.231670805,-0.254180641,0.6784137042,-1.00956652,-0.226011679,-0.488715575,1,1,1,1,1,1,1,1,8,0.125,-0.162595224,7.533033E-17,0.866021,-0.187749657
220030,0.6671169089,0.5707605124,-0.231670805,0.7686551275,-0.312251048,-0.038194859,-0.226011679,-0.488715575,1,1,1,1,1,1,1,1,8,0.125,0.0887110728,7.533033E-17,0.866021,0.1024351952
220031,-0.243473324,0.5707605124,-0.231670805,0.7686551275,0.6784137042,-1.00956652,0.2466798521,-0.488715575,1,1,1,1,1,1,1,1,8,0.125,0.0363853714,7.533033E-17,0.866021,0.0420144014
220033,-0.243473324,-0.436147184,-1.17226019,-0.254180641,-0.312251048,-1.00956652,-0.69870321,-0.997767611,1,1,1,1,1,1,1,1,8,0.125,-0.640543716,7.533033E-17,0.866021,-0.73963958
220035,-0.243473324,0.5707605124,-0.231670805,-0.254180641,0.6784137042,-1.00956652,-0.69870321,-1.506819647,1,1,1,1,1,1,1,1,8,0.125,-0.336904991,7.533033E-17,0.866021,-0.389026166
220036,-1.154063558,-0.436147184,-2.112849574,-1.277016409,-0.312251048,-1.00956652,-1.17139474,-1.506819647,1,1,1,1,1,1,1,1,8,0.125,-1.122513585,7.533033E-17,0.866021,-1.29617301
220046,-0.243473324,-0.436147184,-0.231670805,-0.254180641,-0.312251048,-0.038194859,-1.17139474,-1.506819647,1,1,1,1,1,1,1,1,8,0.125,-0.524266531,7.533033E-17,0.866021,-0.605373633
220049,-0.243473324,-0.436147184,-0.231670805,-0.254180641,0.6784137042,-1.00956652,-0.69870321,-0.488715575,1,1,1,1,1,1,1,1,8,0.125,-0.335505444,7.533033E-17,0.866021,-0.387410101
220052,,,,,,,,,0,0,0,0,0,0,0,0,0,,,7.533033E-17,0.866021,
220060,-0.243473324,0.5707605124,-0.231670805,-1.277016409,0.6784137042,-0.038194859,-0.69870321,-0.997767611,1,1,1,1,1,1,1,1,8,0.125,-0.2797065,7.533033E-17,0.866021,-0.322978734
220062,,,,,,,,,0,0,0,0,0,0,0,0,0,,,7.533033E-17,0.866021,
220063,-0.243473324,-0.436147184,-0.231670805,-0.254180641,0.6784137042,-0.038194859,-0.69870321,-0.488715575,1,1,1,1,1,1,1,1,8,0.125,-0.214083987,7.533033E-17,0.866021,-0.247204033
220065,-0.243473324,0.5707605124,0.70891858,0.7686551275,-0.312251048,-0.038194859,-0.226011679,0.0203364607,1,1,1,1,1,1,1,1,8,0.125,0.1560924713,7.533033E-17,0.866021,0.1802408906
220066,-0.243473324,-0.436147184,-0.231670805,-0.254180641,0.6784137042,-0.038194859,-0.226011679,-0.997767611,1,1,1,1,1,1,1,1,8,0.125,-0.21862905,7.533033E-17,0.866021,-0.252452244
220070,-0.243473324,-0.436147184,-0.231670805,-1.277016409,-0.312251048,-0.038194859,-1.17139474,-2.015871683,1,1,1,1,1,1,1,1,8,0.125,-0.715752507,7.533033E-17,0.866021,-0.826483611
220071,0.6671169089,0.5707605124,-0.231670805,0.7686551275,0.6784137042,0.9331768019,1.1920629137,-0.997767611,1,1,1,1,1,1,1,1,8,0.125,0.4475934441,7.533033E-17,0.866021,0.5168387708
220073,-1.154063558,-1.44305488,-1.17226019,-0.254180641,-0.312251048,-1.00956652,-1.644086271,-0.997767611,1,1,1,1,1,1,1,1,8,0.125,-0.99840384,7.533033E-17,0.866021,-1.15286276
220074,-0.243473324,-0.436147184,-0.231670805,0.7686551275,0.6784137042,-1.00956652,-0.226011679,-0.488715575,1,1,1,1,1,1,1,1,8,0.125,-0.148564532,7.533033E-17,0.866021,-0.171548335
220075,1.5777071423,1.5776682088,1.6495079648,0.7686551275,0.6784137042,1.904548463,1.6647544446,0.0203364607,1,1,1,1,1,1,1,1,8,0.125,1.2301989395,7.533033E-17,0.866021,1.420517919
220077,-1.154063558,-1.44305488,-1.17226019,-1.277016409,-0.312251048,-1.00956652,-0.69870321,-1.506819647,1,1,1,1,1,1,1,1,8,0.125,-1.071716933,7.533033E-17,0.866021,-1.237517818
220080,-1.154063558,-1.44305488,-1.17226019,-0.254180641,-1.3029158,-1.00956652,-2.116777802,-1.506819647,1,1,1,1,1,1,1,1,8,0.125,-1.24495488,7.533033E-17,0.866021,-1.43755669
220083,-0.243473324,0.5707605124,-0.231670805,-0.254180641,0.6784137042,-0.038194859,-0.226011679,-0.488715575,1,1,1,1,1,1,1,1,8,0.125,-0.029134083,7.533033E-17,0.866021,-0.033641297
220084,-0.243473324,0.5707605124,-0.231670805,-0.254180641,0.6784137042,-0.038194859,0.7193713829,-0.488715575,1,1,1,1,1,1,1,1,8,0.125,0.0890387994,7.533033E-17,0.866021,0.102813623
220086,0.6671169089,0.5707605124,-1.17226019,0.7686551275,0.6784137042,0.9331768019,0.7193713829,-0.488715575,1,1,1,1,1,1,1,1,8,0.125,0.3345648341,7.533033E-17,0.866021,0.386323973
220088,0.6671169089,0.5707605124,0.70891858,0.7686551275,1.6690784566,0.9331768019,1.1920629137,0.5293884968,1,1,1,1,1,1,1,1,8,0.125,0.8798947247,7.533033E-17,0.866021,1.0160195909
220090,0.6671169089,0.5707605124,-0.231670805,0.7686551275,0.6784137042,0.9331768019,1.1920629137,0.0203364607,1,1,1,1,1,1,1,1,8,0.125,0.5748564531,7.533033E-17,0.866021,0.6637901125
220095,-0.243473324,-0.436147184,-0.231670805,-0.254180641,0.6784137042,0.9331768019,-0.226011679,0.5293884968,1,1,1,1,1,1,1,1,8,0.125,0.0936869213,7.533033E-17,0.866021,0.1081808366
220098,-0.243473324,-0.436147184,0.70891858,-0.254180641,-0.312251048,-1.00956652,-1.17139474,-0.997767611,1,1,1,1,1,1,1,1,8,0.125,-0.464482811,7.533033E-17,0.866021,-0.536341022
22009F,,,,,,,,,0,0,0,0,0,0,0,0,0,,,7.533033E-17,0.866021,
220100,0.6671169089,0.5707605124,-0.231670805,-0.254180641,0.6784137042,0.9331768019,-0.226011679,-0.997767611,1,1,1,1,1,1,1,1,8,0.125,0.142479649,7.533033E-17,0.866021,0.164522085
220101,-0.243473324,0.5707605124,-0.231670805,0.7686551275,0.6784137042,0.9331768019,0.2466798521,-1.506819647,1,1,1,1,1,1,1,1,8,0.125,0.1519652777,7.533033E-17,0.866021,0.175475196
220105,0.6671169089,-0.436147184,-0.231670805,-0.254180641,0.6784137042,-0.038194859,0.2466798521,-0.488715575,1,1,1,1,1,1,1,1,8,0.125,0.0179126751,7.533033E-17,0.866021,0.0206838709
220108,-0.243473324,0.5707605124,-1.17226019,-0.254180641,0.6784137042,0.9331768019,-0.226011679,-1.506819647,1,1,1,1,1,1,1,1,8,0.125,-0.152549308,7.533033E-17,0.866021,-0.176149579
22010F,1.5777071423,1.5776682088,0.70891858,1.7914908957,0.6784137042,1.904548463,1.1920629137,-0.488715575,1,1,1,1,1,1,1,1,8,0.125,1.1177617916,7.533033E-17,0.866021,1.2906860859
220110,1.5777071423,0.5707605124,0.70891858,0.7686551275,0.6784137042,0.9331768019,1.1920629137,-0.488715575,1,1,1,1,1,1,1,1,8,0.125,0.7426224008,7.533033E-17,0.866021,0.8575104347
220111,-2.064653791,-1.44305488,-2.112849574,-1.277016409,-1.3029158,-1.980938182,-2.116777802,-0.997767611,1,1,1,1,1,1,1,1,8,0.125,-1.661996756,7.533033E-17,0.866021,-1.919117386
220116,0.6671169089,0.5707605124,-0.231670805,0.7686551275,0.6784137042,0.9331768019,0.7193713829,-0.488715575,1,1,1,1,1,1,1,1,8,0.125,0.4521385072,7.533033E-17,0.866021,0.5220869818
220119,0.6671169089,0.5707605124,-0.231670805,0.7686551275,0.6784137042,0.9331768019,0.7193713829,-0.997767611,1,1,1,1,1,1,1,1,8,0.125,0.3885070027,7.533033E-17,0.866021,0.448611311
220126,,,,,,,,,0,0,0,0,0,0,0,0,0,,,7.533033E-17,0.866021,
220135,-0.243473324,-0.436147184,-1.17226019,-1.277016409,0.6784137042,-0.038194859,-0.226011679,-0.488715575,1,1,1,1,1,1,1,1,8,0.125,-0.40042569,7.533033E-17,0.866021,-0.462373888
220163,-0.243473324,-0.436147184,-0.231670805,-0.254180641,0.6784137042,-0.038194859,-0.226011679,-0.997767611,1,1,1,1,1,1,1,1,8,0.125,-0.21862905,7.533033E-17,0.866021,-0.252452244
220171,-0.243473324,0.5707605124,-0.231670805,0.7686551275,0.6784137042,0.9331768019,0.2466798521,-0.997767611,1,1,1,1,1,1,1,1,8,0.125,0.2155967822,7.533033E-17,0.866021,0.2489508668
220175,-2.064653791,-1.44305488,-2.112849574,-1.277016409,-1.3029158,-1.980938182,-2.116777802,-2.015871683,1,1,1,1,1,1,1,1,8,0.125,-1.789259765,7.533033E-17,0.866021,-2.066068728
220176,-1.154063558,-1.44305488,-2.112849574,-1.277016409,-1.3029158,-1.00956652,-1.644086271,-2.015871683,1,1,1,1,1,1,1,1,8,0.125,-1.494928087,7.533033E-17,0.866021,-1.726202216
220177,,,,,,,,,0,0,0,0,0,0,0,0,0,,,7.533033E-17,0.866021,
221300,1.5777071423,0.5707605124,1.6495079648,1.7914908957,0.6784137042,0.9331768019,0.7193713829,1.0384405328,1,1,1,1,1,1,1,1,8,0.125,1.1198586171,7.533033E-17,0.866021,1.2931073026
221302,1.5777071423,1.5776682088,1.6495079648,1.7914908957,1.6690784566,1.904548463,1.6647544446,-0.488715575,1,1,1,1,1,1,1,1,8,0.125,1.418255,7.533033E-17,0.866021,1.6376673533
221303,,,,,,,,,0,0,0,0,0,0,0,0,0,,,7.533033E-17,0.866021,
230002,-0.243473324,-0.436147184,-0.231670805,-0.254180641,-0.312251048,-0.038194859,-0.226011679,-0.997767611,1,1,1,1,1,1,1,1,8,0.125,-0.342462144,7.533033E-17,0.866021,-0.395443043
230003,1.5777071423,0.5707605124,0.70891858,0.7686551275,0.6784137042,0.9331768019,1.6647544446,1.0384405328,1,1,1,1,1,1,1,1,8,0.125,0.9926033557,7.533033E-17,0.866021,1.1461649071
230005,0.6671169089,0.5707605124,0.70891858,0.7686551275,0.6784137042,0.9331768019,0.2466798521,1.0384405328,1,1,1,1,1,1,1,1,8,0.125,0.7015202525,7.533033E-17,0.866021,0.8100495433
230013,,,,,,,,,0,0,0,0,0,0,0,0,0,,,7.533033E-17,0.866021,
230015,-0.243473324,-0.436147184,0.70891858,0.7686551275,0.6784137042,0.9331768019,-0.226011679,0.0203364607,1,1,1,1,1,1,1,1,8,0.125,0.2754835609,7.533033E-17,0.866021,0.3181024809
230017,0.6671169089,0.5707605124,0.70891858,-0.254180641,0.6784137042,0.9331768019,0.7193713829,-0.997767611,1,1,1,1,1,1,1,1,8,0.125,0.3782262048,7.533033E-17,0.866021,0.4367400134
230019,-0.243473324,-1.44305488,-0.231670805,-1.277016409,-0.312251048,-1.00956652,-0.226011679,-1.506819647,1,1,1,1,1,1,1,1,8,0.125,-0.781233039,7.533033E-17,0.866021,-0.902094365
230020,-1.154063558,-1.44305488,-1.17226019,-1.277016409,-1.3029158,-1.980938182,-2.116777802,-2.015871683,1,1,1,1,1,1,1,1,8,0.125,-1.557862313,7.533033E-17,0.866021,-1.798872735
230021,0.6671169089,0.5707605124,-0.231670805,-0.254180641,-1.3029158,-0.038194859,-0.226011679,0.0203364607,1,1,1,1,1,1,1,1,8,0.125,-0.099344988,7.533033E-17,0.866021,-0.114714239
230022,-0.243473324,-0.436147184,-0.231670805,-0.254180641,0.6784137042,-1.00956652,-1.17139474,0.0203364607,1,1,1,1,1,1,1,1,8,0.125,-0.330960381,7.533033E-17,0.866021,-0.38216189
230024,-2.064653791,-2.449962577,-2.112849574,-2.299852177,-2.293580553,-1.980938182,-2.116777802,-1.506819647,1,1,1,1,1,1,1,1,8,0.125,-2.103179288,7.533033E-17,0.866021,-2.428553439
230029,-1.154063558,-1.44305488,-2.112849574,-1.277016409,-1.3029158,-1.00956652,-0.69870321,-1.506819647,1,1,1,1,1,1,1,1,8,0.125,-1.3131237,7.533033E-17,0.866021,-1.516271625
230030,0.6671169089,0.5707605124,0.70891858,0.7686551275,1.6690784566,0.9331768019,0.7193713829,0.0203364607,1,1,1,1,1,1,1,1,8,0.125,0.7571767789,7.533033E-17,0.866021,0.8743164603
230031,-1.154063558,-1.44305488,-0.231670805,-1.277016409,-1.3029158,-1.00956652,-0.226011679,-0.997767611,1,1,1,1,1,1,1,1,8,0.125,-0.955258408,7.533033E-17,0.866021,-1.103042477
230035,0.6671169089,0.5707605124,-0.231670805,0.7686551275,1.6690784566,0.9331768019,0.7193713829,-0.488715575,1,1,1,1,1,1,1,1,8,0.125,0.5759716013,7.533033E-17,0.866021,0.6650777806
230036,1.5777071423,1.5776682088,1.6495079648,1.7914908957,1.6690784566,0.9331768019,1.1920629137,2.0565446049,1,1,1,1,1,1,1,1,8,0.125,1.5559046236,7.533033E-17,0.866021,1.7966121796
230037,-0.243473324,-0.436147184,0.70891858,-0.254180641,1.6690784566,-0.038194859,-0.226011679,0.0203364607,1,1,1,1,1,1,1,1,8,0.125,0.1500407263,7.533033E-17,0.866021,0.1732529052
230038,0.6671169089,0.5707605124,-0.231670805,0.7686551275,0.6784137042,0.9331768019,0.7193713829,-0.488715575,1,1,1,1,1,1,1,1,8,0.125,0.4521385072,7.533033E-17,0.866021,0.5220869818
230041,-1.154063558,-1.44305488,-0.231670805,-1.277016409,-0.312251048,-1.00956652,-1.17139474,-1.506819647,1,1,1,1,1,1,1,1,8,0.125,-1.013229701,7.533033E-17,0.866021,-1.169982269
230046,0.6671169089,0.5707605124,-0.231670805,0.7686551275,0.6784137042,0.9331768019,1.1920629137,-0.997767611,1,1,1,1,1,1,1,1,8,0.125,0.4475934441,7.533033E-17,0.866021,0.5168387708
230047,-1.154063558,-1.44305488,-1.17226019,-1.277016409,-1.3029158,-1.00956652,-0.69870321,-1.506819647,1,1,1,1,1,1,1,1,8,0.125,-1.195550027,7.533033E-17,0.866021,-1.380508617
230053,0.6671169089,0.5707605124,-0.231670805,-0.254180641,-0.312251048,-0.038194859,-0.226011679,-0.997767611,1,1,1,1,1,1,1,1,8,0.125,-0.102774903,7.533033E-17,0.866021,-0.118674782
230054,0.6671169089,0.5707605124,-0.231670805,0.7686551275,0.6784137042,-0.038194859,-1.17139474,-0.488715575,1,1,1,1,1,1,1,1,8,0.125,0.0943712841,7.533033E-17,0.866021,0.1089710744
230055,0.6671169089,0.5707605124,-0.231670805,0.7686551275,0.6784137042,-0.038194859,-0.69870321,0.0203364607,1,1,1,1,1,1,1,1,8,0.125,0.21708923,7.533033E-17,0.866021,0.2506742051
230058,1.5777071423,0.5707605124,1.6495079648,1.7914908957,1.6690784566,0.9331768019,0.7193713829,-0.488715575,1,1,1,1,1,1,1,1,8,0.125,1.0527971976,7.533033E-17,0.866021,1.2156710889
230059,0.6671169089,0.5707605124,-0.231670805,0.7686551275,0.6784137042,0.9331768019,0.7193713829,0.5293884968,1,1,1,1,1,1,1,1,8,0.125,0.5794015162,7.533033E-17,0.866021,0.6690383235
23005F,,,,,,,,,0,0,0,0,0,0,0,0,0,,,7.533033E-17,0.866021,
230066,-0.243473324,0.5707605124,-0.231670805,-0.254180641,-0.312251048,-1.00956652,-1.17139474,-1.506819647,1,1,1,1,1,1,1,1,8,0.125,-0.519824527,7.533033E-17,0.866021,-0.600244425
230069,1.5777071423,1.5776682088,0.70891858,0.7686551275,0.6784137042,0.9331768019,0.7193713829,0.5293884968,1,1,1,1,1,1,1,1,8,0.125,0.9366624305,7.533033E-17,0.866021,1.0815695933
230070,0.6671169089,0.5707605124,-0.231670805,-0.254180641,-0.312251048,-0.038194859,0.2466798521,-1.506819647,1,1,1,1,1,1,1,1,8,0.125,-0.107319966,7.533033E-17,0.866021,-0.123922993
230071,,,,,,,,,0,0,0,0,0,0,0,0,0,,,7.533033E-17,0.866021,
230072,0.6671169089,0.5707605124,0.70891858,0.7686551275,1.6690784566,0.9331768019,0.7193713829,1.0384405328,1,1,1,1,1,1,1,1,8,0.125,0.8844397879,7.533033E-17,0.866021,1.021267802
230075,0.6671169089,0.5707605124,0.70891858,-0.254180641,0.6784137042,-0.038194859,-0.226011679,-0.997767611,1,1,1,1,1,1,1,1,8,0.125,0.1386318644,7.533033E-17,0.866021,0.1600790256
230077,-0.243473324,-0.436147184,-0.231670805,-0.254180641,0.6784137042,-0.038194859,-0.226011679,-0.997767611,1,1,1,1,1,1,1,1,8,0.125,-0.21862905,7.533033E-17,0.866021,-0.252452244
230078,,,,,,,,,0,0,0,0,0,0,0,0,0,,,7.533033E-17,0.866021,
230080,0.6671169089,0.5707605124,0.70891858,-0.254180641,0.6784137042,-0.038194859,0.2466798521,0.5293884968,1,1,1,1,1,1,1,1,8,0.125,0.3886128193,7.533033E-17,0.866021,0.448733498
230081,0.6671169089,0.5707605124,0.70891858,0.7686551275,0.6784137042,-0.038194859,0.2466798521,0.0203364607,1,1,1,1,1,1,1,1,8,0.125,0.4528357858,7.533033E-17,0.866021,0.5228921335
230085,,,,,,,,,0,0,0,0,0,0,0,0,0,,,7.533033E-17,0.866021,
230089,-0.243473324,-0.436147184,-1.17226019,-0.254180641,-0.312251048,-1.00956652,-0.226011679,-0.488715575,1,1,1,1,1,1,1,1,8,0.125,-0.51782577,7.533033E-17,0.866021,-0.597936449
230092,-0.243473324,-0.436147184,-0.231670805,-1.277016409,-0.312251048,-1.00956652,-1.17139474,-0.997767611,1,1,1,1,1,1,1,1,8,0.125,-0.709910955,7.533033E-17,0.866021,-0.819738337
230093,0.6671169089,0.5707605124,-0.231670805,0.7686551275,0.6784137042,-0.038194859,0.2466798521,0.5293884968,1,1,1,1,1,1,1,1,8,0.125,0.3988936172,7.533033E-17,0.866021,0.4606047956
230095,0.6671169089,0.5707605124,1.6495079648,0.7686551275,0.6784137042,0.9331768019,1.1920629137,1.0384405328,1,1,1,1,1,1,1,1,8,0.125,0.9372668083,7.533033E-17,0.866021,1.0822674718
230097,0.6671169089,0.5707605124,-0.231670805,-0.254180641,0.6784137042,0.9331768019,0.7193713829,-0.997767611,1,1,1,1,1,1,1,1,8,0.125,0.2606525317,7.533033E-17,0.866021,0.3009770046
230099,0.6671169089,-0.436147184,-0.231670805,-0.254180641,-0.312251048,-1.00956652,-0.69870321,-0.997767611,1,1,1,1,1,1,1,1,8,0.125,-0.409146264,7.533033E-17,0.866021,-0.472443587
230100,1.5777071423,0.5707605124,1.6495079648,1.7914908957,1.6690784566,0.9331768019,0.7193713829,0.5293884968,1,1,1,1,1,1,1,1,8,0.125,1.1800602067,7.533033E-17,0.866021,1.3626224306
230104,-2.064653791,-1.44305488,-2.112849574,-1.277016409,-2.293580553,-1.980938182,-2.116777802,-2.015871683,1,1,1,1,1,1,1,1,8,0.125,-1.913092859,7.533033E-17,0.866021,-2.209059527
230105,-0.243473324,-0.436147184,-0.231670805,-0.254180641,0.6784137042,-1.00956652,-1.17139474,-0.997767611,1,1,1,1,1,1,1,1,8,0.125,-0.45822339,7.533033E-17,0.866021,-0.529113232
230108,1.5777071423,1.5776682088,1.6495079648,1.7914908957,1.6690784566,1.904548463,1.1920629137,1.0384405328,1,1,1,1,1,1,1,1,8,0.125,1.5500630722,7.533033E-17,0.866021,1.789866906
230110,0.6671169089,1.5776682088,1.6495079648,0.7686551275,0.6784137042,0.9331768019,0.2466798521,0.5293884968,1,1,1,1,1,1,1,1,8,0.125,0.8813258831,7.533033E-17,0.866021,1.0176721579
230117,-1.154063558,-0.436147184,-1.17226019,-0.254180641,0.6784137042,-0.038194859,-0.69870321,-1.506819647,1,1,1,1,1,1,1,1,8,0.125,-0.572744448,7.533033E-17,0.866021,-0.661351368
23011F,1.5777071423,1.5776682088,1.6495079648,0.7686551275,1.6690784566,1.904548463,1.6647544446,0.5293884968,1,1,1,1,1,1,1,1,8,0.125,1.417663538,7.533033E-17,0.866021,1.6369843886
230121,-0.243473324,0.5707605124,-0.231670805,0.7686551275,0.6784137042,-0.038194859,-0.226011679,-0.997767611,1,1,1,1,1,1,1,1,8,0.125,0.0350888832,7.533033E-17,0.866021,0.0405173389
23012F,,,,,,,,,0,0,0,0,0,0,0,0,0,,,7.533033E-17,0.866021,
230130,-0.243473324,0.5707605124,-1.17226019,-1.277016409,0.6784137042,-0.038194859,-0.226011679,-2.015871683,1,1,1,1,1,1,1,1,8,0.125,-0.465456741,7.533033E-17,0.866021,-0.537465624
230132,-0.243473324,-1.44305488,-0.231670805,-1.277016409,-1.3029158,-1.00956652,-0.226011679,-1.506819647,1,1,1,1,1,1,1,1,8,0.125,-0.905066133,7.533033E-17,0.866021,-1.045085164
230133,0.6671169089,0.5707605124,0.70891858,0.7686551275,1.6690784566,-0.038194859,-0.226011679,-0.488715575,1,1,1,1,1,1,1,1,8,0.125,0.453950934,7.533033E-17,0.866021,0.5241798016
230141,-0.243473324,-1.44305488,-0.231670805,-1.277016409,-1.3029158,-1.00956652,-1.17139474,-2.015871683,1,1,1,1,1,1,1,1,8,0.125,-1.08687052,7.533033E-17,0.866021,-1.255015754
230142,-1.154063558,-1.44305488,-1.17226019,-1.277016409,-1.3029158,-1.980938182,-2.116777802,-2.015871683,1,1,1,1,1,1,1,1,8,0.125,-1.557862313,7.533033E-17,0.866021,-1.798872735
230144,,,,,,,,,0,0,0,0,0,0,0,0,0,,,7.533033E-17,0.866021,
230146,-0.243473324,-1.44305488,-1.17226019,-0.254180641,-1.3029158,-1.00956652,-1.17139474,-0.997767611,1,1,1,1,1,1,1,1,8,0.125,-0.949326713,7.533033E-17,0.866021,-1.096193115
230151,-0.243473324,-0.436147184,-0.231670805,-1.277016409,-0.312251048,-1.00956652,-1.17139474,-2.015871683,1,1,1,1,1,1,1,1,8,0.125,-0.837173964,7.533033E-17,0.866021,-0.966689679
230156,0.6671169089,0.5707605124,-0.231670805,0.7686551275,0.6784137042,0.9331768019,0.7193713829,-0.997767611,1,1,1,1,1,1,1,1,8,0.125,0.3885070027,7.533033E-17,0.866021,0.448611311
230165,-0.243473324,-0.436147184,-1.17226019,-1.277016409,-0.312251048,-1.00956652,-0.226011679,-1.506819647,1,1,1,1,1,1,1,1,8,0.125,-0.77294325,7.533033E-17,0.866021,-0.892522097
230167,-1.154063558,-0.436147184,-0.231670805,-1.277016409,-0.312251048,-1.00956652,-0.226011679,-0.997767611,1,1,1,1,1,1,1,1,8,0.125,-0.705561852,7.533033E-17,0.866021,-0.814716402
230174,0.6671169089,0.5707605124,0.70891858,0.7686551275,0.6784137042,0.9331768019,0.2466798521,-0.488715575,1,1,1,1,1,1,1,1,8,0.125,0.510625739,7.533033E-17,0.866021,0.5896225308
230176,-0.243473324,-1.44305488,-0.231670805,-0.254180641,-0.312251048,-1.00956652,-0.226011679,-0.997767611,1,1,1,1,1,1,1,1,8,0.125,-0.589747064,7.533033E-17,0.866021,-0.680984388
230180,1.5777071423,0.5707605124,1.6495079648,-0.254180641,1.6690784566,0.9331768019,0.7193713829,1.0384405328,1,1,1,1,1,1,1,1,8,0.125,0.9879827691,7.533033E-17,0.866021,1.1408294887
230193,-1.154063558,-1.44305488,-0.231670805,-1.277016409,-1.3029158,-1.980938182,-2.116777802,-2.015871683,1,1,1,1,1,1,1,1,8,0.125,-1.44028864,7.533033E-17,0.866021,-1.663109726
230195,-1.154063558,-1.44305488,-1.17226019,-1.277016409,-0.312251048,-1.00956652,-1.644086271,-1.506819647,1,1,1,1,1,1,1,1,8,0.125,-1.189889815,7.533033E-17,0.866021,-1.373972737
230197,-1.154063558,-1.44305488,-0.231670805,-1.277016409,-0.312251048,-1.00956652,-0.69870321,-1.506819647,1,1,1,1,1,1,1,1,8,0.125,-0.95414326,7.533033E-17,0.866021,-1.101754809
230207,-1.154063558,-1.44305488,-1.17226019,-1.277016409,-1.3029158,-1.980938182,-2.116777802,-0.488715575,1,1,1,1,1,1,1,1,8,0.125,-1.3669678,7.533033E-17,0.866021,-1.578445722
230208,1.5777071423,0.5707605124,1.6495079648,1.7914908957,1.6690784566,0.9331768019,1.6647544446,2.0565446049,1,1,1,1,1,1,1,1,8,0.125,1.4891276029,7.533033E-17,0.866021,1.7195043628
230216,-0.243473324,-0.436147184,-0.231670805,-0.254180641,0.6784137042,-1.00956652,-1.17139474,0.0203364607,1,1,1,1,1,1,1,1,8,0.125,-0.330960381,7.533033E-17,0.866021,-0.38216189
230217,1.5777071423,0.5707605124,0.70891858,0.7686551275,1.6690784566,0.9331768019,1.1920629137,1.0384405328,1,1,1,1,1,1,1,1,8,0.125,1.0573500084,7.533033E-17,0.866021,1.2209282461
230222,1.5777071423,0.5707605124,0.70891858,0.7686551275,0.6784137042,0.9331768019,1.1920629137,0.0203364607,1,1,1,1,1,1,1,1,8,0.125,0.8062539053,7.533033E-17,0.866021,0.9309861056
230227,-1.154063558,-1.44305488,-1.17226019,-1.277016409,-1.3029158,-1.00956652,-2.116777802,-2.015871683,1,1,1,1,1,1,1,1,8,0.125,-1.436440855,7.533033E-17,0.866021,-1.658666667
230230,-0.243473324,-1.44305488,-0.231670805,0.7686551275,0.6784137042,-0.038194859,-0.226011679,-0.997767611,1,1,1,1,1,1,1,1,8,0.125,-0.216638041,7.533033E-17,0.866021,-0.250153214
230236,0.6671169089,0.5707605124,-0.231670805,0.7686551275,0.6784137042,0.9331768019,0.7193713829,0.0203364607,1,1,1,1,1,1,1,1,8,0.125,0.5157700117,7.533033E-17,0.866021,0.5955626527
230239,0.6671169089,0.5707605124,1.6495079648,1.7914908957,0.6784137042,0.9331768019,0.2466798521,-0.488715575,1,1,1,1,1,1,1,1,8,0.125,0.7560538831,7.533033E-17,0.866021,0.8730198459
230241,1.5777071423,0.5707605124,1.6495079648,1.7914908957,1.6690784566,1.904548463,1.1920629137,2.0565446049,1,1,1,1,1,1,1,1,8,0.125,1.5514626192,7.533033E-17,0.866021,1.7914829711
230244,-1.154063558,-1.44305488,-1.17226019,-2.299852177,-1.3029158,-1.00956652,-1.644086271,-0.997767611,1,1,1,1,1,1,1,1,8,0.125,-1.377945876,7.533033E-17,0.866021,-1.591122172
230254,-0.243473324,-0.436147184,-0.231670805,-1.277016409,-0.312251048,-0.038194859,0.2466798521,0.0203364607,1,1,1,1,1,1,1,1,8,0.125,-0.283967165,7.533033E-17,0.866021,-0.327898548
230259,1.5777071423,0.5707605124,0.70891858,0.7686551275,0.6784137042,0.9331768019,1.1920629137,0.0203364607,1,1,1,1,1,1,1,1,8,0.125,0.8062539053,7.533033E-17,0.866021,0.9309861056
230264,,,,,,,,,0,0,0,0,0,0,0,0,0,,,7.533033E-17,0.866021,
230269,0.6671169089,-0.436147184,-1.17226019,-0.254180641,-0.312251048,-0.038194859,-0.226011679,-0.997767611,1,1,1,1,1,1,1,1,8,0.125,-0.346212038,7.533033E-17,0.866021,-0.399773067
230270,-1.154063558,-2.449962577,-1.17226019,-1.277016409,-1.3029158,-1.980938182,-2.116777802,-2.015871683,1,1,1,1,1,1,1,1,8,0.125,-1.683725775,7.533033E-17,0.866021,-1.944208012
230273,-2.064653791,-2.449962577,-2.112849574,-2.299852177,-2.293580553,-1.980938182,-2.116777802,-2.015871683,1,1,1,1,1,1,1,1,8,0.125,-2.166810792,7.533033E-17,0.866021,-2.50202911
230275,,,,,,,,,0,0,0,0,0,0,0,0,0,,,7.533033E-17,0.866021,
230277,-1.154063558,-0.436147184,-0.231670805,-1.277016409,-0.312251048,-1.00956652,-1.17139474,-1.506819647,1,1,1,1,1,1,1,1,8,0.125,-0.887366239,7.533033E-17,0.866021,-1.024646992
230279,,,,,,,,,0,0,0,0,0,0,0,0,0,,,7.533033E-17,0.866021,
230297,1.5777071423,1.5776682088,0.70891858,1.7914908957,1.6690784566,0.9331768019,0.7193713829,0.5293884968,1,1,1,1,1,1,1,1,8,0.125,1.1883499956,7.533033E-17,0.866021,1.3721946984
230301,,,,,,,,,0,0,0,0,0,0,0,0,0,,,7.533033E-17,0.866021,
230302,-0.243473324,0.5707605124,-0.231670805,-0.254180641,-0.312251048,-0.038194859,0.2466798521,-0.488715575,1,1,1,1,1,1,1,1,8,0.125,-0.093880736,7.533033E-17,0.866021,-0.108404636
230303,0.6671169089,1.5776682088,0.70891858,0.7686551275,0.6784137042,-0.038194859,0.2466798521,0.5293884968,1,1,1,1,1,1,1,1,8,0.125,0.6423307524,7.533033E-17,0.866021,0.741703081
23037F,0.6671169089,0.5707605124,0.70891858,0.7686551275,0.6784137042,0.9331768019,0.2466798521,0.5293884968,1,1,1,1,1,1,1,1,8,0.125,0.637888748,7.533033E-17,0.866021,0.7365738725
231300,,,,,,,,,0,0,0,0,0,0,0,0,0,,,7.533033E-17,0.866021,
231301,,,,,,,,,0,0,0,0,0,0,0,0,0,,,7.533033E-17,0.866021,
231303,,,,,,,,,0,0,0,0,0,0,0,0,0,,,7.533033E-17,0.866021,
231304,,,,,,,,,0,0,0,0,0,0,0,0,0,,,7.533033E-17,0.866021,
231305,1.5777071423,1.5776682088,1.6495079648,1.7914908957,1.6690784566,1.904548463,1.6647544446,2.0565446049,1,1,1,1,1,1,1,1,8,0.125,1.7364125226,7.533033E-17,0.866021,2.0050457075
231306,,,,,,,,,0,0,0,0,0,0,0,0,0,,,7.533033E-17,0.866021,
231307,,,,,,,,,0,0,0,0,0,0,0,0,0,,,7.533033E-17,0.866021,
231308,,,,,,,,,0,0,0,0,0,0,0,0,0,,,7.533033E-17,0.866021,
231310,,,,,,,,,0,0,0,0,0,0,0,0,0,,,7.533033E-17,0.866021,
231311,,,,,,,,,0,0,0,0,0,0,0,0,0,,,7.533033E-17,0.866021,
231312,,,,,,,,,0,0,0,0,0,0,0,0,0,,,7.533033E-17,0.866021,
231313,,,,,,,,,0,0,0,0,0,0,0,0,0,,,7.533033E-17,0.866021,
231314,,,,,,,,,0,0,0,0,0,0,0,0,0,,,7.533033E-17,0.866021,
231315,,,,,,,,,0,0,0,0,0,0,0,0,0,,,7.533033E-17,0.866021,
231316,1.5777071423,1.5776682088,1.6495079648,1.7914908957,0.6784137042,0.9331768019,1.6647544446,1.0384405328,1,1,1,1,1,1,1,1,8,0.125,1.3638949619,7.533033E-17,0.866021,1.5748974989
231318,,,,,,,,,0,0,0,0,0,0,0,0,0,,,7.533033E-17,0.866021,
231319,,,,,,,,,0,0,0,0,0,0,0,0,0,,,7.533033E-17,0.866021,
231320,1.5777071423,1.5776682088,1.6495079648,0.7686551275,1.6690784566,1.904548463,1.6647544446,1.0384405328,1,1,1,1,1,1,1,1,8,0.125,1.4812950425,7.533033E-17,0.866021,1.7104600595
231321,0.6671169089,1.5776682088,0.70891858,0.7686551275,1.6690784566,0.9331768019,0.7193713829,0.5293884968,1,1,1,1,1,1,1,1,8,0.125,0.9466717454,7.533033E-17,0.866021,1.0931274077
231322,1.5777071423,1.5776682088,1.6495079648,1.7914908957,0.6784137042,0.9331768019,1.1920629137,1.0384405328,1,1,1,1,1,1,1,1,8,0.125,1.3048085205,7.533033E-17,0.866021,1.5066700391
231323,,,,,,,,,0,0,0,0,0,0,0,0,0,,,7.533033E-17,0.866021,
231324,,,,,,,,,0,0,0,0,0,0,0,0,0,,,7.533033E-17,0.866021,
231325,1.5777071423,1.5776682088,1.6495079648,1.7914908957,1.6690784566,1.904548463,1.6647544446,1.5474925688,1,1,1,1,1,1,1,1,8,0.125,1.6727810181,7.533033E-17,0.866021,1.9315700367
231326,1.5777071423,0.5707605124,1.6495079648,0.7686551275,0.6784137042,0.9331768019,1.6647544446,0.5293884968,1,1,1,1,1,1,1,1,8,0.125,1.0465455243,7.533033E-17,0.866021,1.2084522451
231327,1.5777071423,-1.44305488,1.6495079648,-0.254180641,-0.312251048,0.9331768019,0.7193713829,1.0384405328,1,1,1,1,1,1,1,1,8,0.125,0.4885896569,7.533033E-17,0.866021,0.5641773378
231328,,,,,,,,,0,0,0,0,0,0,0,0,0,,,7.533033E-17,0.866021,
231329,,,,,,,,,0,0,0,0,0,0,0,0,0,,,7.533033E-17,0.866021,
231330,,,,,,,,,0,0,0,0,0,0,0,0,0,,,7.533033E-17,0.866021,
231331,1.5777071423,0.5707605124,1.6495079648,0.7686551275,0.6784137042,0.9331768019,0.7193713829,1.0384405328,1,1,1,1,1,1,1,1,8,0.125,0.9920041461,7.533033E-17,0.866021,1.1454729963
231332,1.5777071423,1.5776682088,1.6495079648,0.7686551275,1.6690784566,0.9331768019,1.1920629137,2.0565446049,1,1,1,1,1,1,1,1,8,0.125,1.4280501526,7.533033E-17,0.866021,1.6489778732
231333,1.5777071423,-0.436147184,1.6495079648,-0.254180641,0.6784137042,0.9331768019,-0.226011679,1.5474925688,1,1,1,1,1,1,1,1,8,0.125,0.6837448348,7.533033E-17,0.866021,0.7895241645
231337,0.6671169089,1.5776682088,0.70891858,0.7686551275,0.6784137042,0.9331768019,0.7193713829,1.0384405328,1,1,1,1,1,1,1,1,8,0.125,0.8864701559,7.533033E-17,0.866021,1.0236122798
231338,1.5777071423,0.5707605124,0.70891858,0.7686551275,1.6690784566,0.9331768019,0.7193713829,2.0565446049,1,1,1,1,1,1,1,1,8,0.125,1.125526576,7.533033E-17,0.866021,1.299652128
231339,0.6671169089,0.5707605124,0.70891858,-0.254180641,0.6784137042,-0.038194859,0.7193713829,0.5293884968,1,1,1,1,1,1,1,1,8,0.125,0.4476992607,7.533033E-17,0.866021,0.5169609578
231340,,,,,,,,,0,0,0,0,0,0,0,0,0,,,7.533033E-17,0.866021,
240001,-1.154063558,-0.436147184,-1.17226019,-0.254180641,-0.312251048,-1.00956652,-0.226011679,-0.997767611,1,1,1,1,1,1,1,1,8,0.125,-0.695281054,7.533033E-17,0.866021,-0.802845104
240002,0.6671169089,0.5707605124,-0.231670805,0.7686551275,0.6784137042,0.9331768019,-0.226011679,-1.506819647,1,1,1,1,1,1,1,1,8,0.125,0.2067026155,7.533033E-17,0.866021,0.2386807205
240004,-1.154063558,-0.436147184,-1.17226019,-1.277016409,-0.312251048,-1.00956652,-1.17139474,-0.997767611,1,1,1,1,1,1,1,1,8,0.125,-0.941308408,7.533033E-17,0.866021,-1.08693433
240006,1.5777071423,1.5776682088,1.6495079648,0.7686551275,0.6784137042,0.9331768019,1.6647544446,2.0565446049,1,1,1,1,1,1,1,1,8,0.125,1.3633034999,7.533033E-17,0.866021,1.5742145342
240010,1.5777071423,0.5707605124,0.70891858,0.7686551275,0.6784137042,1.904548463,1.6647544446,1.0384405328,1,1,1,1,1,1,1,1,8,0.125,1.1140248134,7.533033E-17,0.866021,1.2863709752
240014,1.5777071423,1.5776682088,0.70891858,0.7686551275,1.6690784566,0.9331768019,1.6647544446,1.0384405328,1,1,1,1,1,1,1,1,8,0.125,1.2422999118,7.533033E-17,0.866021,1.4344909826
240018,0.6671169089,0.5707605124,1.6495079648,0.7686551275,0.6784137042,0.9331768019,0.7193713829,0.5293884968,1,1,1,1,1,1,1,1,8,0.125,0.8145488624,7.533033E-17,0.866021,0.9405643411
240019,-0.243473324,0.5707605124,0.70891858,0.7686551275,-0.312251048,-0.038194859,0.2466798521,0.0203364607,1,1,1,1,1,1,1,1,8,0.125,0.2151789126,7.533033E-17,0.866021,0.2484683504
240020,0.6671169089,1.5776682088,0.70891858,0.7686551275,0.6784137042,0.9331768019,-0.226011679,-0.488715575,1,1,1,1,1,1,1,1,8,0.125,0.5774027597,7.533033E-17,0.866021,0.6667303476
240022,1.5777071423,1.5776682088,0.70891858,0.7686551275,-0.312251048,0.9331768019,0.7193713829,1.0384405328,1,1,1,1,1,1,1,1,8,0.125,0.876460841,7.533033E-17,0.866021,1.0120544653
24002F,,,,,,,,,0,0,0,0,0,0,0,0,0,,,7.533033E-17,0.866021,
240030,0.6671169089,0.5707605124,-0.231670805,0.7686551275,0.6784137042,0.9331768019,0.7193713829,0.0203364607,1,1,1,1,1,1,1,1,8,0.125,0.5157700117,7.533033E-17,0.866021,0.5955626527
240036,0.6671169089,-0.436147184,0.70891858,0.7686551275,0.6784137042,-0.038194859,0.7193713829,0.5293884968,1,1,1,1,1,1,1,1,8,0.125,0.4496902696,7.533033E-17,0.866021,0.5192599875
240038,-0.243473324,0.5707605124,-0.231670805,-0.254180641,0.6784137042,-0.038194859,-0.226011679,-0.997767611,1,1,1,1,1,1,1,1,8,0.125,-0.092765588,7.533033E-17,0.866021,-0.107116967
24003F,0.6671169089,1.5776682088,0.70891858,1.7914908957,0.6784137042,0.9331768019,0.7193713829,0.0203364607,1,1,1,1,1,1,1,1,8,0.125,0.8870616179,7.533033E-17,0.866021,1.0242952444
240040,0.6671169089,0.5707605124,1.6495079648,0.7686551275,0.6784137042,-1.00956652,-0.69870321,1.0384405328,1,1,1,1,1,1,1,1,8,0.125,0.4580781276,7.533033E-17,0.866021,0.5289454962
240043,0.6671169089,0.5707605124,-0.231670805,-0.254180641,-0.312251048,-0.038194859,-0.226011679,0.0203364607,1,1,1,1,1,1,1,1,8,0.125,0.0244881063,7.533033E-17,0.866021,0.0282765597
240044,0.6671169089,0.5707605124,0.70891858,0.7686551275,0.6784137042,-0.038194859,-0.226011679,-0.488715575,1,1,1,1,1,1,1,1,8,0.125,0.33011784,7.533033E-17,0.866021,0.3811890028
240047,0.6671169089,0.5707605124,-0.231670805,0.7686551275,0.6784137042,0.9331768019,0.7193713829,-0.997767611,1,1,1,1,1,1,1,1,8,0.125,0.3885070027,7.533033E-17,0.866021,0.448611311
240050,0.6671169089,-0.436147184,0.70891858,0.7686551275,-0.312251048,-0.038194859,-0.226011679,-0.488715575,1,1,1,1,1,1,1,1,8,0.125,0.0804212839,7.533033E-17,0.866021,0.0928629274
240052,1.5777071423,1.5776682088,1.6495079648,1.7914908957,1.6690784566,0.9331768019,0.7193713829,1.0384405328,1,1,1,1,1,1,1,1,8,0.125,1.3695551732,7.533033E-17,0.866021,1.5814333781
240053,-0.243473324,0.5707605124,0.70891858,-0.254180641,-0.312251048,-0.038194859,0.7193713829,0.0203364607,1,1,1,1,1,1,1,1,8,0.125,0.1464108829,7.533033E-17,0.866021,0.1690615039
240056,1.5777071423,1.5776682088,0.70891858,0.7686551275,0.6784137042,0.9331768019,1.1920629137,0.0203364607,1,1,1,1,1,1,1,1,8,0.125,0.9321173674,7.533033E-17,0.866021,1.0763213822
240057,0.6671169089,0.5707605124,-0.231670805,-0.254180641,-0.312251048,0.9331768019,0.2466798521,-0.488715575,1,1,1,1,1,1,1,1,8,0.125,0.1413645008,7.533033E-17,0.866021,0.1632344168
240064,1.5777071423,1.5776682088,1.6495079648,0.7686551275,0.6784137042,0.9331768019,0.7193713829,0.0203364607,1,1,1,1,1,1,1,1,8,0.125,0.9906045991,7.533033E-17,0.866021,1.1438569312
240066,1.5777071423,1.5776682088,1.6495079648,0.7686551275,1.6690784566,0.9331768019,1.6647544446,1.0384405328,1,1,1,1,1,1,1,1,8,0.125,1.3598735849,7.533033E-17,0.866021,1.5702539913
240069,0.6671169089,0.5707605124,1.6495079648,0.7686551275,1.6690784566,0.9331768019,-0.226011679,1.0384405328,1,1,1,1,1,1,1,1,8,0.125,0.8838405783,7.533033E-17,0.866021,1.0205758911
240071,1.5777071423,0.5707605124,1.6495079648,0.7686551275,0.6784137042,0.9331768019,0.7193713829,0.0203364607,1,1,1,1,1,1,1,1,8,0.125,0.8647411371,7.533033E-17,0.866021,0.9985216546
240075,0.6671169089,0.5707605124,0.70891858,0.7686551275,0.6784137042,0.9331768019,-0.226011679,0.0203364607,1,1,1,1,1,1,1,1,8,0.125,0.5151708021,7.533033E-17,0.866021,0.5948707418
240076,0.6671169089,0.5707605124,0.70891858,0.7686551275,0.6784137042,0.9331768019,0.7193713829,0.0203364607,1,1,1,1,1,1,1,1,8,0.125,0.6333436848,7.533033E-17,0.866021,0.7313256615
240078,-0.243473324,-0.436147184,-0.231670805,-0.254180641,-0.312251048,-0.038194859,-0.226011679,-0.488715575,1,1,1,1,1,1,1,1,8,0.125,-0.278830639,7.533033E-17,0.866021,-0.321967372
240080,-0.243473324,-0.436147184,-0.231670805,-0.254180641,0.6784137042,0.9331768019,0.2466798521,-0.997767611,1,1,1,1,1,1,1,1,8,0.125,-0.038121151,7.533033E-17,0.866021,-0.044018716
240084,0.6671169089,-0.436147184,0.70891858,-0.254180641,-1.3029158,-0.038194859,-0.226011679,0.0203364607,1,1,1,1,1,1,1,1,8,0.125,-0.107634777,7.533033E-17,0.866021,-0.124286507
240088,0.6671169089,0.5707605124,0.70891858,0.7686551275,-0.312251048,-0.038194859,-0.69870321,0.5293884968,1,1,1,1,1,1,1,1,8,0.125,0.2744613136,7.533033E-17,0.866021,0.3169220859
240093,0.6671169089,0.5707605124,0.70891858,0.7686551275,0.6784137042,0.9331768019,0.7193713829,0.0203364607,1,1,1,1,1,1,1,1,8,0.125,0.6333436848,7.533033E-17,0.866021,0.7313256615
240100,0.6671169089,0.5707605124,0.70891858,0.7686551275,0.6784137042,-0.038194859,-0.226011679,-0.997767611,1,1,1,1,1,1,1,1,8,0.125,0.2664863355,7.533033E-17,0.866021,0.307713332
240101,0.6671169089,0.5707605124,0.70891858,0.7686551275,0.6784137042,-0.038194859,0.2466798521,1.0384405328,1,1,1,1,1,1,1,1,8,0.125,0.5800987948,7.533033E-17,0.866021,0.6698434752
240104,0.6671169089,0.5707605124,-0.231670805,-0.254180641,0.6784137042,0.9331768019,0.2466798521,0.0203364607,1,1,1,1,1,1,1,1,8,0.125,0.3288290993,7.533033E-17,0.866021,0.3797008865
240106,-0.243473324,0.5707605124,-0.231670805,-1.277016409,0.6784137042,-0.038194859,0.2466798521,0.0203364607,1,1,1,1,1,1,1,1,8,0.125,-0.034270608,7.533033E-17,0.866021,-0.039572472
240115,-0.243473324,0.5707605124,-0.231670805,0.7686551275,0.6784137042,0.9331768019,0.2466798521,0.0203364607,1,1,1,1,1,1,1,1,8,0.125,0.3428597912,7.533033E-17,0.866021,0.3959022085
240141,0.6671169089,0.5707605124,0.70891858,0.7686551275,0.6784137042,0.9331768019,0.7193713829,0.5293884968,1,1,1,1,1,1,1,1,8,0.125,0.6969751893,7.533033E-17,0.866021,0.8048013323
240166,0.6671169089,0.5707605124,1.6495079648,0.7686551275,1.6690784566,0.9331768019,0.7193713829,1.5474925688,1,1,1,1,1,1,1,1,8,0.125,1.0656449655,7.533033E-17,0.866021,1.2305064816
240187,1.5777071423,0.5707605124,1.6495079648,0.7686551275,0.6784137042,0.9331768019,0.7193713829,1.5474925688,1,1,1,1,1,1,1,1,8,0.125,1.0556356506,7.533033E-17,0.866021,1.2189486671
240206,,,,,,,,,0,0,0,0,0,0,0,0,0,,,7.533033E-17,0.866021,
240207,-0.243473324,0.5707605124,-0.231670805,0.7686551275,-0.312251048,-0.038194859,-0.69870321,-1.506819647,1,1,1,1,1,1,1,1,8,0.125,-0.211462157,7.533033E-17,0.866021,-0.244176591
240210,-0.243473324,-0.436147184,-0.231670805,-0.254180641,-0.312251048,-0.038194859,-0.226011679,-1.506819647,1,1,1,1,1,1,1,1,8,0.125,-0.406093648,7.533033E-17,0.866021,-0.468918714
240213,-0.243473324,-0.436147184,-0.231670805,-0.254180641,0.6784137042,0.9331768019,-0.69870321,-0.997767611,1,1,1,1,1,1,1,1,8,0.125,-0.156294034,7.533033E-17,0.866021,-0.180473636
240214,-0.243473324,0.5707605124,-0.231670805,0.7686551275,0.6784137042,-0.038194859,0.7193713829,0.5293884968,1,1,1,1,1,1,1,1,8,0.125,0.3441562794,7.533033E-17,0.866021,0.3973992711
241301,,,,,,,,,0,0,0,0,0,0,0,0,0,,,7.533033E-17,0.866021,
241302,,,,,,,,,0,0,0,0,0,0,0,0,0,,,7.533033E-17,0.866021,
241303,,,,,,,,,0,0,0,0,0,0,0,0,0,,,7.533033E-17,0.866021,
241304,,,,,,,,,0,0,0,0,0,0,0,0,0,,,7.533033E-17,0.866021,
241305,1.5777071423,1.5776682088,1.6495079648,1.7914908957,1.6690784566,1.904548463,1.6647544446,2.0565446049,1,1,1,1,1,1,1,1,8,0.125,1.7364125226,7.533033E-17,0.866021,2.0050457075
241306,,,,,,,,,0,0,0,0,0,0,0,0,0,,,7.533033E-17,0.866021,
241308,,,,,,,,,0,0,0,0,0,0,0,0,0,,,7.533033E-17,0.866021,
241309,,,,,,,,,0,0,0,0,0,0,0,0,0,,,7.533033E-17,0.866021,
241311,,,,,,,,,0,0,0,0,0,0,0,0,0,,,7.533033E-17,0.866021,
241312,,,,,,,,,0,0,0,0,0,0,0,0,0,,,7.533033E-17,0.866021,
241313,,,,,,,,,0,0,0,0,0,0,0,0,0,,,7.533033E-17,0.866021,
241314,,,,,,,,,0,0,0,0,0,0,0,0,0,,,7.533033E-17,0.866021,
241315,,,,,,,,,0,0,0,0,0,0,0,0,0,,,7.533033E-17,0.866021,
241316,,,,,,,,,0,0,0,0,0,0,0,0,0,,,7.533033E-17,0.866021,
241317,,,,,,,,,0,0,0,0,0,0,0,0,0,,,7.533033E-17,0.866021,
241318,,,,,,,,,0,0,0,0,0,0,0,0,0,,,7.533033E-17,0.866021,
241319,,,,,,,,,0,0,0,0,0,0,0,0,0,,,7.533033E-17,0.866021,
241320,1.5777071423,0.5707605124,1.6495079648,0.7686551275,0.6784137042,0.9331768019,1.6647544446,1.5474925688,1,1,1,1,1,1,1,1,8,0.125,1.1738085333,7.533033E-17,0.866021,1.3554035868
241321,,,,,,,,,0,0,0,0,0,0,0,0,0,,,7.533033E-17,0.866021,
241322,,,,,,,,,0,0,0,0,0,0,0,0,0,,,7.533033E-17,0.866021,
241323,,,,,,,,,0,0,0,0,0,0,0,0,0,,,7.533033E-17,0.866021,
241325,1.5777071423,1.5776682088,1.6495079648,1.7914908957,0.6784137042,0.9331768019,0.7193713829,1.5474925688,1,1,1,1,1,1,1,1,8,0.125,1.3093535837,7.533033E-17,0.866021,1.5119182501
241326,,,,,,,,,0,0,0,0,0,0,0,0,0,,,7.533033E-17,0.866021,
241327,,,,,,,,,0,0,0,0,0,0,0,0,0,,,7.533033E-17,0.866021,
241328,,,,,,,,,0,0,0,0,0,0,0,0,0,,,7.533033E-17,0.866021,
241329,-0.243473324,0.5707605124,0.70891858,0.7686551275,1.6690784566,0.9331768019,0.7193713829,0.0203364607,1,1,1,1,1,1,1,1,8,0.125,0.6433529997,7.533033E-17,0.866021,0.742883476
241330,,,,,,,,,0,0,0,0,0,0,0,0,0,,,7.533033E-17,0.866021,
241332,,,,,,,,,0,0,0,0,0,0,0,0,0,,,7.533033E-17,0.866021,
241333,,,,,,,,,0,0,0,0,0,0,0,0,0,,,7.533033E-17,0.866021,
241334,1.5777071423,1.5776682088,1.6495079648,1.7914908957,1.6690784566,1.904548463,1.6647544446,2.0565446049,1,1,1,1,1,1,1,1,8,0.125,1.7364125226,7.533033E-17,0.866021,2.0050457075
241335,,,,,,,,,0,0,0,0,0,0,0,0,0,,,7.533033E-17,0.866021,
241336,,,,,,,,,0,0,0,0,0,0,0,0,0,,,7.533033E-17,0.866021,
241337,,,,,,,,,0,0,0,0,0,0,0,0,0,,,7.533033E-17,0.866021,
241338,,,,,,,,,0,0,0,0,0,0,0,0,0,,,7.533033E-17,0.866021,
241339,,,,,,,,,0,0,0,0,0,0,0,0,0,,,7.533033E-17,0.866021,
241340,,,,,,,,,0,0,0,0,0,0,0,0,0,,,7.533033E-17,0.866021,
241341,,,,,,,,,0,0,0,0,0,0,0,0,0,,,7.533033E-17,0.866021,
241342,,,,,,,,,0,0,0,0,0,0,0,0,0,,,7.533033E-17,0.866021,
241343,,,,,,,,,0,0,0,0,0,0,0,0,0,,,7.533033E-17,0.866021,
241344,,,,,,,,,0,0,0,0,0,0,0,0,0,,,7.533033E-17,0.866021,
241345,,,,,,,,,0,0,0,0,0,0,0,0,0,,,7.533033E-17,0.866021,
241346,,,,,,,,,0,0,0,0,0,0,0,0,0,,,7.533033E-17,0.866021,
241347,,,,,,,,,0,0,0,0,0,0,0,0,0,,,7.533033E-17,0.866021,
241348,,,,,,,,,0,0,0,0,0,0,0,0,0,,,7.533033E-17,0.866021,
241349,,,,,,,,,0,0,0,0,0,0,0,0,0,,,7.533033E-17,0.866021,
241350,0.6671169089,1.5776682088,0.70891858,1.7914908957,0.6784137042,0.9331768019,0.7193713829,1.5474925688,1,1,1,1,1,1,1,1,8,0.125,1.0779561314,7.533033E-17,0.866021,1.244722257
241351,,,,,,,,,0,0,0,0,0,0,0,0,0,,,7.533033E-17,0.866021,
241353,1.5777071423,1.5776682088,0.70891858,1.7914908957,1.6690784566,1.904548463,1.1920629137,0.5293884968,1,1,1,1,1,1,1,1,8,0.125,1.3688578946,7.533033E-17,0.866021,1.5806282264
241354,1.5777071423,1.5776682088,1.6495079648,0.7686551275,0.6784137042,0.9331768019,1.1920629137,1.0384405328,1,1,1,1,1,1,1,1,8,0.125,1.1769540495,7.533033E-17,0.866021,1.3590357327
241355,0.6671169089,0.5707605124,1.6495079648,1.7914908957,0.6784137042,1.904548463,0.7193713829,0.5293884968,1,1,1,1,1,1,1,1,8,0.125,1.0638247911,7.533033E-17,0.866021,1.2284047156
241356,,,,,,,,,0,0,0,0,0,0,0,0,0,,,7.533033E-17,0.866021,
241357,,,,,,,,,0,0,0,0,0,0,0,0,0,,,7.533033E-17,0.866021,
241358,,,,,,,,,0,0,0,0,0,0,0,0,0,,,7.533033E-17,0.866021,
241359,0.6671169089,0.5707605124,0.70891858,0.7686551275,0.6784137042,-0.038194859,-0.69870321,0.5293884968,1,1,1,1,1,1,1,1,8,0.125,0.3982944076,7.533033E-17,0.866021,0.4599128847
241360,,,,,,,,,0,0,0,0,0,0,0,0,0,,,7.533033E-17,0.866021,
241361,0.6671169089,1.5776682088,1.6495079648,0.7686551275,0.6784137042,0.9331768019,1.1920629137,1.0384405328,1,1,1,1,1,1,1,1,8,0.125,1.0631302703,7.533033E-17,0.866021,1.2276027484
241362,0.6671169089,1.5776682088,0.70891858,0.7686551275,0.6784137042,0.9331768019,0.7193713829,1.0384405328,1,1,1,1,1,1,1,1,8,0.125,0.8864701559,7.533033E-17,0.866021,1.0236122798
241363,0.6671169089,1.5776682088,1.6495079648,0.7686551275,1.6690784566,0.9331768019,0.7193713829,2.0565446049,1,1,1,1,1,1,1,1,8,0.125,1.255139932,7.533033E-17,0.866021,1.4493174291
241364,1.5777071423,0.5707605124,1.6495079648,1.7914908957,-0.312251048,0.9331768019,1.1920629137,2.0565446049,1,1,1,1,1,1,1,1,8,0.125,1.1823749734,7.533033E-17,0.866021,1.3652953053
241365,,,,,,,,,0,0,0,0,0,0,0,0,0,,,7.533033E-17,0.866021,
241366,0.6671169089,0.5707605124,-0.231670805,1.7914908957,0.6784137042,0.9331768019,0.2466798521,1.5474925688,1,1,1,1,1,1,1,1,8,0.125,0.7754325549,7.533033E-17,0.866021,0.8953965118
241367,0.6671169089,0.5707605124,1.6495079648,1.7914908957,1.6690784566,0.9331768019,0.7193713829,2.0565446049,1,1,1,1,1,1,1,1,8,0.125,1.257130941,7.533033E-17,0.866021,1.4516164588
241368,,,,,,,,,0,0,0,0,0,0,0,0,0,,,7.533033E-17,0.866021,
241369,1.5777071423,1.5776682088,1.6495079648,1.7914908957,0.6784137042,1.904548463,1.6647544446,1.5474925688,1,1,1,1,1,1,1,1,8,0.125,1.548947924,7.533033E-17,0.866021,1.7885792379
241370,1.5777071423,0.5707605124,1.6495079648,0.7686551275,0.6784137042,0.9331768019,0.2466798521,1.5474925688,1,1,1,1,1,1,1,1,8,0.125,0.9965492092,7.533033E-17,0.866021,1.1507212073
241371,,,,,,,,,0,0,0,0,0,0,0,0,0,,,7.533033E-17,0.866021,
241372,,,,,,,,,0,0,0,0,0,0,0,0,0,,,7.533033E-17,0.866021,
241373,1.5777071423,1.5776682088,1.6495079648,0.7686551275,1.6690784566,1.904548463,1.6647544446,1.5474925688,1,1,1,1,1,1,1,1,8,0.125,1.544926547,7.533033E-17,0.866021,1.7839357303
241374,,,,,,,,,0,0,0,0,0,0,0,0,0,,,7.533033E-17,0.866021,
241375,,,,,,,,,0,0,0,0,0,0,0,0,0,,,7.533033E-17,0.866021,
241376,1.5777071423,1.5776682088,1.6495079648,1.7914908957,0.6784137042,1.904548463,1.6647544446,2.0565446049,1,1,1,1,1,1,1,1,8,0.125,1.6125794285,7.533033E-17,0.866021,1.8620549087
241377,,,,,,,,,0,0,0,0,0,0,0,0,0,,,7.533033E-17,0.866021,
241378,1.5777071423,0.5707605124,1.6495079648,0.7686551275,0.6784137042,0.9331768019,0.7193713829,1.0384405328,1,1,1,1,1,1,1,1,8,0.125,0.9920041461,7.533033E-17,0.866021,1.1454729963
241379,,,,,,,,,0,0,0,0,0,0,0,0,0,,,7.533033E-17,0.866021,
241380,1.5777071423,1.5776682088,1.6495079648,0.7686551275,0.6784137042,0.9331768019,0.7193713829,1.5474925688,1,1,1,1,1,1,1,1,8,0.125,1.1814991127,7.533033E-17,0.866021,1.3642839438
241381,1.5777071423,-0.436147184,1.6495079648,0.7686551275,-0.312251048,-0.038194859,-0.226011679,0.0203364607,1,1,1,1,1,1,1,1,8,0.125,0.3754502406,7.533033E-17,0.866021,0.4335345914
250001,-0.243473324,0.5707605124,-0.231670805,-0.254180641,-1.3029158,-0.038194859,0.2466798521,0.0203364607,1,1,1,1,1,1,1,1,8,0.125,-0.154082326,7.533033E-17,0.866021,-0.177919764
250002,,,,,,,,,0,0,0,0,0,0,0,0,0,,,7.533033E-17,0.866021,
250004,-0.243473324,0.5707605124,-0.231670805,-1.277016409,-1.3029158,-0.038194859,-0.226011679,0.0203364607,1,1,1,1,1,1,1,1,8,0.125,-0.341023238,7.533033E-17,0.866021,-0.39378153
250006,1.5777071423,1.5776682088,0.70891858,1.7914908957,0.6784137042,0.9331768019,1.1920629137,1.0384405328,1,1,1,1,1,1,1,1,8,0.125,1.1872348474,7.533033E-17,0.866021,1.3709070303
250007,-1.154063558,-1.44305488,-2.112849574,-1.277016409,-1.3029158,-1.00956652,-2.116777802,-0.997767611,1,1,1,1,1,1,1,1,8,0.125,-1.426751519,7.533033E-17,0.866021,-1.647478334
250009,0.6671169089,1.5776682088,0.70891858,-0.254180641,0.6784137042,0.9331768019,0.2466798521,0.0203364607,1,1,1,1,1,1,1,1,8,0.125,0.5722662345,7.533033E-17,0.866021,0.6607991719
250017,,,,,,,,,0,0,0,0,0,0,0,0,0,,,7.533033E-17,0.866021,
250018,,,,,,,,,0,0,0,0,0,0,0,0,0,,,7.533033E-17,0.866021,
250019,0.6671169089,0.5707605124,0.70891858,0.7686551275,-0.312251048,-0.038194859,0.2466798521,-0.997767611,1,1,1,1,1,1,1,1,8,0.125,0.2017396828,7.533033E-17,0.866021,0.232949993
250020,,,,,,,,,0,0,0,0,0,0,0,0,0,,,7.533033E-17,0.866021,
250025,1.5777071423,1.5776682088,0.70891858,1.7914908957,0.6784137042,1.904548463,1.6647544446,1.0384405328,1,1,1,1,1,1,1,1,8,0.125,1.3677427464,7.533033E-17,0.866021,1.5793405582
250027,,,,,,,,,0,0,0,0,0,0,0,0,0,,,7.533033E-17,0.866021,
250031,-1.154063558,-0.436147184,-1.17226019,-0.254180641,-1.3029158,-1.00956652,-2.116777802,-0.488715575,1,1,1,1,1,1,1,1,8,0.125,-0.991828409,7.533033E-17,0.866021,-1.145270071
250034,0.6671169089,0.5707605124,-0.231670805,0.7686551275,0.6784137042,0.9331768019,0.7193713829,-0.488715575,1,1,1,1,1,1,1,1,8,0.125,0.4521385072,7.533033E-17,0.866021,0.5220869818
250036,-0.243473324,-0.436147184,0.70891858,0.7686551275,1.6690784566,0.9331768019,0.2466798521,1.0384405328,1,1,1,1,1,1,1,1,8,0.125,0.5856661053,7.533033E-17,0.866021,0.6762720812
250038,1.5777071423,0.5707605124,0.70891858,1.7914908957,-1.3029158,0.9331768019,0.7193713829,1.5474925688,1,1,1,1,1,1,1,1,8,0.125,0.8182502604,7.533033E-17,0.866021,0.9448383671
250040,0.6671169089,0.5707605124,0.70891858,0.7686551275,-0.312251048,0.9331768019,0.7193713829,0.5293884968,1,1,1,1,1,1,1,1,8,0.125,0.5731420953,7.533033E-17,0.866021,0.6618105335
250042,-1.154063558,-0.436147184,0.70891858,0.7686551275,0.6784137042,-0.038194859,-1.17139474,-0.488715575,1,1,1,1,1,1,1,1,8,0.125,-0.141566063,7.533033E-17,0.866021,-0.163467162
250043,,,,,,,,,0,0,0,0,0,0,0,0,0,,,7.533033E-17,0.866021,
250044,1.5777071423,1.5776682088,1.6495079648,1.7914908957,1.6690784566,1.904548463,1.6647544446,1.5474925688,1,1,1,1,1,1,1,1,8,0.125,1.6727810181,7.533033E-17,0.866021,1.9315700367
250048,-1.154063558,0.5707605124,-1.17226019,-1.277016409,-1.3029158,-0.038194859,-0.226011679,-0.488715575,1,1,1,1,1,1,1,1,8,0.125,-0.636052195,7.533033E-17,0.866021,-0.734453194
250049,,,,,,,,,0,0,0,0,0,0,0,0,0,,,7.533033E-17,0.866021,
250050,0.6671169089,0.5707605124,0.70891858,0.7686551275,0.6784137042,-0.038194859,-0.226011679,0.5293884968,1,1,1,1,1,1,1,1,8,0.125,0.457380849,7.533033E-17,0.866021,0.5281403445
250057,1.5777071423,1.5776682088,0.70891858,1.7914908957,1.6690784566,0.9331768019,1.6647544446,1.0384405328,1,1,1,1,1,1,1,1,8,0.125,1.3701543828,7.533033E-17,0.866021,1.5821252889
250058,-0.243473324,0.5707605124,-0.231670805,-0.254180641,-0.312251048,-0.038194859,-0.226011679,0.0203364607,1,1,1,1,1,1,1,1,8,0.125,-0.089335673,7.533033E-17,0.866021,-0.103156425
250061,,,,,,,,,0,0,0,0,0,0,0,0,0,,,7.533033E-17,0.866021,
250067,,,,,,,,,0,0,0,0,0,0,0,0,0,,,7.533033E-17,0.866021,
250069,-0.243473324,0.5707605124,-0.231670805,-0.254180641,0.6784137042,-1.00956652,-0.226011679,0.0203364607,1,1,1,1,1,1,1,1,8,0.125,-0.086924036,7.533033E-17,0.866021,-0.100371694
250072,-2.064653791,-0.436147184,-2.112849574,-2.299852177,-2.293580553,-1.980938182,-2.116777802,-0.997767611,1,1,1,1,1,1,1,1,8,0.125,-1.787820859,7.533033E-17,0.866021,-2.064407215
250077,,,,,,,,,0,0,0,0,0,0,0,0,0,,,7.533033E-17,0.866021,
250078,-0.243473324,0.5707605124,-0.231670805,0.7686551275,-0.312251048,-0.038194859,0.7193713829,0.0203364607,1,1,1,1,1,1,1,1,8,0.125,0.1566916809,7.533033E-17,0.866021,0.1809328014
250081,,,,,,,,,0,0,0,0,0,0,0,0,0,,,7.533033E-17,0.866021,
250082,-1.154063558,0.5707605124,-0.231670805,-0.254180641,-1.3029158,-1.00956652,-0.69870321,0.0203364607,1,1,1,1,1,1,1,1,8,0.125,-0.507500445,7.533033E-17,0.866021,-0.586013736
250084,-0.243473324,-0.436147184,-1.17226019,-1.277016409,-1.3029158,-1.00956652,-1.644086271,0.0203364607,1,1,1,1,1,1,1,1,8,0.125,-0.883141155,7.533033E-17,0.866021,-1.019768263
250085,,,,,,,,,0,0,0,0,0,0,0,0,0,,,7.533033E-17,0.866021,
250093,0.6671169089,1.5776682088,0.70891858,0.7686551275,-1.3029158,-0.038194859,-0.69870321,0.0203364607,1,1,1,1,1,1,1,1,8,0.125,0.2128601771,7.533033E-17,0.866021,0.2457908929
250094,-0.243473324,-0.436147184,-1.17226019,-0.254180641,-0.312251048,-0.038194859,-0.226011679,0.0203364607,1,1,1,1,1,1,1,1,8,0.125,-0.332772808,7.533033E-17,0.866021,-0.38425471
250095,,,,,,,,,0,0,0,0,0,0,0,0,0,,,7.533033E-17,0.866021,
250096,-1.154063558,-1.44305488,-0.231670805,-2.299852177,-2.293580553,-1.00956652,-1.17139474,1.0384405328,1,1,1,1,1,1,1,1,8,0.125,-1.070592838,7.533033E-17,0.866021,-1.236219819
250097,-0.243473324,-0.436147184,0.70891858,-0.254180641,0.6784137042,-1.00956652,-0.69870321,0.0203364607,1,1,1,1,1,1,1,1,8,0.125,-0.154300267,7.533033E-17,0.866021,-0.178171422
250099,,,,,,,,,0,0,0,0,0,0,0,0,0,,,7.533033E-17,0.866021,
250100,0.6671169089,0.5707605124,0.70891858,-0.254180641,0.6784137042,0.9331768019,0.7193713829,1.0384405328,1,1,1,1,1,1,1,1,8,0.125,0.6327522228,7.533033E-17,0.866021,0.7306426968
250102,-0.243473324,0.5707605124,-0.231670805,-0.254180641,-1.3029158,-0.038194859,0.7193713829,0.0203364607,1,1,1,1,1,1,1,1,8,0.125,-0.094995884,7.533033E-17,0.866021,-0.109692304
250104,0.6671169089,0.5707605124,-0.231670805,0.7686551275,0.6784137042,-0.038194859,0.7193713829,-0.488715575,1,1,1,1,1,1,1,1,8,0.125,0.3307170496,7.533033E-17,0.866021,0.3818809137
250117,,,,,,,,,0,0,0,0,0,0,0,0,0,,,7.533033E-17,0.866021,
250123,-0.243473324,0.5707605124,0.70891858,-0.254180641,-1.3029158,-1.00956652,-0.226011679,0.0203364607,1,1,1,1,1,1,1,1,8,0.125,-0.217016551,7.533033E-17,0.866021,-0.250590283
250124,,,,,,,,,0,0,0,0,0,0,0,0,0,,,7.533033E-17,0.866021,
250127,,,,,,,,,0,0,0,0,0,0,0,0,0,,,7.533033E-17,0.866021,
250134,,,,,,,,,0,0,0,0,0,0,0,0,0,,,7.533033E-17,0.866021,
250136,0.6671169089,1.5776682088,0.70891858,-0.254180641,0.6784137042,0.9331768019,1.1920629137,0.5293884968,1,1,1,1,1,1,1,1,8,0.125,0.7540706217,7.533033E-17,0.866021,0.8707297624
250138,-1.154063558,-1.44305488,-1.17226019,-1.277016409,-1.3029158,-1.980938182,-2.116777802,-0.997767611,1,1,1,1,1,1,1,1,8,0.125,-1.430599304,7.533033E-17,0.866021,-1.651921393
250141,-1.154063558,-0.436147184,-1.17226019,-1.277016409,-1.3029158,-1.00956652,-0.69870321,-0.997767611,1,1,1,1,1,1,1,1,8,0.125,-1.00605506,7.533033E-17,0.866021,-1.161697669
250151,,,,,,,,,0,0,0,0,0,0,0,0,0,,,7.533033E-17,0.866021,
250162,,,,,,,,,0,0,0,0,0,0,0,0,0,,,7.533033E-17,0.866021,
250167,-0.243473324,0.5707605124,-0.231670805,-0.254180641,-0.312251048,-0.038194859,0.7193713829,0.5293884968,1,1,1,1,1,1,1,1,8,0.125,0.0924687143,7.533033E-17,0.866021,0.1067741659
250168,0.6671169089,1.5776682088,-0.231670805,0.7686551275,0.6784137042,0.9331768019,-0.226011679,1.5474925688,1,1,1,1,1,1,1,1,8,0.125,0.7143551046,7.533033E-17,0.866021,0.8248700222
250172,,,,,,,,,0,0,0,0,0,0,0,0,0,,,7.533033E-17,0.866021,
25042F,1.5777071423,1.5776682088,1.6495079648,1.7914908957,0.6784137042,1.904548463,1.6647544446,1.5474925688,1,1,1,1,1,1,1,1,8,0.125,1.548947924,7.533033E-17,0.866021,1.7885792379
25043F,0.6671169089,1.5776682088,0.70891858,0.7686551275,-0.312251048,0.9331768019,0.7193713829,1.0384405328,1,1,1,1,1,1,1,1,8,0.125,0.7626370618,7.533033E-17,0.866021,0.880621481
251300,,,,,,,,,0,0,0,0,0,0,0,0,0,,,7.533033E-17,0.866021,
251302,,,,,,,,,0,0,0,0,0,0,0,0,0,,,7.533033E-17,0.866021,
251304,,,,,,,,,0,0,0,0,0,0,0,0,0,,,7.533033E-17,0.866021,
251305,,,,,,,,,0,0,0,0,0,0,0,0,0,,,7.533033E-17,0.866021,
251308,,,,,,,,,0,0,0,0,0,0,0,0,0,,,7.533033E-17,0.866021,
251309,,,,,,,,,0,0,0,0,0,0,0,0,0,,,7.533033E-17,0.866021,
251312,,,,,,,,,0,0,0,0,0,0,0,0,0,,,7.533033E-17,0.866021,
251313,,,,,,,,,0,0,0,0,0,0,0,0,0,,,7.533033E-17,0.866021,
251315,,,,,,,,,0,0,0,0,0,0,0,0,0,,,7.533033E-17,0.866021,
251316,,,,,,,,,0,0,0,0,0,0,0,0,0,,,7.533033E-17,0.866021,
251317,,,,,,,,,0,0,0,0,0,0,0,0,0,,,7.533033E-17,0.866021,
251318,,,,,,,,,0,0,0,0,0,0,0,0,0,,,7.533033E-17,0.866021,
251319,,,,,,,,,0,0,0,0,0,0,0,0,0,,,7.533033E-17,0.866021,
251320,,,,,,,,,0,0,0,0,0,0,0,0,0,,,7.533033E-17,0.866021,
251322,,,,,,,,,0,0,0,0,0,0,0,0,0,,,7.533033E-17,0.866021,
251323,,,,,,,,,0,0,0,0,0,0,0,0,0,,,7.533033E-17,0.866021,
251324,,,,,,,,,0,0,0,0,0,0,0,0,0,,,7.533033E-17,0.866021,
251325,,,,,,,,,0,0,0,0,0,0,0,0,0,,,7.533033E-17,0.866021,
251326,,,,,,,,,0,0,0,0,0,0,0,0,0,,,7.533033E-17,0.866021,
251327,,,,,,,,,0,0,0,0,0,0,0,0,0,,,7.533033E-17,0.866021,
251330,,,,,,,,,0,0,0,0,0,0,0,0,0,,,7.533033E-17,0.866021,
251331,,,,,,,,,0,0,0,0,0,0,0,0,0,,,7.533033E-17,0.866021,
251333,,,,,,,,,0,0,0,0,0,0,0,0,0,,,7.533033E-17,0.866021,
251334,,,,,,,,,0,0,0,0,0,0,0,0,0,,,7.533033E-17,0.866021,
251335,,,,,,,,,0,0,0,0,0,0,0,0,0,,,7.533033E-17,0.866021,
251336,,,,,,,,,0,0,0,0,0,0,0,0,0,,,7.533033E-17,0.866021,
251337,,,,,,,,,0,0,0,0,0,0,0,0,0,,,7.533033E-17,0.866021,
251338,,,,,,,,,0,0,0,0,0,0,0,0,0,,,7.533033E-17,0.866021,
260001,-1.154063558,-0.436147184,-0.231670805,-1.277016409,-0.312251048,-1.00956652,-0.226011679,-0.488715575,1,1,1,1,1,1,1,1,8,0.125,-0.641930347,7.533033E-17,0.866021,-0.741240731
260005,0.6671169089,-0.436147184,-0.231670805,-1.277016409,-0.312251048,-0.038194859,-0.226011679,-0.997767611,1,1,1,1,1,1,1,1,8,0.125,-0.356492836,7.533033E-17,0.866021,-0.411644365
260006,0.6671169089,0.5707605124,-0.231670805,-0.254180641,0.6784137042,0.9331768019,-0.226011679,0.0203364607,1,1,1,1,1,1,1,1,8,0.125,0.269742658,7.533033E-17,0.866021,0.3114734267
260009,-0.243473324,0.5707605124,-0.231670805,-0.254180641,0.6784137042,-0.038194859,-0.226011679,0.0203364607,1,1,1,1,1,1,1,1,8,0.125,0.0344974212,7.533033E-17,0.866021,0.0398343742
260011,-0.243473324,-0.436147184,-0.231670805,-0.254180641,0.6784137042,-0.038194859,0.2466798521,0.0203364607,1,1,1,1,1,1,1,1,8,0.125,-0.0322796,7.533033E-17,0.866021,-0.037273443
260017,0.6671169089,0.5707605124,0.70891858,0.7686551275,0.6784137042,-0.038194859,0.7193713829,0.0203364607,1,1,1,1,1,1,1,1,8,0.125,0.5119222272,7.533033E-17,0.866021,0.5911195933
260020,-0.243473324,-0.436147184,-1.17226019,-1.277016409,-1.3029158,-1.00956652,-0.226011679,-0.997767611,1,1,1,1,1,1,1,1,8,0.125,-0.83314484,7.533033E-17,0.866021,-0.962037225
260022,-0.243473324,-0.436147184,-0.231670805,-1.277016409,-0.312251048,-1.00956652,-1.17139474,-0.997767611,1,1,1,1,1,1,1,1,8,0.125,-0.709910955,7.533033E-17,0.866021,-0.819738337
260023,-0.243473324,-0.436147184,-0.231670805,-1.277016409,0.6784137042,-1.00956652,0.7193713829,0.5293884968,1,1,1,1,1,1,1,1,8,0.125,-0.158837582,7.533033E-17,0.866021,-0.183410686
260024,1.5777071423,0.5707605124,1.6495079648,-0.254180641,0.6784137042,0.9331768019,0.2466798521,1.5474925688,1,1,1,1,1,1,1,1,8,0.125,0.8686947382,7.533033E-17,0.866021,1.0030869009
260025,-0.243473324,-0.436147184,-0.231670805,-1.277016409,-0.312251048,-1.00956652,-0.226011679,-0.997767611,1,1,1,1,1,1,1,1,8,0.125,-0.591738073,7.533033E-17,0.866021,-0.683283417
260027,-1.154063558,-1.44305488,-2.112849574,-1.277016409,-0.312251048,-1.00956652,-1.17139474,-0.997767611,1,1,1,1,1,1,1,1,8,0.125,-1.184745543,7.533033E-17,0.866021,-1.368032616
260032,0.6671169089,0.5707605124,-0.231670805,0.7686551275,1.6690784566,0.9331768019,1.1920629137,-0.488715575,1,1,1,1,1,1,1,1,8,0.125,0.6350580426,7.533033E-17,0.866021,0.7333052404
260034,,,,,,,,,0,0,0,0,0,0,0,0,0,,,7.533033E-17,0.866021,
260040,-0.243473324,-0.436147184,-0.231670805,-1.277016409,0.6784137042,-0.038194859,0.2466798521,-0.997767611,1,1,1,1,1,1,1,1,8,0.125,-0.28739708,7.533033E-17,0.866021,-0.331859091
260048,-1.154063558,-0.436147184,-1.17226019,-1.277016409,-0.312251048,-1.00956652,-0.226011679,-0.997767611,1,1,1,1,1,1,1,1,8,0.125,-0.823135525,7.533033E-17,0.866021,-0.950479411
26004F,-0.243473324,-0.436147184,0.70891858,0.7686551275,-0.312251048,0.9331768019,-0.226011679,0.0203364607,1,1,1,1,1,1,1,1,8,0.125,0.1516504669,7.533033E-17,0.866021,0.1751116821
260050,1.5777071423,1.5776682088,0.70891858,0.7686551275,0.6784137042,0.9331768019,0.7193713829,1.5474925688,1,1,1,1,1,1,1,1,8,0.125,1.0639254396,7.533033E-17,0.866021,1.228520935
260052,-0.243473324,-0.436147184,-1.17226019,-0.254180641,-0.312251048,-1.00956652,-1.17139474,-1.506819647,1,1,1,1,1,1,1,1,8,0.125,-0.763261662,7.533033E-17,0.866021,-0.88134271
260057,-0.243473324,0.5707605124,0.70891858,-0.254180641,1.6690784566,-0.038194859,-0.226011679,0.0203364607,1,1,1,1,1,1,1,1,8,0.125,0.2759041883,7.533033E-17,0.866021,0.3185881818
260059,0.6671169089,0.5707605124,1.6495079648,-0.254180641,-1.3029158,-0.038194859,-0.226011679,0.0203364607,1,1,1,1,1,1,1,1,8,0.125,0.1358023585,7.533033E-17,0.866021,0.1568117785
260061,,,,,,,,,0,0,0,0,0,0,0,0,0,,,7.533033E-17,0.866021,
260062,0.6671169089,0.5707605124,-0.231670805,0.7686551275,0.6784137042,0.9331768019,0.7193713829,1.0384405328,1,1,1,1,1,1,1,1,8,0.125,0.6430330207,7.533033E-17,0.866021,0.7425139944
260065,-0.243473324,-1.44305488,-1.17226019,-1.277016409,-0.312251048,-1.00956652,-0.69870321,-0.997767611,1,1,1,1,1,1,1,1,8,0.125,-0.894261649,7.533033E-17,0.866021,-1.032609163
260068,-0.243473324,0.5707605124,-0.231670805,-0.254180641,0.6784137042,-0.038194859,1.1920629137,0.5293884968,1,1,1,1,1,1,1,1,8,0.125,0.2753882497,7.533033E-17,0.866021,0.3179924245
260070,,,,,,,,,0,0,0,0,0,0,0,0,0,,,7.533033E-17,0.866021,
260074,-0.243473324,0.5707605124,0.70891858,-1.277016409,-0.312251048,-1.00956652,-0.69870321,1.0384405328,1,1,1,1,1,1,1,1,8,0.125,-0.152861361,7.533033E-17,0.866021,-0.176509908
260077,-1.154063558,-1.44305488,-2.112849574,-1.277016409,-1.3029158,-1.00956652,-1.644086271,-1.506819647,1,1,1,1,1,1,1,1,8,0.125,-1.431296583,7.533033E-17,0.866021,-1.652726545
260078,-0.243473324,-0.436147184,-0.231670805,-0.254180641,-1.3029158,-1.00956652,-0.69870321,-0.488715575,1,1,1,1,1,1,1,1,8,0.125,-0.583171632,7.533033E-17,0.866021,-0.673391699
26007F,,,,,,,,,0,0,0,0,0,0,0,0,0,,,7.533033E-17,0.866021,
260081,0.6671169089,-0.436147184,-0.231670805,-1.277016409,-0.312251048,-0.038194859,0.7193713829,-0.488715575,1,1,1,1,1,1,1,1,8,0.125,-0.174688449,7.533033E-17,0.866021,-0.201713774
260085,-1.154063558,-1.44305488,-0.231670805,-1.277016409,-0.312251048,-1.00956652,-0.69870321,-0.488715575,1,1,1,1,1,1,1,1,8,0.125,-0.826880251,7.533033E-17,0.866021,-0.954803467
260091,-0.243473324,-0.436147184,-1.17226019,-1.277016409,-1.3029158,-1.00956652,-0.69870321,-0.997767611,1,1,1,1,1,1,1,1,8,0.125,-0.892231281,7.533033E-17,0.866021,-1.030264685
260094,0.6671169089,0.5707605124,0.70891858,0.7686551275,0.6784137042,0.9331768019,0.7193713829,0.5293884968,1,1,1,1,1,1,1,1,8,0.125,0.6969751893,7.533033E-17,0.866021,0.8048013323
260095,-0.243473324,-1.44305488,-0.231670805,-1.277016409,-0.312251048,-1.00956652,-1.17139474,0.0203364607,1,1,1,1,1,1,1,1,8,0.125,-0.708511408,7.533033E-17,0.866021,-0.818122272
260096,-0.243473324,0.5707605124,-0.231670805,0.7686551275,0.6784137042,0.9331768019,0.7193713829,0.0203364607,1,1,1,1,1,1,1,1,8,0.125,0.4019462326,7.533033E-17,0.866021,0.4641296684
260097,-0.243473324,0.5707605124,-0.231670805,0.7686551275,-0.312251048,0.9331768019,-0.226011679,1.0384405328,1,1,1,1,1,1,1,1,8,0.125,0.2872032648,7.533033E-17,0.866021,0.3316352916
26009F,-0.243473324,0.5707605124,-0.231670805,0.7686551275,-0.312251048,0.9331768019,-0.69870321,-0.488715575,1,1,1,1,1,1,1,1,8,0.125,0.0372223099,7.533033E-17,0.866021,0.0429808192
260102,-0.243473324,-0.436147184,-0.231670805,-0.254180641,0.6784137042,-1.00956652,0.2466798521,0.0203364607,1,1,1,1,1,1,1,1,8,0.125,-0.153701057,7.533033E-17,0.866021,-0.177479511
260104,-1.154063558,-1.44305488,-2.112849574,-2.299852177,-2.293580553,-1.980938182,-2.116777802,-1.506819647,1,1,1,1,1,1,1,1,8,0.125,-1.863492047,7.533033E-17,0.866021,-2.151785178
260105,-1.154063558,-0.436147184,-1.17226019,-1.277016409,-1.3029158,-1.00956652,-0.226011679,-0.488715575,1,1,1,1,1,1,1,1,8,0.125,-0.883337114,7.533033E-17,0.866021,-1.019994538
260108,0.6671169089,0.5707605124,0.70891858,0.7686551275,0.6784137042,0.9331768019,1.1920629137,-0.488715575,1,1,1,1,1,1,1,1,8,0.125,0.6287986217,7.533033E-17,0.866021,0.7260774504
260110,-0.243473324,-0.436147184,-0.231670805,-0.254180641,0.6784137042,-0.038194859,-0.69870321,-0.488715575,1,1,1,1,1,1,1,1,8,0.125,-0.214083987,7.533033E-17,0.866021,-0.247204033
260113,-0.243473324,0.5707605124,-0.231670805,-0.254180641,-0.312251048,-1.00956652,-1.17139474,0.5293884968,1,1,1,1,1,1,1,1,8,0.125,-0.265298509,7.533033E-17,0.866021,-0.306341741
260119,-1.154063558,-1.44305488,-1.17226019,-1.277016409,-1.3029158,-1.00956652,-1.17139474,0.0203364607,1,1,1,1,1,1,1,1,8,0.125,-1.063741955,7.533033E-17,0.866021,-1.228309064
260137,-1.154063558,-0.436147184,-1.17226019,-0.254180641,0.6784137042,-0.038194859,-0.226011679,-0.997767611,1,1,1,1,1,1,1,1,8,0.125,-0.450026502,7.533033E-17,0.866021,-0.519648237
260138,0.6671169089,0.5707605124,0.70891858,0.7686551275,0.6784137042,0.9331768019,1.1920629137,1.0384405328,1,1,1,1,1,1,1,1,8,0.125,0.8196931352,7.533033E-17,0.866021,0.946504463
260141,-0.243473324,-1.44305488,-0.231670805,-0.254180641,-0.312251048,-0.038194859,0.7193713829,0.0203364607,1,1,1,1,1,1,1,1,8,0.125,-0.222889714,7.533033E-17,0.866021,-0.257372058
260142,0.6671169089,0.5707605124,1.6495079648,0.7686551275,1.6690784566,0.9331768019,0.2466798521,0.0203364607,1,1,1,1,1,1,1,1,8,0.125,0.8156640106,7.533033E-17,0.866021,0.9418520092
260160,,,,,,,,,0,0,0,0,0,0,0,0,0,,,7.533033E-17,0.866021,
260162,1.5777071423,1.5776682088,1.6495079648,0.7686551275,1.6690784566,1.904548463,1.6647544446,1.0384405328,1,1,1,1,1,1,1,1,8,0.125,1.4812950425,7.533033E-17,0.866021,1.7104600595
260163,0.6671169089,0.5707605124,0.70891858,-0.254180641,0.6784137042,0.9331768019,-0.226011679,0.0203364607,1,1,1,1,1,1,1,1,8,0.125,0.3873163311,7.533033E-17,0.866021,0.4472364355
260175,0.6671169089,0.5707605124,0.70891858,0.7686551275,0.6784137042,0.9331768019,0.7193713829,0.0203364607,1,1,1,1,1,1,1,1,8,0.125,0.6333436848,7.533033E-17,0.866021,0.7313256615
260176,0.6671169089,0.5707605124,0.70891858,0.7686551275,0.6784137042,0.9331768019,0.7193713829,1.0384405328,1,1,1,1,1,1,1,1,8,0.125,0.7606066938,7.533033E-17,0.866021,0.8782770032
260177,0.6671169089,-0.436147184,0.70891858,-0.254180641,0.6784137042,-0.038194859,0.7193713829,0.0203364607,1,1,1,1,1,1,1,1,8,0.125,0.2582042941,7.533033E-17,0.866021,0.2981500103
260179,0.6671169089,0.5707605124,-0.231670805,-0.254180641,0.6784137042,0.9331768019,1.1920629137,0.0203364607,1,1,1,1,1,1,1,1,8,0.125,0.447001982,7.533033E-17,0.866021,0.5161558061
260180,0.6671169089,0.5707605124,0.70891858,0.7686551275,0.6784137042,0.9331768019,0.2466798521,1.0384405328,1,1,1,1,1,1,1,1,8,0.125,0.7015202525,7.533033E-17,0.866021,0.8100495433
260183,-0.243473324,0.5707605124,-1.17226019,-0.254180641,-0.312251048,0.9331768019,0.7193713829,0.0203364607,1,1,1,1,1,1,1,1,8,0.125,0.0326849944,7.533033E-17,0.866021,0.0377415544
260186,0.6671169089,0.5707605124,0.70891858,-0.254180641,0.6784137042,-0.038194859,0.7193713829,-0.488715575,1,1,1,1,1,1,1,1,8,0.125,0.3204362516,7.533033E-17,0.866021,0.3700096161
260190,-1.154063558,-1.44305488,-0.231670805,-1.277016409,-0.312251048,-1.00956652,-0.226011679,0.0203364607,1,1,1,1,1,1,1,1,8,0.125,-0.704162305,7.533033E-17,0.866021,-0.813100337
260191,0.6671169089,0.5707605124,-0.231670805,-0.254180641,1.6690784566,0.9331768019,0.7193713829,-0.997767611,1,1,1,1,1,1,1,1,8,0.125,0.3844856257,7.533033E-17,0.866021,0.4439678034
260193,-1.154063558,-1.44305488,-0.231670805,-1.277016409,-0.312251048,-0.038194859,-0.226011679,0.5293884968,1,1,1,1,1,1,1,1,8,0.125,-0.519109343,7.533033E-17,0.866021,-0.599418598
260195,-0.243473324,0.5707605124,0.70891858,-0.254180641,0.6784137042,-0.038194859,0.7193713829,0.0203364607,1,1,1,1,1,1,1,1,8,0.125,0.270243977,7.533033E-17,0.866021,0.3120523027
260200,-0.243473324,-1.44305488,-0.231670805,-0.254180641,-0.312251048,0.9331768019,-0.226011679,-0.997767611,1,1,1,1,1,1,1,1,8,0.125,-0.346904148,7.533033E-17,0.866021,-0.400572251
260210,,,,,,,,,0,0,0,0,0,0,0,0,0,,,7.533033E-17,0.866021,
260214,-1.154063558,-1.44305488,-1.17226019,-1.277016409,-1.3029158,-1.00956652,-1.17139474,-0.997767611,1,1,1,1,1,1,1,1,8,0.125,-1.191004964,7.533033E-17,0.866021,-1.375260406
260216,0.6671169089,0.5707605124,-0.231670805,0.7686551275,0.6784137042,0.9331768019,0.7193713829,0.0203364607,1,1,1,1,1,1,1,1,8,0.125,0.5157700117,7.533033E-17,0.866021,0.5955626527
260219,0.6671169089,0.5707605124,-0.231670805,-0.254180641,0.6784137042,0.9331768019,0.7193713829,-0.997767611,1,1,1,1,1,1,1,1,8,0.125,0.2606525317,7.533033E-17,0.866021,0.3009770046
26023F,1.5777071423,0.5707605124,0.70891858,1.7914908957,0.6784137042,1.904548463,1.6647544446,1.0384405328,1,1,1,1,1,1,1,1,8,0.125,1.2418792844,7.533033E-17,0.866021,1.4340052816
261301,,,,,,,,,0,0,0,0,0,0,0,0,0,,,7.533033E-17,0.866021,
261302,,,,,,,,,0,0,0,0,0,0,0,0,0,,,7.533033E-17,0.866021,
261303,,,,,,,,,0,0,0,0,0,0,0,0,0,,,7.533033E-17,0.866021,
261305,,,,,,,,,0,0,0,0,0,0,0,0,0,,,7.533033E-17,0.866021,
261306,,,,,,,,,0,0,0,0,0,0,0,0,0,,,7.533033E-17,0.866021,
261307,,,,,,,,,0,0,0,0,0,0,0,0,0,,,7.533033E-17,0.866021,
261308,,,,,,,,,0,0,0,0,0,0,0,0,0,,,7.533033E-17,0.866021,
261309,,,,,,,,,0,0,0,0,0,0,0,0,0,,,7.533033E-17,0.866021,
261310,,,,,,,,,0,0,0,0,0,0,0,0,0,,,7.533033E-17,0.866021,
261311,0.6671169089,1.5776682088,0.70891858,0.7686551275,0.6784137042,0.9331768019,0.7193713829,0.5293884968,1,1,1,1,1,1,1,1,8,0.125,0.8228386514,7.533033E-17,0.866021,0.9501366089
261312,,,,,,,,,0,0,0,0,0,0,0,0,0,,,7.533033E-17,0.866021,
261313,,,,,,,,,0,0,0,0,0,0,0,0,0,,,7.533033E-17,0.866021,
261314,,,,,,,,,0,0,0,0,0,0,0,0,0,,,7.533033E-17,0.866021,
261316,1.5777071423,1.5776682088,1.6495079648,1.7914908957,0.6784137042,1.904548463,1.6647544446,1.5474925688,1,1,1,1,1,1,1,1,8,0.125,1.548947924,7.533033E-17,0.866021,1.7885792379
261317,,,,,,,,,0,0,0,0,0,0,0,0,0,,,7.533033E-17,0.866021,
261318,,,,,,,,,0,0,0,0,0,0,0,0,0,,,7.533033E-17,0.866021,
261319,0.6671169089,0.5707605124,-0.231670805,-0.254180641,0.6784137042,-0.038194859,0.2466798521,0.0203364607,1,1,1,1,1,1,1,1,8,0.125,0.2074076417,7.533033E-17,0.866021,0.2394948184
261320,1.5777071423,0.5707605124,1.6495079648,1.7914908957,1.6690784566,0.9331768019,0.7193713829,1.0384405328,1,1,1,1,1,1,1,1,8,0.125,1.2436917112,7.533033E-17,0.866021,1.4360981014
261321,1.5777071423,1.5776682088,1.6495079648,0.7686551275,0.6784137042,0.9331768019,0.7193713829,1.5474925688,1,1,1,1,1,1,1,1,8,0.125,1.1814991127,7.533033E-17,0.866021,1.3642839438
261322,,,,,,,,,0,0,0,0,0,0,0,0,0,,,7.533033E-17,0.866021,
261323,,,,,,,,,0,0,0,0,0,0,0,0,0,,,7.533033E-17,0.866021,
261324,1.5777071423,-0.436147184,0.70891858,0.7686551275,0.6784137042,0.9331768019,0.7193713829,2.0565446049,1,1,1,1,1,1,1,1,8,0.125,0.87583002,7.533033E-17,0.866021,1.0113260525
261325,1.5777071423,0.5707605124,1.6495079648,1.7914908957,0.6784137042,0.9331768019,1.6647544446,2.0565446049,1,1,1,1,1,1,1,1,8,0.125,1.3652945088,7.533033E-17,0.866021,1.576513564
261327,,,,,,,,,0,0,0,0,0,0,0,0,0,,,7.533033E-17,0.866021,
261328,,,,,,,,,0,0,0,0,0,0,0,0,0,,,7.533033E-17,0.866021,
261329,1.5777071423,1.5776682088,1.6495079648,1.7914908957,1.6690784566,1.904548463,1.6647544446,2.0565446049,1,1,1,1,1,1,1,1,8,0.125,1.7364125226,7.533033E-17,0.866021,2.0050457075
261330,1.5777071423,-0.436147184,0.70891858,0.7686551275,0.6784137042,0.9331768019,0.7193713829,1.5474925688,1,1,1,1,1,1,1,1,8,0.125,0.8121985155,7.533033E-17,0.866021,0.9378503817
261331,1.5777071423,1.5776682088,1.6495079648,1.7914908957,0.6784137042,1.904548463,1.6647544446,1.5474925688,1,1,1,1,1,1,1,1,8,0.125,1.548947924,7.533033E-17,0.866021,1.7885792379
261332,,,,,,,,,0,0,0,0,0,0,0,0,0,,,7.533033E-17,0.866021,
261333,,,,,,,,,0,0,0,0,0,0,0,0,0,,,7.533033E-17,0.866021,
261335,,,,,,,,,0,0,0,0,0,0,0,0,0,,,7.533033E-17,0.866021,
261336,,,,,,,,,0,0,0,0,0,0,0,0,0,,,7.533033E-17,0.866021,
261337,1.5777071423,0.5707605124,1.6495079648,0.7686551275,0.6784137042,0.9331768019,1.1920629137,1.5474925688,1,1,1,1,1,1,1,1,8,0.125,1.114722092,7.533033E-17,0.866021,1.2871761269
261338,0.6671169089,1.5776682088,0.70891858,0.7686551275,0.6784137042,0.9331768019,1.6647544446,1.0384405328,1,1,1,1,1,1,1,1,8,0.125,1.0046430386,7.533033E-17,0.866021,1.1600671994
270003,0.6671169089,0.5707605124,0.70891858,0.7686551275,-0.312251048,-0.038194859,-0.69870321,-0.488715575,1,1,1,1,1,1,1,1,8,0.125,0.1471983046,7.533033E-17,0.866021,0.1699707442
270004,-0.243473324,0.5707605124,-0.231670805,-0.254180641,0.6784137042,-0.038194859,0.2466798521,-0.488715575,1,1,1,1,1,1,1,1,8,0.125,0.029952358,7.533033E-17,0.866021,0.0345861632
270012,-1.154063558,-0.436147184,-0.231670805,-0.254180641,-0.312251048,-1.00956652,-0.226011679,0.0203364607,1,1,1,1,1,1,1,1,8,0.125,-0.450444372,7.533033E-17,0.866021,-0.520130754
270014,1.5777071423,0.5707605124,1.6495079648,0.7686551275,0.6784137042,0.9331768019,1.1920629137,0.5293884968,1,1,1,1,1,1,1,1,8,0.125,0.9874590829,7.533033E-17,0.866021,1.1402247852
270017,0.6671169089,0.5707605124,1.6495079648,0.7686551275,0.6784137042,0.9331768019,0.7193713829,1.0384405328,1,1,1,1,1,1,1,1,8,0.125,0.8781803669,7.533033E-17,0.866021,1.014040012
270023,-0.243473324,0.5707605124,-0.231670805,-0.254180641,0.6784137042,-0.038194859,-0.226011679,-0.488715575,1,1,1,1,1,1,1,1,8,0.125,-0.029134083,7.533033E-17,0.866021,-0.033641297
27003F,1.5777071423,1.5776682088,1.6495079648,1.7914908957,1.6690784566,0.9331768019,1.6647544446,1.0384405328,1,1,1,1,1,1,1,1,8,0.125,1.4877280559,7.533033E-17,0.866021,1.7178882977
270049,0.6671169089,0.5707605124,0.70891858,0.7686551275,0.6784137042,0.9331768019,1.1920629137,-0.488715575,1,1,1,1,1,1,1,1,8,0.125,0.6287986217,7.533033E-17,0.866021,0.7260774504
270051,-0.243473324,0.5707605124,-0.231670805,-0.254180641,-0.312251048,-0.038194859,-0.226011679,-0.488715575,1,1,1,1,1,1,1,1,8,0.125,-0.152967177,7.533033E-17,0.866021,-0.176632095
270057,0.6671169089,0.5707605124,0.70891858,-0.254180641,0.6784137042,-0.038194859,0.2466798521,-0.488715575,1,1,1,1,1,1,1,1,8,0.125,0.2613498103,7.533033E-17,0.866021,0.3017821563
270074,,,,,,,,,0,0,0,0,0,0,0,0,0,,,7.533033E-17,0.866021,
270086,0.6671169089,-0.436147184,0.70891858,0.7686551275,0.6784137042,0.9331768019,1.1920629137,-0.488715575,1,1,1,1,1,1,1,1,8,0.125,0.5029351596,7.533033E-17,0.866021,0.5807421738
271300,,,,,,,,,0,0,0,0,0,0,0,0,0,,,7.533033E-17,0.866021,
271301,,,,,,,,,0,0,0,0,0,0,0,0,0,,,7.533033E-17,0.866021,
271302,,,,,,,,,0,0,0,0,0,0,0,0,0,,,7.533033E-17,0.866021,
271303,,,,,,,,,0,0,0,0,0,0,0,0,0,,,7.533033E-17,0.866021,
271305,,,,,,,,,0,0,0,0,0,0,0,0,0,,,7.533033E-17,0.866021,
271306,,,,,,,,,0,0,0,0,0,0,0,0,0,,,7.533033E-17,0.866021,
271307,,,,,,,,,0,0,0,0,0,0,0,0,0,,,7.533033E-17,0.866021,
271308,,,,,,,,,0,0,0,0,0,0,0,0,0,,,7.533033E-17,0.866021,
271309,,,,,,,,,0,0,0,0,0,0,0,0,0,,,7.533033E-17,0.866021,
271310,,,,,,,,,0,0,0,0,0,0,0,0,0,,,7.533033E-17,0.866021,
271311,,,,,,,,,0,0,0,0,0,0,0,0,0,,,7.533033E-17,0.866021,
271312,,,,,,,,,0,0,0,0,0,0,0,0,0,,,7.533033E-17,0.866021,
271313,,,,,,,,,0,0,0,0,0,0,0,0,0,,,7.533033E-17,0.866021,
271314,,,,,,,,,0,0,0,0,0,0,0,0,0,,,7.533033E-17,0.866021,
271316,,,,,,,,,0,0,0,0,0,0,0,0,0,,,7.533033E-17,0.866021,
271317,-0.243473324,0.5707605124,0.70891858,-0.254180641,-0.312251048,0.9331768019,0.2466798521,0.0203364607,1,1,1,1,1,1,1,1,8,0.125,0.2087458992,7.533033E-17,0.866021,0.2410401122
271318,,,,,,,,,0,0,0,0,0,0,0,0,0,,,7.533033E-17,0.866021,
271319,,,,,,,,,0,0,0,0,0,0,0,0,0,,,7.533033E-17,0.866021,
271320,1.5777071423,1.5776682088,1.6495079648,1.7914908957,1.6690784566,0.9331768019,1.1920629137,2.0565446049,1,1,1,1,1,1,1,1,8,0.125,1.5559046236,7.533033E-17,0.866021,1.7966121796
271321,,,,,,,,,0,0,0,0,0,0,0,0,0,,,7.533033E-17,0.866021,
271322,,,,,,,,,0,0,0,0,0,0,0,0,0,,,7.533033E-17,0.866021,
271323,,,,,,,,,0,0,0,0,0,0,0,0,0,,,7.533033E-17,0.866021,
271324,,,,,,,,,0,0,0,0,0,0,0,0,0,,,7.533033E-17,0.866021,
271325,,,,,,,,,0,0,0,0,0,0,0,0,0,,,7.533033E-17,0.866021,
271326,,,,,,,,,0,0,0,0,0,0,0,0,0,,,7.533033E-17,0.866021,
271327,,,,,,,,,0,0,0,0,0,0,0,0,0,,,7.533033E-17,0.866021,
271328,,,,,,,,,0,0,0,0,0,0,0,0,0,,,7.533033E-17,0.866021,
271329,,,,,,,,,0,0,0,0,0,0,0,0,0,,,7.533033E-17,0.866021,
271330,,,,,,,,,0,0,0,0,0,0,0,0,0,,,7.533033E-17,0.866021,
271331,,,,,,,,,0,0,0,0,0,0,0,0,0,,,7.533033E-17,0.866021,
271332,,,,,,,,,0,0,0,0,0,0,0,0,0,,,7.533033E-17,0.866021,
271333,,,,,,,,,0,0,0,0,0,0,0,0,0,,,7.533033E-17,0.866021,
271334,,,,,,,,,0,0,0,0,0,0,0,0,0,,,7.533033E-17,0.866021,
271335,0.6671169089,1.5776682088,0.70891858,1.7914908957,-0.312251048,0.9331768019,1.1920629137,0.5293884968,1,1,1,1,1,1,1,1,8,0.125,0.8859464697,7.533033E-17,0.866021,1.0230075763
271336,1.5777071423,0.5707605124,1.6495079648,0.7686551275,0.6784137042,0.9331768019,1.6647544446,1.5474925688,1,1,1,1,1,1,1,1,8,0.125,1.1738085333,7.533033E-17,0.866021,1.3554035868
271337,,,,,,,,,0,0,0,0,0,0,0,0,0,,,7.533033E-17,0.866021,
271338,,,,,,,,,0,0,0,0,0,0,0,0,0,,,7.533033E-17,0.866021,
271340,1.5777071423,1.5776682088,1.6495079648,1.7914908957,0.6784137042,0.9331768019,0.7193713829,1.5474925688,1,1,1,1,1,1,1,1,8,0.125,1.3093535837,7.533033E-17,0.866021,1.5119182501
271341,,,,,,,,,0,0,0,0,0,0,0,0,0,,,7.533033E-17,0.866021,
271342,,,,,,,,,0,0,0,0,0,0,0,0,0,,,7.533033E-17,0.866021,
271343,,,,,,,,,0,0,0,0,0,0,0,0,0,,,7.533033E-17,0.866021,
271344,1.5777071423,1.5776682088,1.6495079648,0.7686551275,0.6784137042,0.9331768019,1.1920629137,1.0384405328,1,1,1,1,1,1,1,1,8,0.125,1.1769540495,7.533033E-17,0.866021,1.3590357327
271345,1.5777071423,1.5776682088,1.6495079648,1.7914908957,0.6784137042,0.9331768019,0.7193713829,1.5474925688,1,1,1,1,1,1,1,1,8,0.125,1.3093535837,7.533033E-17,0.866021,1.5119182501
271346,,,,,,,,,0,0,0,0,0,0,0,0,0,,,7.533033E-17,0.866021,
271347,1.5777071423,1.5776682088,1.6495079648,1.7914908957,1.6690784566,0.9331768019,0.7193713829,1.5474925688,1,1,1,1,1,1,1,1,8,0.125,1.4331866777,7.533033E-17,0.866021,1.6549090489
271348,,,,,,,,,0,0,0,0,0,0,0,0,0,,,7.533033E-17,0.866021,
271389,,,,,,,,,0,0,0,0,0,0,0,0,0,,,7.533033E-17,0.866021,
280003,0.6671169089,0.5707605124,0.70891858,0.7686551275,0.6784137042,0.9331768019,1.1920629137,0.0203364607,1,1,1,1,1,1,1,1,8,0.125,0.6924301262,7.533033E-17,0.866021,0.7995531213
280009,0.6671169089,0.5707605124,-0.231670805,0.7686551275,0.6784137042,-0.038194859,0.7193713829,-0.488715575,1,1,1,1,1,1,1,1,8,0.125,0.3307170496,7.533033E-17,0.866021,0.3818809137
280013,-0.243473324,0.5707605124,-1.17226019,-0.254180641,0.6784137042,-0.038194859,0.2466798521,-0.488715575,1,1,1,1,1,1,1,1,8,0.125,-0.087621315,7.533033E-17,0.866021,-0.101176846
280020,-0.243473324,-0.436147184,-0.231670805,-0.254180641,0.6784137042,-0.038194859,-0.226011679,0.0203364607,1,1,1,1,1,1,1,1,8,0.125,-0.091366041,7.533033E-17,0.866021,-0.105500902
280023,0.6671169089,0.5707605124,0.70891858,0.7686551275,0.6784137042,-0.038194859,0.7193713829,1.0384405328,1,1,1,1,1,1,1,1,8,0.125,0.6391852362,7.533033E-17,0.866021,0.738070935
280032,-0.243473324,-0.436147184,-0.231670805,-0.254180641,-0.312251048,-0.038194859,-0.226011679,0.5293884968,1,1,1,1,1,1,1,1,8,0.125,-0.15156763,7.533033E-17,0.866021,-0.17501603
280040,1.5777071423,0.5707605124,0.70891858,0.7686551275,0.6784137042,0.9331768019,1.1920629137,0.0203364607,1,1,1,1,1,1,1,1,8,0.125,0.8062539053,7.533033E-17,0.866021,0.9309861056
280060,-0.243473324,-0.436147184,-1.17226019,-0.254180641,-0.312251048,-1.00956652,-1.17139474,-1.506819647,1,1,1,1,1,1,1,1,8,0.125,-0.763261662,7.533033E-17,0.866021,-0.88134271
280061,-1.154063558,-1.44305488,-1.17226019,-1.277016409,-1.3029158,-1.00956652,-2.116777802,-0.997767611,1,1,1,1,1,1,1,1,8,0.125,-1.309177846,7.533033E-17,0.866021,-1.511715325
280065,0.6671169089,0.5707605124,0.70891858,0.7686551275,-0.312251048,-0.038194859,0.2466798521,1.0384405328,1,1,1,1,1,1,1,1,8,0.125,0.4562657008,7.533033E-17,0.866021,0.5268526764
28006F,0.6671169089,0.5707605124,0.70891858,1.7914908957,0.6784137042,1.904548463,0.7193713829,0.5293884968,1,1,1,1,1,1,1,1,8,0.125,0.946251118,7.533033E-17,0.866021,1.0926417068
280077,-0.243473324,-0.436147184,0.70891858,-0.254180641,0.6784137042,-0.038194859,-0.226011679,0.5293884968,1,1,1,1,1,1,1,1,8,0.125,0.0898391367,7.533033E-17,0.866021,0.1037377772
280081,-0.243473324,-0.436147184,-1.17226019,-0.254180641,-0.312251048,-1.00956652,-0.226011679,0.0203364607,1,1,1,1,1,1,1,1,8,0.125,-0.454194266,7.533033E-17,0.866021,-0.524460778
280105,1.5777071423,0.5707605124,1.6495079648,0.7686551275,0.6784137042,0.9331768019,0.2466798521,2.0565446049,1,1,1,1,1,1,1,1,8,0.125,1.0601807138,7.533033E-17,0.866021,1.2241968782
280111,0.6671169089,0.5707605124,1.6495079648,0.7686551275,1.6690784566,0.9331768019,0.7193713829,1.0384405328,1,1,1,1,1,1,1,1,8,0.125,1.002013461,7.533033E-17,0.866021,1.1570308108
280125,0.6671169089,0.5707605124,0.70891858,0.7686551275,0.6784137042,-0.038194859,0.2466798521,1.0384405328,1,1,1,1,1,1,1,1,8,0.125,0.5800987948,7.533033E-17,0.866021,0.6698434752
280127,,,,,,,,,0,0,0,0,0,0,0,0,0,,,7.533033E-17,0.866021,
280128,1.5777071423,0.5707605124,1.6495079648,0.7686551275,0.6784137042,0.9331768019,1.1920629137,0.5293884968,1,1,1,1,1,1,1,1,8,0.125,0.9874590829,7.533033E-17,0.866021,1.1402247852
280129,1.5777071423,1.5776682088,1.6495079648,1.7914908957,1.6690784566,1.904548463,1.6647544446,1.5474925688,1,1,1,1,1,1,1,1,8,0.125,1.6727810181,7.533033E-17,0.866021,1.9315700367
280130,0.6671169089,0.5707605124,0.70891858,-0.254180641,-0.312251048,0.9331768019,-0.226011679,1.0384405328,1,1,1,1,1,1,1,1,8,0.125,0.3907462461,7.533033E-17,0.866021,0.4511969784
280131,1.5777071423,1.5776682088,1.6495079648,1.7914908957,1.6690784566,1.904548463,1.6647544446,2.0565446049,1,1,1,1,1,1,1,1,8,0.125,1.7364125226,7.533033E-17,0.866021,2.0050457075
280132,-0.243473324,0.5707605124,-1.17226019,-0.254180641,-0.312251048,-0.038194859,-0.226011679,1.0384405328,1,1,1,1,1,1,1,1,8,0.125,-0.079646337,7.533033E-17,0.866021,-0.091968092
280133,0.6671169089,1.5776682088,0.70891858,1.7914908957,1.6690784566,1.904548463,1.1920629137,1.5474925688,1,1,1,1,1,1,1,1,8,0.125,1.3822971245,7.533033E-17,0.866021,1.5961465838
280134,0.6671169089,0.5707605124,0.70891858,0.7686551275,1.6690784566,0.9331768019,1.1920629137,1.0384405328,1,1,1,1,1,1,1,1,8,0.125,0.9435262292,7.533033E-17,0.866021,1.0894952618
280139,0.6671169089,0.5707605124,0.70891858,-0.254180641,-0.312251048,0.9331768019,0.7193713829,0.5293884968,1,1,1,1,1,1,1,1,8,0.125,0.4452876243,7.533033E-17,0.866021,0.5141762272
281300,,,,,,,,,0,0,0,0,0,0,0,0,0,,,7.533033E-17,0.866021,
281301,,,,,,,,,0,0,0,0,0,0,0,0,0,,,7.533033E-17,0.866021,
281302,,,,,,,,,0,0,0,0,0,0,0,0,0,,,7.533033E-17,0.866021,
281303,,,,,,,,,0,0,0,0,0,0,0,0,0,,,7.533033E-17,0.866021,
281304,1.5777071423,1.5776682088,1.6495079648,1.7914908957,0.6784137042,1.904548463,1.6647544446,2.0565446049,1,1,1,1,1,1,1,1,8,0.125,1.6125794285,7.533033E-17,0.866021,1.8620549087
281305,,,,,,,,,0,0,0,0,0,0,0,0,0,,,7.533033E-17,0.866021,
281306,,,,,,,,,0,0,0,0,0,0,0,0,0,,,7.533033E-17,0.866021,
281307,,,,,,,,,0,0,0,0,0,0,0,0,0,,,7.533033E-17,0.866021,
281308,,,,,,,,,0,0,0,0,0,0,0,0,0,,,7.533033E-17,0.866021,
281309,,,,,,,,,0,0,0,0,0,0,0,0,0,,,7.533033E-17,0.866021,
281310,,,,,,,,,0,0,0,0,0,0,0,0,0,,,7.533033E-17,0.866021,
281311,,,,,,,,,0,0,0,0,0,0,0,0,0,,,7.533033E-17,0.866021,
281312,,,,,,,,,0,0,0,0,0,0,0,0,0,,,7.533033E-17,0.866021,
281313,,,,,,,,,0,0,0,0,0,0,0,0,0,,,7.533033E-17,0.866021,
281314,,,,,,,,,0,0,0,0,0,0,0,0,0,,,7.533033E-17,0.866021,
281315,,,,,,,,,0,0,0,0,0,0,0,0,0,,,7.533033E-17,0.866021,
281316,,,,,,,,,0,0,0,0,0,0,0,0,0,,,7.533033E-17,0.866021,
281318,,,,,,,,,0,0,0,0,0,0,0,0,0,,,7.533033E-17,0.866021,
281319,,,,,,,,,0,0,0,0,0,0,0,0,0,,,7.533033E-17,0.866021,
281320,,,,,,,,,0,0,0,0,0,0,0,0,0,,,7.533033E-17,0.866021,
281322,1.5777071423,1.5776682088,1.6495079648,0.7686551275,-0.312251048,0.9331768019,1.6647544446,1.5474925688,1,1,1,1,1,1,1,1,8,0.125,1.1758389013,7.533033E-17,0.866021,1.3577480646
281323,,,,,,,,,0,0,0,0,0,0,0,0,0,,,7.533033E-17,0.866021,
281324,,,,,,,,,0,0,0,0,0,0,0,0,0,,,7.533033E-17,0.866021,
281325,,,,,,,,,0,0,0,0,0,0,0,0,0,,,7.533033E-17,0.866021,
281326,,,,,,,,,0,0,0,0,0,0,0,0,0,,,7.533033E-17,0.866021,
281327,,,,,,,,,0,0,0,0,0,0,0,0,0,,,7.533033E-17,0.866021,
281328,,,,,,,,,0,0,0,0,0,0,0,0,0,,,7.533033E-17,0.866021,
281329,1.5777071423,1.5776682088,0.70891858,0.7686551275,-1.3029158,0.9331768019,0.7193713829,1.5474925688,1,1,1,1,1,1,1,1,8,0.125,0.8162592515,7.533033E-17,0.866021,0.9425393374
281331,,,,,,,,,0,0,0,0,0,0,0,0,0,,,7.533033E-17,0.866021,
281332,,,,,,,,,0,0,0,0,0,0,0,0,0,,,7.533033E-17,0.866021,
281333,,,,,,,,,0,0,0,0,0,0,0,0,0,,,7.533033E-17,0.866021,
281334,1.5777071423,1.5776682088,0.70891858,1.7914908957,-0.312251048,0.9331768019,1.6647544446,1.5474925688,1,1,1,1,1,1,1,1,8,0.125,1.1861196992,7.533033E-17,0.866021,1.3696193622
281335,,,,,,,,,0,0,0,0,0,0,0,0,0,,,7.533033E-17,0.866021,
281336,1.5777071423,1.5776682088,0.70891858,0.7686551275,0.6784137042,0.9331768019,1.1920629137,1.0384405328,1,1,1,1,1,1,1,1,8,0.125,1.0593803764,7.533033E-17,0.866021,1.2232727239
281338,,,,,,,,,0,0,0,0,0,0,0,0,0,,,7.533033E-17,0.866021,
281339,,,,,,,,,0,0,0,0,0,0,0,0,0,,,7.533033E-17,0.866021,
281340,,,,,,,,,0,0,0,0,0,0,0,0,0,,,7.533033E-17,0.866021,
281341,-0.243473324,1.5776682088,1.6495079648,1.7914908957,0.6784137042,0.9331768019,0.7193713829,1.0384405328,1,1,1,1,1,1,1,1,8,0.125,1.0180745208,7.533033E-17,0.866021,1.1755766106
281342,,,,,,,,,0,0,0,0,0,0,0,0,0,,,7.533033E-17,0.866021,
281343,,,,,,,,,0,0,0,0,0,0,0,0,0,,,7.533033E-17,0.866021,
281344,,,,,,,,,0,0,0,0,0,0,0,0,0,,,7.533033E-17,0.866021,
281345,,,,,,,,,0,0,0,0,0,0,0,0,0,,,7.533033E-17,0.866021,
281346,,,,,,,,,0,0,0,0,0,0,0,0,0,,,7.533033E-17,0.866021,
281347,,,,,,,,,0,0,0,0,0,0,0,0,0,,,7.533033E-17,0.866021,
281348,,,,,,,,,0,0,0,0,0,0,0,0,0,,,7.533033E-17,0.866021,
281349,,,,,,,,,0,0,0,0,0,0,0,0,0,,,7.533033E-17,0.866021,
281350,,,,,,,,,0,0,0,0,0,0,0,0,0,,,7.533033E-17,0.866021,
281351,,,,,,,,,0,0,0,0,0,0,0,0,0,,,7.533033E-17,0.866021,
281352,1.5777071423,1.5776682088,1.6495079648,1.7914908957,1.6690784566,1.904548463,1.6647544446,2.0565446049,1,1,1,1,1,1,1,1,8,0.125,1.7364125226,7.533033E-17,0.866021,2.0050457075
281353,,,,,,,,,0,0,0,0,0,0,0,0,0,,,7.533033E-17,0.866021,
281354,,,,,,,,,0,0,0,0,0,0,0,0,0,,,7.533033E-17,0.866021,
281355,,,,,,,,,0,0,0,0,0,0,0,0,0,,,7.533033E-17,0.866021,
281356,,,,,,,,,0,0,0,0,0,0,0,0,0,,,7.533033E-17,0.866021,
281357,1.5777071423,1.5776682088,1.6495079648,0.7686551275,0.6784137042,-0.038194859,0.7193713829,0.5293884968,1,1,1,1,1,1,1,1,8,0.125,0.932814646,7.533033E-17,0.866021,1.0771265339
281358,,,,,,,,,0,0,0,0,0,0,0,0,0,,,7.533033E-17,0.866021,
281359,1.5777071423,-0.436147184,1.6495079648,0.7686551275,1.6690784566,0.9331768019,0.7193713829,1.5474925688,1,1,1,1,1,1,1,1,8,0.125,1.0536052826,7.533033E-17,0.866021,1.2166041893
281360,,,,,,,,,0,0,0,0,0,0,0,0,0,,,7.533033E-17,0.866021,
281361,,,,,,,,,0,0,0,0,0,0,0,0,0,,,7.533033E-17,0.866021,
281362,1.5777071423,1.5776682088,1.6495079648,1.7914908957,1.6690784566,0.9331768019,1.6647544446,1.0384405328,1,1,1,1,1,1,1,1,8,0.125,1.4877280559,7.533033E-17,0.866021,1.7178882977
281363,,,,,,,,,0,0,0,0,0,0,0,0,0,,,7.533033E-17,0.866021,
281364,1.5777071423,0.5707605124,1.6495079648,0.7686551275,1.6690784566,-0.038194859,0.7193713829,1.5474925688,1,1,1,1,1,1,1,1,8,0.125,1.058047287,7.533033E-17,0.866021,1.2217333978
281365,,,,,,,,,0,0,0,0,0,0,0,0,0,,,7.533033E-17,0.866021,
290001,-0.243473324,-0.436147184,-0.231670805,-0.254180641,-0.312251048,-1.00956652,0.2466798521,-0.997767611,1,1,1,1,1,1,1,1,8,0.125,-0.40479716,7.533033E-17,0.866021,-0.467421651
290003,-2.064653791,-2.449962577,-1.17226019,-2.299852177,-2.293580553,-1.980938182,-2.116777802,-2.015871683,1,1,1,1,1,1,1,1,8,0.125,-2.049237119,7.533033E-17,0.866021,-2.366266101
290005,-2.064653791,-1.44305488,-1.17226019,-1.277016409,-1.3029158,-1.980938182,-1.17139474,-0.997767611,1,1,1,1,1,1,1,1,8,0.125,-1.4262502,7.533033E-17,0.866021,-1.646899458
290007,-1.154063558,-1.44305488,-0.231670805,-1.277016409,-1.3029158,-1.00956652,-1.17139474,-1.506819647,1,1,1,1,1,1,1,1,8,0.125,-1.137062795,7.533033E-17,0.866021,-1.312973068
290008,-1.154063558,-1.44305488,-0.231670805,-1.277016409,-1.3029158,-1.00956652,-2.116777802,1.0384405328,1,1,1,1,1,1,1,1,8,0.125,-0.937078155,7.533033E-17,0.866021,-1.082049633
290009,-1.154063558,-1.44305488,-1.17226019,-1.277016409,-0.312251048,-0.038194859,-0.226011679,-0.488715575,1,1,1,1,1,1,1,1,8,0.125,-0.763946025,7.533033E-17,0.866021,-0.882132948
290012,,,,,,,,,0,0,0,0,0,0,0,0,0,,,7.533033E-17,0.866021,
290019,-0.243473324,-0.436147184,-0.231670805,-0.254180641,0.6784137042,-0.038194859,0.7193713829,0.0203364607,1,1,1,1,1,1,1,1,8,0.125,0.0268068418,7.533033E-17,0.866021,0.0309540172
290021,-1.154063558,-1.44305488,-1.17226019,-0.254180641,-1.3029158,-1.980938182,-1.644086271,-1.506819647,1,1,1,1,1,1,1,1,8,0.125,-1.307289896,7.533033E-17,0.866021,-1.509535298
29002F,-0.243473324,0.5707605124,0.70891858,0.7686551275,-0.312251048,0.9331768019,0.7193713829,0.0203364607,1,1,1,1,1,1,1,1,8,0.125,0.3956868116,7.533033E-17,0.866021,0.4569018783
290032,-0.243473324,-0.436147184,-0.231670805,-0.254180641,0.6784137042,-0.038194859,0.7193713829,-0.488715575,1,1,1,1,1,1,1,1,8,0.125,-0.036824663,7.533033E-17,0.866021,-0.042521654
290039,-1.154063558,-1.44305488,-0.231670805,-1.277016409,-1.3029158,-1.00956652,-1.17139474,-0.997767611,1,1,1,1,1,1,1,1,8,0.125,-1.073431291,7.533033E-17,0.866021,-1.239497397
290041,-1.154063558,-1.44305488,-1.17226019,-0.254180641,-1.3029158,-1.00956652,-0.226011679,0.0203364607,1,1,1,1,1,1,1,1,8,0.125,-0.817714601,7.533033E-17,0.866021,-0.944219838
290045,-0.243473324,-1.44305488,-0.231670805,-0.254180641,-0.312251048,-0.038194859,-0.226011679,-0.488715575,1,1,1,1,1,1,1,1,8,0.125,-0.404694101,7.533033E-17,0.866021,-0.467302649
290046,-1.154063558,-2.449962577,-1.17226019,-1.277016409,-1.3029158,-1.00956652,-1.17139474,-0.997767611,1,1,1,1,1,1,1,1,8,0.125,-1.316868426,7.533033E-17,0.866021,-1.520595682
290047,-1.154063558,-1.44305488,-0.231670805,-1.277016409,-1.3029158,-0.038194859,0.2466798521,0.0203364607,1,1,1,1,1,1,1,1,8,0.125,-0.6474875,7.533033E-17,0.866021,-0.747657607
290049,-0.243473324,-0.436147184,-0.231670805,-0.254180641,-0.312251048,0.9331768019,0.2466798521,-0.997767611,1,1,1,1,1,1,1,1,8,0.125,-0.161954245,7.533033E-17,0.866021,-0.187009515
29004F,0.6671169089,0.5707605124,1.6495079648,0.7686551275,0.6784137042,0.9331768019,1.1920629137,0.5293884968,1,1,1,1,1,1,1,1,8,0.125,0.8736353038,7.533033E-17,0.866021,1.0087918009
290053,-0.243473324,-0.436147184,-0.231670805,-0.254180641,-0.312251048,-1.00956652,0.7193713829,0.0203364607,1,1,1,1,1,1,1,1,8,0.125,-0.21844771,7.533033E-17,0.866021,-0.25224285
290054,-1.154063558,-2.449962577,-1.17226019,-1.277016409,-1.3029158,-1.980938182,-1.17139474,-0.488715575,1,1,1,1,1,1,1,1,8,0.125,-1.374658379,7.533033E-17,0.866021,-1.587326079
290057,-2.064653791,-2.449962577,-1.17226019,-1.277016409,-1.3029158,-1.980938182,-1.17139474,-0.488715575,1,1,1,1,1,1,1,1,8,0.125,-1.488482158,7.533033E-17,0.866021,-1.718759064
290058,,,,,,,,,0,0,0,0,0,0,0,0,0,,,7.533033E-17,0.866021,
290061,-0.243473324,-0.436147184,-0.231670805,-0.254180641,-0.312251048,-0.038194859,0.7193713829,0.5293884968,1,1,1,1,1,1,1,1,8,0.125,-0.033394748,7.533033E-17,0.866021,-0.038561111
291300,,,,,,,,,0,0,0,0,0,0,0,0,0,,,7.533033E-17,0.866021,
291301,,,,,,,,,0,0,0,0,0,0,0,0,0,,,7.533033E-17,0.866021,
291302,,,,,,,,,0,0,0,0,0,0,0,0,0,,,7.533033E-17,0.866021,
291303,,,,,,,,,0,0,0,0,0,0,0,0,0,,,7.533033E-17,0.866021,
291304,,,,,,,,,0,0,0,0,0,0,0,0,0,,,7.533033E-17,0.866021,
291306,-0.243473324,-0.436147184,0.70891858,0.7686551275,0.6784137042,-0.038194859,0.7193713829,0.0203364607,1,1,1,1,1,1,1,1,8,0.125,0.272234986,7.533033E-17,0.866021,0.3143513324
291307,-0.243473324,-0.436147184,-0.231670805,-1.277016409,0.6784137042,-1.00956652,-1.17139474,0.5293884968,1,1,1,1,1,1,1,1,8,0.125,-0.395183348,7.533033E-17,0.866021,-0.456320526
291308,,,,,,,,,0,0,0,0,0,0,0,0,0,,,7.533033E-17,0.866021,
291309,,,,,,,,,0,0,0,0,0,0,0,0,0,,,7.533033E-17,0.866021,
291311,-0.243473324,-2.449962577,-0.231670805,-0.254180641,-1.3029158,-1.980938182,-1.17139474,-0.488715575,1,1,1,1,1,1,1,1,8,0.125,-1.015406456,7.533033E-17,0.866021,-1.17249578
291312,,,,,,,,,0,0,0,0,0,0,0,0,0,,,7.533033E-17,0.866021,
291313,1.5777071423,1.5776682088,1.6495079648,1.7914908957,1.6690784566,0.9331768019,0.7193713829,1.0384405328,1,1,1,1,1,1,1,1,8,0.125,1.3695551732,7.533033E-17,0.866021,1.5814333781
291314,,,,,,,,,0,0,0,0,0,0,0,0,0,,,7.533033E-17,0.866021,
300001,0.6671169089,-0.436147184,-0.231670805,0.7686551275,0.6784137042,0.9331768019,0.2466798521,-0.997767611,1,1,1,1,1,1,1,1,8,0.125,0.2035570993,7.533033E-17,0.866021,0.2350485745
300003,0.6671169089,0.5707605124,0.70891858,0.7686551275,0.6784137042,0.9331768019,1.1920629137,-0.997767611,1,1,1,1,1,1,1,1,8,0.125,0.5651671172,7.533033E-17,0.866021,0.6526017796
300005,-0.243473324,-0.436147184,-0.231670805,-0.254180641,0.6784137042,-0.038194859,-0.226011679,-0.997767611,1,1,1,1,1,1,1,1,8,0.125,-0.21862905,7.533033E-17,0.866021,-0.252452244
300011,-0.243473324,-0.436147184,-0.231670805,-0.254180641,0.6784137042,-0.038194859,0.2466798521,0.0203364607,1,1,1,1,1,1,1,1,8,0.125,-0.0322796,7.533033E-17,0.866021,-0.037273443
300012,-0.243473324,-0.436147184,-1.17226019,0.7686551275,0.6784137042,0.9331768019,-0.226011679,-1.506819647,1,1,1,1,1,1,1,1,8,0.125,-0.150558299,7.533033E-17,0.866021,-0.173850549
300014,0.6671169089,-0.436147184,-0.231670805,-0.254180641,0.6784137042,-0.038194859,-0.69870321,0.5293884968,1,1,1,1,1,1,1,1,8,0.125,0.0270028014,7.533033E-17,0.866021,0.0311802929
300017,0.6671169089,-0.436147184,0.70891858,-0.254180641,0.6784137042,-0.038194859,-0.226011679,-0.488715575,1,1,1,1,1,1,1,1,8,0.125,0.0763999069,7.533033E-17,0.866021,0.0882194198
300018,0.6671169089,0.5707605124,0.70891858,0.7686551275,0.6784137042,0.9331768019,1.1920629137,-0.488715575,1,1,1,1,1,1,1,1,8,0.125,0.6287986217,7.533033E-17,0.866021,0.7260774504
300019,-0.243473324,0.5707605124,-1.17226019,0.7686551275,0.6784137042,-0.038194859,-0.69870321,-1.506819647,1,1,1,1,1,1,1,1,8,0.125,-0.205202736,7.533033E-17,0.866021,-0.236948801
300020,-0.243473324,0.5707605124,-0.231670805,-0.254180641,0.6784137042,0.9331768019,0.2466798521,-0.488715575,1,1,1,1,1,1,1,1,8,0.125,0.1513738157,7.533033E-17,0.866021,0.1747922313
300023,0.6671169089,1.5776682088,-0.231670805,0.7686551275,0.6784137042,0.9331768019,0.7193713829,-0.488715575,1,1,1,1,1,1,1,1,8,0.125,0.5780019693,7.533033E-17,0.866021,0.6674222585
300029,-1.154063558,-0.436147184,-1.17226019,-0.254180641,-0.312251048,-0.038194859,-1.17139474,-0.488715575,1,1,1,1,1,1,1,1,8,0.125,-0.628400974,7.533033E-17,0.866021,-0.725618285
300034,0.6671169089,0.5707605124,-0.231670805,0.7686551275,0.6784137042,0.9331768019,0.7193713829,-0.488715575,1,1,1,1,1,1,1,1,8,0.125,0.4521385072,7.533033E-17,0.866021,0.5220869818
301300,,,,,,,,,0,0,0,0,0,0,0,0,0,,,7.533033E-17,0.866021,
301301,0.6671169089,0.5707605124,1.6495079648,-0.254180641,-1.3029158,-0.038194859,0.2466798521,0.5293884968,1,1,1,1,1,1,1,1,8,0.125,0.2585203043,7.533033E-17,0.866021,0.2985149092
301302,1.5777071423,1.5776682088,1.6495079648,0.7686551275,0.6784137042,0.9331768019,0.7193713829,1.5474925688,1,1,1,1,1,1,1,1,8,0.125,1.1814991127,7.533033E-17,0.866021,1.3642839438
301303,,,,,,,,,0,0,0,0,0,0,0,0,0,,,7.533033E-17,0.866021,
301304,1.5777071423,0.5707605124,1.6495079648,0.7686551275,0.6784137042,-0.038194859,0.7193713829,1.0384405328,1,1,1,1,1,1,1,1,8,0.125,0.8705826885,7.533033E-17,0.866021,1.0052669281
301305,1.5777071423,1.5776682088,1.6495079648,1.7914908957,1.6690784566,1.904548463,1.6647544446,1.0384405328,1,1,1,1,1,1,1,1,8,0.125,1.6091495136,7.533033E-17,0.866021,1.8580943658
301306,,,,,,,,,0,0,0,0,0,0,0,0,0,,,7.533033E-17,0.866021,
301307,1.5777071423,0.5707605124,1.6495079648,0.7686551275,0.6784137042,-0.038194859,0.7193713829,0.0203364607,1,1,1,1,1,1,1,1,8,0.125,0.7433196794,7.533033E-17,0.866021,0.8583155864
301308,,,,,,,,,0,0,0,0,0,0,0,0,0,,,7.533033E-17,0.866021,
301309,0.6671169089,0.5707605124,0.70891858,0.7686551275,0.6784137042,-0.038194859,-0.226011679,0.0203364607,1,1,1,1,1,1,1,1,8,0.125,0.3937493445,7.533033E-17,0.866021,0.4546646737
301310,,,,,,,,,0,0,0,0,0,0,0,0,0,,,7.533033E-17,0.866021,
301311,1.5777071423,-0.436147184,1.6495079648,0.7686551275,-0.312251048,-0.038194859,0.7193713829,1.5474925688,1,1,1,1,1,1,1,1,8,0.125,0.6845176369,7.533033E-17,0.866021,0.7904165235
301312,1.5777071423,1.5776682088,0.70891858,0.7686551275,1.6690784566,0.9331768019,0.7193713829,1.0384405328,1,1,1,1,1,1,1,1,8,0.125,1.1241270291,7.533033E-17,0.866021,1.2980360629
310001,-1.154063558,-0.436147184,-1.17226019,-0.254180641,-0.312251048,-0.038194859,-0.226011679,-0.488715575,1,1,1,1,1,1,1,1,8,0.125,-0.510228092,7.533033E-17,0.866021,-0.589163365
310002,-1.154063558,-0.436147184,-2.112849574,-1.277016409,-2.293580553,-1.00956652,-1.17139474,-0.997767611,1,1,1,1,1,1,1,1,8,0.125,-1.306548269,7.533033E-17,0.866021,-1.508678937
310003,-0.243473324,-0.436147184,-1.17226019,-1.277016409,0.6784137042,-0.038194859,-1.17139474,-0.488715575,1,1,1,1,1,1,1,1,8,0.125,-0.518598572,7.533033E-17,0.866021,-0.598828808
310005,-0.243473324,-0.436147184,-0.231670805,-0.254180641,-0.312251048,-0.038194859,-0.226011679,-0.997767611,1,1,1,1,1,1,1,1,8,0.125,-0.342462144,7.533033E-17,0.866021,-0.395443043
310006,-1.154063558,-0.436147184,-1.17226019,-1.277016409,-1.3029158,-1.980938182,-1.17139474,0.0203364607,1,1,1,1,1,1,1,1,8,0.125,-1.05929995,7.533033E-17,0.866021,-1.223179855
310008,0.6671169089,0.5707605124,0.70891858,0.7686551275,-0.312251048,0.9331768019,0.7193713829,0.0203364607,1,1,1,1,1,1,1,1,8,0.125,0.5095105908,7.533033E-17,0.866021,0.5883348627
310009,-1.154063558,-1.44305488,-2.112849574,-1.277016409,-1.3029158,-1.980938182,-1.644086271,-0.997767611,1,1,1,1,1,1,1,1,8,0.125,-1.489086536,7.533033E-17,0.866021,-1.719456942
310010,-0.243473324,-0.436147184,-0.231670805,-0.254180641,-0.312251048,-0.038194859,0.7193713829,0.5293884968,1,1,1,1,1,1,1,1,8,0.125,-0.033394748,7.533033E-17,0.866021,-0.038561111
310011,-0.243473324,-0.436147184,-0.231670805,-0.254180641,-1.3029158,-1.00956652,-1.17139474,-0.997767611,1,1,1,1,1,1,1,1,8,0.125,-0.705889578,7.533033E-17,0.866021,-0.815094829
310012,-0.243473324,0.5707605124,-1.17226019,-0.254180641,-0.312251048,-0.038194859,0.2466798521,0.0203364607,1,1,1,1,1,1,1,1,8,0.125,-0.147822905,7.533033E-17,0.866021,-0.170691974
310014,-0.243473324,-0.436147184,-1.17226019,-0.254180641,-1.3029158,-1.00956652,-0.69870321,-0.997767611,1,1,1,1,1,1,1,1,8,0.125,-0.76437681,7.533033E-17,0.866021,-0.882630378
310015,-0.243473324,-0.436147184,-0.231670805,-0.254180641,0.6784137042,0.9331768019,1.1920629137,-0.488715575,1,1,1,1,1,1,1,1,8,0.125,0.1436832363,7.533033E-17,0.866021,0.1659118743
310016,-2.064653791,-1.44305488,-2.112849574,-2.299852177,-1.3029158,-1.980938182,-2.116777802,-1.506819647,1,1,1,1,1,1,1,1,8,0.125,-1.853482732,7.533033E-17,0.866021,-2.140227364
310017,-0.243473324,-0.436147184,-0.231670805,-0.254180641,0.6784137042,-0.038194859,-0.226011679,-0.997767611,1,1,1,1,1,1,1,1,8,0.125,-0.21862905,7.533033E-17,0.866021,-0.252452244
310019,-1.154063558,-1.44305488,-2.112849574,-1.277016409,-1.3029158,-1.00956652,-1.17139474,-0.997767611,1,1,1,1,1,1,1,1,8,0.125,-1.308578637,7.533033E-17,0.866021,-1.511023414
31001F,-0.243473324,0.5707605124,-1.17226019,-0.254180641,-1.3029158,-0.038194859,-0.69870321,0.0203364607,1,1,1,1,1,1,1,1,8,0.125,-0.389828881,7.533033E-17,0.866021,-0.450137692
310022,0.6671169089,0.5707605124,-0.231670805,-0.254180641,-1.3029158,-0.038194859,0.7193713829,-0.488715575,1,1,1,1,1,1,1,1,8,0.125,-0.04480361,7.533033E-17,0.866021,-0.05173499
310024,-1.154063558,-1.44305488,-1.17226019,0.7686551275,-1.3029158,-1.00956652,-1.17139474,-0.488715575,1,1,1,1,1,1,1,1,8,0.125,-0.871664517,7.533033E-17,0.866021,-1.006516122
310025,-1.154063558,-1.44305488,-1.17226019,-2.299852177,-1.3029158,-1.980938182,-2.116777802,-1.506819647,1,1,1,1,1,1,1,1,8,0.125,-1.62208528,7.533033E-17,0.866021,-1.873031371
310027,-2.064653791,-1.44305488,-2.112849574,-1.277016409,-1.3029158,-1.980938182,-2.116777802,-0.488715575,1,1,1,1,1,1,1,1,8,0.125,-1.598365252,7.533033E-17,0.866021,-1.845641716
310028,-1.154063558,-1.44305488,-0.231670805,-1.277016409,-0.312251048,-1.00956652,-1.17139474,-0.488715575,1,1,1,1,1,1,1,1,8,0.125,-0.885966692,7.533033E-17,0.866021,-1.023030927
310029,-1.154063558,-0.436147184,-1.17226019,-1.277016409,-1.3029158,-1.00956652,-1.17139474,-2.015871683,1,1,1,1,1,1,1,1,8,0.125,-1.192404511,7.533033E-17,0.866021,-1.376876471
310031,1.5777071423,0.5707605124,0.70891858,0.7686551275,0.6784137042,0.9331768019,1.1920629137,-0.997767611,1,1,1,1,1,1,1,1,8,0.125,0.6789908963,7.533033E-17,0.866021,0.7840347639
310032,-0.243473324,-0.436147184,-0.231670805,-0.254180641,0.6784137042,-1.00956652,-0.69870321,-0.997767611,1,1,1,1,1,1,1,1,8,0.125,-0.399136949,7.533033E-17,0.866021,-0.460885772
310034,0.6671169089,0.5707605124,-0.231670805,0.7686551275,-0.312251048,-0.038194859,0.7193713829,-0.488715575,1,1,1,1,1,1,1,1,8,0.125,0.2068839555,7.533033E-17,0.866021,0.2388901149
310038,-1.154063558,-1.44305488,-1.17226019,-1.277016409,-0.312251048,-1.00956652,-0.69870321,-0.997767611,1,1,1,1,1,1,1,1,8,0.125,-1.008085428,7.533033E-17,0.866021,-1.164042147
310039,-0.243473324,-1.44305488,-1.17226019,-0.254180641,-1.3029158,-1.00956652,-0.69870321,-0.997767611,1,1,1,1,1,1,1,1,8,0.125,-0.890240272,7.533033E-17,0.866021,-1.027965655
310040,-0.243473324,-1.44305488,-0.231670805,-1.277016409,0.6784137042,-0.038194859,-0.69870321,0.0203364607,1,1,1,1,1,1,1,1,8,0.125,-0.404170415,7.533033E-17,0.866021,-0.466697945
310041,-1.154063558,-1.44305488,-1.17226019,-1.277016409,-1.3029158,-1.00956652,-2.116777802,-1.506819647,1,1,1,1,1,1,1,1,8,0.125,-1.372809351,7.533033E-17,0.866021,-1.585190996
310044,-1.154063558,-0.436147184,-1.17226019,-1.277016409,-0.312251048,-1.00956652,-0.226011679,-0.488715575,1,1,1,1,1,1,1,1,8,0.125,-0.75950402,7.533033E-17,0.866021,-0.87700374
310045,-0.243473324,0.5707605124,-0.231670805,-0.254180641,-1.3029158,-0.038194859,0.7193713829,-0.488715575,1,1,1,1,1,1,1,1,8,0.125,-0.158627389,7.533033E-17,0.866021,-0.183167975
310047,-0.243473324,-0.436147184,-0.231670805,-0.254180641,-0.312251048,-1.00956652,-0.226011679,-0.488715575,1,1,1,1,1,1,1,1,8,0.125,-0.400252097,7.533033E-17,0.866021,-0.46217344
310048,-0.243473324,-0.436147184,-0.231670805,-0.254180641,-0.312251048,-1.00956652,-0.226011679,-0.488715575,1,1,1,1,1,1,1,1,8,0.125,-0.400252097,7.533033E-17,0.866021,-0.46217344
310050,-1.154063558,-1.44305488,-0.231670805,-1.277016409,-0.312251048,-1.00956652,-0.226011679,-0.488715575,1,1,1,1,1,1,1,1,8,0.125,-0.767793809,7.533033E-17,0.866021,-0.886576007
310051,-1.154063558,-0.436147184,-1.17226019,-1.277016409,-0.312251048,-1.00956652,-0.226011679,-0.488715575,1,1,1,1,1,1,1,1,8,0.125,-0.75950402,7.533033E-17,0.866021,-0.87700374
310052,-0.243473324,-1.44305488,-0.231670805,-1.277016409,-0.312251048,-1.00956652,-0.226011679,-0.488715575,1,1,1,1,1,1,1,1,8,0.125,-0.65397003,7.533033E-17,0.866021,-0.755143023
310054,-1.154063558,-1.44305488,-0.231670805,-1.277016409,-1.3029158,-1.00956652,-1.17139474,-0.488715575,1,1,1,1,1,1,1,1,8,0.125,-1.009799786,7.533033E-17,0.866021,-1.166021726
310057,-1.154063558,-1.44305488,-2.112849574,-1.277016409,-1.3029158,-1.00956652,-2.116777802,-1.506819647,1,1,1,1,1,1,1,1,8,0.125,-1.490383024,7.533033E-17,0.866021,-1.720954005
310058,,,,,,,,,0,0,0,0,0,0,0,0,0,,,7.533033E-17,0.866021,
310060,1.5777071423,0.5707605124,-0.231670805,0.7686551275,-0.312251048,0.9331768019,0.7193713829,1.0384405328,1,1,1,1,1,1,1,1,8,0.125,0.6330237059,7.533033E-17,0.866021,0.7309561799
310061,-1.154063558,-0.436147184,-1.17226019,-1.277016409,-2.293580553,-1.00956652,-2.116777802,-1.506819647,1,1,1,1,1,1,1,1,8,0.125,-1.370778983,7.533033E-17,0.866021,-1.582846518
310064,-1.154063558,-1.44305488,-0.231670805,-0.254180641,0.6784137042,-1.00956652,-0.69870321,-1.506819647,1,1,1,1,1,1,1,1,8,0.125,-0.702455695,7.533033E-17,0.866021,-0.811129704
310069,0.6671169089,-0.436147184,-0.231670805,0.7686551275,0.6784137042,0.9331768019,0.7193713829,1.0384405328,1,1,1,1,1,1,1,1,8,0.125,0.5171695587,7.533033E-17,0.866021,0.5971787177
310070,-0.243473324,-0.436147184,-0.231670805,-0.254180641,-1.3029158,-0.038194859,0.2466798521,-0.997767611,1,1,1,1,1,1,1,1,8,0.125,-0.407208797,7.533033E-17,0.866021,-0.470206382
310073,-1.154063558,-1.44305488,-0.231670805,-1.277016409,-1.3029158,-1.00956652,-0.69870321,-1.506819647,1,1,1,1,1,1,1,1,8,0.125,-1.077976354,7.533033E-17,0.866021,-1.244745608
310074,-0.243473324,-1.44305488,-1.17226019,-1.277016409,-1.3029158,-1.00956652,-0.226011679,-0.488715575,1,1,1,1,1,1,1,1,8,0.125,-0.895376797,7.533033E-17,0.866021,-1.033896831
310075,-0.243473324,-0.436147184,-0.231670805,0.7686551275,-0.312251048,-0.038194859,-0.226011679,-0.488715575,1,1,1,1,1,1,1,1,8,0.125,-0.150976168,7.533033E-17,0.866021,-0.174333066
310076,-1.154063558,-0.436147184,-1.17226019,-0.254180641,-1.3029158,-1.00956652,-0.69870321,-0.997767611,1,1,1,1,1,1,1,1,8,0.125,-0.878200589,7.533033E-17,0.866021,-1.014063363
310083,-2.064653791,-1.44305488,-2.112849574,-1.277016409,-2.293580553,-1.980938182,-2.116777802,-0.997767611,1,1,1,1,1,1,1,1,8,0.125,-1.78582985,7.533033E-17,0.866021,-2.062108185
310084,-1.154063558,-1.44305488,-0.231670805,-1.277016409,-1.3029158,-1.00956652,-1.17139474,-0.488715575,1,1,1,1,1,1,1,1,8,0.125,-1.009799786,7.533033E-17,0.866021,-1.166021726
310086,-0.243473324,-0.436147184,-0.231670805,-0.254180641,-0.312251048,-1.00956652,-0.226011679,-0.997767611,1,1,1,1,1,1,1,1,8,0.125,-0.463883602,7.533033E-17,0.866021,-0.535649111
310092,-1.154063558,-1.44305488,-1.17226019,-1.277016409,-1.3029158,-1.00956652,-1.644086271,-1.506819647,1,1,1,1,1,1,1,1,8,0.125,-1.31372291,7.533033E-17,0.866021,-1.516963536
310096,-0.243473324,0.5707605124,0.70891858,-0.254180641,-1.3029158,-1.00956652,0.7193713829,0.0203364607,1,1,1,1,1,1,1,1,8,0.125,-0.098843669,7.533033E-17,0.866021,-0.114135363
310108,-1.154063558,-1.44305488,-2.112849574,-1.277016409,-1.3029158,-1.00956652,-1.644086271,-1.506819647,1,1,1,1,1,1,1,1,8,0.125,-1.431296583,7.533033E-17,0.866021,-1.652726545
310110,-0.243473324,-0.436147184,-0.231670805,-0.254180641,-1.3029158,-1.00956652,-1.17139474,-0.997767611,1,1,1,1,1,1,1,1,8,0.125,-0.705889578,7.533033E-17,0.866021,-0.815094829
310111,-0.243473324,-1.44305488,-0.231670805,-0.254180641,-1.3029158,-1.00956652,-1.17139474,-0.997767611,1,1,1,1,1,1,1,1,8,0.125,-0.83175304,7.533033E-17,0.866021,-0.960430106
310112,-0.243473324,-1.44305488,-0.231670805,-0.254180641,-1.3029158,-0.038194859,-0.226011679,-0.488715575,1,1,1,1,1,1,1,1,8,0.125,-0.528527196,7.533033E-17,0.866021,-0.610293447
310113,0.6671169089,-0.436147184,-0.231670805,-0.254180641,-0.312251048,-1.00956652,-0.226011679,-1.506819647,1,1,1,1,1,1,1,1,8,0.125,-0.413691327,7.533033E-17,0.866021,-0.477691798
310115,-1.154063558,-1.44305488,-1.17226019,-1.277016409,-0.312251048,-1.980938182,-1.644086271,-0.997767611,1,1,1,1,1,1,1,1,8,0.125,-1.247679769,7.533033E-17,0.866021,-1.440703135
310118,-1.154063558,-1.44305488,-0.231670805,-1.277016409,-2.293580553,-1.00956652,-1.17139474,0.5293884968,1,1,1,1,1,1,1,1,8,0.125,-1.006369871,7.533033E-17,0.866021,-1.162061183
310119,-2.064653791,-0.436147184,-2.112849574,-1.277016409,-1.3029158,-1.00956652,-1.17139474,-1.506819647,1,1,1,1,1,1,1,1,8,0.125,-1.360170458,7.533033E-17,0.866021,-1.570596793
310130,-1.154063558,-1.44305488,-1.17226019,-1.277016409,-1.3029158,-1.00956652,-1.17139474,-0.488715575,1,1,1,1,1,1,1,1,8,0.125,-1.127373459,7.533033E-17,0.866021,-1.301784735
320001,-1.154063558,-0.436147184,-1.17226019,-1.277016409,-0.312251048,-1.00956652,-1.17139474,-2.015871683,1,1,1,1,1,1,1,1,8,0.125,-1.068571417,7.533033E-17,0.866021,-1.233885672
320002,-0.243473324,-0.436147184,-0.231670805,-1.277016409,-1.3029158,-1.00956652,-0.226011679,-0.997767611,1,1,1,1,1,1,1,1,8,0.125,-0.715571167,7.533033E-17,0.866021,-0.826274216
320004,-0.243473324,-0.436147184,-0.231670805,-1.277016409,-0.312251048,-1.00956652,-0.226011679,0.5293884968,1,1,1,1,1,1,1,1,8,0.125,-0.400843559,7.533033E-17,0.866021,-0.462856405
320005,-1.154063558,-1.44305488,-0.231670805,-1.277016409,-1.3029158,-1.00956652,-1.17139474,-0.997767611,1,1,1,1,1,1,1,1,8,0.125,-1.073431291,7.533033E-17,0.866021,-1.239497397
320006,-1.154063558,-2.449962577,-1.17226019,-1.277016409,-1.3029158,-1.980938182,-1.17139474,0.0203364607,1,1,1,1,1,1,1,1,8,0.125,-1.311026874,7.533033E-17,0.866021,-1.513850409
320009,-1.154063558,-0.436147184,-0.231670805,-1.277016409,-1.3029158,-1.00956652,-0.69870321,-0.997767611,1,1,1,1,1,1,1,1,8,0.125,-0.888481387,7.533033E-17,0.866021,-1.02593466
320011,-0.243473324,0.5707605124,0.70891858,0.7686551275,-1.3029158,-0.038194859,0.2466798521,1.5474925688,1,1,1,1,1,1,1,1,8,0.125,0.2822403321,7.533033E-17,0.866021,0.3259045641
320017,-1.154063558,-1.44305488,-0.231670805,-1.277016409,-2.293580553,-1.980938182,-0.69870321,-1.506819647,1,1,1,1,1,1,1,1,8,0.125,-1.323230905,7.533033E-17,0.866021,-1.527942475
320018,-1.154063558,-1.44305488,-1.17226019,-1.277016409,-0.312251048,-1.00956652,-1.17139474,-0.488715575,1,1,1,1,1,1,1,1,8,0.125,-1.003540365,7.533033E-17,0.866021,-1.158793936
320021,-0.243473324,-0.436147184,-0.231670805,-0.254180641,-1.3029158,-1.00956652,0.2466798521,0.0203364607,1,1,1,1,1,1,1,1,8,0.125,-0.401367245,7.533033E-17,0.866021,-0.463461108
320022,-1.154063558,-1.44305488,-0.231670805,-0.254180641,-0.312251048,-1.00956652,-1.17139474,0.0203364607,1,1,1,1,1,1,1,1,8,0.125,-0.694480716,7.533033E-17,0.866021,-0.80192095
320030,,,,,,,,,0,0,0,0,0,0,0,0,0,,,7.533033E-17,0.866021,
320033,1.5777071423,1.5776682088,1.6495079648,0.7686551275,-0.312251048,-0.038194859,-0.226011679,1.0384405328,1,1,1,1,1,1,1,1,8,0.125,0.7544401737,7.533033E-17,0.866021,0.8711564863
320059,-1.154063558,-0.436147184,-0.231670805,0.7686551275,-1.3029158,-1.00956652,-0.69870321,0.5293884968,1,1,1,1,1,1,1,1,8,0.125,-0.441877932,7.533033E-17,0.866021,-0.510239035
32005F,0.6671169089,0.5707605124,0.70891858,0.7686551275,-0.312251048,0.9331768019,0.7193713829,0.0203364607,1,1,1,1,1,1,1,1,8,0.125,0.5095105908,7.533033E-17,0.866021,0.5883348627
320060,,,,,,,,,0,0,0,0,0,0,0,0,0,,,7.533033E-17,0.866021,
320061,-1.154063558,0.5707605124,-2.112849574,0.7686551275,-1.3029158,-1.00956652,-1.17139474,-0.997767611,1,1,1,1,1,1,1,1,8,0.125,-0.801142771,7.533033E-17,0.866021,-0.925084248
320062,,,,,,,,,0,0,0,0,0,0,0,0,0,,,7.533033E-17,0.866021,
320063,-0.243473324,-1.44305488,-0.231670805,-0.254180641,-0.312251048,-1.00956652,-2.116777802,-0.997767611,1,1,1,1,1,1,1,1,8,0.125,-0.826092829,7.533033E-17,0.866021,-0.953894227
320065,,,,,,,,,0,0,0,0,0,0,0,0,0,,,7.533033E-17,0.866021,
320074,-1.154063558,-0.436147184,-0.231670805,-1.277016409,-0.312251048,-1.00956652,-1.17139474,-0.997767611,1,1,1,1,1,1,1,1,8,0.125,-0.823734734,7.533033E-17,0.866021,-0.951171321
320084,,,,,,,,,0,0,0,0,0,0,0,0,0,,,7.533033E-17,0.866021,
320085,-1.154063558,-1.44305488,-0.231670805,-1.277016409,-1.3029158,-1.980938182,-1.17139474,-0.488715575,1,1,1,1,1,1,1,1,8,0.125,-1.131221244,7.533033E-17,0.866021,-1.306227794
320086,-0.243473324,0.5707605124,0.70891858,-0.254180641,-0.312251048,-0.038194859,0.7193713829,0.5293884968,1,1,1,1,1,1,1,1,8,0.125,0.2100423874,7.533033E-17,0.866021,0.2425371747
320090,-0.243473324,0.5707605124,-0.231670805,-0.254180641,-1.3029158,-0.038194859,0.2466798521,0.0203364607,1,1,1,1,1,1,1,1,8,0.125,-0.154082326,7.533033E-17,0.866021,-0.177919764
320091,-0.243473324,0.5707605124,0.70891858,0.7686551275,0.6784137042,-0.038194859,0.7193713829,1.5474925688,1,1,1,1,1,1,1,1,8,0.125,0.5889929615,7.533033E-17,0.866021,0.6801136216
321300,,,,,,,,,0,0,0,0,0,0,0,0,0,,,7.533033E-17,0.866021,
321301,,,,,,,,,0,0,0,0,0,0,0,0,0,,,7.533033E-17,0.866021,
321302,,,,,,,,,0,0,0,0,0,0,0,0,0,,,7.533033E-17,0.866021,
321304,,,,,,,,,0,0,0,0,0,0,0,0,0,,,7.533033E-17,0.866021,
321305,0.6671169089,1.5776682088,1.6495079648,0.7686551275,0.6784137042,0.9331768019,1.6647544446,2.0565446049,1,1,1,1,1,1,1,1,8,0.125,1.2494797207,7.533033E-17,0.866021,1.4427815499
321306,0.6671169089,0.5707605124,0.70891858,0.7686551275,-1.3029158,0.9331768019,0.7193713829,1.0384405328,1,1,1,1,1,1,1,1,8,0.125,0.5129405057,7.533033E-17,0.866021,0.5922954056
321307,,,,,,,,,0,0,0,0,0,0,0,0,0,,,7.533033E-17,0.866021,
321308,,,,,,,,,0,0,0,0,0,0,0,0,0,,,7.533033E-17,0.866021,
321309,,,,,,,,,0,0,0,0,0,0,0,0,0,,,7.533033E-17,0.866021,
321310,0.6671169089,0.5707605124,0.70891858,0.7686551275,0.6784137042,-0.038194859,0.7193713829,0.0203364607,1,1,1,1,1,1,1,1,8,0.125,0.5119222272,7.533033E-17,0.866021,0.5911195933
321311,0.6671169089,1.5776682088,1.6495079648,-0.254180641,0.6784137042,0.9331768019,0.7193713829,0.5293884968,1,1,1,1,1,1,1,1,8,0.125,0.8125578534,7.533033E-17,0.866021,0.9382653114
321312,,,,,,,,,0,0,0,0,0,0,0,0,0,,,7.533033E-17,0.866021,
321313,,,,,,,,,0,0,0,0,0,0,0,0,0,,,7.533033E-17,0.866021,
330005,-1.154063558,-1.44305488,-0.231670805,-0.254180641,-0.312251048,-1.00956652,-0.226011679,-2.015871683,1,1,1,1,1,1,1,1,8,0.125,-0.830833852,7.533033E-17,0.866021,-0.959368714
330006,-1.154063558,-0.436147184,-2.112849574,-1.277016409,-0.312251048,-1.00956652,-1.644086271,0.0203364607,1,1,1,1,1,1,1,1,8,0.125,-0.990705513,7.533033E-17,0.866021,-1.143973457
330008,-0.243473324,-0.436147184,0.70891858,-0.254180641,-0.312251048,-0.038194859,-1.17139474,1.0384405328,1,1,1,1,1,1,1,1,8,0.125,-0.088535336,7.533033E-17,0.866021,-0.10223227
330009,-2.064653791,-1.44305488,-2.112849574,-1.277016409,-2.293580553,-1.980938182,-2.116777802,-1.506819647,1,1,1,1,1,1,1,1,8,0.125,-1.849461355,7.533033E-17,0.866021,-2.135583856
330011,-1.154063558,-1.44305488,-1.17226019,-1.277016409,-0.312251048,-1.00956652,-0.69870321,-0.488715575,1,1,1,1,1,1,1,1,8,0.125,-0.944453924,7.533033E-17,0.866021,-1.090566476
330013,-1.154063558,-1.44305488,-2.112849574,-1.277016409,-1.3029158,-1.980938182,-1.644086271,-2.015871683,1,1,1,1,1,1,1,1,8,0.125,-1.616349545,7.533033E-17,0.866021,-1.866408284
330014,-2.064653791,-1.44305488,-2.112849574,-1.277016409,-2.293580553,-1.980938182,-2.116777802,-0.997767611,1,1,1,1,1,1,1,1,8,0.125,-1.78582985,7.533033E-17,0.866021,-2.062108185
330019,-2.064653791,-2.449962577,-2.112849574,-2.299852177,-2.293580553,-1.980938182,-2.116777802,-1.506819647,1,1,1,1,1,1,1,1,8,0.125,-2.103179288,7.533033E-17,0.866021,-2.428553439
330023,-0.243473324,-0.436147184,-1.17226019,-0.254180641,-0.312251048,-1.00956652,-0.226011679,0.0203364607,1,1,1,1,1,1,1,1,8,0.125,-0.454194266,7.533033E-17,0.866021,-0.524460778
330024,-1.154063558,0.5707605124,-1.17226019,-1.277016409,-0.312251048,-0.038194859,-0.226011679,-1.506819647,1,1,1,1,1,1,1,1,8,0.125,-0.63948211,7.533033E-17,0.866021,-0.738413737
330027,-2.064653791,-1.44305488,-2.112849574,-2.299852177,-2.293580553,-1.980938182,-2.116777802,-1.506819647,1,1,1,1,1,1,1,1,8,0.125,-1.977315826,7.533033E-17,0.866021,-2.283218162
330028,-1.154063558,-1.44305488,-1.17226019,-1.277016409,-1.3029158,-1.980938182,-2.116777802,-0.997767611,1,1,1,1,1,1,1,1,8,0.125,-1.430599304,7.533033E-17,0.866021,-1.651921393
330030,-0.243473324,0.5707605124,-0.231670805,-0.254180641,-0.312251048,-0.038194859,-0.226011679,-1.506819647,1,1,1,1,1,1,1,1,8,0.125,-0.280230186,7.533033E-17,0.866021,-0.323583437
330033,0.6671169089,-0.436147184,0.70891858,-0.254180641,0.6784137042,-1.00956652,-0.226011679,0.0203364607,1,1,1,1,1,1,1,1,8,0.125,0.0186099537,7.533033E-17,0.866021,0.0214890226
330043,-0.243473324,-0.436147184,-1.17226019,-1.277016409,-1.3029158,-1.00956652,-0.69870321,-0.997767611,1,1,1,1,1,1,1,1,8,0.125,-0.892231281,7.533033E-17,0.866021,-1.030264685
330044,-0.243473324,-1.44305488,-1.17226019,-1.277016409,-1.3029158,-1.00956652,-1.17139474,-1.506819647,1,1,1,1,1,1,1,1,8,0.125,-1.140812689,7.533033E-17,0.866021,-1.317303092
330045,0.6671169089,-0.436147184,-0.231670805,-0.254180641,-0.312251048,0.9331768019,0.2466798521,0.0203364607,1,1,1,1,1,1,1,1,8,0.125,0.0791325432,7.533033E-17,0.866021,0.0913748111
330046,-1.154063558,-1.44305488,-1.17226019,-1.277016409,-1.3029158,-1.00956652,-1.17139474,-0.997767611,1,1,1,1,1,1,1,1,8,0.125,-1.191004964,7.533033E-17,0.866021,-1.375260406
330047,-1.154063558,-1.44305488,-1.17226019,-0.254180641,-1.3029158,-1.00956652,-1.17139474,-1.506819647,1,1,1,1,1,1,1,1,8,0.125,-1.126781997,7.533033E-17,0.866021,-1.30110177
330049,0.6671169089,-0.436147184,-0.231670805,0.7686551275,0.6784137042,0.9331768019,1.1920629137,0.5293884968,1,1,1,1,1,1,1,1,8,0.125,0.5126244955,7.533033E-17,0.866021,0.5919305067
330055,-1.154063558,-1.44305488,-1.17226019,-1.277016409,-0.312251048,-1.00956652,-0.69870321,-0.997767611,1,1,1,1,1,1,1,1,8,0.125,-1.008085428,7.533033E-17,0.866021,-1.164042147
330056,-2.064653791,0.5707605124,-2.112849574,-1.277016409,-1.3029158,-1.00956652,-1.644086271,-0.488715575,1,1,1,1,1,1,1,1,8,0.125,-1.166130429,7.533033E-17,0.866021,-1.346537634
330057,-0.243473324,-0.436147184,-0.231670805,-1.277016409,-1.3029158,-0.038194859,0.2466798521,-1.506819647,1,1,1,1,1,1,1,1,8,0.125,-0.598694772,7.533033E-17,0.866021,-0.691316359
330058,-1.154063558,-1.44305488,-1.17226019,-1.277016409,-1.3029158,-1.00956652,-2.116777802,-0.997767611,1,1,1,1,1,1,1,1,8,0.125,-1.309177846,7.533033E-17,0.866021,-1.511715325
330059,-1.154063558,-0.436147184,-1.17226019,-1.277016409,-1.3029158,-1.00956652,-0.69870321,-0.997767611,1,1,1,1,1,1,1,1,8,0.125,-1.00605506,7.533033E-17,0.866021,-1.161697669
330065,-1.154063558,-0.436147184,-1.17226019,-1.277016409,-0.312251048,-1.00956652,-1.644086271,-1.506819647,1,1,1,1,1,1,1,1,8,0.125,-1.064026353,7.533033E-17,0.866021,-1.228637461
330073,0.6671169089,-0.436147184,-0.231670805,-1.277016409,0.6784137042,-1.00956652,-0.226011679,-0.997767611,1,1,1,1,1,1,1,1,8,0.125,-0.354081199,7.533033E-17,0.866021,-0.408859634
330074,0.6671169089,0.5707605124,0.70891858,-0.254180641,0.6784137042,0.9331768019,0.7193713829,-0.997767611,1,1,1,1,1,1,1,1,8,0.125,0.3782262048,7.533033E-17,0.866021,0.4367400134
330078,-0.243473324,-0.436147184,-0.231670805,-0.254180641,-0.312251048,-0.038194859,-0.226011679,-1.506819647,1,1,1,1,1,1,1,1,8,0.125,-0.406093648,7.533033E-17,0.866021,-0.468918714
330079,1.5777071423,1.5776682088,1.6495079648,0.7686551275,1.6690784566,0.9331768019,1.1920629137,0.5293884968,1,1,1,1,1,1,1,1,8,0.125,1.237155639,7.533033E-17,0.866021,1.4285508607
330080,-2.064653791,-1.44305488,-2.112849574,-2.299852177,-2.293580553,-1.980938182,-2.116777802,-1.506819647,1,1,1,1,1,1,1,1,8,0.125,-1.977315826,7.533033E-17,0.866021,-2.283218162
330085,-1.154063558,-0.436147184,-1.17226019,-1.277016409,-0.312251048,-1.00956652,-1.17139474,0.0203364607,1,1,1,1,1,1,1,1,8,0.125,-0.814045399,7.533033E-17,0.866021,-0.939982988
330086,,,,,,,,,0,0,0,0,0,0,0,0,0,,,7.533033E-17,0.866021,
330090,-0.243473324,-0.436147184,-0.231670805,-1.277016409,-1.3029158,-1.00956652,-1.17139474,-0.997767611,1,1,1,1,1,1,1,1,8,0.125,-0.833744049,7.533033E-17,0.866021,-0.962729136
330094,-0.243473324,-1.44305488,-0.231670805,-1.277016409,0.6784137042,-1.00956652,-1.17139474,-0.488715575,1,1,1,1,1,1,1,1,8,0.125,-0.648309819,7.533033E-17,0.866021,-0.748607144
330096,-0.243473324,0.5707605124,0.70891858,-0.254180641,0.6784137042,-0.038194859,-0.226011679,0.0203364607,1,1,1,1,1,1,1,1,8,0.125,0.1520710943,7.533033E-17,0.866021,0.175597383
33009F,0.6671169089,0.5707605124,0.70891858,0.7686551275,0.6784137042,0.9331768019,0.7193713829,-0.488715575,1,1,1,1,1,1,1,1,8,0.125,0.5697121803,7.533033E-17,0.866021,0.6578499906
330100,,,,,,,,,0,0,0,0,0,0,0,0,0,,,7.533033E-17,0.866021,
330101,-0.243473324,0.5707605124,-1.17226019,-0.254180641,-0.312251048,-0.038194859,0.2466798521,-0.488715575,1,1,1,1,1,1,1,1,8,0.125,-0.211454409,7.533033E-17,0.866021,-0.244167644
330102,0.6671169089,-0.436147184,0.70891858,-0.254180641,0.6784137042,-0.038194859,0.2466798521,-0.488715575,1,1,1,1,1,1,1,1,8,0.125,0.1354863482,7.533033E-17,0.866021,0.1564468797
330103,-1.154063558,-1.44305488,-2.112849574,-1.277016409,-0.312251048,-1.00956652,-2.116777802,-2.015871683,1,1,1,1,1,1,1,1,8,0.125,-1.430181434,7.533033E-17,0.866021,-1.651438877
330104,-1.154063558,-1.44305488,-1.17226019,-1.277016409,-1.3029158,-1.980938182,-1.644086271,-1.506819647,1,1,1,1,1,1,1,1,8,0.125,-1.435144367,7.533033E-17,0.866021,-1.657169604
330106,-1.154063558,-0.436147184,-1.17226019,-1.277016409,-0.312251048,-0.038194859,-0.226011679,-0.488715575,1,1,1,1,1,1,1,1,8,0.125,-0.638082563,7.533033E-17,0.866021,-0.736797672
330107,-0.243473324,-0.436147184,-0.231670805,-0.254180641,0.6784137042,-0.038194859,-0.226011679,0.0203364607,1,1,1,1,1,1,1,1,8,0.125,-0.091366041,7.533033E-17,0.866021,-0.105500902
330111,0.6671169089,-0.436147184,0.70891858,-0.254180641,-1.3029158,-1.00956652,-1.17139474,-0.488715575,1,1,1,1,1,1,1,1,8,0.125,-0.410860622,7.533033E-17,0.866021,-0.474423166
330115,0.6671169089,0.5707605124,0.70891858,0.7686551275,1.6690784566,0.9331768019,0.7193713829,0.0203364607,1,1,1,1,1,1,1,1,8,0.125,0.7571767789,7.533033E-17,0.866021,0.8743164603
330119,-1.154063558,-0.436147184,-1.17226019,-1.277016409,-0.312251048,-1.00956652,-0.226011679,-0.997767611,1,1,1,1,1,1,1,1,8,0.125,-0.823135525,7.533033E-17,0.866021,-0.950479411
33011F,,,,,,,,,0,0,0,0,0,0,0,0,0,,,7.533033E-17,0.866021,
330125,-1.154063558,-1.44305488,-2.112849574,-1.277016409,-0.312251048,-1.00956652,-1.644086271,-2.015871683,1,1,1,1,1,1,1,1,8,0.125,-1.371094993,7.533033E-17,0.866021,-1.583211417
330126,-0.243473324,-1.44305488,-0.231670805,-0.254180641,-0.312251048,-1.00956652,-1.17139474,-0.997767611,1,1,1,1,1,1,1,1,8,0.125,-0.707919946,7.533033E-17,0.866021,-0.817439307
330127,-2.064653791,-1.44305488,-2.112849574,-1.277016409,-2.293580553,-1.980938182,-1.644086271,-1.506819647,1,1,1,1,1,1,1,1,8,0.125,-1.790374913,7.533033E-17,0.866021,-2.067356396
330128,-2.064653791,-1.44305488,-1.17226019,-1.277016409,-1.3029158,-1.00956652,-1.644086271,-0.997767611,1,1,1,1,1,1,1,1,8,0.125,-1.363915184,7.533033E-17,0.866021,-1.57492085
33012F,0.6671169089,-0.436147184,0.70891858,0.7686551275,0.6784137042,0.9331768019,0.7193713829,-0.997767611,1,1,1,1,1,1,1,1,8,0.125,0.3802172138,7.533033E-17,0.866021,0.4390390431
330135,0.6671169089,-2.449962577,0.70891858,0.7686551275,-1.3029158,-1.00956652,-0.69870321,0.0203364607,1,1,1,1,1,1,1,1,8,0.125,-0.412015129,7.533033E-17,0.866021,-0.475756282
330136,-0.243473324,-0.436147184,-1.17226019,-0.254180641,0.6784137042,-1.00956652,-1.17139474,-1.506819647,1,1,1,1,1,1,1,1,8,0.125,-0.639428568,7.533033E-17,0.866021,-0.738351912
330140,-0.243473324,-0.436147184,-0.231670805,-1.277016409,-0.312251048,-1.00956652,0.2466798521,-0.488715575,1,1,1,1,1,1,1,1,8,0.125,-0.469020127,7.533033E-17,0.866021,-0.541580287
330141,-2.064653791,-2.449962577,-2.112849574,-2.299852177,-2.293580553,-1.980938182,-2.116777802,-2.015871683,1,1,1,1,1,1,1,1,8,0.125,-2.166810792,7.533033E-17,0.866021,-2.50202911
330144,,,,,,,,,0,0,0,0,0,0,0,0,0,,,7.533033E-17,0.866021,
330151,-1.154063558,0.5707605124,-0.231670805,-1.277016409,0.6784137042,-1.00956652,-0.226011679,1.0384405328,1,1,1,1,1,1,1,1,8,0.125,-0.201339278,7.533033E-17,0.866021,-0.232487643
330153,-1.154063558,-0.436147184,-1.17226019,-1.277016409,-0.312251048,-1.00956652,-1.17139474,-0.997767611,1,1,1,1,1,1,1,1,8,0.125,-0.941308408,7.533033E-17,0.866021,-1.08693433
330157,-0.243473324,0.5707605124,0.70891858,0.7686551275,0.6784137042,-0.038194859,-1.17139474,-0.488715575,1,1,1,1,1,1,1,1,8,0.125,0.0981211781,7.533033E-17,0.866021,0.1133010989
330158,-1.154063558,-1.44305488,-1.17226019,-1.277016409,-1.3029158,-1.00956652,-1.17139474,-0.997767611,1,1,1,1,1,1,1,1,8,0.125,-1.191004964,7.533033E-17,0.866021,-1.375260406
33015F,,,,,,,,,0,0,0,0,0,0,0,0,0,,,7.533033E-17,0.866021,
330160,-1.154063558,-1.44305488,-1.17226019,-0.254180641,-1.3029158,-1.00956652,-1.17139474,-1.506819647,1,1,1,1,1,1,1,1,8,0.125,-1.126781997,7.533033E-17,0.866021,-1.30110177
330162,0.6671169089,0.5707605124,0.70891858,0.7686551275,0.6784137042,0.9331768019,0.7193713829,-0.488715575,1,1,1,1,1,1,1,1,8,0.125,0.5697121803,7.533033E-17,0.866021,0.6578499906
330164,-1.154063558,-0.436147184,-1.17226019,-0.254180641,-1.3029158,-1.00956652,-0.69870321,-2.015871683,1,1,1,1,1,1,1,1,8,0.125,-1.005463598,7.533033E-17,0.866021,-1.161014704
330166,,,,,,,,,0,0,0,0,0,0,0,0,0,,,7.533033E-17,0.866021,
330169,-2.064653791,-1.44305488,-2.112849574,-1.277016409,-2.293580553,-1.980938182,-2.116777802,-1.506819647,1,1,1,1,1,1,1,1,8,0.125,-1.849461355,7.533033E-17,0.866021,-2.135583856
33016F,-1.154063558,0.5707605124,-1.17226019,-0.254180641,-1.3029158,0.9331768019,-0.226011679,0.0203364607,1,1,1,1,1,1,1,1,8,0.125,-0.323144762,7.533033E-17,0.866021,-0.373137148
330175,-1.154063558,-1.44305488,-0.231670805,-1.277016409,-1.3029158,-1.00956652,-2.116777802,-1.506819647,1,1,1,1,1,1,1,1,8,0.125,-1.255235678,7.533033E-17,0.866021,-1.449427987
33017F,-0.243473324,0.5707605124,-0.231670805,0.7686551275,-1.3029158,-0.038194859,-0.226011679,0.0203364607,1,1,1,1,1,1,1,1,8,0.125,-0.085314296,7.533033E-17,0.866021,-0.098512917
330180,-0.243473324,-1.44305488,-0.231670805,-1.277016409,-1.3029158,-1.00956652,-1.17139474,-0.997767611,1,1,1,1,1,1,1,1,8,0.125,-0.959607511,7.533033E-17,0.866021,-1.108064412
330181,0.6671169089,0.5707605124,0.70891858,0.7686551275,0.6784137042,0.9331768019,0.7193713829,0.5293884968,1,1,1,1,1,1,1,1,8,0.125,0.6969751893,7.533033E-17,0.866021,0.8048013323
330182,1.5777071423,0.5707605124,0.70891858,0.7686551275,0.6784137042,0.9331768019,1.6647544446,0.0203364607,1,1,1,1,1,1,1,1,8,0.125,0.8653403467,7.533033E-17,0.866021,0.9992135654
330184,-2.064653791,-1.44305488,-2.112849574,-2.299852177,-1.3029158,-1.980938182,-2.116777802,-2.015871683,1,1,1,1,1,1,1,1,8,0.125,-1.917114236,7.533033E-17,0.866021,-2.213703035
330185,0.6671169089,0.5707605124,0.70891858,0.7686551275,0.6784137042,0.9331768019,0.7193713829,1.0384405328,1,1,1,1,1,1,1,1,8,0.125,0.7606066938,7.533033E-17,0.866021,0.8782770032
330188,-0.243473324,-0.436147184,-0.231670805,-1.277016409,0.6784137042,-1.00956652,-0.226011679,-0.488715575,1,1,1,1,1,1,1,1,8,0.125,-0.404273474,7.533033E-17,0.866021,-0.466816948
330191,0.6671169089,0.5707605124,-0.231670805,0.7686551275,-0.312251048,-1.00956652,-0.226011679,-1.506819647,1,1,1,1,1,1,1,1,8,0.125,-0.159973394,7.533033E-17,0.866021,-0.184722215
330193,-1.154063558,-1.44305488,-1.17226019,-1.277016409,-1.3029158,-1.00956652,-1.17139474,-0.488715575,1,1,1,1,1,1,1,1,8,0.125,-1.127373459,7.533033E-17,0.866021,-1.301784735
330194,-1.154063558,-1.44305488,-2.112849574,-1.277016409,-1.3029158,-1.980938182,-1.17139474,-2.015871683,1,1,1,1,1,1,1,1,8,0.125,-1.557263103,7.533033E-17,0.866021,-1.798180824
330195,-0.243473324,-0.436147184,-0.231670805,-0.254180641,-1.3029158,-1.00956652,-0.226011679,0.5293884968,1,1,1,1,1,1,1,1,8,0.125,-0.396822182,7.533033E-17,0.866021,-0.458212897
330196,-1.154063558,-1.44305488,-1.17226019,-1.277016409,-1.3029158,-1.00956652,-1.17139474,-0.488715575,1,1,1,1,1,1,1,1,8,0.125,-1.127373459,7.533033E-17,0.866021,-1.301784735
330197,-1.154063558,-0.436147184,-0.231670805,0.7686551275,0.6784137042,-0.038194859,-0.69870321,-0.997767611,1,1,1,1,1,1,1,1,8,0.125,-0.263684799,7.533033E-17,0.866021,-0.304478382
330198,-1.154063558,-1.44305488,-2.112849574,-1.277016409,-2.293580553,-1.00956652,-1.17139474,-0.997767611,1,1,1,1,1,1,1,1,8,0.125,-1.432411731,7.533033E-17,0.866021,-1.654014213
330199,-1.154063558,-0.436147184,-1.17226019,-1.277016409,-1.3029158,-1.00956652,-1.17139474,-0.997767611,1,1,1,1,1,1,1,1,8,0.125,-1.065141502,7.533033E-17,0.866021,-1.229925129
33019F,0.6671169089,0.5707605124,-0.231670805,0.7686551275,-0.312251048,0.9331768019,-0.226011679,0.5293884968,1,1,1,1,1,1,1,1,8,0.125,0.3373955395,7.533033E-17,0.866021,0.3895926051
330202,-2.064653791,-1.44305488,-2.112849574,-1.277016409,-2.293580553,-1.00956652,-0.69870321,-0.488715575,1,1,1,1,1,1,1,1,8,0.125,-1.423517564,7.533033E-17,0.866021,-1.643744067
330203,-1.154063558,-1.44305488,-1.17226019,-1.277016409,-0.312251048,-1.00956652,-0.69870321,-2.015871683,1,1,1,1,1,1,1,1,8,0.125,-1.135348437,7.533033E-17,0.866021,-1.310993489
330204,-2.064653791,-1.44305488,-2.112849574,-1.277016409,-1.3029158,-1.00956652,-1.17139474,-1.506819647,1,1,1,1,1,1,1,1,8,0.125,-1.48603392,7.533033E-17,0.866021,-1.71593207
330205,1.5777071423,0.5707605124,0.70891858,0.7686551275,0.6784137042,0.9331768019,0.7193713829,0.0203364607,1,1,1,1,1,1,1,1,8,0.125,0.747167464,7.533033E-17,0.866021,0.8627586458
330208,-1.154063558,-1.44305488,-1.17226019,-1.277016409,-1.3029158,-1.00956652,-1.17139474,-0.997767611,1,1,1,1,1,1,1,1,8,0.125,-1.191004964,7.533033E-17,0.866021,-1.375260406
33020F,,,,,,,,,0,0,0,0,0,0,0,0,0,,,7.533033E-17,0.866021,
330211,-0.243473324,-0.436147184,-0.231670805,-0.254180641,-0.312251048,-1.00956652,-1.17139474,0.0203364607,1,1,1,1,1,1,1,1,8,0.125,-0.454793475,7.533033E-17,0.866021,-0.525152689
330214,0.6671169089,0.5707605124,-0.231670805,-0.254180641,-0.312251048,-0.038194859,0.7193713829,-0.488715575,1,1,1,1,1,1,1,1,8,0.125,0.0790294845,7.533033E-17,0.866021,0.0912558085
330215,-1.154063558,-1.44305488,-1.17226019,-1.277016409,-0.312251048,-1.00956652,-0.69870321,-0.997767611,1,1,1,1,1,1,1,1,8,0.125,-1.008085428,7.533033E-17,0.866021,-1.164042147
330218,-0.243473324,0.5707605124,-0.231670805,-0.254180641,0.6784137042,-0.038194859,-0.226011679,0.5293884968,1,1,1,1,1,1,1,1,8,0.125,0.0981289257,7.533033E-17,0.866021,0.1133100451
330219,-1.154063558,-1.44305488,-0.231670805,-0.254180641,0.6784137042,-1.00956652,-0.69870321,-0.997767611,1,1,1,1,1,1,1,1,8,0.125,-0.63882419,7.533033E-17,0.866021,-0.737654033
330221,-2.064653791,-1.44305488,-2.112849574,-1.277016409,-1.3029158,-1.980938182,-1.17139474,-0.488715575,1,1,1,1,1,1,1,1,8,0.125,-1.480192369,7.533033E-17,0.866021,-1.709186796
330222,0.6671169089,0.5707605124,0.70891858,0.7686551275,-0.312251048,0.9331768019,0.7193713829,0.0203364607,1,1,1,1,1,1,1,1,8,0.125,0.5095105908,7.533033E-17,0.866021,0.5883348627
330224,-2.064653791,-2.449962577,-2.112849574,-2.299852177,-2.293580553,-1.980938182,-2.116777802,-2.015871683,1,1,1,1,1,1,1,1,8,0.125,-2.166810792,7.533033E-17,0.866021,-2.50202911
330226,-1.154063558,-1.44305488,-1.17226019,-1.277016409,-1.3029158,-1.00956652,-1.17139474,-2.015871683,1,1,1,1,1,1,1,1,8,0.125,-1.318267973,7.533033E-17,0.866021,-1.522211747
330229,-0.243473324,-0.436147184,-0.231670805,-0.254180641,1.6690784566,-1.00956652,-1.17139474,0.5293884968,1,1,1,1,1,1,1,1,8,0.125,-0.143495783,7.533033E-17,0.866021,-0.165695421
330231,-1.154063558,-0.436147184,-1.17226019,-0.254180641,-2.293580553,-1.00956652,-0.226011679,0.0203364607,1,1,1,1,1,1,1,1,8,0.125,-0.815684233,7.533033E-17,0.866021,-0.94187536
330233,-2.064653791,-1.44305488,-2.112849574,-2.299852177,-2.293580553,-1.980938182,-2.116777802,-0.997767611,1,1,1,1,1,1,1,1,8,0.125,-1.913684321,7.533033E-17,0.866021,-2.209742492
330234,-2.064653791,-1.44305488,-2.112849574,-1.277016409,-1.3029158,-1.980938182,-2.116777802,-2.015871683,1,1,1,1,1,1,1,1,8,0.125,-1.789259765,7.533033E-17,0.866021,-2.066068728
330235,-1.154063558,-1.44305488,-1.17226019,-1.277016409,-0.312251048,-1.00956652,-2.116777802,-1.506819647,1,1,1,1,1,1,1,1,8,0.125,-1.248976257,7.533033E-17,0.866021,-1.442200197
330238,-0.243473324,-1.44305488,-0.231670805,-1.277016409,0.6784137042,-1.00956652,-1.17139474,-0.488715575,1,1,1,1,1,1,1,1,8,0.125,-0.648309819,7.533033E-17,0.866021,-0.748607144
330239,0.6671169089,-0.436147184,-0.231670805,-0.254180641,0.6784137042,-1.00956652,-0.69870321,-0.997767611,1,1,1,1,1,1,1,1,8,0.125,-0.28531317,7.533033E-17,0.866021,-0.329452788
330240,-1.154063558,-1.44305488,-2.112849574,-1.277016409,-2.293580553,-1.00956652,-1.17139474,-0.488715575,1,1,1,1,1,1,1,1,8,0.125,-1.368780226,7.533033E-17,0.866021,-1.580538542
330241,-0.243473324,-0.436147184,-0.231670805,-0.254180641,0.6784137042,-0.038194859,-0.226011679,-0.997767611,1,1,1,1,1,1,1,1,8,0.125,-0.21862905,7.533033E-17,0.866021,-0.252452244
330245,-1.154063558,-1.44305488,-1.17226019,-1.277016409,-0.312251048,-1.00956652,-1.644086271,-2.015871683,1,1,1,1,1,1,1,1,8,0.125,-1.25352132,7.533033E-17,0.866021,-1.447448408
330246,-0.243473324,-0.436147184,-0.231670805,-0.254180641,-0.312251048,-0.038194859,0.2466798521,-0.488715575,1,1,1,1,1,1,1,1,8,0.125,-0.219744198,7.533033E-17,0.866021,-0.253739912
33024F,-0.243473324,-0.436147184,0.70891858,0.7686551275,-0.312251048,0.9331768019,0.7193713829,-0.488715575,1,1,1,1,1,1,1,1,8,0.125,0.2061918451,7.533033E-17,0.866021,0.2380909309
330250,-1.154063558,-0.436147184,-0.231670805,-1.277016409,-1.3029158,-1.00956652,-1.17139474,-0.488715575,1,1,1,1,1,1,1,1,8,0.125,-0.883936324,7.533033E-17,0.866021,-1.020686449
330259,-1.154063558,-1.44305488,-1.17226019,-1.277016409,-1.3029158,-1.00956652,-0.69870321,-0.488715575,1,1,1,1,1,1,1,1,8,0.125,-1.068287018,7.533033E-17,0.866021,-1.233557275
330261,-1.154063558,-0.436147184,-1.17226019,-0.254180641,-0.312251048,-1.00956652,-0.69870321,-1.506819647,1,1,1,1,1,1,1,1,8,0.125,-0.817999,7.533033E-17,0.866021,-0.944548235
330264,-0.243473324,-0.436147184,-0.231670805,-0.254180641,-0.312251048,-1.00956652,-1.17139474,-0.488715575,1,1,1,1,1,1,1,1,8,0.125,-0.51842498,7.533033E-17,0.866021,-0.59862836
330265,0.6671169089,0.5707605124,1.6495079648,0.7686551275,0.6784137042,0.9331768019,0.7193713829,-0.997767611,1,1,1,1,1,1,1,1,8,0.125,0.6236543489,7.533033E-17,0.866021,0.7201373285
330267,-0.243473324,0.5707605124,-0.231670805,-0.254180641,0.6784137042,-0.038194859,-0.226011679,-0.488715575,1,1,1,1,1,1,1,1,8,0.125,-0.029134083,7.533033E-17,0.866021,-0.033641297
330270,1.5777071423,1.5776682088,0.70891858,0.7686551275,1.6690784566,0.9331768019,1.6647544446,0.0203364607,1,1,1,1,1,1,1,1,8,0.125,1.1150369028,7.533033E-17,0.866021,1.2875396408
330273,0.6671169089,0.5707605124,-0.231670805,-0.254180641,0.6784137042,-1.00956652,-0.226011679,-0.488715575,1,1,1,1,1,1,1,1,8,0.125,-0.036731762,7.533033E-17,0.866021,-0.04241438
330276,-0.243473324,-1.44305488,-0.231670805,-0.254180641,-0.312251048,-1.00956652,-1.17139474,-0.488715575,1,1,1,1,1,1,1,1,8,0.125,-0.644288442,7.533033E-17,0.866021,-0.743963636
330277,-0.243473324,-0.436147184,-0.231670805,-1.277016409,0.6784137042,-0.038194859,-0.226011679,-1.506819647,1,1,1,1,1,1,1,1,8,0.125,-0.410115025,7.533033E-17,0.866021,-0.473562221
330279,-0.243473324,-0.436147184,0.70891858,-1.277016409,0.6784137042,-1.00956652,-0.69870321,-1.506819647,1,1,1,1,1,1,1,1,8,0.125,-0.473049251,7.533033E-17,0.866021,-0.54623274
330285,-0.243473324,0.5707605124,-0.231670805,-0.254180641,0.6784137042,-0.038194859,0.2466798521,-2.015871683,1,1,1,1,1,1,1,1,8,0.125,-0.160942155,7.533033E-17,0.866021,-0.185840849
330286,-1.154063558,-1.44305488,-1.17226019,-1.277016409,-1.3029158,-1.00956652,-1.17139474,-0.997767611,1,1,1,1,1,1,1,1,8,0.125,-1.191004964,7.533033E-17,0.866021,-1.375260406
330304,0.6671169089,0.5707605124,-0.231670805,0.7686551275,-0.312251048,0.9331768019,0.7193713829,0.0203364607,1,1,1,1,1,1,1,1,8,0.125,0.3919369177,7.533033E-17,0.866021,0.4525718539
330307,0.6671169089,0.5707605124,0.70891858,-0.254180641,0.6784137042,0.9331768019,0.2466798521,-0.488715575,1,1,1,1,1,1,1,1,8,0.125,0.3827712679,7.533033E-17,0.866021,0.4419882244
330331,-0.243473324,-0.436147184,-0.231670805,-1.277016409,-1.3029158,-1.00956652,-0.226011679,-0.488715575,1,1,1,1,1,1,1,1,8,0.125,-0.651939662,7.533033E-17,0.866021,-0.752798545
330332,0.6671169089,0.5707605124,-0.231670805,-0.254180641,0.6784137042,-0.038194859,-0.226011679,-0.997767611,1,1,1,1,1,1,1,1,8,0.125,0.0210581913,7.533033E-17,0.866021,0.0243160168
330350,-2.064653791,-0.436147184,-1.17226019,-0.254180641,-1.3029158,-1.00956652,-1.644086271,-0.997767611,1,1,1,1,1,1,1,1,8,0.125,-1.110197251,7.533033E-17,0.866021,-1.281951267
330386,-1.154063558,-1.44305488,-1.17226019,-1.277016409,-1.3029158,-1.00956652,-1.17139474,-0.997767611,1,1,1,1,1,1,1,1,8,0.125,-1.191004964,7.533033E-17,0.866021,-1.375260406
330393,-0.243473324,-0.436147184,-0.231670805,-0.254180641,0.6784137042,-0.038194859,-0.226011679,-1.506819647,1,1,1,1,1,1,1,1,8,0.125,-0.282260554,7.533033E-17,0.866021,-0.325927915
330394,-0.243473324,-1.44305488,-0.231670805,-1.277016409,-0.312251048,-1.00956652,-1.17139474,-1.506819647,1,1,1,1,1,1,1,1,8,0.125,-0.899405922,7.533033E-17,0.866021,-1.038549285
330395,-2.064653791,-1.44305488,-2.112849574,-2.299852177,-2.293580553,-1.980938182,-2.116777802,-1.506819647,1,1,1,1,1,1,1,1,8,0.125,-1.977315826,7.533033E-17,0.866021,-2.283218162
330396,-2.064653791,-0.436147184,-2.112849574,-1.277016409,-1.3029158,-1.00956652,-1.17139474,-0.488715575,1,1,1,1,1,1,1,1,8,0.125,-1.232907449,7.533033E-17,0.866021,-1.423645451
330399,-2.064653791,-1.44305488,-2.112849574,-2.299852177,-2.293580553,-1.980938182,-2.116777802,-1.506819647,1,1,1,1,1,1,1,1,8,0.125,-1.977315826,7.533033E-17,0.866021,-2.283218162
330401,-0.243473324,-0.436147184,-0.231670805,-0.254180641,-0.312251048,-0.038194859,-0.226011679,0.0203364607,1,1,1,1,1,1,1,1,8,0.125,-0.215199135,7.533033E-17,0.866021,-0.248491701
330405,,,,,,,,,0,0,0,0,0,0,0,0,0,,,7.533033E-17,0.866021,
330406,,,,,,,,,0,0,0,0,0,0,0,0,0,,,7.533033E-17,0.866021,
331301,,,,,,,,,0,0,0,0,0,0,0,0,0,,,7.533033E-17,0.866021,
331302,,,,,,,,,0,0,0,0,0,0,0,0,0,,,7.533033E-17,0.866021,
331303,,,,,,,,,0,0,0,0,0,0,0,0,0,,,7.533033E-17,0.866021,
331304,,,,,,,,,0,0,0,0,0,0,0,0,0,,,7.533033E-17,0.866021,
331305,,,,,,,,,0,0,0,0,0,0,0,0,0,,,7.533033E-17,0.866021,
331307,,,,,,,,,0,0,0,0,0,0,0,0,0,,,7.533033E-17,0.866021,
331309,,,,,,,,,0,0,0,0,0,0,0,0,0,,,7.533033E-17,0.866021,
331310,,,,,,,,,0,0,0,0,0,0,0,0,0,,,7.533033E-17,0.866021,
331311,0.6671169089,0.5707605124,0.70891858,-0.254180641,-1.3029158,-0.038194859,-0.226011679,0.0203364607,1,1,1,1,1,1,1,1,8,0.125,0.0182286854,7.533033E-17,0.866021,0.0210487697
331312,,,,,,,,,0,0,0,0,0,0,0,0,0,,,7.533033E-17,0.866021,
331313,,,,,,,,,0,0,0,0,0,0,0,0,0,,,7.533033E-17,0.866021,
331314,,,,,,,,,0,0,0,0,0,0,0,0,0,,,7.533033E-17,0.866021,
331315,,,,,,,,,0,0,0,0,0,0,0,0,0,,,7.533033E-17,0.866021,
331316,1.5777071423,0.5707605124,0.70891858,-0.254180641,1.6690784566,0.9331768019,0.7193713829,1.0384405328,1,1,1,1,1,1,1,1,8,0.125,0.870409096,7.533033E-17,0.866021,1.0050664799
331317,,,,,,,,,0,0,0,0,0,0,0,0,0,,,7.533033E-17,0.866021,
331319,,,,,,,,,0,0,0,0,0,0,0,0,0,,,7.533033E-17,0.866021,
331320,1.5777071423,1.5776682088,1.6495079648,1.7914908957,1.6690784566,0.9331768019,0.7193713829,1.0384405328,1,1,1,1,1,1,1,1,8,0.125,1.3695551732,7.533033E-17,0.866021,1.5814333781
331321,-1.154063558,-0.436147184,-1.17226019,-1.277016409,-1.3029158,-1.00956652,-1.644086271,0.5293884968,1,1,1,1,1,1,1,1,8,0.125,-0.933333429,7.533033E-17,0.866021,-1.077725576
340001,-0.243473324,0.5707605124,-0.231670805,-0.254180641,-0.312251048,-0.038194859,-0.226011679,-0.488715575,1,1,1,1,1,1,1,1,8,0.125,-0.152967177,7.533033E-17,0.866021,-0.176632095
340002,-1.154063558,-1.44305488,-2.112849574,-1.277016409,-1.3029158,-1.980938182,-2.116777802,-1.506819647,1,1,1,1,1,1,1,1,8,0.125,-1.611804482,7.533033E-17,0.866021,-1.861160073
340003,0.6671169089,1.5776682088,0.70891858,0.7686551275,0.6784137042,0.9331768019,0.7193713829,1.0384405328,1,1,1,1,1,1,1,1,8,0.125,0.8864701559,7.533033E-17,0.866021,1.0236122798
340004,-1.154063558,-0.436147184,-1.17226019,-1.277016409,-1.3029158,-1.00956652,-0.69870321,-1.506819647,1,1,1,1,1,1,1,1,8,0.125,-1.069686565,7.533033E-17,0.866021,-1.23517334
340008,0.6671169089,0.5707605124,-0.231670805,0.7686551275,-1.3029158,-1.00956652,-0.226011679,0.0203364607,1,1,1,1,1,1,1,1,8,0.125,-0.092911974,7.533033E-17,0.866021,-0.107286001
340010,-0.243473324,-0.436147184,-0.231670805,0.7686551275,0.6784137042,-0.038194859,-1.17139474,0.0203364607,1,1,1,1,1,1,1,1,8,0.125,-0.081684453,7.533033E-17,0.866021,-0.094321516
340013,-0.243473324,-0.436147184,-0.231670805,0.7686551275,-0.312251048,-0.038194859,-1.17139474,0.0203364607,1,1,1,1,1,1,1,1,8,0.125,-0.205517547,7.533033E-17,0.866021,-0.237312314
340014,-0.243473324,0.5707605124,-1.17226019,-0.254180641,-0.312251048,-0.038194859,0.2466798521,-0.488715575,1,1,1,1,1,1,1,1,8,0.125,-0.211454409,7.533033E-17,0.866021,-0.244167644
340015,-0.243473324,0.5707605124,-0.231670805,-1.277016409,-0.312251048,-0.038194859,-1.17139474,-0.488715575,1,1,1,1,1,1,1,1,8,0.125,-0.398994531,7.533033E-17,0.866021,-0.460721321
340016,-0.243473324,0.5707605124,-0.231670805,0.7686551275,-0.312251048,-1.00956652,-1.17139474,-0.997767611,1,1,1,1,1,1,1,1,8,0.125,-0.328338551,7.533033E-17,0.866021,-0.379134448
340017,1.5777071423,0.5707605124,-0.231670805,0.7686551275,0.6784137042,0.9331768019,1.1920629137,1.0384405328,1,1,1,1,1,1,1,1,8,0.125,0.8159432413,7.533033E-17,0.866021,0.9421744385
340020,-1.154063558,-1.44305488,-2.112849574,-1.277016409,-0.312251048,-1.00956652,-2.116777802,-0.488715575,1,1,1,1,1,1,1,1,8,0.125,-1.239286921,7.533033E-17,0.866021,-1.431011864
340021,-0.243473324,-0.436147184,-0.231670805,-0.254180641,-0.312251048,-1.00956652,-0.226011679,-0.997767611,1,1,1,1,1,1,1,1,8,0.125,-0.463883602,7.533033E-17,0.866021,-0.535649111
340023,1.5777071423,0.5707605124,0.70891858,0.7686551275,0.6784137042,0.9331768019,1.1920629137,1.0384405328,1,1,1,1,1,1,1,1,8,0.125,0.9335169144,7.533033E-17,0.866021,1.0779374473
340024,-0.243473324,1.5776682088,-0.231670805,0.7686551275,0.6784137042,-0.038194859,-1.17139474,0.0203364607,1,1,1,1,1,1,1,1,8,0.125,0.1700424715,7.533033E-17,0.866021,0.1963490376
340027,-0.243473324,-0.436147184,-1.17226019,-1.277016409,-0.312251048,-1.00956652,-1.17139474,-0.997767611,1,1,1,1,1,1,1,1,8,0.125,-0.827484628,7.533033E-17,0.866021,-0.955501346
340028,-1.154063558,-0.436147184,-1.17226019,-0.254180641,-1.3029158,-1.00956652,-1.17139474,-0.488715575,1,1,1,1,1,1,1,1,8,0.125,-0.873655526,7.533033E-17,0.866021,-1.008815152
340030,1.5777071423,1.5776682088,0.70891858,0.7686551275,0.6784137042,0.9331768019,1.1920629137,0.5293884968,1,1,1,1,1,1,1,1,8,0.125,0.9957488719,7.533033E-17,0.866021,1.1497970531
340032,-0.243473324,-0.436147184,-0.231670805,-0.254180641,0.6784137042,-1.00956652,-0.226011679,-1.506819647,1,1,1,1,1,1,1,1,8,0.125,-0.403682012,7.533033E-17,0.866021,-0.466133983
340039,-0.243473324,-0.436147184,-0.231670805,-0.254180641,0.6784137042,-0.038194859,0.7193713829,0.0203364607,1,1,1,1,1,1,1,1,8,0.125,0.0268068418,7.533033E-17,0.866021,0.0309540172
340040,-0.243473324,0.5707605124,-0.231670805,-0.254180641,-0.312251048,-0.038194859,0.2466798521,-0.488715575,1,1,1,1,1,1,1,1,8,0.125,-0.093880736,7.533033E-17,0.866021,-0.108404636
340041,-1.154063558,-0.436147184,-0.231670805,-1.277016409,-0.312251048,-1.00956652,-1.17139474,0.0203364607,1,1,1,1,1,1,1,1,8,0.125,-0.696471725,7.533033E-17,0.866021,-0.80421998
340042,-0.243473324,-0.436147184,-0.231670805,-0.254180641,-0.312251048,-1.00956652,-1.17139474,-0.997767611,1,1,1,1,1,1,1,1,8,0.125,-0.582056484,7.533033E-17,0.866021,-0.672104031
340047,-0.243473324,-0.436147184,-0.231670805,-0.254180641,-0.312251048,-0.038194859,0.2466798521,-0.488715575,1,1,1,1,1,1,1,1,8,0.125,-0.219744198,7.533033E-17,0.866021,-0.253739912
340049,1.5777071423,1.5776682088,1.6495079648,0.7686551275,1.6690784566,1.904548463,1.6647544446,1.5474925688,1,1,1,1,1,1,1,1,8,0.125,1.544926547,7.533033E-17,0.866021,1.7839357303
340050,-0.243473324,-0.436147184,-0.231670805,0.7686551275,-1.3029158,-1.00956652,-1.17139474,-0.488715575,1,1,1,1,1,1,1,1,8,0.125,-0.514403603,7.533033E-17,0.866021,-0.593984852
340051,1.5777071423,1.5776682088,0.70891858,0.7686551275,0.6784137042,0.9331768019,0.7193713829,0.5293884968,1,1,1,1,1,1,1,1,8,0.125,0.9366624305,7.533033E-17,0.866021,1.0815695933
340053,0.6671169089,0.5707605124,-0.231670805,-0.254180641,0.6784137042,0.9331768019,0.2466798521,-0.488715575,1,1,1,1,1,1,1,1,8,0.125,0.2651975948,7.533033E-17,0.866021,0.3062252156
340060,0.6671169089,0.5707605124,-0.231670805,0.7686551275,0.6784137042,0.9331768019,-0.226011679,-0.488715575,1,1,1,1,1,1,1,1,8,0.125,0.3339656245,7.533033E-17,0.866021,0.3856320622
340061,-0.243473324,0.5707605124,-0.231670805,0.7686551275,0.6784137042,0.9331768019,0.7193713829,0.0203364607,1,1,1,1,1,1,1,1,8,0.125,0.4019462326,7.533033E-17,0.866021,0.4641296684
340064,0.6671169089,0.5707605124,-0.231670805,0.7686551275,-0.312251048,-0.038194859,-0.226011679,0.0203364607,1,1,1,1,1,1,1,1,8,0.125,0.1523425773,7.533033E-17,0.866021,0.1759108661
340068,0.6671169089,-0.436147184,-0.231670805,-0.254180641,-0.312251048,-0.038194859,-0.69870321,-1.506819647,1,1,1,1,1,1,1,1,8,0.125,-0.351356311,7.533033E-17,0.866021,-0.405713189
340069,0.6671169089,0.5707605124,0.70891858,0.7686551275,0.6784137042,-0.038194859,0.7193713829,-0.488715575,1,1,1,1,1,1,1,1,8,0.125,0.4482907227,7.533033E-17,0.866021,0.5176439225
340070,-0.243473324,0.5707605124,-0.231670805,-1.277016409,0.6784137042,-1.00956652,-1.17139474,-0.997767611,1,1,1,1,1,1,1,1,8,0.125,-0.460214399,7.533033E-17,0.866021,-0.531412262
340071,-0.243473324,0.5707605124,0.70891858,0.7686551275,-0.312251048,-1.00956652,-1.17139474,0.0203364607,1,1,1,1,1,1,1,1,8,0.125,-0.083501869,7.533033E-17,0.866021,-0.096420097
340073,0.6671169089,0.5707605124,0.70891858,0.7686551275,1.6690784566,0.9331768019,1.1920629137,1.0384405328,1,1,1,1,1,1,1,1,8,0.125,0.9435262292,7.533033E-17,0.866021,1.0894952618
340075,-0.243473324,-0.436147184,-1.17226019,-0.254180641,-0.312251048,-0.038194859,-1.17139474,-0.997767611,1,1,1,1,1,1,1,1,8,0.125,-0.5782087,7.533033E-17,0.866021,-0.667660971
340084,,,,,,,,,0,0,0,0,0,0,0,0,0,,,7.533033E-17,0.866021,
340085,-0.243473324,0.5707605124,-0.231670805,-0.254180641,0.6784137042,-0.038194859,-0.226011679,0.0203364607,1,1,1,1,1,1,1,1,8,0.125,0.0344974212,7.533033E-17,0.866021,0.0398343742
340087,0.6671169089,0.5707605124,-0.231670805,-0.254180641,-0.312251048,0.9331768019,0.7193713829,1.0384405328,1,1,1,1,1,1,1,1,8,0.125,0.3913454557,7.533033E-17,0.866021,0.4518888892
340090,0.6671169089,0.5707605124,0.70891858,0.7686551275,0.6784137042,0.9331768019,0.2466798521,0.5293884968,1,1,1,1,1,1,1,1,8,0.125,0.637888748,7.533033E-17,0.866021,0.7365738725
340091,-0.243473324,0.5707605124,-0.231670805,-0.254180641,-0.312251048,-0.038194859,0.7193713829,0.0203364607,1,1,1,1,1,1,1,1,8,0.125,0.0288372098,7.533033E-17,0.866021,0.0332984951
340096,-0.243473324,0.5707605124,-0.231670805,-0.254180641,-0.312251048,-0.038194859,-0.226011679,-0.997767611,1,1,1,1,1,1,1,1,8,0.125,-0.216598682,7.533033E-17,0.866021,-0.250107766
340097,1.5777071423,0.5707605124,0.70891858,-0.254180641,0.6784137042,0.9331768019,0.7193713829,1.5474925688,1,1,1,1,1,1,1,1,8,0.125,0.8102075065,7.533033E-17,0.866021,0.935551352
340098,-0.243473324,0.5707605124,-1.17226019,-1.277016409,-1.3029158,-0.038194859,0.7193713829,0.0203364607,1,1,1,1,1,1,1,1,8,0.125,-0.340424028,7.533033E-17,0.866021,-0.393089619
340099,-0.243473324,0.5707605124,-0.231670805,0.7686551275,-1.3029158,-1.00956652,-1.17139474,-0.997767611,1,1,1,1,1,1,1,1,8,0.125,-0.452171645,7.533033E-17,0.866021,-0.522125247
340107,-0.243473324,0.5707605124,-0.231670805,0.7686551275,-1.3029158,-0.038194859,-0.226011679,0.0203364607,1,1,1,1,1,1,1,1,8,0.125,-0.085314296,7.533033E-17,0.866021,-0.098512917
340109,0.6671169089,-0.436147184,-0.231670805,0.7686551275,0.6784137042,-0.038194859,-0.226011679,1.0384405328,1,1,1,1,1,1,1,1,8,0.125,0.2775752183,7.533033E-17,0.866021,0.32051773
340113,-0.243473324,-0.436147184,-1.17226019,-0.254180641,-0.312251048,-0.038194859,0.2466798521,-0.997767611,1,1,1,1,1,1,1,1,8,0.125,-0.400949376,7.533033E-17,0.866021,-0.462978592
340114,0.6671169089,0.5707605124,0.70891858,0.7686551275,-0.312251048,0.9331768019,1.1920629137,0.0203364607,1,1,1,1,1,1,1,1,8,0.125,0.5685970321,7.533033E-17,0.866021,0.6565623225
340115,0.6671169089,0.5707605124,0.70891858,0.7686551275,-0.312251048,0.9331768019,1.1920629137,0.5293884968,1,1,1,1,1,1,1,1,8,0.125,0.6322285366,7.533033E-17,0.866021,0.7300379933
340116,-1.154063558,-0.436147184,-1.17226019,-1.277016409,-1.3029158,-1.00956652,-1.17139474,-1.506819647,1,1,1,1,1,1,1,1,8,0.125,-1.128773006,7.533033E-17,0.866021,-1.3034008
340119,0.6671169089,0.5707605124,0.70891858,0.7686551275,0.6784137042,0.9331768019,0.2466798521,1.0384405328,1,1,1,1,1,1,1,1,8,0.125,0.7015202525,7.533033E-17,0.866021,0.8100495433
340120,1.5777071423,1.5776682088,1.6495079648,0.7686551275,1.6690784566,0.9331768019,0.7193713829,0.5293884968,1,1,1,1,1,1,1,1,8,0.125,1.1780691977,7.533033E-17,0.866021,1.3603234008
340123,0.6671169089,0.5707605124,0.70891858,-0.254180641,0.6784137042,-0.038194859,-0.69870321,-0.488715575,1,1,1,1,1,1,1,1,8,0.125,0.1431769276,7.533033E-17,0.866021,0.1653272367
340126,-1.154063558,-0.436147184,-1.17226019,-1.277016409,-1.3029158,-1.00956652,-2.116777802,-0.997767611,1,1,1,1,1,1,1,1,8,0.125,-1.183314384,7.533033E-17,0.866021,-1.366380049
340127,-0.243473324,-0.436147184,-1.17226019,-0.254180641,-0.312251048,-0.038194859,-0.226011679,-0.488715575,1,1,1,1,1,1,1,1,8,0.125,-0.396404313,7.533033E-17,0.866021,-0.457730381
340129,-1.154063558,-0.436147184,-1.17226019,-1.277016409,-0.312251048,-1.00956652,-1.17139474,-1.506819647,1,1,1,1,1,1,1,1,8,0.125,-1.004939912,7.533033E-17,0.866021,-1.160410001
34012F,0.6671169089,1.5776682088,-0.231670805,0.7686551275,-0.312251048,0.9331768019,0.7193713829,-0.488715575,1,1,1,1,1,1,1,1,8,0.125,0.4541688752,7.533033E-17,0.866021,0.5244314596
340130,0.6671169089,0.5707605124,-0.231670805,-0.254180641,-0.312251048,0.9331768019,0.7193713829,0.0203364607,1,1,1,1,1,1,1,1,8,0.125,0.2640824467,7.533033E-17,0.866021,0.3049375475
340131,-0.243473324,0.5707605124,0.70891858,-0.254180641,-0.312251048,-0.038194859,0.7193713829,-0.488715575,1,1,1,1,1,1,1,1,8,0.125,0.0827793784,7.533033E-17,0.866021,0.095585833
340132,-1.154063558,-0.436147184,-2.112849574,-1.277016409,-1.3029158,-1.00956652,-2.116777802,-0.997767611,1,1,1,1,1,1,1,1,8,0.125,-1.300888057,7.533033E-17,0.866021,-1.502143057
34013F,0.6671169089,0.5707605124,0.70891858,1.7914908957,0.6784137042,0.9331768019,0.7193713829,1.5474925688,1,1,1,1,1,1,1,1,8,0.125,0.9520926694,7.533033E-17,0.866021,1.0993869804
340141,-1.154063558,-0.436147184,-1.17226019,-0.254180641,0.6784137042,-0.038194859,-1.17139474,-0.997767611,1,1,1,1,1,1,1,1,8,0.125,-0.568199385,7.533033E-17,0.866021,-0.656103157
340142,0.6671169089,0.5707605124,0.70891858,0.7686551275,0.6784137042,0.9331768019,0.7193713829,0.5293884968,1,1,1,1,1,1,1,1,8,0.125,0.6969751893,7.533033E-17,0.866021,0.8048013323
340143,0.6671169089,0.5707605124,0.70891858,-0.254180641,0.6784137042,0.9331768019,0.7193713829,0.5293884968,1,1,1,1,1,1,1,1,8,0.125,0.5691207183,7.533033E-17,0.866021,0.657167026
340145,1.5777071423,0.5707605124,0.70891858,0.7686551275,0.6784137042,0.9331768019,1.1920629137,1.0384405328,1,1,1,1,1,1,1,1,8,0.125,0.9335169144,7.533033E-17,0.866021,1.0779374473
340147,-0.243473324,-0.436147184,-0.231670805,-0.254180641,0.6784137042,-0.038194859,-0.226011679,-0.488715575,1,1,1,1,1,1,1,1,8,0.125,-0.154997545,7.533033E-17,0.866021,-0.178976573
340148,1.5777071423,1.5776682088,1.6495079648,1.7914908957,0.6784137042,1.904548463,1.6647544446,1.5474925688,1,1,1,1,1,1,1,1,8,0.125,1.548947924,7.533033E-17,0.866021,1.7885792379
340151,-1.154063558,0.5707605124,-1.17226019,-1.277016409,-1.3029158,-1.00956652,-1.644086271,-1.506819647,1,1,1,1,1,1,1,1,8,0.125,-1.061995985,7.533033E-17,0.866021,-1.226292983
340155,0.6671169089,0.5707605124,-0.231670805,0.7686551275,0.6784137042,0.9331768019,0.2466798521,-0.488715575,1,1,1,1,1,1,1,1,8,0.125,0.3930520659,7.533033E-17,0.866021,0.453859522
340156,,,,,,,,,0,0,0,0,0,0,0,0,0,,,7.533033E-17,0.866021,
340158,-0.243473324,0.5707605124,-1.17226019,0.7686551275,0.6784137042,0.9331768019,0.7193713829,0.5293884968,1,1,1,1,1,1,1,1,8,0.125,0.348004064,7.533033E-17,0.866021,0.4018423304
340159,,,,,,,,,0,0,0,0,0,0,0,0,0,,,7.533033E-17,0.866021,
340166,-1.154063558,-1.44305488,-1.17226019,-1.277016409,-1.3029158,-1.00956652,-2.116777802,-1.506819647,1,1,1,1,1,1,1,1,8,0.125,-1.372809351,7.533033E-17,0.866021,-1.585190996
340168,,,,,,,,,0,0,0,0,0,0,0,0,0,,,7.533033E-17,0.866021,
340171,-0.243473324,0.5707605124,-1.17226019,-0.254180641,0.6784137042,0.9331768019,0.2466798521,-0.488715575,1,1,1,1,1,1,1,1,8,0.125,0.0338001426,7.533033E-17,0.866021,0.0390292225
340173,0.6671169089,0.5707605124,0.70891858,0.7686551275,0.6784137042,0.9331768019,0.7193713829,-0.488715575,1,1,1,1,1,1,1,1,8,0.125,0.5697121803,7.533033E-17,0.866021,0.6578499906
34017F,1.5777071423,1.5776682088,1.6495079648,1.7914908957,0.6784137042,0.9331768019,0.7193713829,2.0565446049,1,1,1,1,1,1,1,1,8,0.125,1.3729850882,7.533033E-17,0.866021,1.585393921
340183,-0.243473324,0.5707605124,-1.17226019,-0.254180641,-0.312251048,0.9331768019,-0.226011679,-0.488715575,1,1,1,1,1,1,1,1,8,0.125,-0.149119393,7.533033E-17,0.866021,-0.172189036
340184,-0.243473324,0.5707605124,-0.231670805,-0.254180641,-0.312251048,-1.00956652,-0.69870321,-2.015871683,1,1,1,1,1,1,1,1,8,0.125,-0.52436959,7.533033E-17,0.866021,-0.605492636
340187,1.5777071423,1.5776682088,1.6495079648,1.7914908957,0.6784137042,0.9331768019,1.6647544446,1.5474925688,1,1,1,1,1,1,1,1,8,0.125,1.4275264664,7.533033E-17,0.866021,1.6483731697
340188,0.6671169089,0.5707605124,1.6495079648,0.7686551275,-0.312251048,0.9331768019,1.6647544446,2.0565446049,1,1,1,1,1,1,1,1,8,0.125,0.9997831646,7.533033E-17,0.866021,1.1544554745
340190,0.6671169089,0.5707605124,0.70891858,0.7686551275,0.6784137042,0.9331768019,1.6647544446,2.0565446049,1,1,1,1,1,1,1,1,8,0.125,1.0060425856,7.533033E-17,0.866021,1.1616832645
340195,,,,,,,,,0,0,0,0,0,0,0,0,0,,,7.533033E-17,0.866021,
34036F,1.5777071423,1.5776682088,1.6495079648,1.7914908957,1.6690784566,1.904548463,1.6647544446,0.5293884968,1,1,1,1,1,1,1,1,8,0.125,1.5455180091,7.533033E-17,0.866021,1.784618695
341303,,,,,,,,,0,0,0,0,0,0,0,0,0,,,7.533033E-17,0.866021,
341304,,,,,,,,,0,0,0,0,0,0,0,0,0,,,7.533033E-17,0.866021,
341305,,,,,,,,,0,0,0,0,0,0,0,0,0,,,7.533033E-17,0.866021,
341307,,,,,,,,,0,0,0,0,0,0,0,0,0,,,7.533033E-17,0.866021,
341311,1.5777071423,1.5776682088,1.6495079648,1.7914908957,1.6690784566,0.9331768019,1.1920629137,1.0384405328,1,1,1,1,1,1,1,1,8,0.125,1.4286416146,7.533033E-17,0.866021,1.6496608379
341314,,,,,,,,,0,0,0,0,0,0,0,0,0,,,7.533033E-17,0.866021,
341315,,,,,,,,,0,0,0,0,0,0,0,0,0,,,7.533033E-17,0.866021,
341316,,,,,,,,,0,0,0,0,0,0,0,0,0,,,7.533033E-17,0.866021,
341317,,,,,,,,,0,0,0,0,0,0,0,0,0,,,7.533033E-17,0.866021,
341318,-0.243473324,0.5707605124,-0.231670805,0.7686551275,0.6784137042,-0.038194859,-0.226011679,-0.488715575,1,1,1,1,1,1,1,1,8,0.125,0.0987203877,7.533033E-17,0.866021,0.1139930097
341319,0.6671169089,0.5707605124,-0.231670805,-0.254180641,-1.3029158,-0.038194859,-0.226011679,-0.488715575,1,1,1,1,1,1,1,1,8,0.125,-0.162976492,7.533033E-17,0.866021,-0.18818991
341320,,,,,,,,,0,0,0,0,0,0,0,0,0,,,7.533033E-17,0.866021,
341322,1.5777071423,1.5776682088,1.6495079648,0.7686551275,1.6690784566,0.9331768019,1.6647544446,0.5293884968,1,1,1,1,1,1,1,1,8,0.125,1.2962420804,7.533033E-17,0.866021,1.4967783205
341323,,,,,,,,,0,0,0,0,0,0,0,0,0,,,7.533033E-17,0.866021,
341324,1.5777071423,0.5707605124,1.6495079648,0.7686551275,1.6690784566,0.9331768019,0.7193713829,-0.488715575,1,1,1,1,1,1,1,1,8,0.125,0.9249427266,7.533033E-17,0.866021,1.0680367825
341325,-0.243473324,-1.44305488,1.6495079648,-1.277016409,-0.312251048,-1.00956652,-0.69870321,1.0384405328,1,1,1,1,1,1,1,1,8,0.125,-0.287014612,7.533033E-17,0.866021,-0.331417453
341326,0.6671169089,0.5707605124,-0.231670805,-0.254180641,-0.312251048,-0.038194859,0.7193713829,0.0203364607,1,1,1,1,1,1,1,1,8,0.125,0.142660989,7.533033E-17,0.866021,0.1647314794
341327,1.5777071423,1.5776682088,1.6495079648,1.7914908957,0.6784137042,0.9331768019,1.6647544446,1.0384405328,1,1,1,1,1,1,1,1,8,0.125,1.3638949619,7.533033E-17,0.866021,1.5748974989
341328,-0.243473324,-0.436147184,-0.231670805,-0.254180641,-1.3029158,-1.00956652,-0.226011679,-0.488715575,1,1,1,1,1,1,1,1,8,0.125,-0.524085191,7.533033E-17,0.866021,-0.605164239
341329,0.6671169089,0.5707605124,-0.231670805,0.7686551275,0.6784137042,0.9331768019,0.2466798521,0.5293884968,1,1,1,1,1,1,1,1,8,0.125,0.5203150749,7.533033E-17,0.866021,0.6008108637
350002,-0.243473324,-0.436147184,-0.231670805,-0.254180641,-0.312251048,-1.00956652,-0.69870321,-0.997767611,1,1,1,1,1,1,1,1,8,0.125,-0.522970043,7.533033E-17,0.866021,-0.603876571
350006,-1.154063558,-0.436147184,-0.231670805,-1.277016409,-1.3029158,-1.00956652,-1.17139474,-0.997767611,1,1,1,1,1,1,1,1,8,0.125,-0.947567829,7.533033E-17,0.866021,-1.09416212
350011,-0.243473324,-0.436147184,-0.231670805,-0.254180641,0.6784137042,-0.038194859,0.2466798521,0.0203364607,1,1,1,1,1,1,1,1,8,0.125,-0.0322796,7.533033E-17,0.866021,-0.037273443
350015,-0.243473324,0.5707605124,-0.231670805,-0.254180641,-0.312251048,0.9331768019,0.2466798521,-1.506819647,1,1,1,1,1,1,1,1,8,0.125,-0.099722287,7.533033E-17,0.866021,-0.115149909
350019,-0.243473324,-0.436147184,-1.17226019,-0.254180641,-1.3029158,-1.00956652,-1.17139474,-0.997767611,1,1,1,1,1,1,1,1,8,0.125,-0.823463251,7.533033E-17,0.866021,-0.950857838
35002F,1.5777071423,1.5776682088,1.6495079648,1.7914908957,0.6784137042,1.904548463,1.6647544446,2.0565446049,1,1,1,1,1,1,1,1,8,0.125,1.6125794285,7.533033E-17,0.866021,1.8620549087
350063,,,,,,,,,0,0,0,0,0,0,0,0,0,,,7.533033E-17,0.866021,
350070,0.6671169089,0.5707605124,-0.231670805,-0.254180641,-0.312251048,-0.038194859,0.7193713829,-0.488715575,1,1,1,1,1,1,1,1,8,0.125,0.0790294845,7.533033E-17,0.866021,0.0912558085
351300,,,,,,,,,0,0,0,0,0,0,0,0,0,,,7.533033E-17,0.866021,
351301,,,,,,,,,0,0,0,0,0,0,0,0,0,,,7.533033E-17,0.866021,
351302,,,,,,,,,0,0,0,0,0,0,0,0,0,,,7.533033E-17,0.866021,
351303,,,,,,,,,0,0,0,0,0,0,0,0,0,,,7.533033E-17,0.866021,
351304,,,,,,,,,0,0,0,0,0,0,0,0,0,,,7.533033E-17,0.866021,
351305,,,,,,,,,0,0,0,0,0,0,0,0,0,,,7.533033E-17,0.866021,
351306,,,,,,,,,0,0,0,0,0,0,0,0,0,,,7.533033E-17,0.866021,
351307,,,,,,,,,0,0,0,0,0,0,0,0,0,,,7.533033E-17,0.866021,
351308,,,,,,,,,0,0,0,0,0,0,0,0,0,,,7.533033E-17,0.866021,
351309,,,,,,,,,0,0,0,0,0,0,0,0,0,,,7.533033E-17,0.866021,
351310,,,,,,,,,0,0,0,0,0,0,0,0,0,,,7.533033E-17,0.866021,
351311,,,,,,,,,0,0,0,0,0,0,0,0,0,,,7.533033E-17,0.866021,
351312,,,,,,,,,0,0,0,0,0,0,0,0,0,,,7.533033E-17,0.866021,
351313,,,,,,,,,0,0,0,0,0,0,0,0,0,,,7.533033E-17,0.866021,
351314,,,,,,,,,0,0,0,0,0,0,0,0,0,,,7.533033E-17,0.866021,
351315,,,,,,,,,0,0,0,0,0,0,0,0,0,,,7.533033E-17,0.866021,
351316,,,,,,,,,0,0,0,0,0,0,0,0,0,,,7.533033E-17,0.866021,
351318,,,,,,,,,0,0,0,0,0,0,0,0,0,,,7.533033E-17,0.866021,
351319,,,,,,,,,0,0,0,0,0,0,0,0,0,,,7.533033E-17,0.866021,
351320,,,,,,,,,0,0,0,0,0,0,0,0,0,,,7.533033E-17,0.866021,
351321,,,,,,,,,0,0,0,0,0,0,0,0,0,,,7.533033E-17,0.866021,
351322,,,,,,,,,0,0,0,0,0,0,0,0,0,,,7.533033E-17,0.866021,
351323,,,,,,,,,0,0,0,0,0,0,0,0,0,,,7.533033E-17,0.866021,
351324,,,,,,,,,0,0,0,0,0,0,0,0,0,,,7.533033E-17,0.866021,
351325,,,,,,,,,0,0,0,0,0,0,0,0,0,,,7.533033E-17,0.866021,
351326,,,,,,,,,0,0,0,0,0,0,0,0,0,,,7.533033E-17,0.866021,
351327,,,,,,,,,0,0,0,0,0,0,0,0,0,,,7.533033E-17,0.866021,
351328,,,,,,,,,0,0,0,0,0,0,0,0,0,,,7.533033E-17,0.866021,
351329,,,,,,,,,0,0,0,0,0,0,0,0,0,,,7.533033E-17,0.866021,
351330,,,,,,,,,0,0,0,0,0,0,0,0,0,,,7.533033E-17,0.866021,
351331,,,,,,,,,0,0,0,0,0,0,0,0,0,,,7.533033E-17,0.866021,
351332,,,,,,,,,0,0,0,0,0,0,0,0,0,,,7.533033E-17,0.866021,
351333,,,,,,,,,0,0,0,0,0,0,0,0,0,,,7.533033E-17,0.866021,
351334,-1.154063558,-1.44305488,0.70891858,-0.254180641,-1.3029158,-1.00956652,-2.116777802,0.0203364607,1,1,1,1,1,1,1,1,8,0.125,-0.81891302,7.533033E-17,0.866021,-0.94560366
351335,1.5777071423,1.5776682088,0.70891858,1.7914908957,1.6690784566,0.9331768019,1.1920629137,1.0384405328,1,1,1,1,1,1,1,1,8,0.125,1.3110679415,7.533033E-17,0.866021,1.5138978291
351336,0.6671169089,0.5707605124,0.70891858,-0.254180641,0.6784137042,-0.038194859,-0.226011679,-0.488715575,1,1,1,1,1,1,1,1,8,0.125,0.2022633689,7.533033E-17,0.866021,0.2335546965
351364,,,,,,,,,0,0,0,0,0,0,0,0,0,,,7.533033E-17,0.866021,
360001,-0.243473324,-1.44305488,-0.231670805,-0.254180641,-0.312251048,-0.038194859,-0.226011679,-0.997767611,1,1,1,1,1,1,1,1,8,0.125,-0.468325606,7.533033E-17,0.866021,-0.54077832
360002,1.5777071423,-0.436147184,1.6495079648,0.7686551275,0.6784137042,0.9331768019,0.2466798521,1.0384405328,1,1,1,1,1,1,1,1,8,0.125,0.8070542427,7.533033E-17,0.866021,0.9319102598
360003,-1.154063558,-0.436147184,-1.17226019,-0.254180641,0.6784137042,-0.038194859,-0.226011679,-0.488715575,1,1,1,1,1,1,1,1,8,0.125,-0.386394998,7.533033E-17,0.866021,-0.446172566
360006,-0.243473324,0.5707605124,-1.17226019,-0.254180641,0.6784137042,0.9331768019,0.7193713829,0.0203364607,1,1,1,1,1,1,1,1,8,0.125,0.1565180884,7.533033E-17,0.866021,0.1807323532
360008,1.5777071423,-0.436147184,0.70891858,0.7686551275,0.6784137042,0.9331768019,0.7193713829,0.5293884968,1,1,1,1,1,1,1,1,8,0.125,0.6849355064,7.533033E-17,0.866021,0.79089904
360009,-0.243473324,0.5707605124,-0.231670805,-0.254180641,1.6690784566,0.9331768019,0.2466798521,-0.488715575,1,1,1,1,1,1,1,1,8,0.125,0.2752069097,7.533033E-17,0.866021,0.3177830301
360010,-1.154063558,-0.436147184,-0.231670805,-1.277016409,0.6784137042,-1.00956652,-1.17139474,-0.488715575,1,1,1,1,1,1,1,1,8,0.125,-0.636270136,7.533033E-17,0.866021,-0.734704852
360011,-0.243473324,-0.436147184,-0.231670805,-0.254180641,-0.312251048,-0.038194859,-0.226011679,0.5293884968,1,1,1,1,1,1,1,1,8,0.125,-0.15156763,7.533033E-17,0.866021,-0.17501603
360012,-0.243473324,0.5707605124,-0.231670805,-0.254180641,-0.312251048,-0.038194859,0.2466798521,-0.997767611,1,1,1,1,1,1,1,1,8,0.125,-0.157512241,7.533033E-17,0.866021,-0.181880306
360013,-0.243473324,-0.436147184,-0.231670805,-0.254180641,1.6690784566,0.9331768019,-0.226011679,0.5293884968,1,1,1,1,1,1,1,1,8,0.125,0.2175200153,7.533033E-17,0.866021,0.2511716354
360014,-0.243473324,-0.436147184,0.70891858,-0.254180641,-0.312251048,-0.038194859,-0.69870321,0.5293884968,1,1,1,1,1,1,1,1,8,0.125,-0.093080399,7.533033E-17,0.866021,-0.107480481
360016,-0.243473324,-0.436147184,-0.231670805,-0.254180641,-0.312251048,-0.038194859,-0.226011679,-0.488715575,1,1,1,1,1,1,1,1,8,0.125,-0.278830639,7.533033E-17,0.866021,-0.321967372
360017,-1.154063558,-0.436147184,-1.17226019,-0.254180641,-0.312251048,-1.00956652,-1.17139474,-0.997767611,1,1,1,1,1,1,1,1,8,0.125,-0.813453937,7.533033E-17,0.866021,-0.939300024
36001F,0.6671169089,0.5707605124,-0.231670805,1.7914908957,0.6784137042,0.9331768019,0.7193713829,-0.488715575,1,1,1,1,1,1,1,1,8,0.125,0.5799929782,7.533033E-17,0.866021,0.6697212882
360020,-0.243473324,-0.436147184,-0.231670805,-0.254180641,-0.312251048,-0.038194859,-0.226011679,-0.997767611,1,1,1,1,1,1,1,1,8,0.125,-0.342462144,7.533033E-17,0.866021,-0.395443043
360025,0.6671169089,0.5707605124,0.70891858,-0.254180641,0.6784137042,-0.038194859,0.2466798521,0.5293884968,1,1,1,1,1,1,1,1,8,0.125,0.3886128193,7.533033E-17,0.866021,0.448733498
360026,,,,,,,,,0,0,0,0,0,0,0,0,0,,,7.533033E-17,0.866021,
360027,-0.243473324,-1.44305488,-1.17226019,-1.277016409,-0.312251048,-1.00956652,-1.17139474,-2.015871683,1,1,1,1,1,1,1,1,8,0.125,-1.080611099,7.533033E-17,0.866021,-1.247787964
360029,0.6671169089,0.5707605124,0.70891858,0.7686551275,0.6784137042,-0.038194859,0.7193713829,1.5474925688,1,1,1,1,1,1,1,1,8,0.125,0.7028167407,7.533033E-17,0.866021,0.8115466059
360032,1.5777071423,0.5707605124,0.70891858,0.7686551275,1.6690784566,0.9331768019,0.7193713829,1.5474925688,1,1,1,1,1,1,1,1,8,0.125,1.0618950715,7.533033E-17,0.866021,1.2261764571
360035,-1.154063558,-0.436147184,-1.17226019,-1.277016409,-0.312251048,-1.00956652,-0.226011679,-0.997767611,1,1,1,1,1,1,1,1,8,0.125,-0.823135525,7.533033E-17,0.866021,-0.950479411
360036,0.6671169089,-0.436147184,-0.231670805,-0.254180641,0.6784137042,-0.038194859,0.7193713829,-0.488715575,1,1,1,1,1,1,1,1,8,0.125,0.0769991165,7.533033E-17,0.866021,0.0889113307
360039,0.6671169089,0.5707605124,0.70891858,0.7686551275,1.6690784566,0.9331768019,0.2466798521,0.0203364607,1,1,1,1,1,1,1,1,8,0.125,0.6980903375,7.533033E-17,0.866021,0.8060890004
36003F,1.5777071423,0.5707605124,0.70891858,0.7686551275,0.6784137042,0.9331768019,0.7193713829,0.0203364607,1,1,1,1,1,1,1,1,8,0.125,0.747167464,7.533033E-17,0.866021,0.8627586458
360040,0.6671169089,-1.44305488,0.70891858,-0.254180641,0.6784137042,-0.038194859,-0.226011679,0.0203364607,1,1,1,1,1,1,1,1,8,0.125,0.0141679493,7.533033E-17,0.866021,0.0163598141
360041,0.6671169089,0.5707605124,0.70891858,-0.254180641,0.6784137042,0.9331768019,0.2466798521,0.0203364607,1,1,1,1,1,1,1,1,8,0.125,0.4464027724,7.533033E-17,0.866021,0.5154638953
360044,0.6671169089,-0.436147184,0.70891858,0.7686551275,0.6784137042,0.9331768019,-0.69870321,1.0384405328,1,1,1,1,1,1,1,1,8,0.125,0.4574839077,7.533033E-17,0.866021,0.5282593471
360046,1.5777071423,0.5707605124,1.6495079648,1.7914908957,0.6784137042,0.9331768019,1.6647544446,1.5474925688,1,1,1,1,1,1,1,1,8,0.125,1.3016630043,7.533033E-17,0.866021,1.5030378931
360048,-0.243473324,-0.436147184,-0.231670805,-0.254180641,-0.312251048,-1.00956652,-0.226011679,-0.488715575,1,1,1,1,1,1,1,1,8,0.125,-0.400252097,7.533033E-17,0.866021,-0.46217344
360051,-1.154063558,-0.436147184,-2.112849574,-1.277016409,-0.312251048,-1.00956652,-1.17139474,-1.506819647,1,1,1,1,1,1,1,1,8,0.125,-1.122513585,7.533033E-17,0.866021,-1.29617301
360054,0.6671169089,0.5707605124,0.70891858,0.7686551275,0.6784137042,0.9331768019,-0.226011679,0.5293884968,1,1,1,1,1,1,1,1,8,0.125,0.5788023066,7.533033E-17,0.866021,0.6683464127
360055,-1.154063558,-1.44305488,-1.17226019,-1.277016409,-1.3029158,-1.980938182,-2.116777802,-2.015871683,1,1,1,1,1,1,1,1,8,0.125,-1.557862313,7.533033E-17,0.866021,-1.798872735
360056,-0.243473324,-0.436147184,-0.231670805,-0.254180641,-0.312251048,-0.038194859,-1.17139474,-0.997767611,1,1,1,1,1,1,1,1,8,0.125,-0.460635027,7.533033E-17,0.866021,-0.531897963
360058,0.6671169089,0.5707605124,0.70891858,0.7686551275,0.6784137042,0.9331768019,0.7193713829,1.5474925688,1,1,1,1,1,1,1,1,8,0.125,0.8242381983,7.533033E-17,0.866021,0.951752674
360059,-0.243473324,-0.436147184,-0.231670805,-0.254180641,-0.312251048,-0.038194859,-0.226011679,0.0203364607,1,1,1,1,1,1,1,1,8,0.125,-0.215199135,7.533033E-17,0.866021,-0.248491701
360064,-1.154063558,-1.44305488,-1.17226019,-1.277016409,-1.3029158,-1.00956652,-2.116777802,-2.015871683,1,1,1,1,1,1,1,1,8,0.125,-1.436440855,7.533033E-17,0.866021,-1.658666667
360065,-0.243473324,0.5707605124,-0.231670805,-0.254180641,0.6784137042,-1.00956652,-0.226011679,0.5293884968,1,1,1,1,1,1,1,1,8,0.125,-0.023292532,7.533033E-17,0.866021,-0.026896023
360066,-0.243473324,-0.436147184,-0.231670805,0.7686551275,0.6784137042,0.9331768019,-0.226011679,-0.488715575,1,1,1,1,1,1,1,1,8,0.125,0.0942783833,7.533033E-17,0.866021,0.1088638012
360068,0.6671169089,-0.436147184,-0.231670805,0.7686551275,0.6784137042,-0.038194859,0.7193713829,0.0203364607,1,1,1,1,1,1,1,1,8,0.125,0.268485092,7.533033E-17,0.866021,0.3100213079
360070,-0.243473324,-1.44305488,-1.17226019,-1.277016409,-1.3029158,-1.00956652,-1.17139474,-0.997767611,1,1,1,1,1,1,1,1,8,0.125,-1.077181184,7.533033E-17,0.866021,-1.243827421
360071,0.6671169089,0.5707605124,0.70891858,0.7686551275,-0.312251048,-0.038194859,-0.226011679,1.0384405328,1,1,1,1,1,1,1,1,8,0.125,0.3971792594,7.533033E-17,0.866021,0.4586252166
360072,0.6671169089,0.5707605124,0.70891858,0.7686551275,0.6784137042,0.9331768019,0.7193713829,0.0203364607,1,1,1,1,1,1,1,1,8,0.125,0.6333436848,7.533033E-17,0.866021,0.7313256615
360075,0.6671169089,0.5707605124,0.70891858,-0.254180641,0.6784137042,0.9331768019,0.7193713829,-0.488715575,1,1,1,1,1,1,1,1,8,0.125,0.4418577093,7.533033E-17,0.866021,0.5102156843
360076,-0.243473324,-0.436147184,-1.17226019,-1.277016409,0.6784137042,-0.038194859,-0.226011679,0.5293884968,1,1,1,1,1,1,1,1,8,0.125,-0.27316268,7.533033E-17,0.866021,-0.315422547
360077,0.6671169089,-0.436147184,0.70891858,-0.254180641,0.6784137042,0.9331768019,0.7193713829,0.0203364607,1,1,1,1,1,1,1,1,8,0.125,0.3796257517,7.533033E-17,0.866021,0.4383560785
360078,-0.243473324,0.5707605124,-0.231670805,-0.254180641,0.6784137042,-0.038194859,-0.226011679,0.5293884968,1,1,1,1,1,1,1,1,8,0.125,0.0981289257,7.533033E-17,0.866021,0.1133100451
360079,0.6671169089,0.5707605124,-0.231670805,-0.254180641,0.6784137042,-0.038194859,0.7193713829,0.0203364607,1,1,1,1,1,1,1,1,8,0.125,0.2664940831,7.533033E-17,0.866021,0.3077222782
36007F,0.6671169089,0.5707605124,0.70891858,1.7914908957,0.6784137042,0.9331768019,1.1920629137,0.5293884968,1,1,1,1,1,1,1,1,8,0.125,0.8839161017,7.533033E-17,0.866021,1.0206630985
360080,-0.243473324,-0.436147184,-0.231670805,-0.254180641,-0.312251048,-1.00956652,-0.69870321,0.0203364607,1,1,1,1,1,1,1,1,8,0.125,-0.395707034,7.533033E-17,0.866021,-0.456925229
360082,-1.154063558,-0.436147184,-0.231670805,-1.277016409,-1.3029158,-1.00956652,-1.17139474,-0.488715575,1,1,1,1,1,1,1,1,8,0.125,-0.883936324,7.533033E-17,0.866021,-1.020686449
360084,-0.243473324,-1.44305488,-0.231670805,-1.277016409,-0.312251048,-1.00956652,-0.226011679,-0.997767611,1,1,1,1,1,1,1,1,8,0.125,-0.717601535,7.533033E-17,0.866021,-0.828618694
360085,-0.243473324,0.5707605124,-0.231670805,-0.254180641,0.6784137042,0.9331768019,0.7193713829,-0.997767611,1,1,1,1,1,1,1,1,8,0.125,0.1468287525,7.533033E-17,0.866021,0.1695440203
360086,-1.154063558,-1.44305488,-1.17226019,-1.277016409,-0.312251048,-1.00956652,-1.17139474,-0.488715575,1,1,1,1,1,1,1,1,8,0.125,-1.003540365,7.533033E-17,0.866021,-1.158793936
360087,-1.154063558,-1.44305488,-1.17226019,-1.277016409,-0.312251048,-1.00956652,-1.17139474,-0.488715575,1,1,1,1,1,1,1,1,8,0.125,-1.003540365,7.533033E-17,0.866021,-1.158793936
360089,0.6671169089,0.5707605124,1.6495079648,0.7686551275,1.6690784566,0.9331768019,0.2466798521,-0.488715575,1,1,1,1,1,1,1,1,8,0.125,0.7520325061,7.533033E-17,0.866021,0.8683763384
36008F,,,,,,,,,0,0,0,0,0,0,0,0,0,,,7.533033E-17,0.866021,
360091,0.6671169089,0.5707605124,-0.231670805,-0.254180641,0.6784137042,-0.038194859,-0.226011679,-0.488715575,1,1,1,1,1,1,1,1,8,0.125,0.0846896958,7.533033E-17,0.866021,0.0977916877
360092,1.5777071423,0.5707605124,0.70891858,0.7686551275,0.6784137042,0.9331768019,0.7193713829,1.0384405328,1,1,1,1,1,1,1,1,8,0.125,0.874430473,7.533033E-17,0.866021,1.0097099875
360095,0.6671169089,0.5707605124,0.70891858,0.7686551275,1.6690784566,0.9331768019,0.7193713829,0.5293884968,1,1,1,1,1,1,1,1,8,0.125,0.8208082834,7.533033E-17,0.866021,0.9477921311
360096,0.6671169089,-0.436147184,0.70891858,-0.254180641,-0.312251048,-0.038194859,-0.226011679,0.5293884968,1,1,1,1,1,1,1,1,8,0.125,0.0798298219,7.533033E-17,0.866021,0.0921799627
360098,-1.154063558,-1.44305488,-0.231670805,-1.277016409,-0.312251048,-1.00956652,-1.17139474,-0.488715575,1,1,1,1,1,1,1,1,8,0.125,-0.885966692,7.533033E-17,0.866021,-1.023030927
360107,0.6671169089,1.5776682088,0.70891858,0.7686551275,-0.312251048,-0.038194859,0.7193713829,1.5474925688,1,1,1,1,1,1,1,1,8,0.125,0.7048471087,7.533033E-17,0.866021,0.8138910837
360109,-0.243473324,-0.436147184,1.6495079648,-0.254180641,0.6784137042,-0.038194859,0.2466798521,0.0203364607,1,1,1,1,1,1,1,1,8,0.125,0.2028677467,7.533033E-17,0.866021,0.234252575
360112,-0.243473324,-0.436147184,-0.231670805,-0.254180641,0.6784137042,-0.038194859,-0.226011679,-0.488715575,1,1,1,1,1,1,1,1,8,0.125,-0.154997545,7.533033E-17,0.866021,-0.178976573
360118,0.6671169089,0.5707605124,0.70891858,0.7686551275,-0.312251048,-0.038194859,0.2466798521,0.0203364607,1,1,1,1,1,1,1,1,8,0.125,0.3290026918,7.533033E-17,0.866021,0.3799013347
360121,1.5777071423,0.5707605124,1.6495079648,1.7914908957,1.6690784566,0.9331768019,0.7193713829,1.5474925688,1,1,1,1,1,1,1,1,8,0.125,1.3073232157,7.533033E-17,0.866021,1.5095737723
360123,-0.243473324,0.5707605124,0.70891858,-0.254180641,0.6784137042,-0.038194859,-0.226011679,-0.997767611,1,1,1,1,1,1,1,1,8,0.125,0.0248080853,7.533033E-17,0.866021,0.0286460413
360125,0.6671169089,-0.436147184,0.70891858,-0.254180641,0.6784137042,-0.038194859,-1.17139474,-0.488715575,1,1,1,1,1,1,1,1,8,0.125,-0.041772976,7.533033E-17,0.866021,-0.0482355
360131,0.6671169089,-0.436147184,0.70891858,0.7686551275,1.6690784566,-0.038194859,0.2466798521,0.0203364607,1,1,1,1,1,1,1,1,8,0.125,0.4508054178,7.533033E-17,0.866021,0.5205476557
360132,-0.243473324,-1.44305488,-0.231670805,-0.254180641,-0.312251048,-1.00956652,-0.226011679,-0.488715575,1,1,1,1,1,1,1,1,8,0.125,-0.526115559,7.533033E-17,0.866021,-0.607508717
360133,-1.154063558,-0.436147184,-1.17226019,-0.254180641,-0.312251048,-1.00956652,-0.226011679,-0.997767611,1,1,1,1,1,1,1,1,8,0.125,-0.695281054,7.533033E-17,0.866021,-0.802845104
360134,-0.243473324,0.5707605124,-1.17226019,-1.277016409,0.6784137042,-0.038194859,-0.226011679,-0.488715575,1,1,1,1,1,1,1,1,8,0.125,-0.274562227,7.533033E-17,0.866021,-0.317038612
360137,-0.243473324,-0.436147184,-0.231670805,-0.254180641,0.6784137042,-0.038194859,-0.226011679,-0.997767611,1,1,1,1,1,1,1,1,8,0.125,-0.21862905,7.533033E-17,0.866021,-0.252452244
360143,0.6671169089,0.5707605124,-0.231670805,-0.254180641,-0.312251048,-0.038194859,-0.226011679,-0.488715575,1,1,1,1,1,1,1,1,8,0.125,-0.039143398,7.533033E-17,0.866021,-0.045199111
360144,-0.243473324,-0.436147184,-0.231670805,-1.277016409,-0.312251048,-0.038194859,-0.226011679,-0.488715575,1,1,1,1,1,1,1,1,8,0.125,-0.40668511,7.533033E-17,0.866021,-0.469601678
360145,-0.243473324,-0.436147184,0.70891858,-0.254180641,-0.312251048,-0.038194859,-0.226011679,0.0203364607,1,1,1,1,1,1,1,1,8,0.125,-0.097625462,7.533033E-17,0.866021,-0.112728692
360147,-0.243473324,-0.436147184,0.70891858,-0.254180641,0.6784137042,-0.038194859,-0.226011679,-0.488715575,1,1,1,1,1,1,1,1,8,0.125,-0.037423872,7.533033E-17,0.866021,-0.043213564
360148,0.6671169089,0.5707605124,0.70891858,-1.277016409,-0.312251048,-1.00956652,-0.226011679,0.0203364607,1,1,1,1,1,1,1,1,8,0.125,-0.107214149,7.533033E-17,0.866021,-0.123800806
360150,0.6671169089,0.5707605124,0.70891858,0.7686551275,0.6784137042,0.9331768019,0.7193713829,0.5293884968,1,1,1,1,1,1,1,1,8,0.125,0.6969751893,7.533033E-17,0.866021,0.8048013323
360152,-0.243473324,0.5707605124,-0.231670805,-0.254180641,0.6784137042,0.9331768019,-0.226011679,0.0203364607,1,1,1,1,1,1,1,1,8,0.125,0.1559188788,7.533033E-17,0.866021,0.1800404424
360155,0.6671169089,-0.436147184,-0.231670805,-0.254180641,0.6784137042,-0.038194859,0.7193713829,-0.488715575,1,1,1,1,1,1,1,1,8,0.125,0.0769991165,7.533033E-17,0.866021,0.0889113307
360156,0.6671169089,-0.436147184,0.70891858,-0.254180641,0.6784137042,-1.00956652,-0.69870321,0.5293884968,1,1,1,1,1,1,1,1,8,0.125,0.0231550169,7.533033E-17,0.866021,0.0267372336
360159,-1.154063558,-1.44305488,-1.17226019,-0.254180641,-1.3029158,-1.00956652,-1.644086271,-2.015871683,1,1,1,1,1,1,1,1,8,0.125,-1.249499943,7.533033E-17,0.866021,-1.442804901
360161,-0.243473324,-0.436147184,-1.17226019,-0.254180641,0.6784137042,-0.038194859,-0.226011679,-1.506819647,1,1,1,1,1,1,1,1,8,0.125,-0.399834227,7.533033E-17,0.866021,-0.461690924
360163,0.6671169089,0.5707605124,-0.231670805,0.7686551275,0.6784137042,0.9331768019,1.1920629137,-0.488715575,1,1,1,1,1,1,1,1,8,0.125,0.5112249486,7.533033E-17,0.866021,0.5903144416
360170,-0.243473324,0.5707605124,0.70891858,-0.254180641,-0.312251048,-1.00956652,-0.226011679,0.0203364607,1,1,1,1,1,1,1,1,8,0.125,-0.093183457,7.533033E-17,0.866021,-0.107599484
360172,-1.154063558,-0.436147184,-1.17226019,-1.277016409,-0.312251048,-1.00956652,-1.17139474,-0.997767611,1,1,1,1,1,1,1,1,8,0.125,-0.941308408,7.533033E-17,0.866021,-1.08693433
360174,0.6671169089,0.5707605124,0.70891858,0.7686551275,0.6784137042,0.9331768019,-0.226011679,0.5293884968,1,1,1,1,1,1,1,1,8,0.125,0.5788023066,7.533033E-17,0.866021,0.6683464127
360175,0.6671169089,-0.436147184,-0.231670805,-1.277016409,-0.312251048,-1.00956652,-1.17139474,-0.488715575,1,1,1,1,1,1,1,1,8,0.125,-0.532455672,7.533033E-17,0.866021,-0.614829682
360179,-1.154063558,-0.436147184,-1.17226019,-1.277016409,-0.312251048,-0.038194859,-0.226011679,-1.506819647,1,1,1,1,1,1,1,1,8,0.125,-0.765345572,7.533033E-17,0.866021,-0.883749013
360180,-0.243473324,0.5707605124,-0.231670805,-0.254180641,0.6784137042,0.9331768019,1.1920629137,-0.488715575,1,1,1,1,1,1,1,1,8,0.125,0.2695466984,7.533033E-17,0.866021,0.311247151
360185,-0.243473324,-1.44305488,-0.231670805,-1.277016409,0.6784137042,-1.00956652,-1.17139474,0.0203364607,1,1,1,1,1,1,1,1,8,0.125,-0.584678314,7.533033E-17,0.866021,-0.675131473
360189,1.5777071423,0.5707605124,0.70891858,0.7686551275,-0.312251048,-0.038194859,0.7193713829,1.0384405328,1,1,1,1,1,1,1,1,8,0.125,0.6291759213,7.533033E-17,0.866021,0.7265131205
360197,1.5777071423,1.5776682088,0.70891858,0.7686551275,0.6784137042,0.9331768019,0.7193713829,1.5474925688,1,1,1,1,1,1,1,1,8,0.125,1.0639254396,7.533033E-17,0.866021,1.228520935
360203,-0.243473324,0.5707605124,-0.231670805,0.7686551275,0.6784137042,-0.038194859,-0.69870321,-0.488715575,1,1,1,1,1,1,1,1,8,0.125,0.0396339463,7.533033E-17,0.866021,0.0457655499
360210,0.6671169089,-0.436147184,-0.231670805,0.7686551275,-0.312251048,-0.038194859,-0.226011679,1.5474925688,1,1,1,1,1,1,1,1,8,0.125,0.2173736288,7.533033E-17,0.866021,0.251002602
360211,-0.243473324,-0.436147184,-1.17226019,-1.277016409,-0.312251048,-1.980938182,-2.116777802,-1.506819647,1,1,1,1,1,1,1,1,8,0.125,-1.130710473,7.533033E-17,0.866021,-1.305638004
360218,0.6671169089,-0.436147184,-0.231670805,-0.254180641,-0.312251048,-0.038194859,-0.226011679,-0.488715575,1,1,1,1,1,1,1,1,8,0.125,-0.16500686,7.533033E-17,0.866021,-0.190534388
360230,-1.154063558,-0.436147184,-0.231670805,-1.277016409,-0.312251048,-0.038194859,-0.226011679,-0.997767611,1,1,1,1,1,1,1,1,8,0.125,-0.584140394,7.533033E-17,0.866021,-0.674510334
360234,-0.243473324,-0.436147184,-0.231670805,-0.254180641,-0.312251048,-0.038194859,-0.226011679,0.0203364607,1,1,1,1,1,1,1,1,8,0.125,-0.215199135,7.533033E-17,0.866021,-0.248491701
360236,0.6671169089,0.5707605124,-0.231670805,-0.254180641,0.6784137042,-0.038194859,-0.226011679,-0.997767611,1,1,1,1,1,1,1,1,8,0.125,0.0210581913,7.533033E-17,0.866021,0.0243160168
360239,0.6671169089,0.5707605124,-0.231670805,0.7686551275,0.6784137042,0.9331768019,0.7193713829,0.0203364607,1,1,1,1,1,1,1,1,8,0.125,0.5157700117,7.533033E-17,0.866021,0.5955626527
360245,,,,,,,,,0,0,0,0,0,0,0,0,0,,,7.533033E-17,0.866021,
360259,0.6671169089,-0.436147184,-0.231670805,0.7686551275,0.6784137042,-0.038194859,0.7193713829,0.0203364607,1,1,1,1,1,1,1,1,8,0.125,0.268485092,7.533033E-17,0.866021,0.3100213079
360263,1.5777071423,1.5776682088,1.6495079648,1.7914908957,1.6690784566,1.904548463,1.6647544446,2.0565446049,1,1,1,1,1,1,1,1,8,0.125,1.7364125226,7.533033E-17,0.866021,2.0050457075
360266,1.5777071423,1.5776682088,0.70891858,0.7686551275,1.6690784566,1.904548463,1.6647544446,1.5474925688,1,1,1,1,1,1,1,1,8,0.125,1.4273528739,7.533033E-17,0.866021,1.6481727215
360270,1.5777071423,1.5776682088,1.6495079648,0.7686551275,-0.312251048,0.9331768019,1.1920629137,2.0565446049,1,1,1,1,1,1,1,1,8,0.125,1.1803839645,7.533033E-17,0.866021,1.3629962756
360276,-0.243473324,-0.436147184,-0.231670805,-0.254180641,-0.312251048,-0.038194859,-0.226011679,0.0203364607,1,1,1,1,1,1,1,1,8,0.125,-0.215199135,7.533033E-17,0.866021,-0.248491701
360348,-0.243473324,0.5707605124,-0.231670805,-0.254180641,-0.312251048,0.9331768019,0.7193713829,0.0203364607,1,1,1,1,1,1,1,1,8,0.125,0.1502586675,7.533033E-17,0.866021,0.1735045632
360351,1.5777071423,0.5707605124,1.6495079648,1.7914908957,1.6690784566,1.904548463,1.6647544446,1.0384405328,1,1,1,1,1,1,1,1,8,0.125,1.4832860515,7.533033E-17,0.866021,1.7127590892
360352,1.5777071423,1.5776682088,1.6495079648,1.7914908957,1.6690784566,1.904548463,1.6647544446,2.0565446049,1,1,1,1,1,1,1,1,8,0.125,1.7364125226,7.533033E-17,0.866021,2.0050457075
360354,-0.243473324,-0.436147184,-1.17226019,-1.277016409,-0.312251048,-0.038194859,0.2466798521,0.0203364607,1,1,1,1,1,1,1,1,8,0.125,-0.401540838,7.533033E-17,0.866021,-0.463661557
360355,,,,,,,,,0,0,0,0,0,0,0,0,0,,,7.533033E-17,0.866021,
360358,,,,,,,,,0,0,0,0,0,0,0,0,0,,,7.533033E-17,0.866021,
360359,-1.154063558,-0.436147184,-1.17226019,-1.277016409,-1.3029158,-1.00956652,-0.226011679,-0.488715575,1,1,1,1,1,1,1,1,8,0.125,-0.883337114,7.533033E-17,0.866021,-1.019994538
360360,0.6671169089,0.5707605124,-0.231670805,0.7686551275,0.6784137042,0.9331768019,0.7193713829,1.0384405328,1,1,1,1,1,1,1,1,8,0.125,0.6430330207,7.533033E-17,0.866021,0.7425139944
360361,,,,,,,,,0,0,0,0,0,0,0,0,0,,,7.533033E-17,0.866021,
360364,0.6671169089,0.5707605124,-0.231670805,-0.254180641,0.6784137042,0.9331768019,1.1920629137,1.0384405328,1,1,1,1,1,1,1,1,8,0.125,0.5742649911,7.533033E-17,0.866021,0.6631071478
360365,0.6671169089,0.5707605124,0.70891858,0.7686551275,0.6784137042,0.9331768019,0.7193713829,0.5293884968,1,1,1,1,1,1,1,1,8,0.125,0.6969751893,7.533033E-17,0.866021,0.8048013323
360367,1.5777071423,0.5707605124,1.6495079648,0.7686551275,-0.312251048,0.9331768019,1.6647544446,1.5474925688,1,1,1,1,1,1,1,1,8,0.125,1.0499754393,7.533033E-17,0.866021,1.212412788
360368,1.5777071423,1.5776682088,1.6495079648,0.7686551275,1.6690784566,0.9331768019,1.6647544446,1.5474925688,1,1,1,1,1,1,1,1,8,0.125,1.4235050894,7.533033E-17,0.866021,1.6437296622
361300,,,,,,,,,0,0,0,0,0,0,0,0,0,,,7.533033E-17,0.866021,
361301,,,,,,,,,0,0,0,0,0,0,0,0,0,,,7.533033E-17,0.866021,
361302,,,,,,,,,0,0,0,0,0,0,0,0,0,,,7.533033E-17,0.866021,
361303,1.5777071423,0.5707605124,1.6495079648,0.7686551275,1.6690784566,1.904548463,1.6647544446,1.0384405328,1,1,1,1,1,1,1,1,8,0.125,1.3554315805,7.533033E-17,0.866021,1.5651247828
361304,,,,,,,,,0,0,0,0,0,0,0,0,0,,,7.533033E-17,0.866021,
361306,1.5777071423,1.5776682088,1.6495079648,1.7914908957,0.6784137042,0.9331768019,1.6647544446,1.0384405328,1,1,1,1,1,1,1,1,8,0.125,1.3638949619,7.533033E-17,0.866021,1.5748974989
361307,1.5777071423,0.5707605124,1.6495079648,0.7686551275,1.6690784566,1.904548463,1.1920629137,1.5474925688,1,1,1,1,1,1,1,1,8,0.125,1.3599766436,7.533033E-17,0.866021,1.5703729939
361308,,,,,,,,,0,0,0,0,0,0,0,0,0,,,7.533033E-17,0.866021,
361309,,,,,,,,,0,0,0,0,0,0,0,0,0,,,7.533033E-17,0.866021,
361310,,,,,,,,,0,0,0,0,0,0,0,0,0,,,7.533033E-17,0.866021,
361311,,,,,,,,,0,0,0,0,0,0,0,0,0,,,7.533033E-17,0.866021,
361312,,,,,,,,,0,0,0,0,0,0,0,0,0,,,7.533033E-17,0.866021,
361313,,,,,,,,,0,0,0,0,0,0,0,0,0,,,7.533033E-17,0.866021,
361314,,,,,,,,,0,0,0,0,0,0,0,0,0,,,7.533033E-17,0.866021,
361315,,,,,,,,,0,0,0,0,0,0,0,0,0,,,7.533033E-17,0.866021,
361316,,,,,,,,,0,0,0,0,0,0,0,0,0,,,7.533033E-17,0.866021,
361318,0.6671169089,-0.436147184,1.6495079648,0.7686551275,0.6784137042,0.9331768019,0.2466798521,0.0203364607,1,1,1,1,1,1,1,1,8,0.125,0.5659674545,7.533033E-17,0.866021,0.6535259338
361319,1.5777071423,1.5776682088,1.6495079648,1.7914908957,1.6690784566,0.9331768019,1.6647544446,1.0384405328,1,1,1,1,1,1,1,1,8,0.125,1.4877280559,7.533033E-17,0.866021,1.7178882977
361320,,,,,,,,,0,0,0,0,0,0,0,0,0,,,7.533033E-17,0.866021,
361321,,,,,,,,,0,0,0,0,0,0,0,0,0,,,7.533033E-17,0.866021,
361322,,,,,,,,,0,0,0,0,0,0,0,0,0,,,7.533033E-17,0.866021,
361323,-0.243473324,0.5707605124,0.70891858,-0.254180641,-0.312251048,-1.00956652,-0.226011679,0.0203364607,1,1,1,1,1,1,1,1,8,0.125,-0.093183457,7.533033E-17,0.866021,-0.107599484
361324,,,,,,,,,0,0,0,0,0,0,0,0,0,,,7.533033E-17,0.866021,
361325,0.6671169089,0.5707605124,0.70891858,0.7686551275,0.6784137042,-0.038194859,0.7193713829,0.5293884968,1,1,1,1,1,1,1,1,8,0.125,0.5755537317,7.533033E-17,0.866021,0.6645952642
361326,,,,,,,,,0,0,0,0,0,0,0,0,0,,,7.533033E-17,0.866021,
361327,,,,,,,,,0,0,0,0,0,0,0,0,0,,,7.533033E-17,0.866021,
361328,1.5777071423,1.5776682088,1.6495079648,0.7686551275,1.6690784566,0.9331768019,1.6647544446,1.5474925688,1,1,1,1,1,1,1,1,8,0.125,1.4235050894,7.533033E-17,0.866021,1.6437296622
361329,1.5777071423,1.5776682088,1.6495079648,1.7914908957,1.6690784566,1.904548463,0.7193713829,1.0384405328,1,1,1,1,1,1,1,1,8,0.125,1.4909766309,7.533033E-17,0.866021,1.7216394462
361330,,,,,,,,,0,0,0,0,0,0,0,0,0,,,7.533033E-17,0.866021,
361331,,,,,,,,,0,0,0,0,0,0,0,0,0,,,7.533033E-17,0.866021,
361332,1.5777071423,0.5707605124,1.6495079648,-0.254180641,-0.312251048,-0.038194859,0.2466798521,1.5474925688,1,1,1,1,1,1,1,1,8,0.125,0.6234401865,7.533033E-17,0.866021,0.719890034
361333,0.6671169089,0.5707605124,0.70891858,-1.277016409,1.6690784566,0.9331768019,0.7193713829,0.5293884968,1,1,1,1,1,1,1,1,8,0.125,0.5650993413,7.533033E-17,0.866021,0.6525235184
361334,,,,,,,,,0,0,0,0,0,0,0,0,0,,,7.533033E-17,0.866021,
370001,-0.243473324,-0.436147184,-0.231670805,-0.254180641,-1.3029158,-1.00956652,-0.226011679,-0.488715575,1,1,1,1,1,1,1,1,8,0.125,-0.524085191,7.533033E-17,0.866021,-0.605164239
370002,0.6671169089,0.5707605124,0.70891858,0.7686551275,-0.312251048,-1.00956652,-1.17139474,-0.997767611,1,1,1,1,1,1,1,1,8,0.125,-0.096941099,7.533033E-17,0.866021,-0.111938455
370004,1.5777071423,1.5776682088,1.6495079648,0.7686551275,-1.3029158,-0.038194859,0.7193713829,1.5474925688,1,1,1,1,1,1,1,1,8,0.125,0.8124114669,7.533033E-17,0.866021,0.938096278
370006,-0.243473324,-0.436147184,0.70891858,-0.254180641,-0.312251048,-1.00956652,-1.17139474,0.5293884968,1,1,1,1,1,1,1,1,8,0.125,-0.273588298,7.533033E-17,0.866021,-0.315914009
370008,-0.243473324,-0.436147184,0.70891858,-0.254180641,-0.312251048,-0.038194859,0.2466798521,0.0203364607,1,1,1,1,1,1,1,1,8,0.125,-0.03853902,7.533033E-17,0.866021,-0.044501233
370013,-0.243473324,0.5707605124,-0.231670805,-0.254180641,0.6784137042,0.9331768019,0.2466798521,-0.488715575,1,1,1,1,1,1,1,1,8,0.125,0.1513738157,7.533033E-17,0.866021,0.1747922313
370014,-1.154063558,-1.44305488,-0.231670805,-1.277016409,-1.3029158,-1.00956652,-1.17139474,-0.997767611,1,1,1,1,1,1,1,1,8,0.125,-1.073431291,7.533033E-17,0.866021,-1.239497397
370015,,,,,,,,,0,0,0,0,0,0,0,0,0,,,7.533033E-17,0.866021,
370016,0.6671169089,-0.436147184,0.70891858,0.7686551275,0.6784137042,-0.038194859,0.7193713829,0.0203364607,1,1,1,1,1,1,1,1,8,0.125,0.3860587651,7.533033E-17,0.866021,0.4457843167
370018,-0.243473324,-0.436147184,0.70891858,0.7686551275,-1.3029158,-0.038194859,-0.226011679,1.5474925688,1,1,1,1,1,1,1,1,8,0.125,0.0972904287,7.533033E-17,0.866021,0.1123418277
370019,-0.243473324,0.5707605124,1.6495079648,-0.254180641,0.6784137042,-0.038194859,-0.226011679,0.5293884968,1,1,1,1,1,1,1,1,8,0.125,0.3332762719,7.533033E-17,0.866021,0.3848360627
370020,-0.243473324,-0.436147184,0.70891858,-0.254180641,0.6784137042,-0.038194859,-0.226011679,-1.506819647,1,1,1,1,1,1,1,1,8,0.125,-0.164686881,7.533033E-17,0.866021,-0.190164906
370022,0.6671169089,0.5707605124,0.70891858,0.7686551275,0.6784137042,-0.038194859,-0.226011679,0.0203364607,1,1,1,1,1,1,1,1,8,0.125,0.3937493445,7.533033E-17,0.866021,0.4546646737
370023,0.6671169089,0.5707605124,1.6495079648,0.7686551275,1.6690784566,0.9331768019,0.7193713829,0.5293884968,1,1,1,1,1,1,1,1,8,0.125,0.9383819565,7.533033E-17,0.866021,1.0835551399
370025,-0.243473324,-0.436147184,0.70891858,-0.254180641,0.6784137042,-0.038194859,-0.226011679,0.0203364607,1,1,1,1,1,1,1,1,8,0.125,0.0262076322,7.533033E-17,0.866021,0.0302621064
370026,0.6671169089,0.5707605124,0.70891858,-0.254180641,0.6784137042,0.9331768019,0.7193713829,0.0203364607,1,1,1,1,1,1,1,1,8,0.125,0.5054892138,7.533033E-17,0.866021,0.5836913551
370028,-0.243473324,0.5707605124,-0.231670805,-0.254180641,-0.312251048,0.9331768019,0.7193713829,0.0203364607,1,1,1,1,1,1,1,1,8,0.125,0.1502586675,7.533033E-17,0.866021,0.1735045632
370034,0.6671169089,0.5707605124,0.70891858,0.7686551275,-0.312251048,-0.038194859,-0.69870321,0.0203364607,1,1,1,1,1,1,1,1,8,0.125,0.2108298091,7.533033E-17,0.866021,0.2434464151
370037,-0.243473324,0.5707605124,-0.231670805,-0.254180641,-0.312251048,-0.038194859,-0.226011679,0.0203364607,1,1,1,1,1,1,1,1,8,0.125,-0.089335673,7.533033E-17,0.866021,-0.103156425
370039,-0.243473324,0.5707605124,0.70891858,-0.254180641,-1.3029158,-1.00956652,-0.226011679,0.0203364607,1,1,1,1,1,1,1,1,8,0.125,-0.217016551,7.533033E-17,0.866021,-0.250590283
370047,-0.243473324,-0.436147184,0.70891858,-0.254180641,-1.3029158,-1.00956652,-0.226011679,-0.488715575,1,1,1,1,1,1,1,1,8,0.125,-0.406511518,7.533033E-17,0.866021,-0.46940123
370049,1.5777071423,1.5776682088,0.70891858,0.7686551275,0.6784137042,0.9331768019,1.1920629137,0.5293884968,1,1,1,1,1,1,1,1,8,0.125,0.9957488719,7.533033E-17,0.866021,1.1497970531
370054,0.6671169089,-1.44305488,1.6495079648,-0.254180641,0.6784137042,-1.00956652,-0.226011679,1.0384405328,1,1,1,1,1,1,1,1,8,0.125,0.1375831738,7.533033E-17,0.866021,0.1588680964
370056,-0.243473324,0.5707605124,-0.231670805,-0.254180641,0.6784137042,-1.00956652,-0.69870321,-0.997767611,1,1,1,1,1,1,1,1,8,0.125,-0.273273487,7.533033E-17,0.866021,-0.315550495
370057,,,,,,,,,0,0,0,0,0,0,0,0,0,,,7.533033E-17,0.866021,
370078,-1.154063558,-0.436147184,-0.231670805,-1.277016409,-1.3029158,-1.00956652,-0.226011679,-0.488715575,1,1,1,1,1,1,1,1,8,0.125,-0.765763441,7.533033E-17,0.866021,-0.88423153
370083,,,,,,,,,0,0,0,0,0,0,0,0,0,,,7.533033E-17,0.866021,
370089,-0.243473324,-0.436147184,0.70891858,-0.254180641,-0.312251048,-1.00956652,-0.226011679,-1.506819647,1,1,1,1,1,1,1,1,8,0.125,-0.409941433,7.533033E-17,0.866021,-0.473361773
370091,0.6671169089,0.5707605124,-0.231670805,0.7686551275,0.6784137042,0.9331768019,1.1920629137,0.5293884968,1,1,1,1,1,1,1,1,8,0.125,0.6384879576,7.533033E-17,0.866021,0.7372657833
370093,-1.154063558,-0.436147184,-1.17226019,-1.277016409,-1.3029158,-1.00956652,-1.17139474,-1.506819647,1,1,1,1,1,1,1,1,8,0.125,-1.128773006,7.533033E-17,0.866021,-1.3034008
370094,-1.154063558,-1.44305488,-1.17226019,-1.277016409,-1.3029158,-1.00956652,-1.17139474,-0.997767611,1,1,1,1,1,1,1,1,8,0.125,-1.191004964,7.533033E-17,0.866021,-1.375260406
370097,-1.154063558,-1.44305488,-0.231670805,-1.277016409,-0.312251048,-1.00956652,-0.69870321,0.0203364607,1,1,1,1,1,1,1,1,8,0.125,-0.763248746,7.533033E-17,0.866021,-0.881327796
370099,,,,,,,,,0,0,0,0,0,0,0,0,0,,,7.533033E-17,0.866021,
370100,,,,,,,,,0,0,0,0,0,0,0,0,0,,,7.533033E-17,0.866021,
370106,-1.154063558,-0.436147184,-2.112849574,-1.277016409,0.6784137042,-1.00956652,-1.17139474,-0.488715575,1,1,1,1,1,1,1,1,8,0.125,-0.871417482,7.533033E-17,0.866021,-1.006230869
370112,,,,,,,,,0,0,0,0,0,0,0,0,0,,,7.533033E-17,0.866021,
370113,1.5777071423,1.5776682088,0.70891858,0.7686551275,-1.3029158,-0.038194859,0.2466798521,0.5293884968,1,1,1,1,1,1,1,1,8,0.125,0.5084883435,7.533033E-17,0.866021,0.5871544677
370114,-1.154063558,-0.436147184,-1.17226019,-1.277016409,-1.3029158,-1.00956652,-0.69870321,-0.488715575,1,1,1,1,1,1,1,1,8,0.125,-0.942423556,7.533033E-17,0.866021,-1.088221998
37012F,1.5777071423,1.5776682088,1.6495079648,1.7914908957,0.6784137042,1.904548463,1.6647544446,1.0384405328,1,1,1,1,1,1,1,1,8,0.125,1.4853164195,7.533033E-17,0.866021,1.715103567
370149,-0.243473324,0.5707605124,-0.231670805,0.7686551275,-0.312251048,-0.038194859,0.7193713829,1.0384405328,1,1,1,1,1,1,1,1,8,0.125,0.2839546899,7.533033E-17,0.866021,0.3278841431
37014F,-1.154063558,-0.436147184,0.70891858,-0.254180641,-0.312251048,-0.038194859,-0.226011679,0.0203364607,1,1,1,1,1,1,1,1,8,0.125,-0.211449241,7.533033E-17,0.866021,-0.244161677
370153,,,,,,,,,0,0,0,0,0,0,0,0,0,,,7.533033E-17,0.866021,
370158,,,,,,,,,0,0,0,0,0,0,0,0,0,,,7.533033E-17,0.866021,
370166,,,,,,,,,0,0,0,0,0,0,0,0,0,,,7.533033E-17,0.866021,
370170,,,,,,,,,0,0,0,0,0,0,0,0,0,,,7.533033E-17,0.866021,
370171,0.6671169089,0.5707605124,0.70891858,0.7686551275,0.6784137042,-0.038194859,0.7193713829,-0.488715575,1,1,1,1,1,1,1,1,8,0.125,0.4482907227,7.533033E-17,0.866021,0.5176439225
370172,1.5777071423,0.5707605124,1.6495079648,0.7686551275,-0.312251048,0.9331768019,1.6647544446,2.0565446049,1,1,1,1,1,1,1,1,8,0.125,1.1136069438,7.533033E-17,0.866021,1.2858884588
370173,1.5777071423,0.5707605124,1.6495079648,1.7914908957,1.6690784566,0.9331768019,0.7193713829,2.0565446049,1,1,1,1,1,1,1,1,8,0.125,1.3709547202,7.533033E-17,0.866021,1.5830494431
370178,,,,,,,,,0,0,0,0,0,0,0,0,0,,,7.533033E-17,0.866021,
370180,0.6671169089,1.5776682088,1.6495079648,0.7686551275,0.6784137042,0.9331768019,1.6647544446,1.5474925688,1,1,1,1,1,1,1,1,8,0.125,1.1858482162,7.533033E-17,0.866021,1.3693058791
370183,,,,,,,,,0,0,0,0,0,0,0,0,0,,,7.533033E-17,0.866021,
370192,,,,,,,,,0,0,0,0,0,0,0,0,0,,,7.533033E-17,0.866021,
370199,0.6671169089,0.5707605124,-0.231670805,0.7686551275,0.6784137042,0.9331768019,0.7193713829,0.5293884968,1,1,1,1,1,1,1,1,8,0.125,0.5794015162,7.533033E-17,0.866021,0.6690383235
370201,1.5777071423,0.5707605124,1.6495079648,0.7686551275,0.6784137042,0.9331768019,0.7193713829,1.0384405328,1,1,1,1,1,1,1,1,8,0.125,0.9920041461,7.533033E-17,0.866021,1.1454729963
370202,-0.243473324,-0.436147184,-0.231670805,-0.254180641,-1.3029158,-0.038194859,-0.226011679,-0.488715575,1,1,1,1,1,1,1,1,8,0.125,-0.402663733,7.533033E-17,0.866021,-0.464958171
370203,-0.243473324,1.5776682088,0.70891858,0.7686551275,0.6784137042,0.9331768019,0.7193713829,0.5293884968,1,1,1,1,1,1,1,1,8,0.125,0.7090148722,7.533033E-17,0.866021,0.8187036246
370206,0.6671169089,1.5776682088,1.6495079648,0.7686551275,0.6784137042,0.9331768019,1.6647544446,1.0384405328,1,1,1,1,1,1,1,1,8,0.125,1.1222167117,7.533033E-17,0.866021,1.2958302082
370210,1.5777071423,1.5776682088,1.6495079648,0.7686551275,-0.312251048,0.9331768019,1.6647544446,1.5474925688,1,1,1,1,1,1,1,1,8,0.125,1.1758389013,7.533033E-17,0.866021,1.3577480646
370211,0.6671169089,0.5707605124,-0.231670805,-0.254180641,0.6784137042,0.9331768019,0.7193713829,1.0384405328,1,1,1,1,1,1,1,1,8,0.125,0.5151785497,7.533033E-17,0.866021,0.594879688
370212,,,,,,,,,0,0,0,0,0,0,0,0,0,,,7.533033E-17,0.866021,
370214,,,,,,,,,0,0,0,0,0,0,0,0,0,,,7.533033E-17,0.866021,
370215,1.5777071423,1.5776682088,1.6495079648,1.7914908957,1.6690784566,1.904548463,1.6647544446,2.0565446049,1,1,1,1,1,1,1,1,8,0.125,1.7364125226,7.533033E-17,0.866021,2.0050457075
370216,1.5777071423,1.5776682088,1.6495079648,1.7914908957,1.6690784566,1.904548463,1.6647544446,2.0565446049,1,1,1,1,1,1,1,1,8,0.125,1.7364125226,7.533033E-17,0.866021,2.0050457075
370218,0.6671169089,0.5707605124,0.70891858,0.7686551275,0.6784137042,0.9331768019,1.1920629137,1.0384405328,1,1,1,1,1,1,1,1,8,0.125,0.8196931352,7.533033E-17,0.866021,0.946504463
370220,1.5777071423,1.5776682088,1.6495079648,1.7914908957,1.6690784566,1.904548463,1.6647544446,2.0565446049,1,1,1,1,1,1,1,1,8,0.125,1.7364125226,7.533033E-17,0.866021,2.0050457075
370222,1.5777071423,1.5776682088,1.6495079648,1.7914908957,1.6690784566,1.904548463,1.6647544446,2.0565446049,1,1,1,1,1,1,1,1,8,0.125,1.7364125226,7.533033E-17,0.866021,2.0050457075
370225,,,,,,,,,0,0,0,0,0,0,0,0,0,,,7.533033E-17,0.866021,
370227,1.5777071423,0.5707605124,1.6495079648,0.7686551275,0.6784137042,0.9331768019,0.7193713829,0.0203364607,1,1,1,1,1,1,1,1,8,0.125,0.8647411371,7.533033E-17,0.866021,0.9985216546
370228,0.6671169089,0.5707605124,1.6495079648,1.7914908957,0.6784137042,0.9331768019,1.6647544446,2.0565446049,1,1,1,1,1,1,1,1,8,0.125,1.2514707297,7.533033E-17,0.866021,1.4450805797
370234,1.5777071423,1.5776682088,1.6495079648,1.7914908957,1.6690784566,1.904548463,1.6647544446,2.0565446049,1,1,1,1,1,1,1,1,8,0.125,1.7364125226,7.533033E-17,0.866021,2.0050457075
370235,0.6671169089,0.5707605124,0.70891858,0.7686551275,0.6784137042,0.9331768019,0.7193713829,1.5474925688,1,1,1,1,1,1,1,1,8,0.125,0.8242381983,7.533033E-17,0.866021,0.951752674
370236,-0.243473324,0.5707605124,-0.231670805,-0.254180641,-0.312251048,-0.038194859,0.7193713829,0.5293884968,1,1,1,1,1,1,1,1,8,0.125,0.0924687143,7.533033E-17,0.866021,0.1067741659
370237,1.5777071423,1.5776682088,1.6495079648,1.7914908957,0.6784137042,0.9331768019,1.1920629137,2.0565446049,1,1,1,1,1,1,1,1,8,0.125,1.4320715295,7.533033E-17,0.866021,1.6536213808
370240,,,,,,,,,0,0,0,0,0,0,0,0,0,,,7.533033E-17,0.866021,
370243,,,,,,,,,0,0,0,0,0,0,0,0,0,,,7.533033E-17,0.866021,
370244,,,,,,,,,0,0,0,0,0,0,0,0,0,,,7.533033E-17,0.866021,
371300,,,,,,,,,0,0,0,0,0,0,0,0,0,,,7.533033E-17,0.866021,
371301,,,,,,,,,0,0,0,0,0,0,0,0,0,,,7.533033E-17,0.866021,
371302,,,,,,,,,0,0,0,0,0,0,0,0,0,,,7.533033E-17,0.866021,
371303,,,,,,,,,0,0,0,0,0,0,0,0,0,,,7.533033E-17,0.866021,
371304,,,,,,,,,0,0,0,0,0,0,0,0,0,,,7.533033E-17,0.866021,
371305,,,,,,,,,0,0,0,0,0,0,0,0,0,,,7.533033E-17,0.866021,
371306,,,,,,,,,0,0,0,0,0,0,0,0,0,,,7.533033E-17,0.866021,
371307,,,,,,,,,0,0,0,0,0,0,0,0,0,,,7.533033E-17,0.866021,
371309,,,,,,,,,0,0,0,0,0,0,0,0,0,,,7.533033E-17,0.866021,
371310,,,,,,,,,0,0,0,0,0,0,0,0,0,,,7.533033E-17,0.866021,
371311,,,,,,,,,0,0,0,0,0,0,0,0,0,,,7.533033E-17,0.866021,
371312,,,,,,,,,0,0,0,0,0,0,0,0,0,,,7.533033E-17,0.866021,
371313,,,,,,,,,0,0,0,0,0,0,0,0,0,,,7.533033E-17,0.866021,
371314,,,,,,,,,0,0,0,0,0,0,0,0,0,,,7.533033E-17,0.866021,
371316,,,,,,,,,0,0,0,0,0,0,0,0,0,,,7.533033E-17,0.866021,
371317,,,,,,,,,0,0,0,0,0,0,0,0,0,,,7.533033E-17,0.866021,
371318,,,,,,,,,0,0,0,0,0,0,0,0,0,,,7.533033E-17,0.866021,
371319,,,,,,,,,0,0,0,0,0,0,0,0,0,,,7.533033E-17,0.866021,
371320,,,,,,,,,0,0,0,0,0,0,0,0,0,,,7.533033E-17,0.866021,
371321,,,,,,,,,0,0,0,0,0,0,0,0,0,,,7.533033E-17,0.866021,
371322,,,,,,,,,0,0,0,0,0,0,0,0,0,,,7.533033E-17,0.866021,
371323,,,,,,,,,0,0,0,0,0,0,0,0,0,,,7.533033E-17,0.866021,
371325,,,,,,,,,0,0,0,0,0,0,0,0,0,,,7.533033E-17,0.866021,
371326,,,,,,,,,0,0,0,0,0,0,0,0,0,,,7.533033E-17,0.866021,
371327,,,,,,,,,0,0,0,0,0,0,0,0,0,,,7.533033E-17,0.866021,
371328,,,,,,,,,0,0,0,0,0,0,0,0,0,,,7.533033E-17,0.866021,
371329,,,,,,,,,0,0,0,0,0,0,0,0,0,,,7.533033E-17,0.866021,
371330,,,,,,,,,0,0,0,0,0,0,0,0,0,,,7.533033E-17,0.866021,
371331,,,,,,,,,0,0,0,0,0,0,0,0,0,,,7.533033E-17,0.866021,
371332,,,,,,,,,0,0,0,0,0,0,0,0,0,,,7.533033E-17,0.866021,
371333,,,,,,,,,0,0,0,0,0,0,0,0,0,,,7.533033E-17,0.866021,
371334,,,,,,,,,0,0,0,0,0,0,0,0,0,,,7.533033E-17,0.866021,
371335,,,,,,,,,0,0,0,0,0,0,0,0,0,,,7.533033E-17,0.866021,
371336,,,,,,,,,0,0,0,0,0,0,0,0,0,,,7.533033E-17,0.866021,
371337,,,,,,,,,0,0,0,0,0,0,0,0,0,,,7.533033E-17,0.866021,
371338,,,,,,,,,0,0,0,0,0,0,0,0,0,,,7.533033E-17,0.866021,
371340,,,,,,,,,0,0,0,0,0,0,0,0,0,,,7.533033E-17,0.866021,
371341,,,,,,,,,0,0,0,0,0,0,0,0,0,,,7.533033E-17,0.866021,
371342,,,,,,,,,0,0,0,0,0,0,0,0,0,,,7.533033E-17,0.866021,
380001,0.6671169089,0.5707605124,1.6495079648,0.7686551275,0.6784137042,-0.038194859,-1.17139474,0.0203364607,1,1,1,1,1,1,1,1,8,0.125,0.3931501349,7.533033E-17,0.866021,0.4539727628
380002,0.6671169089,0.5707605124,0.70891858,0.7686551275,0.6784137042,0.9331768019,0.7193713829,0.0203364607,1,1,1,1,1,1,1,1,8,0.125,0.6333436848,7.533033E-17,0.866021,0.7313256615
380004,0.6671169089,0.5707605124,-0.231670805,0.7686551275,0.6784137042,0.9331768019,1.1920629137,0.0203364607,1,1,1,1,1,1,1,1,8,0.125,0.5748564531,7.533033E-17,0.866021,0.6637901125
380005,0.6671169089,0.5707605124,-0.231670805,0.7686551275,-0.312251048,0.9331768019,0.7193713829,0.0203364607,1,1,1,1,1,1,1,1,8,0.125,0.3919369177,7.533033E-17,0.866021,0.4525718539
380007,0.6671169089,0.5707605124,0.70891858,-0.254180641,0.6784137042,-0.038194859,0.7193713829,0.0203364607,1,1,1,1,1,1,1,1,8,0.125,0.3840677561,7.533033E-17,0.866021,0.443485287
380009,0.6671169089,-0.436147184,-0.231670805,-0.254180641,0.6784137042,-0.038194859,0.2466798521,-1.506819647,1,1,1,1,1,1,1,1,8,0.125,-0.109350334,7.533033E-17,0.866021,-0.126267471
380014,0.6671169089,0.5707605124,0.70891858,0.7686551275,0.6784137042,0.9331768019,0.2466798521,-1.506819647,1,1,1,1,1,1,1,1,8,0.125,0.3833627299,7.533033E-17,0.866021,0.4426711891
380017,-0.243473324,0.5707605124,-0.231670805,0.7686551275,-0.312251048,-0.038194859,0.7193713829,0.5293884968,1,1,1,1,1,1,1,1,8,0.125,0.2203231854,7.533033E-17,0.866021,0.2544084723
380018,-0.243473324,-0.436147184,-0.231670805,-0.254180641,0.6784137042,-0.038194859,0.2466798521,-0.488715575,1,1,1,1,1,1,1,1,8,0.125,-0.095911104,7.533033E-17,0.866021,-0.110749113
380020,0.6671169089,-0.436147184,0.70891858,0.7686551275,0.6784137042,-0.038194859,0.2466798521,-0.488715575,1,1,1,1,1,1,1,1,8,0.125,0.2633408193,7.533033E-17,0.866021,0.304081186
380021,-1.154063558,-0.436147184,-0.231670805,-0.254180641,0.6784137042,-1.00956652,-0.226011679,-0.997767611,1,1,1,1,1,1,1,1,8,0.125,-0.453874287,7.533033E-17,0.866021,-0.524091297
380022,1.5777071423,1.5776682088,1.6495079648,0.7686551275,1.6690784566,0.9331768019,0.7193713829,1.5474925688,1,1,1,1,1,1,1,1,8,0.125,1.3053322067,7.533033E-17,0.866021,1.5072747426
380025,-0.243473324,0.5707605124,-0.231670805,0.7686551275,-0.312251048,-0.038194859,-0.226011679,-0.488715575,1,1,1,1,1,1,1,1,8,0.125,-0.025112706,7.533033E-17,0.866021,-0.028997789
380027,-0.243473324,-0.436147184,0.70891858,-0.254180641,-0.312251048,-1.00956652,-1.17139474,-0.997767611,1,1,1,1,1,1,1,1,8,0.125,-0.464482811,7.533033E-17,0.866021,-0.536341022
380029,-0.243473324,0.5707605124,0.70891858,0.7686551275,-0.312251048,-0.038194859,0.7193713829,0.5293884968,1,1,1,1,1,1,1,1,8,0.125,0.3378968585,7.533033E-17,0.866021,0.3901714811
380033,,,,,,,,,0,0,0,0,0,0,0,0,0,,,7.533033E-17,0.866021,
380037,0.6671169089,1.5776682088,-0.231670805,0.7686551275,0.6784137042,0.9331768019,1.1920629137,0.0203364607,1,1,1,1,1,1,1,1,8,0.125,0.7007199151,7.533033E-17,0.866021,0.8091253891
380038,0.6671169089,0.5707605124,-0.231670805,-0.254180641,0.6784137042,0.9331768019,0.7193713829,-0.997767611,1,1,1,1,1,1,1,1,8,0.125,0.2606525317,7.533033E-17,0.866021,0.3009770046
38003F,0.6671169089,0.5707605124,0.70891858,1.7914908957,1.6690784566,0.9331768019,0.7193713829,-0.488715575,1,1,1,1,1,1,1,1,8,0.125,0.8213997454,7.533033E-17,0.866021,0.9484750958
380047,0.6671169089,0.5707605124,0.70891858,0.7686551275,0.6784137042,-0.038194859,0.7193713829,0.0203364607,1,1,1,1,1,1,1,1,8,0.125,0.5119222272,7.533033E-17,0.866021,0.5911195933
38004F,,,,,,,,,0,0,0,0,0,0,0,0,0,,,7.533033E-17,0.866021,
380050,-0.243473324,0.5707605124,0.70891858,0.7686551275,0.6784137042,0.9331768019,-0.226011679,0.0203364607,1,1,1,1,1,1,1,1,8,0.125,0.4013470229,7.533033E-17,0.866021,0.4634377575
380051,-0.243473324,0.5707605124,-0.231670805,-0.254180641,0.6784137042,-0.038194859,0.7193713829,0.0203364607,1,1,1,1,1,1,1,1,8,0.125,0.1526703039,7.533033E-17,0.866021,0.1762892939
380052,0.6671169089,1.5776682088,0.70891858,0.7686551275,0.6784137042,-1.00956652,0.7193713829,0.5293884968,1,1,1,1,1,1,1,1,8,0.125,0.5799957361,7.533033E-17,0.866021,0.6697244727
380056,1.5777071423,1.5776682088,0.70891858,1.7914908957,1.6690784566,0.9331768019,1.6647544446,1.0384405328,1,1,1,1,1,1,1,1,8,0.125,1.3701543828,7.533033E-17,0.866021,1.5821252889
380060,-0.243473324,0.5707605124,-0.231670805,-0.254180641,0.6784137042,-0.038194859,0.7193713829,-0.488715575,1,1,1,1,1,1,1,1,8,0.125,0.0890387994,7.533033E-17,0.866021,0.102813623
380061,0.6671169089,0.5707605124,-0.231670805,0.7686551275,0.6784137042,0.9331768019,0.7193713829,-0.488715575,1,1,1,1,1,1,1,1,8,0.125,0.4521385072,7.533033E-17,0.866021,0.5220869818
380071,-0.243473324,0.5707605124,0.70891858,-0.254180641,-1.3029158,-1.00956652,-1.17139474,-0.488715575,1,1,1,1,1,1,1,1,8,0.125,-0.398820939,7.533033E-17,0.866021,-0.460520873
380075,-0.243473324,0.5707605124,-0.231670805,-0.254180641,0.6784137042,-0.038194859,0.2466798521,-0.488715575,1,1,1,1,1,1,1,1,8,0.125,0.029952358,7.533033E-17,0.866021,0.0345861632
380082,-0.243473324,0.5707605124,-0.231670805,-0.254180641,0.6784137042,-0.038194859,0.2466798521,-0.488715575,1,1,1,1,1,1,1,1,8,0.125,0.029952358,7.533033E-17,0.866021,0.0345861632
380089,0.6671169089,0.5707605124,0.70891858,0.7686551275,-0.312251048,0.9331768019,0.7193713829,-0.997767611,1,1,1,1,1,1,1,1,8,0.125,0.3822475818,7.533033E-17,0.866021,0.441383521
380090,-0.243473324,-0.436147184,-0.231670805,0.7686551275,0.6784137042,-1.00956652,-0.226011679,0.0203364607,1,1,1,1,1,1,1,1,8,0.125,-0.084933027,7.533033E-17,0.866021,-0.098072664
380091,-0.243473324,0.5707605124,-0.231670805,-0.254180641,0.6784137042,-0.038194859,0.2466798521,-0.997767611,1,1,1,1,1,1,1,1,8,0.125,-0.033679146,7.533033E-17,0.866021,-0.038889508
380102,-0.243473324,-0.436147184,-0.231670805,-0.254180641,0.6784137042,-0.038194859,0.7193713829,0.0203364607,1,1,1,1,1,1,1,1,8,0.125,0.0268068418,7.533033E-17,0.866021,0.0309540172
380103,0.6671169089,0.5707605124,-0.231670805,0.7686551275,0.6784137042,0.9331768019,0.7193713829,-0.488715575,1,1,1,1,1,1,1,1,8,0.125,0.4521385072,7.533033E-17,0.866021,0.5220869818
381301,,,,,,,,,0,0,0,0,0,0,0,0,0,,,7.533033E-17,0.866021,
381302,0.6671169089,0.5707605124,1.6495079648,1.7914908957,0.6784137042,0.9331768019,1.1920629137,0.5293884968,1,1,1,1,1,1,1,1,8,0.125,1.0014897748,7.533033E-17,0.866021,1.1564261073
381303,-0.243473324,-0.436147184,-0.231670805,-0.254180641,1.6690784566,-0.038194859,-0.226011679,-0.997767611,1,1,1,1,1,1,1,1,8,0.125,-0.094795956,7.533033E-17,0.866021,-0.109461445
381304,,,,,,,,,0,0,0,0,0,0,0,0,0,,,7.533033E-17,0.866021,
381305,,,,,,,,,0,0,0,0,0,0,0,0,0,,,7.533033E-17,0.866021,
381306,,,,,,,,,0,0,0,0,0,0,0,0,0,,,7.533033E-17,0.866021,
381307,,,,,,,,,0,0,0,0,0,0,0,0,0,,,7.533033E-17,0.866021,
381308,,,,,,,,,0,0,0,0,0,0,0,0,0,,,7.533033E-17,0.866021,
381309,,,,,,,,,0,0,0,0,0,0,0,0,0,,,7.533033E-17,0.866021,
381310,,,,,,,,,0,0,0,0,0,0,0,0,0,,,7.533033E-17,0.866021,
381311,,,,,,,,,0,0,0,0,0,0,0,0,0,,,7.533033E-17,0.866021,
381312,,,,,,,,,0,0,0,0,0,0,0,0,0,,,7.533033E-17,0.866021,
381313,0.6671169089,0.5707605124,0.70891858,1.7914908957,-0.312251048,0.9331768019,0.7193713829,1.0384405328,1,1,1,1,1,1,1,1,8,0.125,0.7646280708,7.533033E-17,0.866021,0.8829205107
381314,1.5777071423,0.5707605124,0.70891858,1.7914908957,0.6784137042,-0.038194859,0.7193713829,1.0384405328,1,1,1,1,1,1,1,1,8,0.125,0.8808634864,7.533033E-17,0.866021,1.0171382257
381315,,,,,,,,,0,0,0,0,0,0,0,0,0,,,7.533033E-17,0.866021,
381316,1.5777071423,0.5707605124,1.6495079648,1.7914908957,1.6690784566,0.9331768019,1.1920629137,0.5293884968,1,1,1,1,1,1,1,1,8,0.125,1.239146648,7.533033E-17,0.866021,1.4308498904
381317,0.6671169089,0.5707605124,1.6495079648,0.7686551275,1.6690784566,0.9331768019,-0.226011679,0.5293884968,1,1,1,1,1,1,1,1,8,0.125,0.8202090738,7.533033E-17,0.866021,0.9471002203
381318,0.6671169089,0.5707605124,1.6495079648,1.7914908957,-0.312251048,0.9331768019,1.1920629137,1.5474925688,1,1,1,1,1,1,1,1,8,0.125,1.0049196898,7.533033E-17,0.866021,1.1603866502
381319,1.5777071423,0.5707605124,1.6495079648,1.7914908957,1.6690784566,0.9331768019,0.7193713829,1.0384405328,1,1,1,1,1,1,1,1,8,0.125,1.2436917112,7.533033E-17,0.866021,1.4360981014
381320,1.5777071423,0.5707605124,1.6495079648,1.7914908957,0.6784137042,0.9331768019,0.7193713829,0.0203364607,1,1,1,1,1,1,1,1,8,0.125,0.9925956081,7.533033E-17,0.866021,1.1461559609
381321,1.5777071423,0.5707605124,1.6495079648,0.7686551275,0.6784137042,0.9331768019,0.2466798521,0.5293884968,1,1,1,1,1,1,1,1,8,0.125,0.8692862002,7.533033E-17,0.866021,1.0037698656
381322,,,,,,,,,0,0,0,0,0,0,0,0,0,,,7.533033E-17,0.866021,
381323,1.5777071423,1.5776682088,1.6495079648,1.7914908957,1.6690784566,0.9331768019,1.6647544446,1.0384405328,1,1,1,1,1,1,1,1,8,0.125,1.4877280559,7.533033E-17,0.866021,1.7178882977
381324,,,,,,,,,0,0,0,0,0,0,0,0,0,,,7.533033E-17,0.866021,
381325,-0.243473324,0.5707605124,1.6495079648,0.7686551275,0.6784137042,-1.00956652,-0.226011679,1.0384405328,1,1,1,1,1,1,1,1,8,0.125,0.4033407898,7.533033E-17,0.866021,0.4657399717
390001,-0.243473324,-0.436147184,-0.231670805,-0.254180641,-0.312251048,-1.00956652,-0.69870321,-0.997767611,1,1,1,1,1,1,1,1,8,0.125,-0.522970043,7.533033E-17,0.866021,-0.603876571
390002,-0.243473324,-0.436147184,-1.17226019,-1.277016409,-0.312251048,-1.00956652,-1.17139474,-0.488715575,1,1,1,1,1,1,1,1,8,0.125,-0.763853124,7.533033E-17,0.866021,-0.882025675
390003,1.5777071423,0.5707605124,1.6495079648,0.7686551275,0.6784137042,0.9331768019,0.7193713829,1.0384405328,1,1,1,1,1,1,1,1,8,0.125,0.9920041461,7.533033E-17,0.866021,1.1454729963
390004,-1.154063558,-1.44305488,-1.17226019,-1.277016409,-0.312251048,-1.00956652,-1.17139474,-1.506819647,1,1,1,1,1,1,1,1,8,0.125,-1.130803374,7.533033E-17,0.866021,-1.305745278
390006,0.6671169089,0.5707605124,0.70891858,-0.254180641,0.6784137042,0.9331768019,0.7193713829,0.0203364607,1,1,1,1,1,1,1,1,8,0.125,0.5054892138,7.533033E-17,0.866021,0.5836913551
390009,-0.243473324,-0.436147184,-0.231670805,-0.254180641,-0.312251048,-0.038194859,0.2466798521,-0.488715575,1,1,1,1,1,1,1,1,8,0.125,-0.219744198,7.533033E-17,0.866021,-0.253739912
390012,-0.243473324,-1.44305488,-1.17226019,-0.254180641,-1.3029158,-1.00956652,-1.17139474,-1.506819647,1,1,1,1,1,1,1,1,8,0.125,-1.012958218,7.533033E-17,0.866021,-1.169668786
390013,1.5777071423,0.5707605124,1.6495079648,0.7686551275,0.6784137042,0.9331768019,1.6647544446,1.5474925688,1,1,1,1,1,1,1,1,8,0.125,1.1738085333,7.533033E-17,0.866021,1.3554035868
390016,0.6671169089,-0.436147184,-0.231670805,-0.254180641,0.6784137042,-0.038194859,-0.69870321,-0.488715575,1,1,1,1,1,1,1,1,8,0.125,-0.100260208,7.533033E-17,0.866021,-0.115771049
39001F,1.5777071423,1.5776682088,1.6495079648,1.7914908957,0.6784137042,1.904548463,1.6647544446,1.0384405328,1,1,1,1,1,1,1,1,8,0.125,1.4853164195,7.533033E-17,0.866021,1.715103567
390025,,,,,,,,,0,0,0,0,0,0,0,0,0,,,7.533033E-17,0.866021,
390026,-1.154063558,-0.436147184,-2.112849574,-1.277016409,-1.3029158,-1.980938182,-1.17139474,-1.506819647,1,1,1,1,1,1,1,1,8,0.125,-1.367768137,7.533033E-17,0.866021,-1.579369877
390027,-1.154063558,-0.436147184,-1.17226019,-0.254180641,-1.3029158,-1.00956652,-0.69870321,-0.997767611,1,1,1,1,1,1,1,1,8,0.125,-0.878200589,7.533033E-17,0.866021,-1.014063363
390028,-0.243473324,-0.436147184,-0.231670805,0.7686551275,0.6784137042,0.9331768019,-0.226011679,-0.488715575,1,1,1,1,1,1,1,1,8,0.125,0.0942783833,7.533033E-17,0.866021,0.1088638012
390030,-0.243473324,-0.436147184,-0.231670805,-0.254180641,-0.312251048,-1.00956652,-1.17139474,0.0203364607,1,1,1,1,1,1,1,1,8,0.125,-0.454793475,7.533033E-17,0.866021,-0.525152689
390032,0.6671169089,0.5707605124,0.70891858,0.7686551275,0.6784137042,-0.038194859,-0.226011679,0.0203364607,1,1,1,1,1,1,1,1,8,0.125,0.3937493445,7.533033E-17,0.866021,0.4546646737
390035,1.5777071423,0.5707605124,-0.231670805,0.7686551275,0.6784137042,0.9331768019,1.1920629137,0.5293884968,1,1,1,1,1,1,1,1,8,0.125,0.7523117367,7.533033E-17,0.866021,0.8686987677
390036,0.6671169089,0.5707605124,-0.231670805,-0.254180641,0.6784137042,-0.038194859,-0.226011679,0.0203364607,1,1,1,1,1,1,1,1,8,0.125,0.1483212003,7.533033E-17,0.866021,0.1712673585
390037,0.6671169089,-0.436147184,0.70891858,-0.254180641,-0.312251048,-0.038194859,-0.226011679,0.0203364607,1,1,1,1,1,1,1,1,8,0.125,0.0161983173,7.533033E-17,0.866021,0.0187042919
390039,1.5777071423,0.5707605124,1.6495079648,0.7686551275,1.6690784566,0.9331768019,0.7193713829,0.5293884968,1,1,1,1,1,1,1,1,8,0.125,1.0522057356,7.533033E-17,0.866021,1.2149881242
390041,-0.243473324,-0.436147184,-0.231670805,-0.254180641,-0.312251048,-1.00956652,-0.69870321,-0.488715575,1,1,1,1,1,1,1,1,8,0.125,-0.459338538,7.533033E-17,0.866021,-0.5304009
390042,0.6671169089,0.5707605124,-0.231670805,0.7686551275,-0.312251048,-0.038194859,0.2466798521,0.0203364607,1,1,1,1,1,1,1,1,8,0.125,0.2114290187,7.533033E-17,0.866021,0.2441383259
390044,-1.154063558,-0.436147184,-0.231670805,-0.254180641,-0.312251048,-0.038194859,-0.226011679,-0.488715575,1,1,1,1,1,1,1,1,8,0.125,-0.392654419,7.533033E-17,0.866021,-0.453400356
390045,0.6671169089,-0.436147184,-0.231670805,-0.254180641,0.6784137042,0.9331768019,0.2466798521,0.0203364607,1,1,1,1,1,1,1,1,8,0.125,0.2029656373,7.533033E-17,0.866021,0.2343656099
390046,0.6671169089,-0.436147184,-0.231670805,-0.254180641,0.6784137042,-0.038194859,-0.226011679,-1.506819647,1,1,1,1,1,1,1,1,8,0.125,-0.168436775,7.533033E-17,0.866021,-0.194494931
390048,0.6671169089,-0.436147184,0.70891858,-0.254180641,0.6784137042,-0.038194859,-0.226011679,0.0203364607,1,1,1,1,1,1,1,1,8,0.125,0.1400314114,7.533033E-17,0.866021,0.1616950907
390049,0.6671169089,0.5707605124,-0.231670805,0.7686551275,0.6784137042,-0.038194859,0.7193713829,0.0203364607,1,1,1,1,1,1,1,1,8,0.125,0.3943485541,7.533033E-17,0.866021,0.4553565845
39004F,,,,,,,,,0,0,0,0,0,0,0,0,0,,,7.533033E-17,0.866021,
390050,-0.243473324,-0.436147184,-0.231670805,-0.254180641,0.6784137042,0.9331768019,0.2466798521,-0.488715575,1,1,1,1,1,1,1,1,8,0.125,0.0255103536,7.533033E-17,0.866021,0.0294569547
390056,-1.154063558,-1.44305488,-0.231670805,-1.277016409,-1.3029158,-1.00956652,-1.644086271,0.0203364607,1,1,1,1,1,1,1,1,8,0.125,-1.005254723,7.533033E-17,0.866021,-1.160773515
390057,0.6671169089,0.5707605124,0.70891858,-0.254180641,0.6784137042,0.9331768019,0.7193713829,0.5293884968,1,1,1,1,1,1,1,1,8,0.125,0.5691207183,7.533033E-17,0.866021,0.657167026
390058,-0.243473324,-0.436147184,0.70891858,-0.254180641,0.6784137042,-1.00956652,-0.226011679,-0.488715575,1,1,1,1,1,1,1,1,8,0.125,-0.15884533,7.533033E-17,0.866021,-0.183419633
39005F,,,,,,,,,0,0,0,0,0,0,0,0,0,,,7.533033E-17,0.866021,
390062,1.5777071423,1.5776682088,0.70891858,0.7686551275,0.6784137042,0.9331768019,0.7193713829,0.5293884968,1,1,1,1,1,1,1,1,8,0.125,0.9366624305,7.533033E-17,0.866021,1.0815695933
390063,0.6671169089,0.5707605124,0.70891858,-0.254180641,0.6784137042,-0.038194859,0.7193713829,-0.488715575,1,1,1,1,1,1,1,1,8,0.125,0.3204362516,7.533033E-17,0.866021,0.3700096161
390065,0.6671169089,-0.436147184,0.70891858,-0.254180641,0.6784137042,0.9331768019,0.2466798521,-0.997767611,1,1,1,1,1,1,1,1,8,0.125,0.1932763014,7.533033E-17,0.866021,0.2231772769
390066,-0.243473324,0.5707605124,-0.231670805,-1.277016409,0.6784137042,-0.038194859,-0.226011679,-0.488715575,1,1,1,1,1,1,1,1,8,0.125,-0.156988554,7.533033E-17,0.866021,-0.181275603
390067,0.6671169089,-0.436147184,-0.231670805,-0.254180641,0.6784137042,0.9331768019,0.7193713829,0.5293884968,1,1,1,1,1,1,1,1,8,0.125,0.3256835832,7.533033E-17,0.866021,0.3760687405
390068,0.6671169089,0.5707605124,0.70891858,-0.254180641,-0.312251048,-0.038194859,0.7193713829,-0.997767611,1,1,1,1,1,1,1,1,8,0.125,0.1329716531,7.533033E-17,0.866021,0.1535431465
39006F,1.5777071423,1.5776682088,1.6495079648,1.7914908957,1.6690784566,1.904548463,1.6647544446,1.0384405328,1,1,1,1,1,1,1,1,8,0.125,1.6091495136,7.533033E-17,0.866021,1.8580943658
390070,-1.154063558,-1.44305488,-0.231670805,-1.277016409,-1.3029158,-1.00956652,-1.17139474,-0.488715575,1,1,1,1,1,1,1,1,8,0.125,-1.009799786,7.533033E-17,0.866021,-1.166021726
390073,-1.154063558,-1.44305488,-1.17226019,-1.277016409,-0.312251048,-1.00956652,-2.116777802,-1.506819647,1,1,1,1,1,1,1,1,8,0.125,-1.248976257,7.533033E-17,0.866021,-1.442200197
390079,0.6671169089,-0.436147184,0.70891858,-0.254180641,-0.312251048,-0.038194859,-0.226011679,-0.488715575,1,1,1,1,1,1,1,1,8,0.125,-0.047433187,7.533033E-17,0.866021,-0.054771379
390086,-1.154063558,-0.436147184,-1.17226019,-0.254180641,0.6784137042,-1.00956652,-1.17139474,-1.506819647,1,1,1,1,1,1,1,1,8,0.125,-0.753252347,7.533033E-17,0.866021,-0.869784896
390090,0.6671169089,0.5707605124,-0.231670805,0.7686551275,0.6784137042,0.9331768019,1.1920629137,0.5293884968,1,1,1,1,1,1,1,1,8,0.125,0.6384879576,7.533033E-17,0.866021,0.7372657833
390091,0.6671169089,-0.436147184,0.70891858,0.7686551275,0.6784137042,-0.038194859,0.2466798521,0.5293884968,1,1,1,1,1,1,1,1,8,0.125,0.3906038283,7.533033E-17,0.866021,0.4510325277
390093,0.6671169089,0.5707605124,1.6495079648,0.7686551275,1.6690784566,-0.038194859,0.2466798521,0.0203364607,1,1,1,1,1,1,1,1,8,0.125,0.694242553,7.533033E-17,0.866021,0.8016459411
390096,-0.243473324,-0.436147184,-0.231670805,-0.254180641,0.6784137042,-0.038194859,0.2466798521,-0.997767611,1,1,1,1,1,1,1,1,8,0.125,-0.159542609,7.533033E-17,0.866021,-0.184224784
390097,-0.243473324,-0.436147184,-0.231670805,-1.277016409,-1.3029158,-1.00956652,-0.226011679,-1.506819647,1,1,1,1,1,1,1,1,8,0.125,-0.779202671,7.533033E-17,0.866021,-0.899749887
39009F,-0.243473324,0.5707605124,-0.231670805,0.7686551275,-0.312251048,0.9331768019,-0.69870321,-0.488715575,1,1,1,1,1,1,1,1,8,0.125,0.0372223099,7.533033E-17,0.866021,0.0429808192
390100,-0.243473324,-0.436147184,-0.231670805,-0.254180641,0.6784137042,0.9331768019,0.2466798521,-0.488715575,1,1,1,1,1,1,1,1,8,0.125,0.0255103536,7.533033E-17,0.866021,0.0294569547
390101,-0.243473324,-0.436147184,-0.231670805,-0.254180641,0.6784137042,-0.038194859,0.7193713829,0.5293884968,1,1,1,1,1,1,1,1,8,0.125,0.0904383463,7.533033E-17,0.866021,0.1044296881
390102,0.6671169089,0.5707605124,-0.231670805,0.7686551275,0.6784137042,0.9331768019,0.7193713829,-0.488715575,1,1,1,1,1,1,1,1,8,0.125,0.4521385072,7.533033E-17,0.866021,0.5220869818
390104,,,,,,,,,0,0,0,0,0,0,0,0,0,,,7.533033E-17,0.866021,
390107,0.6671169089,0.5707605124,0.70891858,-0.254180641,0.6784137042,0.9331768019,0.7193713829,0.0203364607,1,1,1,1,1,1,1,1,8,0.125,0.5054892138,7.533033E-17,0.866021,0.5836913551
390110,-1.154063558,-1.44305488,-1.17226019,-1.277016409,-0.312251048,-1.00956652,-2.116777802,-2.015871683,1,1,1,1,1,1,1,1,8,0.125,-1.312607761,7.533033E-17,0.866021,-1.515675868
390111,1.5777071423,1.5776682088,0.70891858,1.7914908957,1.6690784566,1.904548463,1.6647544446,1.0384405328,1,1,1,1,1,1,1,1,8,0.125,1.4915758405,7.533033E-17,0.866021,1.722331357
390112,1.5777071423,0.5707605124,1.6495079648,0.7686551275,-0.312251048,0.9331768019,1.1920629137,1.0384405328,1,1,1,1,1,1,1,1,8,0.125,0.9272574934,7.533033E-17,0.866021,1.0707096573
390113,-0.243473324,0.5707605124,-0.231670805,-0.254180641,0.6784137042,-0.038194859,-0.226011679,-0.997767611,1,1,1,1,1,1,1,1,8,0.125,-0.092765588,7.533033E-17,0.866021,-0.107116967
390114,0.6671169089,0.5707605124,-0.231670805,0.7686551275,0.6784137042,0.9331768019,0.7193713829,0.0203364607,1,1,1,1,1,1,1,1,8,0.125,0.5157700117,7.533033E-17,0.866021,0.5955626527
390115,-0.243473324,-0.436147184,-0.231670805,-0.254180641,-1.3029158,-1.00956652,-1.17139474,-0.997767611,1,1,1,1,1,1,1,1,8,0.125,-0.705889578,7.533033E-17,0.866021,-0.815094829
390116,-0.243473324,-0.436147184,-0.231670805,-0.254180641,-1.3029158,-1.00956652,-1.17139474,-0.997767611,1,1,1,1,1,1,1,1,8,0.125,-0.705889578,7.533033E-17,0.866021,-0.815094829
390117,0.6671169089,-0.436147184,0.70891858,0.7686551275,0.6784137042,-0.038194859,0.2466798521,1.0384405328,1,1,1,1,1,1,1,1,8,0.125,0.4542353328,7.533033E-17,0.866021,0.5245081986
390123,-1.154063558,-1.44305488,-0.231670805,-1.277016409,-1.3029158,-1.00956652,-1.644086271,-0.488715575,1,1,1,1,1,1,1,1,8,0.125,-1.068886227,7.533033E-17,0.866021,-1.234249186
390125,0.6671169089,0.5707605124,0.70891858,-0.254180641,0.6784137042,-0.038194859,0.2466798521,1.5474925688,1,1,1,1,1,1,1,1,8,0.125,0.5158758283,7.533033E-17,0.866021,0.5956848397
390127,0.6671169089,-0.436147184,0.70891858,0.7686551275,0.6784137042,-0.038194859,-0.226011679,0.0203364607,1,1,1,1,1,1,1,1,8,0.125,0.2678858824,7.533033E-17,0.866021,0.3093293971
39012F,-0.243473324,0.5707605124,0.70891858,1.7914908957,0.6784137042,0.9331768019,-0.226011679,-0.488715575,1,1,1,1,1,1,1,1,8,0.125,0.4655699895,7.533033E-17,0.866021,0.537596393
390133,0.6671169089,0.5707605124,-0.231670805,-0.254180641,0.6784137042,0.9331768019,0.7193713829,0.0203364607,1,1,1,1,1,1,1,1,8,0.125,0.3879155407,7.533033E-17,0.866021,0.4479283463
390137,-0.243473324,-0.436147184,-1.17226019,-0.254180641,-0.312251048,-1.00956652,-1.17139474,-0.997767611,1,1,1,1,1,1,1,1,8,0.125,-0.699630157,7.533033E-17,0.866021,-0.807867039
390138,1.5777071423,0.5707605124,1.6495079648,0.7686551275,1.6690784566,0.9331768019,0.7193713829,1.5474925688,1,1,1,1,1,1,1,1,8,0.125,1.1794687446,7.533033E-17,0.866021,1.3619394659
390139,0.6671169089,-0.436147184,0.70891858,0.7686551275,0.6784137042,0.9331768019,1.1920629137,-0.488715575,1,1,1,1,1,1,1,1,8,0.125,0.5029351596,7.533033E-17,0.866021,0.5807421738
39013F,1.5777071423,0.5707605124,1.6495079648,0.7686551275,0.6784137042,0.9331768019,0.7193713829,0.5293884968,1,1,1,1,1,1,1,1,8,0.125,0.9283726416,7.533033E-17,0.866021,1.0719973254
390142,-0.243473324,-0.436147184,-1.17226019,-0.254180641,-0.312251048,-1.00956652,-1.17139474,-1.506819647,1,1,1,1,1,1,1,1,8,0.125,-0.763261662,7.533033E-17,0.866021,-0.88134271
390145,-0.243473324,-0.436147184,-0.231670805,-0.254180641,0.6784137042,-1.00956652,-1.17139474,-0.997767611,1,1,1,1,1,1,1,1,8,0.125,-0.45822339,7.533033E-17,0.866021,-0.529113232
390146,-0.243473324,-1.44305488,0.70891858,-1.277016409,-1.3029158,-1.00956652,-1.17139474,-0.488715575,1,1,1,1,1,1,1,1,8,0.125,-0.778402334,7.533033E-17,0.866021,-0.898825733
390147,-1.154063558,-0.436147184,-1.17226019,-1.277016409,-1.3029158,-1.00956652,-2.116777802,-1.506819647,1,1,1,1,1,1,1,1,8,0.125,-1.246945889,7.533033E-17,0.866021,-1.439855719
390150,,,,,,,,,0,0,0,0,0,0,0,0,0,,,7.533033E-17,0.866021,
390151,0.6671169089,-0.436147184,-0.231670805,-0.254180641,-0.312251048,-1.00956652,-0.226011679,0.5293884968,1,1,1,1,1,1,1,1,8,0.125,-0.159165309,7.533033E-17,0.866021,-0.183789114
390153,0.6671169089,0.5707605124,0.70891858,0.7686551275,0.6784137042,0.9331768019,1.1920629137,-0.488715575,1,1,1,1,1,1,1,1,8,0.125,0.6287986217,7.533033E-17,0.866021,0.7260774504
390156,-1.154063558,-0.436147184,-2.112849574,-1.277016409,-0.312251048,-1.00956652,-1.17139474,-0.997767611,1,1,1,1,1,1,1,1,8,0.125,-1.058882081,7.533033E-17,0.866021,-1.222697339
390157,,,,,,,,,0,0,0,0,0,0,0,0,0,,,7.533033E-17,0.866021,
390160,1.5777071423,0.5707605124,0.70891858,0.7686551275,1.6690784566,0.9331768019,0.7193713829,-0.488715575,1,1,1,1,1,1,1,1,8,0.125,0.8073690535,7.533033E-17,0.866021,0.9322737737
390162,-0.243473324,0.5707605124,-0.231670805,-1.277016409,-0.312251048,-0.038194859,-0.226011679,0.0203364607,1,1,1,1,1,1,1,1,8,0.125,-0.217190144,7.533033E-17,0.866021,-0.250790731
390163,-1.154063558,-0.436147184,0.70891858,-0.254180641,-0.312251048,-0.038194859,-1.17139474,-1.506819647,1,1,1,1,1,1,1,1,8,0.125,-0.520516637,7.533033E-17,0.866021,-0.601043609
390164,0.6671169089,0.5707605124,-0.231670805,0.7686551275,0.6784137042,0.9331768019,0.7193713829,-0.488715575,1,1,1,1,1,1,1,1,8,0.125,0.4521385072,7.533033E-17,0.866021,0.5220869818
390168,0.6671169089,0.5707605124,-0.231670805,0.7686551275,0.6784137042,-0.038194859,0.7193713829,-0.488715575,1,1,1,1,1,1,1,1,8,0.125,0.3307170496,7.533033E-17,0.866021,0.3818809137
390173,-0.243473324,-0.436147184,-0.231670805,-0.254180641,0.6784137042,-1.00956652,-0.69870321,0.0203364607,1,1,1,1,1,1,1,1,8,0.125,-0.27187394,7.533033E-17,0.866021,-0.31393443
390174,0.6671169089,0.5707605124,0.70891858,-0.254180641,-0.312251048,0.9331768019,0.2466798521,-1.506819647,1,1,1,1,1,1,1,1,8,0.125,0.1316751649,7.533033E-17,0.866021,0.1520460839
390178,0.6671169089,-0.436147184,0.70891858,-0.254180641,0.6784137042,-0.038194859,-0.226011679,0.0203364607,1,1,1,1,1,1,1,1,8,0.125,0.1400314114,7.533033E-17,0.866021,0.1616950907
390179,0.6671169089,0.5707605124,0.70891858,0.7686551275,0.6784137042,0.9331768019,1.1920629137,0.5293884968,1,1,1,1,1,1,1,1,8,0.125,0.7560616307,7.533033E-17,0.866021,0.8730287921
390180,-1.154063558,-1.44305488,-1.17226019,-1.277016409,0.6784137042,-1.00956652,-1.644086271,-1.506819647,1,1,1,1,1,1,1,1,8,0.125,-1.066056721,7.533033E-17,0.866021,-1.230981939
390183,0.6671169089,1.5776682088,0.70891858,0.7686551275,0.6784137042,0.9331768019,0.7193713829,0.5293884968,1,1,1,1,1,1,1,1,8,0.125,0.8228386514,7.533033E-17,0.866021,0.9501366089
390184,,,,,,,,,0,0,0,0,0,0,0,0,0,,,7.533033E-17,0.866021,
390185,-1.154063558,-0.436147184,-0.231670805,-1.277016409,-1.3029158,-1.00956652,-1.644086271,-0.488715575,1,1,1,1,1,1,1,1,8,0.125,-0.943022765,7.533033E-17,0.866021,-1.088913909
390195,0.6671169089,0.5707605124,-0.231670805,0.7686551275,0.6784137042,-0.038194859,0.7193713829,-0.488715575,1,1,1,1,1,1,1,1,8,0.125,0.3307170496,7.533033E-17,0.866021,0.3818809137
390198,,,,,,,,,0,0,0,0,0,0,0,0,0,,,7.533033E-17,0.866021,
390199,1.5777071423,1.5776682088,0.70891858,1.7914908957,1.6690784566,0.9331768019,0.7193713829,0.5293884968,1,1,1,1,1,1,1,1,8,0.125,1.1883499956,7.533033E-17,0.866021,1.3721946984
390201,-1.154063558,-0.436147184,-0.231670805,-1.277016409,-0.312251048,-1.00956652,-0.226011679,0.0203364607,1,1,1,1,1,1,1,1,8,0.125,-0.578298843,7.533033E-17,0.866021,-0.66776506
390203,0.6671169089,0.5707605124,0.70891858,-0.254180641,0.6784137042,0.9331768019,1.1920629137,-0.488715575,1,1,1,1,1,1,1,1,8,0.125,0.5009441506,7.533033E-17,0.866021,0.5784431441
390204,-1.154063558,-1.44305488,-1.17226019,-1.277016409,-1.3029158,-1.00956652,-2.116777802,-2.015871683,1,1,1,1,1,1,1,1,8,0.125,-1.436440855,7.533033E-17,0.866021,-1.658666667
390211,-1.154063558,-1.44305488,-1.17226019,-1.277016409,-0.312251048,-1.00956652,-2.116777802,-0.997767611,1,1,1,1,1,1,1,1,8,0.125,-1.185344752,7.533033E-17,0.866021,-1.368724526
390217,0.6671169089,0.5707605124,-0.231670805,0.7686551275,1.6690784566,-1.00956652,-0.69870321,-0.488715575,1,1,1,1,1,1,1,1,8,0.125,0.1558693619,7.533033E-17,0.866021,0.1799832649
390219,-0.243473324,0.5707605124,0.70891858,-0.254180641,0.6784137042,-0.038194859,-0.226011679,-1.506819647,1,1,1,1,1,1,1,1,8,0.125,-0.038823419,7.533033E-17,0.866021,-0.04482963
390222,-0.243473324,0.5707605124,-0.231670805,0.7686551275,0.6784137042,-0.038194859,-0.226011679,-1.506819647,1,1,1,1,1,1,1,1,8,0.125,-0.028542621,7.533033E-17,0.866021,-0.032958332
390223,0.6671169089,0.5707605124,-0.231670805,0.7686551275,0.6784137042,0.9331768019,0.7193713829,-0.488715575,1,1,1,1,1,1,1,1,8,0.125,0.4521385072,7.533033E-17,0.866021,0.5220869818
390225,-0.243473324,-0.436147184,-0.231670805,-1.277016409,0.6784137042,-0.038194859,-0.226011679,-1.506819647,1,1,1,1,1,1,1,1,8,0.125,-0.410115025,7.533033E-17,0.866021,-0.473562221
390226,0.6671169089,0.5707605124,-0.231670805,0.7686551275,0.6784137042,0.9331768019,0.7193713829,0.5293884968,1,1,1,1,1,1,1,1,8,0.125,0.5794015162,7.533033E-17,0.866021,0.6690383235
390228,0.6671169089,0.5707605124,-0.231670805,-0.254180641,-0.312251048,0.9331768019,0.7193713829,-0.997767611,1,1,1,1,1,1,1,1,8,0.125,0.1368194376,7.533033E-17,0.866021,0.1579862058
390231,-1.154063558,-1.44305488,-1.17226019,-1.277016409,-1.3029158,-1.00956652,-1.17139474,-2.015871683,1,1,1,1,1,1,1,1,8,0.125,-1.318267973,7.533033E-17,0.866021,-1.522211747
390233,0.6671169089,0.5707605124,-0.231670805,-0.254180641,0.6784137042,-0.038194859,-0.226011679,0.0203364607,1,1,1,1,1,1,1,1,8,0.125,0.1483212003,7.533033E-17,0.866021,0.1712673585
390237,-0.243473324,0.5707605124,-0.231670805,-0.254180641,0.6784137042,-0.038194859,-0.226011679,-1.506819647,1,1,1,1,1,1,1,1,8,0.125,-0.156397092,7.533033E-17,0.866021,-0.180592638
390256,0.6671169089,0.5707605124,0.70891858,0.7686551275,0.6784137042,0.9331768019,0.7193713829,-0.997767611,1,1,1,1,1,1,1,1,8,0.125,0.5060806758,7.533033E-17,0.866021,0.5843743198
390258,-0.243473324,-1.44305488,-0.231670805,-0.254180641,-1.3029158,-0.038194859,-0.69870321,-2.015871683,1,1,1,1,1,1,1,1,8,0.125,-0.77850815,7.533033E-17,0.866021,-0.89894792
390265,0.6671169089,-0.436147184,1.6495079648,-0.254180641,-0.312251048,0.9331768019,0.7193713829,-0.488715575,1,1,1,1,1,1,1,1,8,0.125,0.3097348263,7.533033E-17,0.866021,0.3576526176
390266,0.6671169089,-0.436147184,1.6495079648,-0.254180641,0.6784137042,-0.038194859,-0.226011679,0.5293884968,1,1,1,1,1,1,1,1,8,0.125,0.321236589,7.533033E-17,0.866021,0.3709337703
390267,-0.243473324,-0.436147184,-0.231670805,-0.254180641,-0.312251048,0.9331768019,-0.226011679,-1.506819647,1,1,1,1,1,1,1,1,8,0.125,-0.284672191,7.533033E-17,0.866021,-0.328712646
390268,0.6671169089,0.5707605124,0.70891858,0.7686551275,0.6784137042,0.9331768019,-0.226011679,-0.488715575,1,1,1,1,1,1,1,1,8,0.125,0.4515392976,7.533033E-17,0.866021,0.521395071
390270,-1.154063558,-0.436147184,-0.231670805,-1.277016409,-0.312251048,-1.00956652,-0.69870321,-1.506819647,1,1,1,1,1,1,1,1,8,0.125,-0.828279798,7.533033E-17,0.866021,-0.956419532
390272,,,,,,,,,0,0,0,0,0,0,0,0,0,,,7.533033E-17,0.866021,
390278,,,,,,,,,0,0,0,0,0,0,0,0,0,,,7.533033E-17,0.866021,
390304,-1.154063558,-1.44305488,-0.231670805,-1.277016409,-1.3029158,-1.00956652,-1.17139474,-0.488715575,1,1,1,1,1,1,1,1,8,0.125,-1.009799786,7.533033E-17,0.866021,-1.166021726
390307,,,,,,,,,0,0,0,0,0,0,0,0,0,,,7.533033E-17,0.866021,
390316,1.5777071423,1.5776682088,1.6495079648,1.7914908957,0.6784137042,1.904548463,1.6647544446,0.5293884968,1,1,1,1,1,1,1,1,8,0.125,1.421684915,7.533033E-17,0.866021,1.6416278962
390322,1.5777071423,1.5776682088,1.6495079648,1.7914908957,1.6690784566,1.904548463,1.6647544446,2.0565446049,1,1,1,1,1,1,1,1,8,0.125,1.7364125226,7.533033E-17,0.866021,2.0050457075
390323,1.5777071423,1.5776682088,1.6495079648,1.7914908957,1.6690784566,1.904548463,1.6647544446,2.0565446049,1,1,1,1,1,1,1,1,8,0.125,1.7364125226,7.533033E-17,0.866021,2.0050457075
390324,1.5777071423,1.5776682088,1.6495079648,1.7914908957,1.6690784566,1.904548463,1.6647544446,2.0565446049,1,1,1,1,1,1,1,1,8,0.125,1.7364125226,7.533033E-17,0.866021,2.0050457075
390325,1.5777071423,1.5776682088,1.6495079648,1.7914908957,1.6690784566,1.904548463,1.6647544446,2.0565446049,1,1,1,1,1,1,1,1,8,0.125,1.7364125226,7.533033E-17,0.866021,2.0050457075
390326,0.6671169089,0.5707605124,-1.17226019,-0.254180641,-0.312251048,-0.038194859,0.7193713829,0.0203364607,1,1,1,1,1,1,1,1,8,0.125,0.0250873159,7.533033E-17,0.866021,0.0289684706
390327,,,,,,,,,0,0,0,0,0,0,0,0,0,,,7.533033E-17,0.866021,
390328,0.6671169089,-0.436147184,-0.231670805,-0.254180641,0.6784137042,-0.038194859,0.7193713829,0.0203364607,1,1,1,1,1,1,1,1,8,0.125,0.140630621,7.533033E-17,0.866021,0.1623870015
390329,-0.243473324,-0.436147184,-0.231670805,-0.254180641,0.6784137042,-0.038194859,-0.226011679,0.0203364607,1,1,1,1,1,1,1,1,8,0.125,-0.091366041,7.533033E-17,0.866021,-0.105500902
390330,0.6671169089,0.5707605124,-0.231670805,0.7686551275,0.6784137042,0.9331768019,1.1920629137,0.5293884968,1,1,1,1,1,1,1,1,8,0.125,0.6384879576,7.533033E-17,0.866021,0.7372657833
390331,,,,,,,,,0,0,0,0,0,0,0,0,0,,,7.533033E-17,0.866021,
390332,1.5777071423,1.5776682088,0.70891858,-0.254180641,0.6784137042,0.9331768019,1.6647544446,1.5474925688,1,1,1,1,1,1,1,1,8,0.125,1.0542438512,7.533033E-17,0.866021,1.2173415482
390333,,,,,,,,,0,0,0,0,0,0,0,0,0,,,7.533033E-17,0.866021,
390334,1.5777071423,0.5707605124,0.70891858,0.7686551275,0.6784137042,1.904548463,1.6647544446,2.0565446049,1,1,1,1,1,1,1,1,8,0.125,1.2412878224,7.533033E-17,0.866021,1.433322317
390335,1.5777071423,0.5707605124,0.70891858,0.7686551275,0.6784137042,0.9331768019,1.1920629137,1.5474925688,1,1,1,1,1,1,1,1,8,0.125,0.9971484189,7.533033E-17,0.866021,1.1514131181
390336,0.6671169089,-0.436147184,-0.231670805,-0.254180641,0.6784137042,0.9331768019,0.7193713829,0.5293884968,1,1,1,1,1,1,1,1,8,0.125,0.3256835832,7.533033E-17,0.866021,0.3760687405
390337,1.5777071423,1.5776682088,1.6495079648,0.7686551275,1.6690784566,1.904548463,1.6647544446,1.5474925688,1,1,1,1,1,1,1,1,8,0.125,1.544926547,7.533033E-17,0.866021,1.7839357303
390338,1.5777071423,0.5707605124,0.70891858,0.7686551275,0.6784137042,0.9331768019,1.6647544446,1.5474925688,1,1,1,1,1,1,1,1,8,0.125,1.0562348602,7.533033E-17,0.866021,1.219640578
390339,0.6671169089,0.5707605124,-0.231670805,-0.254180641,0.6784137042,0.9331768019,1.1920629137,1.0384405328,1,1,1,1,1,1,1,1,8,0.125,0.5742649911,7.533033E-17,0.866021,0.6631071478
391300,1.5777071423,0.5707605124,1.6495079648,-0.254180641,1.6690784566,0.9331768019,1.6647544446,1.0384405328,1,1,1,1,1,1,1,1,8,0.125,1.1061556518,7.533033E-17,0.866021,1.2772844084
391301,1.5777071423,-0.436147184,1.6495079648,0.7686551275,0.6784137042,0.9331768019,1.1920629137,1.5474925688,1,1,1,1,1,1,1,1,8,0.125,0.9888586299,7.533033E-17,0.866021,1.1418408503
391302,,,,,,,,,0,0,0,0,0,0,0,0,0,,,7.533033E-17,0.866021,
391303,,,,,,,,,0,0,0,0,0,0,0,0,0,,,7.533033E-17,0.866021,
391304,,,,,,,,,0,0,0,0,0,0,0,0,0,,,7.533033E-17,0.866021,
391305,1.5777071423,-1.44305488,1.6495079648,0.7686551275,1.6690784566,0.9331768019,0.7193713829,0.5293884968,1,1,1,1,1,1,1,1,8,0.125,0.8004788115,7.533033E-17,0.866021,0.924317571
391306,,,,,,,,,0,0,0,0,0,0,0,0,0,,,7.533033E-17,0.866021,
391307,,,,,,,,,0,0,0,0,0,0,0,0,0,,,7.533033E-17,0.866021,
391308,,,,,,,,,0,0,0,0,0,0,0,0,0,,,7.533033E-17,0.866021,
391309,,,,,,,,,0,0,0,0,0,0,0,0,0,,,7.533033E-17,0.866021,
391312,,,,,,,,,0,0,0,0,0,0,0,0,0,,,7.533033E-17,0.866021,
391313,1.5777071423,0.5707605124,0.70891858,1.7914908957,1.6690784566,0.9331768019,0.7193713829,1.5474925688,1,1,1,1,1,1,1,1,8,0.125,1.1897495426,7.533033E-17,0.866021,1.3738107635
391314,1.5777071423,1.5776682088,1.6495079648,1.7914908957,0.6784137042,0.9331768019,0.7193713829,1.5474925688,1,1,1,1,1,1,1,1,8,0.125,1.3093535837,7.533033E-17,0.866021,1.5119182501
391315,0.6671169089,0.5707605124,1.6495079648,0.7686551275,0.6784137042,-0.038194859,-0.69870321,0.5293884968,1,1,1,1,1,1,1,1,8,0.125,0.5158680807,7.533033E-17,0.866021,0.5956758935
391316,0.6671169089,1.5776682088,1.6495079648,1.7914908957,0.6784137042,0.9331768019,0.7193713829,1.0384405328,1,1,1,1,1,1,1,1,8,0.125,1.1318983,7.533033E-17,0.866021,1.3070095949
391317,1.5777071423,1.5776682088,1.6495079648,1.7914908957,0.6784137042,1.904548463,1.6647544446,2.0565446049,1,1,1,1,1,1,1,1,8,0.125,1.6125794285,7.533033E-17,0.866021,1.8620549087
400001,,,,,,,,,0,0,0,0,0,0,0,0,0,,,7.533033E-17,0.866021,
400003,,,,,,,,,0,0,0,0,0,0,0,0,0,,,7.533033E-17,0.866021,
400004,,,,,,,,,0,0,0,0,0,0,0,0,0,,,7.533033E-17,0.866021,
400005,,,,,,,,,0,0,0,0,0,0,0,0,0,,,7.533033E-17,0.866021,
400006,-1.154063558,-0.436147184,-1.17226019,-2.299852177,-2.293580553,-1.980938182,-1.17139474,0.0203364607,1,1,1,1,1,1,1,1,8,0.125,-1.310987515,7.533033E-17,0.866021,-1.513804961
400007,,,,,,,,,0,0,0,0,0,0,0,0,0,,,7.533033E-17,0.866021,
400011,,,,,,,,,0,0,0,0,0,0,0,0,0,,,7.533033E-17,0.866021,
400012,,,,,,,,,0,0,0,0,0,0,0,0,0,,,7.533033E-17,0.866021,
400013,,,,,,,,,0,0,0,0,0,0,0,0,0,,,7.533033E-17,0.866021,
400014,,,,,,,,,0,0,0,0,0,0,0,0,0,,,7.533033E-17,0.866021,
400015,,,,,,,,,0,0,0,0,0,0,0,0,0,,,7.533033E-17,0.866021,
400016,,,,,,,,,0,0,0,0,0,0,0,0,0,,,7.533033E-17,0.866021,
400018,,,,,,,,,0,0,0,0,0,0,0,0,0,,,7.533033E-17,0.866021,
400019,,,,,,,,,0,0,0,0,0,0,0,0,0,,,7.533033E-17,0.866021,
400021,,,,,,,,,0,0,0,0,0,0,0,0,0,,,7.533033E-17,0.866021,
400022,-1.154063558,-0.436147184,-0.231670805,-1.277016409,-2.293580553,-1.00956652,-1.17139474,0.0203364607,1,1,1,1,1,1,1,1,8,0.125,-0.944137914,7.533033E-17,0.866021,-1.090201577
400032,-2.064653791,-1.44305488,-2.112849574,-2.299852177,-2.293580553,-1.00956652,-2.116777802,-0.997767611,1,1,1,1,1,1,1,1,8,0.125,-1.792262864,7.533033E-17,0.866021,-2.069536423
40003F,-0.243473324,0.5707605124,-0.231670805,-0.254180641,-0.312251048,0.9331768019,0.7193713829,0.5293884968,1,1,1,1,1,1,1,1,8,0.125,0.213890172,7.533033E-17,0.866021,0.2469802341
400044,,,,,,,,,0,0,0,0,0,0,0,0,0,,,7.533033E-17,0.866021,
400048,,,,,,,,,0,0,0,0,0,0,0,0,0,,,7.533033E-17,0.866021,
400061,,,,,,,,,0,0,0,0,0,0,0,0,0,,,7.533033E-17,0.866021,
400079,,,,,,,,,0,0,0,0,0,0,0,0,0,,,7.533033E-17,0.866021,
400087,,,,,,,,,0,0,0,0,0,0,0,0,0,,,7.533033E-17,0.866021,
400098,,,,,,,,,0,0,0,0,0,0,0,0,0,,,7.533033E-17,0.866021,
400102,-2.064653791,-2.449962577,-2.112849574,-2.299852177,-2.293580553,-1.980938182,-2.116777802,-0.997767611,1,1,1,1,1,1,1,1,8,0.125,-2.039547783,7.533033E-17,0.866021,-2.355077768
400103,-2.064653791,-1.44305488,-2.112849574,-2.299852177,-2.293580553,-1.00956652,-2.116777802,-1.506819647,1,1,1,1,1,1,1,1,8,0.125,-1.855894368,7.533033E-17,0.866021,-2.143012094
400104,,,,,,,,,0,0,0,0,0,0,0,0,0,,,7.533033E-17,0.866021,
400105,,,,,,,,,0,0,0,0,0,0,0,0,0,,,7.533033E-17,0.866021,
400106,,,,,,,,,0,0,0,0,0,0,0,0,0,,,7.533033E-17,0.866021,
400109,-1.154063558,-0.436147184,-1.17226019,-2.299852177,-2.293580553,-1.980938182,-2.116777802,-0.488715575,1,1,1,1,1,1,1,1,8,0.125,-1.492791903,7.533033E-17,0.866021,-1.723735551
400110,,,,,,,,,0,0,0,0,0,0,0,0,0,,,7.533033E-17,0.866021,
400111,,,,,,,,,0,0,0,0,0,0,0,0,0,,,7.533033E-17,0.866021,
400112,,,,,,,,,0,0,0,0,0,0,0,0,0,,,7.533033E-17,0.866021,
400113,,,,,,,,,0,0,0,0,0,0,0,0,0,,,7.533033E-17,0.866021,
400114,-1.154063558,-0.436147184,-1.17226019,-2.299852177,-2.293580553,0.9331768019,-0.226011679,0.0203364607,1,1,1,1,1,1,1,1,8,0.125,-0.82855026,7.533033E-17,0.866021,-0.956731836
400115,,,,,,,,,0,0,0,0,0,0,0,0,0,,,7.533033E-17,0.866021,
400117,,,,,,,,,0,0,0,0,0,0,0,0,0,,,7.533033E-17,0.866021,
400118,-1.154063558,-0.436147184,-1.17226019,-2.299852177,-2.293580553,-1.00956652,-0.226011679,0.5293884968,1,1,1,1,1,1,1,1,8,0.125,-1.00776167,7.533033E-17,0.866021,-1.163668302
400120,-1.154063558,-1.44305488,-0.231670805,-2.299852177,-2.293580553,-1.980938182,-2.116777802,-0.488715575,1,1,1,1,1,1,1,1,8,0.125,-1.501081691,7.533033E-17,0.866021,-1.733307819
400123,,,,,,,,,0,0,0,0,0,0,0,0,0,,,7.533033E-17,0.866021,
400124,,,,,,,,,0,0,0,0,0,0,0,0,0,,,7.533033E-17,0.866021,
400126,,,,,,,,,0,0,0,0,0,0,0,0,0,,,7.533033E-17,0.866021,
400127,,,,,,,,,0,0,0,0,0,0,0,0,0,,,7.533033E-17,0.866021,
400128,,,,,,,,,0,0,0,0,0,0,0,0,0,,,7.533033E-17,0.866021,
400132,-1.154063558,-1.44305488,-2.112849574,-1.277016409,-2.293580553,-1.00956652,-0.69870321,1.0384405328,1,1,1,1,1,1,1,1,8,0.125,-1.118799271,7.533033E-17,0.866021,-1.29188407
400137,,,,,,,,,0,0,0,0,0,0,0,0,0,,,7.533033E-17,0.866021,
410004,-1.154063558,0.5707605124,-1.17226019,-1.277016409,-0.312251048,-1.00956652,-1.17139474,-0.488715575,1,1,1,1,1,1,1,1,8,0.125,-0.751813441,7.533033E-17,0.866021,-0.868123383
410005,-0.243473324,-0.436147184,-0.231670805,0.7686551275,0.6784137042,-0.038194859,-0.226011679,0.0203364607,1,1,1,1,1,1,1,1,8,0.125,0.0364884301,7.533033E-17,0.866021,0.042133404
410006,1.5777071423,0.5707605124,-0.231670805,0.7686551275,0.6784137042,0.9331768019,0.7193713829,0.5293884968,1,1,1,1,1,1,1,1,8,0.125,0.6932252954,7.533033E-17,0.866021,0.8004713078
410007,-0.243473324,-0.436147184,-0.231670805,-1.277016409,-0.312251048,0.9331768019,-0.226011679,-0.488715575,1,1,1,1,1,1,1,1,8,0.125,-0.285263653,7.533033E-17,0.866021,-0.32939561
410008,0.6671169089,0.5707605124,0.70891858,0.7686551275,1.6690784566,0.9331768019,0.7193713829,0.0203364607,1,1,1,1,1,1,1,1,8,0.125,0.7571767789,7.533033E-17,0.866021,0.8743164603
410009,-0.243473324,0.5707605124,-0.231670805,-0.254180641,0.6784137042,-0.038194859,-0.226011679,-0.488715575,1,1,1,1,1,1,1,1,8,0.125,-0.029134083,7.533033E-17,0.866021,-0.033641297
410010,-0.243473324,-0.436147184,-0.231670805,-0.254180641,0.6784137042,-0.038194859,0.2466798521,0.5293884968,1,1,1,1,1,1,1,1,8,0.125,0.031351905,7.533033E-17,0.866021,0.0362022283
410011,-1.154063558,-1.44305488,-1.17226019,-1.277016409,-1.3029158,-1.00956652,-1.17139474,-0.997767611,1,1,1,1,1,1,1,1,8,0.125,-1.191004964,7.533033E-17,0.866021,-1.375260406
410012,-0.243473324,0.5707605124,-1.17226019,-0.254180641,0.6784137042,-0.038194859,0.2466798521,-0.488715575,1,1,1,1,1,1,1,1,8,0.125,-0.087621315,7.533033E-17,0.866021,-0.101176846
410013,1.5777071423,0.5707605124,0.70891858,0.7686551275,-0.312251048,0.9331768019,0.7193713829,1.0384405328,1,1,1,1,1,1,1,1,8,0.125,0.750597379,7.533033E-17,0.866021,0.8667191887
41005F,1.5777071423,1.5776682088,1.6495079648,1.7914908957,0.6784137042,0.9331768019,1.1920629137,1.0384405328,1,1,1,1,1,1,1,1,8,0.125,1.3048085205,7.533033E-17,0.866021,1.5066700391
420002,-1.154063558,-1.44305488,-1.17226019,-1.277016409,-1.3029158,-1.980938182,-2.116777802,-1.506819647,1,1,1,1,1,1,1,1,8,0.125,-1.494230809,7.533033E-17,0.866021,-1.725397064
420004,-0.243473324,0.5707605124,-0.231670805,-0.254180641,-0.312251048,-0.038194859,0.2466798521,-0.488715575,1,1,1,1,1,1,1,1,8,0.125,-0.093880736,7.533033E-17,0.866021,-0.108404636
420005,0.6671169089,1.5776682088,-0.231670805,1.7914908957,0.6784137042,0.9331768019,-0.226011679,0.5293884968,1,1,1,1,1,1,1,1,8,0.125,0.7149465666,7.533033E-17,0.866021,0.8255529869
420007,0.6671169089,0.5707605124,0.70891858,0.7686551275,0.6784137042,0.9331768019,0.7193713829,-0.488715575,1,1,1,1,1,1,1,1,8,0.125,0.5697121803,7.533033E-17,0.866021,0.6578499906
420009,-0.243473324,0.5707605124,-0.231670805,-0.254180641,-0.312251048,-0.038194859,-0.226011679,0.0203364607,1,1,1,1,1,1,1,1,8,0.125,-0.089335673,7.533033E-17,0.866021,-0.103156425
420010,0.6671169089,0.5707605124,0.70891858,0.7686551275,0.6784137042,-0.038194859,0.2466798521,1.0384405328,1,1,1,1,1,1,1,1,8,0.125,0.5800987948,7.533033E-17,0.866021,0.6698434752
420011,,,,,,,,,0,0,0,0,0,0,0,0,0,,,7.533033E-17,0.866021,
420015,-0.243473324,0.5707605124,-1.17226019,-1.277016409,-1.3029158,-1.00956652,-1.17139474,-0.488715575,1,1,1,1,1,1,1,1,8,0.125,-0.761822756,7.533033E-17,0.866021,-0.879681197
420018,-0.243473324,-0.436147184,-1.17226019,-1.277016409,-0.312251048,-0.038194859,-0.226011679,-0.997767611,1,1,1,1,1,1,1,1,8,0.125,-0.587890288,7.533033E-17,0.866021,-0.678840358
420019,,,,,,,,,0,0,0,0,0,0,0,0,0,,,7.533033E-17,0.866021,
420020,-1.154063558,-0.436147184,-1.17226019,-0.254180641,-0.312251048,-1.00956652,-1.17139474,-0.488715575,1,1,1,1,1,1,1,1,8,0.125,-0.749822432,7.533033E-17,0.866021,-0.865824353
420023,-0.243473324,0.5707605124,-0.231670805,-0.254180641,-0.312251048,0.9331768019,0.7193713829,-0.488715575,1,1,1,1,1,1,1,1,8,0.125,0.086627163,7.533033E-17,0.866021,0.1000288923
420026,-0.243473324,-0.436147184,-0.231670805,-0.254180641,-1.3029158,-1.00956652,-0.226011679,-0.488715575,1,1,1,1,1,1,1,1,8,0.125,-0.524085191,7.533033E-17,0.866021,-0.605164239
420027,-0.243473324,0.5707605124,-0.231670805,-1.277016409,-0.312251048,-0.038194859,-1.17139474,0.0203364607,1,1,1,1,1,1,1,1,8,0.125,-0.335363027,7.533033E-17,0.866021,-0.387245651
420030,0.6671169089,-0.436147184,-0.231670805,-0.254180641,-1.3029158,-1.00956652,-0.69870321,-0.488715575,1,1,1,1,1,1,1,1,8,0.125,-0.469347853,7.533033E-17,0.866021,-0.541958715
420033,0.6671169089,0.5707605124,-0.231670805,-0.254180641,0.6784137042,0.9331768019,0.7193713829,-0.488715575,1,1,1,1,1,1,1,1,8,0.125,0.3242840362,7.533033E-17,0.866021,0.3744526755
420036,-1.154063558,-0.436147184,-1.17226019,-1.277016409,-1.3029158,-1.00956652,-1.17139474,-1.506819647,1,1,1,1,1,1,1,1,8,0.125,-1.128773006,7.533033E-17,0.866021,-1.3034008
420037,0.6671169089,0.5707605124,0.70891858,-0.254180641,0.6784137042,0.9331768019,0.7193713829,-0.488715575,1,1,1,1,1,1,1,1,8,0.125,0.4418577093,7.533033E-17,0.866021,0.5102156843
420038,0.6671169089,-0.436147184,-0.231670805,0.7686551275,-0.312251048,0.9331768019,-0.226011679,-0.488715575,1,1,1,1,1,1,1,1,8,0.125,0.0842690684,7.533033E-17,0.866021,0.0973059867
420043,,,,,,,,,0,0,0,0,0,0,0,0,0,,,7.533033E-17,0.866021,
420048,-0.243473324,0.5707605124,-0.231670805,-1.277016409,-0.312251048,-1.00956652,-1.17139474,0.0203364607,1,1,1,1,1,1,1,1,8,0.125,-0.456784484,7.533033E-17,0.866021,-0.527451719
420049,-0.243473324,-0.436147184,-0.231670805,-0.254180641,-0.312251048,-0.038194859,-0.226011679,0.5293884968,1,1,1,1,1,1,1,1,8,0.125,-0.15156763,7.533033E-17,0.866021,-0.17501603
420051,-0.243473324,0.5707605124,-0.231670805,0.7686551275,-0.312251048,-0.038194859,0.7193713829,0.5293884968,1,1,1,1,1,1,1,1,8,0.125,0.2203231854,7.533033E-17,0.866021,0.2544084723
420053,1.5777071423,0.5707605124,0.70891858,0.7686551275,0.6784137042,0.9331768019,0.7193713829,1.0384405328,1,1,1,1,1,1,1,1,8,0.125,0.874430473,7.533033E-17,0.866021,1.0097099875
420055,-0.243473324,1.5776682088,-0.231670805,1.7914908957,0.6784137042,-0.038194859,-0.69870321,0.0203364607,1,1,1,1,1,1,1,1,8,0.125,0.3569833839,7.533033E-17,0.866021,0.4122108038
420065,0.6671169089,0.5707605124,0.70891858,0.7686551275,0.6784137042,0.9331768019,1.1920629137,0.0203364607,1,1,1,1,1,1,1,1,8,0.125,0.6924301262,7.533033E-17,0.866021,0.7995531213
420067,-0.243473324,0.5707605124,-0.231670805,-0.254180641,-0.312251048,-0.038194859,-0.226011679,0.0203364607,1,1,1,1,1,1,1,1,8,0.125,-0.089335673,7.533033E-17,0.866021,-0.103156425
420070,-1.154063558,-1.44305488,-1.17226019,-1.277016409,-1.3029158,-1.00956652,-1.17139474,-0.488715575,1,1,1,1,1,1,1,1,8,0.125,-1.127373459,7.533033E-17,0.866021,-1.301784735
420071,0.6671169089,0.5707605124,-0.231670805,0.7686551275,-0.312251048,0.9331768019,0.7193713829,0.5293884968,1,1,1,1,1,1,1,1,8,0.125,0.4555684222,7.533033E-17,0.866021,0.5260475247
420072,,,,,,,,,0,0,0,0,0,0,0,0,0,,,7.533033E-17,0.866021,
420073,0.6671169089,0.5707605124,0.70891858,0.7686551275,0.6784137042,0.9331768019,1.1920629137,0.5293884968,1,1,1,1,1,1,1,1,8,0.125,0.7560616307,7.533033E-17,0.866021,0.8730287921
420078,-0.243473324,-0.436147184,-0.231670805,-0.254180641,-0.312251048,-0.038194859,-0.226011679,-1.506819647,1,1,1,1,1,1,1,1,8,0.125,-0.406093648,7.533033E-17,0.866021,-0.468918714
420079,-1.154063558,-0.436147184,-1.17226019,-0.254180641,-1.3029158,-1.00956652,-1.17139474,-0.997767611,1,1,1,1,1,1,1,1,8,0.125,-0.937287031,7.533033E-17,0.866021,-1.082290823
420080,-1.154063558,-1.44305488,-1.17226019,-1.277016409,-1.3029158,-1.00956652,-2.116777802,-2.015871683,1,1,1,1,1,1,1,1,8,0.125,-1.436440855,7.533033E-17,0.866021,-1.658666667
420082,-1.154063558,-0.436147184,-1.17226019,-1.277016409,-1.3029158,-1.00956652,-1.17139474,-0.488715575,1,1,1,1,1,1,1,1,8,0.125,-1.001509997,7.533033E-17,0.866021,-1.156449458
420085,-1.154063558,-1.44305488,-0.231670805,-1.277016409,-1.3029158,-1.00956652,-0.69870321,-0.997767611,1,1,1,1,1,1,1,1,8,0.125,-1.014344849,7.533033E-17,0.866021,-1.171269937
420086,-0.243473324,0.5707605124,-0.231670805,-0.254180641,-0.312251048,-0.038194859,-0.226011679,0.5293884968,1,1,1,1,1,1,1,1,8,0.125,-0.025704168,7.533033E-17,0.866021,-0.029680754
420087,0.6671169089,0.5707605124,0.70891858,0.7686551275,0.6784137042,0.9331768019,0.7193713829,0.0203364607,1,1,1,1,1,1,1,1,8,0.125,0.6333436848,7.533033E-17,0.866021,0.7313256615
420089,0.6671169089,0.5707605124,0.70891858,0.7686551275,0.6784137042,0.9331768019,0.7193713829,1.0384405328,1,1,1,1,1,1,1,1,8,0.125,0.7606066938,7.533033E-17,0.866021,0.8782770032
420091,-0.243473324,-0.436147184,-0.231670805,-0.254180641,-1.3029158,-1.00956652,0.2466798521,0.0203364607,1,1,1,1,1,1,1,1,8,0.125,-0.401367245,7.533033E-17,0.866021,-0.463461108
420098,-0.243473324,0.5707605124,-0.231670805,0.7686551275,0.6784137042,0.9331768019,-0.226011679,-1.506819647,1,1,1,1,1,1,1,1,8,0.125,0.0928788363,7.533033E-17,0.866021,0.1072477362
420101,-0.243473324,0.5707605124,-0.231670805,-0.254180641,-0.312251048,-0.038194859,-0.69870321,-0.997767611,1,1,1,1,1,1,1,1,8,0.125,-0.275685123,7.533033E-17,0.866021,-0.318335226
420102,0.6671169089,0.5707605124,-0.231670805,-0.254180641,0.6784137042,0.9331768019,1.1920629137,0.5293884968,1,1,1,1,1,1,1,1,8,0.125,0.5106334866,7.533033E-17,0.866021,0.589631477
420103,1.5777071423,1.5776682088,1.6495079648,0.7686551275,0.6784137042,1.904548463,1.6647544446,1.5474925688,1,1,1,1,1,1,1,1,8,0.125,1.421093453,7.533033E-17,0.866021,1.6409449315
420104,1.5777071423,1.5776682088,0.70891858,0.7686551275,0.6784137042,0.9331768019,1.6647544446,0.0203364607,1,1,1,1,1,1,1,1,8,0.125,0.9912038087,7.533033E-17,0.866021,1.144548842
420105,0.6671169089,0.5707605124,-0.231670805,-0.254180641,-0.312251048,0.9331768019,0.7193713829,0.5293884968,1,1,1,1,1,1,1,1,8,0.125,0.3277139512,7.533033E-17,0.866021,0.3784132184
420106,-0.243473324,0.5707605124,-0.231670805,-0.254180641,-0.312251048,0.9331768019,0.7193713829,0.0203364607,1,1,1,1,1,1,1,1,8,0.125,0.1502586675,7.533033E-17,0.866021,0.1735045632
420107,0.6671169089,1.5776682088,0.70891858,0.7686551275,-0.312251048,-0.038194859,0.2466798521,0.5293884968,1,1,1,1,1,1,1,1,8,0.125,0.5184976583,7.533033E-17,0.866021,0.5987122822
420108,,,,,,,,,0,0,0,0,0,0,0,0,0,,,7.533033E-17,0.866021,
420109,0.6671169089,1.5776682088,-0.231670805,0.7686551275,-0.312251048,0.9331768019,0.7193713829,0.5293884968,1,1,1,1,1,1,1,1,8,0.125,0.5814318842,7.533033E-17,0.866021,0.6713828014
420110,0.6671169089,0.5707605124,0.70891858,0.7686551275,0.6784137042,0.9331768019,1.1920629137,0.0203364607,1,1,1,1,1,1,1,1,8,0.125,0.6924301262,7.533033E-17,0.866021,0.7995531213
42011F,1.5777071423,1.5776682088,1.6495079648,1.7914908957,0.6784137042,1.904548463,0.7193713829,2.0565446049,1,1,1,1,1,1,1,1,8,0.125,1.4944065458,7.533033E-17,0.866021,1.7255999891
42029F,1.5777071423,1.5776682088,0.70891858,1.7914908957,0.6784137042,1.904548463,0.7193713829,0.5293884968,1,1,1,1,1,1,1,1,8,0.125,1.1859383592,7.533033E-17,0.866021,1.3694099677
421300,,,,,,,,,0,0,0,0,0,0,0,0,0,,,7.533033E-17,0.866021,
421301,,,,,,,,,0,0,0,0,0,0,0,0,0,,,7.533033E-17,0.866021,
421304,,,,,,,,,0,0,0,0,0,0,0,0,0,,,7.533033E-17,0.866021,
430005,0.6671169089,0.5707605124,0.70891858,0.7686551275,-0.312251048,0.9331768019,-0.226011679,0.5293884968,1,1,1,1,1,1,1,1,8,0.125,0.4549692126,7.533033E-17,0.866021,0.5253556139
430008,0.6671169089,0.5707605124,1.6495079648,1.7914908957,0.6784137042,0.9331768019,1.1920629137,0.5293884968,1,1,1,1,1,1,1,1,8,0.125,1.0014897748,7.533033E-17,0.866021,1.1564261073
430012,1.5777071423,0.5707605124,0.70891858,0.7686551275,0.6784137042,0.9331768019,0.7193713829,0.5293884968,1,1,1,1,1,1,1,1,8,0.125,0.8107989685,7.533033E-17,0.866021,0.9362343166
430014,-0.243473324,0.5707605124,0.70891858,0.7686551275,0.6784137042,-0.038194859,0.2466798521,0.0203364607,1,1,1,1,1,1,1,1,8,0.125,0.3390120067,7.533033E-17,0.866021,0.3914591492
430015,-0.243473324,-0.436147184,0.70891858,-0.254180641,-0.312251048,-0.038194859,-0.226011679,0.0203364607,1,1,1,1,1,1,1,1,8,0.125,-0.097625462,7.533033E-17,0.866021,-0.112728692
430016,-0.243473324,0.5707605124,0.70891858,0.7686551275,0.6784137042,0.9331768019,0.7193713829,-0.488715575,1,1,1,1,1,1,1,1,8,0.125,0.4558884011,7.533033E-17,0.866021,0.5264170063
430027,-0.243473324,-0.436147184,0.70891858,-0.254180641,0.6784137042,0.9331768019,0.2466798521,-0.488715575,1,1,1,1,1,1,1,1,8,0.125,0.1430840267,7.533033E-17,0.866021,0.1652199635
43002F,1.5777071423,1.5776682088,1.6495079648,1.7914908957,1.6690784566,1.904548463,1.6647544446,2.0565446049,1,1,1,1,1,1,1,1,8,0.125,1.7364125226,7.533033E-17,0.866021,2.0050457075
430048,0.6671169089,1.5776682088,1.6495079648,0.7686551275,0.6784137042,0.9331768019,0.7193713829,0.5293884968,1,1,1,1,1,1,1,1,8,0.125,0.9404123245,7.533033E-17,0.866021,1.0858996177
43005F,1.5777071423,1.5776682088,1.6495079648,1.7914908957,0.6784137042,1.904548463,1.6647544446,1.0384405328,1,1,1,1,1,1,1,1,8,0.125,1.4853164195,7.533033E-17,0.866021,1.715103567
430077,-1.154063558,-0.436147184,0.70891858,-0.254180641,0.6784137042,-0.038194859,-0.226011679,-0.488715575,1,1,1,1,1,1,1,1,8,0.125,-0.151247651,7.533033E-17,0.866021,-0.174646549
430084,,,,,,,,,0,0,0,0,0,0,0,0,0,,,7.533033E-17,0.866021,
430089,1.5777071423,1.5776682088,1.6495079648,1.7914908957,1.6690784566,1.904548463,1.6647544446,1.5474925688,1,1,1,1,1,1,1,1,8,0.125,1.6727810181,7.533033E-17,0.866021,1.9315700367
430090,1.5777071423,1.5776682088,1.6495079648,1.7914908957,1.6690784566,1.904548463,1.6647544446,2.0565446049,1,1,1,1,1,1,1,1,8,0.125,1.7364125226,7.533033E-17,0.866021,2.0050457075
430091,1.5777071423,1.5776682088,1.6495079648,1.7914908957,1.6690784566,1.904548463,1.6647544446,2.0565446049,1,1,1,1,1,1,1,1,8,0.125,1.7364125226,7.533033E-17,0.866021,2.0050457075
430093,,,,,,,,,0,0,0,0,0,0,0,0,0,,,7.533033E-17,0.866021,
430095,1.5777071423,1.5776682088,1.6495079648,1.7914908957,1.6690784566,1.904548463,1.6647544446,1.5474925688,1,1,1,1,1,1,1,1,8,0.125,1.6727810181,7.533033E-17,0.866021,1.9315700367
430097,-0.243473324,-0.436147184,0.70891858,-0.254180641,-0.312251048,0.9331768019,0.7193713829,0.0203364607,1,1,1,1,1,1,1,1,8,0.125,0.1419688785,7.533033E-17,0.866021,0.1639322954
430098,,,,,,,,,0,0,0,0,0,0,0,0,0,,,7.533033E-17,0.866021,
431300,1.5777071423,1.5776682088,0.70891858,0.7686551275,1.6690784566,-0.038194859,1.6647544446,2.0565446049,1,1,1,1,1,1,1,1,8,0.125,1.2481414632,7.533033E-17,0.866021,1.4412362561
431301,,,,,,,,,0,0,0,0,0,0,0,0,0,,,7.533033E-17,0.866021,
431302,,,,,,,,,0,0,0,0,0,0,0,0,0,,,7.533033E-17,0.866021,
431305,,,,,,,,,0,0,0,0,0,0,0,0,0,,,7.533033E-17,0.866021,
431306,,,,,,,,,0,0,0,0,0,0,0,0,0,,,7.533033E-17,0.866021,
431307,,,,,,,,,0,0,0,0,0,0,0,0,0,,,7.533033E-17,0.866021,
431308,,,,,,,,,0,0,0,0,0,0,0,0,0,,,7.533033E-17,0.866021,
431309,,,,,,,,,0,0,0,0,0,0,0,0,0,,,7.533033E-17,0.866021,
431310,,,,,,,,,0,0,0,0,0,0,0,0,0,,,7.533033E-17,0.866021,
431311,,,,,,,,,0,0,0,0,0,0,0,0,0,,,7.533033E-17,0.866021,
431312,,,,,,,,,0,0,0,0,0,0,0,0,0,,,7.533033E-17,0.866021,
431313,,,,,,,,,0,0,0,0,0,0,0,0,0,,,7.533033E-17,0.866021,
431314,,,,,,,,,0,0,0,0,0,0,0,0,0,,,7.533033E-17,0.866021,
431315,,,,,,,,,0,0,0,0,0,0,0,0,0,,,7.533033E-17,0.866021,
431316,,,,,,,,,0,0,0,0,0,0,0,0,0,,,7.533033E-17,0.866021,
431317,,,,,,,,,0,0,0,0,0,0,0,0,0,,,7.533033E-17,0.866021,
431318,,,,,,,,,0,0,0,0,0,0,0,0,0,,,7.533033E-17,0.866021,
431319,,,,,,,,,0,0,0,0,0,0,0,0,0,,,7.533033E-17,0.866021,
431320,,,,,,,,,0,0,0,0,0,0,0,0,0,,,7.533033E-17,0.866021,
431321,,,,,,,,,0,0,0,0,0,0,0,0,0,,,7.533033E-17,0.866021,
431322,,,,,,,,,0,0,0,0,0,0,0,0,0,,,7.533033E-17,0.866021,
431323,,,,,,,,,0,0,0,0,0,0,0,0,0,,,7.533033E-17,0.866021,
431324,,,,,,,,,0,0,0,0,0,0,0,0,0,,,7.533033E-17,0.866021,
431325,,,,,,,,,0,0,0,0,0,0,0,0,0,,,7.533033E-17,0.866021,
431326,,,,,,,,,0,0,0,0,0,0,0,0,0,,,7.533033E-17,0.866021,
431327,,,,,,,,,0,0,0,0,0,0,0,0,0,,,7.533033E-17,0.866021,
431328,,,,,,,,,0,0,0,0,0,0,0,0,0,,,7.533033E-17,0.866021,
431329,,,,,,,,,0,0,0,0,0,0,0,0,0,,,7.533033E-17,0.866021,
431330,,,,,,,,,0,0,0,0,0,0,0,0,0,,,7.533033E-17,0.866021,
431331,,,,,,,,,0,0,0,0,0,0,0,0,0,,,7.533033E-17,0.866021,
431332,,,,,,,,,0,0,0,0,0,0,0,0,0,,,7.533033E-17,0.866021,
431333,,,,,,,,,0,0,0,0,0,0,0,0,0,,,7.533033E-17,0.866021,
431334,,,,,,,,,0,0,0,0,0,0,0,0,0,,,7.533033E-17,0.866021,
431335,0.6671169089,-0.436147184,-0.231670805,0.7686551275,-1.3029158,-1.00956652,-0.226011679,-0.488715575,1,1,1,1,1,1,1,1,8,0.125,-0.282406941,7.533033E-17,0.866021,-0.326096948
431336,,,,,,,,,0,0,0,0,0,0,0,0,0,,,7.533033E-17,0.866021,
431337,,,,,,,,,0,0,0,0,0,0,0,0,0,,,7.533033E-17,0.866021,
431338,,,,,,,,,0,0,0,0,0,0,0,0,0,,,7.533033E-17,0.866021,
431339,,,,,,,,,0,0,0,0,0,0,0,0,0,,,7.533033E-17,0.866021,
431340,-0.243473324,-0.436147184,0.70891858,0.7686551275,0.6784137042,-0.038194859,-0.226011679,0.5293884968,1,1,1,1,1,1,1,1,8,0.125,0.2176936078,7.533033E-17,0.866021,0.2513720836
431383,,,,,,,,,0,0,0,0,0,0,0,0,0,,,7.533033E-17,0.866021,
440001,,,,,,,,,0,0,0,0,0,0,0,0,0,,,7.533033E-17,0.866021,
440002,-0.243473324,-0.436147184,-0.231670805,-0.254180641,0.6784137042,-0.038194859,-0.226011679,0.0203364607,1,1,1,1,1,1,1,1,8,0.125,-0.091366041,7.533033E-17,0.866021,-0.105500902
440003,-1.154063558,-1.44305488,-1.17226019,-1.277016409,-1.3029158,-1.00956652,-1.17139474,-0.997767611,1,1,1,1,1,1,1,1,8,0.125,-1.191004964,7.533033E-17,0.866021,-1.375260406
440006,-1.154063558,-1.44305488,-2.112849574,-1.277016409,-1.3029158,-1.00956652,-1.17139474,0.0203364607,1,1,1,1,1,1,1,1,8,0.125,-1.181315628,7.533033E-17,0.866021,-1.364072073
440007,1.5777071423,1.5776682088,1.6495079648,1.7914908957,1.6690784566,-1.00956652,1.1920629137,2.0565446049,1,1,1,1,1,1,1,1,8,0.125,1.3130617083,7.533033E-17,0.866021,1.5162000433
440008,1.5777071423,1.5776682088,0.70891858,0.7686551275,-1.3029158,-0.038194859,-0.226011679,0.5293884968,1,1,1,1,1,1,1,1,8,0.125,0.4494019021,7.533033E-17,0.866021,0.5189270079
440009,-0.243473324,-0.436147184,-0.231670805,-1.277016409,-0.312251048,-1.00956652,-1.17139474,-0.488715575,1,1,1,1,1,1,1,1,8,0.125,-0.646279451,7.533033E-17,0.866021,-0.746262666
440010,,,,,,,,,0,0,0,0,0,0,0,0,0,,,7.533033E-17,0.866021,
440011,-0.243473324,0.5707605124,-0.231670805,0.7686551275,0.6784137042,0.9331768019,-0.226011679,-0.488715575,1,1,1,1,1,1,1,1,8,0.125,0.2201418453,7.533033E-17,0.866021,0.2541990779
440012,-1.154063558,-1.44305488,-0.231670805,-0.254180641,-0.312251048,-1.00956652,-1.17139474,-0.997767611,1,1,1,1,1,1,1,1,8,0.125,-0.821743725,7.533033E-17,0.866021,-0.948872292
440015,-0.243473324,0.5707605124,-0.231670805,-0.254180641,-0.312251048,-0.038194859,0.7193713829,0.0203364607,1,1,1,1,1,1,1,1,8,0.125,0.0288372098,7.533033E-17,0.866021,0.0332984951
440016,,,,,,,,,0,0,0,0,0,0,0,0,0,,,7.533033E-17,0.866021,
440017,-0.243473324,0.5707605124,-0.231670805,-0.254180641,-0.312251048,-1.00956652,-1.17139474,-0.488715575,1,1,1,1,1,1,1,1,8,0.125,-0.392561518,7.533033E-17,0.866021,-0.453293083
440018,-0.243473324,0.5707605124,-0.231670805,0.7686551275,-1.3029158,-0.038194859,-0.226011679,0.5293884968,1,1,1,1,1,1,1,1,8,0.125,-0.021682791,7.533033E-17,0.866021,-0.025037246
440020,0.6671169089,0.5707605124,1.6495079648,0.7686551275,0.6784137042,-0.038194859,-0.226011679,1.0384405328,1,1,1,1,1,1,1,1,8,0.125,0.6385860266,7.533033E-17,0.866021,0.7373790242
440029,-0.243473324,0.5707605124,-0.231670805,-0.254180641,-1.3029158,-0.038194859,0.2466798521,-0.488715575,1,1,1,1,1,1,1,1,8,0.125,-0.21771383,7.533033E-17,0.866021,-0.251395434
440030,-0.243473324,0.5707605124,-0.231670805,-0.254180641,0.6784137042,-0.038194859,-1.17139474,-0.488715575,1,1,1,1,1,1,1,1,8,0.125,-0.147306966,7.533033E-17,0.866021,-0.170096216
440031,0.6671169089,0.5707605124,0.70891858,1.7914908957,0.6784137042,0.9331768019,0.7193713829,0.5293884968,1,1,1,1,1,1,1,1,8,0.125,0.8248296604,7.533033E-17,0.866021,0.9524356387
440032,,,,,,,,,0,0,0,0,0,0,0,0,0,,,7.533033E-17,0.866021,
440033,0.6671169089,0.5707605124,0.70891858,0.7686551275,-0.312251048,-0.038194859,-0.226011679,0.5293884968,1,1,1,1,1,1,1,1,8,0.125,0.3335477549,7.533033E-17,0.866021,0.3851495457
440034,-0.243473324,0.5707605124,-0.231670805,-0.254180641,-0.312251048,-0.038194859,-0.226011679,0.5293884968,1,1,1,1,1,1,1,1,8,0.125,-0.025704168,7.533033E-17,0.866021,-0.029680754
440035,-1.154063558,-1.44305488,-1.17226019,-1.277016409,-1.3029158,-1.980938182,-2.116777802,-1.506819647,1,1,1,1,1,1,1,1,8,0.125,-1.494230809,7.533033E-17,0.866021,-1.725397064
440039,0.6671169089,0.5707605124,0.70891858,0.7686551275,0.6784137042,0.9331768019,1.1920629137,-0.488715575,1,1,1,1,1,1,1,1,8,0.125,0.6287986217,7.533033E-17,0.866021,0.7260774504
440046,-0.243473324,-1.44305488,-0.231670805,-0.254180641,-1.3029158,-0.038194859,-0.226011679,1.0384405328,1,1,1,1,1,1,1,1,8,0.125,-0.337632682,7.533033E-17,0.866021,-0.389866435
440048,-1.154063558,-0.436147184,-0.231670805,-1.277016409,-1.3029158,-1.00956652,-0.226011679,-0.488715575,1,1,1,1,1,1,1,1,8,0.125,-0.765763441,7.533033E-17,0.866021,-0.88423153
440049,-0.243473324,-0.436147184,-1.17226019,-0.254180641,-1.3029158,-1.00956652,-0.226011679,0.0203364607,1,1,1,1,1,1,1,1,8,0.125,-0.57802736,7.533033E-17,0.866021,-0.667451577
440050,-1.154063558,-0.436147184,-0.231670805,-0.254180641,-0.312251048,-1.00956652,-1.17139474,-0.997767611,1,1,1,1,1,1,1,1,8,0.125,-0.695880263,7.533033E-17,0.866021,-0.803537015
440053,-0.243473324,-0.436147184,-0.231670805,-0.254180641,-0.312251048,-0.038194859,-0.226011679,-0.488715575,1,1,1,1,1,1,1,1,8,0.125,-0.278830639,7.533033E-17,0.866021,-0.321967372
440056,-1.154063558,-1.44305488,-0.231670805,-0.254180641,-0.312251048,-1.00956652,-1.17139474,-0.488715575,1,1,1,1,1,1,1,1,8,0.125,-0.758112221,7.533033E-17,0.866021,-0.875396621
440057,0.6671169089,1.5776682088,0.70891858,0.7686551275,-0.312251048,-0.038194859,-0.226011679,1.0384405328,1,1,1,1,1,1,1,1,8,0.125,0.5230427215,7.533033E-17,0.866021,0.6039604932
440058,0.6671169089,0.5707605124,0.70891858,-0.254180641,0.6784137042,-0.038194859,-0.226011679,0.5293884968,1,1,1,1,1,1,1,1,8,0.125,0.3295263779,7.533033E-17,0.866021,0.3805060382
440059,0.6671169089,-0.436147184,0.70891858,-0.254180641,-0.312251048,-0.038194859,0.2466798521,-0.488715575,1,1,1,1,1,1,1,1,8,0.125,0.0116532542,7.533033E-17,0.866021,0.0134560809
440060,,,,,,,,,0,0,0,0,0,0,0,0,0,,,7.533033E-17,0.866021,
440061,1.5777071423,1.5776682088,0.70891858,0.7686551275,-0.312251048,-0.038194859,0.7193713829,1.5474925688,1,1,1,1,1,1,1,1,8,0.125,0.8186708879,7.533033E-17,0.866021,0.945324068
440063,-1.154063558,-1.44305488,-0.231670805,-1.277016409,-1.3029158,-1.00956652,-2.116777802,-1.506819647,1,1,1,1,1,1,1,1,8,0.125,-1.255235678,7.533033E-17,0.866021,-1.449427987
440065,-0.243473324,0.5707605124,-0.231670805,-0.254180641,-0.312251048,-0.038194859,-0.69870321,0.0203364607,1,1,1,1,1,1,1,1,8,0.125,-0.148422114,7.533033E-17,0.866021,-0.171383884
440068,0.6671169089,1.5776682088,0.70891858,0.7686551275,-0.312251048,-0.038194859,-0.226011679,1.5474925688,1,1,1,1,1,1,1,1,8,0.125,0.586674226,7.533033E-17,0.866021,0.6774361641
440072,0.6671169089,0.5707605124,0.70891858,0.7686551275,-0.312251048,0.9331768019,-0.226011679,-0.488715575,1,1,1,1,1,1,1,1,8,0.125,0.3277062036,7.533033E-17,0.866021,0.3784042722
440073,0.6671169089,0.5707605124,-0.231670805,0.7686551275,0.6784137042,0.9331768019,0.7193713829,0.5293884968,1,1,1,1,1,1,1,1,8,0.125,0.5794015162,7.533033E-17,0.866021,0.6690383235
440081,0.6671169089,0.5707605124,-0.231670805,-0.254180641,0.6784137042,0.9331768019,0.7193713829,0.0203364607,1,1,1,1,1,1,1,1,8,0.125,0.3879155407,7.533033E-17,0.866021,0.4479283463
440082,-0.243473324,0.5707605124,-0.231670805,-0.254180641,-0.312251048,-0.038194859,0.7193713829,-0.488715575,1,1,1,1,1,1,1,1,8,0.125,-0.034794295,7.533033E-17,0.866021,-0.040177176
440084,-1.154063558,0.5707605124,-0.231670805,-0.254180641,-0.312251048,-1.00956652,-0.226011679,0.0203364607,1,1,1,1,1,1,1,1,8,0.125,-0.32458091,7.533033E-17,0.866021,-0.374795477
440091,-0.243473324,0.5707605124,-0.231670805,-0.254180641,-0.312251048,-0.038194859,0.7193713829,0.0203364607,1,1,1,1,1,1,1,1,8,0.125,0.0288372098,7.533033E-17,0.866021,0.0332984951
440102,1.5777071423,1.5776682088,1.6495079648,0.7686551275,0.6784137042,0.9331768019,0.7193713829,1.5474925688,1,1,1,1,1,1,1,1,8,0.125,1.1814991127,7.533033E-17,0.866021,1.3642839438
440104,-1.154063558,-0.436147184,-0.231670805,-1.277016409,-1.3029158,-1.00956652,-0.69870321,-1.506819647,1,1,1,1,1,1,1,1,8,0.125,-0.952112892,7.533033E-17,0.866021,-1.099410331
440109,-0.243473324,0.5707605124,-0.231670805,-1.277016409,-2.293580553,-1.00956652,-1.17139474,0.0203364607,1,1,1,1,1,1,1,1,8,0.125,-0.704450672,7.533033E-17,0.866021,-0.813433316
440110,-0.243473324,0.5707605124,0.70891858,-0.254180641,0.6784137042,-0.038194859,-0.226011679,-0.488715575,1,1,1,1,1,1,1,1,8,0.125,0.0884395898,7.533033E-17,0.866021,0.1021217122
440111,,,,,,,,,0,0,0,0,0,0,0,0,0,,,7.533033E-17,0.866021,
440120,-0.243473324,0.5707605124,-0.231670805,0.7686551275,-0.312251048,-0.038194859,-0.226011679,0.5293884968,1,1,1,1,1,1,1,1,8,0.125,0.1021503027,7.533033E-17,0.866021,0.1179535526
440125,-0.243473324,0.5707605124,-0.231670805,-0.254180641,-0.312251048,-0.038194859,0.2466798521,0.0203364607,1,1,1,1,1,1,1,1,8,0.125,-0.030249232,7.533033E-17,0.866021,-0.034928965
440130,0.6671169089,0.5707605124,0.70891858,-0.254180641,0.6784137042,-0.038194859,0.7193713829,1.5474925688,1,1,1,1,1,1,1,1,8,0.125,0.5749622697,7.533033E-17,0.866021,0.6639122995
440131,0.6671169089,0.5707605124,0.70891858,0.7686551275,0.6784137042,0.9331768019,0.7193713829,1.0384405328,1,1,1,1,1,1,1,1,8,0.125,0.7606066938,7.533033E-17,0.866021,0.8782770032
440132,0.6671169089,1.5776682088,-0.231670805,0.7686551275,0.6784137042,0.9331768019,0.7193713829,1.0384405328,1,1,1,1,1,1,1,1,8,0.125,0.7688964828,7.533033E-17,0.866021,0.887849271
440137,0.6671169089,0.5707605124,0.70891858,0.7686551275,0.6784137042,0.9331768019,0.2466798521,0.5293884968,1,1,1,1,1,1,1,1,8,0.125,0.637888748,7.533033E-17,0.866021,0.7365738725
44013F,-1.154063558,0.5707605124,-0.231670805,0.7686551275,-0.312251048,-0.038194859,-1.17139474,-0.997767611,1,1,1,1,1,1,1,1,8,0.125,-0.320740873,7.533033E-17,0.866021,-0.370361364
440144,-0.243473324,-1.44305488,0.70891858,-0.254180641,-1.3029158,-1.00956652,-1.17139474,0.0203364607,1,1,1,1,1,1,1,1,8,0.125,-0.586916358,7.533033E-17,0.866021,-0.677715756
440148,,,,,,,,,0,0,0,0,0,0,0,0,0,,,7.533033E-17,0.866021,
440150,-1.154063558,-1.44305488,-1.17226019,-0.254180641,-1.3029158,-1.00956652,-0.69870321,0.0203364607,1,1,1,1,1,1,1,1,8,0.125,-0.876801042,7.533033E-17,0.866021,-1.012447298
440151,0.6671169089,0.5707605124,1.6495079648,0.7686551275,0.6784137042,-0.038194859,0.7193713829,1.0384405328,1,1,1,1,1,1,1,1,8,0.125,0.7567589093,7.533033E-17,0.866021,0.8738339438
440152,-1.154063558,-0.436147184,-1.17226019,-0.254180641,-1.3029158,-1.00956652,-1.17139474,-1.506819647,1,1,1,1,1,1,1,1,8,0.125,-1.000918535,7.533033E-17,0.866021,-1.155766493
440153,-1.154063558,-0.436147184,-0.231670805,-0.254180641,-1.3029158,-1.00956652,-1.17139474,0.5293884968,1,1,1,1,1,1,1,1,8,0.125,-0.628818844,7.533033E-17,0.866021,-0.726100801
440156,-0.243473324,-0.436147184,-0.231670805,-1.277016409,-1.3029158,-1.00956652,0.2466798521,-0.488715575,1,1,1,1,1,1,1,1,8,0.125,-0.592853221,7.533033E-17,0.866021,-0.684571086
440159,,,,,,,,,0,0,0,0,0,0,0,0,0,,,7.533033E-17,0.866021,
440161,-0.243473324,0.5707605124,-0.231670805,-0.254180641,-1.3029158,-0.038194859,0.7193713829,0.0203364607,1,1,1,1,1,1,1,1,8,0.125,-0.094995884,7.533033E-17,0.866021,-0.109692304
44016F,1.5777071423,1.5776682088,1.6495079648,1.7914908957,0.6784137042,1.904548463,1.6647544446,1.5474925688,1,1,1,1,1,1,1,1,8,0.125,1.548947924,7.533033E-17,0.866021,1.7885792379
440173,-1.154063558,0.5707605124,-1.17226019,-1.277016409,-0.312251048,-0.038194859,0.2466798521,0.0203364607,1,1,1,1,1,1,1,1,8,0.125,-0.389501155,7.533033E-17,0.866021,-0.449759264
440175,0.6671169089,0.5707605124,-0.231670805,0.7686551275,0.6784137042,-0.038194859,-0.226011679,0.5293884968,1,1,1,1,1,1,1,1,8,0.125,0.3398071759,7.533033E-17,0.866021,0.3923773358
440176,-0.243473324,-0.436147184,0.70891858,-1.277016409,-1.3029158,-1.00956652,-0.226011679,0.5293884968,1,1,1,1,1,1,1,1,8,0.125,-0.40710298,7.533033E-17,0.866021,-0.470084195
44017F,,,,,,,,,0,0,0,0,0,0,0,0,0,,,7.533033E-17,0.866021,
440183,-2.064653791,-1.44305488,-2.112849574,-1.277016409,-2.293580553,-1.980938182,-2.116777802,-0.997767611,1,1,1,1,1,1,1,1,8,0.125,-1.78582985,7.533033E-17,0.866021,-2.062108185
440184,0.6671169089,0.5707605124,0.70891858,0.7686551275,0.6784137042,0.9331768019,0.7193713829,0.0203364607,1,1,1,1,1,1,1,1,8,0.125,0.6333436848,7.533033E-17,0.866021,0.7313256615
440185,-1.154063558,-1.44305488,-1.17226019,-1.277016409,-1.3029158,-1.00956652,-1.17139474,-0.997767611,1,1,1,1,1,1,1,1,8,0.125,-1.191004964,7.533033E-17,0.866021,-1.375260406
440187,0.6671169089,0.5707605124,0.70891858,-0.254180641,-0.312251048,-0.038194859,0.2466798521,1.0384405328,1,1,1,1,1,1,1,1,8,0.125,0.3284112298,7.533033E-17,0.866021,0.37921837
44018F,-0.243473324,0.5707605124,-0.231670805,0.7686551275,0.6784137042,0.9331768019,0.7193713829,-0.488715575,1,1,1,1,1,1,1,1,8,0.125,0.338314728,7.533033E-17,0.866021,0.3906539975
440192,0.6671169089,0.5707605124,0.70891858,0.7686551275,-0.312251048,0.9331768019,1.1920629137,2.0565446049,1,1,1,1,1,1,1,1,8,0.125,0.8231230502,7.533033E-17,0.866021,0.9504650059
440193,-0.243473324,-0.436147184,-0.231670805,-0.254180641,-0.312251048,-1.00956652,-0.226011679,0.0203364607,1,1,1,1,1,1,1,1,8,0.125,-0.336620593,7.533033E-17,0.866021,-0.388697769
440194,-0.243473324,-0.436147184,-1.17226019,-0.254180641,-1.3029158,-0.038194859,-0.226011679,0.0203364607,1,1,1,1,1,1,1,1,8,0.125,-0.456605902,7.533033E-17,0.866021,-0.527245509
440197,-1.154063558,-0.436147184,-0.231670805,-1.277016409,-1.3029158,-0.038194859,-0.226011679,0.5293884968,1,1,1,1,1,1,1,1,8,0.125,-0.517078975,7.533033E-17,0.866021,-0.59707412
440200,,,,,,,,,0,0,0,0,0,0,0,0,0,,,7.533033E-17,0.866021,
440218,1.5777071423,1.5776682088,1.6495079648,1.7914908957,1.6690784566,1.904548463,1.6647544446,1.0384405328,1,1,1,1,1,1,1,1,8,0.125,1.6091495136,7.533033E-17,0.866021,1.8580943658
440227,-0.243473324,0.5707605124,-0.231670805,-1.277016409,-1.3029158,-1.00956652,-0.226011679,0.5293884968,1,1,1,1,1,1,1,1,8,0.125,-0.398813191,7.533033E-17,0.866021,-0.460511927
440228,-2.064653791,-2.449962577,-2.112849574,-2.299852177,-2.293580553,-1.980938182,-2.116777802,-1.506819647,1,1,1,1,1,1,1,1,8,0.125,-2.103179288,7.533033E-17,0.866021,-2.428553439
440231,,,,,,,,,0,0,0,0,0,0,0,0,0,,,7.533033E-17,0.866021,
441300,,,,,,,,,0,0,0,0,0,0,0,0,0,,,7.533033E-17,0.866021,
441301,,,,,,,,,0,0,0,0,0,0,0,0,0,,,7.533033E-17,0.866021,
441303,,,,,,,,,0,0,0,0,0,0,0,0,0,,,7.533033E-17,0.866021,
441304,,,,,,,,,0,0,0,0,0,0,0,0,0,,,7.533033E-17,0.866021,
441305,1.5777071423,0.5707605124,1.6495079648,0.7686551275,0.6784137042,0.9331768019,1.1920629137,1.5474925688,1,1,1,1,1,1,1,1,8,0.125,1.114722092,7.533033E-17,0.866021,1.2871761269
441306,,,,,,,,,0,0,0,0,0,0,0,0,0,,,7.533033E-17,0.866021,
441307,1.5777071423,1.5776682088,1.6495079648,0.7686551275,0.6784137042,0.9331768019,0.7193713829,1.0384405328,1,1,1,1,1,1,1,1,8,0.125,1.1178676081,7.533033E-17,0.866021,1.2908082729
441309,,,,,,,,,0,0,0,0,0,0,0,0,0,,,7.533033E-17,0.866021,
441310,,,,,,,,,0,0,0,0,0,0,0,0,0,,,7.533033E-17,0.866021,
441313,,,,,,,,,0,0,0,0,0,0,0,0,0,,,7.533033E-17,0.866021,
441314,,,,,,,,,0,0,0,0,0,0,0,0,0,,,7.533033E-17,0.866021,
441316,,,,,,,,,0,0,0,0,0,0,0,0,0,,,7.533033E-17,0.866021,
441320,,,,,,,,,0,0,0,0,0,0,0,0,0,,,7.533033E-17,0.866021,
441322,,,,,,,,,0,0,0,0,0,0,0,0,0,,,7.533033E-17,0.866021,
441323,,,,,,,,,0,0,0,0,0,0,0,0,0,,,7.533033E-17,0.866021,
450002,-2.064653791,-1.44305488,-2.112849574,-1.277016409,-1.3029158,-1.00956652,-2.116777802,-1.506819647,1,1,1,1,1,1,1,1,8,0.125,-1.604206803,7.533033E-17,0.866021,-1.852386989
450007,1.5777071423,0.5707605124,0.70891858,0.7686551275,1.6690784566,0.9331768019,0.7193713829,1.5474925688,1,1,1,1,1,1,1,1,8,0.125,1.0618950715,7.533033E-17,0.866021,1.2261764571
450010,-0.243473324,-0.436147184,0.70891858,-0.254180641,-0.312251048,-0.038194859,0.7193713829,0.5293884968,1,1,1,1,1,1,1,1,8,0.125,0.0841789254,7.533033E-17,0.866021,0.0972018981
450011,-0.243473324,0.5707605124,-0.231670805,-0.254180641,-1.3029158,-1.00956652,-0.69870321,-0.488715575,1,1,1,1,1,1,1,1,8,0.125,-0.45730817,7.533033E-17,0.866021,-0.528056422
450015,-1.154063558,-0.436147184,-1.17226019,-1.277016409,-0.312251048,-0.038194859,-0.226011679,0.5293884968,1,1,1,1,1,1,1,1,8,0.125,-0.510819554,7.533033E-17,0.866021,-0.58984633
450018,-0.243473324,-0.436147184,-0.231670805,0.7686551275,-0.312251048,-0.038194859,0.7193713829,1.0384405328,1,1,1,1,1,1,1,1,8,0.125,0.1580912278,7.533033E-17,0.866021,0.1825488665
450021,-0.243473324,0.5707605124,-0.231670805,-0.254180641,0.6784137042,0.9331768019,0.2466798521,-0.488715575,1,1,1,1,1,1,1,1,8,0.125,0.1513738157,7.533033E-17,0.866021,0.1747922313
450023,0.6671169089,0.5707605124,-0.231670805,-0.254180641,-0.312251048,-0.038194859,0.7193713829,0.5293884968,1,1,1,1,1,1,1,1,8,0.125,0.2062924935,7.533033E-17,0.866021,0.2382071502
450024,-1.154063558,-0.436147184,-0.231670805,-0.254180641,-1.3029158,-1.00956652,-0.226011679,0.0203364607,1,1,1,1,1,1,1,1,8,0.125,-0.574277466,7.533033E-17,0.866021,-0.663121552
450028,-1.154063558,-1.44305488,-2.112849574,-1.277016409,-1.3029158,-1.00956652,-1.17139474,-0.488715575,1,1,1,1,1,1,1,1,8,0.125,-1.244947132,7.533033E-17,0.866021,-1.437547744
450029,-1.154063558,-0.436147184,-1.17226019,-0.254180641,-1.3029158,-1.00956652,-1.17139474,0.0203364607,1,1,1,1,1,1,1,1,8,0.125,-0.810024022,7.533033E-17,0.866021,-0.935339481
450032,-0.243473324,-0.436147184,-0.231670805,-0.254180641,-0.312251048,-1.00956652,-0.226011679,0.0203364607,1,1,1,1,1,1,1,1,8,0.125,-0.336620593,7.533033E-17,0.866021,-0.388697769
450033,-1.154063558,-1.44305488,-1.17226019,-1.277016409,-2.293580553,-1.00956652,-1.17139474,-0.997767611,1,1,1,1,1,1,1,1,8,0.125,-1.314838058,7.533033E-17,0.866021,-1.518251204
450034,-0.243473324,0.5707605124,-0.231670805,-0.254180641,-0.312251048,-0.038194859,-0.226011679,-0.488715575,1,1,1,1,1,1,1,1,8,0.125,-0.152967177,7.533033E-17,0.866021,-0.176632095
450035,-1.154063558,-0.436147184,-1.17226019,-1.277016409,-1.3029158,-1.00956652,-1.644086271,0.0203364607,1,1,1,1,1,1,1,1,8,0.125,-0.996964934,7.533033E-17,0.866021,-1.151201247
450039,-1.154063558,-0.436147184,-0.231670805,-0.254180641,-0.312251048,-1.00956652,-0.226011679,-0.997767611,1,1,1,1,1,1,1,1,8,0.125,-0.577707381,7.533033E-17,0.866021,-0.667082095
450040,-1.154063558,-0.436147184,-0.231670805,-0.254180641,-1.3029158,-1.00956652,-0.226011679,-0.997767611,1,1,1,1,1,1,1,1,8,0.125,-0.701540475,7.533033E-17,0.866021,-0.810072894
450042,-0.243473324,0.5707605124,-0.231670805,0.7686551275,0.6784137042,0.9331768019,0.7193713829,0.0203364607,1,1,1,1,1,1,1,1,8,0.125,0.4019462326,7.533033E-17,0.866021,0.4641296684
450044,0.6671169089,0.5707605124,0.70891858,0.7686551275,0.6784137042,0.9331768019,1.6647544446,1.0384405328,1,1,1,1,1,1,1,1,8,0.125,0.8787795765,7.533033E-17,0.866021,1.0147319228
450046,-1.154063558,-0.436147184,-0.231670805,-0.254180641,-0.312251048,-0.038194859,-0.226011679,0.0203364607,1,1,1,1,1,1,1,1,8,0.125,-0.329022914,7.533033E-17,0.866021,-0.379924686
450051,0.6671169089,0.5707605124,-0.231670805,0.7686551275,-0.312251048,-0.038194859,0.7193713829,1.0384405328,1,1,1,1,1,1,1,1,8,0.125,0.397778469,7.533033E-17,0.866021,0.4593171274
450054,-0.243473324,0.5707605124,-0.231670805,0.7686551275,0.6784137042,-0.038194859,0.7193713829,-0.488715575,1,1,1,1,1,1,1,1,8,0.125,0.2168932704,7.533033E-17,0.866021,0.2504479294
450055,,,,,,,,,0,0,0,0,0,0,0,0,0,,,7.533033E-17,0.866021,
450056,-1.154063558,-0.436147184,-1.17226019,-0.254180641,-0.312251048,-1.00956652,-0.69870321,-0.997767611,1,1,1,1,1,1,1,1,8,0.125,-0.754367495,7.533033E-17,0.866021,-0.871072564
450058,-1.154063558,-1.44305488,-0.231670805,-1.277016409,-1.3029158,-1.00956652,-1.17139474,-0.997767611,1,1,1,1,1,1,1,1,8,0.125,-1.073431291,7.533033E-17,0.866021,-1.239497397
450064,-1.154063558,-1.44305488,-0.231670805,-1.277016409,-0.312251048,-1.00956652,-0.226011679,1.0384405328,1,1,1,1,1,1,1,1,8,0.125,-0.576899296,7.533033E-17,0.866021,-0.666148995
450068,-0.243473324,-0.436147184,-0.231670805,-0.254180641,-0.312251048,-0.038194859,-0.226011679,0.0203364607,1,1,1,1,1,1,1,1,8,0.125,-0.215199135,7.533033E-17,0.866021,-0.248491701
450072,-0.243473324,0.5707605124,-0.231670805,0.7686551275,-0.312251048,-0.038194859,-0.226011679,0.0203364607,1,1,1,1,1,1,1,1,8,0.125,0.0385187982,7.533033E-17,0.866021,0.0444778818
450079,-0.243473324,-0.436147184,-0.231670805,0.7686551275,0.6784137042,0.9331768019,0.7193713829,0.5293884968,1,1,1,1,1,1,1,1,8,0.125,0.339714275,7.533033E-17,0.866021,0.3922700626
450080,0.6671169089,-0.436147184,0.70891858,-0.254180641,-0.312251048,-0.038194859,-0.226011679,1.0384405328,1,1,1,1,1,1,1,1,8,0.125,0.1434613264,7.533033E-17,0.866021,0.1656556336
450082,0.6671169089,-0.436147184,-0.231670805,0.7686551275,-0.312251048,-1.00956652,0.7193713829,0.5293884968,1,1,1,1,1,1,1,1,8,0.125,0.0868620448,7.533033E-17,0.866021,0.1003001118
450083,-1.154063558,-0.436147184,-1.17226019,-1.277016409,-1.3029158,-1.00956652,-1.17139474,-1.506819647,1,1,1,1,1,1,1,1,8,0.125,-1.128773006,7.533033E-17,0.866021,-1.3034008
450087,-1.154063558,-1.44305488,-0.231670805,-1.277016409,-1.3029158,-1.00956652,-0.69870321,0.5293884968,1,1,1,1,1,1,1,1,8,0.125,-0.823450336,7.533033E-17,0.866021,-0.950842924
450090,1.5777071423,0.5707605124,0.70891858,0.7686551275,0.6784137042,0.9331768019,0.7193713829,1.0384405328,1,1,1,1,1,1,1,1,8,0.125,0.874430473,7.533033E-17,0.866021,1.0097099875
450092,-2.064653791,-2.449962577,-1.17226019,0.7686551275,-1.3029158,-1.00956652,-1.17139474,0.0203364607,1,1,1,1,1,1,1,1,8,0.125,-1.047720254,7.533033E-17,0.866021,-1.209808712
450097,-1.154063558,-1.44305488,-1.17226019,-1.277016409,-1.3029158,-1.00956652,-1.17139474,0.0203364607,1,1,1,1,1,1,1,1,8,0.125,-1.063741955,7.533033E-17,0.866021,-1.228309064
450101,0.6671169089,0.5707605124,0.70891858,0.7686551275,0.6784137042,0.9331768019,1.1920629137,1.0384405328,1,1,1,1,1,1,1,1,8,0.125,0.8196931352,7.533033E-17,0.866021,0.946504463
450102,0.6671169089,-0.436147184,-1.17226019,-0.254180641,-0.312251048,0.9331768019,0.7193713829,0.0203364607,1,1,1,1,1,1,1,1,8,0.125,0.0206453115,7.533033E-17,0.866021,0.0238392621
450104,0.6671169089,1.5776682088,0.70891858,1.7914908957,0.6784137042,0.9331768019,1.1920629137,2.0565446049,1,1,1,1,1,1,1,1,8,0.125,1.2006740773,7.533033E-17,0.866021,1.3864253877
450107,-1.154063558,-1.44305488,-0.231670805,-1.277016409,-1.3029158,-1.00956652,-1.17139474,-0.488715575,1,1,1,1,1,1,1,1,8,0.125,-1.009799786,7.533033E-17,0.866021,-1.166021726
450108,,,,,,,,,0,0,0,0,0,0,0,0,0,,,7.533033E-17,0.866021,
450119,-1.154063558,-1.44305488,-1.17226019,-1.277016409,-1.3029158,-1.00956652,-1.17139474,0.0203364607,1,1,1,1,1,1,1,1,8,0.125,-1.063741955,7.533033E-17,0.866021,-1.228309064
450124,-0.243473324,0.5707605124,-0.231670805,0.7686551275,-0.312251048,-0.038194859,0.7193713829,1.0384405328,1,1,1,1,1,1,1,1,8,0.125,0.2839546899,7.533033E-17,0.866021,0.3278841431
450128,-1.154063558,0.5707605124,-1.17226019,0.7686551275,-1.3029158,-1.980938182,-1.17139474,-0.488715575,1,1,1,1,1,1,1,1,8,0.125,-0.741359051,7.533033E-17,0.866021,-0.856051637
450132,-0.243473324,-0.436147184,-0.231670805,-0.254180641,-0.312251048,-1.00956652,-0.226011679,0.0203364607,1,1,1,1,1,1,1,1,8,0.125,-0.336620593,7.533033E-17,0.866021,-0.388697769
450133,-1.154063558,-0.436147184,-1.17226019,-0.254180641,-0.312251048,-1.00956652,-0.226011679,-0.997767611,1,1,1,1,1,1,1,1,8,0.125,-0.695281054,7.533033E-17,0.866021,-0.802845104
450135,-0.243473324,-1.44305488,-0.231670805,-0.254180641,0.6784137042,-0.038194859,0.2466798521,-0.488715575,1,1,1,1,1,1,1,1,8,0.125,-0.221774566,7.533033E-17,0.866021,-0.25608439
450137,-0.243473324,0.5707605124,-0.231670805,-0.254180641,0.6784137042,0.9331768019,0.7193713829,-0.488715575,1,1,1,1,1,1,1,1,8,0.125,0.210460257,7.533033E-17,0.866021,0.2430196912
450143,,,,,,,,,0,0,0,0,0,0,0,0,0,,,7.533033E-17,0.866021,
450144,1.5777071423,0.5707605124,1.6495079648,1.7914908957,1.6690784566,-0.038194859,1.1920629137,1.0384405328,1,1,1,1,1,1,1,1,8,0.125,1.1813566949,7.533033E-17,0.866021,1.3641194931
450147,0.6671169089,0.5707605124,-0.231670805,0.7686551275,0.6784137042,-0.038194859,0.7193713829,0.5293884968,1,1,1,1,1,1,1,1,8,0.125,0.4579800586,7.533033E-17,0.866021,0.5288322554
450148,0.6671169089,-0.436147184,0.70891858,-0.254180641,0.6784137042,-0.038194859,-0.226011679,0.5293884968,1,1,1,1,1,1,1,1,8,0.125,0.2036629159,7.533033E-17,0.866021,0.2351707616
450152,-1.154063558,0.5707605124,-0.231670805,0.7686551275,-0.312251048,-0.038194859,-0.69870321,0.5293884968,1,1,1,1,1,1,1,1,8,0.125,-0.070759918,7.533033E-17,0.866021,-0.081706891
450154,-1.154063558,-0.436147184,-0.231670805,-0.254180641,-1.3029158,-1.00956652,-1.17139474,0.0203364607,1,1,1,1,1,1,1,1,8,0.125,-0.692450348,7.533033E-17,0.866021,-0.799576472
450155,,,,,,,,,0,0,0,0,0,0,0,0,0,,,7.533033E-17,0.866021,
450162,,,,,,,,,0,0,0,0,0,0,0,0,0,,,7.533033E-17,0.866021,
450163,-1.154063558,-0.436147184,-0.231670805,-0.254180641,-1.3029158,-1.00956652,-1.644086271,0.5293884968,1,1,1,1,1,1,1,1,8,0.125,-0.687905285,7.533033E-17,0.866021,-0.794328261
450165,0.6671169089,0.5707605124,0.70891858,0.7686551275,0.6784137042,0.9331768019,0.7193713829,2.0565446049,1,1,1,1,1,1,1,1,8,0.125,0.8878697028,7.533033E-17,0.866021,1.0252283449
450176,-0.243473324,0.5707605124,0.70891858,0.7686551275,-0.312251048,-1.00956652,0.2466798521,0.5293884968,1,1,1,1,1,1,1,1,8,0.125,0.1573889595,7.533033E-17,0.866021,0.1817379531
450184,-1.154063558,-0.436147184,-0.231670805,-0.254180641,-1.3029158,-0.038194859,-0.226011679,0.0203364607,1,1,1,1,1,1,1,1,8,0.125,-0.452856008,7.533033E-17,0.866021,-0.522915484
450193,-1.154063558,0.5707605124,-1.17226019,-1.277016409,-0.312251048,-0.038194859,-0.226011679,-0.488715575,1,1,1,1,1,1,1,1,8,0.125,-0.512219101,7.533033E-17,0.866021,-0.591462395
450194,-0.243473324,1.5776682088,-0.231670805,0.7686551275,-1.3029158,0.9331768019,0.7193713829,0.5293884968,1,1,1,1,1,1,1,1,8,0.125,0.343775011,7.533033E-17,0.866021,0.3969590182
450196,-0.243473324,-1.44305488,-0.231670805,-1.277016409,-1.3029158,-1.00956652,-1.17139474,-0.488715575,1,1,1,1,1,1,1,1,8,0.125,-0.895976007,7.533033E-17,0.866021,-1.034588742
450200,-0.243473324,0.5707605124,-0.231670805,-0.254180641,-0.312251048,-0.038194859,-0.226011679,0.0203364607,1,1,1,1,1,1,1,1,8,0.125,-0.089335673,7.533033E-17,0.866021,-0.103156425
450203,-1.154063558,-1.44305488,-0.231670805,-1.277016409,-1.3029158,-1.00956652,-1.17139474,-0.488715575,1,1,1,1,1,1,1,1,8,0.125,-1.009799786,7.533033E-17,0.866021,-1.166021726
450209,-1.154063558,-1.44305488,-0.231670805,-1.277016409,-1.3029158,-1.00956652,-0.69870321,-1.506819647,1,1,1,1,1,1,1,1,8,0.125,-1.077976354,7.533033E-17,0.866021,-1.244745608
450210,,,,,,,,,0,0,0,0,0,0,0,0,0,,,7.533033E-17,0.866021,
450211,-0.243473324,0.5707605124,-0.231670805,-0.254180641,-0.312251048,-0.038194859,-0.226011679,0.5293884968,1,1,1,1,1,1,1,1,8,0.125,-0.025704168,7.533033E-17,0.866021,-0.029680754
450213,-0.243473324,-0.436147184,-0.231670805,-0.254180641,-0.312251048,-1.00956652,0.7193713829,0.0203364607,1,1,1,1,1,1,1,1,8,0.125,-0.21844771,7.533033E-17,0.866021,-0.25224285
450222,-1.154063558,-1.44305488,-1.17226019,-1.277016409,-1.3029158,-1.00956652,-1.17139474,-0.488715575,1,1,1,1,1,1,1,1,8,0.125,-1.127373459,7.533033E-17,0.866021,-1.301784735
450229,-0.243473324,-0.436147184,-0.231670805,-0.254180641,0.6784137042,-0.038194859,-0.226011679,0.0203364607,1,1,1,1,1,1,1,1,8,0.125,-0.091366041,7.533033E-17,0.866021,-0.105500902
450231,-0.243473324,-0.436147184,-0.231670805,-0.254180641,-0.312251048,-0.038194859,0.7193713829,0.0203364607,1,1,1,1,1,1,1,1,8,0.125,-0.097026252,7.533033E-17,0.866021,-0.112036782
450235,,,,,,,,,0,0,0,0,0,0,0,0,0,,,7.533033E-17,0.866021,
450236,1.5777071423,0.5707605124,1.6495079648,0.7686551275,0.6784137042,0.9331768019,0.7193713829,1.0384405328,1,1,1,1,1,1,1,1,8,0.125,0.9920041461,7.533033E-17,0.866021,1.1454729963
450237,-0.243473324,-0.436147184,-0.231670805,-0.254180641,-0.312251048,-0.038194859,-0.226011679,1.0384405328,1,1,1,1,1,1,1,1,8,0.125,-0.087936126,7.533033E-17,0.866021,-0.10154036
450241,,,,,,,,,0,0,0,0,0,0,0,0,0,,,7.533033E-17,0.866021,
450253,,,,,,,,,0,0,0,0,0,0,0,0,0,,,7.533033E-17,0.866021,
450272,0.6671169089,0.5707605124,-0.231670805,0.7686551275,-0.312251048,-0.038194859,0.7193713829,0.5293884968,1,1,1,1,1,1,1,1,8,0.125,0.3341469645,7.533033E-17,0.866021,0.3858414566
450289,-1.154063558,0.5707605124,-0.231670805,-0.254180641,-0.312251048,-0.038194859,-0.226011679,-0.488715575,1,1,1,1,1,1,1,1,8,0.125,-0.266790957,7.533033E-17,0.866021,-0.30806508
450292,1.5777071423,1.5776682088,1.6495079648,0.7686551275,1.6690784566,0.9331768019,0.7193713829,2.0565446049,1,1,1,1,1,1,1,1,8,0.125,1.3689637112,7.533033E-17,0.866021,1.5807504134
450324,-0.243473324,-0.436147184,-1.17226019,-0.254180641,-1.3029158,-1.00956652,-0.226011679,-0.488715575,1,1,1,1,1,1,1,1,8,0.125,-0.641658864,7.533033E-17,0.866021,-0.740927248
450330,-2.064653791,-1.44305488,-1.17226019,-1.277016409,-1.3029158,-1.980938182,-2.116777802,-0.488715575,1,1,1,1,1,1,1,1,8,0.125,-1.480791579,7.533033E-17,0.866021,-1.709878707
450346,-0.243473324,-1.44305488,-1.17226019,-1.277016409,-1.3029158,-1.00956652,0.2466798521,-0.488715575,1,1,1,1,1,1,1,1,8,0.125,-0.836290356,7.533033E-17,0.866021,-0.965669371
450347,-1.154063558,-0.436147184,-0.231670805,0.7686551275,-0.312251048,-1.00956652,-1.17139474,0.0203364607,1,1,1,1,1,1,1,1,8,0.125,-0.440762783,7.533033E-17,0.866021,-0.508951367
450351,1.5777071423,-0.436147184,1.6495079648,0.7686551275,0.6784137042,0.9331768019,0.7193713829,2.0565446049,1,1,1,1,1,1,1,1,8,0.125,0.9934036931,7.533033E-17,0.866021,1.1470890613
450352,-0.243473324,-0.436147184,0.70891858,0.7686551275,-0.312251048,-0.038194859,-0.226011679,0.5293884968,1,1,1,1,1,1,1,1,8,0.125,0.0938605137,7.533033E-17,0.866021,0.1083812848
450358,-0.243473324,0.5707605124,-0.231670805,-0.254180641,-0.312251048,0.9331768019,1.1920629137,0.5293884968,1,1,1,1,1,1,1,1,8,0.125,0.2729766133,7.533033E-17,0.866021,0.3152076939
450369,,,,,,,,,0,0,0,0,0,0,0,0,0,,,7.533033E-17,0.866021,
450370,0.6671169089,0.5707605124,-0.231670805,0.7686551275,0.6784137042,-0.038194859,0.7193713829,0.0203364607,1,1,1,1,1,1,1,1,8,0.125,0.3943485541,7.533033E-17,0.866021,0.4553565845
450372,-0.243473324,0.5707605124,-0.231670805,0.7686551275,0.6784137042,0.9331768019,0.7193713829,2.0565446049,1,1,1,1,1,1,1,1,8,0.125,0.6564722506,7.533033E-17,0.866021,0.7580323518
450379,-2.064653791,-2.449962577,-1.17226019,-1.277016409,-2.293580553,-1.980938182,-2.116777802,-0.488715575,1,1,1,1,1,1,1,1,8,0.125,-1.730488135,7.533033E-17,0.866021,-1.998204782
450388,-1.154063558,-0.436147184,-0.231670805,-0.254180641,-1.3029158,-0.038194859,-0.226011679,0.0203364607,1,1,1,1,1,1,1,1,8,0.125,-0.452856008,7.533033E-17,0.866021,-0.522915484
450389,0.6671169089,0.5707605124,0.70891858,0.7686551275,0.6784137042,-0.038194859,-0.226011679,0.0203364607,1,1,1,1,1,1,1,1,8,0.125,0.3937493445,7.533033E-17,0.866021,0.4546646737
450395,0.6671169089,0.5707605124,1.6495079648,0.7686551275,-1.3029158,-1.00956652,-1.17139474,0.5293884968,1,1,1,1,1,1,1,1,8,0.125,0.0876939936,7.533033E-17,0.866021,0.1012607679
450399,,,,,,,,,0,0,0,0,0,0,0,0,0,,,7.533033E-17,0.866021,
450400,,,,,,,,,0,0,0,0,0,0,0,0,0,,,7.533033E-17,0.866021,
450403,-0.243473324,0.5707605124,-0.231670805,0.7686551275,-0.312251048,-0.038194859,-0.226011679,1.0384405328,1,1,1,1,1,1,1,1,8,0.125,0.1657818072,7.533033E-17,0.866021,0.1914292235
450411,,,,,,,,,0,0,0,0,0,0,0,0,0,,,7.533033E-17,0.866021,
450419,-1.154063558,-0.436147184,-0.231670805,-1.277016409,0.6784137042,-1.00956652,-0.69870321,0.0203364607,1,1,1,1,1,1,1,1,8,0.125,-0.51355219,7.533033E-17,0.866021,-0.593001721
450422,,,,,,,,,0,0,0,0,0,0,0,0,0,,,7.533033E-17,0.866021,
450424,0.6671169089,0.5707605124,0.70891858,0.7686551275,0.6784137042,0.9331768019,0.7193713829,1.0384405328,1,1,1,1,1,1,1,1,8,0.125,0.7606066938,7.533033E-17,0.866021,0.8782770032
450431,0.6671169089,0.5707605124,-0.231670805,-0.254180641,-0.312251048,0.9331768019,0.7193713829,1.0384405328,1,1,1,1,1,1,1,1,8,0.125,0.3913454557,7.533033E-17,0.866021,0.4518888892
450447,-1.154063558,-1.44305488,-0.231670805,0.7686551275,-1.3029158,-1.980938182,-2.116777802,-0.488715575,1,1,1,1,1,1,1,1,8,0.125,-0.993685184,7.533033E-17,0.866021,-1.147414101
450451,,,,,,,,,0,0,0,0,0,0,0,0,0,,,7.533033E-17,0.866021,
450460,,,,,,,,,0,0,0,0,0,0,0,0,0,,,7.533033E-17,0.866021,
450462,-1.154063558,-0.436147184,-0.231670805,-1.277016409,-0.312251048,-1.00956652,-0.226011679,0.0203364607,1,1,1,1,1,1,1,1,8,0.125,-0.578298843,7.533033E-17,0.866021,-0.66776506
450465,0.6671169089,0.5707605124,-0.231670805,1.7914908957,-1.3029158,0.9331768019,0.2466798521,1.5474925688,1,1,1,1,1,1,1,1,8,0.125,0.5277663668,7.533033E-17,0.866021,0.6094149142
450469,,,,,,,,,0,0,0,0,0,0,0,0,0,,,7.533033E-17,0.866021,
450475,,,,,,,,,0,0,0,0,0,0,0,0,0,,,7.533033E-17,0.866021,
450484,-0.243473324,-0.436147184,-0.231670805,-0.254180641,-0.312251048,-1.00956652,0.2466798521,-0.488715575,1,1,1,1,1,1,1,1,8,0.125,-0.341165656,7.533033E-17,0.866021,-0.39394598
450489,,,,,,,,,0,0,0,0,0,0,0,0,0,,,7.533033E-17,0.866021,
450498,,,,,,,,,0,0,0,0,0,0,0,0,0,,,7.533033E-17,0.866021,
450508,-1.154063558,-1.44305488,-0.231670805,-1.277016409,-2.293580553,-1.980938182,-1.17139474,-0.997767611,1,1,1,1,1,1,1,1,8,0.125,-1.318685842,7.533033E-17,0.866021,-1.522694264
450518,-1.154063558,-1.44305488,-2.112849574,0.7686551275,-1.3029158,-1.980938182,-2.116777802,0.0203364607,1,1,1,1,1,1,1,1,8,0.125,-1.165201026,7.533033E-17,0.866021,-1.345464448
450537,-0.243473324,0.5707605124,-0.231670805,-0.254180641,-0.312251048,0.9331768019,0.7193713829,1.0384405328,1,1,1,1,1,1,1,1,8,0.125,0.2775216765,7.533033E-17,0.866021,0.3204559049
450539,-0.243473324,0.5707605124,1.6495079648,0.7686551275,-1.3029158,-0.038194859,-0.69870321,0.5293884968,1,1,1,1,1,1,1,1,8,0.125,0.1543781135,7.533033E-17,0.866021,0.1782613116
450563,0.6671169089,0.5707605124,-0.231670805,0.7686551275,0.6784137042,0.9331768019,1.1920629137,0.5293884968,1,1,1,1,1,1,1,1,8,0.125,0.6384879576,7.533033E-17,0.866021,0.7372657833
450565,1.5777071423,0.5707605124,0.70891858,0.7686551275,0.6784137042,0.9331768019,0.7193713829,1.5474925688,1,1,1,1,1,1,1,1,8,0.125,0.9380619775,7.533033E-17,0.866021,1.0831856583
450571,-0.243473324,0.5707605124,0.70891858,-0.254180641,-0.312251048,-0.038194859,-0.226011679,0.0203364607,1,1,1,1,1,1,1,1,8,0.125,0.0282380002,7.533033E-17,0.866021,0.0326065842
450573,,,,,,,,,0,0,0,0,0,0,0,0,0,,,7.533033E-17,0.866021,
450584,,,,,,,,,0,0,0,0,0,0,0,0,0,,,7.533033E-17,0.866021,
450587,-1.154063558,-0.436147184,-0.231670805,-1.277016409,-0.312251048,-1.00956652,-1.17139474,-0.488715575,1,1,1,1,1,1,1,1,8,0.125,-0.76010323,7.533033E-17,0.866021,-0.877695651
450596,-0.243473324,-1.44305488,-0.231670805,-0.254180641,-1.3029158,-1.00956652,-1.17139474,0.0203364607,1,1,1,1,1,1,1,1,8,0.125,-0.704490031,7.533033E-17,0.866021,-0.813478764
450597,,,,,,,,,0,0,0,0,0,0,0,0,0,,,7.533033E-17,0.866021,
450604,0.6671169089,0.5707605124,0.70891858,0.7686551275,1.6690784566,1.904548463,0.7193713829,0.0203364607,1,1,1,1,1,1,1,1,8,0.125,0.8785982365,7.533033E-17,0.866021,1.0145225284
45060F,1.5777071423,0.5707605124,1.6495079648,1.7914908957,0.6784137042,0.9331768019,1.1920629137,1.0384405328,1,1,1,1,1,1,1,1,8,0.125,1.1789450585,7.533033E-17,0.866021,1.3613347624
450610,-1.154063558,-1.44305488,-0.231670805,-0.254180641,-1.3029158,-0.038194859,-0.226011679,0.0203364607,1,1,1,1,1,1,1,1,8,0.125,-0.57871947,7.533033E-17,0.866021,-0.668250761
450617,-1.154063558,-1.44305488,-1.17226019,-1.277016409,-1.3029158,-1.00956652,-1.17139474,0.5293884968,1,1,1,1,1,1,1,1,8,0.125,-1.00011045,7.533033E-17,0.866021,-1.154833393
450634,-0.243473324,-0.436147184,-0.231670805,0.7686551275,-0.312251048,-0.038194859,0.7193713829,1.0384405328,1,1,1,1,1,1,1,1,8,0.125,0.1580912278,7.533033E-17,0.866021,0.1825488665
450638,-1.154063558,-1.44305488,-1.17226019,-1.277016409,-2.293580553,-1.00956652,-1.17139474,-0.997767611,1,1,1,1,1,1,1,1,8,0.125,-1.314838058,7.533033E-17,0.866021,-1.518251204
450639,-1.154063558,-0.436147184,-0.231670805,-1.277016409,0.6784137042,-0.038194859,-0.226011679,-0.488715575,1,1,1,1,1,1,1,1,8,0.125,-0.396675796,7.533033E-17,0.866021,-0.458043864
450641,,,,,,,,,0,0,0,0,0,0,0,0,0,,,7.533033E-17,0.866021,
450643,-1.154063558,-1.44305488,-1.17226019,-1.277016409,-1.3029158,-1.00956652,-1.17139474,-0.488715575,1,1,1,1,1,1,1,1,8,0.125,-1.127373459,7.533033E-17,0.866021,-1.301784735
450644,-2.064653791,-1.44305488,-1.17226019,-2.299852177,-1.3029158,-1.00956652,-1.644086271,0.0203364607,1,1,1,1,1,1,1,1,8,0.125,-1.364506646,7.533033E-17,0.866021,-1.575603814
450647,-1.154063558,-1.44305488,-0.231670805,-0.254180641,-1.3029158,-0.038194859,0.2466798521,0.5293884968,1,1,1,1,1,1,1,1,8,0.125,-0.456001524,7.533033E-17,0.866021,-0.52654763
450651,-1.154063558,-1.44305488,-0.231670805,-1.277016409,-1.3029158,-1.00956652,-0.226011679,0.5293884968,1,1,1,1,1,1,1,1,8,0.125,-0.764363894,7.533033E-17,0.866021,-0.882615465
450653,,,,,,,,,0,0,0,0,0,0,0,0,0,,,7.533033E-17,0.866021,
450654,,,,,,,,,0,0,0,0,0,0,0,0,0,,,7.533033E-17,0.866021,
450656,0.6671169089,-0.436147184,-0.231670805,-0.254180641,-0.312251048,-0.038194859,-0.226011679,-0.488715575,1,1,1,1,1,1,1,1,8,0.125,-0.16500686,7.533033E-17,0.866021,-0.190534388
450658,,,,,,,,,0,0,0,0,0,0,0,0,0,,,7.533033E-17,0.866021,
450659,-1.154063558,-0.436147184,-0.231670805,-0.254180641,-1.3029158,-1.00956652,-0.69870321,0.5293884968,1,1,1,1,1,1,1,1,8,0.125,-0.569732403,7.533033E-17,0.866021,-0.657873341
450661,-1.154063558,-1.44305488,-1.17226019,0.7686551275,-0.312251048,-1.00956652,-0.69870321,-0.488715575,1,1,1,1,1,1,1,1,8,0.125,-0.688744982,7.533033E-17,0.866021,-0.795297863
450662,-1.154063558,-1.44305488,-1.17226019,-1.277016409,-1.3029158,-1.00956652,-1.17139474,0.0203364607,1,1,1,1,1,1,1,1,8,0.125,-1.063741955,7.533033E-17,0.866021,-1.228309064
450668,-1.154063558,-0.436147184,-0.231670805,-0.254180641,-0.312251048,-0.038194859,-0.226011679,-0.488715575,1,1,1,1,1,1,1,1,8,0.125,-0.392654419,7.533033E-17,0.866021,-0.453400356
450669,-0.243473324,-0.436147184,-0.231670805,-0.254180641,-1.3029158,-0.038194859,-0.226011679,0.5293884968,1,1,1,1,1,1,1,1,8,0.125,-0.275400724,7.533033E-17,0.866021,-0.318006829
45066F,-1.154063558,-0.436147184,-0.231670805,0.7686551275,-1.3029158,-0.038194859,-0.69870321,-0.997767611,1,1,1,1,1,1,1,1,8,0.125,-0.511350987,7.533033E-17,0.866021,-0.590459979
450670,-1.154063558,-1.44305488,-1.17226019,-1.277016409,-2.293580553,-1.980938182,-1.17139474,0.0203364607,1,1,1,1,1,1,1,1,8,0.125,-1.308996506,7.533033E-17,0.866021,-1.511505931
450672,-0.243473324,-1.44305488,-0.231670805,-0.254180641,-1.3029158,-1.00956652,-1.17139474,0.0203364607,1,1,1,1,1,1,1,1,8,0.125,-0.704490031,7.533033E-17,0.866021,-0.813478764
450674,-2.064653791,-0.436147184,-1.17226019,-1.277016409,-2.293580553,-1.00956652,-1.17139474,0.0203364607,1,1,1,1,1,1,1,1,8,0.125,-1.175535366,7.533033E-17,0.866021,-1.35739757
450675,-2.064653791,-1.44305488,-2.112849574,-1.277016409,-1.3029158,-1.980938182,-2.116777802,-1.506819647,1,1,1,1,1,1,1,1,8,0.125,-1.725628261,7.533033E-17,0.866021,-1.992593057
450677,-0.243473324,-0.436147184,-0.231670805,-0.254180641,0.6784137042,0.9331768019,0.7193713829,1.0384405328,1,1,1,1,1,1,1,1,8,0.125,0.2754913085,7.533033E-17,0.866021,0.3181114271
450678,-2.064653791,-2.449962577,-2.112849574,-2.299852177,-2.293580553,-1.980938182,-2.116777802,-0.997767611,1,1,1,1,1,1,1,1,8,0.125,-2.039547783,7.533033E-17,0.866021,-2.355077768
450684,-1.154063558,-1.44305488,-1.17226019,-1.277016409,-0.312251048,-1.00956652,-0.226011679,-0.488715575,1,1,1,1,1,1,1,1,8,0.125,-0.885367482,7.533033E-17,0.866021,-1.022339016
450686,0.6671169089,0.5707605124,0.70891858,0.7686551275,-0.312251048,0.9331768019,0.7193713829,0.0203364607,1,1,1,1,1,1,1,1,8,0.125,0.5095105908,7.533033E-17,0.866021,0.5883348627
450688,-1.154063558,-1.44305488,-1.17226019,-1.277016409,-1.3029158,-1.980938182,-1.17139474,-0.488715575,1,1,1,1,1,1,1,1,8,0.125,-1.248794917,7.533033E-17,0.866021,-1.441990803
450690,0.6671169089,1.5776682088,1.6495079648,0.7686551275,-1.3029158,0.9331768019,0.7193713829,0.5293884968,1,1,1,1,1,1,1,1,8,0.125,0.6927461364,7.533033E-17,0.866021,0.7999180201
450694,-0.243473324,0.5707605124,1.6495079648,-0.254180641,-2.293580553,-0.038194859,-1.17139474,0.5293884968,1,1,1,1,1,1,1,1,8,0.125,-0.156395893,7.533033E-17,0.866021,-0.180591253
450698,,,,,,,,,0,0,0,0,0,0,0,0,0,,,7.533033E-17,0.866021,
450702,-0.243473324,-0.436147184,-0.231670805,-0.254180641,-1.3029158,-0.038194859,-0.226011679,0.0203364607,1,1,1,1,1,1,1,1,8,0.125,-0.339032229,7.533033E-17,0.866021,-0.3914825
450709,1.5777071423,0.5707605124,1.6495079648,0.7686551275,0.6784137042,0.9331768019,1.6647544446,0.5293884968,1,1,1,1,1,1,1,1,8,0.125,1.0465455243,7.533033E-17,0.866021,1.2084522451
450711,-1.154063558,-1.44305488,-1.17226019,-0.254180641,-1.3029158,-0.038194859,-1.17139474,-0.488715575,1,1,1,1,1,1,1,1,8,0.125,-0.87809753,7.533033E-17,0.866021,-1.01394436
450713,-1.154063558,-0.436147184,-0.231670805,-0.254180641,-0.312251048,-1.00956652,0.2466798521,0.0203364607,1,1,1,1,1,1,1,1,8,0.125,-0.39135793,7.533033E-17,0.866021,-0.451903294
450718,-1.154063558,-0.436147184,-0.231670805,-1.277016409,-0.312251048,-1.00956652,-0.226011679,0.0203364607,1,1,1,1,1,1,1,1,8,0.125,-0.578298843,7.533033E-17,0.866021,-0.66776506
450723,-1.154063558,-0.436147184,-0.231670805,-0.254180641,-1.3029158,-0.038194859,-0.226011679,1.0384405328,1,1,1,1,1,1,1,1,8,0.125,-0.325592999,7.533033E-17,0.866021,-0.375964143
450730,-1.154063558,-1.44305488,-1.17226019,-0.254180641,-0.312251048,-1.00956652,-2.116777802,-0.488715575,1,1,1,1,1,1,1,1,8,0.125,-0.993858777,7.533033E-17,0.866021,-1.147614549
450742,-0.243473324,-0.436147184,-0.231670805,-0.254180641,0.6784137042,-0.038194859,-0.226011679,0.0203364607,1,1,1,1,1,1,1,1,8,0.125,-0.091366041,7.533033E-17,0.866021,-0.105500902
450743,0.6671169089,-0.436147184,-0.231670805,-0.254180641,0.6784137042,-0.038194859,0.7193713829,0.5293884968,1,1,1,1,1,1,1,1,8,0.125,0.2042621255,7.533033E-17,0.866021,0.2358626724
450747,-1.154063558,-0.436147184,-0.231670805,-1.277016409,-0.312251048,-1.00956652,-1.17139474,-0.997767611,1,1,1,1,1,1,1,1,8,0.125,-0.823734734,7.533033E-17,0.866021,-0.951171321
45074F,-1.154063558,0.5707605124,-1.17226019,-0.254180641,-1.3029158,-0.038194859,-0.226011679,-0.997767611,1,1,1,1,1,1,1,1,8,0.125,-0.571829228,7.533033E-17,0.866021,-0.660294558
450755,,,,,,,,,0,0,0,0,0,0,0,0,0,,,7.533033E-17,0.866021,
450771,-1.154063558,-0.436147184,-0.231670805,-1.277016409,-1.3029158,-0.038194859,-0.226011679,-0.488715575,1,1,1,1,1,1,1,1,8,0.125,-0.644341984,7.533033E-17,0.866021,-0.744025462
450774,1.5777071423,1.5776682088,1.6495079648,0.7686551275,0.6784137042,0.9331768019,1.1920629137,1.0384405328,1,1,1,1,1,1,1,1,8,0.125,1.1769540495,7.533033E-17,0.866021,1.3590357327
450775,-2.064653791,-1.44305488,-2.112849574,-1.277016409,-1.3029158,-1.980938182,-2.116777802,0.0203364607,1,1,1,1,1,1,1,1,8,0.125,-1.534733747,7.533033E-17,0.866021,-1.772166045
450779,-0.243473324,-0.436147184,-0.231670805,-0.254180641,-0.312251048,-0.038194859,0.7193713829,0.5293884968,1,1,1,1,1,1,1,1,8,0.125,-0.033394748,7.533033E-17,0.866021,-0.038561111
450788,-0.243473324,-1.44305488,-0.231670805,-0.254180641,-0.312251048,-1.00956652,-0.226011679,0.0203364607,1,1,1,1,1,1,1,1,8,0.125,-0.462484055,7.533033E-17,0.866021,-0.534033046
450801,0.6671169089,0.5707605124,-0.231670805,0.7686551275,0.6784137042,-0.038194859,0.7193713829,0.5293884968,1,1,1,1,1,1,1,1,8,0.125,0.4579800586,7.533033E-17,0.866021,0.5288322554
450804,1.5777071423,1.5776682088,1.6495079648,1.7914908957,1.6690784566,1.904548463,1.6647544446,2.0565446049,1,1,1,1,1,1,1,1,8,0.125,1.7364125226,7.533033E-17,0.866021,2.0050457075
450808,1.5777071423,1.5776682088,1.6495079648,1.7914908957,1.6690784566,1.904548463,0.7193713829,2.0565446049,1,1,1,1,1,1,1,1,8,0.125,1.6182396399,7.533033E-17,0.866021,1.8685907879
450809,-1.154063558,-0.436147184,-1.17226019,-1.277016409,-1.3029158,-0.038194859,-0.226011679,0.0203364607,1,1,1,1,1,1,1,1,8,0.125,-0.698284152,7.533033E-17,0.866021,-0.806312799
450820,-0.243473324,0.5707605124,-0.231670805,-0.254180641,-0.312251048,0.9331768019,1.1920629137,1.0384405328,1,1,1,1,1,1,1,1,8,0.125,0.3366081179,7.533033E-17,0.866021,0.3886833647
450822,-2.064653791,-1.44305488,-2.112849574,-1.277016409,-2.293580553,-1.980938182,-1.17139474,-0.488715575,1,1,1,1,1,1,1,1,8,0.125,-1.604025463,7.533033E-17,0.866021,-1.852177595
450825,,,,,,,,,0,0,0,0,0,0,0,0,0,,,7.533033E-17,0.866021,
450827,1.5777071423,-0.436147184,1.6495079648,0.7686551275,0.6784137042,0.9331768019,1.1920629137,2.0565446049,1,1,1,1,1,1,1,1,8,0.125,1.0524901344,7.533033E-17,0.866021,1.2153165212
450828,1.5777071423,0.5707605124,0.70891858,0.7686551275,0.6784137042,0.9331768019,0.2466798521,1.0384405328,1,1,1,1,1,1,1,1,8,0.125,0.8153440316,7.533033E-17,0.866021,0.9414825277
450831,,,,,,,,,0,0,0,0,0,0,0,0,0,,,7.533033E-17,0.866021,
450833,,,,,,,,,0,0,0,0,0,0,0,0,0,,,7.533033E-17,0.866021,
450834,1.5777071423,1.5776682088,1.6495079648,1.7914908957,1.6690784566,1.904548463,1.6647544446,2.0565446049,1,1,1,1,1,1,1,1,8,0.125,1.7364125226,7.533033E-17,0.866021,2.0050457075
450840,-0.243473324,-0.436147184,0.70891858,-0.254180641,-0.312251048,-0.038194859,0.7193713829,1.0384405328,1,1,1,1,1,1,1,1,8,0.125,0.1478104299,7.533033E-17,0.866021,0.1706775689
450844,-0.243473324,-0.436147184,-0.231670805,-0.254180641,0.6784137042,-0.038194859,0.7193713829,1.0384405328,1,1,1,1,1,1,1,1,8,0.125,0.1540698508,7.533033E-17,0.866021,0.1779053589
450847,-1.154063558,-1.44305488,-0.231670805,-0.254180641,-0.312251048,-0.038194859,-0.226011679,0.5293884968,1,1,1,1,1,1,1,1,8,0.125,-0.391254872,7.533033E-17,0.866021,-0.451784291
450848,-1.154063558,-0.436147184,-1.17226019,-0.254180641,0.6784137042,-0.038194859,-0.226011679,0.0203364607,1,1,1,1,1,1,1,1,8,0.125,-0.322763493,7.533033E-17,0.866021,-0.372696896
450851,1.5777071423,1.5776682088,1.6495079648,1.7914908957,0.6784137042,0.9331768019,1.6647544446,1.5474925688,1,1,1,1,1,1,1,1,8,0.125,1.4275264664,7.533033E-17,0.866021,1.6483731697
450853,-0.243473324,0.5707605124,-0.231670805,-0.254180641,-0.312251048,0.9331768019,0.7193713829,1.0384405328,1,1,1,1,1,1,1,1,8,0.125,0.2775216765,7.533033E-17,0.866021,0.3204559049
450855,0.6671169089,-0.436147184,0.70891858,0.7686551275,-0.312251048,-1.00956652,1.1920629137,1.0384405328,1,1,1,1,1,1,1,1,8,0.125,0.3271536638,7.533033E-17,0.866021,0.3777662513
450856,1.5777071423,1.5776682088,0.70891858,1.7914908957,0.6784137042,1.904548463,1.6647544446,1.5474925688,1,1,1,1,1,1,1,1,8,0.125,1.4313742509,7.533033E-17,0.866021,1.6528162291
450860,,,,,,,,,0,0,0,0,0,0,0,0,0,,,7.533033E-17,0.866021,
450862,0.6671169089,0.5707605124,-0.231670805,-0.254180641,0.6784137042,-0.038194859,0.7193713829,0.5293884968,1,1,1,1,1,1,1,1,8,0.125,0.3301255876,7.533033E-17,0.866021,0.381197949
450864,1.5777071423,1.5776682088,1.6495079648,1.7914908957,1.6690784566,1.904548463,1.6647544446,1.0384405328,1,1,1,1,1,1,1,1,8,0.125,1.6091495136,7.533033E-17,0.866021,1.8580943658
450865,,,,,,,,,0,0,0,0,0,0,0,0,0,,,7.533033E-17,0.866021,
450867,-0.243473324,-0.436147184,-0.231670805,-0.254180641,-0.312251048,-1.00956652,0.2466798521,1.0384405328,1,1,1,1,1,1,1,1,8,0.125,-0.150271142,7.533033E-17,0.866021,-0.173518968
450869,-1.154063558,-0.436147184,-1.17226019,-0.254180641,-0.312251048,-0.038194859,-0.226011679,0.0203364607,1,1,1,1,1,1,1,1,8,0.125,-0.446596587,7.533033E-17,0.866021,-0.515687694
45086F,1.5777071423,1.5776682088,0.70891858,1.7914908957,1.6690784566,1.904548463,1.1920629137,0.5293884968,1,1,1,1,1,1,1,1,8,0.125,1.3688578946,7.533033E-17,0.866021,1.5806282264
450871,,,,,,,,,0,0,0,0,0,0,0,0,0,,,7.533033E-17,0.866021,
450872,,,,,,,,,0,0,0,0,0,0,0,0,0,,,7.533033E-17,0.866021,
450874,-1.154063558,0.5707605124,0.70891858,-1.277016409,0.6784137042,-0.038194859,-1.17139474,0.0203364607,1,1,1,1,1,1,1,1,8,0.125,-0.207780039,7.533033E-17,0.866021,-0.239924827
450875,1.5777071423,1.5776682088,1.6495079648,1.7914908957,1.6690784566,1.904548463,1.6647544446,2.0565446049,1,1,1,1,1,1,1,1,8,0.125,1.7364125226,7.533033E-17,0.866021,2.0050457075
450876,0.6671169089,1.5776682088,0.70891858,0.7686551275,0.6784137042,0.9331768019,1.1920629137,0.5293884968,1,1,1,1,1,1,1,1,8,0.125,0.8819250927,7.533033E-17,0.866021,1.0183640688
450880,0.6671169089,1.5776682088,0.70891858,0.7686551275,1.6690784566,0.9331768019,1.1920629137,1.5474925688,1,1,1,1,1,1,1,1,8,0.125,1.1330211958,7.533033E-17,0.866021,1.3083062093
450883,,,,,,,,,0,0,0,0,0,0,0,0,0,,,7.533033E-17,0.866021,
450885,-0.243473324,0.5707605124,-0.231670805,-0.254180641,0.6784137042,0.9331768019,0.7193713829,1.0384405328,1,1,1,1,1,1,1,1,8,0.125,0.4013547705,7.533033E-17,0.866021,0.4634467037
450888,,,,,,,,,0,0,0,0,0,0,0,0,0,,,7.533033E-17,0.866021,
450889,1.5777071423,0.5707605124,1.6495079648,1.7914908957,0.6784137042,0.9331768019,1.6647544446,2.0565446049,1,1,1,1,1,1,1,1,8,0.125,1.3652945088,7.533033E-17,0.866021,1.576513564
450890,-0.243473324,0.5707605124,-0.231670805,0.7686551275,0.6784137042,0.9331768019,1.1920629137,1.0384405328,1,1,1,1,1,1,1,1,8,0.125,0.5882956829,7.533033E-17,0.866021,0.6793084699
450891,1.5777071423,0.5707605124,1.6495079648,1.7914908957,0.6784137042,1.904548463,1.6647544446,2.0565446049,1,1,1,1,1,1,1,1,8,0.125,1.4867159665,7.533033E-17,0.866021,1.7167196321
450893,1.5777071423,0.5707605124,1.6495079648,0.7686551275,0.6784137042,0.9331768019,1.6647544446,2.0565446049,1,1,1,1,1,1,1,1,8,0.125,1.2374400378,7.533033E-17,0.866021,1.4288792576
45090F,0.6671169089,0.5707605124,0.70891858,1.7914908957,0.6784137042,0.9331768019,0.7193713829,0.5293884968,1,1,1,1,1,1,1,1,8,0.125,0.8248296604,7.533033E-17,0.866021,0.9524356387
451300,,,,,,,,,0,0,0,0,0,0,0,0,0,,,7.533033E-17,0.866021,
451301,,,,,,,,,0,0,0,0,0,0,0,0,0,,,7.533033E-17,0.866021,
451303,,,,,,,,,0,0,0,0,0,0,0,0,0,,,7.533033E-17,0.866021,
451304,,,,,,,,,0,0,0,0,0,0,0,0,0,,,7.533033E-17,0.866021,
451305,,,,,,,,,0,0,0,0,0,0,0,0,0,,,7.533033E-17,0.866021,
451306,,,,,,,,,0,0,0,0,0,0,0,0,0,,,7.533033E-17,0.866021,
451307,,,,,,,,,0,0,0,0,0,0,0,0,0,,,7.533033E-17,0.866021,
451308,,,,,,,,,0,0,0,0,0,0,0,0,0,,,7.533033E-17,0.866021,
451310,,,,,,,,,0,0,0,0,0,0,0,0,0,,,7.533033E-17,0.866021,
451311,,,,,,,,,0,0,0,0,0,0,0,0,0,,,7.533033E-17,0.866021,
451312,,,,,,,,,0,0,0,0,0,0,0,0,0,,,7.533033E-17,0.866021,
451313,,,,,,,,,0,0,0,0,0,0,0,0,0,,,7.533033E-17,0.866021,
451314,,,,,,,,,0,0,0,0,0,0,0,0,0,,,7.533033E-17,0.866021,
451315,,,,,,,,,0,0,0,0,0,0,0,0,0,,,7.533033E-17,0.866021,
451316,,,,,,,,,0,0,0,0,0,0,0,0,0,,,7.533033E-17,0.866021,
451317,,,,,,,,,0,0,0,0,0,0,0,0,0,,,7.533033E-17,0.866021,
451318,,,,,,,,,0,0,0,0,0,0,0,0,0,,,7.533033E-17,0.866021,
451319,1.5777071423,1.5776682088,1.6495079648,1.7914908957,1.6690784566,1.904548463,1.6647544446,1.5474925688,1,1,1,1,1,1,1,1,8,0.125,1.6727810181,7.533033E-17,0.866021,1.9315700367
451320,,,,,,,,,0,0,0,0,0,0,0,0,0,,,7.533033E-17,0.866021,
451322,,,,,,,,,0,0,0,0,0,0,0,0,0,,,7.533033E-17,0.866021,
451323,,,,,,,,,0,0,0,0,0,0,0,0,0,,,7.533033E-17,0.866021,
451324,,,,,,,,,0,0,0,0,0,0,0,0,0,,,7.533033E-17,0.866021,
451329,,,,,,,,,0,0,0,0,0,0,0,0,0,,,7.533033E-17,0.866021,
451330,,,,,,,,,0,0,0,0,0,0,0,0,0,,,7.533033E-17,0.866021,
451331,,,,,,,,,0,0,0,0,0,0,0,0,0,,,7.533033E-17,0.866021,
451332,,,,,,,,,0,0,0,0,0,0,0,0,0,,,7.533033E-17,0.866021,
451333,,,,,,,,,0,0,0,0,0,0,0,0,0,,,7.533033E-17,0.866021,
451334,,,,,,,,,0,0,0,0,0,0,0,0,0,,,7.533033E-17,0.866021,
451337,,,,,,,,,0,0,0,0,0,0,0,0,0,,,7.533033E-17,0.866021,
451338,,,,,,,,,0,0,0,0,0,0,0,0,0,,,7.533033E-17,0.866021,
451340,,,,,,,,,0,0,0,0,0,0,0,0,0,,,7.533033E-17,0.866021,
451341,,,,,,,,,0,0,0,0,0,0,0,0,0,,,7.533033E-17,0.866021,
451342,,,,,,,,,0,0,0,0,0,0,0,0,0,,,7.533033E-17,0.866021,
451343,,,,,,,,,0,0,0,0,0,0,0,0,0,,,7.533033E-17,0.866021,
451344,,,,,,,,,0,0,0,0,0,0,0,0,0,,,7.533033E-17,0.866021,
451346,,,,,,,,,0,0,0,0,0,0,0,0,0,,,7.533033E-17,0.866021,
451347,,,,,,,,,0,0,0,0,0,0,0,0,0,,,7.533033E-17,0.866021,
451349,,,,,,,,,0,0,0,0,0,0,0,0,0,,,7.533033E-17,0.866021,
451350,,,,,,,,,0,0,0,0,0,0,0,0,0,,,7.533033E-17,0.866021,
451351,,,,,,,,,0,0,0,0,0,0,0,0,0,,,7.533033E-17,0.866021,
451352,,,,,,,,,0,0,0,0,0,0,0,0,0,,,7.533033E-17,0.866021,
451353,,,,,,,,,0,0,0,0,0,0,0,0,0,,,7.533033E-17,0.866021,
451354,,,,,,,,,0,0,0,0,0,0,0,0,0,,,7.533033E-17,0.866021,
451355,,,,,,,,,0,0,0,0,0,0,0,0,0,,,7.533033E-17,0.866021,
451356,,,,,,,,,0,0,0,0,0,0,0,0,0,,,7.533033E-17,0.866021,
451359,,,,,,,,,0,0,0,0,0,0,0,0,0,,,7.533033E-17,0.866021,
451361,,,,,,,,,0,0,0,0,0,0,0,0,0,,,7.533033E-17,0.866021,
451362,,,,,,,,,0,0,0,0,0,0,0,0,0,,,7.533033E-17,0.866021,
451363,,,,,,,,,0,0,0,0,0,0,0,0,0,,,7.533033E-17,0.866021,
451364,,,,,,,,,0,0,0,0,0,0,0,0,0,,,7.533033E-17,0.866021,
451365,,,,,,,,,0,0,0,0,0,0,0,0,0,,,7.533033E-17,0.866021,
451366,,,,,,,,,0,0,0,0,0,0,0,0,0,,,7.533033E-17,0.866021,
451367,,,,,,,,,0,0,0,0,0,0,0,0,0,,,7.533033E-17,0.866021,
451369,,,,,,,,,0,0,0,0,0,0,0,0,0,,,7.533033E-17,0.866021,
451370,,,,,,,,,0,0,0,0,0,0,0,0,0,,,7.533033E-17,0.866021,
451371,,,,,,,,,0,0,0,0,0,0,0,0,0,,,7.533033E-17,0.866021,
451372,,,,,,,,,0,0,0,0,0,0,0,0,0,,,7.533033E-17,0.866021,
451373,,,,,,,,,0,0,0,0,0,0,0,0,0,,,7.533033E-17,0.866021,
451374,,,,,,,,,0,0,0,0,0,0,0,0,0,,,7.533033E-17,0.866021,
451375,,,,,,,,,0,0,0,0,0,0,0,0,0,,,7.533033E-17,0.866021,
451376,,,,,,,,,0,0,0,0,0,0,0,0,0,,,7.533033E-17,0.866021,
451377,,,,,,,,,0,0,0,0,0,0,0,0,0,,,7.533033E-17,0.866021,
451378,,,,,,,,,0,0,0,0,0,0,0,0,0,,,7.533033E-17,0.866021,
451379,-0.243473324,0.5707605124,1.6495079648,1.7914908957,0.6784137042,0.9331768019,0.7193713829,1.0384405328,1,1,1,1,1,1,1,1,8,0.125,0.8922110588,7.533033E-17,0.866021,1.030241334
451380,,,,,,,,,0,0,0,0,0,0,0,0,0,,,7.533033E-17,0.866021,
451381,,,,,,,,,0,0,0,0,0,0,0,0,0,,,7.533033E-17,0.866021,
451382,,,,,,,,,0,0,0,0,0,0,0,0,0,,,7.533033E-17,0.866021,
451384,,,,,,,,,0,0,0,0,0,0,0,0,0,,,7.533033E-17,0.866021,
451385,,,,,,,,,0,0,0,0,0,0,0,0,0,,,7.533033E-17,0.866021,
451386,,,,,,,,,0,0,0,0,0,0,0,0,0,,,7.533033E-17,0.866021,
451387,1.5777071423,1.5776682088,1.6495079648,1.7914908957,1.6690784566,-0.038194859,1.1920629137,1.5474925688,1,1,1,1,1,1,1,1,8,0.125,1.3708516614,7.533033E-17,0.866021,1.5829304406
451389,,,,,,,,,0,0,0,0,0,0,0,0,0,,,7.533033E-17,0.866021,
451390,,,,,,,,,0,0,0,0,0,0,0,0,0,,,7.533033E-17,0.866021,
451391,,,,,,,,,0,0,0,0,0,0,0,0,0,,,7.533033E-17,0.866021,
451392,,,,,,,,,0,0,0,0,0,0,0,0,0,,,7.533033E-17,0.866021,
451393,,,,,,,,,0,0,0,0,0,0,0,0,0,,,7.533033E-17,0.866021,
451394,,,,,,,,,0,0,0,0,0,0,0,0,0,,,7.533033E-17,0.866021,
451395,0.6671169089,0.5707605124,1.6495079648,0.7686551275,0.6784137042,0.9331768019,0.2466798521,0.5293884968,1,1,1,1,1,1,1,1,8,0.125,0.7554624211,7.533033E-17,0.866021,0.8723368813
451396,,,,,,,,,0,0,0,0,0,0,0,0,0,,,7.533033E-17,0.866021,
451397,,,,,,,,,0,0,0,0,0,0,0,0,0,,,7.533033E-17,0.866021,
451398,,,,,,,,,0,0,0,0,0,0,0,0,0,,,7.533033E-17,0.866021,
451399,,,,,,,,,0,0,0,0,0,0,0,0,0,,,7.533033E-17,0.866021,
460001,0.6671169089,0.5707605124,-0.231670805,-0.254180641,0.6784137042,0.9331768019,1.1920629137,1.5474925688,1,1,1,1,1,1,1,1,8,0.125,0.6378964956,7.533033E-17,0.866021,0.7365828187
460003,-0.243473324,-0.436147184,0.70891858,-1.277016409,-0.312251048,-1.00956652,-0.226011679,-0.488715575,1,1,1,1,1,1,1,1,8,0.125,-0.410532895,7.533033E-17,0.866021,-0.474044738
460004,-0.243473324,0.5707605124,-0.231670805,0.7686551275,0.6784137042,0.9331768019,0.7193713829,0.0203364607,1,1,1,1,1,1,1,1,8,0.125,0.4019462326,7.533033E-17,0.866021,0.4641296684
460005,-1.154063558,-1.44305488,-1.17226019,-1.277016409,-0.312251048,-1.00956652,-0.69870321,-1.506819647,1,1,1,1,1,1,1,1,8,0.125,-1.071716933,7.533033E-17,0.866021,-1.237517818
460006,0.6671169089,0.5707605124,-0.231670805,0.7686551275,0.6784137042,0.9331768019,0.7193713829,1.0384405328,1,1,1,1,1,1,1,1,8,0.125,0.6430330207,7.533033E-17,0.866021,0.7425139944
460007,1.5777071423,0.5707605124,1.6495079648,1.7914908957,0.6784137042,0.9331768019,1.1920629137,1.5474925688,1,1,1,1,1,1,1,1,8,0.125,1.242576563,7.533033E-17,0.866021,1.4348104333
460009,0.6671169089,0.5707605124,-0.231670805,0.7686551275,1.6690784566,0.9331768019,1.1920629137,1.0384405328,1,1,1,1,1,1,1,1,8,0.125,0.8259525561,7.533033E-17,0.866021,0.953732253
460010,-0.243473324,0.5707605124,-0.231670805,-0.254180641,0.6784137042,0.9331768019,0.7193713829,0.5293884968,1,1,1,1,1,1,1,1,8,0.125,0.337723266,7.533033E-17,0.866021,0.3899710329
460011,-0.243473324,0.5707605124,0.70891858,0.7686551275,0.6784137042,-1.00956652,-0.69870321,-0.997767611,1,1,1,1,1,1,1,1,8,0.125,-0.027845343,7.533033E-17,0.866021,-0.03215318
460013,1.5777071423,0.5707605124,1.6495079648,0.7686551275,0.6784137042,0.9331768019,0.7193713829,1.5474925688,1,1,1,1,1,1,1,1,8,0.125,1.0556356506,7.533033E-17,0.866021,1.2189486671
460014,0.6671169089,-0.436147184,0.70891858,0.7686551275,0.6784137042,-0.038194859,-0.226011679,0.5293884968,1,1,1,1,1,1,1,1,8,0.125,0.3315173869,7.533033E-17,0.866021,0.3828050679
460015,0.6671169089,0.5707605124,0.70891858,0.7686551275,1.6690784566,0.9331768019,0.7193713829,0.0203364607,1,1,1,1,1,1,1,1,8,0.125,0.7571767789,7.533033E-17,0.866021,0.8743164603
460017,0.6671169089,0.5707605124,-0.231670805,0.7686551275,0.6784137042,0.9331768019,0.7193713829,1.5474925688,1,1,1,1,1,1,1,1,8,0.125,0.7066645252,7.533033E-17,0.866021,0.8159896652
460019,-1.154063558,-1.44305488,-0.231670805,-1.277016409,-1.3029158,-1.00956652,-0.226011679,0.5293884968,1,1,1,1,1,1,1,1,8,0.125,-0.764363894,7.533033E-17,0.866021,-0.882615465
460021,0.6671169089,0.5707605124,0.70891858,-0.254180641,0.6784137042,0.9331768019,1.1920629137,1.0384405328,1,1,1,1,1,1,1,1,8,0.125,0.6918386642,7.533033E-17,0.866021,0.7988701566
460023,-0.243473324,0.5707605124,-0.231670805,-0.254180641,0.6784137042,0.9331768019,0.7193713829,0.0203364607,1,1,1,1,1,1,1,1,8,0.125,0.2740917615,7.533033E-17,0.866021,0.316495362
460026,0.6671169089,0.5707605124,1.6495079648,-0.254180641,-0.312251048,-0.038194859,0.7193713829,1.0384405328,1,1,1,1,1,1,1,1,8,0.125,0.5050713442,7.533033E-17,0.866021,0.5832088387
46002F,0.6671169089,0.5707605124,0.70891858,0.7686551275,1.6690784566,0.9331768019,0.7193713829,0.5293884968,1,1,1,1,1,1,1,1,8,0.125,0.8208082834,7.533033E-17,0.866021,0.9477921311
460030,0.6671169089,-0.436147184,0.70891858,0.7686551275,0.6784137042,-0.038194859,-0.69870321,0.0203364607,1,1,1,1,1,1,1,1,8,0.125,0.2087994411,7.533033E-17,0.866021,0.2411019372
460039,,,,,,,,,0,0,0,0,0,0,0,0,0,,,7.533033E-17,0.866021,
460041,-1.154063558,-0.436147184,-0.231670805,-0.254180641,0.6784137042,-0.038194859,-1.17139474,0.0203364607,1,1,1,1,1,1,1,1,8,0.125,-0.323362703,7.533033E-17,0.866021,-0.373388806
460042,0.6671169089,-0.436147184,1.6495079648,-0.254180641,0.6784137042,-0.038194859,0.2466798521,1.0384405328,1,1,1,1,1,1,1,1,8,0.125,0.4439545349,7.533033E-17,0.866021,0.512636901
460043,,,,,,,,,0,0,0,0,0,0,0,0,0,,,7.533033E-17,0.866021,
460044,0.6671169089,0.5707605124,0.70891858,0.7686551275,0.6784137042,0.9331768019,1.1920629137,1.5474925688,1,1,1,1,1,1,1,1,8,0.125,0.8833246397,7.533033E-17,0.866021,1.0199801338
460047,-1.154063558,-1.44305488,-1.17226019,-1.277016409,-0.312251048,-1.00956652,-0.69870321,0.0203364607,1,1,1,1,1,1,1,1,8,0.125,-0.880822419,7.533033E-17,0.866021,-1.017090805
460051,-1.154063558,-0.436147184,-0.231670805,-1.277016409,-0.312251048,-1.00956652,-1.17139474,0.0203364607,1,1,1,1,1,1,1,1,8,0.125,-0.696471725,7.533033E-17,0.866021,-0.80421998
460052,-1.154063558,-0.436147184,-0.231670805,-1.277016409,-0.312251048,-1.00956652,-0.226011679,0.0203364607,1,1,1,1,1,1,1,1,8,0.125,-0.578298843,7.533033E-17,0.866021,-0.66776506
460054,,,,,,,,,0,0,0,0,0,0,0,0,0,,,7.533033E-17,0.866021,
460057,1.5777071423,1.5776682088,1.6495079648,1.7914908957,0.6784137042,0.9331768019,1.1920629137,2.0565446049,1,1,1,1,1,1,1,1,8,0.125,1.4320715295,7.533033E-17,0.866021,1.6536213808
460058,0.6671169089,0.5707605124,-0.231670805,0.7686551275,0.6784137042,0.9331768019,1.1920629137,1.0384405328,1,1,1,1,1,1,1,1,8,0.125,0.7021194621,7.533033E-17,0.866021,0.8107414542
460060,-0.243473324,0.5707605124,0.70891858,-0.254180641,0.6784137042,0.9331768019,1.1920629137,1.0384405328,1,1,1,1,1,1,1,1,8,0.125,0.578014885,7.533033E-17,0.866021,0.6674371723
460061,0.6671169089,0.5707605124,-0.231670805,0.7686551275,0.6784137042,0.9331768019,1.1920629137,0.5293884968,1,1,1,1,1,1,1,1,8,0.125,0.6384879576,7.533033E-17,0.866021,0.7372657833
460062,1.5777071423,0.5707605124,0.70891858,0.7686551275,0.6784137042,0.9331768019,1.1920629137,1.5474925688,1,1,1,1,1,1,1,1,8,0.125,0.9971484189,7.533033E-17,0.866021,1.1514131181
461300,,,,,,,,,0,0,0,0,0,0,0,0,0,,,7.533033E-17,0.866021,
461301,,,,,,,,,0,0,0,0,0,0,0,0,0,,,7.533033E-17,0.866021,
461302,,,,,,,,,0,0,0,0,0,0,0,0,0,,,7.533033E-17,0.866021,
461303,,,,,,,,,0,0,0,0,0,0,0,0,0,,,7.533033E-17,0.866021,
461304,0.6671169089,1.5776682088,1.6495079648,0.7686551275,0.6784137042,0.9331768019,1.6647544446,1.0384405328,1,1,1,1,1,1,1,1,8,0.125,1.1222167117,7.533033E-17,0.866021,1.2958302082
461305,,,,,,,,,0,0,0,0,0,0,0,0,0,,,7.533033E-17,0.866021,
461306,,,,,,,,,0,0,0,0,0,0,0,0,0,,,7.533033E-17,0.866021,
461307,1.5777071423,1.5776682088,1.6495079648,1.7914908957,1.6690784566,1.904548463,1.6647544446,1.5474925688,1,1,1,1,1,1,1,1,8,0.125,1.6727810181,7.533033E-17,0.866021,1.9315700367
461308,,,,,,,,,0,0,0,0,0,0,0,0,0,,,7.533033E-17,0.866021,
461309,,,,,,,,,0,0,0,0,0,0,0,0,0,,,7.533033E-17,0.866021,
461310,,,,,,,,,0,0,0,0,0,0,0,0,0,,,7.533033E-17,0.866021,
461333,,,,,,,,,0,0,0,0,0,0,0,0,0,,,7.533033E-17,0.866021,
461335,,,,,,,,,0,0,0,0,0,0,0,0,0,,,7.533033E-17,0.866021,
470001,0.6671169089,0.5707605124,-0.231670805,0.7686551275,-0.312251048,-0.038194859,-0.226011679,0.0203364607,1,1,1,1,1,1,1,1,8,0.125,0.1523425773,7.533033E-17,0.866021,0.1759108661
470003,0.6671169089,0.5707605124,-0.231670805,0.7686551275,0.6784137042,0.9331768019,0.7193713829,-0.488715575,1,1,1,1,1,1,1,1,8,0.125,0.4521385072,7.533033E-17,0.866021,0.5220869818
470005,0.6671169089,0.5707605124,-0.231670805,0.7686551275,0.6784137042,-0.038194859,-0.226011679,-0.488715575,1,1,1,1,1,1,1,1,8,0.125,0.2125441669,7.533033E-17,0.866021,0.245425994
470011,0.6671169089,0.5707605124,0.70891858,0.7686551275,0.6784137042,-0.038194859,-0.226011679,0.5293884968,1,1,1,1,1,1,1,1,8,0.125,0.457380849,7.533033E-17,0.866021,0.5281403445
470012,0.6671169089,0.5707605124,1.6495079648,0.7686551275,1.6690784566,0.9331768019,0.7193713829,-0.488715575,1,1,1,1,1,1,1,1,8,0.125,0.8111189475,7.533033E-17,0.866021,0.9366037982
47001F,1.5777071423,1.5776682088,1.6495079648,1.7914908957,0.6784137042,1.904548463,1.1920629137,0.0203364607,1,1,1,1,1,1,1,1,8,0.125,1.2989669692,7.533033E-17,0.866021,1.4999247655
470024,-1.154063558,-0.436147184,-0.231670805,-0.254180641,0.6784137042,-0.038194859,-0.69870321,-1.506819647,1,1,1,1,1,1,1,1,8,0.125,-0.455170775,7.533033E-17,0.866021,-0.525588359
471300,,,,,,,,,0,0,0,0,0,0,0,0,0,,,7.533033E-17,0.866021,
471301,0.6671169089,1.5776682088,0.70891858,0.7686551275,1.6690784566,0.9331768019,0.7193713829,1.5474925688,1,1,1,1,1,1,1,1,8,0.125,1.0739347544,7.533033E-17,0.866021,1.2400787495
471302,1.5777071423,1.5776682088,1.6495079648,1.7914908957,1.6690784566,0.9331768019,0.7193713829,1.0384405328,1,1,1,1,1,1,1,1,8,0.125,1.3695551732,7.533033E-17,0.866021,1.5814333781
471303,0.6671169089,0.5707605124,0.70891858,0.7686551275,0.6784137042,0.9331768019,0.7193713829,0.5293884968,1,1,1,1,1,1,1,1,8,0.125,0.6969751893,7.533033E-17,0.866021,0.8048013323
471304,0.6671169089,0.5707605124,1.6495079648,0.7686551275,0.6784137042,-0.038194859,-0.69870321,0.0203364607,1,1,1,1,1,1,1,1,8,0.125,0.4522365762,7.533033E-17,0.866021,0.5222002227
471305,1.5777071423,0.5707605124,1.6495079648,0.7686551275,1.6690784566,0.9331768019,1.1920629137,0.5293884968,1,1,1,1,1,1,1,1,8,0.125,1.111292177,7.533033E-17,0.866021,1.283215584
471306,,,,,,,,,0,0,0,0,0,0,0,0,0,,,7.533033E-17,0.866021,
471307,0.6671169089,0.5707605124,-0.231670805,0.7686551275,0.6784137042,0.9331768019,-0.69870321,-1.506819647,1,1,1,1,1,1,1,1,8,0.125,0.1476161741,7.533033E-17,0.866021,0.1704532607
480001,-1.154063558,0.5707605124,-0.231670805,-0.254180641,-2.293580553,-1.00956652,-1.17139474,-0.997767611,1,1,1,1,1,1,1,1,8,0.125,-0.817682989,7.533033E-17,0.866021,-0.944183336
480002,-1.154063558,-0.436147184,0.70891858,0.7686551275,-2.293580553,-1.00956652,-1.17139474,0.0203364607,1,1,1,1,1,1,1,1,8,0.125,-0.570855298,7.533033E-17,0.866021,-0.659169956
490002,1.5777071423,1.5776682088,1.6495079648,1.7914908957,1.6690784566,0.9331768019,0.7193713829,0.5293884968,1,1,1,1,1,1,1,1,8,0.125,1.3059236687,7.533033E-17,0.866021,1.5079577072
490004,-0.243473324,0.5707605124,-0.231670805,-1.277016409,0.6784137042,-0.038194859,-0.226011679,-0.488715575,1,1,1,1,1,1,1,1,8,0.125,-0.156988554,7.533033E-17,0.866021,-0.181275603
490005,0.6671169089,0.5707605124,-0.231670805,-0.254180641,-0.312251048,0.9331768019,0.2466798521,0.0203364607,1,1,1,1,1,1,1,1,8,0.125,0.2049960053,7.533033E-17,0.866021,0.2367100877
490007,-0.243473324,0.5707605124,-0.231670805,-0.254180641,-0.312251048,-0.038194859,0.7193713829,-0.488715575,1,1,1,1,1,1,1,1,8,0.125,-0.034794295,7.533033E-17,0.866021,-0.040177176
490009,0.6671169089,0.5707605124,-0.231670805,0.7686551275,0.6784137042,0.9331768019,1.1920629137,-0.488715575,1,1,1,1,1,1,1,1,8,0.125,0.5112249486,7.533033E-17,0.866021,0.5903144416
490013,1.5777071423,1.5776682088,0.70891858,0.7686551275,0.6784137042,-0.038194859,0.2466798521,1.0384405328,1,1,1,1,1,1,1,1,8,0.125,0.819786036,7.533033E-17,0.866021,0.9466117362
490017,-1.154063558,-0.436147184,-0.231670805,-0.254180641,-0.312251048,-1.00956652,-1.17139474,-0.997767611,1,1,1,1,1,1,1,1,8,0.125,-0.695880263,7.533033E-17,0.866021,-0.803537015
490018,0.6671169089,0.5707605124,0.70891858,0.7686551275,0.6784137042,0.9331768019,0.7193713829,0.0203364607,1,1,1,1,1,1,1,1,8,0.125,0.6333436848,7.533033E-17,0.866021,0.7313256615
490019,-0.243473324,-0.436147184,-0.231670805,-1.277016409,0.6784137042,-1.00956652,-1.17139474,-0.997767611,1,1,1,1,1,1,1,1,8,0.125,-0.586077861,7.533033E-17,0.866021,-0.676747538
490020,-0.243473324,-1.44305488,-0.231670805,-1.277016409,-1.3029158,-1.00956652,-1.17139474,-0.488715575,1,1,1,1,1,1,1,1,8,0.125,-0.895976007,7.533033E-17,0.866021,-1.034588742
490021,-0.243473324,0.5707605124,-1.17226019,-0.254180641,-0.312251048,-0.038194859,-0.226011679,-0.488715575,1,1,1,1,1,1,1,1,8,0.125,-0.27054085,7.533033E-17,0.866021,-0.312395104
490022,-1.154063558,-1.44305488,-2.112849574,-1.277016409,-0.312251048,-1.00956652,-1.17139474,-0.997767611,1,1,1,1,1,1,1,1,8,0.125,-1.184745543,7.533033E-17,0.866021,-1.368032616
490023,-1.154063558,-0.436147184,-0.231670805,-0.254180641,-0.312251048,-1.00956652,-1.17139474,0.0203364607,1,1,1,1,1,1,1,1,8,0.125,-0.568617254,7.533033E-17,0.866021,-0.656585673
490024,-0.243473324,-0.436147184,-0.231670805,-0.254180641,-0.312251048,-0.038194859,0.2466798521,-0.997767611,1,1,1,1,1,1,1,1,8,0.125,-0.283375703,7.533033E-17,0.866021,-0.327215583
490032,-0.243473324,0.5707605124,-0.231670805,-0.254180641,0.6784137042,0.9331768019,0.2466798521,-0.997767611,1,1,1,1,1,1,1,1,8,0.125,0.0877423112,7.533033E-17,0.866021,0.1013165605
490033,0.6671169089,0.5707605124,-0.231670805,0.7686551275,-0.312251048,-0.038194859,0.7193713829,1.5474925688,1,1,1,1,1,1,1,1,8,0.125,0.4614099736,7.533033E-17,0.866021,0.5327927983
490037,1.5777071423,0.5707605124,0.70891858,0.7686551275,0.6784137042,0.9331768019,0.7193713829,1.0384405328,1,1,1,1,1,1,1,1,8,0.125,0.874430473,7.533033E-17,0.866021,1.0097099875
490038,0.6671169089,0.5707605124,0.70891858,-0.254180641,0.6784137042,-0.038194859,0.7193713829,1.0384405328,1,1,1,1,1,1,1,1,8,0.125,0.5113307652,7.533033E-17,0.866021,0.5904366287
490040,-1.154063558,-0.436147184,-1.17226019,-1.277016409,-1.3029158,-1.00956652,-0.69870321,-0.488715575,1,1,1,1,1,1,1,1,8,0.125,-0.942423556,7.533033E-17,0.866021,-1.088221998
490041,-0.243473324,-0.436147184,-0.231670805,-0.254180641,-0.312251048,-1.00956652,-1.17139474,0.0203364607,1,1,1,1,1,1,1,1,8,0.125,-0.454793475,7.533033E-17,0.866021,-0.525152689
490042,-0.243473324,0.5707605124,-0.231670805,-0.254180641,-0.312251048,-0.038194859,-0.226011679,-0.488715575,1,1,1,1,1,1,1,1,8,0.125,-0.152967177,7.533033E-17,0.866021,-0.176632095
490043,0.6671169089,-0.436147184,0.70891858,-0.254180641,0.6784137042,0.9331768019,1.1920629137,1.0384405328,1,1,1,1,1,1,1,1,8,0.125,0.5659752021,7.533033E-17,0.866021,0.65353488
490044,-0.243473324,-0.436147184,-0.231670805,-0.254180641,-0.312251048,-0.038194859,0.2466798521,-0.488715575,1,1,1,1,1,1,1,1,8,0.125,-0.219744198,7.533033E-17,0.866021,-0.253739912
490045,-1.154063558,-0.436147184,-0.231670805,-1.277016409,-0.312251048,-1.00956652,-1.17139474,0.0203364607,1,1,1,1,1,1,1,1,8,0.125,-0.696471725,7.533033E-17,0.866021,-0.80421998
490046,0.6671169089,0.5707605124,-1.17226019,-0.254180641,-0.312251048,-0.038194859,0.7193713829,0.5293884968,1,1,1,1,1,1,1,1,8,0.125,0.0887188204,7.533033E-17,0.866021,0.1024441414
490048,-1.154063558,-1.44305488,-1.17226019,-1.277016409,-1.3029158,-1.00956652,-1.17139474,-2.015871683,1,1,1,1,1,1,1,1,8,0.125,-1.318267973,7.533033E-17,0.866021,-1.522211747
490050,-0.243473324,0.5707605124,-0.231670805,0.7686551275,-0.312251048,0.9331768019,0.7193713829,0.5293884968,1,1,1,1,1,1,1,1,8,0.125,0.341744643,7.533033E-17,0.866021,0.3946145404
490052,-0.243473324,0.5707605124,-0.231670805,-0.254180641,0.6784137042,-0.038194859,0.7193713829,0.5293884968,1,1,1,1,1,1,1,1,8,0.125,0.2163018084,7.533033E-17,0.866021,0.2497649647
490053,-0.243473324,0.5707605124,-0.231670805,-0.254180641,0.6784137042,-0.038194859,-0.226011679,1.0384405328,1,1,1,1,1,1,1,1,8,0.125,0.1617604302,7.533033E-17,0.866021,0.1867857159
490057,0.6671169089,-0.436147184,-0.231670805,-1.277016409,-0.312251048,-0.038194859,0.2466798521,0.0203364607,1,1,1,1,1,1,1,1,8,0.125,-0.170143385,7.533033E-17,0.866021,-0.196465563
490059,-1.154063558,-0.436147184,-1.17226019,-1.277016409,-0.312251048,-1.00956652,-0.69870321,-1.506819647,1,1,1,1,1,1,1,1,8,0.125,-0.945853471,7.533033E-17,0.866021,-1.092182541
490060,0.6671169089,0.5707605124,1.6495079648,0.7686551275,0.6784137042,-0.038194859,-0.226011679,0.5293884968,1,1,1,1,1,1,1,1,8,0.125,0.5749545221,7.533033E-17,0.866021,0.6639033533
490063,0.6671169089,-0.436147184,-0.231670805,-0.254180641,0.6784137042,0.9331768019,1.1920629137,1.0384405328,1,1,1,1,1,1,1,1,8,0.125,0.448401529,7.533033E-17,0.866021,0.5177718712
490066,0.6671169089,0.5707605124,-0.231670805,0.7686551275,0.6784137042,0.9331768019,0.7193713829,0.0203364607,1,1,1,1,1,1,1,1,8,0.125,0.5157700117,7.533033E-17,0.866021,0.5955626527
490067,-0.243473324,-1.44305488,-1.17226019,-0.254180641,-1.3029158,-1.00956652,-1.17139474,-0.488715575,1,1,1,1,1,1,1,1,8,0.125,-0.885695209,7.533033E-17,0.866021,-1.022717444
490069,-1.154063558,-0.436147184,-0.231670805,-1.277016409,-0.312251048,-1.00956652,-1.17139474,-0.997767611,1,1,1,1,1,1,1,1,8,0.125,-0.823734734,7.533033E-17,0.866021,-0.951171321
49006F,0.6671169089,0.5707605124,0.70891858,0.7686551275,-0.312251048,0.9331768019,-0.226011679,0.5293884968,1,1,1,1,1,1,1,1,8,0.125,0.4549692126,7.533033E-17,0.866021,0.5253556139
490075,-1.154063558,-0.436147184,-1.17226019,-1.277016409,-0.312251048,-1.00956652,-2.116777802,-0.488715575,1,1,1,1,1,1,1,1,8,0.125,-0.995849786,7.533033E-17,0.866021,-1.149913579
490077,0.6671169089,0.5707605124,-0.231670805,-0.254180641,0.6784137042,0.9331768019,1.1920629137,0.0203364607,1,1,1,1,1,1,1,1,8,0.125,0.447001982,7.533033E-17,0.866021,0.5161558061
490084,0.6671169089,0.5707605124,-0.231670805,-0.254180641,0.6784137042,-0.038194859,-0.226011679,1.0384405328,1,1,1,1,1,1,1,1,8,0.125,0.2755842094,7.533033E-17,0.866021,0.3182187002
490088,0.6671169089,0.5707605124,0.70891858,1.7914908957,0.6784137042,0.9331768019,0.7193713829,1.0384405328,1,1,1,1,1,1,1,1,8,0.125,0.8884611649,7.533033E-17,0.866021,1.0259113095
490089,1.5777071423,1.5776682088,1.6495079648,0.7686551275,0.6784137042,0.9331768019,0.7193713829,0.0203364607,1,1,1,1,1,1,1,1,8,0.125,0.9906045991,7.533033E-17,0.866021,1.1438569312
490090,0.6671169089,0.5707605124,-0.231670805,0.7686551275,0.6784137042,-0.038194859,-0.226011679,0.0203364607,1,1,1,1,1,1,1,1,8,0.125,0.2761756714,7.533033E-17,0.866021,0.3189016649
490092,1.5777071423,-0.436147184,1.6495079648,1.7914908957,-1.3029158,-0.038194859,-0.69870321,0.5293884968,1,1,1,1,1,1,1,1,8,0.125,0.3840166808,7.533033E-17,0.866021,0.4434263099
490093,0.6671169089,-0.436147184,0.70891858,-0.254180641,-0.312251048,-0.038194859,0.7193713829,0.0203364607,1,1,1,1,1,1,1,1,8,0.125,0.1343712001,7.533033E-17,0.866021,0.1551592115
490094,,,,,,,,,0,0,0,0,0,0,0,0,0,,,7.533033E-17,0.866021,
490097,,,,,,,,,0,0,0,0,0,0,0,0,0,,,7.533033E-17,0.866021,
490098,0.6671169089,0.5707605124,0.70891858,-0.254180641,-0.312251048,-1.00956652,-0.226011679,1.0384405328,1,1,1,1,1,1,1,1,8,0.125,0.1479033308,7.533033E-17,0.866021,0.1707848421
490101,-0.243473324,-0.436147184,-0.231670805,-1.277016409,0.6784137042,-0.038194859,0.7193713829,0.0203364607,1,1,1,1,1,1,1,1,8,0.125,-0.101047629,7.533033E-17,0.866021,-0.116680289
490104,,,,,,,,,0,0,0,0,0,0,0,0,0,,,7.533033E-17,0.866021,
490107,-1.154063558,-1.44305488,-1.17226019,-1.277016409,-1.3029158,-1.00956652,-1.17139474,0.5293884968,1,1,1,1,1,1,1,1,8,0.125,-1.00011045,7.533033E-17,0.866021,-1.154833393
49010F,0.6671169089,1.5776682088,-0.231670805,1.7914908957,0.6784137042,0.9331768019,0.7193713829,-0.488715575,1,1,1,1,1,1,1,1,8,0.125,0.7058564403,7.533033E-17,0.866021,0.8150565648
490110,0.6671169089,0.5707605124,-0.231670805,0.7686551275,0.6784137042,-0.038194859,0.2466798521,-0.997767611,1,1,1,1,1,1,1,1,8,0.125,0.2079991037,7.533033E-17,0.866021,0.240177783
490111,0.6671169089,0.5707605124,0.70891858,0.7686551275,0.6784137042,-0.038194859,-0.226011679,-0.488715575,1,1,1,1,1,1,1,1,8,0.125,0.33011784,7.533033E-17,0.866021,0.3811890028
490112,-1.154063558,-1.44305488,-1.17226019,-1.277016409,-1.3029158,-1.00956652,-0.69870321,-1.506819647,1,1,1,1,1,1,1,1,8,0.125,-1.195550027,7.533033E-17,0.866021,-1.380508617
490113,-1.154063558,-0.436147184,-0.231670805,-0.254180641,-0.312251048,-1.00956652,-1.17139474,0.5293884968,1,1,1,1,1,1,1,1,8,0.125,-0.50498575,7.533033E-17,0.866021,-0.583110002
490114,,,,,,,,,0,0,0,0,0,0,0,0,0,,,7.533033E-17,0.866021,
490115,-0.243473324,-0.436147184,-1.17226019,-0.254180641,0.6784137042,-1.00956652,-1.644086271,0.5293884968,1,1,1,1,1,1,1,1,8,0.125,-0.443988991,7.533033E-17,0.866021,-0.512676688
490116,0.6671169089,0.5707605124,1.6495079648,0.7686551275,-0.312251048,-1.00956652,0.7193713829,1.5474925688,1,1,1,1,1,1,1,1,8,0.125,0.5751358621,7.533033E-17,0.866021,0.6641127477
490117,,,,,,,,,0,0,0,0,0,0,0,0,0,,,7.533033E-17,0.866021,
490118,-1.154063558,-0.436147184,-1.17226019,-0.254180641,-1.3029158,-1.00956652,-0.226011679,0.0203364607,1,1,1,1,1,1,1,1,8,0.125,-0.691851139,7.533033E-17,0.866021,-0.798884561
490119,0.6671169089,0.5707605124,-0.231670805,0.7686551275,-0.312251048,0.9331768019,1.1920629137,0.5293884968,1,1,1,1,1,1,1,1,8,0.125,0.5146548635,7.533033E-17,0.866021,0.5942749845
49011F,0.6671169089,0.5707605124,1.6495079648,0.7686551275,0.6784137042,0.9331768019,0.7193713829,-0.488715575,1,1,1,1,1,1,1,1,8,0.125,0.6872858534,7.533033E-17,0.866021,0.7936129994
490120,-1.154063558,0.5707605124,-1.17226019,-1.277016409,0.6784137042,-0.038194859,-1.17139474,-0.997767611,1,1,1,1,1,1,1,1,8,0.125,-0.570190394,7.533033E-17,0.866021,-0.658402187
490122,-0.243473324,-0.436147184,-0.231670805,-1.277016409,-1.3029158,-0.038194859,-0.226011679,0.0203364607,1,1,1,1,1,1,1,1,8,0.125,-0.4668867,7.533033E-17,0.866021,-0.539116806
490126,-0.243473324,-0.436147184,-0.231670805,-0.254180641,0.6784137042,-1.00956652,-0.226011679,0.5293884968,1,1,1,1,1,1,1,1,8,0.125,-0.149155994,7.533033E-17,0.866021,-0.1722313
490127,1.5777071423,1.5776682088,1.6495079648,1.7914908957,-0.312251048,0.9331768019,0.7193713829,1.5474925688,1,1,1,1,1,1,1,1,8,0.125,1.1855204896,7.533033E-17,0.866021,1.3689274513
490130,1.5777071423,0.5707605124,0.70891858,0.7686551275,-0.312251048,0.9331768019,1.1920629137,1.0384405328,1,1,1,1,1,1,1,1,8,0.125,0.8096838203,7.533033E-17,0.866021,0.9349466485
490136,-0.243473324,-0.436147184,-1.17226019,-1.277016409,-1.3029158,-1.00956652,-0.226011679,-1.506819647,1,1,1,1,1,1,1,1,8,0.125,-0.896776344,7.533033E-17,0.866021,-1.035512896
490140,-0.243473324,-0.436147184,-0.231670805,-0.254180641,0.6784137042,-0.038194859,-0.226011679,0.5293884968,1,1,1,1,1,1,1,1,8,0.125,-0.027734536,7.533033E-17,0.866021,-0.032025232
490141,-1.154063558,-2.449962577,-2.112849574,-2.299852177,-2.293580553,-1.980938182,-2.116777802,-0.488715575,1,1,1,1,1,1,1,1,8,0.125,-1.8620925,7.533033E-17,0.866021,-2.150169113
490143,-0.243473324,0.5707605124,-0.231670805,0.7686551275,0.6784137042,0.9331768019,1.1920629137,0.5293884968,1,1,1,1,1,1,1,1,8,0.125,0.5246641784,7.533033E-17,0.866021,0.605832799
490144,0.6671169089,0.5707605124,-0.231670805,-0.254180641,0.6784137042,0.9331768019,0.7193713829,1.5474925688,1,1,1,1,1,1,1,1,8,0.125,0.5788100542,7.533033E-17,0.866021,0.6683553589
490145,-0.243473324,0.5707605124,-0.231670805,-1.277016409,-0.312251048,-0.038194859,-0.226011679,0.5293884968,1,1,1,1,1,1,1,1,8,0.125,-0.153558639,7.533033E-17,0.866021,-0.17731506
491300,,,,,,,,,0,0,0,0,0,0,0,0,0,,,7.533033E-17,0.866021,
491302,1.5777071423,1.5776682088,0.70891858,0.7686551275,0.6784137042,0.9331768019,1.6647544446,1.5474925688,1,1,1,1,1,1,1,1,8,0.125,1.1820983223,7.533033E-17,0.866021,1.3649758546
491303,,,,,,,,,0,0,0,0,0,0,0,0,0,,,7.533033E-17,0.866021,
491304,0.6671169089,0.5707605124,0.70891858,0.7686551275,0.6784137042,0.9331768019,-0.226011679,0.0203364607,1,1,1,1,1,1,1,1,8,0.125,0.5151708021,7.533033E-17,0.866021,0.5948707418
491305,0.6671169089,-0.436147184,0.70891858,-0.254180641,-0.312251048,0.9331768019,0.7193713829,0.5293884968,1,1,1,1,1,1,1,1,8,0.125,0.3194241622,7.533033E-17,0.866021,0.3688409505
491307,0.6671169089,0.5707605124,0.70891858,1.7914908957,-0.312251048,0.9331768019,0.7193713829,2.0565446049,1,1,1,1,1,1,1,1,8,0.125,0.8918910798,7.533033E-17,0.866021,1.0298718524
491308,1.5777071423,1.5776682088,-0.231670805,0.7686551275,1.6690784566,0.9331768019,0.7193713829,0.0203364607,1,1,1,1,1,1,1,1,8,0.125,0.879290347,7.533033E-17,0.866021,1.0153217124
491309,,,,,,,,,0,0,0,0,0,0,0,0,0,,,7.533033E-17,0.866021,
500002,-0.243473324,0.5707605124,-0.231670805,0.7686551275,0.6784137042,-0.038194859,-0.226011679,0.5293884968,1,1,1,1,1,1,1,1,8,0.125,0.2259833967,7.533033E-17,0.866021,0.2609443514
500003,-0.243473324,0.5707605124,-0.231670805,-0.254180641,0.6784137042,-0.038194859,-0.226011679,-0.488715575,1,1,1,1,1,1,1,1,8,0.125,-0.029134083,7.533033E-17,0.866021,-0.033641297
500005,-0.243473324,0.5707605124,-0.231670805,0.7686551275,0.6784137042,0.9331768019,0.2466798521,-0.488715575,1,1,1,1,1,1,1,1,8,0.125,0.2792282867,7.533033E-17,0.866021,0.3224265377
500007,0.6671169089,-0.436147184,0.70891858,0.7686551275,0.6784137042,0.9331768019,0.7193713829,1.5474925688,1,1,1,1,1,1,1,1,8,0.125,0.6983747363,7.533033E-17,0.866021,0.8064173974
500008,0.6671169089,0.5707605124,-0.231670805,0.7686551275,0.6784137042,0.9331768019,1.1920629137,0.5293884968,1,1,1,1,1,1,1,1,8,0.125,0.6384879576,7.533033E-17,0.866021,0.7372657833
500011,-1.154063558,-1.44305488,-1.17226019,-1.277016409,-0.312251048,-1.00956652,-1.17139474,-0.997767611,1,1,1,1,1,1,1,1,8,0.125,-1.06717187,7.533033E-17,0.866021,-1.232269607
500014,-2.064653791,-1.44305488,-1.17226019,-2.299852177,-0.312251048,-1.980938182,-1.644086271,-2.015871683,1,1,1,1,1,1,1,1,8,0.125,-1.616621028,7.533033E-17,0.866021,-1.866721767
500015,-1.154063558,-1.44305488,-1.17226019,-1.277016409,-0.312251048,-1.00956652,-1.644086271,-2.015871683,1,1,1,1,1,1,1,1,8,0.125,-1.25352132,7.533033E-17,0.866021,-1.447448408
500016,-0.243473324,0.5707605124,-0.231670805,0.7686551275,0.6784137042,0.9331768019,0.7193713829,0.5293884968,1,1,1,1,1,1,1,1,8,0.125,0.4655777371,7.533033E-17,0.866021,0.5376053392
500019,-0.243473324,-0.436147184,-0.231670805,-0.254180641,-0.312251048,-1.00956652,-1.17139474,-0.997767611,1,1,1,1,1,1,1,1,8,0.125,-0.582056484,7.533033E-17,0.866021,-0.672104031
500021,-0.243473324,-0.436147184,-0.231670805,-0.254180641,-0.312251048,-1.00956652,-0.69870321,-1.506819647,1,1,1,1,1,1,1,1,8,0.125,-0.586601547,7.533033E-17,0.866021,-0.677352242
500024,-1.154063558,-0.436147184,-0.231670805,-0.254180641,0.6784137042,-0.038194859,-0.226011679,-0.997767611,1,1,1,1,1,1,1,1,8,0.125,-0.332452829,7.533033E-17,0.866021,-0.383885228
500025,-0.243473324,0.5707605124,-0.231670805,-0.254180641,0.6784137042,-0.038194859,0.7193713829,-0.488715575,1,1,1,1,1,1,1,1,8,0.125,0.0890387994,7.533033E-17,0.866021,0.102813623
500026,-1.154063558,-0.436147184,-1.17226019,-0.254180641,-1.3029158,-1.00956652,-1.17139474,-2.015871683,1,1,1,1,1,1,1,1,8,0.125,-1.06455004,7.533033E-17,0.866021,-1.229242164
500027,-1.154063558,0.5707605124,-1.17226019,-0.254180641,-0.312251048,-0.038194859,-0.226011679,-0.997767611,1,1,1,1,1,1,1,1,8,0.125,-0.447996134,7.533033E-17,0.866021,-0.517303759
500030,-0.243473324,0.5707605124,-0.231670805,-0.254180641,0.6784137042,-0.038194859,-0.226011679,-1.506819647,1,1,1,1,1,1,1,1,8,0.125,-0.156397092,7.533033E-17,0.866021,-0.180592638
500031,-1.154063558,-0.436147184,-0.231670805,-1.277016409,0.6784137042,-1.00956652,-1.644086271,-1.506819647,1,1,1,1,1,1,1,1,8,0.125,-0.822619586,7.533033E-17,0.866021,-0.949883653
500033,-1.154063558,-0.436147184,0.70891858,0.7686551275,0.6784137042,-1.00956652,-1.17139474,0.0203364607,1,1,1,1,1,1,1,1,8,0.125,-0.199356016,7.533033E-17,0.866021,-0.230197559
500036,-1.154063558,-1.44305488,-1.17226019,-1.277016409,-0.312251048,-1.00956652,-2.116777802,-1.506819647,1,1,1,1,1,1,1,1,8,0.125,-1.248976257,7.533033E-17,0.866021,-1.442200197
500037,,,,,,,,,0,0,0,0,0,0,0,0,0,,,7.533033E-17,0.866021,
500039,-0.243473324,-0.436147184,-0.231670805,-0.254180641,0.6784137042,-0.038194859,-0.69870321,-0.488715575,1,1,1,1,1,1,1,1,8,0.125,-0.214083987,7.533033E-17,0.866021,-0.247204033
500041,-0.243473324,0.5707605124,-1.17226019,-1.277016409,-0.312251048,-1.00956652,-1.17139474,-0.488715575,1,1,1,1,1,1,1,1,8,0.125,-0.637989662,7.533033E-17,0.866021,-0.736690398
500044,-0.243473324,0.5707605124,-0.231670805,-0.254180641,0.6784137042,-0.038194859,-0.226011679,-0.997767611,1,1,1,1,1,1,1,1,8,0.125,-0.092765588,7.533033E-17,0.866021,-0.107116967
500050,-0.243473324,-0.436147184,-1.17226019,-0.254180641,0.6784137042,-0.038194859,-0.69870321,-1.506819647,1,1,1,1,1,1,1,1,8,0.125,-0.458920669,7.533033E-17,0.866021,-0.529918384
500051,-0.243473324,0.5707605124,-0.231670805,-0.254180641,0.6784137042,0.9331768019,0.7193713829,0.0203364607,1,1,1,1,1,1,1,1,8,0.125,0.2740917615,7.533033E-17,0.866021,0.316495362
500052,,,,,,,,,0,0,0,0,0,0,0,0,0,,,7.533033E-17,0.866021,
500053,-1.154063558,-0.436147184,-1.17226019,-1.277016409,-1.3029158,-1.00956652,-1.17139474,0.0203364607,1,1,1,1,1,1,1,1,8,0.125,-0.937878493,7.533033E-17,0.866021,-1.082973787
500054,-0.243473324,0.5707605124,-0.231670805,-0.254180641,-0.312251048,-0.038194859,0.2466798521,-0.997767611,1,1,1,1,1,1,1,1,8,0.125,-0.157512241,7.533033E-17,0.866021,-0.181880306
500058,-0.243473324,-0.436147184,0.70891858,-0.254180641,0.6784137042,-1.00956652,0.7193713829,0.0203364607,1,1,1,1,1,1,1,1,8,0.125,0.0229590573,7.533033E-17,0.866021,0.0265109579
500060,-1.154063558,-0.436147184,-0.231670805,-1.277016409,-0.312251048,-1.00956652,-1.17139474,-1.506819647,1,1,1,1,1,1,1,1,8,0.125,-0.887366239,7.533033E-17,0.866021,-1.024646992
500064,-1.154063558,-1.44305488,-1.17226019,-0.254180641,-0.312251048,-1.00956652,-0.69870321,-1.506819647,1,1,1,1,1,1,1,1,8,0.125,-0.943862462,7.533033E-17,0.866021,-1.089883511
500072,-0.243473324,-0.436147184,0.70891858,-0.254180641,0.6784137042,-0.038194859,-0.226011679,-0.488715575,1,1,1,1,1,1,1,1,8,0.125,-0.037423872,7.533033E-17,0.866021,-0.043213564
500077,0.6671169089,0.5707605124,-0.231670805,-0.254180641,-0.312251048,-0.038194859,0.7193713829,0.0203364607,1,1,1,1,1,1,1,1,8,0.125,0.142660989,7.533033E-17,0.866021,0.1647314794
500079,-1.154063558,-1.44305488,-1.17226019,-1.277016409,-0.312251048,-1.00956652,-1.644086271,-2.015871683,1,1,1,1,1,1,1,1,8,0.125,-1.25352132,7.533033E-17,0.866021,-1.447448408
500084,-0.243473324,-0.436147184,-0.231670805,-0.254180641,-0.312251048,-0.038194859,-0.69870321,-0.997767611,1,1,1,1,1,1,1,1,8,0.125,-0.401548585,7.533033E-17,0.866021,-0.463670503
500088,-1.154063558,0.5707605124,-0.231670805,-1.277016409,-0.312251048,-0.038194859,0.2466798521,0.0203364607,1,1,1,1,1,1,1,1,8,0.125,-0.271927482,7.533033E-17,0.866021,-0.313996255
500108,-0.243473324,0.5707605124,-0.231670805,-0.254180641,0.6784137042,-1.00956652,-0.226011679,-1.506819647,1,1,1,1,1,1,1,1,8,0.125,-0.27781855,7.533033E-17,0.866021,-0.320798706
500119,-0.243473324,-0.436147184,-0.231670805,0.7686551275,0.6784137042,-0.038194859,0.2466798521,-0.488715575,1,1,1,1,1,1,1,1,8,0.125,0.031943367,7.533033E-17,0.866021,0.0368851929
50011F,1.5777071423,1.5776682088,1.6495079648,1.7914908957,1.6690784566,1.904548463,1.6647544446,1.5474925688,1,1,1,1,1,1,1,1,8,0.125,1.6727810181,7.533033E-17,0.866021,1.9315700367
500124,-0.243473324,-0.436147184,-0.231670805,-0.254180641,-0.312251048,-0.038194859,0.7193713829,0.0203364607,1,1,1,1,1,1,1,1,8,0.125,-0.097026252,7.533033E-17,0.866021,-0.112036782
500129,-1.154063558,-1.44305488,-1.17226019,-1.277016409,-0.312251048,-1.00956652,-0.69870321,-0.997767611,1,1,1,1,1,1,1,1,8,0.125,-1.008085428,7.533033E-17,0.866021,-1.164042147
500139,-0.243473324,-0.436147184,-0.231670805,-0.254180641,0.6784137042,-0.038194859,-0.226011679,0.0203364607,1,1,1,1,1,1,1,1,8,0.125,-0.091366041,7.533033E-17,0.866021,-0.105500902
500141,-1.154063558,-1.44305488,-1.17226019,-1.277016409,-0.312251048,-0.038194859,-0.69870321,-0.997767611,1,1,1,1,1,1,1,1,8,0.125,-0.886663971,7.533033E-17,0.866021,-1.023836079
500150,0.6671169089,0.5707605124,0.70891858,0.7686551275,0.6784137042,0.9331768019,1.1920629137,1.0384405328,1,1,1,1,1,1,1,1,8,0.125,0.8196931352,7.533033E-17,0.866021,0.946504463
500151,-0.243473324,-0.436147184,-0.231670805,-0.254180641,0.6784137042,-0.038194859,0.2466798521,0.5293884968,1,1,1,1,1,1,1,1,8,0.125,0.031351905,7.533033E-17,0.866021,0.0362022283
500152,-0.243473324,0.5707605124,-1.17226019,-0.254180641,-0.312251048,-0.038194859,0.7193713829,0.0203364607,1,1,1,1,1,1,1,1,8,0.125,-0.088736463,7.533033E-17,0.866021,-0.102464514
500154,-0.243473324,0.5707605124,-0.231670805,-0.254180641,-0.312251048,0.9331768019,0.2466798521,0.0203364607,1,1,1,1,1,1,1,1,8,0.125,0.0911722261,7.533033E-17,0.866021,0.1052771034
50030F,0.6671169089,0.5707605124,-0.231670805,1.7914908957,0.6784137042,0.9331768019,0.2466798521,-0.488715575,1,1,1,1,1,1,1,1,8,0.125,0.5209065369,7.533033E-17,0.866021,0.6014938284
501302,,,,,,,,,0,0,0,0,0,0,0,0,0,,,7.533033E-17,0.866021,
501303,,,,,,,,,0,0,0,0,0,0,0,0,0,,,7.533033E-17,0.866021,
501304,,,,,,,,,0,0,0,0,0,0,0,0,0,,,7.533033E-17,0.866021,
501305,,,,,,,,,0,0,0,0,0,0,0,0,0,,,7.533033E-17,0.866021,
501307,,,,,,,,,0,0,0,0,0,0,0,0,0,,,7.533033E-17,0.866021,
501308,,,,,,,,,0,0,0,0,0,0,0,0,0,,,7.533033E-17,0.866021,
501309,,,,,,,,,0,0,0,0,0,0,0,0,0,,,7.533033E-17,0.866021,
501310,1.5777071423,1.5776682088,1.6495079648,0.7686551275,0.6784137042,0.9331768019,1.6647544446,1.5474925688,1,1,1,1,1,1,1,1,8,0.125,1.2996719954,7.533033E-17,0.866021,1.5007388634
501312,-0.243473324,1.5776682088,0.70891858,0.7686551275,0.6784137042,0.9331768019,0.7193713829,0.5293884968,1,1,1,1,1,1,1,1,8,0.125,0.7090148722,7.533033E-17,0.866021,0.8187036246
501313,,,,,,,,,0,0,0,0,0,0,0,0,0,,,7.533033E-17,0.866021,
501314,,,,,,,,,0,0,0,0,0,0,0,0,0,,,7.533033E-17,0.866021,
501315,,,,,,,,,0,0,0,0,0,0,0,0,0,,,7.533033E-17,0.866021,
501316,,,,,,,,,0,0,0,0,0,0,0,0,0,,,7.533033E-17,0.866021,
501317,,,,,,,,,0,0,0,0,0,0,0,0,0,,,7.533033E-17,0.866021,
501318,,,,,,,,,0,0,0,0,0,0,0,0,0,,,7.533033E-17,0.866021,
501319,,,,,,,,,0,0,0,0,0,0,0,0,0,,,7.533033E-17,0.866021,
501320,,,,,,,,,0,0,0,0,0,0,0,0,0,,,7.533033E-17,0.866021,
501321,,,,,,,,,0,0,0,0,0,0,0,0,0,,,7.533033E-17,0.866021,
501322,,,,,,,,,0,0,0,0,0,0,0,0,0,,,7.533033E-17,0.866021,
501323,0.6671169089,1.5776682088,1.6495079648,-0.254180641,0.6784137042,0.9331768019,1.1920629137,0.5293884968,1,1,1,1,1,1,1,1,8,0.125,0.8716442948,7.533033E-17,0.866021,1.0064927712
501324,,,,,,,,,0,0,0,0,0,0,0,0,0,,,7.533033E-17,0.866021,
501325,,,,,,,,,0,0,0,0,0,0,0,0,0,,,7.533033E-17,0.866021,
501326,,,,,,,,,0,0,0,0,0,0,0,0,0,,,7.533033E-17,0.866021,
501327,,,,,,,,,0,0,0,0,0,0,0,0,0,,,7.533033E-17,0.866021,
501328,-0.243473324,1.5776682088,0.70891858,0.7686551275,-0.312251048,-0.038194859,-0.226011679,0.5293884968,1,1,1,1,1,1,1,1,8,0.125,0.3455874378,7.533033E-17,0.866021,0.3990518381
501329,,,,,,,,,0,0,0,0,0,0,0,0,0,,,7.533033E-17,0.866021,
501330,-1.154063558,-2.449962577,-1.17226019,-1.277016409,-1.3029158,-1.980938182,-1.17139474,-0.488715575,1,1,1,1,1,1,1,1,8,0.125,-1.374658379,7.533033E-17,0.866021,-1.587326079
501331,1.5777071423,0.5707605124,1.6495079648,1.7914908957,0.6784137042,0.9331768019,1.6647544446,1.0384405328,1,1,1,1,1,1,1,1,8,0.125,1.2380314998,7.533033E-17,0.866021,1.4295622223
501332,1.5777071423,0.5707605124,1.6495079648,0.7686551275,1.6690784566,0.9331768019,1.1920629137,1.5474925688,1,1,1,1,1,1,1,1,8,0.125,1.238555186,7.533033E-17,0.866021,1.4301669257
501333,0.6671169089,0.5707605124,1.6495079648,0.7686551275,0.6784137042,0.9331768019,0.7193713829,0.5293884968,1,1,1,1,1,1,1,1,8,0.125,0.8145488624,7.533033E-17,0.866021,0.9405643411
501334,,,,,,,,,0,0,0,0,0,0,0,0,0,,,7.533033E-17,0.866021,
501335,-0.243473324,-0.436147184,-0.231670805,-0.254180641,1.6690784566,-0.038194859,0.7193713829,0.5293884968,1,1,1,1,1,1,1,1,8,0.125,0.2142714404,7.533033E-17,0.866021,0.2474204869
501336,1.5777071423,1.5776682088,1.6495079648,1.7914908957,1.6690784566,0.9331768019,0.7193713829,1.0384405328,1,1,1,1,1,1,1,1,8,0.125,1.3695551732,7.533033E-17,0.866021,1.5814333781
501337,-0.243473324,-0.436147184,0.70891858,-1.277016409,0.6784137042,-0.038194859,-0.69870321,0.5293884968,1,1,1,1,1,1,1,1,8,0.125,-0.097101776,7.533033E-17,0.866021,-0.112123989
501338,,,,,,,,,0,0,0,0,0,0,0,0,0,,,7.533033E-17,0.866021,
501339,0.6671169089,0.5707605124,1.6495079648,0.7686551275,1.6690784566,0.9331768019,-0.226011679,0.5293884968,1,1,1,1,1,1,1,1,8,0.125,0.8202090738,7.533033E-17,0.866021,0.9471002203
501340,,,,,,,,,0,0,0,0,0,0,0,0,0,,,7.533033E-17,0.866021,
510001,0.6671169089,-0.436147184,-0.231670805,-0.254180641,0.6784137042,-0.038194859,0.7193713829,-0.997767611,1,1,1,1,1,1,1,1,8,0.125,0.013367612,7.533033E-17,0.866021,0.0154356598
510002,-1.154063558,-0.436147184,-1.17226019,-1.277016409,-1.3029158,-1.980938182,-1.644086271,-0.997767611,1,1,1,1,1,1,1,1,8,0.125,-1.245649401,7.533033E-17,0.866021,-1.438358657
510006,0.6671169089,-0.436147184,-0.231670805,-0.254180641,-1.3029158,-1.00956652,-0.226011679,-0.997767611,1,1,1,1,1,1,1,1,8,0.125,-0.473892916,7.533033E-17,0.866021,-0.547206926
510007,-0.243473324,-1.44305488,-0.231670805,-0.254180641,-0.312251048,-0.038194859,0.2466798521,-0.488715575,1,1,1,1,1,1,1,1,8,0.125,-0.34560766,7.533033E-17,0.866021,-0.399075189
510008,-0.243473324,-1.44305488,-0.231670805,-1.277016409,-0.312251048,-1.00956652,-1.17139474,-0.488715575,1,1,1,1,1,1,1,1,8,0.125,-0.772142913,7.533033E-17,0.866021,-0.891597943
510012,-0.243473324,-2.449962577,0.70891858,-0.254180641,-1.3029158,-1.00956652,-1.17139474,-0.488715575,1,1,1,1,1,1,1,1,8,0.125,-0.776411325,7.533033E-17,0.866021,-0.896526703
510013,0.6671169089,0.5707605124,1.6495079648,0.7686551275,-0.312251048,-0.038194859,0.2466798521,-0.488715575,1,1,1,1,1,1,1,1,8,0.125,0.3829448604,7.533033E-17,0.866021,0.4421886726
510022,-0.243473324,-0.436147184,0.70891858,-0.254180641,-0.312251048,-0.038194859,-0.226011679,-0.997767611,1,1,1,1,1,1,1,1,8,0.125,-0.224888471,7.533033E-17,0.866021,-0.259680034
510023,-1.154063558,-0.436147184,-2.112849574,-1.277016409,-0.312251048,-1.00956652,-1.644086271,-1.506819647,1,1,1,1,1,1,1,1,8,0.125,-1.181600027,7.533033E-17,0.866021,-1.36440047
510024,0.6671169089,0.5707605124,0.70891858,0.7686551275,0.6784137042,0.9331768019,0.7193713829,0.0203364607,1,1,1,1,1,1,1,1,8,0.125,0.6333436848,7.533033E-17,0.866021,0.7313256615
510029,,,,,,,,,0,0,0,0,0,0,0,0,0,,,7.533033E-17,0.866021,
51002F,1.5777071423,0.5707605124,1.6495079648,1.7914908957,1.6690784566,1.904548463,1.6647544446,1.0384405328,1,1,1,1,1,1,1,1,8,0.125,1.4832860515,7.533033E-17,0.866021,1.7127590892
510030,-0.243473324,0.5707605124,0.70891858,-0.254180641,-1.3029158,-1.00956652,-1.17139474,-0.488715575,1,1,1,1,1,1,1,1,8,0.125,-0.398820939,7.533033E-17,0.866021,-0.460520873
510031,,,,,,,,,0,0,0,0,0,0,0,0,0,,,7.533033E-17,0.866021,
510038,0.6671169089,0.5707605124,0.70891858,0.7686551275,-0.312251048,-0.038194859,-0.226011679,0.0203364607,1,1,1,1,1,1,1,1,8,0.125,0.2699162504,7.533033E-17,0.866021,0.3116738749
51003F,1.5777071423,0.5707605124,1.6495079648,1.7914908957,0.6784137042,0.9331768019,1.1920629137,0.5293884968,1,1,1,1,1,1,1,1,8,0.125,1.115313554,7.533033E-17,0.866021,1.2878590916
510046,-1.154063558,-0.436147184,-0.231670805,-0.254180641,-0.312251048,-1.00956652,-1.17139474,-1.506819647,1,1,1,1,1,1,1,1,8,0.125,-0.759511768,7.533033E-17,0.866021,-0.877012686
510048,-1.154063558,0.5707605124,-0.231670805,0.7686551275,0.6784137042,-0.038194859,-1.17139474,0.0203364607,1,1,1,1,1,1,1,1,8,0.125,-0.06964477,7.533033E-17,0.866021,-0.080419223
51004F,1.5777071423,0.5707605124,1.6495079648,1.7914908957,0.6784137042,1.904548463,1.6647544446,0.5293884968,1,1,1,1,1,1,1,1,8,0.125,1.295821453,7.533033E-17,0.866021,1.4962926195
510050,-1.154063558,-1.44305488,-0.231670805,-0.254180641,-0.312251048,-1.00956652,-1.17139474,0.0203364607,1,1,1,1,1,1,1,1,8,0.125,-0.694480716,7.533033E-17,0.866021,-0.80192095
510055,-0.243473324,0.5707605124,-0.231670805,-0.254180641,-0.312251048,-0.038194859,0.2466798521,1.0384405328,1,1,1,1,1,1,1,1,8,0.125,0.0970137775,7.533033E-17,0.866021,0.112022377
510058,0.6671169089,-0.436147184,0.70891858,-0.254180641,0.6784137042,-0.038194859,-0.226011679,-0.997767611,1,1,1,1,1,1,1,1,8,0.125,0.0127684024,7.533033E-17,0.866021,0.014743749
51005F,1.5777071423,1.5776682088,1.6495079648,1.7914908957,0.6784137042,1.904548463,1.1920629137,0.5293884968,1,1,1,1,1,1,1,1,8,0.125,1.3625984737,7.533033E-17,0.866021,1.5734004364
510062,-1.154063558,-1.44305488,-1.17226019,-1.277016409,-1.3029158,-1.00956652,-0.69870321,-1.506819647,1,1,1,1,1,1,1,1,8,0.125,-1.195550027,7.533033E-17,0.866021,-1.380508617
510070,-1.154063558,-1.44305488,-1.17226019,-1.277016409,-1.3029158,-1.980938182,-2.116777802,-0.997767611,1,1,1,1,1,1,1,1,8,0.125,-1.430599304,7.533033E-17,0.866021,-1.651921393
510072,0.6671169089,0.5707605124,0.70891858,0.7686551275,-0.312251048,-0.038194859,0.7193713829,1.0384405328,1,1,1,1,1,1,1,1,8,0.125,0.5153521421,7.533033E-17,0.866021,0.5950801362
510086,,,,,,,,,0,0,0,0,0,0,0,0,0,,,7.533033E-17,0.866021,
510091,,,,,,,,,0,0,0,0,0,0,0,0,0,,,7.533033E-17,0.866021,
510093,,,,,,,,,0,0,0,0,0,0,0,0,0,,,7.533033E-17,0.866021,
511300,,,,,,,,,0,0,0,0,0,0,0,0,0,,,7.533033E-17,0.866021,
511301,,,,,,,,,0,0,0,0,0,0,0,0,0,,,7.533033E-17,0.866021,
511303,,,,,,,,,0,0,0,0,0,0,0,0,0,,,7.533033E-17,0.866021,
511304,,,,,,,,,0,0,0,0,0,0,0,0,0,,,7.533033E-17,0.866021,
511306,,,,,,,,,0,0,0,0,0,0,0,0,0,,,7.533033E-17,0.866021,
511307,,,,,,,,,0,0,0,0,0,0,0,0,0,,,7.533033E-17,0.866021,
511308,,,,,,,,,0,0,0,0,0,0,0,0,0,,,7.533033E-17,0.866021,
511309,1.5777071423,1.5776682088,0.70891858,1.7914908957,1.6690784566,1.904548463,0.7193713829,2.0565446049,1,1,1,1,1,1,1,1,8,0.125,1.5006659668,7.533033E-17,0.866021,1.7328277791
511310,,,,,,,,,0,0,0,0,0,0,0,0,0,,,7.533033E-17,0.866021,
511311,,,,,,,,,0,0,0,0,0,0,0,0,0,,,7.533033E-17,0.866021,
511312,,,,,,,,,0,0,0,0,0,0,0,0,0,,,7.533033E-17,0.866021,
511313,1.5777071423,1.5776682088,1.6495079648,1.7914908957,1.6690784566,1.904548463,1.6647544446,2.0565446049,1,1,1,1,1,1,1,1,8,0.125,1.7364125226,7.533033E-17,0.866021,2.0050457075
511314,,,,,,,,,0,0,0,0,0,0,0,0,0,,,7.533033E-17,0.866021,
511315,1.5777071423,0.5707605124,1.6495079648,0.7686551275,-0.312251048,0.9331768019,1.1920629137,1.0384405328,1,1,1,1,1,1,1,1,8,0.125,0.9272574934,7.533033E-17,0.866021,1.0707096573
511316,1.5777071423,1.5776682088,1.6495079648,1.7914908957,0.6784137042,0.9331768019,0.7193713829,1.5474925688,1,1,1,1,1,1,1,1,8,0.125,1.3093535837,7.533033E-17,0.866021,1.5119182501
511317,,,,,,,,,0,0,0,0,0,0,0,0,0,,,7.533033E-17,0.866021,
511318,,,,,,,,,0,0,0,0,0,0,0,0,0,,,7.533033E-17,0.866021,
511319,1.5777071423,1.5776682088,0.70891858,0.7686551275,0.6784137042,0.9331768019,0.7193713829,0.5293884968,1,1,1,1,1,1,1,1,8,0.125,0.9366624305,7.533033E-17,0.866021,1.0815695933
511320,1.5777071423,1.5776682088,1.6495079648,0.7686551275,0.6784137042,1.904548463,1.1920629137,1.5474925688,1,1,1,1,1,1,1,1,8,0.125,1.3620070116,7.533033E-17,0.866021,1.5727174717
511321,0.6671169089,0.5707605124,1.6495079648,0.7686551275,-0.312251048,0.9331768019,0.7193713829,1.5474925688,1,1,1,1,1,1,1,1,8,0.125,0.8179787774,7.533033E-17,0.866021,0.944524884
511322,,,,,,,,,0,0,0,0,0,0,0,0,0,,,7.533033E-17,0.866021,
520002,0.6671169089,-0.436147184,-0.231670805,0.7686551275,0.6784137042,-0.038194859,-0.226011679,-0.488715575,1,1,1,1,1,1,1,1,8,0.125,0.0866807048,7.533033E-17,0.866021,0.1000907174
520004,0.6671169089,1.5776682088,0.70891858,0.7686551275,1.6690784566,0.9331768019,1.1920629137,1.0384405328,1,1,1,1,1,1,1,1,8,0.125,1.0693896913,7.533033E-17,0.866021,1.2348305384
520008,0.6671169089,0.5707605124,0.70891858,0.7686551275,0.6784137042,0.9331768019,0.7193713829,0.5293884968,1,1,1,1,1,1,1,1,8,0.125,0.6969751893,7.533033E-17,0.866021,0.8048013323
520009,-0.243473324,-0.436147184,0.70891858,-0.254180641,0.6784137042,0.9331768019,0.2466798521,1.0384405328,1,1,1,1,1,1,1,1,8,0.125,0.3339785402,7.533033E-17,0.866021,0.385646976
520011,0.6671169089,-0.436147184,-0.231670805,-0.254180641,0.6784137042,-1.00956652,-0.226011679,0.5293884968,1,1,1,1,1,1,1,1,8,0.125,-0.035332215,7.533033E-17,0.866021,-0.040798315
520019,-0.243473324,-1.44305488,-0.231670805,-0.254180641,0.6784137042,-0.038194859,-0.69870321,0.0203364607,1,1,1,1,1,1,1,1,8,0.125,-0.276315944,7.533033E-17,0.866021,-0.319063639
520021,-0.243473324,0.5707605124,0.70891858,-0.254180641,-1.3029158,-0.038194859,0.2466798521,-0.997767611,1,1,1,1,1,1,1,1,8,0.125,-0.163771661,7.533033E-17,0.866021,-0.189108096
520028,0.6671169089,0.5707605124,0.70891858,0.7686551275,0.6784137042,0.9331768019,0.7193713829,0.0203364607,1,1,1,1,1,1,1,1,8,0.125,0.6333436848,7.533033E-17,0.866021,0.7313256615
52002F,,,,,,,,,0,0,0,0,0,0,0,0,0,,,7.533033E-17,0.866021,
520030,0.6671169089,0.5707605124,-0.231670805,0.7686551275,0.6784137042,0.9331768019,0.2466798521,-0.488715575,1,1,1,1,1,1,1,1,8,0.125,0.3930520659,7.533033E-17,0.866021,0.453859522
520033,-0.243473324,-0.436147184,0.70891858,0.7686551275,0.6784137042,-0.038194859,-0.226011679,2.0565446049,1,1,1,1,1,1,1,1,8,0.125,0.4085881213,7.533033E-17,0.866021,0.4717990962
520034,1.5777071423,0.5707605124,0.70891858,0.7686551275,0.6784137042,0.9331768019,0.7193713829,1.5474925688,1,1,1,1,1,1,1,1,8,0.125,0.9380619775,7.533033E-17,0.866021,1.0831856583
520035,-0.243473324,0.5707605124,-0.231670805,0.7686551275,1.6690784566,0.9331768019,0.2466798521,1.0384405328,1,1,1,1,1,1,1,1,8,0.125,0.5939558942,7.533033E-17,0.866021,0.6858443491
520037,-0.243473324,-0.436147184,-0.231670805,0.7686551275,0.6784137042,-1.00956652,-1.17139474,-0.488715575,1,1,1,1,1,1,1,1,8,0.125,-0.266737415,7.533033E-17,0.866021,-0.308003255
520038,1.5777071423,0.5707605124,1.6495079648,1.7914908957,1.6690784566,0.9331768019,0.7193713829,2.0565446049,1,1,1,1,1,1,1,1,8,0.125,1.3709547202,7.533033E-17,0.866021,1.5830494431
52003F,1.5777071423,1.5776682088,0.70891858,1.7914908957,0.6784137042,0.9331768019,1.1920629137,1.0384405328,1,1,1,1,1,1,1,1,8,0.125,1.1872348474,7.533033E-17,0.866021,1.3709070303
520041,-0.243473324,-0.436147184,-0.231670805,-0.254180641,0.6784137042,-0.038194859,-1.17139474,0.5293884968,1,1,1,1,1,1,1,1,8,0.125,-0.145907419,7.533033E-17,0.866021,-0.168480151
520044,1.5777071423,0.5707605124,-0.231670805,0.7686551275,0.6784137042,0.9331768019,0.2466798521,0.5293884968,1,1,1,1,1,1,1,1,8,0.125,0.634138854,7.533033E-17,0.866021,0.732243848
520045,0.6671169089,0.5707605124,-0.231670805,0.7686551275,0.6784137042,0.9331768019,0.2466798521,-0.997767611,1,1,1,1,1,1,1,1,8,0.125,0.3294205614,7.533033E-17,0.866021,0.3803838511
520049,0.6671169089,0.5707605124,0.70891858,0.7686551275,0.6784137042,0.9331768019,0.7193713829,0.0203364607,1,1,1,1,1,1,1,1,8,0.125,0.6333436848,7.533033E-17,0.866021,0.7313256615
52004F,1.5777071423,1.5776682088,1.6495079648,1.7914908957,1.6690784566,1.904548463,1.6647544446,0.5293884968,1,1,1,1,1,1,1,1,8,0.125,1.5455180091,7.533033E-17,0.866021,1.784618695
520051,-1.154063558,-0.436147184,-1.17226019,-1.277016409,-1.3029158,-1.00956652,-0.69870321,-0.488715575,1,1,1,1,1,1,1,1,8,0.125,-0.942423556,7.533033E-17,0.866021,-1.088221998
520057,1.5777071423,1.5776682088,1.6495079648,1.7914908957,1.6690784566,0.9331768019,0.7193713829,1.5474925688,1,1,1,1,1,1,1,1,8,0.125,1.4331866777,7.533033E-17,0.866021,1.6549090489
520059,-0.243473324,-0.436147184,0.70891858,-0.254180641,1.6690784566,-0.038194859,-0.69870321,0.0203364607,1,1,1,1,1,1,1,1,8,0.125,0.0909542849,7.533033E-17,0.866021,0.1050254454
520062,0.6671169089,0.5707605124,0.70891858,0.7686551275,0.6784137042,0.9331768019,0.7193713829,0.0203364607,1,1,1,1,1,1,1,1,8,0.125,0.6333436848,7.533033E-17,0.866021,0.7313256615
520063,-0.243473324,-0.436147184,-1.17226019,-0.254180641,0.6784137042,-0.038194859,-0.226011679,-0.997767611,1,1,1,1,1,1,1,1,8,0.125,-0.336202723,7.533033E-17,0.866021,-0.388215253
520066,-0.243473324,-0.436147184,0.70891858,0.7686551275,0.6784137042,-0.038194859,-0.226011679,-0.488715575,1,1,1,1,1,1,1,1,8,0.125,0.0904305987,7.533033E-17,0.866021,0.1044207419
520070,1.5777071423,0.5707605124,0.70891858,0.7686551275,1.6690784566,0.9331768019,1.1920629137,0.5293884968,1,1,1,1,1,1,1,1,8,0.125,0.9937185039,7.533033E-17,0.866021,1.1474525752
520071,0.6671169089,0.5707605124,-0.231670805,0.7686551275,1.6690784566,-0.038194859,0.2466798521,1.0384405328,1,1,1,1,1,1,1,1,8,0.125,0.5863582158,7.533033E-17,0.866021,0.6770712652
520075,0.6671169089,0.5707605124,-0.231670805,0.7686551275,0.6784137042,-0.038194859,-0.226011679,1.0384405328,1,1,1,1,1,1,1,1,8,0.125,0.4034386804,7.533033E-17,0.866021,0.4658530066
520076,0.6671169089,0.5707605124,0.70891858,0.7686551275,0.6784137042,0.9331768019,-0.69870321,1.5474925688,1,1,1,1,1,1,1,1,8,0.125,0.6469788743,7.533033E-17,0.866021,0.7470702946
520078,-0.243473324,0.5707605124,-0.231670805,-0.254180641,-0.312251048,-0.038194859,-0.226011679,1.0384405328,1,1,1,1,1,1,1,1,8,0.125,0.0379273361,7.533033E-17,0.866021,0.0437949171
520083,-0.243473324,0.5707605124,-0.231670805,0.7686551275,0.6784137042,0.9331768019,0.7193713829,0.0203364607,1,1,1,1,1,1,1,1,8,0.125,0.4019462326,7.533033E-17,0.866021,0.4641296684
520087,1.5777071423,0.5707605124,0.70891858,0.7686551275,0.6784137042,0.9331768019,1.1920629137,0.0203364607,1,1,1,1,1,1,1,1,8,0.125,0.8062539053,7.533033E-17,0.866021,0.9309861056
520088,0.6671169089,0.5707605124,0.70891858,0.7686551275,0.6784137042,-0.038194859,-0.226011679,1.0384405328,1,1,1,1,1,1,1,1,8,0.125,0.5210123535,7.533033E-17,0.866021,0.6016160154
520089,0.6671169089,0.5707605124,-0.231670805,0.7686551275,0.6784137042,0.9331768019,1.1920629137,0.5293884968,1,1,1,1,1,1,1,1,8,0.125,0.6384879576,7.533033E-17,0.866021,0.7372657833
520091,1.5777071423,0.5707605124,1.6495079648,0.7686551275,1.6690784566,0.9331768019,1.6647544446,1.5474925688,1,1,1,1,1,1,1,1,8,0.125,1.2976416274,7.533033E-17,0.866021,1.4983943856
520095,1.5777071423,1.5776682088,1.6495079648,1.7914908957,1.6690784566,1.904548463,1.6647544446,1.5474925688,1,1,1,1,1,1,1,1,8,0.125,1.6727810181,7.533033E-17,0.866021,1.9315700367
520096,-0.243473324,0.5707605124,-0.231670805,-0.254180641,0.6784137042,-0.038194859,-1.17139474,-0.488715575,1,1,1,1,1,1,1,1,8,0.125,-0.147306966,7.533033E-17,0.866021,-0.170096216
520097,-0.243473324,-0.436147184,-0.231670805,-0.254180641,0.6784137042,-0.038194859,-0.69870321,-0.488715575,1,1,1,1,1,1,1,1,8,0.125,-0.214083987,7.533033E-17,0.866021,-0.247204033
520098,0.6671169089,0.5707605124,-0.231670805,0.7686551275,1.6690784566,0.9331768019,1.1920629137,0.0203364607,1,1,1,1,1,1,1,1,8,0.125,0.6986895471,7.533033E-17,0.866021,0.8067809113
520100,-0.243473324,-1.44305488,0.70891858,0.7686551275,-0.312251048,-0.038194859,-1.17139474,-0.997767611,1,1,1,1,1,1,1,1,8,0.125,-0.341070345,7.533033E-17,0.866021,-0.393835924
520102,1.5777071423,0.5707605124,0.70891858,0.7686551275,1.6690784566,0.9331768019,0.7193713829,-0.488715575,1,1,1,1,1,1,1,1,8,0.125,0.8073690535,7.533033E-17,0.866021,0.9322737737
520103,0.6671169089,0.5707605124,-0.231670805,0.7686551275,0.6784137042,-0.038194859,0.2466798521,-0.997767611,1,1,1,1,1,1,1,1,8,0.125,0.2079991037,7.533033E-17,0.866021,0.240177783
520107,0.6671169089,0.5707605124,0.70891858,0.7686551275,0.6784137042,0.9331768019,-0.226011679,0.0203364607,1,1,1,1,1,1,1,1,8,0.125,0.5151708021,7.533033E-17,0.866021,0.5948707418
520109,0.6671169089,1.5776682088,0.70891858,0.7686551275,0.6784137042,0.9331768019,0.2466798521,0.0203364607,1,1,1,1,1,1,1,1,8,0.125,0.7001207055,7.533033E-17,0.866021,0.8084334783
520113,0.6671169089,-0.436147184,0.70891858,0.7686551275,0.6784137042,-0.038194859,-0.69870321,1.0384405328,1,1,1,1,1,1,1,1,8,0.125,0.3360624501,7.533033E-17,0.866021,0.3880532789
520116,0.6671169089,0.5707605124,1.6495079648,0.7686551275,0.6784137042,0.9331768019,0.2466798521,0.5293884968,1,1,1,1,1,1,1,1,8,0.125,0.7554624211,7.533033E-17,0.866021,0.8723368813
520136,-0.243473324,0.5707605124,-0.231670805,0.7686551275,-0.312251048,-0.038194859,-0.226011679,0.0203364607,1,1,1,1,1,1,1,1,8,0.125,0.0385187982,7.533033E-17,0.866021,0.0444778818
520138,-0.243473324,0.5707605124,-0.231670805,0.7686551275,0.6784137042,0.9331768019,0.2466798521,-0.997767611,1,1,1,1,1,1,1,1,8,0.125,0.2155967822,7.533033E-17,0.866021,0.2489508668
520139,-0.243473324,-0.436147184,-0.231670805,-0.254180641,0.6784137042,0.9331768019,0.2466798521,0.0203364607,1,1,1,1,1,1,1,1,8,0.125,0.0891418581,7.533033E-17,0.866021,0.1029326256
520160,0.6671169089,0.5707605124,-0.231670805,-0.254180641,0.6784137042,-0.038194859,0.2466798521,-0.488715575,1,1,1,1,1,1,1,1,8,0.125,0.1437761372,7.533033E-17,0.866021,0.1660191475
520177,0.6671169089,0.5707605124,-0.231670805,0.7686551275,0.6784137042,0.9331768019,0.7193713829,0.0203364607,1,1,1,1,1,1,1,1,8,0.125,0.5157700117,7.533033E-17,0.866021,0.5955626527
520189,-0.243473324,0.5707605124,-0.231670805,0.7686551275,0.6784137042,0.9331768019,0.7193713829,0.0203364607,1,1,1,1,1,1,1,1,8,0.125,0.4019462326,7.533033E-17,0.866021,0.4641296684
520193,0.6671169089,0.5707605124,1.6495079648,0.7686551275,0.6784137042,0.9331768019,0.7193713829,1.5474925688,1,1,1,1,1,1,1,1,8,0.125,0.9418118714,7.533033E-17,0.866021,1.0875156828
520194,1.5777071423,1.5776682088,1.6495079648,1.7914908957,1.6690784566,1.904548463,1.6647544446,2.0565446049,1,1,1,1,1,1,1,1,8,0.125,1.7364125226,7.533033E-17,0.866021,2.0050457075
520196,1.5777071423,1.5776682088,1.6495079648,1.7914908957,1.6690784566,1.904548463,1.6647544446,2.0565446049,1,1,1,1,1,1,1,1,8,0.125,1.7364125226,7.533033E-17,0.866021,2.0050457075
520198,0.6671169089,0.5707605124,0.70891858,0.7686551275,1.6690784566,0.9331768019,0.7193713829,0.0203364607,1,1,1,1,1,1,1,1,8,0.125,0.7571767789,7.533033E-17,0.866021,0.8743164603
520202,0.6671169089,0.5707605124,-0.231670805,0.7686551275,0.6784137042,0.9331768019,0.7193713829,1.0384405328,1,1,1,1,1,1,1,1,8,0.125,0.6430330207,7.533033E-17,0.866021,0.7425139944
520205,1.5777071423,1.5776682088,1.6495079648,1.7914908957,1.6690784566,1.904548463,1.6647544446,2.0565446049,1,1,1,1,1,1,1,1,8,0.125,1.7364125226,7.533033E-17,0.866021,2.0050457075
520206,0.6671169089,0.5707605124,0.70891858,0.7686551275,0.6784137042,0.9331768019,0.7193713829,0.0203364607,1,1,1,1,1,1,1,1,8,0.125,0.6333436848,7.533033E-17,0.866021,0.7313256615
520207,1.5777071423,0.5707605124,0.70891858,0.7686551275,1.6690784566,0.9331768019,1.1920629137,0.5293884968,1,1,1,1,1,1,1,1,8,0.125,0.9937185039,7.533033E-17,0.866021,1.1474525752
520208,0.6671169089,0.5707605124,0.70891858,0.7686551275,0.6784137042,0.9331768019,0.7193713829,0.0203364607,1,1,1,1,1,1,1,1,8,0.125,0.6333436848,7.533033E-17,0.866021,0.7313256615
520210,-0.243473324,-0.436147184,-0.231670805,-0.254180641,0.6784137042,-0.038194859,-0.226011679,0.0203364607,1,1,1,1,1,1,1,1,8,0.125,-0.091366041,7.533033E-17,0.866021,-0.105500902
520212,0.6671169089,0.5707605124,1.6495079648,0.7686551275,0.6784137042,0.9331768019,0.7193713829,1.5474925688,1,1,1,1,1,1,1,1,8,0.125,0.9418118714,7.533033E-17,0.866021,1.0875156828
520213,1.5777071423,0.5707605124,1.6495079648,1.7914908957,0.6784137042,0.9331768019,1.6647544446,1.0384405328,1,1,1,1,1,1,1,1,8,0.125,1.2380314998,7.533033E-17,0.866021,1.4295622223
520214,,,,,,,,,0,0,0,0,0,0,0,0,0,,,7.533033E-17,0.866021,
520215,,,,,,,,,0,0,0,0,0,0,0,0,0,,,7.533033E-17,0.866021,
521300,,,,,,,,,0,0,0,0,0,0,0,0,0,,,7.533033E-17,0.866021,
521302,,,,,,,,,0,0,0,0,0,0,0,0,0,,,7.533033E-17,0.866021,
521303,,,,,,,,,0,0,0,0,0,0,0,0,0,,,7.533033E-17,0.866021,
521304,,,,,,,,,0,0,0,0,0,0,0,0,0,,,7.533033E-17,0.866021,
521305,,,,,,,,,0,0,0,0,0,0,0,0,0,,,7.533033E-17,0.866021,
521307,,,,,,,,,0,0,0,0,0,0,0,0,0,,,7.533033E-17,0.866021,
521308,0.6671169089,0.5707605124,1.6495079648,1.7914908957,1.6690784566,0.9331768019,0.7193713829,1.5474925688,1,1,1,1,1,1,1,1,8,0.125,1.1934994365,7.533033E-17,0.866021,1.378140788
521309,,,,,,,,,0,0,0,0,0,0,0,0,0,,,7.533033E-17,0.866021,
521310,,,,,,,,,0,0,0,0,0,0,0,0,0,,,7.533033E-17,0.866021,
521311,,,,,,,,,0,0,0,0,0,0,0,0,0,,,7.533033E-17,0.866021,
521312,,,,,,,,,0,0,0,0,0,0,0,0,0,,,7.533033E-17,0.866021,
521313,,,,,,,,,0,0,0,0,0,0,0,0,0,,,7.533033E-17,0.866021,
521314,,,,,,,,,0,0,0,0,0,0,0,0,0,,,7.533033E-17,0.866021,
521315,0.6671169089,1.5776682088,1.6495079648,1.7914908957,1.6690784566,0.9331768019,1.6647544446,1.5474925688,1,1,1,1,1,1,1,1,8,0.125,1.4375357813,7.533033E-17,0.866021,1.6599309842
521316,,,,,,,,,0,0,0,0,0,0,0,0,0,,,7.533033E-17,0.866021,
521317,,,,,,,,,0,0,0,0,0,0,0,0,0,,,7.533033E-17,0.866021,
521318,,,,,,,,,0,0,0,0,0,0,0,0,0,,,7.533033E-17,0.866021,
521319,,,,,,,,,0,0,0,0,0,0,0,0,0,,,7.533033E-17,0.866021,
521320,1.5777071423,1.5776682088,1.6495079648,1.7914908957,1.6690784566,1.904548463,1.1920629137,1.0384405328,1,1,1,1,1,1,1,1,8,0.125,1.5500630722,7.533033E-17,0.866021,1.789866906
521321,1.5777071423,1.5776682088,1.6495079648,1.7914908957,0.6784137042,0.9331768019,1.1920629137,1.5474925688,1,1,1,1,1,1,1,1,8,0.125,1.368440025,7.533033E-17,0.866021,1.5801457099
521322,,,,,,,,,0,0,0,0,0,0,0,0,0,,,7.533033E-17,0.866021,
521323,,,,,,,,,0,0,0,0,0,0,0,0,0,,,7.533033E-17,0.866021,
521324,1.5777071423,0.5707605124,1.6495079648,0.7686551275,1.6690784566,0.9331768019,0.7193713829,2.0565446049,1,1,1,1,1,1,1,1,8,0.125,1.2431002491,7.533033E-17,0.866021,1.4354151368
521325,,,,,,,,,0,0,0,0,0,0,0,0,0,,,7.533033E-17,0.866021,
521326,-0.243473324,0.5707605124,0.70891858,-0.254180641,-0.312251048,-0.038194859,-0.226011679,0.5293884968,1,1,1,1,1,1,1,1,8,0.125,0.0918695047,7.533033E-17,0.866021,0.1060822551
521327,1.5777071423,1.5776682088,1.6495079648,1.7914908957,1.6690784566,0.9331768019,1.6647544446,2.0565446049,1,1,1,1,1,1,1,1,8,0.125,1.6149910649,7.533033E-17,0.866021,1.8648396394
521328,,,,,,,,,0,0,0,0,0,0,0,0,0,,,7.533033E-17,0.866021,
521329,0.6671169089,0.5707605124,-0.231670805,0.7686551275,1.6690784566,1.904548463,0.7193713829,0.0203364607,1,1,1,1,1,1,1,1,8,0.125,0.7610245634,7.533033E-17,0.866021,0.8787595196
521330,1.5777071423,1.5776682088,1.6495079648,1.7914908957,1.6690784566,1.904548463,1.6647544446,1.5474925688,1,1,1,1,1,1,1,1,8,0.125,1.6727810181,7.533033E-17,0.866021,1.9315700367
521331,,,,,,,,,0,0,0,0,0,0,0,0,0,,,7.533033E-17,0.866021,
521332,,,,,,,,,0,0,0,0,0,0,0,0,0,,,7.533033E-17,0.866021,
521333,1.5777071423,0.5707605124,1.6495079648,1.7914908957,0.6784137042,1.904548463,0.7193713829,2.0565446049,1,1,1,1,1,1,1,1,8,0.125,1.3685430838,7.533033E-17,0.866021,1.5802647125
521334,-0.243473324,0.5707605124,-0.231670805,-0.254180641,-0.312251048,-0.038194859,-0.226011679,0.5293884968,1,1,1,1,1,1,1,1,8,0.125,-0.025704168,7.533033E-17,0.866021,-0.029680754
521335,1.5777071423,1.5776682088,1.6495079648,0.7686551275,-0.312251048,0.9331768019,0.7193713829,0.5293884968,1,1,1,1,1,1,1,1,8,0.125,0.9304030096,7.533033E-17,0.866021,1.0743418032
521336,1.5777071423,1.5776682088,1.6495079648,1.7914908957,0.6784137042,0.9331768019,1.1920629137,1.5474925688,1,1,1,1,1,1,1,1,8,0.125,1.368440025,7.533033E-17,0.866021,1.5801457099
521337,-0.243473324,0.5707605124,0.70891858,0.7686551275,1.6690784566,0.9331768019,0.2466798521,1.0384405328,1,1,1,1,1,1,1,1,8,0.125,0.7115295673,7.533033E-17,0.866021,0.8216073578
521338,1.5777071423,1.5776682088,1.6495079648,1.7914908957,0.6784137042,0.9331768019,1.6647544446,2.0565446049,1,1,1,1,1,1,1,1,8,0.125,1.4911579709,7.533033E-17,0.866021,1.7218488406
521339,,,,,,,,,0,0,0,0,0,0,0,0,0,,,7.533033E-17,0.866021,
521340,1.5777071423,1.5776682088,1.6495079648,0.7686551275,0.6784137042,0.9331768019,0.7193713829,1.5474925688,1,1,1,1,1,1,1,1,8,0.125,1.1814991127,7.533033E-17,0.866021,1.3642839438
521341,1.5777071423,0.5707605124,1.6495079648,1.7914908957,1.6690784566,0.9331768019,0.7193713829,2.0565446049,1,1,1,1,1,1,1,1,8,0.125,1.3709547202,7.533033E-17,0.866021,1.5830494431
521342,,,,,,,,,0,0,0,0,0,0,0,0,0,,,7.533033E-17,0.866021,
521343,1.5777071423,1.5776682088,1.6495079648,1.7914908957,0.6784137042,1.904548463,1.6647544446,2.0565446049,1,1,1,1,1,1,1,1,8,0.125,1.6125794285,7.533033E-17,0.866021,1.8620549087
521344,,,,,,,,,0,0,0,0,0,0,0,0,0,,,7.533033E-17,0.866021,
521345,1.5777071423,1.5776682088,1.6495079648,1.7914908957,1.6690784566,1.904548463,1.6647544446,2.0565446049,1,1,1,1,1,1,1,1,8,0.125,1.7364125226,7.533033E-17,0.866021,2.0050457075
521346,0.6671169089,0.5707605124,0.70891858,0.7686551275,-0.312251048,-0.038194859,0.2466798521,1.5474925688,1,1,1,1,1,1,1,1,8,0.125,0.5198972053,7.533033E-17,0.866021,0.6003283473
521347,1.5777071423,0.5707605124,1.6495079648,0.7686551275,1.6690784566,0.9331768019,1.1920629137,1.0384405328,1,1,1,1,1,1,1,1,8,0.125,1.1749236815,7.533033E-17,0.866021,1.3566912549
521348,1.5777071423,1.5776682088,1.6495079648,1.7914908957,0.6784137042,0.9331768019,1.6647544446,2.0565446049,1,1,1,1,1,1,1,1,8,0.125,1.4911579709,7.533033E-17,0.866021,1.7218488406
521349,1.5777071423,1.5776682088,1.6495079648,1.7914908957,1.6690784566,1.904548463,1.6647544446,1.0384405328,1,1,1,1,1,1,1,1,8,0.125,1.6091495136,7.533033E-17,0.866021,1.8580943658
521350,0.6671169089,0.5707605124,1.6495079648,0.7686551275,1.6690784566,0.9331768019,0.7193713829,1.0384405328,1,1,1,1,1,1,1,1,8,0.125,1.002013461,7.533033E-17,0.866021,1.1570308108
521351,0.6671169089,0.5707605124,0.70891858,1.7914908957,1.6690784566,0.9331768019,0.7193713829,2.0565446049,1,1,1,1,1,1,1,1,8,0.125,1.1395572679,7.533033E-17,0.866021,1.31585345
521352,1.5777071423,0.5707605124,1.6495079648,1.7914908957,0.6784137042,1.904548463,1.6647544446,2.0565446049,1,1,1,1,1,1,1,1,8,0.125,1.4867159665,7.533033E-17,0.866021,1.7167196321
521353,,,,,,,,,0,0,0,0,0,0,0,0,0,,,7.533033E-17,0.866021,
521354,1.5777071423,1.5776682088,1.6495079648,1.7914908957,1.6690784566,1.904548463,1.6647544446,2.0565446049,1,1,1,1,1,1,1,1,8,0.125,1.7364125226,7.533033E-17,0.866021,2.0050457075
521355,0.6671169089,1.5776682088,1.6495079648,0.7686551275,1.6690784566,0.9331768019,0.7193713829,0.5293884968,1,1,1,1,1,1,1,1,8,0.125,1.0642454185,7.533033E-17,0.866021,1.2288904165
521356,,,,,,,,,0,0,0,0,0,0,0,0,0,,,7.533033E-17,0.866021,
521357,0.6671169089,1.5776682088,1.6495079648,0.7686551275,0.6784137042,0.9331768019,0.7193713829,2.0565446049,1,1,1,1,1,1,1,1,8,0.125,1.131306838,7.533033E-17,0.866021,1.3063266303
521358,1.5777071423,0.5707605124,1.6495079648,1.7914908957,1.6690784566,1.904548463,1.1920629137,2.0565446049,1,1,1,1,1,1,1,1,8,0.125,1.5514626192,7.533033E-17,0.866021,1.7914829711
521359,1.5777071423,1.5776682088,0.70891858,1.7914908957,1.6690784566,0.9331768019,1.1920629137,1.5474925688,1,1,1,1,1,1,1,1,8,0.125,1.374699446,7.533033E-17,0.866021,1.5873734999
530002,0.6671169089,0.5707605124,0.70891858,0.7686551275,0.6784137042,-0.038194859,0.2466798521,1.0384405328,1,1,1,1,1,1,1,1,8,0.125,0.5800987948,7.533033E-17,0.866021,0.6698434752
530006,0.6671169089,0.5707605124,1.6495079648,0.7686551275,1.6690784566,0.9331768019,0.7193713829,0.0203364607,1,1,1,1,1,1,1,1,8,0.125,0.874750452,7.533033E-17,0.866021,1.0100794691
530008,-1.154063558,-0.436147184,0.70891858,0.7686551275,-1.3029158,-1.980938182,-2.116777802,-0.997767611,1,1,1,1,1,1,1,1,8,0.125,-0.813879554,7.533033E-17,0.866021,-0.939791486
530011,0.6671169089,0.5707605124,0.70891858,0.7686551275,0.6784137042,0.9331768019,-0.226011679,0.5293884968,1,1,1,1,1,1,1,1,8,0.125,0.5788023066,7.533033E-17,0.866021,0.6683464127
530012,-0.243473324,-1.44305488,-0.231670805,-0.254180641,-0.312251048,-0.038194859,-1.17139474,-0.488715575,1,1,1,1,1,1,1,1,8,0.125,-0.522866984,7.533033E-17,0.866021,-0.603757568
530014,-0.243473324,0.5707605124,0.70891858,-0.254180641,-0.312251048,-0.038194859,-0.226011679,1.5474925688,1,1,1,1,1,1,1,1,8,0.125,0.2191325137,7.533033E-17,0.866021,0.2530335968
530015,1.5777071423,1.5776682088,1.6495079648,1.7914908957,0.6784137042,1.904548463,1.6647544446,1.5474925688,1,1,1,1,1,1,1,1,8,0.125,1.548947924,7.533033E-17,0.866021,1.7885792379
530025,0.6671169089,0.5707605124,0.70891858,0.7686551275,0.6784137042,0.9331768019,0.7193713829,1.5474925688,1,1,1,1,1,1,1,1,8,0.125,0.8242381983,7.533033E-17,0.866021,0.951752674
530032,,,,,,,,,0,0,0,0,0,0,0,0,0,,,7.533033E-17,0.866021,
530034,,,,,,,,,0,0,0,0,0,0,0,0,0,,,7.533033E-17,0.866021,
53004F,1.5777071423,1.5776682088,1.6495079648,1.7914908957,0.6784137042,1.904548463,0.7193713829,1.0384405328,1,1,1,1,1,1,1,1,8,0.125,1.3671435368,7.533033E-17,0.866021,1.5786486474
53005F,,,,,,,,,0,0,0,0,0,0,0,0,0,,,7.533033E-17,0.866021,
531301,,,,,,,,,0,0,0,0,0,0,0,0,0,,,7.533033E-17,0.866021,
531302,1.5777071423,0.5707605124,1.6495079648,1.7914908957,1.6690784566,0.9331768019,0.7193713829,2.0565446049,1,1,1,1,1,1,1,1,8,0.125,1.3709547202,7.533033E-17,0.866021,1.5830494431
531303,,,,,,,,,0,0,0,0,0,0,0,0,0,,,7.533033E-17,0.866021,
531304,,,,,,,,,0,0,0,0,0,0,0,0,0,,,7.533033E-17,0.866021,
531305,,,,,,,,,0,0,0,0,0,0,0,0,0,,,7.533033E-17,0.866021,
531306,,,,,,,,,0,0,0,0,0,0,0,0,0,,,7.533033E-17,0.866021,
531307,,,,,,,,,0,0,0,0,0,0,0,0,0,,,7.533033E-17,0.866021,
531308,,,,,,,,,0,0,0,0,0,0,0,0,0,,,7.533033E-17,0.866021,
531309,,,,,,,,,0,0,0,0,0,0,0,0,0,,,7.533033E-17,0.866021,
531310,1.5777071423,1.5776682088,1.6495079648,1.7914908957,1.6690784566,0.9331768019,0.7193713829,1.0384405328,1,1,1,1,1,1,1,1,8,0.125,1.3695551732,7.533033E-17,0.866021,1.5814333781
531311,,,,,,,,,0,0,0,0,0,0,0,0,0,,,7.533033E-17,0.866021,
531312,0.6671169089,0.5707605124,0.70891858,0.7686551275,0.6784137042,-0.038194859,0.7193713829,1.0384405328,1,1,1,1,1,1,1,1,8,0.125,0.6391852362,7.533033E-17,0.866021,0.738070935
531313,1.5777071423,1.5776682088,1.6495079648,0.7686551275,0.6784137042,0.9331768019,1.1920629137,1.5474925688,1,1,1,1,1,1,1,1,8,0.125,1.240585554,7.533033E-17,0.866021,1.4325114036
531314,,,,,,,,,0,0,0,0,0,0,0,0,0,,,7.533033E-17,0.866021,
531315,,,,,,,,,0,0,0,0,0,0,0,0,0,,,7.533033E-17,0.866021,
531316,,,,,,,,,0,0,0,0,0,0,0,0,0,,,7.533033E-17,0.866021,
650001,,,,,,,,,0,0,0,0,0,0,0,0,0,,,7.533033E-17,0.866021,
660001,,,,,,,,,0,0,0,0,0,0,0,0,0,,,7.533033E-17,0.866021,
670005,1.5777071423,1.5776682088,1.6495079648,1.7914908957,1.6690784566,1.904548463,1.6647544446,1.0384405328,1,1,1,1,1,1,1,1,8,0.125,1.6091495136,7.533033E-17,0.866021,1.8580943658
670006,-0.243473324,-0.436147184,1.6495079648,1.7914908957,-0.312251048,-0.038194859,-0.226011679,1.5474925688,1,1,1,1,1,1,1,1,8,0.125,0.4665516668,7.533033E-17,0.866021,0.5387299416
670008,1.5777071423,0.5707605124,1.6495079648,1.7914908957,0.6784137042,1.904548463,1.6647544446,2.0565446049,1,1,1,1,1,1,1,1,8,0.125,1.4867159665,7.533033E-17,0.866021,1.7167196321
670010,,,,,,,,,0,0,0,0,0,0,0,0,0,,,7.533033E-17,0.866021,
670023,0.6671169089,0.5707605124,-0.231670805,-0.254180641,-0.312251048,0.9331768019,1.1920629137,1.5474925688,1,1,1,1,1,1,1,1,8,0.125,0.5140634015,7.533033E-17,0.866021,0.5935920199
670025,1.5777071423,1.5776682088,1.6495079648,0.7686551275,0.6784137042,1.904548463,1.6647544446,1.5474925688,1,1,1,1,1,1,1,1,8,0.125,1.421093453,7.533033E-17,0.866021,1.6409449315
670031,-0.243473324,-0.436147184,0.70891858,-0.254180641,-1.3029158,-0.038194859,-0.226011679,-0.488715575,1,1,1,1,1,1,1,1,8,0.125,-0.28509006,7.533033E-17,0.866021,-0.329195162
670034,0.6671169089,0.5707605124,-0.231670805,0.7686551275,0.6784137042,0.9331768019,0.7193713829,1.0384405328,1,1,1,1,1,1,1,1,8,0.125,0.6430330207,7.533033E-17,0.866021,0.7425139944
670041,-1.154063558,-0.436147184,-1.17226019,-0.254180641,-0.312251048,-0.038194859,-0.226011679,0.0203364607,1,1,1,1,1,1,1,1,8,0.125,-0.446596587,7.533033E-17,0.866021,-0.515687694
670043,-1.154063558,-0.436147184,-1.17226019,-0.254180641,-1.3029158,-1.00956652,-0.69870321,-0.488715575,1,1,1,1,1,1,1,1,8,0.125,-0.814569085,7.533033E-17,0.866021,-0.940587692
670044,0.6671169089,0.5707605124,0.70891858,0.7686551275,0.6784137042,0.9331768019,0.7193713829,1.0384405328,1,1,1,1,1,1,1,1,8,0.125,0.7606066938,7.533033E-17,0.866021,0.8782770032
670047,-2.064653791,-2.449962577,-2.112849574,-1.277016409,-1.3029158,-1.00956652,-1.644086271,-1.506819647,1,1,1,1,1,1,1,1,8,0.125,-1.670983824,7.533033E-17,0.866021,-1.929494806
670049,0.6671169089,1.5776682088,0.70891858,0.7686551275,1.6690784566,0.9331768019,1.1920629137,1.0384405328,1,1,1,1,1,1,1,1,8,0.125,1.0693896913,7.533033E-17,0.866021,1.2348305384
670053,-1.154063558,0.5707605124,-0.231670805,-0.254180641,-0.312251048,-0.038194859,-0.226011679,0.5293884968,1,1,1,1,1,1,1,1,8,0.125,-0.139527948,7.533033E-17,0.866021,-0.161113738
670054,0.6671169089,1.5776682088,0.70891858,1.7914908957,0.6784137042,-0.038194859,1.6647544446,1.5474925688,1,1,1,1,1,1,1,1,8,0.125,1.0747075565,7.533033E-17,0.866021,1.2409711085
670055,-1.154063558,-0.436147184,-0.231670805,-1.277016409,-1.3029158,-0.038194859,-0.226011679,0.0203364607,1,1,1,1,1,1,1,1,8,0.125,-0.580710479,7.533033E-17,0.866021,-0.670549791
670056,-0.243473324,-0.436147184,-0.231670805,-0.254180641,0.6784137042,-0.038194859,0.2466798521,0.0203364607,1,1,1,1,1,1,1,1,8,0.125,-0.0322796,7.533033E-17,0.866021,-0.037273443
670059,0.6671169089,0.5707605124,1.6495079648,0.7686551275,-0.312251048,0.9331768019,0.7193713829,1.5474925688,1,1,1,1,1,1,1,1,8,0.125,0.8179787774,7.533033E-17,0.866021,0.944524884
670060,-2.064653791,-1.44305488,-2.112849574,-2.299852177,-1.3029158,-1.980938182,-2.116777802,-1.506819647,1,1,1,1,1,1,1,1,8,0.125,-1.853482732,7.533033E-17,0.866021,-2.140227364
670062,,,,,,,,,0,0,0,0,0,0,0,0,0,,,7.533033E-17,0.866021,
670067,1.5777071423,1.5776682088,1.6495079648,0.7686551275,1.6690784566,1.904548463,1.6647544446,2.0565446049,1,1,1,1,1,1,1,1,8,0.125,1.6085580516,7.533033E-17,0.866021,1.8574114012
670068,-0.243473324,0.5707605124,-0.231670805,-1.277016409,-0.312251048,-0.038194859,0.7193713829,0.5293884968,1,1,1,1,1,1,1,1,8,0.125,-0.035385757,7.533033E-17,0.866021,-0.04086014
670069,-0.243473324,0.5707605124,0.70891858,0.7686551275,-0.312251048,0.9331768019,0.7193713829,1.5474925688,1,1,1,1,1,1,1,1,8,0.125,0.5865813251,7.533033E-17,0.866021,0.6773288909
670071,1.5777071423,1.5776682088,1.6495079648,0.7686551275,0.6784137042,0.9331768019,1.6647544446,1.0384405328,1,1,1,1,1,1,1,1,8,0.125,1.2360404909,7.533033E-17,0.866021,1.4272631925
670073,0.6671169089,0.5707605124,0.70891858,0.7686551275,1.6690784566,0.9331768019,1.6647544446,2.0565446049,1,1,1,1,1,1,1,1,8,0.125,1.1298756796,7.533033E-17,0.866021,1.3046740633
670075,0.6671169089,0.5707605124,-0.231670805,0.7686551275,-0.312251048,0.9331768019,0.7193713829,1.0384405328,1,1,1,1,1,1,1,1,8,0.125,0.5191999267,7.533033E-17,0.866021,0.5995231956
670076,1.5777071423,1.5776682088,1.6495079648,1.7914908957,0.6784137042,1.904548463,1.6647544446,2.0565446049,1,1,1,1,1,1,1,1,8,0.125,1.6125794285,7.533033E-17,0.866021,1.8620549087
670077,-0.243473324,-0.436147184,-0.231670805,0.7686551275,0.6784137042,0.9331768019,1.1920629137,1.0384405328,1,1,1,1,1,1,1,1,8,0.125,0.4624322209,7.533033E-17,0.866021,0.5339731933
670078,0.6671169089,1.5776682088,1.6495079648,0.7686551275,-1.3029158,0.9331768019,0.7193713829,0.5293884968,1,1,1,1,1,1,1,1,8,0.125,0.6927461364,7.533033E-17,0.866021,0.7999180201
670080,-0.243473324,-0.436147184,-0.231670805,0.7686551275,0.6784137042,0.9331768019,0.2466798521,1.0384405328,1,1,1,1,1,1,1,1,8,0.125,0.3442593382,7.533033E-17,0.866021,0.3975182736
670082,-0.243473324,0.5707605124,-0.231670805,-0.254180641,-0.312251048,0.9331768019,0.7193713829,0.5293884968,1,1,1,1,1,1,1,1,8,0.125,0.213890172,7.533033E-17,0.866021,0.2469802341
670085,-0.243473324,-0.436147184,-0.231670805,-0.254180641,0.6784137042,0.9331768019,0.7193713829,0.5293884968,1,1,1,1,1,1,1,1,8,0.125,0.211859804,7.533033E-17,0.866021,0.2446357562
670088,0.6671169089,0.5707605124,-0.231670805,-0.254180641,0.6784137042,0.9331768019,1.1920629137,1.0384405328,1,1,1,1,1,1,1,1,8,0.125,0.5742649911,7.533033E-17,0.866021,0.6631071478
670090,,,,,,,,,0,0,0,0,0,0,0,0,0,,,7.533033E-17,0.866021,
670093,,,,,,,,,0,0,0,0,0,0,0,0,0,,,7.533033E-17,0.866021,
670098,0.6671169089,0.5707605124,-0.231670805,-0.254180641,-0.312251048,0.9331768019,0.7193713829,1.0384405328,1,1,1,1,1,1,1,1,8,0.125,0.3913454557,7.533033E-17,0.866021,0.4518888892
670102,,,,,,,,,0,0,0,0,0,0,0,0,0,,,7.533033E-17,0.866021,
670103,-0.243473324,-1.44305488,0.70891858,-0.254180641,0.6784137042,-1.00956652,0.2466798521,1.0384405328,1,1,1,1,1,1,1,1,8,0.125,-0.034727837,7.533033E-17,0.866021,-0.040100437
670106,-1.154063558,-1.44305488,-1.17226019,-0.254180641,-1.3029158,-0.038194859,-0.226011679,1.0384405328,1,1,1,1,1,1,1,1,8,0.125,-0.569030134,7.533033E-17,0.866021,-0.657062428
670107,,,,,,,,,0,0,0,0,0,0,0,0,0,,,7.533033E-17,0.866021,
670108,0.6671169089,0.5707605124,0.70891858,0.7686551275,0.6784137042,0.9331768019,1.1920629137,1.0384405328,1,1,1,1,1,1,1,1,8,0.125,0.8196931352,7.533033E-17,0.866021,0.946504463
670109,,,,,,,,,0,0,0,0,0,0,0,0,0,,,7.533033E-17,0.866021,
670112,1.5777071423,1.5776682088,1.6495079648,0.7686551275,1.6690784566,0.9331768019,1.6647544446,1.5474925688,1,1,1,1,1,1,1,1,8,0.125,1.4235050894,7.533033E-17,0.866021,1.6437296622
670120,-1.154063558,-1.44305488,-1.17226019,-1.277016409,-1.3029158,-1.00956652,-1.17139474,-0.488715575,1,1,1,1,1,1,1,1,8,0.125,-1.127373459,7.533033E-17,0.866021,-1.301784735
670122,0.6671169089,-0.436147184,0.70891858,-0.254180641,0.6784137042,0.9331768019,1.1920629137,1.5474925688,1,1,1,1,1,1,1,1,8,0.125,0.6296067066,7.533033E-17,0.866021,0.7270105508
670124,,,,,,,,,0,0,0,0,0,0,0,0,0,,,7.533033E-17,0.866021,
670128,1.5777071423,1.5776682088,1.6495079648,0.7686551275,0.6784137042,0.9331768019,1.6647544446,2.0565446049,1,1,1,1,1,1,1,1,8,0.125,1.3633034999,7.533033E-17,0.866021,1.5742145342
670131,,,,,,,,,0,0,0,0,0,0,0,0,0,,,7.533033E-17,0.866021,
670132,,,,,,,,,0,0,0,0,0,0,0,0,0,,,7.533033E-17,0.866021,
670134,,,,,,,,,0,0,0,0,0,0,0,0,0,,,7.533033E-17,0.866021,
670136,,,,,,,,,0,0,0,0,0,0,0,0,0,,,7.533033E-17,0.866021,
670143,,,,,,,,,0,0,0,0,0,0,0,0,0,,,7.533033E-17,0.866021,
670259,,,,,,,,,0,0,0,0,0,0,0,0,0,,,7.533033E-17,0.866021,
670260,0.6671169089,0.5707605124,0.70891858,-0.254180641,0.6784137042,0.9331768019,1.1920629137,1.0384405328,1,1,1,1,1,1,1,1,8,0.125,0.6918386642,7.533033E-17,0.866021,0.7988701566
670265,-0.243473324,0.5707605124,0.70891858,-0.254180641,-0.312251048,-1.00956652,0.7193713829,1.0384405328,1,1,1,1,1,1,1,1,8,0.125,0.1522524343,7.533033E-17,0.866021,0.1758067774
670266,,,,,,,,,0,0,0,0,0,0,0,0,0,,,7.533033E-17,0.866021,
670267,,,,,,,,,0,0,0,0,0,0,0,0,0,,,7.533033E-17,0.866021,
670280,,,,,,,,,0,0,0,0,0,0,0,0,0,,,7.533033E-17,0.866021,
670285,,,,,,,,,0,0,0,0,0,0,0,0,0,,,7.533033E-17,0.866021,
670300,1.5777071423,0.5707605124,0.70891858,0.7686551275,0.6784137042,0.9331768019,1.6647544446,1.5474925688,1,1,1,1,1,1,1,1,8,0.125,1.0562348602,7.533033E-17,0.866021,1.219640578
670309,-2.064653791,-1.44305488,-0.231670805,-1.277016409,-0.312251048,-1.00956652,-0.69870321,0.0203364607,1,1,1,1,1,1,1,1,8,0.125,-0.877072525,7.533033E-17,0.866021,-1.012760781
670314,,,,,,,,,0,0,0,0,0,0,0,0,0,,,7.533033E-17,0.866021,
670322,,,,,,,,,0,0,0,0,0,0,0,0,0,,,7.533033E-17,0.866021,
671300,,,,,,,,,0,0,0,0,0,0,0,0,0,,,7.533033E-17,0.866021,
671301,,,,,,,,,0,0,0,0,0,0,0,0,0,,,7.533033E-17,0.866021,
